x,y,z,t
-0.026000000536441803,-0.009999999776482582,1.0130000114440918,1773948826.994
-0.024000000208616257,-0.008999999612569809,1.0180000066757202,1773948827.012
-0.023000000044703484,-0.009999999776482582,1.0190000534057617,1773948827.032
-0.02199999988079071,-0.012000000104308128,1.0140000581741333,1773948827.053
-0.024000000208616257,-0.010999999940395355,1.0130000114440918,1773948827.073
-0.026000000536441803,-0.009999999776482582,1.0130000114440918,1773948826.994
-0.024000000208616257,-0.008999999612569809,1.0180000066757202,1773948827.012
-0.023000000044703484,-0.009999999776482582,1.0190000534057617,1773948827.032
-0.02199999988079071,-0.012000000104308128,1.0140000581741333,1773948827.053
-0.024000000208616257,-0.010999999940395355,1.0130000114440918,1773948827.073
-0.01899999938905239,-0.017000000923871994,1.0140000581741333,1773948827.492
-0.02500000037252903,-0.014999999664723873,1.0119999647140503,1773948827.512
-0.023000000044703484,-0.014999999664723873,1.0119999647140503,1773948827.532
-0.026000000536441803,-0.014000000432133675,1.0180000066757202,1773948827.552
-0.023000000044703484,-0.013000000268220901,1.0149999856948853,1773948827.572
-0.01899999938905239,-0.017000000923871994,1.0140000581741333,1773948827.492
-0.02500000037252903,-0.014999999664723873,1.0119999647140503,1773948827.512
-0.023000000044703484,-0.014999999664723873,1.0119999647140503,1773948827.532
-0.026000000536441803,-0.014000000432133675,1.0180000066757202,1773948827.552
-0.023000000044703484,-0.013000000268220901,1.0149999856948853,1773948827.572
-0.026000000536441803,-0.012000000104308128,1.0119999647140503,1773948828.012
-0.020999999716877937,-0.013000000268220901,1.0130000114440918,1773948828.032
-0.024000000208616257,-0.014000000432133675,1.0180000066757202,1773948828.052
-0.02199999988079071,-0.010999999940395355,1.0160000324249268,1773948828.073
-0.02500000037252903,-0.010999999940395355,1.0140000581741333,1773948828.092
-0.026000000536441803,-0.012000000104308128,1.0119999647140503,1773948828.012
-0.020999999716877937,-0.013000000268220901,1.0130000114440918,1773948828.032
-0.024000000208616257,-0.014000000432133675,1.0180000066757202,1773948828.052
-0.02199999988079071,-0.010999999940395355,1.0160000324249268,1773948828.073
-0.02500000037252903,-0.010999999940395355,1.0140000581741333,1773948828.092
-0.024000000208616257,-0.013000000268220901,1.0130000114440918,1773948828.512
-0.02500000037252903,-0.014000000432133675,1.0140000581741333,1773948828.532
-0.023000000044703484,-0.01600000075995922,1.0190000534057617,1773948828.556
-0.024000000208616257,-0.013000000268220901,1.0169999599456787,1773948828.572
-0.026000000536441803,-0.014000000432133675,1.0180000066757202,1773948828.592
-0.024000000208616257,-0.013000000268220901,1.0130000114440918,1773948828.512
-0.02500000037252903,-0.014000000432133675,1.0140000581741333,1773948828.532
-0.023000000044703484,-0.01600000075995922,1.0190000534057617,1773948828.556
-0.024000000208616257,-0.013000000268220901,1.0169999599456787,1773948828.572
-0.026000000536441803,-0.014000000432133675,1.0180000066757202,1773948828.592
-0.027000000700354576,-0.00800000037997961,1.0149999856948853,1773948829.014
-0.024000000208616257,-0.014000000432133675,1.0119999647140503,1773948829.032
-0.026000000536441803,-0.014000000432133675,1.0119999647140503,1773948829.052
-0.020999999716877937,-0.009999999776482582,1.0190000534057617,1773948829.073
-0.023000000044703484,-0.014999999664723873,1.0210000276565552,1773948829.092
-0.027000000700354576,-0.00800000037997961,1.0149999856948853,1773948829.014
-0.024000000208616257,-0.014000000432133675,1.0119999647140503,1773948829.032
-0.026000000536441803,-0.014000000432133675,1.0119999647140503,1773948829.052
-0.020999999716877937,-0.009999999776482582,1.0190000534057617,1773948829.073
-0.023000000044703484,-0.014999999664723873,1.0210000276565552,1773948829.092
-0.02500000037252903,-0.01600000075995922,1.0140000581741333,1773948829.516
-0.019999999552965164,-0.014000000432133675,1.0160000324249268,1773948829.532
-0.01899999938905239,-0.013000000268220901,1.0149999856948853,1773948829.552
-0.023000000044703484,-0.017000000923871994,1.0149999856948853,1773948829.572
-0.020999999716877937,-0.010999999940395355,1.0140000581741333,1773948829.592
-0.02500000037252903,-0.01600000075995922,1.0140000581741333,1773948829.516
-0.019999999552965164,-0.014000000432133675,1.0160000324249268,1773948829.532
-0.01899999938905239,-0.013000000268220901,1.0149999856948853,1773948829.552
-0.023000000044703484,-0.017000000923871994,1.0149999856948853,1773948829.572
-0.020999999716877937,-0.010999999940395355,1.0140000581741333,1773948829.592
-0.02500000037252903,-0.01600000075995922,1.0140000581741333,1773948829.516
-0.019999999552965164,-0.014000000432133675,1.0160000324249268,1773948829.532
-0.01899999938905239,-0.013000000268220901,1.0149999856948853,1773948829.552
-0.023000000044703484,-0.017000000923871994,1.0149999856948853,1773948829.572
-0.020999999716877937,-0.010999999940395355,1.0140000581741333,1773948829.592
-0.023000000044703484,-0.012000000104308128,1.0190000534057617,1773948830.032
-0.02500000037252903,-0.009999999776482582,1.0199999809265137,1773948830.052
-0.02500000037252903,-0.012000000104308128,1.0119999647140503,1773948830.073
-0.019999999552965164,-0.010999999940395355,1.0190000534057617,1773948830.092
-0.024000000208616257,-0.013000000268220901,1.0119999647140503,1773948830.115
-0.023000000044703484,-0.012000000104308128,1.0190000534057617,1773948830.032
-0.02500000037252903,-0.009999999776482582,1.0199999809265137,1773948830.052
-0.02500000037252903,-0.012000000104308128,1.0119999647140503,1773948830.073
-0.019999999552965164,-0.010999999940395355,1.0190000534057617,1773948830.092
-0.024000000208616257,-0.013000000268220901,1.0119999647140503,1773948830.115
-0.023000000044703484,-0.010999999940395355,1.0130000114440918,1773948830.532
-0.02199999988079071,-0.014000000432133675,1.0149999856948853,1773948830.552
-0.019999999552965164,-0.013000000268220901,1.0119999647140503,1773948830.572
-0.026000000536441803,-0.010999999940395355,1.0190000534057617,1773948830.592
-0.02199999988079071,-0.009999999776482582,1.0160000324249268,1773948830.613
-0.023000000044703484,-0.010999999940395355,1.0130000114440918,1773948830.532
-0.02199999988079071,-0.014000000432133675,1.0149999856948853,1773948830.552
-0.019999999552965164,-0.013000000268220901,1.0119999647140503,1773948830.572
-0.026000000536441803,-0.010999999940395355,1.0190000534057617,1773948830.592
-0.02199999988079071,-0.009999999776482582,1.0160000324249268,1773948830.613
-0.023000000044703484,-0.010999999940395355,1.0130000114440918,1773948830.532
-0.02199999988079071,-0.014000000432133675,1.0149999856948853,1773948830.552
-0.019999999552965164,-0.013000000268220901,1.0119999647140503,1773948830.572
-0.026000000536441803,-0.010999999940395355,1.0190000534057617,1773948830.592
-0.02199999988079071,-0.009999999776482582,1.0160000324249268,1773948830.613
-0.024000000208616257,-0.012000000104308128,1.0199999809265137,1773948831.032
-0.023000000044703484,-0.014999999664723873,1.0119999647140503,1773948831.052
-0.026000000536441803,-0.010999999940395355,1.0119999647140503,1773948831.073
-0.02500000037252903,-0.014000000432133675,1.0149999856948853,1773948831.093
-0.020999999716877937,-0.010999999940395355,1.0180000066757202,1773948831.112
-0.024000000208616257,-0.012000000104308128,1.0199999809265137,1773948831.032
-0.023000000044703484,-0.014999999664723873,1.0119999647140503,1773948831.052
-0.026000000536441803,-0.010999999940395355,1.0119999647140503,1773948831.073
-0.02500000037252903,-0.014000000432133675,1.0149999856948853,1773948831.093
-0.020999999716877937,-0.010999999940395355,1.0180000066757202,1773948831.112
-0.0,0.003000000026077032,1.0399999618530273,1773948831.532
-0.026000000536441803,-0.02800000086426735,1.003999948501587,1773948831.552
-0.03700000047683716,-0.050999999046325684,1.0379999876022339,1773948831.572
-0.004999999888241291,0.05299999937415123,0.9819999933242798,1773948831.592
-0.01600000075995922,0.0010000000474974513,1.0210000276565552,1773948831.612
-0.0,0.003000000026077032,1.0399999618530273,1773948831.532
-0.026000000536441803,-0.02800000086426735,1.003999948501587,1773948831.552
-0.03700000047683716,-0.050999999046325684,1.0379999876022339,1773948831.572
-0.004999999888241291,0.05299999937415123,0.9819999933242798,1773948831.592
-0.01600000075995922,0.0010000000474974513,1.0210000276565552,1773948831.612
-0.04100000113248825,0.04100000113248825,1.2710000276565552,1773948832.053
-0.00800000037997961,0.03700000047683716,0.8629999756813049,1773948832.073
-0.039000000804662704,0.0820000022649765,0.9940000176429749,1773948832.092
-0.05700000002980232,0.03700000047683716,0.968999981880188,1773948832.112
0.02500000037252903,0.03700000047683716,1.1490000486373901,1773948832.132
-0.04100000113248825,0.04100000113248825,1.2710000276565552,1773948832.053
-0.00800000037997961,0.03700000047683716,0.8629999756813049,1773948832.073
-0.039000000804662704,0.0820000022649765,0.9940000176429749,1773948832.092
-0.05700000002980232,0.03700000047683716,0.968999981880188,1773948832.112
0.02500000037252903,0.03700000047683716,1.1490000486373901,1773948832.132
-0.017999999225139618,-0.06800000369548798,1.090999960899353,1773948832.552
-0.061000000685453415,-0.05900000035762787,1.0360000133514404,1773948832.572
0.019999999552965164,-0.01600000075995922,0.7739999890327454,1773948832.594
0.061000000685453415,0.04899999871850014,1.1399999856948853,1773948832.612
-0.052000001072883606,-0.020999999716877937,1.1640000343322754,1773948832.632
-0.017999999225139618,-0.06800000369548798,1.090999960899353,1773948832.552
-0.061000000685453415,-0.05900000035762787,1.0360000133514404,1773948832.572
0.019999999552965164,-0.01600000075995922,0.7739999890327454,1773948832.594
0.061000000685453415,0.04899999871850014,1.1399999856948853,1773948832.612
-0.052000001072883606,-0.020999999716877937,1.1640000343322754,1773948832.632
-0.017999999225139618,-0.06800000369548798,1.090999960899353,1773948832.552
-0.061000000685453415,-0.05900000035762787,1.0360000133514404,1773948832.572
0.019999999552965164,-0.01600000075995922,0.7739999890327454,1773948832.594
0.061000000685453415,0.04899999871850014,1.1399999856948853,1773948832.612
-0.052000001072883606,-0.020999999716877937,1.1640000343322754,1773948832.632
-0.0560000017285347,-0.0689999982714653,0.8180000185966492,1773948833.052
-0.04500000178813934,-0.23600000143051147,1.2120000123977661,1773948833.073
-0.07199999690055847,-0.029999999329447746,0.8930000066757202,1773948833.092
0.04600000008940697,-0.16500000655651093,1.2730000019073486,1773948833.112
-0.014000000432133675,-0.1340000033378601,0.8600000143051147,1773948833.132
-0.0560000017285347,-0.0689999982714653,0.8180000185966492,1773948833.052
-0.04500000178813934,-0.23600000143051147,1.2120000123977661,1773948833.073
-0.07199999690055847,-0.029999999329447746,0.8930000066757202,1773948833.092
0.04600000008940697,-0.16500000655651093,1.2730000019073486,1773948833.112
-0.014000000432133675,-0.1340000033378601,0.8600000143051147,1773948833.132
0.02199999988079071,0.10899999737739563,1.0479999780654907,1773948833.552
-0.04500000178813934,0.019999999552965164,0.9589999914169312,1773948833.572
-0.07999999821186066,0.050999999046325684,1.0,1773948833.592
0.026000000536441803,0.052000001072883606,1.0759999752044678,1773948833.612
0.04600000008940697,-0.00800000037997961,1.0609999895095825,1773948833.632
0.02199999988079071,0.10899999737739563,1.0479999780654907,1773948833.552
-0.04500000178813934,0.019999999552965164,0.9589999914169312,1773948833.572
-0.07999999821186066,0.050999999046325684,1.0,1773948833.592
0.026000000536441803,0.052000001072883606,1.0759999752044678,1773948833.612
0.04600000008940697,-0.00800000037997961,1.0609999895095825,1773948833.632
0.02199999988079071,0.10899999737739563,1.0479999780654907,1773948833.552
-0.04500000178813934,0.019999999552965164,0.9589999914169312,1773948833.572
-0.07999999821186066,0.050999999046325684,1.0,1773948833.592
0.026000000536441803,0.052000001072883606,1.0759999752044678,1773948833.612
0.04600000008940697,-0.00800000037997961,1.0609999895095825,1773948833.632
-0.10199999809265137,-0.009999999776482582,1.0609999895095825,1773948834.074
-0.1120000034570694,-0.03200000151991844,1.1920000314712524,1773948834.093
0.026000000536441803,0.11599999666213989,0.7390000224113464,1773948834.113
0.07000000029802322,0.054999999701976776,1.2359999418258667,1773948834.132
0.007000000216066837,0.08699999749660492,0.9169999957084656,1773948834.152
-0.10199999809265137,-0.009999999776482582,1.0609999895095825,1773948834.074
-0.1120000034570694,-0.03200000151991844,1.1920000314712524,1773948834.093
0.026000000536441803,0.11599999666213989,0.7390000224113464,1773948834.113
0.07000000029802322,0.054999999701976776,1.2359999418258667,1773948834.132
0.007000000216066837,0.08699999749660492,0.9169999957084656,1773948834.152
0.0560000017285347,0.05299999937415123,0.796999990940094,1773948834.572
-0.004999999888241291,-0.054999999701976776,1.125,1773948834.592
0.004000000189989805,-0.03400000184774399,0.9070000052452087,1773948834.612
-0.10899999737739563,-0.026000000536441803,1.027999997138977,1773948834.632
-0.09600000083446503,0.03400000184774399,1.1349999904632568,1773948834.652
0.0560000017285347,0.05299999937415123,0.796999990940094,1773948834.572
-0.004999999888241291,-0.054999999701976776,1.125,1773948834.592
0.004000000189989805,-0.03400000184774399,0.9070000052452087,1773948834.612
-0.10899999737739563,-0.026000000536441803,1.027999997138977,1773948834.632
-0.09600000083446503,0.03400000184774399,1.1349999904632568,1773948834.652
-0.0729999989271164,0.04600000008940697,1.2039999961853027,1773948835.073
0.0560000017285347,-0.017000000923871994,0.8500000238418579,1773948835.092
-0.04500000178813934,-0.0010000000474974513,1.1169999837875366,1773948835.116
0.020999999716877937,-0.050999999046325684,0.9909999966621399,1773948835.132
0.01600000075995922,0.04100000113248825,0.8109999895095825,1773948835.156
-0.04399999976158142,-0.008999999612569809,0.9079999923706055,1773948835.574
-0.07800000160932541,0.04600000008940697,1.1030000448226929,1773948835.592
0.017000000923871994,0.013000000268220901,0.9470000267028809,1773948835.612
-0.02199999988079071,0.00800000037997961,1.0670000314712524,1773948835.635
0.032999999821186066,-0.04500000178813934,1.031999945640564,1773948835.652
-0.04399999976158142,-0.008999999612569809,0.9079999923706055,1773948835.574
-0.07800000160932541,0.04600000008940697,1.1030000448226929,1773948835.592
0.017000000923871994,0.013000000268220901,0.9470000267028809,1773948835.612
-0.02199999988079071,0.00800000037997961,1.0670000314712524,1773948835.635
0.032999999821186066,-0.04500000178813934,1.031999945640564,1773948835.652
-0.04399999976158142,-0.008999999612569809,0.9079999923706055,1773948835.574
-0.07800000160932541,0.04600000008940697,1.1030000448226929,1773948835.592
0.017000000923871994,0.013000000268220901,0.9470000267028809,1773948835.612
-0.02199999988079071,0.00800000037997961,1.0670000314712524,1773948835.635
0.032999999821186066,-0.04500000178813934,1.031999945640564,1773948835.652
-0.07999999821186066,0.010999999940395355,1.3990000486373901,1773948836.092
0.028999999165534973,-0.017000000923871994,0.9079999923706055,1773948836.112
0.04100000113248825,0.03400000184774399,0.875,1773948836.132
-0.03099999949336052,-0.026000000536441803,1.1920000314712524,1773948836.152
-0.020999999716877937,-0.039000000804662704,0.8989999890327454,1773948836.175
-0.07999999821186066,0.010999999940395355,1.3990000486373901,1773948836.092
0.028999999165534973,-0.017000000923871994,0.9079999923706055,1773948836.112
0.04100000113248825,0.03400000184774399,0.875,1773948836.132
-0.03099999949336052,-0.026000000536441803,1.1920000314712524,1773948836.152
-0.020999999716877937,-0.039000000804662704,0.8989999890327454,1773948836.175
-0.11100000143051147,-0.10000000149011612,0.7860000133514404,1773948836.592
-0.004999999888241291,-0.10899999737739563,1.1469999551773071,1773948836.612
0.0689999982714653,-0.05900000035762787,1.0010000467300415,1773948836.632
-0.023000000044703484,-0.06700000166893005,0.9359999895095825,1773948836.652
-0.0020000000949949026,-0.06499999761581421,1.069000005722046,1773948836.673
-0.11100000143051147,-0.10000000149011612,0.7860000133514404,1773948836.592
-0.004999999888241291,-0.10899999737739563,1.1469999551773071,1773948836.612
0.0689999982714653,-0.05900000035762787,1.0010000467300415,1773948836.632
-0.023000000044703484,-0.06700000166893005,0.9359999895095825,1773948836.652
-0.0020000000949949026,-0.06499999761581421,1.069000005722046,1773948836.673
-0.11100000143051147,-0.10000000149011612,0.7860000133514404,1773948836.592
-0.004999999888241291,-0.10899999737739563,1.1469999551773071,1773948836.612
0.0689999982714653,-0.05900000035762787,1.0010000467300415,1773948836.632
-0.023000000044703484,-0.06700000166893005,0.9359999895095825,1773948836.652
-0.0020000000949949026,-0.06499999761581421,1.069000005722046,1773948836.673
-0.008999999612569809,-0.03700000047683716,1.0140000581741333,1773948837.112
-0.04500000178813934,-0.010999999940395355,1.0390000343322754,1773948837.132
-0.010999999940395355,0.04100000113248825,0.9959999918937683,1773948837.152
0.003000000026077032,0.019999999552965164,1.0420000553131104,1773948837.172
-0.012000000104308128,0.017999999225139618,0.9959999918937683,1773948837.192
-0.008999999612569809,-0.03700000047683716,1.0140000581741333,1773948837.112
-0.04500000178813934,-0.010999999940395355,1.0390000343322754,1773948837.132
-0.010999999940395355,0.04100000113248825,0.9959999918937683,1773948837.152
0.003000000026077032,0.019999999552965164,1.0420000553131104,1773948837.172
-0.012000000104308128,0.017999999225139618,0.9959999918937683,1773948837.192
0.003000000026077032,0.04399999976158142,0.9980000257492065,1773948837.612
0.032999999821186066,0.029999999329447746,1.0440000295639038,1773948837.632
-0.012000000104308128,0.0430000014603138,0.984000027179718,1773948837.652
-0.06400000303983688,0.039000000804662704,1.0240000486373901,1773948837.673
-0.03099999949336052,-0.07800000160932541,1.00600004196167,1773948837.692
0.003000000026077032,0.04399999976158142,0.9980000257492065,1773948837.612
0.032999999821186066,0.029999999329447746,1.0440000295639038,1773948837.632
-0.012000000104308128,0.0430000014603138,0.984000027179718,1773948837.652
-0.06400000303983688,0.039000000804662704,1.0240000486373901,1773948837.673
-0.03099999949336052,-0.07800000160932541,1.00600004196167,1773948837.692
0.003000000026077032,0.04399999976158142,0.9980000257492065,1773948837.612
0.032999999821186066,0.029999999329447746,1.0440000295639038,1773948837.632
-0.012000000104308128,0.0430000014603138,0.984000027179718,1773948837.652
-0.06400000303983688,0.039000000804662704,1.0240000486373901,1773948837.673
-0.03099999949336052,-0.07800000160932541,1.00600004196167,1773948837.692
0.01899999938905239,0.0010000000474974513,1.0080000162124634,1773948838.132
-0.01600000075995922,0.029999999329447746,1.0299999713897705,1773948838.152
0.008999999612569809,0.03500000014901161,1.0049999952316284,1773948838.172
-0.02199999988079071,0.020999999716877937,1.0140000581741333,1773948838.192
-0.03999999910593033,0.0010000000474974513,1.0290000438690186,1773948838.212
0.01899999938905239,0.0010000000474974513,1.0080000162124634,1773948838.132
-0.01600000075995922,0.029999999329447746,1.0299999713897705,1773948838.152
0.008999999612569809,0.03500000014901161,1.0049999952316284,1773948838.172
-0.02199999988079071,0.020999999716877937,1.0140000581741333,1773948838.192
-0.03999999910593033,0.0010000000474974513,1.0290000438690186,1773948838.212
0.01899999938905239,0.0010000000474974513,1.0080000162124634,1773948838.132
-0.01600000075995922,0.029999999329447746,1.0299999713897705,1773948838.152
0.008999999612569809,0.03500000014901161,1.0049999952316284,1773948838.172
-0.02199999988079071,0.020999999716877937,1.0140000581741333,1773948838.192
-0.03999999910593033,0.0010000000474974513,1.0290000438690186,1773948838.212
-0.02800000086426735,-0.024000000208616257,1.027999997138977,1773948838.632
-0.04500000178813934,-0.01600000075995922,1.003000020980835,1773948838.652
0.03200000151991844,-0.019999999552965164,1.0199999809265137,1773948838.673
-0.03200000151991844,0.004999999888241291,1.0110000371932983,1773948838.692
-0.009999999776482582,-0.008999999612569809,1.0149999856948853,1773948838.714
-0.02800000086426735,-0.024000000208616257,1.027999997138977,1773948838.632
-0.04500000178813934,-0.01600000075995922,1.003000020980835,1773948838.652
0.03200000151991844,-0.019999999552965164,1.0199999809265137,1773948838.673
-0.03200000151991844,0.004999999888241291,1.0110000371932983,1773948838.692
-0.009999999776482582,-0.008999999612569809,1.0149999856948853,1773948838.714
-0.00800000037997961,0.24500000476837158,1.003999948501587,1773948839.152
-0.0560000017285347,0.16500000655651093,1.0570000410079956,1773948839.172
-0.03500000014901161,0.1509999930858612,0.9369999766349792,1773948839.192
0.03400000184774399,0.12800000607967377,1.1080000400543213,1773948839.212
-0.012000000104308128,0.05700000002980232,0.9309999942779541,1773948839.232
-0.00800000037997961,0.24500000476837158,1.003999948501587,1773948839.152
-0.0560000017285347,0.16500000655651093,1.0570000410079956,1773948839.172
-0.03500000014901161,0.1509999930858612,0.9369999766349792,1773948839.192
0.03400000184774399,0.12800000607967377,1.1080000400543213,1773948839.212
-0.012000000104308128,0.05700000002980232,0.9309999942779541,1773948839.232
-0.00800000037997961,0.24500000476837158,1.003999948501587,1773948839.152
-0.0560000017285347,0.16500000655651093,1.0570000410079956,1773948839.172
-0.03500000014901161,0.1509999930858612,0.9369999766349792,1773948839.192
0.03400000184774399,0.12800000607967377,1.1080000400543213,1773948839.212
-0.012000000104308128,0.05700000002980232,0.9309999942779541,1773948839.232
-0.06199999898672104,-0.027000000700354576,0.9850000143051147,1773948839.652
-0.010999999940395355,0.050999999046325684,0.9390000104904175,1773948839.673
-0.007000000216066837,0.057999998331069946,1.3140000104904175,1773948839.692
0.061000000685453415,-0.017000000923871994,0.8090000152587891,1773948839.713
0.0020000000949949026,0.0020000000949949026,1.1100000143051147,1773948839.732
-0.06199999898672104,-0.027000000700354576,0.9850000143051147,1773948839.652
-0.010999999940395355,0.050999999046325684,0.9390000104904175,1773948839.673
-0.007000000216066837,0.057999998331069946,1.3140000104904175,1773948839.692
0.061000000685453415,-0.017000000923871994,0.8090000152587891,1773948839.713
0.0020000000949949026,0.0020000000949949026,1.1100000143051147,1773948839.732
0.017999999225139618,-0.11800000071525574,0.9879999756813049,1773948840.172
-0.024000000208616257,-0.10400000214576721,1.0420000553131104,1773948840.192
-0.017999999225139618,-0.11900000274181366,0.9829999804496765,1773948840.212
-0.014000000432133675,-0.07500000298023224,1.0329999923706055,1773948840.232
-0.03400000184774399,-0.10300000011920929,1.0379999876022339,1773948840.252
0.017999999225139618,-0.11800000071525574,0.9879999756813049,1773948840.172
-0.024000000208616257,-0.10400000214576721,1.0420000553131104,1773948840.192
-0.017999999225139618,-0.11900000274181366,0.9829999804496765,1773948840.212
-0.014000000432133675,-0.07500000298023224,1.0329999923706055,1773948840.232
-0.03400000184774399,-0.10300000011920929,1.0379999876022339,1773948840.252
-0.024000000208616257,-0.013000000268220901,1.0169999599456787,1773948840.673
0.017999999225139618,-0.01899999938905239,1.0119999647140503,1773948840.692
-0.004000000189989805,-0.008999999612569809,1.0119999647140503,1773948840.72
-0.008999999612569809,0.0010000000474974513,1.0049999952316284,1773948840.732
-0.035999998450279236,-0.0020000000949949026,1.0180000066757202,1773948840.752
-0.024000000208616257,-0.013000000268220901,1.0169999599456787,1773948840.673
0.017999999225139618,-0.01899999938905239,1.0119999647140503,1773948840.692
-0.004000000189989805,-0.008999999612569809,1.0119999647140503,1773948840.72
-0.008999999612569809,0.0010000000474974513,1.0049999952316284,1773948840.732
-0.035999998450279236,-0.0020000000949949026,1.0180000066757202,1773948840.752
0.008999999612569809,-0.04699999839067459,1.0119999647140503,1773948841.192
-0.08900000154972076,0.023000000044703484,1.0369999408721924,1773948841.212
-0.017999999225139618,0.014000000432133675,1.034000039100647,1773948841.232
-0.017999999225139618,-0.014999999664723873,0.972000002861023,1773948841.252
-0.028999999165534973,-0.014999999664723873,1.0809999704360962,1773948841.273
0.008999999612569809,-0.04699999839067459,1.0119999647140503,1773948841.192
-0.08900000154972076,0.023000000044703484,1.0369999408721924,1773948841.212
-0.017999999225139618,0.014000000432133675,1.034000039100647,1773948841.232
-0.017999999225139618,-0.014999999664723873,0.972000002861023,1773948841.252
-0.028999999165534973,-0.014999999664723873,1.0809999704360962,1773948841.273
0.012000000104308128,0.003000000026077032,1.031000018119812,1773948841.692
-0.024000000208616257,0.014999999664723873,1.0240000486373901,1773948841.712
0.07199999690055847,-0.009999999776482582,1.0210000276565552,1773948841.732
0.08799999952316284,-0.019999999552965164,1.0180000066757202,1773948841.752
0.04699999839067459,-0.03200000151991844,1.003000020980835,1773948841.772
0.012000000104308128,0.003000000026077032,1.031000018119812,1773948841.692
-0.024000000208616257,0.014999999664723873,1.0240000486373901,1773948841.712
0.07199999690055847,-0.009999999776482582,1.0210000276565552,1773948841.732
0.08799999952316284,-0.019999999552965164,1.0180000066757202,1773948841.752
0.04699999839067459,-0.03200000151991844,1.003000020980835,1773948841.772
0.012000000104308128,0.003000000026077032,1.031000018119812,1773948841.692
-0.024000000208616257,0.014999999664723873,1.0240000486373901,1773948841.712
0.07199999690055847,-0.009999999776482582,1.0210000276565552,1773948841.732
0.08799999952316284,-0.019999999552965164,1.0180000066757202,1773948841.752
0.04699999839067459,-0.03200000151991844,1.003000020980835,1773948841.772
0.012000000104308128,0.003000000026077032,1.031000018119812,1773948841.692
-0.024000000208616257,0.014999999664723873,1.0240000486373901,1773948841.712
0.07199999690055847,-0.009999999776482582,1.0210000276565552,1773948841.732
0.08799999952316284,-0.019999999552965164,1.0180000066757202,1773948841.752
0.04699999839067459,-0.03200000151991844,1.003000020980835,1773948841.772
-0.0020000000949949026,-0.03500000014901161,0.9860000014305115,1773948842.213
0.007000000216066837,-0.012000000104308128,1.0140000581741333,1773948842.232
-0.04399999976158142,0.039000000804662704,1.0240000486373901,1773948842.252
-0.02800000086426735,-0.004000000189989805,1.0110000371932983,1773948842.273
-0.017000000923871994,-0.03799999877810478,1.0119999647140503,1773948842.292
-0.0020000000949949026,-0.03500000014901161,0.9860000014305115,1773948842.213
0.007000000216066837,-0.012000000104308128,1.0140000581741333,1773948842.232
-0.04399999976158142,0.039000000804662704,1.0240000486373901,1773948842.252
-0.02800000086426735,-0.004000000189989805,1.0110000371932983,1773948842.273
-0.017000000923871994,-0.03799999877810478,1.0119999647140503,1773948842.292
-0.012000000104308128,-0.01600000075995922,1.0110000371932983,1773948842.712
-0.017999999225139618,-0.007000000216066837,1.0140000581741333,1773948842.732
-0.008999999612569809,-0.01600000075995922,1.0130000114440918,1773948842.752
-0.008999999612569809,-0.014999999664723873,1.0180000066757202,1773948842.772
-0.019999999552965164,-0.014999999664723873,1.0080000162124634,1773948842.792
-0.012000000104308128,-0.01600000075995922,1.0110000371932983,1773948842.712
-0.017999999225139618,-0.007000000216066837,1.0140000581741333,1773948842.732
-0.008999999612569809,-0.01600000075995922,1.0130000114440918,1773948842.752
-0.008999999612569809,-0.014999999664723873,1.0180000066757202,1773948842.772
-0.019999999552965164,-0.014999999664723873,1.0080000162124634,1773948842.792
-0.012000000104308128,-0.01600000075995922,1.0110000371932983,1773948842.712
-0.017999999225139618,-0.007000000216066837,1.0140000581741333,1773948842.732
-0.008999999612569809,-0.01600000075995922,1.0130000114440918,1773948842.752
-0.008999999612569809,-0.014999999664723873,1.0180000066757202,1773948842.772
-0.019999999552965164,-0.014999999664723873,1.0080000162124634,1773948842.792
-0.012000000104308128,-0.01600000075995922,1.0110000371932983,1773948842.712
-0.017999999225139618,-0.007000000216066837,1.0140000581741333,1773948842.732
-0.008999999612569809,-0.01600000075995922,1.0130000114440918,1773948842.752
-0.008999999612569809,-0.014999999664723873,1.0180000066757202,1773948842.772
-0.019999999552965164,-0.014999999664723873,1.0080000162124634,1773948842.792
-0.009999999776482582,-0.014999999664723873,1.0149999856948853,1773948843.233
-0.013000000268220901,-0.014999999664723873,1.0119999647140503,1773948843.252
-0.012000000104308128,-0.01600000075995922,1.0140000581741333,1773948843.272
-0.012000000104308128,-0.014000000432133675,1.0169999599456787,1773948843.292
-0.014999999664723873,-0.012000000104308128,1.0180000066757202,1773948843.312
-0.009999999776482582,-0.014999999664723873,1.0149999856948853,1773948843.233
-0.013000000268220901,-0.014999999664723873,1.0119999647140503,1773948843.252
-0.012000000104308128,-0.01600000075995922,1.0140000581741333,1773948843.272
-0.012000000104308128,-0.014000000432133675,1.0169999599456787,1773948843.292
-0.014999999664723873,-0.012000000104308128,1.0180000066757202,1773948843.312
-0.032999999821186066,-0.023000000044703484,1.0089999437332153,1773948843.732
-0.03099999949336052,-0.028999999165534973,1.0080000162124634,1773948843.752
0.0020000000949949026,-0.007000000216066837,0.9959999918937683,1773948843.775
-0.01600000075995922,-0.006000000052154064,1.055999994277954,1773948843.792
-0.03400000184774399,-0.006000000052154064,0.9819999933242798,1773948843.812
-0.032999999821186066,-0.023000000044703484,1.0089999437332153,1773948843.732
-0.03099999949336052,-0.028999999165534973,1.0080000162124634,1773948843.752
0.0020000000949949026,-0.007000000216066837,0.9959999918937683,1773948843.775
-0.01600000075995922,-0.006000000052154064,1.055999994277954,1773948843.792
-0.03400000184774399,-0.006000000052154064,0.9819999933242798,1773948843.812
-0.032999999821186066,-0.023000000044703484,1.0089999437332153,1773948843.732
-0.03099999949336052,-0.028999999165534973,1.0080000162124634,1773948843.752
0.0020000000949949026,-0.007000000216066837,0.9959999918937683,1773948843.775
-0.01600000075995922,-0.006000000052154064,1.055999994277954,1773948843.792
-0.03400000184774399,-0.006000000052154064,0.9819999933242798,1773948843.812
-0.032999999821186066,-0.023000000044703484,1.0089999437332153,1773948843.732
-0.03099999949336052,-0.028999999165534973,1.0080000162124634,1773948843.752
0.0020000000949949026,-0.007000000216066837,0.9959999918937683,1773948843.775
-0.01600000075995922,-0.006000000052154064,1.055999994277954,1773948843.792
-0.03400000184774399,-0.006000000052154064,0.9819999933242798,1773948843.812
-0.00800000037997961,0.01899999938905239,0.996999979019165,1773948844.252
0.0,0.02500000037252903,1.0299999713897705,1773948844.274
0.0020000000949949026,-0.006000000052154064,1.0290000438690186,1773948844.292
-0.014000000432133675,0.0010000000474974513,0.972000002861023,1773948844.32
0.014999999664723873,0.013000000268220901,1.069000005722046,1773948844.332
-0.00800000037997961,0.01899999938905239,0.996999979019165,1773948844.252
0.0,0.02500000037252903,1.0299999713897705,1773948844.274
0.0020000000949949026,-0.006000000052154064,1.0290000438690186,1773948844.292
-0.014000000432133675,0.0010000000474974513,0.972000002861023,1773948844.32
0.014999999664723873,0.013000000268220901,1.069000005722046,1773948844.332
-0.027000000700354576,0.003000000026077032,1.031999945640564,1773948844.752
-0.057999998331069946,-0.04699999839067459,1.0240000486373901,1773948844.772
-0.014000000432133675,-0.0010000000474974513,0.9599999785423279,1773948844.792
-0.05000000074505806,-0.04100000113248825,1.065999984741211,1773948844.812
-0.012000000104308128,-0.0,0.9879999756813049,1773948844.832
-0.027000000700354576,0.003000000026077032,1.031999945640564,1773948844.752
-0.057999998331069946,-0.04699999839067459,1.0240000486373901,1773948844.772
-0.014000000432133675,-0.0010000000474974513,0.9599999785423279,1773948844.792
-0.05000000074505806,-0.04100000113248825,1.065999984741211,1773948844.812
-0.012000000104308128,-0.0,0.9879999756813049,1773948844.832
-0.027000000700354576,0.003000000026077032,1.031999945640564,1773948844.752
-0.057999998331069946,-0.04699999839067459,1.0240000486373901,1773948844.772
-0.014000000432133675,-0.0010000000474974513,0.9599999785423279,1773948844.792
-0.05000000074505806,-0.04100000113248825,1.065999984741211,1773948844.812
-0.012000000104308128,-0.0,0.9879999756813049,1773948844.832
-0.014999999664723873,-0.023000000044703484,1.024999976158142,1773948845.272
-0.054999999701976776,-0.0729999989271164,1.0329999923706055,1773948845.292
-0.03200000151991844,-0.050999999046325684,0.9350000023841858,1773948845.313
-0.007000000216066837,-0.0020000000949949026,1.090000033378601,1773948845.332
-0.0010000000474974513,0.04399999976158142,1.0230000019073486,1773948845.352
0.003000000026077032,0.024000000208616257,1.0089999437332153,1773948845.78
-0.08799999952316284,0.012000000104308128,1.0190000534057617,1773948845.792
0.014999999664723873,-0.012000000104308128,1.0110000371932983,1773948845.812
0.032999999821186066,-0.024000000208616257,1.031000018119812,1773948845.832
-0.052000001072883606,-0.004000000189989805,1.003999948501587,1773948845.852
0.003000000026077032,0.024000000208616257,1.0089999437332153,1773948845.78
-0.08799999952316284,0.012000000104308128,1.0190000534057617,1773948845.792
0.014999999664723873,-0.012000000104308128,1.0110000371932983,1773948845.812
0.032999999821186066,-0.024000000208616257,1.031000018119812,1773948845.832
-0.052000001072883606,-0.004000000189989805,1.003999948501587,1773948845.852
0.009999999776482582,0.14499999582767487,1.0130000114440918,1773948846.293
-0.013000000268220901,0.11100000143051147,0.9879999756813049,1773948846.312
-0.019999999552965164,0.07699999958276749,1.0509999990463257,1773948846.332
0.028999999165534973,0.04800000041723251,1.0750000476837158,1773948846.353
-0.008999999612569809,0.06599999964237213,0.9919999837875366,1773948846.373
0.009999999776482582,0.14499999582767487,1.0130000114440918,1773948846.293
-0.013000000268220901,0.11100000143051147,0.9879999756813049,1773948846.312
-0.019999999552965164,0.07699999958276749,1.0509999990463257,1773948846.332
0.028999999165534973,0.04800000041723251,1.0750000476837158,1773948846.353
-0.008999999612569809,0.06599999964237213,0.9919999837875366,1773948846.373
-0.024000000208616257,0.08500000089406967,1.1299999952316284,1773948846.794
0.003000000026077032,0.125,0.8840000033378601,1773948846.813
-0.12399999797344208,-0.017999999225139618,1.2020000219345093,1773948846.832
0.09399999678134918,0.16300000250339508,0.7039999961853027,1773948846.855
0.04899999871850014,-0.0860000029206276,1.3680000305175781,1773948846.873
-0.024000000208616257,0.08500000089406967,1.1299999952316284,1773948846.794
0.003000000026077032,0.125,0.8840000033378601,1773948846.813
-0.12399999797344208,-0.017999999225139618,1.2020000219345093,1773948846.832
0.09399999678134918,0.16300000250339508,0.7039999961853027,1773948846.855
0.04899999871850014,-0.0860000029206276,1.3680000305175781,1773948846.873
-0.020999999716877937,0.050999999046325684,0.9359999895095825,1773948847.312
-0.004999999888241291,0.008999999612569809,0.953000009059906,1773948847.334
-0.09700000286102295,0.01600000075995922,1.0180000066757202,1773948847.352
-0.023000000044703484,-0.006000000052154064,1.1449999809265137,1773948847.372
-0.017000000923871994,0.04500000178813934,0.9679999947547913,1773948847.394
-0.020999999716877937,0.050999999046325684,0.9359999895095825,1773948847.312
-0.004999999888241291,0.008999999612569809,0.953000009059906,1773948847.334
-0.09700000286102295,0.01600000075995922,1.0180000066757202,1773948847.352
-0.023000000044703484,-0.006000000052154064,1.1449999809265137,1773948847.372
-0.017000000923871994,0.04500000178813934,0.9679999947547913,1773948847.394
-0.061000000685453415,-0.10899999737739563,1.3609999418258667,1773948847.812
-0.02500000037252903,-0.004000000189989805,0.6690000295639038,1773948847.832
-0.057999998331069946,0.032999999821186066,1.2029999494552612,1773948847.852
-0.050999999046325684,0.01600000075995922,1.1039999723434448,1773948847.874
0.0430000014603138,0.04600000008940697,0.8169999718666077,1773948847.892
-0.061000000685453415,-0.10899999737739563,1.3609999418258667,1773948847.812
-0.02500000037252903,-0.004000000189989805,0.6690000295639038,1773948847.832
-0.057999998331069946,0.032999999821186066,1.2029999494552612,1773948847.852
-0.050999999046325684,0.01600000075995922,1.1039999723434448,1773948847.874
0.0430000014603138,0.04600000008940697,0.8169999718666077,1773948847.892
-0.061000000685453415,-0.10899999737739563,1.3609999418258667,1773948847.812
-0.02500000037252903,-0.004000000189989805,0.6690000295639038,1773948847.832
-0.057999998331069946,0.032999999821186066,1.2029999494552612,1773948847.852
-0.050999999046325684,0.01600000075995922,1.1039999723434448,1773948847.874
0.0430000014603138,0.04600000008940697,0.8169999718666077,1773948847.892
0.08100000023841858,0.003000000026077032,0.828000009059906,1773948848.332
-0.0020000000949949026,-0.027000000700354576,1.0490000247955322,1773948848.355
-0.02800000086426735,-0.05299999937415123,1.1200000047683716,1773948848.372
-0.10199999809265137,0.014999999664723873,0.8389999866485596,1773948848.392
-0.028999999165534973,0.004999999888241291,0.9909999966621399,1773948848.412
0.08100000023841858,0.003000000026077032,0.828000009059906,1773948848.332
-0.0020000000949949026,-0.027000000700354576,1.0490000247955322,1773948848.355
-0.02800000086426735,-0.05299999937415123,1.1200000047683716,1773948848.372
-0.10199999809265137,0.014999999664723873,0.8389999866485596,1773948848.392
-0.028999999165534973,0.004999999888241291,0.9909999966621399,1773948848.412
0.08100000023841858,0.003000000026077032,0.828000009059906,1773948848.332
-0.0020000000949949026,-0.027000000700354576,1.0490000247955322,1773948848.355
-0.02800000086426735,-0.05299999937415123,1.1200000047683716,1773948848.372
-0.10199999809265137,0.014999999664723873,0.8389999866485596,1773948848.392
-0.028999999165534973,0.004999999888241291,0.9909999966621399,1773948848.412
-0.027000000700354576,-0.05299999937415123,0.9629999995231628,1773948848.834
0.05000000074505806,0.004999999888241291,0.9079999923706055,1773948848.852
0.09000000357627869,-0.035999998450279236,1.2009999752044678,1773948848.874
0.03500000014901161,0.003000000026077032,1.059999942779541,1773948848.892
-0.06300000101327896,0.007000000216066837,0.7799999713897705,1773948848.913
-0.027000000700354576,-0.05299999937415123,0.9629999995231628,1773948848.834
0.05000000074505806,0.004999999888241291,0.9079999923706055,1773948848.852
0.09000000357627869,-0.035999998450279236,1.2009999752044678,1773948848.874
0.03500000014901161,0.003000000026077032,1.059999942779541,1773948848.892
-0.06300000101327896,0.007000000216066837,0.7799999713897705,1773948848.913
-0.09600000083446503,-0.10400000214576721,1.3489999771118164,1773948849.352
-0.013000000268220901,-0.01600000075995922,0.6710000038146973,1773948849.372
-0.032999999821186066,-0.10999999940395355,1.378000020980835,1773948849.392
0.16300000250339508,0.07199999690055847,0.875,1773948849.412
-0.057999998331069946,-0.0430000014603138,1.0149999856948853,1773948849.432
-0.09600000083446503,-0.10400000214576721,1.3489999771118164,1773948849.352
-0.013000000268220901,-0.01600000075995922,0.6710000038146973,1773948849.372
-0.032999999821186066,-0.10999999940395355,1.378000020980835,1773948849.392
0.16300000250339508,0.07199999690055847,0.875,1773948849.412
-0.057999998331069946,-0.0430000014603138,1.0149999856948853,1773948849.432
-0.07500000298023224,0.039000000804662704,0.796999990940094,1773948849.852
-0.04399999976158142,-0.07199999690055847,1.0379999876022339,1773948849.872
-0.0020000000949949026,-0.04600000008940697,1.218000054359436,1773948849.892
-0.0820000022649765,-0.03099999949336052,0.906000018119812,1773948849.912
0.11800000071525574,0.003000000026077032,1.0839999914169312,1773948849.932
-0.07500000298023224,0.039000000804662704,0.796999990940094,1773948849.852
-0.04399999976158142,-0.07199999690055847,1.0379999876022339,1773948849.872
-0.0020000000949949026,-0.04600000008940697,1.218000054359436,1773948849.892
-0.0820000022649765,-0.03099999949336052,0.906000018119812,1773948849.912
0.11800000071525574,0.003000000026077032,1.0839999914169312,1773948849.932
-0.03799999877810478,0.050999999046325684,1.055999994277954,1773948850.372
-0.06199999898672104,0.03700000047683716,0.8240000009536743,1773948850.392
-0.028999999165534973,0.0430000014603138,0.7960000038146973,1773948850.412
0.07100000232458115,0.014999999664723873,1.274999976158142,1773948850.432
0.03500000014901161,0.014999999664723873,0.9750000238418579,1773948850.452
-0.03799999877810478,0.050999999046325684,1.055999994277954,1773948850.372
-0.06199999898672104,0.03700000047683716,0.8240000009536743,1773948850.392
-0.028999999165534973,0.0430000014603138,0.7960000038146973,1773948850.412
0.07100000232458115,0.014999999664723873,1.274999976158142,1773948850.432
0.03500000014901161,0.014999999664723873,0.9750000238418579,1773948850.452
-0.03799999877810478,0.050999999046325684,1.055999994277954,1773948850.372
-0.06199999898672104,0.03700000047683716,0.8240000009536743,1773948850.392
-0.028999999165534973,0.0430000014603138,0.7960000038146973,1773948850.412
0.07100000232458115,0.014999999664723873,1.274999976158142,1773948850.432
0.03500000014901161,0.014999999664723873,0.9750000238418579,1773948850.452
0.020999999716877937,-0.012000000104308128,1.0520000457763672,1773948850.872
0.03500000014901161,-0.03099999949336052,1.003999948501587,1773948850.892
-0.03500000014901161,0.050999999046325684,0.7570000290870667,1773948850.913
-0.07800000160932541,-0.06400000303983688,1.1690000295639038,1773948850.932
-0.02500000037252903,-0.03799999877810478,0.9819999933242798,1773948850.958
0.020999999716877937,-0.012000000104308128,1.0520000457763672,1773948850.872
0.03500000014901161,-0.03099999949336052,1.003999948501587,1773948850.892
-0.03500000014901161,0.050999999046325684,0.7570000290870667,1773948850.913
-0.07800000160932541,-0.06400000303983688,1.1690000295639038,1773948850.932
-0.02500000037252903,-0.03799999877810478,0.9819999933242798,1773948850.958
-0.01600000075995922,-0.004999999888241291,1.003000020980835,1773948851.392
0.003000000026077032,-0.04800000041723251,0.9900000095367432,1773948851.412
-0.125,-0.0,0.9860000014305115,1773948851.432
-0.054999999701976776,-0.028999999165534973,1.1729999780654907,1773948851.452
0.05000000074505806,-0.0,0.8970000147819519,1773948851.472
-0.01600000075995922,-0.004999999888241291,1.003000020980835,1773948851.392
0.003000000026077032,-0.04800000041723251,0.9900000095367432,1773948851.412
-0.125,-0.0,0.9860000014305115,1773948851.432
-0.054999999701976776,-0.028999999165534973,1.1729999780654907,1773948851.452
0.05000000074505806,-0.0,0.8970000147819519,1773948851.472
-0.01600000075995922,-0.004999999888241291,1.003000020980835,1773948851.392
0.003000000026077032,-0.04800000041723251,0.9900000095367432,1773948851.412
-0.125,-0.0,0.9860000014305115,1773948851.432
-0.054999999701976776,-0.028999999165534973,1.1729999780654907,1773948851.452
0.05000000074505806,-0.0,0.8970000147819519,1773948851.472
-0.0430000014603138,0.07000000029802322,0.9800000190734863,1773948851.892
0.09099999815225601,-0.08500000089406967,1.2339999675750732,1773948851.914
0.06400000303983688,-0.024000000208616257,0.7919999957084656,1773948851.932
-0.125,0.028999999165534973,1.0679999589920044,1773948851.953
-0.08900000154972076,-0.06199999898672104,1.1579999923706055,1773948851.972
-0.0430000014603138,0.07000000029802322,0.9800000190734863,1773948851.892
0.09099999815225601,-0.08500000089406967,1.2339999675750732,1773948851.914
0.06400000303983688,-0.024000000208616257,0.7919999957084656,1773948851.932
-0.125,0.028999999165534973,1.0679999589920044,1773948851.953
-0.08900000154972076,-0.06199999898672104,1.1579999923706055,1773948851.972
-0.0430000014603138,0.07000000029802322,0.9800000190734863,1773948851.892
0.09099999815225601,-0.08500000089406967,1.2339999675750732,1773948851.914
0.06400000303983688,-0.024000000208616257,0.7919999957084656,1773948851.932
-0.125,0.028999999165534973,1.0679999589920044,1773948851.953
-0.08900000154972076,-0.06199999898672104,1.1579999923706055,1773948851.972
-0.0430000014603138,0.07000000029802322,0.9800000190734863,1773948851.892
0.09099999815225601,-0.08500000089406967,1.2339999675750732,1773948851.914
0.06400000303983688,-0.024000000208616257,0.7919999957084656,1773948851.932
-0.125,0.028999999165534973,1.0679999589920044,1773948851.953
-0.08900000154972076,-0.06199999898672104,1.1579999923706055,1773948851.972
0.019999999552965164,0.13500000536441803,0.8460000157356262,1773948852.412
-0.06700000166893005,-0.21699999272823334,1.4759999513626099,1773948852.432
-0.07400000095367432,0.0949999988079071,0.5440000295639038,1773948852.452
0.052000001072883606,-0.041999999433755875,1.246000051498413,1773948852.472
0.01600000075995922,0.05299999937415123,0.9039999842643738,1773948852.492
0.019999999552965164,0.13500000536441803,0.8460000157356262,1773948852.412
-0.06700000166893005,-0.21699999272823334,1.4759999513626099,1773948852.432
-0.07400000095367432,0.0949999988079071,0.5440000295639038,1773948852.452
0.052000001072883606,-0.041999999433755875,1.246000051498413,1773948852.472
0.01600000075995922,0.05299999937415123,0.9039999842643738,1773948852.492
0.1599999964237213,-0.07100000232458115,1.2369999885559082,1773948852.915
-0.003000000026077032,0.03700000047683716,0.8880000114440918,1773948852.932
-0.15299999713897705,-0.11900000274181366,1.2209999561309814,1773948852.952
-0.05400000140070915,0.07800000160932541,0.8240000009536743,1773948852.972
-0.02500000037252903,-0.08299999684095383,1.2719999551773071,1773948852.992
0.1599999964237213,-0.07100000232458115,1.2369999885559082,1773948852.915
-0.003000000026077032,0.03700000047683716,0.8880000114440918,1773948852.932
-0.15299999713897705,-0.11900000274181366,1.2209999561309814,1773948852.952
-0.05400000140070915,0.07800000160932541,0.8240000009536743,1773948852.972
-0.02500000037252903,-0.08299999684095383,1.2719999551773071,1773948852.992
0.1599999964237213,-0.07100000232458115,1.2369999885559082,1773948852.915
-0.003000000026077032,0.03700000047683716,0.8880000114440918,1773948852.932
-0.15299999713897705,-0.11900000274181366,1.2209999561309814,1773948852.952
-0.05400000140070915,0.07800000160932541,0.8240000009536743,1773948852.972
-0.02500000037252903,-0.08299999684095383,1.2719999551773071,1773948852.992
-0.07000000029802322,0.012000000104308128,0.9580000042915344,1773948853.432
-0.03700000047683716,-0.014999999664723873,1.0429999828338623,1773948853.452
0.09799999743700027,-0.0430000014603138,1.0889999866485596,1773948853.472
0.06700000166893005,0.0560000017285347,0.7459999918937683,1773948853.492
-0.07199999690055847,-0.02500000037252903,0.9739999771118164,1773948853.513
-0.07000000029802322,0.012000000104308128,0.9580000042915344,1773948853.432
-0.03700000047683716,-0.014999999664723873,1.0429999828338623,1773948853.452
0.09799999743700027,-0.0430000014603138,1.0889999866485596,1773948853.472
0.06700000166893005,0.0560000017285347,0.7459999918937683,1773948853.492
-0.07199999690055847,-0.02500000037252903,0.9739999771118164,1773948853.513
-0.017999999225139618,-0.008999999612569809,1.1549999713897705,1773948853.932
0.09000000357627869,-0.07800000160932541,0.9430000185966492,1773948853.952
-0.05999999865889549,-0.0020000000949949026,1.1749999523162842,1773948853.972
0.0989999994635582,0.01600000075995922,0.921999990940094,1773948853.992
-0.01600000075995922,-0.035999998450279236,0.9909999966621399,1773948854.012
-0.017999999225139618,-0.008999999612569809,1.1549999713897705,1773948853.932
0.09000000357627869,-0.07800000160932541,0.9430000185966492,1773948853.952
-0.05999999865889549,-0.0020000000949949026,1.1749999523162842,1773948853.972
0.0989999994635582,0.01600000075995922,0.921999990940094,1773948853.992
-0.01600000075995922,-0.035999998450279236,0.9909999966621399,1773948854.012
-0.05000000074505806,-0.013000000268220901,1.1920000314712524,1773948854.454
0.05999999865889549,-0.0010000000474974513,0.9900000095367432,1773948854.473
-0.052000001072883606,-0.024000000208616257,1.0190000534057617,1773948854.492
-0.03400000184774399,0.050999999046325684,1.0520000457763672,1773948854.514
0.0010000000474974513,-0.017000000923871994,1.00600004196167,1773948854.532
-0.05000000074505806,-0.013000000268220901,1.1920000314712524,1773948854.454
0.05999999865889549,-0.0010000000474974513,0.9900000095367432,1773948854.473
-0.052000001072883606,-0.024000000208616257,1.0190000534057617,1773948854.492
-0.03400000184774399,0.050999999046325684,1.0520000457763672,1773948854.514
0.0010000000474974513,-0.017000000923871994,1.00600004196167,1773948854.532
-0.05000000074505806,-0.013000000268220901,1.1920000314712524,1773948854.454
0.05999999865889549,-0.0010000000474974513,0.9900000095367432,1773948854.473
-0.052000001072883606,-0.024000000208616257,1.0190000534057617,1773948854.492
-0.03400000184774399,0.050999999046325684,1.0520000457763672,1773948854.514
0.0010000000474974513,-0.017000000923871994,1.00600004196167,1773948854.532
-0.07500000298023224,-0.032999999821186066,0.8149999976158142,1773948854.954
-0.01899999938905239,0.07800000160932541,1.3450000286102295,1773948854.972
-0.028999999165534973,-0.04699999839067459,0.9089999794960022,1773948854.992
-0.07999999821186066,-0.012000000104308128,1.00600004196167,1773948855.012
-0.007000000216066837,-0.012000000104308128,1.0399999618530273,1773948855.032
-0.07500000298023224,-0.032999999821186066,0.8149999976158142,1773948854.954
-0.01899999938905239,0.07800000160932541,1.3450000286102295,1773948854.972
-0.028999999165534973,-0.04699999839067459,0.9089999794960022,1773948854.992
-0.07999999821186066,-0.012000000104308128,1.00600004196167,1773948855.012
-0.007000000216066837,-0.012000000104308128,1.0399999618530273,1773948855.032
-0.07500000298023224,-0.032999999821186066,0.8149999976158142,1773948854.954
-0.01899999938905239,0.07800000160932541,1.3450000286102295,1773948854.972
-0.028999999165534973,-0.04699999839067459,0.9089999794960022,1773948854.992
-0.07999999821186066,-0.012000000104308128,1.00600004196167,1773948855.012
-0.007000000216066837,-0.012000000104308128,1.0399999618530273,1773948855.032
0.10300000011920929,0.017999999225139618,1.3539999723434448,1773948855.472
-0.06400000303983688,0.04399999976158142,0.625,1773948855.492
-0.22499999403953552,-0.04600000008940697,1.2280000448226929,1773948855.512
0.026000000536441803,0.0560000017285347,1.100000023841858,1773948855.532
0.007000000216066837,-0.03999999910593033,0.6449999809265137,1773948855.552
0.10300000011920929,0.017999999225139618,1.3539999723434448,1773948855.472
-0.06400000303983688,0.04399999976158142,0.625,1773948855.492
-0.22499999403953552,-0.04600000008940697,1.2280000448226929,1773948855.512
0.026000000536441803,0.0560000017285347,1.100000023841858,1773948855.532
0.007000000216066837,-0.03999999910593033,0.6449999809265137,1773948855.552
0.035999998450279236,0.06400000303983688,0.7689999938011169,1773948855.972
0.18299999833106995,0.03400000184774399,1.409000039100647,1773948855.994
0.004000000189989805,0.052000001072883606,0.7059999704360962,1773948856.012
-0.1979999989271164,-0.019999999552965164,1.1269999742507935,1773948856.032
-0.035999998450279236,0.04500000178813934,1.1519999504089355,1773948856.052
0.035999998450279236,0.06400000303983688,0.7689999938011169,1773948855.972
0.18299999833106995,0.03400000184774399,1.409000039100647,1773948855.994
0.004000000189989805,0.052000001072883606,0.7059999704360962,1773948856.012
-0.1979999989271164,-0.019999999552965164,1.1269999742507935,1773948856.032
-0.035999998450279236,0.04500000178813934,1.1519999504089355,1773948856.052
0.003000000026077032,0.026000000536441803,0.9039999842643738,1773948856.492
0.1379999965429306,0.008999999612569809,1.2419999837875366,1773948856.515
-0.04899999871850014,-0.004999999888241291,0.722000002861023,1773948856.532
-0.12399999797344208,-0.023000000044703484,1.3009999990463257,1773948856.553
-0.017999999225139618,-0.0010000000474974513,0.9160000085830688,1773948856.572
0.003000000026077032,0.026000000536441803,0.9039999842643738,1773948856.492
0.1379999965429306,0.008999999612569809,1.2419999837875366,1773948856.515
-0.04899999871850014,-0.004999999888241291,0.722000002861023,1773948856.532
-0.12399999797344208,-0.023000000044703484,1.3009999990463257,1773948856.553
-0.017999999225139618,-0.0010000000474974513,0.9160000085830688,1773948856.572
0.03200000151991844,-0.09700000286102295,1.0540000200271606,1773948856.992
0.06700000166893005,0.02800000086426735,1.0240000486373901,1773948857.012
0.05900000035762787,0.017000000923871994,1.1759999990463257,1773948857.032
-0.14000000059604645,-0.014999999664723873,0.6439999938011169,1773948857.053
-0.0729999989271164,-0.014999999664723873,1.3960000276565552,1773948857.072
0.03200000151991844,-0.09700000286102295,1.0540000200271606,1773948856.992
0.06700000166893005,0.02800000086426735,1.0240000486373901,1773948857.012
0.05900000035762787,0.017000000923871994,1.1759999990463257,1773948857.032
-0.14000000059604645,-0.014999999664723873,0.6439999938011169,1773948857.053
-0.0729999989271164,-0.014999999664723873,1.3960000276565552,1773948857.072
-0.1420000046491623,-0.1420000046491623,1.1990000009536743,1773948857.513
0.061000000685453415,0.03799999877810478,0.781000018119812,1773948857.534
0.08100000023841858,-0.017999999225139618,1.3289999961853027,1773948857.553
-0.054999999701976776,0.041999999433755875,0.6050000190734863,1773948857.572
-0.05999999865889549,0.04899999871850014,1.315999984741211,1773948857.592
-0.1420000046491623,-0.1420000046491623,1.1990000009536743,1773948857.513
0.061000000685453415,0.03799999877810478,0.781000018119812,1773948857.534
0.08100000023841858,-0.017999999225139618,1.3289999961853027,1773948857.553
-0.054999999701976776,0.041999999433755875,0.6050000190734863,1773948857.572
-0.05999999865889549,0.04899999871850014,1.315999984741211,1773948857.592
-0.1420000046491623,-0.1420000046491623,1.1990000009536743,1773948857.513
0.061000000685453415,0.03799999877810478,0.781000018119812,1773948857.534
0.08100000023841858,-0.017999999225139618,1.3289999961853027,1773948857.553
-0.054999999701976776,0.041999999433755875,0.6050000190734863,1773948857.572
-0.05999999865889549,0.04899999871850014,1.315999984741211,1773948857.592
-0.12200000137090683,-0.057999998331069946,0.9850000143051147,1773948858.012
-0.03500000014901161,-0.03500000014901161,1.2549999952316284,1773948858.032
0.08399999886751175,-0.009999999776482582,0.7850000262260437,1773948858.052
0.04500000178813934,0.04399999976158142,1.0470000505447388,1773948858.072
-0.032999999821186066,-0.00800000037997961,1.0509999990463257,1773948858.092
-0.12200000137090683,-0.057999998331069946,0.9850000143051147,1773948858.012
-0.03500000014901161,-0.03500000014901161,1.2549999952316284,1773948858.032
0.08399999886751175,-0.009999999776482582,0.7850000262260437,1773948858.052
0.04500000178813934,0.04399999976158142,1.0470000505447388,1773948858.072
-0.032999999821186066,-0.00800000037997961,1.0509999990463257,1773948858.092
-0.032999999821186066,0.04500000178813934,1.2130000591278076,1773948858.532
-0.06800000369548798,0.029999999329447746,0.9909999966621399,1773948858.553
0.03400000184774399,0.01600000075995922,1.0329999923706055,1773948858.572
-0.017000000923871994,0.027000000700354576,1.0140000581741333,1773948858.592
-0.039000000804662704,-0.03500000014901161,0.7459999918937683,1773948858.612
-0.032999999821186066,0.04500000178813934,1.2130000591278076,1773948858.532
-0.06800000369548798,0.029999999329447746,0.9909999966621399,1773948858.553
0.03400000184774399,0.01600000075995922,1.0329999923706055,1773948858.572
-0.017000000923871994,0.027000000700354576,1.0140000581741333,1773948858.592
-0.039000000804662704,-0.03500000014901161,0.7459999918937683,1773948858.612
0.03200000151991844,-0.004000000189989805,0.9279999732971191,1773948859.032
-0.03700000047683716,-0.01600000075995922,0.8159999847412109,1773948859.052
-0.08399999886751175,0.035999998450279236,1.319000005722046,1773948859.072
-0.023000000044703484,0.00800000037997961,0.734000027179718,1773948859.092
0.08799999952316284,0.004999999888241291,1.1749999523162842,1773948859.112
0.03200000151991844,-0.004000000189989805,0.9279999732971191,1773948859.032
-0.03700000047683716,-0.01600000075995922,0.8159999847412109,1773948859.052
-0.08399999886751175,0.035999998450279236,1.319000005722046,1773948859.072
-0.023000000044703484,0.00800000037997961,0.734000027179718,1773948859.092
0.08799999952316284,0.004999999888241291,1.1749999523162842,1773948859.112
0.03200000151991844,-0.004000000189989805,0.9279999732971191,1773948859.032
-0.03700000047683716,-0.01600000075995922,0.8159999847412109,1773948859.052
-0.08399999886751175,0.035999998450279236,1.319000005722046,1773948859.072
-0.023000000044703484,0.00800000037997961,0.734000027179718,1773948859.092
0.08799999952316284,0.004999999888241291,1.1749999523162842,1773948859.112
0.03200000151991844,-0.004000000189989805,0.9279999732971191,1773948859.032
-0.03700000047683716,-0.01600000075995922,0.8159999847412109,1773948859.052
-0.08399999886751175,0.035999998450279236,1.319000005722046,1773948859.072
-0.023000000044703484,0.00800000037997961,0.734000027179718,1773948859.092
0.08799999952316284,0.004999999888241291,1.1749999523162842,1773948859.112
0.03200000151991844,-0.004000000189989805,0.9279999732971191,1773948859.032
-0.03700000047683716,-0.01600000075995922,0.8159999847412109,1773948859.052
-0.08399999886751175,0.035999998450279236,1.319000005722046,1773948859.072
-0.023000000044703484,0.00800000037997961,0.734000027179718,1773948859.092
0.08799999952316284,0.004999999888241291,1.1749999523162842,1773948859.112
0.027000000700354576,0.032999999821186066,1.0839999914169312,1773948860.053
-0.06499999761581421,-0.03200000151991844,0.9900000095367432,1773948860.074
-0.21299999952316284,0.029999999329447746,1.0729999542236328,1773948860.092
0.0860000029206276,-0.07900000363588333,1.0119999647140503,1773948860.113
0.12600000202655792,0.0,0.9909999966621399,1773948860.132
0.027000000700354576,0.032999999821186066,1.0839999914169312,1773948860.053
-0.06499999761581421,-0.03200000151991844,0.9900000095367432,1773948860.074
-0.21299999952316284,0.029999999329447746,1.0729999542236328,1773948860.092
0.0860000029206276,-0.07900000363588333,1.0119999647140503,1773948860.113
0.12600000202655792,0.0,0.9909999966621399,1773948860.132
0.08500000089406967,0.008999999612569809,1.031000018119812,1773948860.575
-0.05000000074505806,-0.010999999940395355,0.9129999876022339,1773948860.593
-0.01600000075995922,0.0,1.0770000219345093,1773948860.613
-0.007000000216066837,0.04100000113248825,1.0240000486373901,1773948860.632
-0.054999999701976776,-0.02800000086426735,0.9769999980926514,1773948860.654
0.08500000089406967,0.008999999612569809,1.031000018119812,1773948860.575
-0.05000000074505806,-0.010999999940395355,0.9129999876022339,1773948860.593
-0.01600000075995922,0.0,1.0770000219345093,1773948860.613
-0.007000000216066837,0.04100000113248825,1.0240000486373901,1773948860.632
-0.054999999701976776,-0.02800000086426735,0.9769999980926514,1773948860.654
-0.007000000216066837,-0.07599999755620956,1.1019999980926514,1773948861.072
-0.041999999433755875,-0.032999999821186066,0.9919999837875366,1773948861.093
0.08900000154972076,-0.03799999877810478,1.0640000104904175,1773948861.112
-0.028999999165534973,-0.023000000044703484,0.8820000290870667,1773948861.132
-0.02800000086426735,-0.0820000022649765,1.1160000562667847,1773948861.153
-0.007000000216066837,-0.07599999755620956,1.1019999980926514,1773948861.072
-0.041999999433755875,-0.032999999821186066,0.9919999837875366,1773948861.093
0.08900000154972076,-0.03799999877810478,1.0640000104904175,1773948861.112
-0.028999999165534973,-0.023000000044703484,0.8820000290870667,1773948861.132
-0.02800000086426735,-0.0820000022649765,1.1160000562667847,1773948861.153
0.13300000131130219,0.0010000000474974513,0.9800000190734863,1773948861.592
-0.04500000178813934,-0.05000000074505806,1.1230000257492065,1773948861.612
0.023000000044703484,0.09700000286102295,0.7149999737739563,1773948861.637
-0.09700000286102295,-0.07000000029802322,1.1629999876022339,1773948861.653
0.026000000536441803,0.0430000014603138,0.8730000257492065,1773948861.674
0.13300000131130219,0.0010000000474974513,0.9800000190734863,1773948861.592
-0.04500000178813934,-0.05000000074505806,1.1230000257492065,1773948861.612
0.023000000044703484,0.09700000286102295,0.7149999737739563,1773948861.637
-0.09700000286102295,-0.07000000029802322,1.1629999876022339,1773948861.653
0.026000000536441803,0.0430000014603138,0.8730000257492065,1773948861.674
0.13300000131130219,0.0010000000474974513,0.9800000190734863,1773948861.592
-0.04500000178813934,-0.05000000074505806,1.1230000257492065,1773948861.612
0.023000000044703484,0.09700000286102295,0.7149999737739563,1773948861.637
-0.09700000286102295,-0.07000000029802322,1.1629999876022339,1773948861.653
0.026000000536441803,0.0430000014603138,0.8730000257492065,1773948861.674
-0.008999999612569809,-0.017999999225139618,0.8730000257492065,1773948862.093
0.017000000923871994,0.014999999664723873,1.0290000438690186,1773948862.112
0.0729999989271164,-0.05000000074505806,1.11899995803833,1773948862.133
0.12399999797344208,0.07500000298023224,0.8629999756813049,1773948862.153
-0.12999999523162842,-0.014999999664723873,0.8970000147819519,1773948862.172
-0.12600000202655792,-0.05000000074505806,1.2489999532699585,1773948862.613
0.004999999888241291,-0.01899999938905239,1.0379999876022339,1773948862.632
0.1340000033378601,0.014999999664723873,0.8640000224113464,1773948862.654
-0.06300000101327896,0.019999999552965164,0.9789999723434448,1773948862.673
-0.10700000077486038,-0.00800000037997961,1.0099999904632568,1773948862.696
-0.12600000202655792,-0.05000000074505806,1.2489999532699585,1773948862.613
0.004999999888241291,-0.01899999938905239,1.0379999876022339,1773948862.632
0.1340000033378601,0.014999999664723873,0.8640000224113464,1773948862.654
-0.06300000101327896,0.019999999552965164,0.9789999723434448,1773948862.673
-0.10700000077486038,-0.00800000037997961,1.0099999904632568,1773948862.696
-0.12600000202655792,-0.05000000074505806,1.2489999532699585,1773948862.613
0.004999999888241291,-0.01899999938905239,1.0379999876022339,1773948862.632
0.1340000033378601,0.014999999664723873,0.8640000224113464,1773948862.654
-0.06300000101327896,0.019999999552965164,0.9789999723434448,1773948862.673
-0.10700000077486038,-0.00800000037997961,1.0099999904632568,1773948862.696
0.020999999716877937,-0.0020000000949949026,0.9319999814033508,1773948863.113
-0.11400000005960464,-0.08399999886751175,1.1629999876022339,1773948863.133
-0.052000001072883606,-0.024000000208616257,1.0950000286102295,1773948863.153
-0.007000000216066837,-0.04399999976158142,1.034999966621399,1773948863.173
0.0430000014603138,0.017999999225139618,0.8410000205039978,1773948863.193
0.020999999716877937,-0.0020000000949949026,0.9319999814033508,1773948863.113
-0.11400000005960464,-0.08399999886751175,1.1629999876022339,1773948863.133
-0.052000001072883606,-0.024000000208616257,1.0950000286102295,1773948863.153
-0.007000000216066837,-0.04399999976158142,1.034999966621399,1773948863.173
0.0430000014603138,0.017999999225139618,0.8410000205039978,1773948863.193
0.04100000113248825,-0.01899999938905239,1.281000018119812,1773948863.633
-0.039000000804662704,0.017000000923871994,0.7990000247955322,1773948863.653
-0.09000000357627869,-0.08500000089406967,1.2330000400543213,1773948863.673
-0.03400000184774399,0.03700000047683716,1.1339999437332153,1773948863.693
0.029999999329447746,-0.057999998331069946,0.9629999995231628,1773948863.713
0.04100000113248825,-0.01899999938905239,1.281000018119812,1773948863.633
-0.039000000804662704,0.017000000923871994,0.7990000247955322,1773948863.653
-0.09000000357627869,-0.08500000089406967,1.2330000400543213,1773948863.673
-0.03400000184774399,0.03700000047683716,1.1339999437332153,1773948863.693
0.029999999329447746,-0.057999998331069946,0.9629999995231628,1773948863.713
0.04100000113248825,-0.01899999938905239,1.281000018119812,1773948863.633
-0.039000000804662704,0.017000000923871994,0.7990000247955322,1773948863.653
-0.09000000357627869,-0.08500000089406967,1.2330000400543213,1773948863.673
-0.03400000184774399,0.03700000047683716,1.1339999437332153,1773948863.693
0.029999999329447746,-0.057999998331069946,0.9629999995231628,1773948863.713
-0.10499999672174454,0.03200000151991844,1.2239999771118164,1773948864.133
0.012000000104308128,-0.04699999839067459,0.9020000100135803,1773948864.153
-0.012000000104308128,0.014999999664723873,0.9879999756813049,1773948864.173
-0.07400000095367432,-0.035999998450279236,1.2130000591278076,1773948864.193
-0.03099999949336052,0.004000000189989805,0.9359999895095825,1773948864.213
-0.10499999672174454,0.03200000151991844,1.2239999771118164,1773948864.133
0.012000000104308128,-0.04699999839067459,0.9020000100135803,1773948864.153
-0.012000000104308128,0.014999999664723873,0.9879999756813049,1773948864.173
-0.07400000095367432,-0.035999998450279236,1.2130000591278076,1773948864.193
-0.03099999949336052,0.004000000189989805,0.9359999895095825,1773948864.213
-0.09000000357627869,-0.09099999815225601,0.8149999976158142,1773948864.653
0.027000000700354576,0.027000000700354576,1.281999945640564,1773948864.673
0.014000000432133675,-0.04399999976158142,0.7900000214576721,1773948864.693
-0.08500000089406967,-0.061000000685453415,1.1180000305175781,1773948864.713
-0.014999999664723873,-0.03200000151991844,1.343000054359436,1773948864.733
-0.09000000357627869,-0.09099999815225601,0.8149999976158142,1773948864.653
0.027000000700354576,0.027000000700354576,1.281999945640564,1773948864.673
0.014000000432133675,-0.04399999976158142,0.7900000214576721,1773948864.693
-0.08500000089406967,-0.061000000685453415,1.1180000305175781,1773948864.713
-0.014999999664723873,-0.03200000151991844,1.343000054359436,1773948864.733
-0.12999999523162842,0.006000000052154064,0.878000020980835,1773948865.153
0.004000000189989805,-0.023000000044703484,1.1950000524520874,1773948865.173
0.03999999910593033,-0.05000000074505806,0.9290000200271606,1773948865.194
0.008999999612569809,0.019999999552965164,1.0210000276565552,1773948865.213
-0.11900000274181366,-0.009999999776482582,0.9800000190734863,1773948865.233
-0.12999999523162842,0.006000000052154064,0.878000020980835,1773948865.153
0.004000000189989805,-0.023000000044703484,1.1950000524520874,1773948865.173
0.03999999910593033,-0.05000000074505806,0.9290000200271606,1773948865.194
0.008999999612569809,0.019999999552965164,1.0210000276565552,1773948865.213
-0.11900000274181366,-0.009999999776482582,0.9800000190734863,1773948865.233
-0.10999999940395355,-0.04800000041723251,0.8960000276565552,1773948865.673
-0.05999999865889549,0.012000000104308128,1.1540000438690186,1773948865.693
0.06300000101327896,-0.03400000184774399,0.949999988079071,1773948865.713
-0.023000000044703484,-0.004999999888241291,0.9390000104904175,1773948865.733
-0.027000000700354576,-0.052000001072883606,0.8420000076293945,1773948865.753
-0.10999999940395355,-0.04800000041723251,0.8960000276565552,1773948865.673
-0.05999999865889549,0.012000000104308128,1.1540000438690186,1773948865.693
0.06300000101327896,-0.03400000184774399,0.949999988079071,1773948865.713
-0.023000000044703484,-0.004999999888241291,0.9390000104904175,1773948865.733
-0.027000000700354576,-0.052000001072883606,0.8420000076293945,1773948865.753
-0.10999999940395355,-0.04800000041723251,0.8960000276565552,1773948865.673
-0.05999999865889549,0.012000000104308128,1.1540000438690186,1773948865.693
0.06300000101327896,-0.03400000184774399,0.949999988079071,1773948865.713
-0.023000000044703484,-0.004999999888241291,0.9390000104904175,1773948865.733
-0.027000000700354576,-0.052000001072883606,0.8420000076293945,1773948865.753
0.06499999761581421,0.04899999871850014,0.9110000133514404,1773948866.173
-0.10300000011920929,-0.02199999988079071,0.9990000128746033,1773948866.194
-0.007000000216066837,0.01899999938905239,1.0529999732971191,1773948866.213
-0.006000000052154064,-0.020999999716877937,0.9129999876022339,1773948866.233
-0.01899999938905239,0.0010000000474974513,1.1260000467300415,1773948866.253
0.06499999761581421,0.04899999871850014,0.9110000133514404,1773948866.173
-0.10300000011920929,-0.02199999988079071,0.9990000128746033,1773948866.194
-0.007000000216066837,0.01899999938905239,1.0529999732971191,1773948866.213
-0.006000000052154064,-0.020999999716877937,0.9129999876022339,1773948866.233
-0.01899999938905239,0.0010000000474974513,1.1260000467300415,1773948866.253
-0.11500000208616257,-0.05000000074505806,0.8939999938011169,1773948866.693
-0.0430000014603138,-0.004999999888241291,1.159000039100647,1773948866.713
0.0949999988079071,-0.019999999552965164,0.9509999752044678,1773948866.733
-0.03200000151991844,-0.00800000037997961,0.9610000252723694,1773948866.753
0.007000000216066837,-0.024000000208616257,0.9700000286102295,1773948866.773
0.007000000216066837,0.017000000923871994,0.925000011920929,1773948867.193
-0.04899999871850014,-0.05000000074505806,1.0549999475479126,1773948867.213
0.061000000685453415,-0.03799999877810478,1.0069999694824219,1773948867.233
-0.0560000017285347,-0.0020000000949949026,0.8989999890327454,1773948867.253
-0.13199999928474426,0.00800000037997961,1.1319999694824219,1773948867.273
0.007000000216066837,0.017000000923871994,0.925000011920929,1773948867.193
-0.04899999871850014,-0.05000000074505806,1.0549999475479126,1773948867.213
0.061000000685453415,-0.03799999877810478,1.0069999694824219,1773948867.233
-0.0560000017285347,-0.0020000000949949026,0.8989999890327454,1773948867.253
-0.13199999928474426,0.00800000037997961,1.1319999694824219,1773948867.273
0.007000000216066837,0.017000000923871994,0.925000011920929,1773948867.193
-0.04899999871850014,-0.05000000074505806,1.0549999475479126,1773948867.213
0.061000000685453415,-0.03799999877810478,1.0069999694824219,1773948867.233
-0.0560000017285347,-0.0020000000949949026,0.8989999890327454,1773948867.253
-0.13199999928474426,0.00800000037997961,1.1319999694824219,1773948867.273
-0.06599999964237213,-0.024000000208616257,1.1629999876022339,1773948867.713
0.03200000151991844,-0.014999999664723873,0.9950000047683716,1773948867.733
-0.03700000047683716,-0.03799999877810478,0.9670000076293945,1773948867.753
-0.06400000303983688,0.012000000104308128,1.1299999952316284,1773948867.773
0.06700000166893005,-0.00800000037997961,1.0579999685287476,1773948867.794
-0.06599999964237213,-0.024000000208616257,1.1629999876022339,1773948867.713
0.03200000151991844,-0.014999999664723873,0.9950000047683716,1773948867.733
-0.03700000047683716,-0.03799999877810478,0.9670000076293945,1773948867.753
-0.06400000303983688,0.012000000104308128,1.1299999952316284,1773948867.773
0.06700000166893005,-0.00800000037997961,1.0579999685287476,1773948867.794
-0.11400000005960464,-0.03500000014901161,1.024999976158142,1773948868.213
-0.05299999937415123,-0.010999999940395355,0.9990000128746033,1773948868.233
0.008999999612569809,-0.014000000432133675,0.9620000123977661,1773948868.253
-0.02800000086426735,0.03500000014901161,0.9430000185966492,1773948868.273
0.08100000023841858,-0.027000000700354576,1.128000020980835,1773948868.293
-0.11400000005960464,-0.03500000014901161,1.024999976158142,1773948868.213
-0.05299999937415123,-0.010999999940395355,0.9990000128746033,1773948868.233
0.008999999612569809,-0.014000000432133675,0.9620000123977661,1773948868.253
-0.02800000086426735,0.03500000014901161,0.9430000185966492,1773948868.273
0.08100000023841858,-0.027000000700354576,1.128000020980835,1773948868.293
-0.07699999958276749,-0.05400000140070915,1.2359999418258667,1773948868.733
0.007000000216066837,-0.03099999949336052,0.878000020980835,1773948868.753
-0.03799999877810478,0.024000000208616257,0.9259999990463257,1773948868.773
0.10400000214576721,-0.035999998450279236,1.0989999771118164,1773948868.794
0.019999999552965164,-0.017999999225139618,0.8629999756813049,1773948868.813
-0.07699999958276749,-0.05400000140070915,1.2359999418258667,1773948868.733
0.007000000216066837,-0.03099999949336052,0.878000020980835,1773948868.753
-0.03799999877810478,0.024000000208616257,0.9259999990463257,1773948868.773
0.10400000214576721,-0.035999998450279236,1.0989999771118164,1773948868.794
0.019999999552965164,-0.017999999225139618,0.8629999756813049,1773948868.813
-0.017000000923871994,0.06599999964237213,0.746999979019165,1773948869.233
0.04800000041723251,-0.03999999910593033,1.1390000581741333,1773948869.253
-0.06499999761581421,0.024000000208616257,1.0099999904632568,1773948869.274
-0.04500000178813934,-0.07000000029802322,1.1799999475479126,1773948869.293
0.0430000014603138,-0.0430000014603138,0.9549999833106995,1773948869.313
-0.017000000923871994,0.06599999964237213,0.746999979019165,1773948869.233
0.04800000041723251,-0.03999999910593033,1.1390000581741333,1773948869.253
-0.06499999761581421,0.024000000208616257,1.0099999904632568,1773948869.274
-0.04500000178813934,-0.07000000029802322,1.1799999475479126,1773948869.293
0.0430000014603138,-0.0430000014603138,0.9549999833106995,1773948869.313
-0.017000000923871994,0.06599999964237213,0.746999979019165,1773948869.233
0.04800000041723251,-0.03999999910593033,1.1390000581741333,1773948869.253
-0.06499999761581421,0.024000000208616257,1.0099999904632568,1773948869.274
-0.04500000178813934,-0.07000000029802322,1.1799999475479126,1773948869.293
0.0430000014603138,-0.0430000014603138,0.9549999833106995,1773948869.313
0.041999999433755875,-0.1459999978542328,1.2200000286102295,1773948869.753
-0.04800000041723251,0.04800000041723251,0.7260000109672546,1773948869.773
-0.10199999809265137,-0.050999999046325684,1.1460000276565552,1773948869.794
-0.004000000189989805,-0.054999999701976776,1.1130000352859497,1773948869.813
0.07000000029802322,-0.012000000104308128,0.8989999890327454,1773948869.833
0.041999999433755875,-0.1459999978542328,1.2200000286102295,1773948869.753
-0.04800000041723251,0.04800000041723251,0.7260000109672546,1773948869.773
-0.10199999809265137,-0.050999999046325684,1.1460000276565552,1773948869.794
-0.004000000189989805,-0.054999999701976776,1.1130000352859497,1773948869.813
0.07000000029802322,-0.012000000104308128,0.8989999890327454,1773948869.833
0.05900000035762787,0.05000000074505806,1.0820000171661377,1773948870.253
-0.04399999976158142,-0.04399999976158142,1.034999966621399,1773948870.273
0.027000000700354576,-0.014000000432133675,0.9750000238418579,1773948870.293
0.04399999976158142,0.05400000140070915,1.0049999952316284,1773948870.313
-0.06599999964237213,-0.0729999989271164,1.1460000276565552,1773948870.333
0.05900000035762787,0.05000000074505806,1.0820000171661377,1773948870.253
-0.04399999976158142,-0.04399999976158142,1.034999966621399,1773948870.273
0.027000000700354576,-0.014000000432133675,0.9750000238418579,1773948870.293
0.04399999976158142,0.05400000140070915,1.0049999952316284,1773948870.313
-0.06599999964237213,-0.0729999989271164,1.1460000276565552,1773948870.333
0.04500000178813934,0.004000000189989805,0.9359999895095825,1773948870.773
-0.10999999940395355,-0.08299999684095383,0.9279999732971191,1773948870.794
0.0820000022649765,-0.003000000026077032,0.9409999847412109,1773948870.813
-0.06800000369548798,0.04500000178813934,1.2170000076293945,1773948870.833
-0.01600000075995922,-0.04500000178813934,0.8790000081062317,1773948870.853
0.04500000178813934,0.004000000189989805,0.9359999895095825,1773948870.773
-0.10999999940395355,-0.08299999684095383,0.9279999732971191,1773948870.794
0.0820000022649765,-0.003000000026077032,0.9409999847412109,1773948870.813
-0.06800000369548798,0.04500000178813934,1.2170000076293945,1773948870.833
-0.01600000075995922,-0.04500000178813934,0.8790000081062317,1773948870.853
-0.04899999871850014,-0.16899999976158142,1.1180000305175781,1773948871.275
-0.007000000216066837,-0.04100000113248825,0.7879999876022339,1773948871.293
-0.06700000166893005,-0.035999998450279236,0.9580000042915344,1773948871.313
0.125,-0.003000000026077032,1.1929999589920044,1773948871.333
0.01600000075995922,-0.003000000026077032,0.6650000214576721,1773948871.353
-0.04899999871850014,-0.16899999976158142,1.1180000305175781,1773948871.275
-0.007000000216066837,-0.04100000113248825,0.7879999876022339,1773948871.293
-0.06700000166893005,-0.035999998450279236,0.9580000042915344,1773948871.313
0.125,-0.003000000026077032,1.1929999589920044,1773948871.333
0.01600000075995922,-0.003000000026077032,0.6650000214576721,1773948871.353
-0.02500000037252903,-0.11500000208616257,1.0290000438690186,1773948871.773
-0.05299999937415123,-0.017999999225139618,1.0049999952316284,1773948871.794
0.00800000037997961,0.0010000000474974513,1.024999976158142,1773948871.813
-0.007000000216066837,-0.014000000432133675,1.0140000581741333,1773948871.833
-0.03700000047683716,0.014999999664723873,1.0099999904632568,1773948871.853
-0.02500000037252903,-0.11500000208616257,1.0290000438690186,1773948871.773
-0.05299999937415123,-0.017999999225139618,1.0049999952316284,1773948871.794
0.00800000037997961,0.0010000000474974513,1.024999976158142,1773948871.813
-0.007000000216066837,-0.014000000432133675,1.0140000581741333,1773948871.833
-0.03700000047683716,0.014999999664723873,1.0099999904632568,1773948871.853
-0.02500000037252903,-0.11500000208616257,1.0290000438690186,1773948871.773
-0.05299999937415123,-0.017999999225139618,1.0049999952316284,1773948871.794
0.00800000037997961,0.0010000000474974513,1.024999976158142,1773948871.813
-0.007000000216066837,-0.014000000432133675,1.0140000581741333,1773948871.833
-0.03700000047683716,0.014999999664723873,1.0099999904632568,1773948871.853
-0.004999999888241291,0.028999999165534973,0.9539999961853027,1773948872.301
0.019999999552965164,0.004000000189989805,1.055999994277954,1773948872.313
-0.04399999976158142,-0.0010000000474974513,0.9760000109672546,1773948872.333
-0.014999999664723873,0.0,1.034999966621399,1773948872.353
-0.023000000044703484,-0.01600000075995922,0.9850000143051147,1773948872.373
-0.004999999888241291,0.028999999165534973,0.9539999961853027,1773948872.301
0.019999999552965164,0.004000000189989805,1.055999994277954,1773948872.313
-0.04399999976158142,-0.0010000000474974513,0.9760000109672546,1773948872.333
-0.014999999664723873,0.0,1.034999966621399,1773948872.353
-0.023000000044703484,-0.01600000075995922,0.9850000143051147,1773948872.373
-0.004999999888241291,0.028999999165534973,0.9539999961853027,1773948872.301
0.019999999552965164,0.004000000189989805,1.055999994277954,1773948872.313
-0.04399999976158142,-0.0010000000474974513,0.9760000109672546,1773948872.333
-0.014999999664723873,0.0,1.034999966621399,1773948872.353
-0.023000000044703484,-0.01600000075995922,0.9850000143051147,1773948872.373
-0.04399999976158142,0.014000000432133675,0.9850000143051147,1773948872.813
-0.03700000047683716,0.017000000923871994,1.0479999780654907,1773948872.833
0.05400000140070915,-0.017000000923871994,0.9919999837875366,1773948872.853
-0.03999999910593033,-0.0,0.9869999885559082,1773948872.873
-0.003000000026077032,-0.0020000000949949026,1.0390000343322754,1773948872.893
-0.04399999976158142,0.014000000432133675,0.9850000143051147,1773948872.813
-0.03700000047683716,0.017000000923871994,1.0479999780654907,1773948872.833
0.05400000140070915,-0.017000000923871994,0.9919999837875366,1773948872.853
-0.03999999910593033,-0.0,0.9869999885559082,1773948872.873
-0.003000000026077032,-0.0020000000949949026,1.0390000343322754,1773948872.893
-0.014999999664723873,-0.003000000026077032,1.0140000581741333,1773948873.313
-0.02199999988079071,-0.003000000026077032,1.0110000371932983,1773948873.333
-0.008999999612569809,0.0020000000949949026,1.0119999647140503,1773948873.353
-0.012000000104308128,-0.0010000000474974513,1.0160000324249268,1773948873.373
-0.023000000044703484,-0.0010000000474974513,1.0110000371932983,1773948873.394
-0.014999999664723873,-0.003000000026077032,1.0140000581741333,1773948873.313
-0.02199999988079071,-0.003000000026077032,1.0110000371932983,1773948873.333
-0.008999999612569809,0.0020000000949949026,1.0119999647140503,1773948873.353
-0.012000000104308128,-0.0010000000474974513,1.0160000324249268,1773948873.373
-0.023000000044703484,-0.0010000000474974513,1.0110000371932983,1773948873.394
-0.019999999552965164,0.03500000014901161,1.0989999771118164,1773948873.833
-0.15600000321865082,0.10599999874830246,0.9110000133514404,1773948873.853
0.013000000268220901,-0.024000000208616257,1.1610000133514404,1773948873.873
0.0430000014603138,0.0860000029206276,0.8299999833106995,1773948873.893
-0.01899999938905239,0.009999999776482582,1.2660000324249268,1773948873.913
-0.019999999552965164,0.03500000014901161,1.0989999771118164,1773948873.833
-0.15600000321865082,0.10599999874830246,0.9110000133514404,1773948873.853
0.013000000268220901,-0.024000000208616257,1.1610000133514404,1773948873.873
0.0430000014603138,0.0860000029206276,0.8299999833106995,1773948873.893
-0.01899999938905239,0.009999999776482582,1.2660000324249268,1773948873.913
-0.017999999225139618,-0.009999999776482582,1.0110000371932983,1773948878.933
-0.01899999938905239,-0.00800000037997961,1.0119999647140503,1773948878.953
-0.017999999225139618,-0.008999999612569809,1.0180000066757202,1773948878.973
-0.01600000075995922,-0.00800000037997961,1.0119999647140503,1773948878.994
-0.017000000923871994,-0.009999999776482582,1.0149999856948853,1773948879.013
-0.017999999225139618,-0.009999999776482582,1.0110000371932983,1773948878.933
-0.01899999938905239,-0.00800000037997961,1.0119999647140503,1773948878.953
-0.017999999225139618,-0.008999999612569809,1.0180000066757202,1773948878.973
-0.01600000075995922,-0.00800000037997961,1.0119999647140503,1773948878.994
-0.017000000923871994,-0.009999999776482582,1.0149999856948853,1773948879.013
-0.017999999225139618,-0.009999999776482582,1.0110000371932983,1773948878.933
-0.01899999938905239,-0.00800000037997961,1.0119999647140503,1773948878.953
-0.017999999225139618,-0.008999999612569809,1.0180000066757202,1773948878.973
-0.01600000075995922,-0.00800000037997961,1.0119999647140503,1773948878.994
-0.017000000923871994,-0.009999999776482582,1.0149999856948853,1773948879.013
-0.017999999225139618,-0.009999999776482582,1.0110000371932983,1773948878.933
-0.01899999938905239,-0.00800000037997961,1.0119999647140503,1773948878.953
-0.017999999225139618,-0.008999999612569809,1.0180000066757202,1773948878.973
-0.01600000075995922,-0.00800000037997961,1.0119999647140503,1773948878.994
-0.017000000923871994,-0.009999999776482582,1.0149999856948853,1773948879.013
-0.017999999225139618,-0.009999999776482582,1.0110000371932983,1773948878.933
-0.01899999938905239,-0.00800000037997961,1.0119999647140503,1773948878.953
-0.017999999225139618,-0.008999999612569809,1.0180000066757202,1773948878.973
-0.01600000075995922,-0.00800000037997961,1.0119999647140503,1773948878.994
-0.017000000923871994,-0.009999999776482582,1.0149999856948853,1773948879.013
-0.017999999225139618,-0.009999999776482582,1.0110000371932983,1773948878.933
-0.01899999938905239,-0.00800000037997961,1.0119999647140503,1773948878.953
-0.017999999225139618,-0.008999999612569809,1.0180000066757202,1773948878.973
-0.01600000075995922,-0.00800000037997961,1.0119999647140503,1773948878.994
-0.017000000923871994,-0.009999999776482582,1.0149999856948853,1773948879.013
-0.017999999225139618,-0.009999999776482582,1.0110000371932983,1773948878.933
-0.01899999938905239,-0.00800000037997961,1.0119999647140503,1773948878.953
-0.017999999225139618,-0.008999999612569809,1.0180000066757202,1773948878.973
-0.01600000075995922,-0.00800000037997961,1.0119999647140503,1773948878.994
-0.017000000923871994,-0.009999999776482582,1.0149999856948853,1773948879.013
-0.017999999225139618,-0.009999999776482582,1.0110000371932983,1773948878.933
-0.01899999938905239,-0.00800000037997961,1.0119999647140503,1773948878.953
-0.017999999225139618,-0.008999999612569809,1.0180000066757202,1773948878.973
-0.01600000075995922,-0.00800000037997961,1.0119999647140503,1773948878.994
-0.017000000923871994,-0.009999999776482582,1.0149999856948853,1773948879.013
-0.017999999225139618,-0.009999999776482582,1.0110000371932983,1773948878.933
-0.01899999938905239,-0.00800000037997961,1.0119999647140503,1773948878.953
-0.017999999225139618,-0.008999999612569809,1.0180000066757202,1773948878.973
-0.01600000075995922,-0.00800000037997961,1.0119999647140503,1773948878.994
-0.017000000923871994,-0.009999999776482582,1.0149999856948853,1773948879.013
-0.01600000075995922,-0.007000000216066837,1.0190000534057617,1773948881.333
-0.01899999938905239,-0.009999999776482582,1.0180000066757202,1773948881.353
-0.017999999225139618,-0.007000000216066837,1.0180000066757202,1773948881.373
-0.020999999716877937,-0.008999999612569809,1.0140000581741333,1773948881.393
-0.01600000075995922,-0.007000000216066837,1.0089999437332153,1773948881.413
-0.01600000075995922,-0.007000000216066837,1.0190000534057617,1773948881.333
-0.01899999938905239,-0.009999999776482582,1.0180000066757202,1773948881.353
-0.017999999225139618,-0.007000000216066837,1.0180000066757202,1773948881.373
-0.020999999716877937,-0.008999999612569809,1.0140000581741333,1773948881.393
-0.01600000075995922,-0.007000000216066837,1.0089999437332153,1773948881.413
-0.01899999938905239,-0.00800000037997961,1.0110000371932983,1773948881.853
-0.01899999938905239,-0.009999999776482582,1.0169999599456787,1773948881.873
-0.014999999664723873,-0.006000000052154064,1.0149999856948853,1773948881.893
-0.01899999938905239,-0.004000000189989805,1.0169999599456787,1773948881.914
-0.017999999225139618,-0.00800000037997961,1.0130000114440918,1773948881.933
-0.01899999938905239,-0.00800000037997961,1.0110000371932983,1773948881.853
-0.01899999938905239,-0.009999999776482582,1.0169999599456787,1773948881.873
-0.014999999664723873,-0.006000000052154064,1.0149999856948853,1773948881.893
-0.01899999938905239,-0.004000000189989805,1.0169999599456787,1773948881.914
-0.017999999225139618,-0.00800000037997961,1.0130000114440918,1773948881.933
-0.01899999938905239,-0.009999999776482582,1.0160000324249268,1773948882.353
-0.023000000044703484,-0.00800000037997961,1.0099999904632568,1773948882.373
-0.01899999938905239,-0.009999999776482582,1.0140000581741333,1773948882.393
-0.014999999664723873,-0.009999999776482582,1.0160000324249268,1773948882.413
-0.017000000923871994,-0.008999999612569809,1.0149999856948853,1773948882.433
-0.01899999938905239,-0.009999999776482582,1.0160000324249268,1773948882.353
-0.023000000044703484,-0.00800000037997961,1.0099999904632568,1773948882.373
-0.01899999938905239,-0.009999999776482582,1.0140000581741333,1773948882.393
-0.014999999664723873,-0.009999999776482582,1.0160000324249268,1773948882.413
-0.017000000923871994,-0.008999999612569809,1.0149999856948853,1773948882.433
-0.019999999552965164,-0.008999999612569809,1.0130000114440918,1773948882.874
-0.01899999938905239,-0.00800000037997961,1.0190000534057617,1773948882.893
-0.017000000923871994,-0.008999999612569809,1.024999976158142,1773948882.915
-0.01899999938905239,-0.007000000216066837,1.0140000581741333,1773948882.933
-0.017999999225139618,-0.007000000216066837,1.0119999647140503,1773948882.953
-0.019999999552965164,-0.008999999612569809,1.0130000114440918,1773948882.874
-0.01899999938905239,-0.00800000037997961,1.0190000534057617,1773948882.893
-0.017000000923871994,-0.008999999612569809,1.024999976158142,1773948882.915
-0.01899999938905239,-0.007000000216066837,1.0140000581741333,1773948882.933
-0.017999999225139618,-0.007000000216066837,1.0119999647140503,1773948882.953
-0.019999999552965164,-0.008999999612569809,1.0130000114440918,1773948882.874
-0.01899999938905239,-0.00800000037997961,1.0190000534057617,1773948882.893
-0.017000000923871994,-0.008999999612569809,1.024999976158142,1773948882.915
-0.01899999938905239,-0.007000000216066837,1.0140000581741333,1773948882.933
-0.017999999225139618,-0.007000000216066837,1.0119999647140503,1773948882.953
-0.019999999552965164,-0.006000000052154064,1.0169999599456787,1773948883.373
-0.014000000432133675,-0.00800000037997961,1.0169999599456787,1773948883.393
-0.017999999225139618,-0.006000000052154064,1.0080000162124634,1773948883.416
-0.014000000432133675,-0.010999999940395355,1.0190000534057617,1773948883.433
-0.019999999552965164,-0.008999999612569809,1.0140000581741333,1773948883.453
-0.02199999988079071,-0.007000000216066837,1.0099999904632568,1773948883.894
-0.01899999938905239,-0.004999999888241291,1.0080000162124634,1773948883.913
-0.01899999938905239,-0.00800000037997961,1.0140000581741333,1773948883.933
-0.01600000075995922,-0.00800000037997961,1.0140000581741333,1773948883.953
-0.020999999716877937,-0.013000000268220901,1.0190000534057617,1773948883.973
-0.02199999988079071,-0.007000000216066837,1.0099999904632568,1773948883.894
-0.01899999938905239,-0.004999999888241291,1.0080000162124634,1773948883.913
-0.01899999938905239,-0.00800000037997961,1.0140000581741333,1773948883.933
-0.01600000075995922,-0.00800000037997961,1.0140000581741333,1773948883.953
-0.020999999716877937,-0.013000000268220901,1.0190000534057617,1773948883.973
-0.017999999225139618,-0.00800000037997961,1.0199999809265137,1773948884.393
-0.01899999938905239,-0.00800000037997961,1.0149999856948853,1773948884.414
-0.019999999552965164,-0.010999999940395355,1.0140000581741333,1773948884.433
-0.01899999938905239,-0.004999999888241291,1.0140000581741333,1773948884.453
-0.01899999938905239,-0.008999999612569809,1.0110000371932983,1773948884.473
-0.017999999225139618,-0.00800000037997961,1.0199999809265137,1773948884.393
-0.01899999938905239,-0.00800000037997961,1.0149999856948853,1773948884.414
-0.019999999552965164,-0.010999999940395355,1.0140000581741333,1773948884.433
-0.01899999938905239,-0.004999999888241291,1.0140000581741333,1773948884.453
-0.01899999938905239,-0.008999999612569809,1.0110000371932983,1773948884.473
-0.01899999938905239,-0.006000000052154064,1.0149999856948853,1773948884.913
-0.01600000075995922,-0.010999999940395355,1.0160000324249268,1773948884.933
-0.017999999225139618,-0.008999999612569809,1.0149999856948853,1773948884.954
-0.017999999225139618,-0.008999999612569809,1.0169999599456787,1773948884.973
-0.017000000923871994,-0.008999999612569809,1.0160000324249268,1773948884.994
-0.01899999938905239,-0.006000000052154064,1.0149999856948853,1773948884.913
-0.01600000075995922,-0.010999999940395355,1.0160000324249268,1773948884.933
-0.017999999225139618,-0.008999999612569809,1.0149999856948853,1773948884.954
-0.017999999225139618,-0.008999999612569809,1.0169999599456787,1773948884.973
-0.017000000923871994,-0.008999999612569809,1.0160000324249268,1773948884.994
-0.01600000075995922,-0.009999999776482582,1.024999976158142,1773948885.413
-0.017999999225139618,-0.00800000037997961,1.0160000324249268,1773948885.433
-0.01600000075995922,-0.009999999776482582,1.0199999809265137,1773948885.453
-0.014000000432133675,-0.004000000189989805,1.0149999856948853,1773948885.473
-0.02199999988079071,-0.009999999776482582,1.0130000114440918,1773948885.493
-0.01600000075995922,-0.009999999776482582,1.024999976158142,1773948885.413
-0.017999999225139618,-0.00800000037997961,1.0160000324249268,1773948885.433
-0.01600000075995922,-0.009999999776482582,1.0199999809265137,1773948885.453
-0.014000000432133675,-0.004000000189989805,1.0149999856948853,1773948885.473
-0.02199999988079071,-0.009999999776482582,1.0130000114440918,1773948885.493
-0.017999999225139618,-0.010999999940395355,1.0160000324249268,1773948885.933
-0.01600000075995922,-0.006000000052154064,1.0140000581741333,1773948885.953
-0.017999999225139618,-0.009999999776482582,1.0160000324249268,1773948885.973
-0.014000000432133675,-0.00800000037997961,1.0160000324249268,1773948885.993
-0.017000000923871994,-0.008999999612569809,1.0130000114440918,1773948886.013
-0.017999999225139618,-0.010999999940395355,1.0160000324249268,1773948885.933
-0.01600000075995922,-0.006000000052154064,1.0140000581741333,1773948885.953
-0.017999999225139618,-0.009999999776482582,1.0160000324249268,1773948885.973
-0.014000000432133675,-0.00800000037997961,1.0160000324249268,1773948885.993
-0.017000000923871994,-0.008999999612569809,1.0130000114440918,1773948886.013
-0.014000000432133675,-0.010999999940395355,1.0130000114440918,1773948886.433
-0.014000000432133675,-0.010999999940395355,1.0199999809265137,1773948886.453
-0.017999999225139618,-0.007000000216066837,1.0169999599456787,1773948886.473
-0.019999999552965164,-0.006000000052154064,1.0099999904632568,1773948886.493
-0.017000000923871994,-0.00800000037997961,1.0169999599456787,1773948886.513
-0.014000000432133675,-0.010999999940395355,1.0130000114440918,1773948886.433
-0.014000000432133675,-0.010999999940395355,1.0199999809265137,1773948886.453
-0.017999999225139618,-0.007000000216066837,1.0169999599456787,1773948886.473
-0.019999999552965164,-0.006000000052154064,1.0099999904632568,1773948886.493
-0.017000000923871994,-0.00800000037997961,1.0169999599456787,1773948886.513
-0.017999999225139618,-0.008999999612569809,1.0149999856948853,1773948886.953
-0.01600000075995922,-0.009999999776482582,1.0199999809265137,1773948886.973
-0.02199999988079071,-0.008999999612569809,1.0140000581741333,1773948886.993
-0.01899999938905239,-0.008999999612569809,1.0190000534057617,1773948887.013
-0.017000000923871994,-0.008999999612569809,1.0099999904632568,1773948887.033
-0.014999999664723873,-0.006000000052154064,1.0140000581741333,1773948887.454
-0.017999999225139618,-0.012000000104308128,1.0160000324249268,1773948887.473
-0.019999999552965164,-0.008999999612569809,1.0080000162124634,1773948887.493
-0.017999999225139618,-0.010999999940395355,1.0210000276565552,1773948887.513
-0.01600000075995922,-0.00800000037997961,1.0169999599456787,1773948887.533
-0.014999999664723873,-0.006000000052154064,1.0140000581741333,1773948887.454
-0.017999999225139618,-0.012000000104308128,1.0160000324249268,1773948887.473
-0.019999999552965164,-0.008999999612569809,1.0080000162124634,1773948887.493
-0.017999999225139618,-0.010999999940395355,1.0210000276565552,1773948887.513
-0.01600000075995922,-0.00800000037997961,1.0169999599456787,1773948887.533
-0.017999999225139618,-0.00800000037997961,1.0219999551773071,1773948887.973
-0.017000000923871994,-0.010999999940395355,1.0119999647140503,1773948887.993
-0.019999999552965164,-0.008999999612569809,1.0180000066757202,1773948888.013
-0.017999999225139618,-0.007000000216066837,1.0140000581741333,1773948888.033
-0.01899999938905239,-0.007000000216066837,1.0160000324249268,1773948888.054
-0.017999999225139618,-0.00800000037997961,1.0219999551773071,1773948887.973
-0.017000000923871994,-0.010999999940395355,1.0119999647140503,1773948887.993
-0.019999999552965164,-0.008999999612569809,1.0180000066757202,1773948888.013
-0.017999999225139618,-0.007000000216066837,1.0140000581741333,1773948888.033
-0.01899999938905239,-0.007000000216066837,1.0160000324249268,1773948888.054
-0.02199999988079071,-0.009999999776482582,1.0149999856948853,1773948888.473
-0.01600000075995922,-0.008999999612569809,1.0190000534057617,1773948888.494
-0.01899999938905239,-0.009999999776482582,1.0160000324249268,1773948888.513
-0.017000000923871994,-0.012000000104308128,1.0099999904632568,1773948888.533
-0.017999999225139618,-0.009999999776482582,1.0169999599456787,1773948888.553
-0.017999999225139618,-0.008999999612569809,1.0160000324249268,1773948888.993
-0.020999999716877937,-0.00800000037997961,1.0130000114440918,1773948889.013
-0.017000000923871994,-0.010999999940395355,1.0169999599456787,1773948889.033
-0.01899999938905239,-0.012000000104308128,1.0130000114440918,1773948889.053
-0.014000000432133675,-0.007000000216066837,1.0119999647140503,1773948889.073
-0.017999999225139618,-0.008999999612569809,1.0160000324249268,1773948888.993
-0.020999999716877937,-0.00800000037997961,1.0130000114440918,1773948889.013
-0.017000000923871994,-0.010999999940395355,1.0169999599456787,1773948889.033
-0.01899999938905239,-0.012000000104308128,1.0130000114440918,1773948889.053
-0.014000000432133675,-0.007000000216066837,1.0119999647140503,1773948889.073
-0.017999999225139618,-0.007000000216066837,1.0160000324249268,1773948889.493
-0.017000000923871994,-0.007000000216066837,1.0110000371932983,1773948889.515
-0.019999999552965164,-0.008999999612569809,1.0180000066757202,1773948889.533
-0.019999999552965164,-0.00800000037997961,1.0119999647140503,1773948889.553
-0.017000000923871994,-0.004999999888241291,1.0160000324249268,1773948889.578
-0.017999999225139618,-0.007000000216066837,1.0160000324249268,1773948889.493
-0.017000000923871994,-0.007000000216066837,1.0110000371932983,1773948889.515
-0.019999999552965164,-0.008999999612569809,1.0180000066757202,1773948889.533
-0.019999999552965164,-0.00800000037997961,1.0119999647140503,1773948889.553
-0.017000000923871994,-0.004999999888241291,1.0160000324249268,1773948889.578
-0.017999999225139618,-0.00800000037997961,1.0190000534057617,1773948890.013
-0.01899999938905239,-0.00800000037997961,1.0149999856948853,1773948890.033
-0.01600000075995922,-0.006000000052154064,1.0180000066757202,1773948890.053
-0.017000000923871994,-0.00800000037997961,1.0099999904632568,1773948890.073
-0.01899999938905239,-0.009999999776482582,1.0149999856948853,1773948890.093
-0.017999999225139618,-0.00800000037997961,1.0190000534057617,1773948890.013
-0.01899999938905239,-0.00800000037997961,1.0149999856948853,1773948890.033
-0.01600000075995922,-0.006000000052154064,1.0180000066757202,1773948890.053
-0.017000000923871994,-0.00800000037997961,1.0099999904632568,1773948890.073
-0.01899999938905239,-0.009999999776482582,1.0149999856948853,1773948890.093
-0.01899999938905239,-0.009999999776482582,1.0140000581741333,1773948890.515
-0.017000000923871994,-0.008999999612569809,1.0119999647140503,1773948890.533
-0.01899999938905239,-0.00800000037997961,1.0199999809265137,1773948890.553
-0.014000000432133675,-0.007000000216066837,1.0180000066757202,1773948890.573
-0.01600000075995922,-0.008999999612569809,1.0199999809265137,1773948890.593
-0.01899999938905239,-0.009999999776482582,1.0140000581741333,1773948890.515
-0.017000000923871994,-0.008999999612569809,1.0119999647140503,1773948890.533
-0.01899999938905239,-0.00800000037997961,1.0199999809265137,1773948890.553
-0.014000000432133675,-0.007000000216066837,1.0180000066757202,1773948890.573
-0.01600000075995922,-0.008999999612569809,1.0199999809265137,1773948890.593
-0.01899999938905239,-0.009999999776482582,1.0140000581741333,1773948890.515
-0.017000000923871994,-0.008999999612569809,1.0119999647140503,1773948890.533
-0.01899999938905239,-0.00800000037997961,1.0199999809265137,1773948890.553
-0.014000000432133675,-0.007000000216066837,1.0180000066757202,1773948890.573
-0.01600000075995922,-0.008999999612569809,1.0199999809265137,1773948890.593
-0.017000000923871994,-0.004999999888241291,1.0160000324249268,1773948891.013
-0.01899999938905239,-0.00800000037997961,1.0160000324249268,1773948891.033
-0.01899999938905239,-0.00800000037997961,1.00600004196167,1773948891.053
-0.017999999225139618,-0.008999999612569809,1.0199999809265137,1773948891.073
-0.017999999225139618,-0.006000000052154064,1.0149999856948853,1773948891.093
-0.017000000923871994,-0.004999999888241291,1.0160000324249268,1773948891.013
-0.01899999938905239,-0.00800000037997961,1.0160000324249268,1773948891.033
-0.01899999938905239,-0.00800000037997961,1.00600004196167,1773948891.053
-0.017999999225139618,-0.008999999612569809,1.0199999809265137,1773948891.073
-0.017999999225139618,-0.006000000052154064,1.0149999856948853,1773948891.093
-0.004000000189989805,0.027000000700354576,1.0290000438690186,1773948891.533
-0.003000000026077032,0.02500000037252903,1.0190000534057617,1773948891.553
-0.023000000044703484,0.04100000113248825,1.0069999694824219,1773948891.573
-0.029999999329447746,0.11500000208616257,0.9890000224113464,1773948891.593
-0.032999999821186066,0.08699999749660492,0.9950000047683716,1773948891.615
-0.004000000189989805,0.027000000700354576,1.0290000438690186,1773948891.533
-0.003000000026077032,0.02500000037252903,1.0190000534057617,1773948891.553
-0.023000000044703484,0.04100000113248825,1.0069999694824219,1773948891.573
-0.029999999329447746,0.11500000208616257,0.9890000224113464,1773948891.593
-0.032999999821186066,0.08699999749660492,0.9950000047683716,1773948891.615
-0.02800000086426735,0.07500000298023224,0.9470000267028809,1773948892.053
-0.032999999821186066,0.009999999776482582,0.996999979019165,1773948892.073
0.003000000026077032,0.04100000113248825,1.0,1773948892.093
0.007000000216066837,0.06499999761581421,1.0069999694824219,1773948892.115
0.06599999964237213,-0.026000000536441803,1.0880000591278076,1773948892.133
-0.02800000086426735,0.07500000298023224,0.9470000267028809,1773948892.053
-0.032999999821186066,0.009999999776482582,0.996999979019165,1773948892.073
0.003000000026077032,0.04100000113248825,1.0,1773948892.093
0.007000000216066837,0.06499999761581421,1.0069999694824219,1773948892.115
0.06599999964237213,-0.026000000536441803,1.0880000591278076,1773948892.133
-0.13099999725818634,0.003000000026077032,0.9710000157356262,1773948892.553
-0.07100000232458115,-0.10300000011920929,1.1050000190734863,1773948892.573
0.024000000208616257,0.020999999716877937,0.9089999794960022,1773948892.593
0.008999999612569809,-0.11900000274181366,1.0529999732971191,1773948892.614
-0.041999999433755875,-0.07800000160932541,1.027999997138977,1773948892.633
-0.13099999725818634,0.003000000026077032,0.9710000157356262,1773948892.553
-0.07100000232458115,-0.10300000011920929,1.1050000190734863,1773948892.573
0.024000000208616257,0.020999999716877937,0.9089999794960022,1773948892.593
0.008999999612569809,-0.11900000274181366,1.0529999732971191,1773948892.614
-0.041999999433755875,-0.07800000160932541,1.027999997138977,1773948892.633
0.032999999821186066,-0.10300000011920929,0.9819999933242798,1773948893.073
-0.04100000113248825,-0.10700000077486038,1.0149999856948853,1773948893.093
-0.054999999701976776,-0.09399999678134918,0.9980000257492065,1773948893.116
0.0020000000949949026,-0.10100000351667404,1.034000039100647,1773948893.133
0.012000000104308128,-0.08799999952316284,1.00600004196167,1773948893.153
0.032999999821186066,-0.10300000011920929,0.9819999933242798,1773948893.073
-0.04100000113248825,-0.10700000077486038,1.0149999856948853,1773948893.093
-0.054999999701976776,-0.09399999678134918,0.9980000257492065,1773948893.116
0.0020000000949949026,-0.10100000351667404,1.034000039100647,1773948893.133
0.012000000104308128,-0.08799999952316284,1.00600004196167,1773948893.153
0.032999999821186066,-0.10300000011920929,0.9819999933242798,1773948893.073
-0.04100000113248825,-0.10700000077486038,1.0149999856948853,1773948893.093
-0.054999999701976776,-0.09399999678134918,0.9980000257492065,1773948893.116
0.0020000000949949026,-0.10100000351667404,1.034000039100647,1773948893.133
0.012000000104308128,-0.08799999952316284,1.00600004196167,1773948893.153
-0.023000000044703484,-0.009999999776482582,1.0210000276565552,1773948893.573
-0.020999999716877937,-0.009999999776482582,1.0099999904632568,1773948893.593
-0.014000000432133675,-0.00800000037997961,1.0169999599456787,1773948893.615
-0.019999999552965164,-0.010999999940395355,1.0080000162124634,1773948893.633
-0.017999999225139618,-0.008999999612569809,1.0169999599456787,1773948893.653
-0.023000000044703484,-0.009999999776482582,1.0210000276565552,1773948893.573
-0.020999999716877937,-0.009999999776482582,1.0099999904632568,1773948893.593
-0.014000000432133675,-0.00800000037997961,1.0169999599456787,1773948893.615
-0.019999999552965164,-0.010999999940395355,1.0080000162124634,1773948893.633
-0.017999999225139618,-0.008999999612569809,1.0169999599456787,1773948893.653
-0.0010000000474974513,-0.012000000104308128,0.996999979019165,1773948894.093
-0.01600000075995922,-0.017999999225139618,1.0420000553131104,1773948894.113
-0.04600000008940697,0.003000000026077032,1.0260000228881836,1773948894.133
0.0020000000949949026,-0.010999999940395355,1.0049999952316284,1773948894.153
-0.024000000208616257,0.019999999552965164,1.0069999694824219,1773948894.173
-0.0010000000474974513,-0.012000000104308128,0.996999979019165,1773948894.093
-0.01600000075995922,-0.017999999225139618,1.0420000553131104,1773948894.113
-0.04600000008940697,0.003000000026077032,1.0260000228881836,1773948894.133
0.0020000000949949026,-0.010999999940395355,1.0049999952316284,1773948894.153
-0.024000000208616257,0.019999999552965164,1.0069999694824219,1773948894.173
-0.019999999552965164,-0.008999999612569809,1.0180000066757202,1773948894.593
-0.03200000151991844,0.05900000035762787,1.0080000162124634,1773948894.614
0.0,0.04100000113248825,1.0149999856948853,1773948894.633
-0.04100000113248825,0.05700000002980232,0.9879999756813049,1773948894.653
0.03200000151991844,0.010999999940395355,1.0169999599456787,1773948894.673
-0.019999999552965164,-0.008999999612569809,1.0180000066757202,1773948894.593
-0.03200000151991844,0.05900000035762787,1.0080000162124634,1773948894.614
0.0,0.04100000113248825,1.0149999856948853,1773948894.633
-0.04100000113248825,0.05700000002980232,0.9879999756813049,1773948894.653
0.03200000151991844,0.010999999940395355,1.0169999599456787,1773948894.673
-0.03500000014901161,0.008999999612569809,0.9300000071525574,1773948895.115
0.061000000685453415,-0.04600000008940697,1.0499999523162842,1773948895.133
-0.07199999690055847,0.04399999976158142,0.9760000109672546,1773948895.153
0.029999999329447746,-0.02500000037252903,1.0379999876022339,1773948895.174
-0.032999999821186066,-0.01600000075995922,1.0149999856948853,1773948895.193
-0.03500000014901161,0.008999999612569809,0.9300000071525574,1773948895.115
0.061000000685453415,-0.04600000008940697,1.0499999523162842,1773948895.133
-0.07199999690055847,0.04399999976158142,0.9760000109672546,1773948895.153
0.029999999329447746,-0.02500000037252903,1.0379999876022339,1773948895.174
-0.032999999821186066,-0.01600000075995922,1.0149999856948853,1773948895.193
-0.03500000014901161,0.008999999612569809,0.9300000071525574,1773948895.115
0.061000000685453415,-0.04600000008940697,1.0499999523162842,1773948895.133
-0.07199999690055847,0.04399999976158142,0.9760000109672546,1773948895.153
0.029999999329447746,-0.02500000037252903,1.0379999876022339,1773948895.174
-0.032999999821186066,-0.01600000075995922,1.0149999856948853,1773948895.193
-0.02500000037252903,0.0,0.9729999899864197,1773948895.615
0.03400000184774399,-0.008999999612569809,1.0789999961853027,1773948895.634
0.05999999865889549,-0.003000000026077032,0.9629999995231628,1773948895.653
0.04699999839067459,0.03200000151991844,1.0509999990463257,1773948895.674
-0.07100000232458115,0.05000000074505806,1.0049999952316284,1773948895.693
-0.02199999988079071,0.1550000011920929,1.031000018119812,1773948896.115
-0.03700000047683716,0.0949999988079071,1.0,1773948896.135
0.0020000000949949026,-0.009999999776482582,1.0140000581741333,1773948896.16
-0.017000000923871994,-0.00800000037997961,1.0119999647140503,1773948896.173
-0.04899999871850014,-0.004000000189989805,1.0180000066757202,1773948896.193
-0.02199999988079071,0.1550000011920929,1.031000018119812,1773948896.115
-0.03700000047683716,0.0949999988079071,1.0,1773948896.135
0.0020000000949949026,-0.009999999776482582,1.0140000581741333,1773948896.16
-0.017000000923871994,-0.00800000037997961,1.0119999647140503,1773948896.173
-0.04899999871850014,-0.004000000189989805,1.0180000066757202,1773948896.193
-0.02199999988079071,0.1550000011920929,1.031000018119812,1773948896.115
-0.03700000047683716,0.0949999988079071,1.0,1773948896.135
0.0020000000949949026,-0.009999999776482582,1.0140000581741333,1773948896.16
-0.017000000923871994,-0.00800000037997961,1.0119999647140503,1773948896.173
-0.04899999871850014,-0.004000000189989805,1.0180000066757202,1773948896.193
-0.10599999874830246,0.03700000047683716,0.9860000014305115,1773948896.634
0.06599999964237213,0.028999999165534973,1.062000036239624,1773948896.654
-0.035999998450279236,0.04800000041723251,0.9350000023841858,1773948896.674
-0.01600000075995922,0.003000000026077032,1.0820000171661377,1773948896.694
0.06599999964237213,0.01899999938905239,1.0049999952316284,1773948896.715
-0.10599999874830246,0.03700000047683716,0.9860000014305115,1773948896.634
0.06599999964237213,0.028999999165534973,1.062000036239624,1773948896.654
-0.035999998450279236,0.04800000041723251,0.9350000023841858,1773948896.674
-0.01600000075995922,0.003000000026077032,1.0820000171661377,1773948896.694
0.06599999964237213,0.01899999938905239,1.0049999952316284,1773948896.715
0.052000001072883606,0.010999999940395355,0.925000011920929,1773948897.133
-0.06300000101327896,0.04699999839067459,1.1330000162124634,1773948897.153
-0.006000000052154064,0.04899999871850014,0.8389999866485596,1773948897.176
-0.05900000035762787,-0.014000000432133675,1.1039999723434448,1773948897.193
-0.11400000005960464,0.07000000029802322,0.9860000014305115,1773948897.215
0.052000001072883606,0.010999999940395355,0.925000011920929,1773948897.133
-0.06300000101327896,0.04699999839067459,1.1330000162124634,1773948897.153
-0.006000000052154064,0.04899999871850014,0.8389999866485596,1773948897.176
-0.05900000035762787,-0.014000000432133675,1.1039999723434448,1773948897.193
-0.11400000005960464,0.07000000029802322,0.9860000014305115,1773948897.215
0.06700000166893005,-0.028999999165534973,1.0809999704360962,1773948897.654
0.04100000113248825,0.029999999329447746,0.8619999885559082,1773948897.674
-0.0560000017285347,-0.006000000052154064,1.1770000457763672,1773948897.694
-0.03700000047683716,0.0430000014603138,0.7480000257492065,1773948897.714
-0.06300000101327896,-0.07699999958276749,1.1460000276565552,1773948897.734
0.06700000166893005,-0.028999999165534973,1.0809999704360962,1773948897.654
0.04100000113248825,0.029999999329447746,0.8619999885559082,1773948897.674
-0.0560000017285347,-0.006000000052154064,1.1770000457763672,1773948897.694
-0.03700000047683716,0.0430000014603138,0.7480000257492065,1773948897.714
-0.06300000101327896,-0.07699999958276749,1.1460000276565552,1773948897.734
-0.057999998331069946,0.027000000700354576,0.8709999918937683,1773948898.154
-0.0020000000949949026,-0.061000000685453415,1.3580000400543213,1773948898.174
0.15600000321865082,-0.01600000075995922,0.9629999995231628,1773948898.193
-0.17000000178813934,0.0989999994635582,0.8659999966621399,1773948898.213
-0.17599999904632568,-0.014000000432133675,1.0839999914169312,1773948898.233
-0.057999998331069946,0.027000000700354576,0.8709999918937683,1773948898.154
-0.0020000000949949026,-0.061000000685453415,1.3580000400543213,1773948898.174
0.15600000321865082,-0.01600000075995922,0.9629999995231628,1773948898.193
-0.17000000178813934,0.0989999994635582,0.8659999966621399,1773948898.213
-0.17599999904632568,-0.014000000432133675,1.0839999914169312,1773948898.233
-0.008999999612569809,-0.017999999225139618,0.9929999709129333,1773948898.673
-0.028999999165534973,-0.014000000432133675,1.152999997138977,1773948898.693
0.04399999976158142,0.024000000208616257,0.9259999990463257,1773948898.713
-0.057999998331069946,0.004999999888241291,1.0779999494552612,1773948898.733
-0.04100000113248825,0.028999999165534973,0.9390000104904175,1773948898.754
-0.008999999612569809,-0.017999999225139618,0.9929999709129333,1773948898.673
-0.028999999165534973,-0.014000000432133675,1.152999997138977,1773948898.693
0.04399999976158142,0.024000000208616257,0.9259999990463257,1773948898.713
-0.057999998331069946,0.004999999888241291,1.0779999494552612,1773948898.733
-0.04100000113248825,0.028999999165534973,0.9390000104904175,1773948898.754
-0.008999999612569809,-0.017999999225139618,0.9929999709129333,1773948898.673
-0.028999999165534973,-0.014000000432133675,1.152999997138977,1773948898.693
0.04399999976158142,0.024000000208616257,0.9259999990463257,1773948898.713
-0.057999998331069946,0.004999999888241291,1.0779999494552612,1773948898.733
-0.04100000113248825,0.028999999165534973,0.9390000104904175,1773948898.754
-0.004999999888241291,-0.04699999839067459,1.0670000314712524,1773948899.194
0.07999999821186066,-0.05000000074505806,1.0640000104904175,1773948899.214
-0.15199999511241913,-0.0,0.9309999942779541,1773948899.234
-0.11599999666213989,-0.0020000000949949026,1.059999942779541,1773948899.254
-0.019999999552965164,0.019999999552965164,1.1339999437332153,1773948899.274
-0.004999999888241291,-0.04699999839067459,1.0670000314712524,1773948899.194
0.07999999821186066,-0.05000000074505806,1.0640000104904175,1773948899.214
-0.15199999511241913,-0.0,0.9309999942779541,1773948899.234
-0.11599999666213989,-0.0020000000949949026,1.059999942779541,1773948899.254
-0.019999999552965164,0.019999999552965164,1.1339999437332153,1773948899.274
-0.03099999949336052,-0.017000000923871994,1.0490000247955322,1773948899.714
0.03999999910593033,-0.014999999664723873,1.1490000486373901,1773948899.734
0.003000000026077032,-0.007000000216066837,0.8859999775886536,1773948899.754
0.020999999716877937,0.004999999888241291,1.2009999752044678,1773948899.774
-0.03799999877810478,-0.03400000184774399,0.8519999980926514,1773948899.794
-0.03099999949336052,-0.017000000923871994,1.0490000247955322,1773948899.714
0.03999999910593033,-0.014999999664723873,1.1490000486373901,1773948899.734
0.003000000026077032,-0.007000000216066837,0.8859999775886536,1773948899.754
0.020999999716877937,0.004999999888241291,1.2009999752044678,1773948899.774
-0.03799999877810478,-0.03400000184774399,0.8519999980926514,1773948899.794
-0.02500000037252903,-0.04699999839067459,0.9570000171661377,1773948900.214
0.04399999976158142,-0.03400000184774399,1.0470000505447388,1773948900.234
-0.04600000008940697,-0.06199999898672104,1.0130000114440918,1773948900.254
-0.013000000268220901,-0.01899999938905239,1.0180000066757202,1773948900.274
0.01600000075995922,-0.014000000432133675,0.8899999856948853,1773948900.294
-0.02500000037252903,-0.04699999839067459,0.9570000171661377,1773948900.214
0.04399999976158142,-0.03400000184774399,1.0470000505447388,1773948900.234
-0.04600000008940697,-0.06199999898672104,1.0130000114440918,1773948900.254
-0.013000000268220901,-0.01899999938905239,1.0180000066757202,1773948900.274
0.01600000075995922,-0.014000000432133675,0.8899999856948853,1773948900.294
-0.02500000037252903,-0.04699999839067459,0.9570000171661377,1773948900.214
0.04399999976158142,-0.03400000184774399,1.0470000505447388,1773948900.234
-0.04600000008940697,-0.06199999898672104,1.0130000114440918,1773948900.254
-0.013000000268220901,-0.01899999938905239,1.0180000066757202,1773948900.274
0.01600000075995922,-0.014000000432133675,0.8899999856948853,1773948900.294
0.07599999755620956,-0.024000000208616257,1.059999942779541,1773948900.734
-0.07000000029802322,0.04600000008940697,1.0080000162124634,1773948900.755
0.01600000075995922,0.04699999839067459,1.1699999570846558,1773948900.774
0.029999999329447746,-0.014000000432133675,0.984000027179718,1773948900.794
0.11299999803304672,-0.10999999940395355,1.0069999694824219,1773948900.814
0.07599999755620956,-0.024000000208616257,1.059999942779541,1773948900.734
-0.07000000029802322,0.04600000008940697,1.0080000162124634,1773948900.755
0.01600000075995922,0.04699999839067459,1.1699999570846558,1773948900.774
0.029999999329447746,-0.014000000432133675,0.984000027179718,1773948900.794
0.11299999803304672,-0.10999999940395355,1.0069999694824219,1773948900.814
0.004999999888241291,0.06800000369548798,0.8690000176429749,1773948901.234
0.06499999761581421,-0.050999999046325684,0.925000011920929,1773948901.254
-0.11999999731779099,0.07000000029802322,1.1299999952316284,1773948901.274
-0.11599999666213989,-0.004999999888241291,0.9380000233650208,1773948901.294
-0.05999999865889549,0.004000000189989805,1.055999994277954,1773948901.314
0.004999999888241291,0.06800000369548798,0.8690000176429749,1773948901.234
0.06499999761581421,-0.050999999046325684,0.925000011920929,1773948901.254
-0.11999999731779099,0.07000000029802322,1.1299999952316284,1773948901.274
-0.11599999666213989,-0.004999999888241291,0.9380000233650208,1773948901.294
-0.05999999865889549,0.004000000189989805,1.055999994277954,1773948901.314
0.004999999888241291,0.06800000369548798,0.8690000176429749,1773948901.234
0.06499999761581421,-0.050999999046325684,0.925000011920929,1773948901.254
-0.11999999731779099,0.07000000029802322,1.1299999952316284,1773948901.274
-0.11599999666213989,-0.004999999888241291,0.9380000233650208,1773948901.294
-0.05999999865889549,0.004000000189989805,1.055999994277954,1773948901.314
-0.14499999582767487,0.039000000804662704,1.0479999780654907,1773948901.754
-0.11900000274181366,-0.0820000022649765,1.1829999685287476,1773948901.777
-0.03700000047683716,-0.03500000014901161,0.9649999737739563,1773948901.794
0.15399999916553497,-0.00800000037997961,1.093999981880188,1773948901.814
-0.041999999433755875,-0.08100000023841858,0.8399999737739563,1773948901.834
-0.14499999582767487,0.039000000804662704,1.0479999780654907,1773948901.754
-0.11900000274181366,-0.0820000022649765,1.1829999685287476,1773948901.777
-0.03700000047683716,-0.03500000014901161,0.9649999737739563,1773948901.794
0.15399999916553497,-0.00800000037997961,1.093999981880188,1773948901.814
-0.041999999433755875,-0.08100000023841858,0.8399999737739563,1773948901.834
-0.24799999594688416,0.014999999664723873,0.7799999713897705,1773948902.254
0.02500000037252903,-0.039000000804662704,1.1829999685287476,1773948902.274
0.06300000101327896,-0.00800000037997961,0.9490000009536743,1773948902.294
-0.05400000140070915,-0.0020000000949949026,1.034999966621399,1773948902.314
-0.0989999994635582,-0.04699999839067459,1.00600004196167,1773948902.334
-0.24799999594688416,0.014999999664723873,0.7799999713897705,1773948902.254
0.02500000037252903,-0.039000000804662704,1.1829999685287476,1773948902.274
0.06300000101327896,-0.00800000037997961,0.9490000009536743,1773948902.294
-0.05400000140070915,-0.0020000000949949026,1.034999966621399,1773948902.314
-0.0989999994635582,-0.04699999839067459,1.00600004196167,1773948902.334
-0.24799999594688416,0.014999999664723873,0.7799999713897705,1773948902.254
0.02500000037252903,-0.039000000804662704,1.1829999685287476,1773948902.274
0.06300000101327896,-0.00800000037997961,0.9490000009536743,1773948902.294
-0.05400000140070915,-0.0020000000949949026,1.034999966621399,1773948902.314
-0.0989999994635582,-0.04699999839067459,1.00600004196167,1773948902.334
-0.09600000083446503,-0.0430000014603138,1.1619999408721924,1773948902.774
0.006000000052154064,0.04399999976158142,0.9139999747276306,1773948902.794
0.0010000000474974513,0.028999999165534973,1.1239999532699585,1773948902.814
0.0430000014603138,0.0020000000949949026,0.8949999809265137,1773948902.834
0.04800000041723251,0.07900000363588333,0.9710000157356262,1773948902.854
-0.09600000083446503,-0.0430000014603138,1.1619999408721924,1773948902.774
0.006000000052154064,0.04399999976158142,0.9139999747276306,1773948902.794
0.0010000000474974513,0.028999999165534973,1.1239999532699585,1773948902.814
0.0430000014603138,0.0020000000949949026,0.8949999809265137,1773948902.834
0.04800000041723251,0.07900000363588333,0.9710000157356262,1773948902.854
-0.06499999761581421,-0.0430000014603138,0.9890000224113464,1773948903.274
0.0689999982714653,0.017000000923871994,0.9440000057220459,1773948903.294
-0.03700000047683716,-0.013000000268220901,1.1169999837875366,1773948903.314
-0.013000000268220901,0.02500000037252903,0.8059999942779541,1773948903.334
-0.00800000037997961,-0.04699999839067459,1.25600004196167,1773948903.354
-0.06499999761581421,-0.0430000014603138,0.9890000224113464,1773948903.274
0.0689999982714653,0.017000000923871994,0.9440000057220459,1773948903.294
-0.03700000047683716,-0.013000000268220901,1.1169999837875366,1773948903.314
-0.013000000268220901,0.02500000037252903,0.8059999942779541,1773948903.334
-0.00800000037997961,-0.04699999839067459,1.25600004196167,1773948903.354
-0.06499999761581421,-0.0430000014603138,0.9890000224113464,1773948903.274
0.0689999982714653,0.017000000923871994,0.9440000057220459,1773948903.294
-0.03700000047683716,-0.013000000268220901,1.1169999837875366,1773948903.314
-0.013000000268220901,0.02500000037252903,0.8059999942779541,1773948903.334
-0.00800000037997961,-0.04699999839067459,1.25600004196167,1773948903.354
0.027000000700354576,0.027000000700354576,0.9150000214576721,1773948903.794
0.0729999989271164,0.052000001072883606,1.1230000257492065,1773948903.814
0.06400000303983688,-0.01600000075995922,1.13100004196167,1773948903.834
0.05900000035762787,0.07100000232458115,0.7749999761581421,1773948903.854
-0.17599999904632568,-0.004999999888241291,1.3270000219345093,1773948903.874
0.027000000700354576,0.027000000700354576,0.9150000214576721,1773948903.794
0.0729999989271164,0.052000001072883606,1.1230000257492065,1773948903.814
0.06400000303983688,-0.01600000075995922,1.13100004196167,1773948903.834
0.05900000035762787,0.07100000232458115,0.7749999761581421,1773948903.854
-0.17599999904632568,-0.004999999888241291,1.3270000219345093,1773948903.874
0.027000000700354576,0.027000000700354576,0.9150000214576721,1773948903.794
0.0729999989271164,0.052000001072883606,1.1230000257492065,1773948903.814
0.06400000303983688,-0.01600000075995922,1.13100004196167,1773948903.834
0.05900000035762787,0.07100000232458115,0.7749999761581421,1773948903.854
-0.17599999904632568,-0.004999999888241291,1.3270000219345093,1773948903.874
-0.00800000037997961,0.008999999612569809,1.246000051498413,1773948904.294
0.08399999886751175,0.006000000052154064,0.8320000171661377,1773948904.314
-0.04699999839067459,0.004999999888241291,1.1749999523162842,1773948904.334
0.054999999701976776,0.052000001072883606,0.9380000233650208,1773948904.355
-0.035999998450279236,-0.02800000086426735,0.9449999928474426,1773948904.378
-0.00800000037997961,0.008999999612569809,1.246000051498413,1773948904.294
0.08399999886751175,0.006000000052154064,0.8320000171661377,1773948904.314
-0.04699999839067459,0.004999999888241291,1.1749999523162842,1773948904.334
0.054999999701976776,0.052000001072883606,0.9380000233650208,1773948904.355
-0.035999998450279236,-0.02800000086426735,0.9449999928474426,1773948904.378
-0.10000000149011612,-0.08799999952316284,1.2170000076293945,1773948904.814
0.04800000041723251,0.061000000685453415,1.0099999904632568,1773948904.834
0.07000000029802322,-0.019999999552965164,0.7990000247955322,1773948904.855
0.02800000086426735,0.023000000044703484,1.5130000114440918,1773948904.874
-0.15000000596046448,-0.06199999898672104,0.6299999952316284,1773948904.894
-0.10000000149011612,-0.08799999952316284,1.2170000076293945,1773948904.814
0.04800000041723251,0.061000000685453415,1.0099999904632568,1773948904.834
0.07000000029802322,-0.019999999552965164,0.7990000247955322,1773948904.855
0.02800000086426735,0.023000000044703484,1.5130000114440918,1773948904.874
-0.15000000596046448,-0.06199999898672104,0.6299999952316284,1773948904.894
-0.10000000149011612,-0.08799999952316284,1.2170000076293945,1773948904.814
0.04800000041723251,0.061000000685453415,1.0099999904632568,1773948904.834
0.07000000029802322,-0.019999999552965164,0.7990000247955322,1773948904.855
0.02800000086426735,0.023000000044703484,1.5130000114440918,1773948904.874
-0.15000000596046448,-0.06199999898672104,0.6299999952316284,1773948904.894
-0.010999999940395355,-0.013000000268220901,1.0369999408721924,1773948905.314
-0.02800000086426735,-0.01600000075995922,1.1180000305175781,1773948905.334
0.023000000044703484,0.004000000189989805,1.0959999561309814,1773948905.354
0.09200000017881393,0.023000000044703484,0.9470000267028809,1773948905.374
0.07599999755620956,-0.024000000208616257,1.184000015258789,1773948905.394
-0.010999999940395355,-0.013000000268220901,1.0369999408721924,1773948905.314
-0.02800000086426735,-0.01600000075995922,1.1180000305175781,1773948905.334
0.023000000044703484,0.004000000189989805,1.0959999561309814,1773948905.354
0.09200000017881393,0.023000000044703484,0.9470000267028809,1773948905.374
0.07599999755620956,-0.024000000208616257,1.184000015258789,1773948905.394
-0.2980000078678131,-0.35100001096725464,1.2029999494552612,1773948905.834
-0.6389999985694885,-0.6510000228881836,0.4560000002384186,1773948905.854
0.36500000953674316,0.46799999475479126,1.1660000085830688,1773948905.874
0.2759999930858612,0.4009999930858612,1.2630000114440918,1773948905.894
-0.014999999664723873,0.16599999368190765,0.49399998784065247,1773948905.914
-0.2980000078678131,-0.35100001096725464,1.2029999494552612,1773948905.834
-0.6389999985694885,-0.6510000228881836,0.4560000002384186,1773948905.854
0.36500000953674316,0.46799999475479126,1.1660000085830688,1773948905.874
0.2759999930858612,0.4009999930858612,1.2630000114440918,1773948905.894
-0.014999999664723873,0.16599999368190765,0.49399998784065247,1773948905.914
-0.2980000078678131,-0.35100001096725464,1.2029999494552612,1773948905.834
-0.6389999985694885,-0.6510000228881836,0.4560000002384186,1773948905.854
0.36500000953674316,0.46799999475479126,1.1660000085830688,1773948905.874
0.2759999930858612,0.4009999930858612,1.2630000114440918,1773948905.894
-0.014999999664723873,0.16599999368190765,0.49399998784065247,1773948905.914
-0.45500001311302185,-0.609000027179718,0.42899999022483826,1773948906.334
0.7480000257492065,0.382999986410141,1.0,1773948906.354
-0.12999999523162842,0.4869999885559082,0.9800000190734863,1773948906.374
0.1979999989271164,0.4009999930858612,1.7450000047683716,1773948906.395
0.1979999989271164,0.25699999928474426,0.7099999785423279,1773948906.414
-0.45500001311302185,-0.609000027179718,0.42899999022483826,1773948906.334
0.7480000257492065,0.382999986410141,1.0,1773948906.354
-0.12999999523162842,0.4869999885559082,0.9800000190734863,1773948906.374
0.1979999989271164,0.4009999930858612,1.7450000047683716,1773948906.395
0.1979999989271164,0.25699999928474426,0.7099999785423279,1773948906.414
-0.45500001311302185,-0.609000027179718,0.42899999022483826,1773948906.334
0.7480000257492065,0.382999986410141,1.0,1773948906.354
-0.12999999523162842,0.4869999885559082,0.9800000190734863,1773948906.374
0.1979999989271164,0.4009999930858612,1.7450000047683716,1773948906.395
0.1979999989271164,0.25699999928474426,0.7099999785423279,1773948906.414
0.5199999809265137,0.35600000619888306,0.6740000247955322,1773948906.854
-0.01899999938905239,0.296999990940094,0.4009999930858612,1773948906.874
0.15700000524520874,0.6890000104904175,-1.9279999732971191,1773948906.894
0.1550000011920929,0.1589999943971634,0.5440000295639038,1773948906.914
-0.8050000071525574,-1.4149999618530273,1.13100004196167,1773948906.934
0.5199999809265137,0.35600000619888306,0.6740000247955322,1773948906.854
-0.01899999938905239,0.296999990940094,0.4009999930858612,1773948906.874
0.15700000524520874,0.6890000104904175,-1.9279999732971191,1773948906.894
0.1550000011920929,0.1589999943971634,0.5440000295639038,1773948906.914
-0.8050000071525574,-1.4149999618530273,1.13100004196167,1773948906.934
0.11500000208616257,0.24300000071525574,0.5379999876022339,1773948907.354
0.33899998664855957,-0.026000000536441803,-1.9279999732971191,1773948907.374
0.25,0.38600000739097595,0.7570000290870667,1773948907.394
-0.13500000536441803,-0.2720000147819519,0.5410000085830688,1773948907.414
-0.25699999928474426,-0.9340000152587891,1.9160000085830688,1773948907.434
0.11500000208616257,0.24300000071525574,0.5379999876022339,1773948907.354
0.33899998664855957,-0.026000000536441803,-1.9279999732971191,1773948907.374
0.25,0.38600000739097595,0.7570000290870667,1773948907.394
-0.13500000536441803,-0.2720000147819519,0.5410000085830688,1773948907.414
-0.25699999928474426,-0.9340000152587891,1.9160000085830688,1773948907.434
0.11500000208616257,0.24300000071525574,0.5379999876022339,1773948907.354
0.33899998664855957,-0.026000000536441803,-1.9279999732971191,1773948907.374
0.25,0.38600000739097595,0.7570000290870667,1773948907.394
-0.13500000536441803,-0.2720000147819519,0.5410000085830688,1773948907.414
-0.25699999928474426,-0.9340000152587891,1.9160000085830688,1773948907.434
-0.019999999552965164,-0.007000000216066837,1.0199999809265137,1773948907.874
-0.004000000189989805,-0.03200000151991844,1.0069999694824219,1773948907.894
-0.03400000184774399,0.006000000052154064,1.0260000228881836,1773948907.918
-0.004000000189989805,-0.004999999888241291,1.0130000114440918,1773948907.934
-0.026000000536441803,-0.00800000037997961,1.0140000581741333,1773948907.954
-0.019999999552965164,-0.007000000216066837,1.0199999809265137,1773948907.874
-0.004000000189989805,-0.03200000151991844,1.0069999694824219,1773948907.894
-0.03400000184774399,0.006000000052154064,1.0260000228881836,1773948907.918
-0.004000000189989805,-0.004999999888241291,1.0130000114440918,1773948907.934
-0.026000000536441803,-0.00800000037997961,1.0140000581741333,1773948907.954
-0.019999999552965164,-0.007000000216066837,1.0199999809265137,1773948907.874
-0.004000000189989805,-0.03200000151991844,1.0069999694824219,1773948907.894
-0.03400000184774399,0.006000000052154064,1.0260000228881836,1773948907.918
-0.004000000189989805,-0.004999999888241291,1.0130000114440918,1773948907.934
-0.026000000536441803,-0.00800000037997961,1.0140000581741333,1773948907.954
-0.023000000044703484,-0.004000000189989805,1.0110000371932983,1773948908.374
-0.017000000923871994,-0.006000000052154064,1.0130000114440918,1773948908.394
-0.020999999716877937,-0.004999999888241291,1.0169999599456787,1773948908.414
-0.01899999938905239,-0.006000000052154064,1.0130000114440918,1773948908.434
-0.01899999938905239,-0.004999999888241291,1.0160000324249268,1773948908.454
-0.023000000044703484,-0.004000000189989805,1.0110000371932983,1773948908.374
-0.017000000923871994,-0.006000000052154064,1.0130000114440918,1773948908.394
-0.020999999716877937,-0.004999999888241291,1.0169999599456787,1773948908.414
-0.01899999938905239,-0.006000000052154064,1.0130000114440918,1773948908.434
-0.01899999938905239,-0.004999999888241291,1.0160000324249268,1773948908.454
-0.023000000044703484,-0.004000000189989805,1.0110000371932983,1773948908.374
-0.017000000923871994,-0.006000000052154064,1.0130000114440918,1773948908.394
-0.020999999716877937,-0.004999999888241291,1.0169999599456787,1773948908.414
-0.01899999938905239,-0.006000000052154064,1.0130000114440918,1773948908.434
-0.01899999938905239,-0.004999999888241291,1.0160000324249268,1773948908.454
-0.017999999225139618,-0.003000000026077032,1.0149999856948853,1773948908.894
-0.014999999664723873,-0.006000000052154064,1.0140000581741333,1773948908.914
-0.02199999988079071,-0.00800000037997961,1.0140000581741333,1773948908.934
-0.017999999225139618,-0.006000000052154064,1.0130000114440918,1773948908.954
-0.017999999225139618,-0.009999999776482582,1.0149999856948853,1773948908.974
-0.017999999225139618,-0.003000000026077032,1.0149999856948853,1773948908.894
-0.014999999664723873,-0.006000000052154064,1.0140000581741333,1773948908.914
-0.02199999988079071,-0.00800000037997961,1.0140000581741333,1773948908.934
-0.017999999225139618,-0.006000000052154064,1.0130000114440918,1773948908.954
-0.017999999225139618,-0.009999999776482582,1.0149999856948853,1773948908.974
-0.03799999877810478,-0.0860000029206276,0.9409999847412109,1773948909.394
-0.05000000074505806,0.008999999612569809,1.190000057220459,1773948909.414
-0.03200000151991844,-0.06300000101327896,0.7739999890327454,1773948909.434
-0.007000000216066837,-0.03700000047683716,1.2730000019073486,1773948909.454
0.10100000351667404,-0.05900000035762787,0.8690000176429749,1773948909.474
-0.03799999877810478,-0.0860000029206276,0.9409999847412109,1773948909.394
-0.05000000074505806,0.008999999612569809,1.190000057220459,1773948909.414
-0.03200000151991844,-0.06300000101327896,0.7739999890327454,1773948909.434
-0.007000000216066837,-0.03700000047683716,1.2730000019073486,1773948909.454
0.10100000351667404,-0.05900000035762787,0.8690000176429749,1773948909.474
-0.013000000268220901,-0.004000000189989805,1.0149999856948853,1773948915.014
-0.017000000923871994,-0.0020000000949949026,1.0199999809265137,1773948915.034
-0.017999999225139618,-0.004000000189989805,1.0149999856948853,1773948915.054
-0.01899999938905239,-0.0,1.0230000019073486,1773948915.074
-0.017999999225139618,-0.0020000000949949026,1.0160000324249268,1773948915.094
-0.013000000268220901,-0.004000000189989805,1.0149999856948853,1773948915.014
-0.017000000923871994,-0.0020000000949949026,1.0199999809265137,1773948915.034
-0.017999999225139618,-0.004000000189989805,1.0149999856948853,1773948915.054
-0.01899999938905239,-0.0,1.0230000019073486,1773948915.074
-0.017999999225139618,-0.0020000000949949026,1.0160000324249268,1773948915.094
-0.01899999938905239,-0.004999999888241291,1.0140000581741333,1773948915.514
-0.02199999988079071,-0.006000000052154064,1.0110000371932983,1773948915.534
-0.017999999225139618,-0.007000000216066837,1.0210000276565552,1773948915.554
-0.014999999664723873,-0.0010000000474974513,1.0199999809265137,1773948915.574
-0.014999999664723873,-0.0020000000949949026,1.0160000324249268,1773948915.594
-0.01899999938905239,-0.004999999888241291,1.0140000581741333,1773948915.514
-0.02199999988079071,-0.006000000052154064,1.0110000371932983,1773948915.534
-0.017999999225139618,-0.007000000216066837,1.0210000276565552,1773948915.554
-0.014999999664723873,-0.0010000000474974513,1.0199999809265137,1773948915.574
-0.014999999664723873,-0.0020000000949949026,1.0160000324249268,1773948915.594
-0.01899999938905239,-0.004999999888241291,1.0140000581741333,1773948915.514
-0.02199999988079071,-0.006000000052154064,1.0110000371932983,1773948915.534
-0.017999999225139618,-0.007000000216066837,1.0210000276565552,1773948915.554
-0.014999999664723873,-0.0010000000474974513,1.0199999809265137,1773948915.574
-0.014999999664723873,-0.0020000000949949026,1.0160000324249268,1773948915.594
-0.01899999938905239,-0.004999999888241291,1.0140000581741333,1773948915.514
-0.02199999988079071,-0.006000000052154064,1.0110000371932983,1773948915.534
-0.017999999225139618,-0.007000000216066837,1.0210000276565552,1773948915.554
-0.014999999664723873,-0.0010000000474974513,1.0199999809265137,1773948915.574
-0.014999999664723873,-0.0020000000949949026,1.0160000324249268,1773948915.594
-0.01899999938905239,-0.004999999888241291,1.0140000581741333,1773948915.514
-0.02199999988079071,-0.006000000052154064,1.0110000371932983,1773948915.534
-0.017999999225139618,-0.007000000216066837,1.0210000276565552,1773948915.554
-0.014999999664723873,-0.0010000000474974513,1.0199999809265137,1773948915.574
-0.014999999664723873,-0.0020000000949949026,1.0160000324249268,1773948915.594
-0.01899999938905239,-0.004999999888241291,1.0140000581741333,1773948915.514
-0.02199999988079071,-0.006000000052154064,1.0110000371932983,1773948915.534
-0.017999999225139618,-0.007000000216066837,1.0210000276565552,1773948915.554
-0.014999999664723873,-0.0010000000474974513,1.0199999809265137,1773948915.574
-0.014999999664723873,-0.0020000000949949026,1.0160000324249268,1773948915.594
-0.01899999938905239,-0.004999999888241291,1.0140000581741333,1773948915.514
-0.02199999988079071,-0.006000000052154064,1.0110000371932983,1773948915.534
-0.017999999225139618,-0.007000000216066837,1.0210000276565552,1773948915.554
-0.014999999664723873,-0.0010000000474974513,1.0199999809265137,1773948915.574
-0.014999999664723873,-0.0020000000949949026,1.0160000324249268,1773948915.594
-0.01899999938905239,-0.004999999888241291,1.0140000581741333,1773948915.514
-0.02199999988079071,-0.006000000052154064,1.0110000371932983,1773948915.534
-0.017999999225139618,-0.007000000216066837,1.0210000276565552,1773948915.554
-0.014999999664723873,-0.0010000000474974513,1.0199999809265137,1773948915.574
-0.014999999664723873,-0.0020000000949949026,1.0160000324249268,1773948915.594
-0.01899999938905239,-0.004999999888241291,1.0140000581741333,1773948915.514
-0.02199999988079071,-0.006000000052154064,1.0110000371932983,1773948915.534
-0.017999999225139618,-0.007000000216066837,1.0210000276565552,1773948915.554
-0.014999999664723873,-0.0010000000474974513,1.0199999809265137,1773948915.574
-0.014999999664723873,-0.0020000000949949026,1.0160000324249268,1773948915.594
-0.01899999938905239,-0.004999999888241291,1.0140000581741333,1773948915.514
-0.02199999988079071,-0.006000000052154064,1.0110000371932983,1773948915.534
-0.017999999225139618,-0.007000000216066837,1.0210000276565552,1773948915.554
-0.014999999664723873,-0.0010000000474974513,1.0199999809265137,1773948915.574
-0.014999999664723873,-0.0020000000949949026,1.0160000324249268,1773948915.594
-0.01899999938905239,-0.004999999888241291,1.0140000581741333,1773948915.514
-0.02199999988079071,-0.006000000052154064,1.0110000371932983,1773948915.534
-0.017999999225139618,-0.007000000216066837,1.0210000276565552,1773948915.554
-0.014999999664723873,-0.0010000000474974513,1.0199999809265137,1773948915.574
-0.014999999664723873,-0.0020000000949949026,1.0160000324249268,1773948915.594
-0.01899999938905239,-0.004999999888241291,1.0140000581741333,1773948915.514
-0.02199999988079071,-0.006000000052154064,1.0110000371932983,1773948915.534
-0.017999999225139618,-0.007000000216066837,1.0210000276565552,1773948915.554
-0.014999999664723873,-0.0010000000474974513,1.0199999809265137,1773948915.574
-0.014999999664723873,-0.0020000000949949026,1.0160000324249268,1773948915.594
-0.01899999938905239,-0.004999999888241291,1.0140000581741333,1773948915.514
-0.02199999988079071,-0.006000000052154064,1.0110000371932983,1773948915.534
-0.017999999225139618,-0.007000000216066837,1.0210000276565552,1773948915.554
-0.014999999664723873,-0.0010000000474974513,1.0199999809265137,1773948915.574
-0.014999999664723873,-0.0020000000949949026,1.0160000324249268,1773948915.594
-0.01899999938905239,-0.004999999888241291,1.0140000581741333,1773948915.514
-0.02199999988079071,-0.006000000052154064,1.0110000371932983,1773948915.534
-0.017999999225139618,-0.007000000216066837,1.0210000276565552,1773948915.554
-0.014999999664723873,-0.0010000000474974513,1.0199999809265137,1773948915.574
-0.014999999664723873,-0.0020000000949949026,1.0160000324249268,1773948915.594
-0.01899999938905239,-0.004999999888241291,1.0140000581741333,1773948915.514
-0.02199999988079071,-0.006000000052154064,1.0110000371932983,1773948915.534
-0.017999999225139618,-0.007000000216066837,1.0210000276565552,1773948915.554
-0.014999999664723873,-0.0010000000474974513,1.0199999809265137,1773948915.574
-0.014999999664723873,-0.0020000000949949026,1.0160000324249268,1773948915.594
-0.01899999938905239,-0.004999999888241291,1.0140000581741333,1773948915.514
-0.02199999988079071,-0.006000000052154064,1.0110000371932983,1773948915.534
-0.017999999225139618,-0.007000000216066837,1.0210000276565552,1773948915.554
-0.014999999664723873,-0.0010000000474974513,1.0199999809265137,1773948915.574
-0.014999999664723873,-0.0020000000949949026,1.0160000324249268,1773948915.594
-0.01899999938905239,-0.004999999888241291,1.0140000581741333,1773948915.514
-0.02199999988079071,-0.006000000052154064,1.0110000371932983,1773948915.534
-0.017999999225139618,-0.007000000216066837,1.0210000276565552,1773948915.554
-0.014999999664723873,-0.0010000000474974513,1.0199999809265137,1773948915.574
-0.014999999664723873,-0.0020000000949949026,1.0160000324249268,1773948915.594
-0.01899999938905239,-0.004999999888241291,1.0140000581741333,1773948915.514
-0.02199999988079071,-0.006000000052154064,1.0110000371932983,1773948915.534
-0.017999999225139618,-0.007000000216066837,1.0210000276565552,1773948915.554
-0.014999999664723873,-0.0010000000474974513,1.0199999809265137,1773948915.574
-0.014999999664723873,-0.0020000000949949026,1.0160000324249268,1773948915.594
-0.01899999938905239,-0.004999999888241291,1.0140000581741333,1773948915.514
-0.02199999988079071,-0.006000000052154064,1.0110000371932983,1773948915.534
-0.017999999225139618,-0.007000000216066837,1.0210000276565552,1773948915.554
-0.014999999664723873,-0.0010000000474974513,1.0199999809265137,1773948915.574
-0.014999999664723873,-0.0020000000949949026,1.0160000324249268,1773948915.594
-0.01899999938905239,-0.004999999888241291,1.0140000581741333,1773948915.514
-0.02199999988079071,-0.006000000052154064,1.0110000371932983,1773948915.534
-0.017999999225139618,-0.007000000216066837,1.0210000276565552,1773948915.554
-0.014999999664723873,-0.0010000000474974513,1.0199999809265137,1773948915.574
-0.014999999664723873,-0.0020000000949949026,1.0160000324249268,1773948915.594
-0.01899999938905239,-0.004999999888241291,1.0140000581741333,1773948915.514
-0.02199999988079071,-0.006000000052154064,1.0110000371932983,1773948915.534
-0.017999999225139618,-0.007000000216066837,1.0210000276565552,1773948915.554
-0.014999999664723873,-0.0010000000474974513,1.0199999809265137,1773948915.574
-0.014999999664723873,-0.0020000000949949026,1.0160000324249268,1773948915.594
-0.01899999938905239,-0.004999999888241291,1.0140000581741333,1773948915.514
-0.02199999988079071,-0.006000000052154064,1.0110000371932983,1773948915.534
-0.017999999225139618,-0.007000000216066837,1.0210000276565552,1773948915.554
-0.014999999664723873,-0.0010000000474974513,1.0199999809265137,1773948915.574
-0.014999999664723873,-0.0020000000949949026,1.0160000324249268,1773948915.594
-0.01899999938905239,-0.004999999888241291,1.0140000581741333,1773948915.514
-0.02199999988079071,-0.006000000052154064,1.0110000371932983,1773948915.534
-0.017999999225139618,-0.007000000216066837,1.0210000276565552,1773948915.554
-0.014999999664723873,-0.0010000000474974513,1.0199999809265137,1773948915.574
-0.014999999664723873,-0.0020000000949949026,1.0160000324249268,1773948915.594
-0.01899999938905239,-0.004999999888241291,1.0140000581741333,1773948915.514
-0.02199999988079071,-0.006000000052154064,1.0110000371932983,1773948915.534
-0.017999999225139618,-0.007000000216066837,1.0210000276565552,1773948915.554
-0.014999999664723873,-0.0010000000474974513,1.0199999809265137,1773948915.574
-0.014999999664723873,-0.0020000000949949026,1.0160000324249268,1773948915.594
-0.01899999938905239,-0.004999999888241291,1.0140000581741333,1773948915.514
-0.02199999988079071,-0.006000000052154064,1.0110000371932983,1773948915.534
-0.017999999225139618,-0.007000000216066837,1.0210000276565552,1773948915.554
-0.014999999664723873,-0.0010000000474974513,1.0199999809265137,1773948915.574
-0.014999999664723873,-0.0020000000949949026,1.0160000324249268,1773948915.594
-0.01899999938905239,-0.004999999888241291,1.0140000581741333,1773948915.514
-0.02199999988079071,-0.006000000052154064,1.0110000371932983,1773948915.534
-0.017999999225139618,-0.007000000216066837,1.0210000276565552,1773948915.554
-0.014999999664723873,-0.0010000000474974513,1.0199999809265137,1773948915.574
-0.014999999664723873,-0.0020000000949949026,1.0160000324249268,1773948915.594
-0.01899999938905239,-0.004999999888241291,1.0140000581741333,1773948915.514
-0.02199999988079071,-0.006000000052154064,1.0110000371932983,1773948915.534
-0.017999999225139618,-0.007000000216066837,1.0210000276565552,1773948915.554
-0.014999999664723873,-0.0010000000474974513,1.0199999809265137,1773948915.574
-0.014999999664723873,-0.0020000000949949026,1.0160000324249268,1773948915.594
-0.01899999938905239,-0.004999999888241291,1.0140000581741333,1773948915.514
-0.02199999988079071,-0.006000000052154064,1.0110000371932983,1773948915.534
-0.017999999225139618,-0.007000000216066837,1.0210000276565552,1773948915.554
-0.014999999664723873,-0.0010000000474974513,1.0199999809265137,1773948915.574
-0.014999999664723873,-0.0020000000949949026,1.0160000324249268,1773948915.594
-0.01899999938905239,-0.004999999888241291,1.0140000581741333,1773948915.514
-0.02199999988079071,-0.006000000052154064,1.0110000371932983,1773948915.534
-0.017999999225139618,-0.007000000216066837,1.0210000276565552,1773948915.554
-0.014999999664723873,-0.0010000000474974513,1.0199999809265137,1773948915.574
-0.014999999664723873,-0.0020000000949949026,1.0160000324249268,1773948915.594
-0.01899999938905239,-0.004999999888241291,1.0140000581741333,1773948915.514
-0.02199999988079071,-0.006000000052154064,1.0110000371932983,1773948915.534
-0.017999999225139618,-0.007000000216066837,1.0210000276565552,1773948915.554
-0.014999999664723873,-0.0010000000474974513,1.0199999809265137,1773948915.574
-0.014999999664723873,-0.0020000000949949026,1.0160000324249268,1773948915.594
-0.01899999938905239,-0.004999999888241291,1.0140000581741333,1773948915.514
-0.02199999988079071,-0.006000000052154064,1.0110000371932983,1773948915.534
-0.017999999225139618,-0.007000000216066837,1.0210000276565552,1773948915.554
-0.014999999664723873,-0.0010000000474974513,1.0199999809265137,1773948915.574
-0.014999999664723873,-0.0020000000949949026,1.0160000324249268,1773948915.594
-0.01899999938905239,-0.004999999888241291,1.0140000581741333,1773948915.514
-0.02199999988079071,-0.006000000052154064,1.0110000371932983,1773948915.534
-0.017999999225139618,-0.007000000216066837,1.0210000276565552,1773948915.554
-0.014999999664723873,-0.0010000000474974513,1.0199999809265137,1773948915.574
-0.014999999664723873,-0.0020000000949949026,1.0160000324249268,1773948915.594
-0.01899999938905239,-0.004999999888241291,1.0140000581741333,1773948915.514
-0.02199999988079071,-0.006000000052154064,1.0110000371932983,1773948915.534
-0.017999999225139618,-0.007000000216066837,1.0210000276565552,1773948915.554
-0.014999999664723873,-0.0010000000474974513,1.0199999809265137,1773948915.574
-0.014999999664723873,-0.0020000000949949026,1.0160000324249268,1773948915.594
-0.01899999938905239,-0.004999999888241291,1.0140000581741333,1773948915.514
-0.02199999988079071,-0.006000000052154064,1.0110000371932983,1773948915.534
-0.017999999225139618,-0.007000000216066837,1.0210000276565552,1773948915.554
-0.014999999664723873,-0.0010000000474974513,1.0199999809265137,1773948915.574
-0.014999999664723873,-0.0020000000949949026,1.0160000324249268,1773948915.594
-0.01899999938905239,-0.004999999888241291,1.0140000581741333,1773948915.514
-0.02199999988079071,-0.006000000052154064,1.0110000371932983,1773948915.534
-0.017999999225139618,-0.007000000216066837,1.0210000276565552,1773948915.554
-0.014999999664723873,-0.0010000000474974513,1.0199999809265137,1773948915.574
-0.014999999664723873,-0.0020000000949949026,1.0160000324249268,1773948915.594
-0.01899999938905239,-0.004999999888241291,1.0140000581741333,1773948915.514
-0.02199999988079071,-0.006000000052154064,1.0110000371932983,1773948915.534
-0.017999999225139618,-0.007000000216066837,1.0210000276565552,1773948915.554
-0.014999999664723873,-0.0010000000474974513,1.0199999809265137,1773948915.574
-0.014999999664723873,-0.0020000000949949026,1.0160000324249268,1773948915.594
-0.01899999938905239,-0.004999999888241291,1.0140000581741333,1773948915.514
-0.02199999988079071,-0.006000000052154064,1.0110000371932983,1773948915.534
-0.017999999225139618,-0.007000000216066837,1.0210000276565552,1773948915.554
-0.014999999664723873,-0.0010000000474974513,1.0199999809265137,1773948915.574
-0.014999999664723873,-0.0020000000949949026,1.0160000324249268,1773948915.594
-0.017000000923871994,-0.0020000000949949026,1.0130000114440918,1773948920.134
-0.017000000923871994,-0.003000000026077032,1.0180000066757202,1773948920.155
-0.014999999664723873,-0.004000000189989805,1.0160000324249268,1773948920.174
-0.014000000432133675,-0.004000000189989805,1.0130000114440918,1773948920.195
-0.01600000075995922,-0.003000000026077032,1.0199999809265137,1773948920.216
-0.017000000923871994,-0.0020000000949949026,1.0130000114440918,1773948920.134
-0.017000000923871994,-0.003000000026077032,1.0180000066757202,1773948920.155
-0.014999999664723873,-0.004000000189989805,1.0160000324249268,1773948920.174
-0.014000000432133675,-0.004000000189989805,1.0130000114440918,1773948920.195
-0.01600000075995922,-0.003000000026077032,1.0199999809265137,1773948920.216
-0.017000000923871994,-0.0020000000949949026,1.0130000114440918,1773948920.134
-0.017000000923871994,-0.003000000026077032,1.0180000066757202,1773948920.155
-0.014999999664723873,-0.004000000189989805,1.0160000324249268,1773948920.174
-0.014000000432133675,-0.004000000189989805,1.0130000114440918,1773948920.195
-0.01600000075995922,-0.003000000026077032,1.0199999809265137,1773948920.216
-0.017000000923871994,-0.0020000000949949026,1.0130000114440918,1773948920.134
-0.017000000923871994,-0.003000000026077032,1.0180000066757202,1773948920.155
-0.014999999664723873,-0.004000000189989805,1.0160000324249268,1773948920.174
-0.014000000432133675,-0.004000000189989805,1.0130000114440918,1773948920.195
-0.01600000075995922,-0.003000000026077032,1.0199999809265137,1773948920.216
-0.017000000923871994,-0.0020000000949949026,1.0130000114440918,1773948920.134
-0.017000000923871994,-0.003000000026077032,1.0180000066757202,1773948920.155
-0.014999999664723873,-0.004000000189989805,1.0160000324249268,1773948920.174
-0.014000000432133675,-0.004000000189989805,1.0130000114440918,1773948920.195
-0.01600000075995922,-0.003000000026077032,1.0199999809265137,1773948920.216
-0.014000000432133675,-0.004000000189989805,1.0190000534057617,1773948920.654
-0.014999999664723873,-0.003000000026077032,1.0160000324249268,1773948920.674
-0.013000000268220901,-0.004000000189989805,1.0169999599456787,1773948920.694
-0.014999999664723873,-0.007000000216066837,1.0180000066757202,1773948920.716
-0.014999999664723873,-0.004999999888241291,1.0180000066757202,1773948920.734
-0.014000000432133675,-0.004000000189989805,1.0190000534057617,1773948920.654
-0.014999999664723873,-0.003000000026077032,1.0160000324249268,1773948920.674
-0.013000000268220901,-0.004000000189989805,1.0169999599456787,1773948920.694
-0.014999999664723873,-0.007000000216066837,1.0180000066757202,1773948920.716
-0.014999999664723873,-0.004999999888241291,1.0180000066757202,1773948920.734
-0.014000000432133675,-0.004000000189989805,1.0190000534057617,1773948920.654
-0.014999999664723873,-0.003000000026077032,1.0160000324249268,1773948920.674
-0.013000000268220901,-0.004000000189989805,1.0169999599456787,1773948920.694
-0.014999999664723873,-0.007000000216066837,1.0180000066757202,1773948920.716
-0.014999999664723873,-0.004999999888241291,1.0180000066757202,1773948920.734
-0.014000000432133675,-0.004000000189989805,1.0190000534057617,1773948920.654
-0.014999999664723873,-0.003000000026077032,1.0160000324249268,1773948920.674
-0.013000000268220901,-0.004000000189989805,1.0169999599456787,1773948920.694
-0.014999999664723873,-0.007000000216066837,1.0180000066757202,1773948920.716
-0.014999999664723873,-0.004999999888241291,1.0180000066757202,1773948920.734
-0.017999999225139618,-0.003000000026077032,1.0160000324249268,1773948921.154
-0.017000000923871994,-0.004999999888241291,1.0119999647140503,1773948921.174
-0.014999999664723873,-0.0020000000949949026,1.0140000581741333,1773948921.194
-0.014000000432133675,-0.003000000026077032,1.0210000276565552,1773948921.214
-0.017999999225139618,-0.004999999888241291,1.0130000114440918,1773948921.234
-0.017999999225139618,-0.003000000026077032,1.0160000324249268,1773948921.154
-0.017000000923871994,-0.004999999888241291,1.0119999647140503,1773948921.174
-0.014999999664723873,-0.0020000000949949026,1.0140000581741333,1773948921.194
-0.014000000432133675,-0.003000000026077032,1.0210000276565552,1773948921.214
-0.017999999225139618,-0.004999999888241291,1.0130000114440918,1773948921.234
-0.017999999225139618,-0.003000000026077032,1.0160000324249268,1773948921.154
-0.017000000923871994,-0.004999999888241291,1.0119999647140503,1773948921.174
-0.014999999664723873,-0.0020000000949949026,1.0140000581741333,1773948921.194
-0.014000000432133675,-0.003000000026077032,1.0210000276565552,1773948921.214
-0.017999999225139618,-0.004999999888241291,1.0130000114440918,1773948921.234
-0.017999999225139618,-0.003000000026077032,1.0160000324249268,1773948921.154
-0.017000000923871994,-0.004999999888241291,1.0119999647140503,1773948921.174
-0.014999999664723873,-0.0020000000949949026,1.0140000581741333,1773948921.194
-0.014000000432133675,-0.003000000026077032,1.0210000276565552,1773948921.214
-0.017999999225139618,-0.004999999888241291,1.0130000114440918,1773948921.234
-0.017999999225139618,-0.003000000026077032,1.0160000324249268,1773948921.154
-0.017000000923871994,-0.004999999888241291,1.0119999647140503,1773948921.174
-0.014999999664723873,-0.0020000000949949026,1.0140000581741333,1773948921.194
-0.014000000432133675,-0.003000000026077032,1.0210000276565552,1773948921.214
-0.017999999225139618,-0.004999999888241291,1.0130000114440918,1773948921.234
-0.01899999938905239,-0.003000000026077032,1.0149999856948853,1773948921.674
-0.017000000923871994,-0.004000000189989805,1.0140000581741333,1773948921.694
-0.014000000432133675,-0.004999999888241291,1.0130000114440918,1773948921.716
-0.014000000432133675,-0.004999999888241291,1.0160000324249268,1773948921.734
-0.013000000268220901,-0.003000000026077032,1.0119999647140503,1773948921.755
-0.01899999938905239,-0.003000000026077032,1.0149999856948853,1773948921.674
-0.017000000923871994,-0.004000000189989805,1.0140000581741333,1773948921.694
-0.014000000432133675,-0.004999999888241291,1.0130000114440918,1773948921.716
-0.014000000432133675,-0.004999999888241291,1.0160000324249268,1773948921.734
-0.013000000268220901,-0.003000000026077032,1.0119999647140503,1773948921.755
-0.01899999938905239,-0.003000000026077032,1.0149999856948853,1773948921.674
-0.017000000923871994,-0.004000000189989805,1.0140000581741333,1773948921.694
-0.014000000432133675,-0.004999999888241291,1.0130000114440918,1773948921.716
-0.014000000432133675,-0.004999999888241291,1.0160000324249268,1773948921.734
-0.013000000268220901,-0.003000000026077032,1.0119999647140503,1773948921.755
-0.01899999938905239,-0.003000000026077032,1.0149999856948853,1773948921.674
-0.017000000923871994,-0.004000000189989805,1.0140000581741333,1773948921.694
-0.014000000432133675,-0.004999999888241291,1.0130000114440918,1773948921.716
-0.014000000432133675,-0.004999999888241291,1.0160000324249268,1773948921.734
-0.013000000268220901,-0.003000000026077032,1.0119999647140503,1773948921.755
-0.01899999938905239,-0.003000000026077032,1.0149999856948853,1773948921.674
-0.017000000923871994,-0.004000000189989805,1.0140000581741333,1773948921.694
-0.014000000432133675,-0.004999999888241291,1.0130000114440918,1773948921.716
-0.014000000432133675,-0.004999999888241291,1.0160000324249268,1773948921.734
-0.013000000268220901,-0.003000000026077032,1.0119999647140503,1773948921.755
-0.014999999664723873,-0.0020000000949949026,1.0169999599456787,1773948922.174
-0.017999999225139618,-0.004999999888241291,1.0190000534057617,1773948922.195
-0.010999999940395355,-0.0010000000474974513,1.0099999904632568,1773948922.214
-0.029999999329447746,-0.03099999949336052,1.0080000162124634,1773948922.234
0.0,-0.014999999664723873,1.0110000371932983,1773948922.254
-0.014999999664723873,-0.0020000000949949026,1.0169999599456787,1773948922.174
-0.017999999225139618,-0.004999999888241291,1.0190000534057617,1773948922.195
-0.010999999940395355,-0.0010000000474974513,1.0099999904632568,1773948922.214
-0.029999999329447746,-0.03099999949336052,1.0080000162124634,1773948922.234
0.0,-0.014999999664723873,1.0110000371932983,1773948922.254
-0.014999999664723873,-0.0020000000949949026,1.0169999599456787,1773948922.174
-0.017999999225139618,-0.004999999888241291,1.0190000534057617,1773948922.195
-0.010999999940395355,-0.0010000000474974513,1.0099999904632568,1773948922.214
-0.029999999329447746,-0.03099999949336052,1.0080000162124634,1773948922.234
0.0,-0.014999999664723873,1.0110000371932983,1773948922.254
-0.014999999664723873,-0.0020000000949949026,1.0169999599456787,1773948922.174
-0.017999999225139618,-0.004999999888241291,1.0190000534057617,1773948922.195
-0.010999999940395355,-0.0010000000474974513,1.0099999904632568,1773948922.214
-0.029999999329447746,-0.03099999949336052,1.0080000162124634,1773948922.234
0.0,-0.014999999664723873,1.0110000371932983,1773948922.254
-0.010999999940395355,-0.01600000075995922,1.0269999504089355,1773948922.694
0.007000000216066837,-0.03400000184774399,0.9869999885559082,1773948922.717
-0.014999999664723873,-0.03400000184774399,1.062000036239624,1773948922.735
-0.0020000000949949026,0.04600000008940697,0.925000011920929,1773948922.754
-0.009999999776482582,0.05000000074505806,1.180999994277954,1773948922.774
-0.010999999940395355,-0.01600000075995922,1.0269999504089355,1773948922.694
0.007000000216066837,-0.03400000184774399,0.9869999885559082,1773948922.717
-0.014999999664723873,-0.03400000184774399,1.062000036239624,1773948922.735
-0.0020000000949949026,0.04600000008940697,0.925000011920929,1773948922.754
-0.009999999776482582,0.05000000074505806,1.180999994277954,1773948922.774
-0.010999999940395355,-0.01600000075995922,1.0269999504089355,1773948922.694
0.007000000216066837,-0.03400000184774399,0.9869999885559082,1773948922.717
-0.014999999664723873,-0.03400000184774399,1.062000036239624,1773948922.735
-0.0020000000949949026,0.04600000008940697,0.925000011920929,1773948922.754
-0.009999999776482582,0.05000000074505806,1.180999994277954,1773948922.774
-0.010999999940395355,-0.01600000075995922,1.0269999504089355,1773948922.694
0.007000000216066837,-0.03400000184774399,0.9869999885559082,1773948922.717
-0.014999999664723873,-0.03400000184774399,1.062000036239624,1773948922.735
-0.0020000000949949026,0.04600000008940697,0.925000011920929,1773948922.754
-0.009999999776482582,0.05000000074505806,1.180999994277954,1773948922.774
0.02199999988079071,-0.029999999329447746,0.9710000157356262,1773948923.195
0.007000000216066837,-0.012000000104308128,1.0369999408721924,1773948923.214
-0.03400000184774399,0.003000000026077032,1.0499999523162842,1773948923.234
-0.014999999664723873,-0.02800000086426735,0.9649999737739563,1773948923.254
-0.041999999433755875,0.0010000000474974513,1.0609999895095825,1773948923.275
0.02199999988079071,-0.029999999329447746,0.9710000157356262,1773948923.195
0.007000000216066837,-0.012000000104308128,1.0369999408721924,1773948923.214
-0.03400000184774399,0.003000000026077032,1.0499999523162842,1773948923.234
-0.014999999664723873,-0.02800000086426735,0.9649999737739563,1773948923.254
-0.041999999433755875,0.0010000000474974513,1.0609999895095825,1773948923.275
0.02800000086426735,-0.004000000189989805,1.0670000314712524,1773948923.715
-0.01899999938905239,0.007000000216066837,0.9789999723434448,1773948923.734
-0.006000000052154064,-0.017000000923871994,1.0390000343322754,1773948923.755
-0.03799999877810478,0.004000000189989805,0.9729999899864197,1773948923.774
-0.006000000052154064,-0.017000000923871994,1.0210000276565552,1773948923.796
0.02800000086426735,-0.004000000189989805,1.0670000314712524,1773948923.715
-0.01899999938905239,0.007000000216066837,0.9789999723434448,1773948923.734
-0.006000000052154064,-0.017000000923871994,1.0390000343322754,1773948923.755
-0.03799999877810478,0.004000000189989805,0.9729999899864197,1773948923.774
-0.006000000052154064,-0.017000000923871994,1.0210000276565552,1773948923.796
0.02800000086426735,-0.004000000189989805,1.0670000314712524,1773948923.715
-0.01899999938905239,0.007000000216066837,0.9789999723434448,1773948923.734
-0.006000000052154064,-0.017000000923871994,1.0390000343322754,1773948923.755
-0.03799999877810478,0.004000000189989805,0.9729999899864197,1773948923.774
-0.006000000052154064,-0.017000000923871994,1.0210000276565552,1773948923.796
0.023000000044703484,-0.012000000104308128,1.0019999742507935,1773948924.214
-0.08299999684095383,-0.05999999865889549,1.0470000505447388,1773948924.234
0.03500000014901161,-0.01600000075995922,0.9950000047683716,1773948924.254
-0.028999999165534973,-0.006000000052154064,1.0219999551773071,1773948924.274
-0.017000000923871994,-0.0010000000474974513,1.0169999599456787,1773948924.294
0.023000000044703484,-0.012000000104308128,1.0019999742507935,1773948924.214
-0.08299999684095383,-0.05999999865889549,1.0470000505447388,1773948924.234
0.03500000014901161,-0.01600000075995922,0.9950000047683716,1773948924.254
-0.028999999165534973,-0.006000000052154064,1.0219999551773071,1773948924.274
-0.017000000923871994,-0.0010000000474974513,1.0169999599456787,1773948924.294
0.023000000044703484,-0.012000000104308128,1.0019999742507935,1773948924.214
-0.08299999684095383,-0.05999999865889549,1.0470000505447388,1773948924.234
0.03500000014901161,-0.01600000075995922,0.9950000047683716,1773948924.254
-0.028999999165534973,-0.006000000052154064,1.0219999551773071,1773948924.274
-0.017000000923871994,-0.0010000000474974513,1.0169999599456787,1773948924.294
-0.006000000052154064,0.2199999988079071,0.9940000176429749,1773948924.734
0.004000000189989805,0.21899999678134918,1.0169999599456787,1773948924.754
-0.04600000008940697,0.16300000250339508,1.0329999923706055,1773948924.774
-0.054999999701976776,0.1340000033378601,0.9449999928474426,1773948924.795
0.004000000189989805,0.11999999731779099,1.0390000343322754,1773948924.814
-0.006000000052154064,0.2199999988079071,0.9940000176429749,1773948924.734
0.004000000189989805,0.21899999678134918,1.0169999599456787,1773948924.754
-0.04600000008940697,0.16300000250339508,1.0329999923706055,1773948924.774
-0.054999999701976776,0.1340000033378601,0.9449999928474426,1773948924.795
0.004000000189989805,0.11999999731779099,1.0390000343322754,1773948924.814
-0.019999999552965164,-0.03799999877810478,1.090000033378601,1773948925.235
-0.03799999877810478,0.03099999949336052,1.1399999856948853,1773948925.254
0.004999999888241291,0.035999998450279236,0.8960000276565552,1773948925.274
0.007000000216066837,-0.0020000000949949026,1.1080000400543213,1773948925.294
-0.008999999612569809,-0.029999999329447746,1.0470000505447388,1773948925.315
-0.019999999552965164,-0.03799999877810478,1.090000033378601,1773948925.235
-0.03799999877810478,0.03099999949336052,1.1399999856948853,1773948925.254
0.004999999888241291,0.035999998450279236,0.8960000276565552,1773948925.274
0.007000000216066837,-0.0020000000949949026,1.1080000400543213,1773948925.294
-0.008999999612569809,-0.029999999329447746,1.0470000505447388,1773948925.315
-0.019999999552965164,-0.03799999877810478,1.090000033378601,1773948925.235
-0.03799999877810478,0.03099999949336052,1.1399999856948853,1773948925.254
0.004999999888241291,0.035999998450279236,0.8960000276565552,1773948925.274
0.007000000216066837,-0.0020000000949949026,1.1080000400543213,1773948925.294
-0.008999999612569809,-0.029999999329447746,1.0470000505447388,1773948925.315
0.012000000104308128,0.029999999329447746,1.097000002861023,1773948925.755
-0.07500000298023224,-0.01600000075995922,0.7509999871253967,1773948925.774
-0.00800000037997961,-0.05000000074505806,1.3960000276565552,1773948925.795
0.06700000166893005,-0.041999999433755875,0.621999979019165,1773948925.814
-0.08399999886751175,0.004000000189989805,1.1759999990463257,1773948925.834
0.012000000104308128,0.029999999329447746,1.097000002861023,1773948925.755
-0.07500000298023224,-0.01600000075995922,0.7509999871253967,1773948925.774
-0.00800000037997961,-0.05000000074505806,1.3960000276565552,1773948925.795
0.06700000166893005,-0.041999999433755875,0.621999979019165,1773948925.814
-0.08399999886751175,0.004000000189989805,1.1759999990463257,1773948925.834
-0.004000000189989805,-0.039000000804662704,0.8349999785423279,1773948926.255
0.0689999982714653,-0.006000000052154064,1.062999963760376,1773948926.274
-0.01600000075995922,0.07900000363588333,0.9580000042915344,1773948926.295
-0.11500000208616257,-0.09200000017881393,1.2089999914169312,1773948926.315
-0.07800000160932541,-0.024000000208616257,1.027999997138977,1773948926.334
-0.004000000189989805,-0.039000000804662704,0.8349999785423279,1773948926.255
0.0689999982714653,-0.006000000052154064,1.062999963760376,1773948926.274
-0.01600000075995922,0.07900000363588333,0.9580000042915344,1773948926.295
-0.11500000208616257,-0.09200000017881393,1.2089999914169312,1773948926.315
-0.07800000160932541,-0.024000000208616257,1.027999997138977,1773948926.334
-0.004000000189989805,-0.039000000804662704,0.8349999785423279,1773948926.255
0.0689999982714653,-0.006000000052154064,1.062999963760376,1773948926.274
-0.01600000075995922,0.07900000363588333,0.9580000042915344,1773948926.295
-0.11500000208616257,-0.09200000017881393,1.2089999914169312,1773948926.315
-0.07800000160932541,-0.024000000208616257,1.027999997138977,1773948926.334
-0.07100000232458115,-0.10999999940395355,1.0019999742507935,1773948926.774
-0.02199999988079071,-0.11999999731779099,1.0130000114440918,1773948926.796
-0.014000000432133675,-0.1850000023841858,0.921999990940094,1773948926.814
0.014000000432133675,-0.03999999910593033,1.1799999475479126,1773948926.834
-0.017000000923871994,-0.17299999296665192,0.8899999856948853,1773948926.855
-0.07100000232458115,-0.10999999940395355,1.0019999742507935,1773948926.774
-0.02199999988079071,-0.11999999731779099,1.0130000114440918,1773948926.796
-0.014000000432133675,-0.1850000023841858,0.921999990940094,1773948926.814
0.014000000432133675,-0.03999999910593033,1.1799999475479126,1773948926.834
-0.017000000923871994,-0.17299999296665192,0.8899999856948853,1773948926.855
-0.007000000216066837,-0.004000000189989805,1.0140000581741333,1773948927.274
-0.019999999552965164,-0.007000000216066837,1.0130000114440918,1773948927.294
-0.020999999716877937,0.0010000000474974513,1.0130000114440918,1773948927.315
-0.00800000037997961,0.0,1.0190000534057617,1773948927.334
-0.010999999940395355,-0.004000000189989805,1.0169999599456787,1773948927.357
-0.007000000216066837,-0.004000000189989805,1.0140000581741333,1773948927.274
-0.019999999552965164,-0.007000000216066837,1.0130000114440918,1773948927.294
-0.020999999716877937,0.0010000000474974513,1.0130000114440918,1773948927.315
-0.00800000037997961,0.0,1.0190000534057617,1773948927.334
-0.010999999940395355,-0.004000000189989805,1.0169999599456787,1773948927.357
-0.007000000216066837,-0.004000000189989805,1.0140000581741333,1773948927.274
-0.019999999552965164,-0.007000000216066837,1.0130000114440918,1773948927.294
-0.020999999716877937,0.0010000000474974513,1.0130000114440918,1773948927.315
-0.00800000037997961,0.0,1.0190000534057617,1773948927.334
-0.010999999940395355,-0.004000000189989805,1.0169999599456787,1773948927.357
-0.019999999552965164,-0.03200000151991844,1.0149999856948853,1773948927.795
-0.008999999612569809,-0.020999999716877937,1.0099999904632568,1773948927.814
-0.02800000086426735,-0.017999999225139618,1.0230000019073486,1773948927.834
-0.00800000037997961,0.012000000104308128,0.9990000128746033,1773948927.855
-0.012000000104308128,0.004999999888241291,1.0360000133514404,1773948927.874
-0.019999999552965164,-0.03200000151991844,1.0149999856948853,1773948927.795
-0.008999999612569809,-0.020999999716877937,1.0099999904632568,1773948927.814
-0.02800000086426735,-0.017999999225139618,1.0230000019073486,1773948927.834
-0.00800000037997961,0.012000000104308128,0.9990000128746033,1773948927.855
-0.012000000104308128,0.004999999888241291,1.0360000133514404,1773948927.874
-0.041999999433755875,-0.02500000037252903,1.0049999952316284,1773948928.294
-0.10400000214576721,0.008999999612569809,1.0,1773948928.315
-0.04899999871850014,-0.02500000037252903,1.059999942779541,1773948928.334
-0.09700000286102295,0.017000000923871994,0.9739999771118164,1773948928.354
-0.03999999910593033,-0.008999999612569809,1.059000015258789,1773948928.374
-0.041999999433755875,-0.02500000037252903,1.0049999952316284,1773948928.294
-0.10400000214576721,0.008999999612569809,1.0,1773948928.315
-0.04899999871850014,-0.02500000037252903,1.059999942779541,1773948928.334
-0.09700000286102295,0.017000000923871994,0.9739999771118164,1773948928.354
-0.03999999910593033,-0.008999999612569809,1.059000015258789,1773948928.374
-0.041999999433755875,-0.02500000037252903,1.0049999952316284,1773948928.294
-0.10400000214576721,0.008999999612569809,1.0,1773948928.315
-0.04899999871850014,-0.02500000037252903,1.059999942779541,1773948928.334
-0.09700000286102295,0.017000000923871994,0.9739999771118164,1773948928.354
-0.03999999910593033,-0.008999999612569809,1.059000015258789,1773948928.374
0.0020000000949949026,0.014000000432133675,1.0149999856948853,1773948928.814
-0.014999999664723873,0.00800000037997961,0.984000027179718,1773948928.834
-0.007000000216066837,-0.004000000189989805,1.0360000133514404,1773948928.854
-0.003000000026077032,-0.017000000923871994,1.0,1773948928.874
-0.02500000037252903,0.020999999716877937,1.0160000324249268,1773948928.894
0.0020000000949949026,0.014000000432133675,1.0149999856948853,1773948928.814
-0.014999999664723873,0.00800000037997961,0.984000027179718,1773948928.834
-0.007000000216066837,-0.004000000189989805,1.0360000133514404,1773948928.854
-0.003000000026077032,-0.017000000923871994,1.0,1773948928.874
-0.02500000037252903,0.020999999716877937,1.0160000324249268,1773948928.894
-0.019999999552965164,-0.003000000026077032,1.0169999599456787,1773948929.315
-0.012000000104308128,-0.004999999888241291,1.0190000534057617,1773948929.334
-0.023000000044703484,-0.006000000052154064,1.0180000066757202,1773948929.354
-0.023000000044703484,-0.004000000189989805,1.0210000276565552,1773948929.374
-0.014000000432133675,0.0020000000949949026,1.0149999856948853,1773948929.395
-0.019999999552965164,-0.003000000026077032,1.0169999599456787,1773948929.315
-0.012000000104308128,-0.004999999888241291,1.0190000534057617,1773948929.334
-0.023000000044703484,-0.006000000052154064,1.0180000066757202,1773948929.354
-0.023000000044703484,-0.004000000189989805,1.0210000276565552,1773948929.374
-0.014000000432133675,0.0020000000949949026,1.0149999856948853,1773948929.395
-0.019999999552965164,-0.003000000026077032,1.0169999599456787,1773948929.315
-0.012000000104308128,-0.004999999888241291,1.0190000534057617,1773948929.334
-0.023000000044703484,-0.006000000052154064,1.0180000066757202,1773948929.354
-0.023000000044703484,-0.004000000189989805,1.0210000276565552,1773948929.374
-0.014000000432133675,0.0020000000949949026,1.0149999856948853,1773948929.395
-0.054999999701976776,0.01899999938905239,1.0679999589920044,1773948929.834
-0.03700000047683716,0.0820000022649765,0.8870000243186951,1773948929.854
-0.061000000685453415,-0.0010000000474974513,1.1490000486373901,1773948929.876
-0.006000000052154064,0.06199999898672104,0.8510000109672546,1773948929.894
0.008999999612569809,0.03099999949336052,1.2280000448226929,1773948929.915
-0.054999999701976776,0.01899999938905239,1.0679999589920044,1773948929.834
-0.03700000047683716,0.0820000022649765,0.8870000243186951,1773948929.854
-0.061000000685453415,-0.0010000000474974513,1.1490000486373901,1773948929.876
-0.006000000052154064,0.06199999898672104,0.8510000109672546,1773948929.894
0.008999999612569809,0.03099999949336052,1.2280000448226929,1773948929.915
-0.054999999701976776,0.01899999938905239,1.0679999589920044,1773948929.834
-0.03700000047683716,0.0820000022649765,0.8870000243186951,1773948929.854
-0.061000000685453415,-0.0010000000474974513,1.1490000486373901,1773948929.876
-0.006000000052154064,0.06199999898672104,0.8510000109672546,1773948929.894
0.008999999612569809,0.03099999949336052,1.2280000448226929,1773948929.915
-0.07800000160932541,0.017999999225139618,0.902999997138977,1773948930.334
-0.017999999225139618,-0.00800000037997961,0.8799999952316284,1773948930.354
-0.0430000014603138,-0.04399999976158142,1.0820000171661377,1773948930.374
0.007000000216066837,0.028999999165534973,1.1239999532699585,1773948930.397
-0.07500000298023224,-0.02199999988079071,0.8529999852180481,1773948930.414
-0.07800000160932541,0.017999999225139618,0.902999997138977,1773948930.334
-0.017999999225139618,-0.00800000037997961,0.8799999952316284,1773948930.354
-0.0430000014603138,-0.04399999976158142,1.0820000171661377,1773948930.374
0.007000000216066837,0.028999999165534973,1.1239999532699585,1773948930.397
-0.07500000298023224,-0.02199999988079071,0.8529999852180481,1773948930.414
-0.0430000014603138,-0.10999999940395355,0.9599999785423279,1773948930.854
-0.05299999937415123,-0.10599999874830246,1.0199999809265137,1773948930.875
0.07100000232458115,-0.13699999451637268,1.0399999618530273,1773948930.894
-0.019999999552965164,-0.09000000357627869,0.9679999947547913,1773948930.915
0.023000000044703484,-0.1289999932050705,1.0540000200271606,1773948930.934
-0.0430000014603138,-0.10999999940395355,0.9599999785423279,1773948930.854
-0.05299999937415123,-0.10599999874830246,1.0199999809265137,1773948930.875
0.07100000232458115,-0.13699999451637268,1.0399999618530273,1773948930.894
-0.019999999552965164,-0.09000000357627869,0.9679999947547913,1773948930.915
0.023000000044703484,-0.1289999932050705,1.0540000200271606,1773948930.934
-0.0430000014603138,-0.10999999940395355,0.9599999785423279,1773948930.854
-0.05299999937415123,-0.10599999874830246,1.0199999809265137,1773948930.875
0.07100000232458115,-0.13699999451637268,1.0399999618530273,1773948930.894
-0.019999999552965164,-0.09000000357627869,0.9679999947547913,1773948930.915
0.023000000044703484,-0.1289999932050705,1.0540000200271606,1773948930.934
-0.0430000014603138,-0.10999999940395355,0.9599999785423279,1773948930.854
-0.05299999937415123,-0.10599999874830246,1.0199999809265137,1773948930.875
0.07100000232458115,-0.13699999451637268,1.0399999618530273,1773948930.894
-0.019999999552965164,-0.09000000357627869,0.9679999947547913,1773948930.915
0.023000000044703484,-0.1289999932050705,1.0540000200271606,1773948930.934
-0.032999999821186066,0.0,1.0119999647140503,1773948931.354
-0.03099999949336052,-0.007000000216066837,1.0460000038146973,1773948931.374
-0.039000000804662704,0.010999999940395355,0.9909999966621399,1773948931.395
-0.003000000026077032,-0.01899999938905239,1.0509999990463257,1773948931.414
0.0,-0.0430000014603138,0.9950000047683716,1773948931.45
-0.032999999821186066,0.0,1.0119999647140503,1773948931.354
-0.03099999949336052,-0.007000000216066837,1.0460000038146973,1773948931.374
-0.039000000804662704,0.010999999940395355,0.9909999966621399,1773948931.395
-0.003000000026077032,-0.01899999938905239,1.0509999990463257,1773948931.414
0.0,-0.0430000014603138,0.9950000047683716,1773948931.45
-0.05900000035762787,0.006000000052154064,0.949999988079071,1773948931.875
-0.024000000208616257,-0.03099999949336052,1.0709999799728394,1773948931.894
0.019999999552965164,-0.03200000151991844,1.0609999895095825,1773948931.915
-0.03700000047683716,0.020999999716877937,0.9769999980926514,1773948931.934
-0.0020000000949949026,-0.012000000104308128,1.0219999551773071,1773948931.954
-0.05900000035762787,0.006000000052154064,0.949999988079071,1773948931.875
-0.024000000208616257,-0.03099999949336052,1.0709999799728394,1773948931.894
0.019999999552965164,-0.03200000151991844,1.0609999895095825,1773948931.915
-0.03700000047683716,0.020999999716877937,0.9769999980926514,1773948931.934
-0.0020000000949949026,-0.012000000104308128,1.0219999551773071,1773948931.954
-0.05900000035762787,0.006000000052154064,0.949999988079071,1773948931.875
-0.024000000208616257,-0.03099999949336052,1.0709999799728394,1773948931.894
0.019999999552965164,-0.03200000151991844,1.0609999895095825,1773948931.915
-0.03700000047683716,0.020999999716877937,0.9769999980926514,1773948931.934
-0.0020000000949949026,-0.012000000104308128,1.0219999551773071,1773948931.954
-0.03200000151991844,-0.006000000052154064,1.0399999618530273,1773948932.374
0.017999999225139618,-0.02500000037252903,1.0190000534057617,1773948932.395
-0.02800000086426735,0.04399999976158142,0.9679999947547913,1773948932.414
-0.0,0.026000000536441803,1.062999963760376,1773948932.434
-0.023000000044703484,0.03099999949336052,0.984000027179718,1773948932.454
-0.03200000151991844,-0.006000000052154064,1.0399999618530273,1773948932.374
0.017999999225139618,-0.02500000037252903,1.0190000534057617,1773948932.395
-0.02800000086426735,0.04399999976158142,0.9679999947547913,1773948932.414
-0.0,0.026000000536441803,1.062999963760376,1773948932.434
-0.023000000044703484,0.03099999949336052,0.984000027179718,1773948932.454
-0.026000000536441803,0.008999999612569809,1.0119999647140503,1773948932.895
-0.00800000037997961,0.010999999940395355,1.0230000019073486,1773948932.915
-0.014999999664723873,0.009999999776482582,1.0119999647140503,1773948932.934
-0.023000000044703484,0.012000000104308128,1.00600004196167,1773948932.958
-0.014999999664723873,0.00800000037997961,1.0169999599456787,1773948932.975
-0.026000000536441803,0.008999999612569809,1.0119999647140503,1773948932.895
-0.00800000037997961,0.010999999940395355,1.0230000019073486,1773948932.915
-0.014999999664723873,0.009999999776482582,1.0119999647140503,1773948932.934
-0.023000000044703484,0.012000000104308128,1.00600004196167,1773948932.958
-0.014999999664723873,0.00800000037997961,1.0169999599456787,1773948932.975
-0.026000000536441803,0.008999999612569809,1.0119999647140503,1773948932.895
-0.00800000037997961,0.010999999940395355,1.0230000019073486,1773948932.915
-0.014999999664723873,0.009999999776482582,1.0119999647140503,1773948932.934
-0.023000000044703484,0.012000000104308128,1.00600004196167,1773948932.958
-0.014999999664723873,0.00800000037997961,1.0169999599456787,1773948932.975
-0.04100000113248825,0.15000000596046448,0.9089999794960022,1773948933.395
-0.04699999839067459,0.10199999809265137,0.996999979019165,1773948933.414
-0.04600000008940697,0.11100000143051147,0.9869999885559082,1773948933.434
-0.07999999821186066,0.07999999821186066,1.0399999618530273,1773948933.454
0.1289999932050705,0.01899999938905239,0.9700000286102295,1773948933.475
-0.04100000113248825,0.15000000596046448,0.9089999794960022,1773948933.395
-0.04699999839067459,0.10199999809265137,0.996999979019165,1773948933.414
-0.04600000008940697,0.11100000143051147,0.9869999885559082,1773948933.434
-0.07999999821186066,0.07999999821186066,1.0399999618530273,1773948933.454
0.1289999932050705,0.01899999938905239,0.9700000286102295,1773948933.475
-0.0560000017285347,0.008999999612569809,1.0709999799728394,1773948933.915
-0.041999999433755875,0.017999999225139618,1.0019999742507935,1773948933.934
0.05700000002980232,0.03099999949336052,1.0019999742507935,1773948933.954
-0.07199999690055847,0.06199999898672104,0.9330000281333923,1773948933.975
-0.050999999046325684,0.06400000303983688,1.059999942779541,1773948933.995
-0.0560000017285347,0.008999999612569809,1.0709999799728394,1773948933.915
-0.041999999433755875,0.017999999225139618,1.0019999742507935,1773948933.934
0.05700000002980232,0.03099999949336052,1.0019999742507935,1773948933.954
-0.07199999690055847,0.06199999898672104,0.9330000281333923,1773948933.975
-0.050999999046325684,0.06400000303983688,1.059999942779541,1773948933.995
-0.0560000017285347,0.008999999612569809,1.0709999799728394,1773948933.915
-0.041999999433755875,0.017999999225139618,1.0019999742507935,1773948933.934
0.05700000002980232,0.03099999949336052,1.0019999742507935,1773948933.954
-0.07199999690055847,0.06199999898672104,0.9330000281333923,1773948933.975
-0.050999999046325684,0.06400000303983688,1.059999942779541,1773948933.995
-0.023000000044703484,0.013000000268220901,0.9139999747276306,1773948934.414
0.04500000178813934,0.004999999888241291,1.0190000534057617,1773948934.434
-0.05400000140070915,0.041999999433755875,0.9459999799728394,1773948934.454
-0.0430000014603138,0.02199999988079071,1.0329999923706055,1773948934.475
0.09200000017881393,-0.014000000432133675,1.0950000286102295,1773948934.494
-0.023000000044703484,0.013000000268220901,0.9139999747276306,1773948934.414
0.04500000178813934,0.004999999888241291,1.0190000534057617,1773948934.434
-0.05400000140070915,0.041999999433755875,0.9459999799728394,1773948934.454
-0.0430000014603138,0.02199999988079071,1.0329999923706055,1773948934.475
0.09200000017881393,-0.014000000432133675,1.0950000286102295,1773948934.494
-0.052000001072883606,-0.05400000140070915,0.8640000224113464,1773948934.935
0.029999999329447746,-0.026000000536441803,1.0390000343322754,1773948934.954
0.009999999776482582,-0.0430000014603138,1.0870000123977661,1773948934.975
-0.10199999809265137,0.032999999821186066,1.156000018119812,1773948934.995
0.004999999888241291,0.008999999612569809,0.8960000276565552,1773948935.014
-0.052000001072883606,-0.05400000140070915,0.8640000224113464,1773948934.935
0.029999999329447746,-0.026000000536441803,1.0390000343322754,1773948934.954
0.009999999776482582,-0.0430000014603138,1.0870000123977661,1773948934.975
-0.10199999809265137,0.032999999821186066,1.156000018119812,1773948934.995
0.004999999888241291,0.008999999612569809,0.8960000276565552,1773948935.014
-0.052000001072883606,-0.05400000140070915,0.8640000224113464,1773948934.935
0.029999999329447746,-0.026000000536441803,1.0390000343322754,1773948934.954
0.009999999776482582,-0.0430000014603138,1.0870000123977661,1773948934.975
-0.10199999809265137,0.032999999821186066,1.156000018119812,1773948934.995
0.004999999888241291,0.008999999612569809,0.8960000276565552,1773948935.014
0.03099999949336052,0.0020000000949949026,0.8889999985694885,1773948935.434
-0.1340000033378601,-0.09300000220537186,1.062999963760376,1773948935.454
0.027000000700354576,0.02199999988079071,0.8709999918937683,1773948935.475
-0.017999999225139618,-0.12300000339746475,1.1380000114440918,1773948935.494
0.10899999737739563,0.04800000041723251,0.9430000185966492,1773948935.515
0.03099999949336052,0.0020000000949949026,0.8889999985694885,1773948935.434
-0.1340000033378601,-0.09300000220537186,1.062999963760376,1773948935.454
0.027000000700354576,0.02199999988079071,0.8709999918937683,1773948935.475
-0.017999999225139618,-0.12300000339746475,1.1380000114440918,1773948935.494
0.10899999737739563,0.04800000041723251,0.9430000185966492,1773948935.515
-0.07199999690055847,-0.0,1.1349999904632568,1773948935.954
0.057999998331069946,0.013000000268220901,0.8510000109672546,1773948935.975
-0.014999999664723873,-0.017999999225139618,1.253999948501587,1773948935.995
0.01600000075995922,0.03099999949336052,0.8140000104904175,1773948936.015
-0.03999999910593033,-0.09600000083446503,1.2259999513626099,1773948936.035
-0.07199999690055847,-0.0,1.1349999904632568,1773948935.954
0.057999998331069946,0.013000000268220901,0.8510000109672546,1773948935.975
-0.014999999664723873,-0.017999999225139618,1.253999948501587,1773948935.995
0.01600000075995922,0.03099999949336052,0.8140000104904175,1773948936.015
-0.03999999910593033,-0.09600000083446503,1.2259999513626099,1773948936.035
-0.07199999690055847,-0.0,1.1349999904632568,1773948935.954
0.057999998331069946,0.013000000268220901,0.8510000109672546,1773948935.975
-0.014999999664723873,-0.017999999225139618,1.253999948501587,1773948935.995
0.01600000075995922,0.03099999949336052,0.8140000104904175,1773948936.015
-0.03999999910593033,-0.09600000083446503,1.2259999513626099,1773948936.035
0.10100000351667404,0.05700000002980232,1.2280000448226929,1773948936.455
0.032999999821186066,0.07199999690055847,0.6869999766349792,1773948936.48
-0.07999999821186066,-0.052000001072883606,1.3489999771118164,1773948936.495
0.13300000131130219,0.0949999988079071,0.8019999861717224,1773948936.515
-0.03700000047683716,0.004999999888241291,1.059000015258789,1773948936.535
0.10100000351667404,0.05700000002980232,1.2280000448226929,1773948936.455
0.032999999821186066,0.07199999690055847,0.6869999766349792,1773948936.48
-0.07999999821186066,-0.052000001072883606,1.3489999771118164,1773948936.495
0.13300000131130219,0.0949999988079071,0.8019999861717224,1773948936.515
-0.03700000047683716,0.004999999888241291,1.059000015258789,1773948936.535
0.024000000208616257,-0.06400000303983688,1.0770000219345093,1773948936.955
-0.027000000700354576,-0.01600000075995922,0.8659999966621399,1773948936.975
-0.032999999821186066,-0.006000000052154064,1.1690000295639038,1773948936.995
-0.01899999938905239,-0.07900000363588333,0.8339999914169312,1773948937.015
-0.0820000022649765,-0.05000000074505806,0.8920000195503235,1773948937.035
0.024000000208616257,-0.06400000303983688,1.0770000219345093,1773948936.955
-0.027000000700354576,-0.01600000075995922,0.8659999966621399,1773948936.975
-0.032999999821186066,-0.006000000052154064,1.1690000295639038,1773948936.995
-0.01899999938905239,-0.07900000363588333,0.8339999914169312,1773948937.015
-0.0820000022649765,-0.05000000074505806,0.8920000195503235,1773948937.035
0.024000000208616257,-0.06400000303983688,1.0770000219345093,1773948936.955
-0.027000000700354576,-0.01600000075995922,0.8659999966621399,1773948936.975
-0.032999999821186066,-0.006000000052154064,1.1690000295639038,1773948936.995
-0.01899999938905239,-0.07900000363588333,0.8339999914169312,1773948937.015
-0.0820000022649765,-0.05000000074505806,0.8920000195503235,1773948937.035
-0.04100000113248825,0.0010000000474974513,1.0099999904632568,1773948937.455
-0.007000000216066837,-0.057999998331069946,0.9919999837875366,1773948937.475
-0.007000000216066837,-0.007000000216066837,0.9769999980926514,1773948937.495
-0.01600000075995922,-0.05700000002980232,1.0390000343322754,1773948937.515
0.0020000000949949026,-0.0,1.2109999656677246,1773948937.535
-0.04100000113248825,0.0010000000474974513,1.0099999904632568,1773948937.455
-0.007000000216066837,-0.057999998331069946,0.9919999837875366,1773948937.475
-0.007000000216066837,-0.007000000216066837,0.9769999980926514,1773948937.495
-0.01600000075995922,-0.05700000002980232,1.0390000343322754,1773948937.515
0.0020000000949949026,-0.0,1.2109999656677246,1773948937.535
-0.07400000095367432,-0.04100000113248825,1.1100000143051147,1773948937.975
0.10499999672174454,-0.02800000086426735,1.090999960899353,1773948937.995
0.035999998450279236,-0.006000000052154064,0.9950000047683716,1773948938.015
-0.013000000268220901,-0.04899999871850014,0.9869999885559082,1773948938.035
-0.05900000035762787,-0.061000000685453415,0.8610000014305115,1773948938.055
-0.07400000095367432,-0.04100000113248825,1.1100000143051147,1773948937.975
0.10499999672174454,-0.02800000086426735,1.090999960899353,1773948937.995
0.035999998450279236,-0.006000000052154064,0.9950000047683716,1773948938.015
-0.013000000268220901,-0.04899999871850014,0.9869999885559082,1773948938.035
-0.05900000035762787,-0.061000000685453415,0.8610000014305115,1773948938.055
-0.07400000095367432,-0.04100000113248825,1.1100000143051147,1773948937.975
0.10499999672174454,-0.02800000086426735,1.090999960899353,1773948937.995
0.035999998450279236,-0.006000000052154064,0.9950000047683716,1773948938.015
-0.013000000268220901,-0.04899999871850014,0.9869999885559082,1773948938.035
-0.05900000035762787,-0.061000000685453415,0.8610000014305115,1773948938.055
-0.07400000095367432,-0.04100000113248825,1.1100000143051147,1773948937.975
0.10499999672174454,-0.02800000086426735,1.090999960899353,1773948937.995
0.035999998450279236,-0.006000000052154064,0.9950000047683716,1773948938.015
-0.013000000268220901,-0.04899999871850014,0.9869999885559082,1773948938.035
-0.05900000035762787,-0.061000000685453415,0.8610000014305115,1773948938.055
-0.061000000685453415,-0.07699999958276749,1.0540000200271606,1773948938.475
-0.11100000143051147,-0.009999999776482582,0.9679999947547913,1773948938.495
-0.07199999690055847,0.009999999776482582,1.0740000009536743,1773948938.515
0.08299999684095383,-0.06599999964237213,1.0140000581741333,1773948938.535
0.04699999839067459,0.020999999716877937,0.9300000071525574,1773948938.555
-0.061000000685453415,-0.07699999958276749,1.0540000200271606,1773948938.475
-0.11100000143051147,-0.009999999776482582,0.9679999947547913,1773948938.495
-0.07199999690055847,0.009999999776482582,1.0740000009536743,1773948938.515
0.08299999684095383,-0.06599999964237213,1.0140000581741333,1773948938.535
0.04699999839067459,0.020999999716877937,0.9300000071525574,1773948938.555
-0.061000000685453415,-0.07699999958276749,1.0540000200271606,1773948938.475
-0.11100000143051147,-0.009999999776482582,0.9679999947547913,1773948938.495
-0.07199999690055847,0.009999999776482582,1.0740000009536743,1773948938.515
0.08299999684095383,-0.06599999964237213,1.0140000581741333,1773948938.535
0.04699999839067459,0.020999999716877937,0.9300000071525574,1773948938.555
-0.029999999329447746,-0.03700000047683716,1.1460000276565552,1773948938.996
0.041999999433755875,0.019999999552965164,0.9390000104904175,1773948939.015
-0.039000000804662704,-0.00800000037997961,1.0,1773948939.035
-0.01899999938905239,-0.07699999958276749,0.921999990940094,1773948939.055
-0.12399999797344208,-0.04699999839067459,1.027999997138977,1773948939.076
-0.029999999329447746,-0.03700000047683716,1.1460000276565552,1773948938.996
0.041999999433755875,0.019999999552965164,0.9390000104904175,1773948939.015
-0.039000000804662704,-0.00800000037997961,1.0,1773948939.035
-0.01899999938905239,-0.07699999958276749,0.921999990940094,1773948939.055
-0.12399999797344208,-0.04699999839067459,1.027999997138977,1773948939.076
-0.029999999329447746,-0.03700000047683716,1.1460000276565552,1773948938.996
0.041999999433755875,0.019999999552965164,0.9390000104904175,1773948939.015
-0.039000000804662704,-0.00800000037997961,1.0,1773948939.035
-0.01899999938905239,-0.07699999958276749,0.921999990940094,1773948939.055
-0.12399999797344208,-0.04699999839067459,1.027999997138977,1773948939.076
-0.05900000035762787,0.008999999612569809,1.0140000581741333,1773948939.495
-0.07599999755620956,-0.04500000178813934,1.121999979019165,1773948939.515
0.10199999809265137,0.10100000351667404,0.9430000185966492,1773948939.535
0.04699999839067459,0.01600000075995922,1.1619999408721924,1773948939.555
-0.004999999888241291,-0.04600000008940697,0.9509999752044678,1773948939.575
-0.05900000035762787,0.008999999612569809,1.0140000581741333,1773948939.495
-0.07599999755620956,-0.04500000178813934,1.121999979019165,1773948939.515
0.10199999809265137,0.10100000351667404,0.9430000185966492,1773948939.535
0.04699999839067459,0.01600000075995922,1.1619999408721924,1773948939.555
-0.004999999888241291,-0.04600000008940697,0.9509999752044678,1773948939.575
-0.05900000035762787,0.008999999612569809,1.0140000581741333,1773948939.495
-0.07599999755620956,-0.04500000178813934,1.121999979019165,1773948939.515
0.10199999809265137,0.10100000351667404,0.9430000185966492,1773948939.535
0.04699999839067459,0.01600000075995922,1.1619999408721924,1773948939.555
-0.004999999888241291,-0.04600000008940697,0.9509999752044678,1773948939.575
-0.05900000035762787,0.008999999612569809,1.0140000581741333,1773948939.495
-0.07599999755620956,-0.04500000178813934,1.121999979019165,1773948939.515
0.10199999809265137,0.10100000351667404,0.9430000185966492,1773948939.535
0.04699999839067459,0.01600000075995922,1.1619999408721924,1773948939.555
-0.004999999888241291,-0.04600000008940697,0.9509999752044678,1773948939.575
0.014999999664723873,0.013000000268220901,1.065999984741211,1773948940.018
-0.04399999976158142,-0.05900000035762787,1.0549999475479126,1773948940.041
-0.05999999865889549,-0.03200000151991844,0.8830000162124634,1773948940.063
0.019999999552965164,-0.0010000000474974513,1.0509999990463257,1773948940.079
-0.0020000000949949026,-0.032999999821186066,1.0110000371932983,1773948940.095
0.014999999664723873,0.013000000268220901,1.065999984741211,1773948940.018
-0.04399999976158142,-0.05900000035762787,1.0549999475479126,1773948940.041
-0.05999999865889549,-0.03200000151991844,0.8830000162124634,1773948940.063
0.019999999552965164,-0.0010000000474974513,1.0509999990463257,1773948940.079
-0.0020000000949949026,-0.032999999821186066,1.0110000371932983,1773948940.095
0.014999999664723873,0.013000000268220901,1.065999984741211,1773948940.018
-0.04399999976158142,-0.05900000035762787,1.0549999475479126,1773948940.041
-0.05999999865889549,-0.03200000151991844,0.8830000162124634,1773948940.063
0.019999999552965164,-0.0010000000474974513,1.0509999990463257,1773948940.079
-0.0020000000949949026,-0.032999999821186066,1.0110000371932983,1773948940.095
0.050999999046325684,0.0820000022649765,1.128000020980835,1773948940.516
-0.04399999976158142,0.03099999949336052,0.8920000195503235,1773948940.535
-0.1080000028014183,-0.017999999225139618,0.8830000162124634,1773948940.555
-0.054999999701976776,-0.057999998331069946,1.1829999685287476,1773948940.575
0.07999999821186066,0.04800000041723251,0.9319999814033508,1773948940.595
0.050999999046325684,0.0820000022649765,1.128000020980835,1773948940.516
-0.04399999976158142,0.03099999949336052,0.8920000195503235,1773948940.535
-0.1080000028014183,-0.017999999225139618,0.8830000162124634,1773948940.555
-0.054999999701976776,-0.057999998331069946,1.1829999685287476,1773948940.575
0.07999999821186066,0.04800000041723251,0.9319999814033508,1773948940.595
0.050999999046325684,0.0820000022649765,1.128000020980835,1773948940.516
-0.04399999976158142,0.03099999949336052,0.8920000195503235,1773948940.535
-0.1080000028014183,-0.017999999225139618,0.8830000162124634,1773948940.555
-0.054999999701976776,-0.057999998331069946,1.1829999685287476,1773948940.575
0.07999999821186066,0.04800000041723251,0.9319999814033508,1773948940.595
0.050999999046325684,0.0820000022649765,1.128000020980835,1773948940.516
-0.04399999976158142,0.03099999949336052,0.8920000195503235,1773948940.535
-0.1080000028014183,-0.017999999225139618,0.8830000162124634,1773948940.555
-0.054999999701976776,-0.057999998331069946,1.1829999685287476,1773948940.575
0.07999999821186066,0.04800000041723251,0.9319999814033508,1773948940.595
0.05299999937415123,0.052000001072883606,1.0740000009536743,1773948941.035
-0.012000000104308128,0.02800000086426735,1.0049999952316284,1773948941.055
-0.014000000432133675,-0.03700000047683716,0.9869999885559082,1773948941.075
-0.10100000351667404,-0.10499999672174454,1.0420000553131104,1773948941.096
-0.013000000268220901,0.027000000700354576,1.003999948501587,1773948941.115
0.05299999937415123,0.052000001072883606,1.0740000009536743,1773948941.035
-0.012000000104308128,0.02800000086426735,1.0049999952316284,1773948941.055
-0.014000000432133675,-0.03700000047683716,0.9869999885559082,1773948941.075
-0.10100000351667404,-0.10499999672174454,1.0420000553131104,1773948941.096
-0.013000000268220901,0.027000000700354576,1.003999948501587,1773948941.115
-0.04399999976158142,-0.03200000151991844,1.0540000200271606,1773948941.535
0.0010000000474974513,-0.029999999329447746,1.0149999856948853,1773948941.555
0.0989999994635582,0.05700000002980232,0.8519999980926514,1773948941.575
-0.03500000014901161,-0.05000000074505806,1.1069999933242798,1773948941.595
-0.07500000298023224,-0.06499999761581421,0.8640000224113464,1773948941.615
-0.04399999976158142,-0.03200000151991844,1.0540000200271606,1773948941.535
0.0010000000474974513,-0.029999999329447746,1.0149999856948853,1773948941.555
0.0989999994635582,0.05700000002980232,0.8519999980926514,1773948941.575
-0.03500000014901161,-0.05000000074505806,1.1069999933242798,1773948941.595
-0.07500000298023224,-0.06499999761581421,0.8640000224113464,1773948941.615
-0.019999999552965164,-0.013000000268220901,0.9319999814033508,1773948942.055
-0.0430000014603138,0.04699999839067459,1.1410000324249268,1773948942.075
-0.09300000220537186,0.019999999552965164,0.7400000095367432,1773948942.095
-0.10000000149011612,-0.026000000536441803,1.218000054359436,1773948942.116
-0.06499999761581421,0.0560000017285347,0.9739999771118164,1773948942.135
-0.019999999552965164,-0.013000000268220901,0.9319999814033508,1773948942.055
-0.0430000014603138,0.04699999839067459,1.1410000324249268,1773948942.075
-0.09300000220537186,0.019999999552965164,0.7400000095367432,1773948942.095
-0.10000000149011612,-0.026000000536441803,1.218000054359436,1773948942.116
-0.06499999761581421,0.0560000017285347,0.9739999771118164,1773948942.135
-0.019999999552965164,-0.013000000268220901,0.9319999814033508,1773948942.055
-0.0430000014603138,0.04699999839067459,1.1410000324249268,1773948942.075
-0.09300000220537186,0.019999999552965164,0.7400000095367432,1773948942.095
-0.10000000149011612,-0.026000000536441803,1.218000054359436,1773948942.116
-0.06499999761581421,0.0560000017285347,0.9739999771118164,1773948942.135
-0.019999999552965164,-0.013000000268220901,0.9319999814033508,1773948942.055
-0.0430000014603138,0.04699999839067459,1.1410000324249268,1773948942.075
-0.09300000220537186,0.019999999552965164,0.7400000095367432,1773948942.095
-0.10000000149011612,-0.026000000536441803,1.218000054359436,1773948942.116
-0.06499999761581421,0.0560000017285347,0.9739999771118164,1773948942.135
-0.04500000178813934,0.061000000685453415,1.1059999465942383,1773948942.555
-0.08699999749660492,0.020999999716877937,0.9049999713897705,1773948942.575
-0.023000000044703484,0.07800000160932541,1.0110000371932983,1773948942.595
-0.07199999690055847,0.039000000804662704,1.1319999694824219,1773948942.615
-0.04800000041723251,-0.05299999937415123,0.9010000228881836,1773948942.635
-0.04500000178813934,0.061000000685453415,1.1059999465942383,1773948942.555
-0.08699999749660492,0.020999999716877937,0.9049999713897705,1773948942.575
-0.023000000044703484,0.07800000160932541,1.0110000371932983,1773948942.595
-0.07199999690055847,0.039000000804662704,1.1319999694824219,1773948942.615
-0.04800000041723251,-0.05299999937415123,0.9010000228881836,1773948942.635
-0.04500000178813934,0.061000000685453415,1.1059999465942383,1773948942.555
-0.08699999749660492,0.020999999716877937,0.9049999713897705,1773948942.575
-0.023000000044703484,0.07800000160932541,1.0110000371932983,1773948942.595
-0.07199999690055847,0.039000000804662704,1.1319999694824219,1773948942.615
-0.04800000041723251,-0.05299999937415123,0.9010000228881836,1773948942.635
-0.09600000083446503,-0.057999998331069946,0.8700000047683716,1773948943.075
-0.07800000160932541,0.0010000000474974513,1.055999994277954,1773948943.095
-0.05900000035762787,-0.010999999940395355,1.0779999494552612,1773948943.115
-0.01600000075995922,-0.04800000041723251,0.8740000128746033,1773948943.135
-0.09600000083446503,0.04100000113248825,1.0870000123977661,1773948943.155
-0.09600000083446503,-0.057999998331069946,0.8700000047683716,1773948943.075
-0.07800000160932541,0.0010000000474974513,1.055999994277954,1773948943.095
-0.05900000035762787,-0.010999999940395355,1.0779999494552612,1773948943.115
-0.01600000075995922,-0.04800000041723251,0.8740000128746033,1773948943.135
-0.09600000083446503,0.04100000113248825,1.0870000123977661,1773948943.155
-0.09600000083446503,-0.057999998331069946,0.8700000047683716,1773948943.075
-0.07800000160932541,0.0010000000474974513,1.055999994277954,1773948943.095
-0.05900000035762787,-0.010999999940395355,1.0779999494552612,1773948943.115
-0.01600000075995922,-0.04800000041723251,0.8740000128746033,1773948943.135
-0.09600000083446503,0.04100000113248825,1.0870000123977661,1773948943.155
-0.09600000083446503,-0.057999998331069946,0.8700000047683716,1773948943.075
-0.07800000160932541,0.0010000000474974513,1.055999994277954,1773948943.095
-0.05900000035762787,-0.010999999940395355,1.0779999494552612,1773948943.115
-0.01600000075995922,-0.04800000041723251,0.8740000128746033,1773948943.135
-0.09600000083446503,0.04100000113248825,1.0870000123977661,1773948943.155
0.004999999888241291,-0.054999999701976776,0.902999997138977,1773948943.575
-0.02500000037252903,-0.008999999612569809,0.9070000052452087,1773948943.595
-0.027000000700354576,-0.07400000095367432,1.125,1773948943.615
-0.05700000002980232,-0.012000000104308128,0.9129999876022339,1773948943.635
-0.1289999932050705,0.054999999701976776,1.1469999551773071,1773948943.655
0.004999999888241291,-0.054999999701976776,0.902999997138977,1773948943.575
-0.02500000037252903,-0.008999999612569809,0.9070000052452087,1773948943.595
-0.027000000700354576,-0.07400000095367432,1.125,1773948943.615
-0.05700000002980232,-0.012000000104308128,0.9129999876022339,1773948943.635
-0.1289999932050705,0.054999999701976776,1.1469999551773071,1773948943.655
-0.050999999046325684,0.01600000075995922,1.1460000276565552,1773948944.095
-0.07199999690055847,0.06499999761581421,0.859000027179718,1773948944.115
0.057999998331069946,-0.06499999761581421,1.1200000047683716,1773948944.135
-0.12099999934434891,0.026000000536441803,0.9089999794960022,1773948944.155
0.05299999937415123,-0.04100000113248825,1.1080000400543213,1773948944.175
-0.050999999046325684,0.01600000075995922,1.1460000276565552,1773948944.095
-0.07199999690055847,0.06499999761581421,0.859000027179718,1773948944.115
0.057999998331069946,-0.06499999761581421,1.1200000047683716,1773948944.135
-0.12099999934434891,0.026000000536441803,0.9089999794960022,1773948944.155
0.05299999937415123,-0.04100000113248825,1.1080000400543213,1773948944.175
-0.050999999046325684,0.01600000075995922,1.1460000276565552,1773948944.095
-0.07199999690055847,0.06499999761581421,0.859000027179718,1773948944.115
0.057999998331069946,-0.06499999761581421,1.1200000047683716,1773948944.135
-0.12099999934434891,0.026000000536441803,0.9089999794960022,1773948944.155
0.05299999937415123,-0.04100000113248825,1.1080000400543213,1773948944.175
0.014999999664723873,-0.003000000026077032,0.953000009059906,1773948944.595
-0.057999998331069946,-0.0010000000474974513,0.9539999961853027,1773948944.615
-0.017000000923871994,-0.04399999976158142,0.984000027179718,1773948944.635
-0.029999999329447746,-0.04899999871850014,1.0820000171661377,1773948944.655
-0.02800000086426735,-0.007000000216066837,1.1349999904632568,1773948944.675
0.014999999664723873,-0.003000000026077032,0.953000009059906,1773948944.595
-0.057999998331069946,-0.0010000000474974513,0.9539999961853027,1773948944.615
-0.017000000923871994,-0.04399999976158142,0.984000027179718,1773948944.635
-0.029999999329447746,-0.04899999871850014,1.0820000171661377,1773948944.655
-0.02800000086426735,-0.007000000216066837,1.1349999904632568,1773948944.675
0.014999999664723873,-0.003000000026077032,0.953000009059906,1773948944.595
-0.057999998331069946,-0.0010000000474974513,0.9539999961853027,1773948944.615
-0.017000000923871994,-0.04399999976158142,0.984000027179718,1773948944.635
-0.029999999329447746,-0.04899999871850014,1.0820000171661377,1773948944.655
-0.02800000086426735,-0.007000000216066837,1.1349999904632568,1773948944.675
0.04899999871850014,-0.07199999690055847,1.1579999923706055,1773948945.115
0.010999999940395355,-0.07999999821186066,1.1180000305175781,1773948945.135
-0.25,0.023000000044703484,0.8960000276565552,1773948945.155
0.05299999937415123,0.02500000037252903,1.003000020980835,1773948945.176
0.16300000250339508,-0.0,0.9390000104904175,1773948945.196
0.04899999871850014,-0.07199999690055847,1.1579999923706055,1773948945.115
0.010999999940395355,-0.07999999821186066,1.1180000305175781,1773948945.135
-0.25,0.023000000044703484,0.8960000276565552,1773948945.155
0.05299999937415123,0.02500000037252903,1.003000020980835,1773948945.176
0.16300000250339508,-0.0,0.9390000104904175,1773948945.196
0.04899999871850014,-0.07199999690055847,1.1579999923706055,1773948945.115
0.010999999940395355,-0.07999999821186066,1.1180000305175781,1773948945.135
-0.25,0.023000000044703484,0.8960000276565552,1773948945.155
0.05299999937415123,0.02500000037252903,1.003000020980835,1773948945.176
0.16300000250339508,-0.0,0.9390000104904175,1773948945.196
0.04899999871850014,-0.07199999690055847,1.1579999923706055,1773948945.115
0.010999999940395355,-0.07999999821186066,1.1180000305175781,1773948945.135
-0.25,0.023000000044703484,0.8960000276565552,1773948945.155
0.05299999937415123,0.02500000037252903,1.003000020980835,1773948945.176
0.16300000250339508,-0.0,0.9390000104904175,1773948945.196
0.020999999716877937,-0.0430000014603138,1.1859999895095825,1773948945.615
-0.12700000405311584,-0.032999999821186066,1.1069999933242798,1773948945.635
-0.010999999940395355,-0.06400000303983688,1.0770000219345093,1773948945.655
-0.10400000214576721,-0.03200000151991844,0.8730000257492065,1773948945.675
-0.0689999982714653,-0.02800000086426735,1.1859999895095825,1773948945.695
0.020999999716877937,-0.0430000014603138,1.1859999895095825,1773948945.615
-0.12700000405311584,-0.032999999821186066,1.1069999933242798,1773948945.635
-0.010999999940395355,-0.06400000303983688,1.0770000219345093,1773948945.655
-0.10400000214576721,-0.03200000151991844,0.8730000257492065,1773948945.675
-0.0689999982714653,-0.02800000086426735,1.1859999895095825,1773948945.695
-0.0020000000949949026,-0.09300000220537186,0.8650000095367432,1773948946.136
-0.004000000189989805,-0.050999999046325684,0.9779999852180481,1773948946.155
0.01600000075995922,-0.1340000033378601,1.190999984741211,1773948946.175
-0.003000000026077032,-0.10899999737739563,0.9710000157356262,1773948946.195
-0.07599999755620956,-0.09200000017881393,0.8579999804496765,1773948946.216
-0.0020000000949949026,-0.09300000220537186,0.8650000095367432,1773948946.136
-0.004000000189989805,-0.050999999046325684,0.9779999852180481,1773948946.155
0.01600000075995922,-0.1340000033378601,1.190999984741211,1773948946.175
-0.003000000026077032,-0.10899999737739563,0.9710000157356262,1773948946.195
-0.07599999755620956,-0.09200000017881393,0.8579999804496765,1773948946.216
-0.0020000000949949026,-0.09300000220537186,0.8650000095367432,1773948946.136
-0.004000000189989805,-0.050999999046325684,0.9779999852180481,1773948946.155
0.01600000075995922,-0.1340000033378601,1.190999984741211,1773948946.175
-0.003000000026077032,-0.10899999737739563,0.9710000157356262,1773948946.195
-0.07599999755620956,-0.09200000017881393,0.8579999804496765,1773948946.216
-0.12200000137090683,-0.06599999964237213,1.0989999771118164,1773948946.635
0.10400000214576721,-0.004000000189989805,1.0199999809265137,1773948946.655
0.04699999839067459,-0.08299999684095383,1.0870000123977661,1773948946.675
0.010999999940395355,-0.0430000014603138,1.0219999551773071,1773948946.695
0.006000000052154064,0.020999999716877937,0.9779999852180481,1773948946.715
-0.12200000137090683,-0.06599999964237213,1.0989999771118164,1773948946.635
0.10400000214576721,-0.004000000189989805,1.0199999809265137,1773948946.655
0.04699999839067459,-0.08299999684095383,1.0870000123977661,1773948946.675
0.010999999940395355,-0.0430000014603138,1.0219999551773071,1773948946.695
0.006000000052154064,0.020999999716877937,0.9779999852180481,1773948946.715
-0.12200000137090683,-0.06599999964237213,1.0989999771118164,1773948946.635
0.10400000214576721,-0.004000000189989805,1.0199999809265137,1773948946.655
0.04699999839067459,-0.08299999684095383,1.0870000123977661,1773948946.675
0.010999999940395355,-0.0430000014603138,1.0219999551773071,1773948946.695
0.006000000052154064,0.020999999716877937,0.9779999852180481,1773948946.715
-0.12200000137090683,-0.06599999964237213,1.0989999771118164,1773948946.635
0.10400000214576721,-0.004000000189989805,1.0199999809265137,1773948946.655
0.04699999839067459,-0.08299999684095383,1.0870000123977661,1773948946.675
0.010999999940395355,-0.0430000014603138,1.0219999551773071,1773948946.695
0.006000000052154064,0.020999999716877937,0.9779999852180481,1773948946.715
-0.08299999684095383,-0.08900000154972076,1.2510000467300415,1773948947.155
0.1809999942779541,0.10999999940395355,0.9409999847412109,1773948947.175
-0.14000000059604645,-0.10300000011920929,1.0570000410079956,1773948947.195
0.07500000298023224,0.009999999776482582,1.0149999856948853,1773948947.215
0.09700000286102295,-0.00800000037997961,0.8899999856948853,1773948947.235
-0.08299999684095383,-0.08900000154972076,1.2510000467300415,1773948947.155
0.1809999942779541,0.10999999940395355,0.9409999847412109,1773948947.175
-0.14000000059604645,-0.10300000011920929,1.0570000410079956,1773948947.195
0.07500000298023224,0.009999999776482582,1.0149999856948853,1773948947.215
0.09700000286102295,-0.00800000037997961,0.8899999856948853,1773948947.235
-0.08299999684095383,-0.08900000154972076,1.2510000467300415,1773948947.155
0.1809999942779541,0.10999999940395355,0.9409999847412109,1773948947.175
-0.14000000059604645,-0.10300000011920929,1.0570000410079956,1773948947.195
0.07500000298023224,0.009999999776482582,1.0149999856948853,1773948947.215
0.09700000286102295,-0.00800000037997961,0.8899999856948853,1773948947.235
0.14399999380111694,0.10300000011920929,0.8889999985694885,1773948947.655
-0.12200000137090683,-0.0949999988079071,1.2769999504089355,1773948947.675
0.10000000149011612,0.08399999886751175,0.6299999952316284,1773948947.695
-0.1679999977350235,-0.10599999874830246,1.319000005722046,1773948947.715
0.16699999570846558,0.11999999731779099,0.6940000057220459,1773948947.736
0.14399999380111694,0.10300000011920929,0.8889999985694885,1773948947.655
-0.12200000137090683,-0.0949999988079071,1.2769999504089355,1773948947.675
0.10000000149011612,0.08399999886751175,0.6299999952316284,1773948947.695
-0.1679999977350235,-0.10599999874830246,1.319000005722046,1773948947.715
0.16699999570846558,0.11999999731779099,0.6940000057220459,1773948947.736
0.14399999380111694,0.10300000011920929,0.8889999985694885,1773948947.655
-0.12200000137090683,-0.0949999988079071,1.2769999504089355,1773948947.675
0.10000000149011612,0.08399999886751175,0.6299999952316284,1773948947.695
-0.1679999977350235,-0.10599999874830246,1.319000005722046,1773948947.715
0.16699999570846558,0.11999999731779099,0.6940000057220459,1773948947.736
0.05700000002980232,0.06400000303983688,1.031000018119812,1773948948.175
0.026000000536441803,-0.028999999165534973,1.0449999570846558,1773948948.195
-0.05999999865889549,-0.027000000700354576,0.9990000128746033,1773948948.216
0.03400000184774399,0.02500000037252903,1.1610000133514404,1773948948.235
0.06499999761581421,-0.014999999664723873,0.890999972820282,1773948948.255
0.05700000002980232,0.06400000303983688,1.031000018119812,1773948948.175
0.026000000536441803,-0.028999999165534973,1.0449999570846558,1773948948.195
-0.05999999865889549,-0.027000000700354576,0.9990000128746033,1773948948.216
0.03400000184774399,0.02500000037252903,1.1610000133514404,1773948948.235
0.06499999761581421,-0.014999999664723873,0.890999972820282,1773948948.255
0.05700000002980232,0.06400000303983688,1.031000018119812,1773948948.175
0.026000000536441803,-0.028999999165534973,1.0449999570846558,1773948948.195
-0.05999999865889549,-0.027000000700354576,0.9990000128746033,1773948948.216
0.03400000184774399,0.02500000037252903,1.1610000133514404,1773948948.235
0.06499999761581421,-0.014999999664723873,0.890999972820282,1773948948.255
0.05700000002980232,0.06400000303983688,1.031000018119812,1773948948.175
0.026000000536441803,-0.028999999165534973,1.0449999570846558,1773948948.195
-0.05999999865889549,-0.027000000700354576,0.9990000128746033,1773948948.216
0.03400000184774399,0.02500000037252903,1.1610000133514404,1773948948.235
0.06499999761581421,-0.014999999664723873,0.890999972820282,1773948948.255
-0.09200000017881393,-0.03799999877810478,1.1970000267028809,1773948948.675
-0.052000001072883606,-0.029999999329447746,0.9520000219345093,1773948948.695
0.027000000700354576,0.0,0.9810000061988831,1773948948.715
0.057999998331069946,0.013000000268220901,1.2139999866485596,1773948948.736
-0.02199999988079071,-0.0020000000949949026,0.800000011920929,1773948948.756
-0.09200000017881393,-0.03799999877810478,1.1970000267028809,1773948948.675
-0.052000001072883606,-0.029999999329447746,0.9520000219345093,1773948948.695
0.027000000700354576,0.0,0.9810000061988831,1773948948.715
0.057999998331069946,0.013000000268220901,1.2139999866485596,1773948948.736
-0.02199999988079071,-0.0020000000949949026,0.800000011920929,1773948948.756
-0.01600000075995922,-0.027000000700354576,1.1779999732971191,1773948949.195
-0.12600000202655792,-0.052000001072883606,0.8930000066757202,1773948949.216
-0.00800000037997961,0.12399999797344208,0.9319999814033508,1773948949.235
0.04399999976158142,-0.054999999701976776,1.0609999895095825,1773948949.255
-0.03099999949336052,-0.02500000037252903,1.0520000457763672,1773948949.275
-0.01600000075995922,-0.027000000700354576,1.1779999732971191,1773948949.195
-0.12600000202655792,-0.052000001072883606,0.8930000066757202,1773948949.216
-0.00800000037997961,0.12399999797344208,0.9319999814033508,1773948949.235
0.04399999976158142,-0.054999999701976776,1.0609999895095825,1773948949.255
-0.03099999949336052,-0.02500000037252903,1.0520000457763672,1773948949.275
-0.01600000075995922,-0.027000000700354576,1.1779999732971191,1773948949.195
-0.12600000202655792,-0.052000001072883606,0.8930000066757202,1773948949.216
-0.00800000037997961,0.12399999797344208,0.9319999814033508,1773948949.235
0.04399999976158142,-0.054999999701976776,1.0609999895095825,1773948949.255
-0.03099999949336052,-0.02500000037252903,1.0520000457763672,1773948949.275
-0.01600000075995922,-0.027000000700354576,1.1779999732971191,1773948949.195
-0.12600000202655792,-0.052000001072883606,0.8930000066757202,1773948949.216
-0.00800000037997961,0.12399999797344208,0.9319999814033508,1773948949.235
0.04399999976158142,-0.054999999701976776,1.0609999895095825,1773948949.255
-0.03099999949336052,-0.02500000037252903,1.0520000457763672,1773948949.275
0.10000000149011612,-0.03700000047683716,1.2280000448226929,1773948949.695
0.0689999982714653,0.012000000104308128,0.7929999828338623,1773948949.715
-0.08699999749660492,-0.06300000101327896,1.0169999599456787,1773948949.737
-0.057999998331069946,-0.020999999716877937,1.159000039100647,1773948949.755
-0.023000000044703484,0.0010000000474974513,0.8349999785423279,1773948949.775
0.10000000149011612,-0.03700000047683716,1.2280000448226929,1773948949.695
0.0689999982714653,0.012000000104308128,0.7929999828338623,1773948949.715
-0.08699999749660492,-0.06300000101327896,1.0169999599456787,1773948949.737
-0.057999998331069946,-0.020999999716877937,1.159000039100647,1773948949.755
-0.023000000044703484,0.0010000000474974513,0.8349999785423279,1773948949.775
0.10000000149011612,-0.03700000047683716,1.2280000448226929,1773948949.695
0.0689999982714653,0.012000000104308128,0.7929999828338623,1773948949.715
-0.08699999749660492,-0.06300000101327896,1.0169999599456787,1773948949.737
-0.057999998331069946,-0.020999999716877937,1.159000039100647,1773948949.755
-0.023000000044703484,0.0010000000474974513,0.8349999785423279,1773948949.775
-0.12800000607967377,-0.02800000086426735,0.9860000014305115,1773948950.216
0.12300000339746475,0.0689999982714653,0.9129999876022339,1773948950.235
0.1850000023841858,-0.009999999776482582,1.0080000162124634,1773948950.255
-0.125,-0.01899999938905239,1.1820000410079956,1773948950.275
-0.03500000014901161,-0.013000000268220901,1.1009999513626099,1773948950.295
-0.12800000607967377,-0.02800000086426735,0.9860000014305115,1773948950.216
0.12300000339746475,0.0689999982714653,0.9129999876022339,1773948950.235
0.1850000023841858,-0.009999999776482582,1.0080000162124634,1773948950.255
-0.125,-0.01899999938905239,1.1820000410079956,1773948950.275
-0.03500000014901161,-0.013000000268220901,1.1009999513626099,1773948950.295
-0.12800000607967377,-0.02800000086426735,0.9860000014305115,1773948950.216
0.12300000339746475,0.0689999982714653,0.9129999876022339,1773948950.235
0.1850000023841858,-0.009999999776482582,1.0080000162124634,1773948950.255
-0.125,-0.01899999938905239,1.1820000410079956,1773948950.275
-0.03500000014901161,-0.013000000268220901,1.1009999513626099,1773948950.295
-0.0020000000949949026,-0.02199999988079071,1.1540000438690186,1773948950.715
0.026000000536441803,0.0,0.8629999756813049,1773948950.736
0.05999999865889549,-0.009999999776482582,0.9980000257492065,1773948950.755
-0.04399999976158142,-0.0430000014603138,0.8600000143051147,1773948950.776
-0.11599999666213989,-0.03200000151991844,1.3179999589920044,1773948950.795
-0.0020000000949949026,-0.02199999988079071,1.1540000438690186,1773948950.715
0.026000000536441803,0.0,0.8629999756813049,1773948950.736
0.05999999865889549,-0.009999999776482582,0.9980000257492065,1773948950.755
-0.04399999976158142,-0.0430000014603138,0.8600000143051147,1773948950.776
-0.11599999666213989,-0.03200000151991844,1.3179999589920044,1773948950.795
-0.0020000000949949026,-0.02199999988079071,1.1540000438690186,1773948950.715
0.026000000536441803,0.0,0.8629999756813049,1773948950.736
0.05999999865889549,-0.009999999776482582,0.9980000257492065,1773948950.755
-0.04399999976158142,-0.0430000014603138,0.8600000143051147,1773948950.776
-0.11599999666213989,-0.03200000151991844,1.3179999589920044,1773948950.795
-0.0020000000949949026,-0.02199999988079071,1.1540000438690186,1773948950.715
0.026000000536441803,0.0,0.8629999756813049,1773948950.736
0.05999999865889549,-0.009999999776482582,0.9980000257492065,1773948950.755
-0.04399999976158142,-0.0430000014603138,0.8600000143051147,1773948950.776
-0.11599999666213989,-0.03200000151991844,1.3179999589920044,1773948950.795
0.008999999612569809,-0.0010000000474974513,1.062000036239624,1773948951.235
0.04100000113248825,-0.007000000216066837,1.0670000314712524,1773948951.255
0.07199999690055847,0.0,0.9350000023841858,1773948951.275
-0.057999998331069946,0.004000000189989805,0.7929999828338623,1773948951.295
-0.0820000022649765,0.03200000151991844,1.3489999771118164,1773948951.315
0.008999999612569809,-0.0010000000474974513,1.062000036239624,1773948951.235
0.04100000113248825,-0.007000000216066837,1.0670000314712524,1773948951.255
0.07199999690055847,0.0,0.9350000023841858,1773948951.275
-0.057999998331069946,0.004000000189989805,0.7929999828338623,1773948951.295
-0.0820000022649765,0.03200000151991844,1.3489999771118164,1773948951.315
0.008999999612569809,-0.0010000000474974513,1.062000036239624,1773948951.235
0.04100000113248825,-0.007000000216066837,1.0670000314712524,1773948951.255
0.07199999690055847,0.0,0.9350000023841858,1773948951.275
-0.057999998331069946,0.004000000189989805,0.7929999828338623,1773948951.295
-0.0820000022649765,0.03200000151991844,1.3489999771118164,1773948951.315
0.019999999552965164,-0.027000000700354576,0.9620000123977661,1773948951.737
-0.028999999165534973,-0.024000000208616257,0.9810000061988831,1773948951.756
-0.03500000014901161,-0.03799999877810478,1.2920000553131104,1773948951.775
-0.03799999877810478,-0.02500000037252903,0.8349999785423279,1773948951.795
0.05299999937415123,0.004000000189989805,1.0670000314712524,1773948951.815
0.019999999552965164,-0.027000000700354576,0.9620000123977661,1773948951.737
-0.028999999165534973,-0.024000000208616257,0.9810000061988831,1773948951.756
-0.03500000014901161,-0.03799999877810478,1.2920000553131104,1773948951.775
-0.03799999877810478,-0.02500000037252903,0.8349999785423279,1773948951.795
0.05299999937415123,0.004000000189989805,1.0670000314712524,1773948951.815
0.019999999552965164,-0.027000000700354576,0.9620000123977661,1773948951.737
-0.028999999165534973,-0.024000000208616257,0.9810000061988831,1773948951.756
-0.03500000014901161,-0.03799999877810478,1.2920000553131104,1773948951.775
-0.03799999877810478,-0.02500000037252903,0.8349999785423279,1773948951.795
0.05299999937415123,0.004000000189989805,1.0670000314712524,1773948951.815
0.03700000047683716,0.004999999888241291,0.9480000138282776,1773948952.255
0.08100000023841858,0.012000000104308128,1.128000020980835,1773948952.276
-0.006000000052154064,-0.04800000041723251,1.0679999589920044,1773948952.295
-0.1340000033378601,-0.06599999964237213,0.9369999766349792,1773948952.315
0.017999999225139618,0.07000000029802322,1.180999994277954,1773948952.335
0.03700000047683716,0.004999999888241291,0.9480000138282776,1773948952.255
0.08100000023841858,0.012000000104308128,1.128000020980835,1773948952.276
-0.006000000052154064,-0.04800000041723251,1.0679999589920044,1773948952.295
-0.1340000033378601,-0.06599999964237213,0.9369999766349792,1773948952.315
0.017999999225139618,0.07000000029802322,1.180999994277954,1773948952.335
0.03700000047683716,0.004999999888241291,0.9480000138282776,1773948952.255
0.08100000023841858,0.012000000104308128,1.128000020980835,1773948952.276
-0.006000000052154064,-0.04800000041723251,1.0679999589920044,1773948952.295
-0.1340000033378601,-0.06599999964237213,0.9369999766349792,1773948952.315
0.017999999225139618,0.07000000029802322,1.180999994277954,1773948952.335
0.03700000047683716,0.004999999888241291,0.9480000138282776,1773948952.255
0.08100000023841858,0.012000000104308128,1.128000020980835,1773948952.276
-0.006000000052154064,-0.04800000041723251,1.0679999589920044,1773948952.295
-0.1340000033378601,-0.06599999964237213,0.9369999766349792,1773948952.315
0.017999999225139618,0.07000000029802322,1.180999994277954,1773948952.335
0.008999999612569809,-0.050999999046325684,1.034999966621399,1773948952.755
-0.05000000074505806,-0.04100000113248825,1.0010000467300415,1773948952.775
-0.004999999888241291,-0.01600000075995922,1.0750000476837158,1773948952.796
-0.04800000041723251,-0.026000000536441803,0.8009999990463257,1773948952.816
0.03500000014901161,0.032999999821186066,1.187999963760376,1773948952.835
0.008999999612569809,-0.050999999046325684,1.034999966621399,1773948952.755
-0.05000000074505806,-0.04100000113248825,1.0010000467300415,1773948952.775
-0.004999999888241291,-0.01600000075995922,1.0750000476837158,1773948952.796
-0.04800000041723251,-0.026000000536441803,0.8009999990463257,1773948952.816
0.03500000014901161,0.032999999821186066,1.187999963760376,1773948952.835
0.008999999612569809,-0.050999999046325684,1.034999966621399,1773948952.755
-0.05000000074505806,-0.04100000113248825,1.0010000467300415,1773948952.775
-0.004999999888241291,-0.01600000075995922,1.0750000476837158,1773948952.796
-0.04800000041723251,-0.026000000536441803,0.8009999990463257,1773948952.816
0.03500000014901161,0.032999999821186066,1.187999963760376,1773948952.835
0.07199999690055847,-0.03999999910593033,0.9649999737739563,1773948953.275
-0.057999998331069946,-0.024000000208616257,1.0499999523162842,1773948953.295
0.028999999165534973,-0.03999999910593033,0.9990000128746033,1773948953.315
-0.03099999949336052,-0.019999999552965164,0.9200000166893005,1773948953.335
-0.014000000432133675,-0.007000000216066837,1.0820000171661377,1773948953.355
0.07199999690055847,-0.03999999910593033,0.9649999737739563,1773948953.275
-0.057999998331069946,-0.024000000208616257,1.0499999523162842,1773948953.295
0.028999999165534973,-0.03999999910593033,0.9990000128746033,1773948953.315
-0.03099999949336052,-0.019999999552965164,0.9200000166893005,1773948953.335
-0.014000000432133675,-0.007000000216066837,1.0820000171661377,1773948953.355
0.07199999690055847,-0.03999999910593033,0.9649999737739563,1773948953.275
-0.057999998331069946,-0.024000000208616257,1.0499999523162842,1773948953.295
0.028999999165534973,-0.03999999910593033,0.9990000128746033,1773948953.315
-0.03099999949336052,-0.019999999552965164,0.9200000166893005,1773948953.335
-0.014000000432133675,-0.007000000216066837,1.0820000171661377,1773948953.355
0.07199999690055847,-0.03999999910593033,0.9649999737739563,1773948953.275
-0.057999998331069946,-0.024000000208616257,1.0499999523162842,1773948953.295
0.028999999165534973,-0.03999999910593033,0.9990000128746033,1773948953.315
-0.03099999949336052,-0.019999999552965164,0.9200000166893005,1773948953.335
-0.014000000432133675,-0.007000000216066837,1.0820000171661377,1773948953.355
-0.039000000804662704,0.027000000700354576,1.1390000581741333,1773948953.775
0.052000001072883606,-0.0430000014603138,0.9490000009536743,1773948953.795
-0.004000000189989805,0.06700000166893005,0.8679999709129333,1773948953.818
-0.3630000054836273,-0.31299999356269836,1.5160000324249268,1773948953.835
-0.6470000147819519,-0.42899999022483826,0.703000009059906,1773948953.855
-0.039000000804662704,0.027000000700354576,1.1390000581741333,1773948953.775
0.052000001072883606,-0.0430000014603138,0.9490000009536743,1773948953.795
-0.004000000189989805,0.06700000166893005,0.8679999709129333,1773948953.818
-0.3630000054836273,-0.31299999356269836,1.5160000324249268,1773948953.835
-0.6470000147819519,-0.42899999022483826,0.703000009059906,1773948953.855
0.30399999022483826,0.19099999964237213,0.703000009059906,1773948954.295
0.15800000727176666,0.03400000184774399,1.0779999494552612,1773948954.318
-0.23800000548362732,-0.05000000074505806,1.2769999504089355,1773948954.335
-0.16500000655651093,-0.11299999803304672,1.0499999523162842,1773948954.355
0.28700000047683716,0.1509999930858612,0.5619999766349792,1773948954.376
0.30399999022483826,0.19099999964237213,0.703000009059906,1773948954.295
0.15800000727176666,0.03400000184774399,1.0779999494552612,1773948954.318
-0.23800000548362732,-0.05000000074505806,1.2769999504089355,1773948954.335
-0.16500000655651093,-0.11299999803304672,1.0499999523162842,1773948954.355
0.28700000047683716,0.1509999930858612,0.5619999766349792,1773948954.376
0.30399999022483826,0.19099999964237213,0.703000009059906,1773948954.295
0.15800000727176666,0.03400000184774399,1.0779999494552612,1773948954.318
-0.23800000548362732,-0.05000000074505806,1.2769999504089355,1773948954.335
-0.16500000655651093,-0.11299999803304672,1.0499999523162842,1773948954.355
0.28700000047683716,0.1509999930858612,0.5619999766349792,1773948954.376
0.06199999898672104,0.013000000268220901,1.4529999494552612,1773948954.795
-0.1860000044107437,-0.09200000017881393,0.7960000038146973,1773948954.816
0.3700000047683716,0.20100000500679016,0.8759999871253967,1773948954.835
0.05900000035762787,0.10300000011920929,1.0920000076293945,1773948954.855
-0.3019999861717224,-0.14300000667572021,1.1369999647140503,1773948954.875
0.06199999898672104,0.013000000268220901,1.4529999494552612,1773948954.795
-0.1860000044107437,-0.09200000017881393,0.7960000038146973,1773948954.816
0.3700000047683716,0.20100000500679016,0.8759999871253967,1773948954.835
0.05900000035762787,0.10300000011920929,1.0920000076293945,1773948954.855
-0.3019999861717224,-0.14300000667572021,1.1369999647140503,1773948954.875
0.06199999898672104,0.013000000268220901,1.4529999494552612,1773948954.795
-0.1860000044107437,-0.09200000017881393,0.7960000038146973,1773948954.816
0.3700000047683716,0.20100000500679016,0.8759999871253967,1773948954.835
0.05900000035762787,0.10300000011920929,1.0920000076293945,1773948954.855
-0.3019999861717224,-0.14300000667572021,1.1369999647140503,1773948954.875
0.012000000104308128,0.003000000026077032,0.7409999966621399,1773948955.315
-0.054999999701976776,-0.03400000184774399,1.1820000410079956,1773948955.336
0.04699999839067459,-0.07699999958276749,0.8629999756813049,1773948955.355
0.019999999552965164,-0.026000000536441803,1.128999948501587,1773948955.376
0.013000000268220901,-0.028999999165534973,1.1490000486373901,1773948955.395
0.012000000104308128,0.003000000026077032,0.7409999966621399,1773948955.315
-0.054999999701976776,-0.03400000184774399,1.1820000410079956,1773948955.336
0.04699999839067459,-0.07699999958276749,0.8629999756813049,1773948955.355
0.019999999552965164,-0.026000000536441803,1.128999948501587,1773948955.376
0.013000000268220901,-0.028999999165534973,1.1490000486373901,1773948955.395
0.012000000104308128,0.003000000026077032,0.7409999966621399,1773948955.315
-0.054999999701976776,-0.03400000184774399,1.1820000410079956,1773948955.336
0.04699999839067459,-0.07699999958276749,0.8629999756813049,1773948955.355
0.019999999552965164,-0.026000000536441803,1.128999948501587,1773948955.376
0.013000000268220901,-0.028999999165534973,1.1490000486373901,1773948955.395
0.012000000104308128,0.003000000026077032,0.7409999966621399,1773948955.315
-0.054999999701976776,-0.03400000184774399,1.1820000410079956,1773948955.336
0.04699999839067459,-0.07699999958276749,0.8629999756813049,1773948955.355
0.019999999552965164,-0.026000000536441803,1.128999948501587,1773948955.376
0.013000000268220901,-0.028999999165534973,1.1490000486373901,1773948955.395
-0.10300000011920929,-0.05299999937415123,0.9150000214576721,1773948955.816
-0.13300000131130219,-0.024000000208616257,0.9549999833106995,1773948955.835
0.006000000052154064,-0.019999999552965164,1.2079999446868896,1773948955.855
0.11100000143051147,-0.07999999821186066,0.7739999890327454,1773948955.876
0.019999999552965164,0.0,1.1369999647140503,1773948955.895
-0.10300000011920929,-0.05299999937415123,0.9150000214576721,1773948955.816
-0.13300000131130219,-0.024000000208616257,0.9549999833106995,1773948955.835
0.006000000052154064,-0.019999999552965164,1.2079999446868896,1773948955.855
0.11100000143051147,-0.07999999821186066,0.7739999890327454,1773948955.876
0.019999999552965164,0.0,1.1369999647140503,1773948955.895
-0.10300000011920929,-0.05299999937415123,0.9150000214576721,1773948955.816
-0.13300000131130219,-0.024000000208616257,0.9549999833106995,1773948955.835
0.006000000052154064,-0.019999999552965164,1.2079999446868896,1773948955.855
0.11100000143051147,-0.07999999821186066,0.7739999890327454,1773948955.876
0.019999999552965164,0.0,1.1369999647140503,1773948955.895
-0.09000000357627869,-0.050999999046325684,0.7789999842643738,1773948956.335
-0.10300000011920929,-0.007000000216066837,1.149999976158142,1773948956.355
-0.003000000026077032,-0.027000000700354576,0.9810000061988831,1773948956.376
0.061000000685453415,-0.03200000151991844,1.0850000381469727,1773948956.395
-0.06499999761581421,-0.014999999664723873,1.093000054359436,1773948956.416
-0.09000000357627869,-0.050999999046325684,0.7789999842643738,1773948956.335
-0.10300000011920929,-0.007000000216066837,1.149999976158142,1773948956.355
-0.003000000026077032,-0.027000000700354576,0.9810000061988831,1773948956.376
0.061000000685453415,-0.03200000151991844,1.0850000381469727,1773948956.395
-0.06499999761581421,-0.014999999664723873,1.093000054359436,1773948956.416
-0.09000000357627869,-0.050999999046325684,0.7789999842643738,1773948956.335
-0.10300000011920929,-0.007000000216066837,1.149999976158142,1773948956.355
-0.003000000026077032,-0.027000000700354576,0.9810000061988831,1773948956.376
0.061000000685453415,-0.03200000151991844,1.0850000381469727,1773948956.395
-0.06499999761581421,-0.014999999664723873,1.093000054359436,1773948956.416
-0.057999998331069946,-0.007000000216066837,0.8610000014305115,1773948956.855
-0.06400000303983688,-0.04399999976158142,1.0679999589920044,1773948956.876
0.02500000037252903,-0.027000000700354576,0.9210000038146973,1773948956.895
0.00800000037997961,0.00800000037997961,0.9850000143051147,1773948956.915
-0.014000000432133675,-0.014000000432133675,1.3109999895095825,1773948956.935
-0.057999998331069946,-0.007000000216066837,0.8610000014305115,1773948956.855
-0.06400000303983688,-0.04399999976158142,1.0679999589920044,1773948956.876
0.02500000037252903,-0.027000000700354576,0.9210000038146973,1773948956.895
0.00800000037997961,0.00800000037997961,0.9850000143051147,1773948956.915
-0.014000000432133675,-0.014000000432133675,1.3109999895095825,1773948956.935
-0.057999998331069946,-0.007000000216066837,0.8610000014305115,1773948956.855
-0.06400000303983688,-0.04399999976158142,1.0679999589920044,1773948956.876
0.02500000037252903,-0.027000000700354576,0.9210000038146973,1773948956.895
0.00800000037997961,0.00800000037997961,0.9850000143051147,1773948956.915
-0.014000000432133675,-0.014000000432133675,1.3109999895095825,1773948956.935
-0.057999998331069946,-0.007000000216066837,0.8610000014305115,1773948956.855
-0.06400000303983688,-0.04399999976158142,1.0679999589920044,1773948956.876
0.02500000037252903,-0.027000000700354576,0.9210000038146973,1773948956.895
0.00800000037997961,0.00800000037997961,0.9850000143051147,1773948956.915
-0.014000000432133675,-0.014000000432133675,1.3109999895095825,1773948956.935
-0.03099999949336052,-0.04800000041723251,0.9039999842643738,1773948957.355
-0.13699999451637268,-0.0,0.921999990940094,1773948957.376
-0.029999999329447746,-0.03200000151991844,1.1449999809265137,1773948957.395
0.09300000220537186,-0.012000000104308128,0.8920000195503235,1773948957.416
0.0010000000474974513,-0.024000000208616257,1.187999963760376,1773948957.436
-0.03099999949336052,-0.04800000041723251,0.9039999842643738,1773948957.355
-0.13699999451637268,-0.0,0.921999990940094,1773948957.376
-0.029999999329447746,-0.03200000151991844,1.1449999809265137,1773948957.395
0.09300000220537186,-0.012000000104308128,0.8920000195503235,1773948957.416
0.0010000000474974513,-0.024000000208616257,1.187999963760376,1773948957.436
-0.03099999949336052,-0.04800000041723251,0.9039999842643738,1773948957.355
-0.13699999451637268,-0.0,0.921999990940094,1773948957.376
-0.029999999329447746,-0.03200000151991844,1.1449999809265137,1773948957.395
0.09300000220537186,-0.012000000104308128,0.8920000195503235,1773948957.416
0.0010000000474974513,-0.024000000208616257,1.187999963760376,1773948957.436
-0.13099999725818634,-0.01600000075995922,0.9819999933242798,1773948957.875
0.0010000000474974513,-0.004999999888241291,1.190000057220459,1773948957.895
0.06400000303983688,-0.035999998450279236,0.8489999771118164,1773948957.917
0.010999999940395355,-0.04100000113248825,1.1019999980926514,1773948957.935
-0.020999999716877937,-0.028999999165534973,0.9470000267028809,1773948957.955
-0.13099999725818634,-0.01600000075995922,0.9819999933242798,1773948957.875
0.0010000000474974513,-0.004999999888241291,1.190000057220459,1773948957.895
0.06400000303983688,-0.035999998450279236,0.8489999771118164,1773948957.917
0.010999999940395355,-0.04100000113248825,1.1019999980926514,1773948957.935
-0.020999999716877937,-0.028999999165534973,0.9470000267028809,1773948957.955
-0.13099999725818634,-0.01600000075995922,0.9819999933242798,1773948957.875
0.0010000000474974513,-0.004999999888241291,1.190000057220459,1773948957.895
0.06400000303983688,-0.035999998450279236,0.8489999771118164,1773948957.917
0.010999999940395355,-0.04100000113248825,1.1019999980926514,1773948957.935
-0.020999999716877937,-0.028999999165534973,0.9470000267028809,1773948957.955
-0.10199999809265137,0.010999999940395355,0.8769999742507935,1773948958.375
-0.024000000208616257,0.00800000037997961,1.1510000228881836,1773948958.395
0.08299999684095383,-0.02800000086426735,0.8560000061988831,1773948958.416
0.03700000047683716,-0.007000000216066837,1.0800000429153442,1773948958.435
-0.06400000303983688,-0.029999999329447746,1.1349999904632568,1773948958.455
-0.10199999809265137,0.010999999940395355,0.8769999742507935,1773948958.375
-0.024000000208616257,0.00800000037997961,1.1510000228881836,1773948958.395
0.08299999684095383,-0.02800000086426735,0.8560000061988831,1773948958.416
0.03700000047683716,-0.007000000216066837,1.0800000429153442,1773948958.435
-0.06400000303983688,-0.029999999329447746,1.1349999904632568,1773948958.455
-0.10199999809265137,0.010999999940395355,0.8769999742507935,1773948958.375
-0.024000000208616257,0.00800000037997961,1.1510000228881836,1773948958.395
0.08299999684095383,-0.02800000086426735,0.8560000061988831,1773948958.416
0.03700000047683716,-0.007000000216066837,1.0800000429153442,1773948958.435
-0.06400000303983688,-0.029999999329447746,1.1349999904632568,1773948958.455
-0.07000000029802322,-0.01600000075995922,1.1430000066757202,1773948958.895
0.08299999684095383,-0.0560000017285347,0.859000027179718,1773948958.915
-0.017000000923871994,-0.014999999664723873,0.9879999756813049,1773948958.935
0.01899999938905239,-0.020999999716877937,1.2569999694824219,1773948958.955
0.06300000101327896,-0.04899999871850014,0.8889999985694885,1773948958.975
-0.07000000029802322,-0.01600000075995922,1.1430000066757202,1773948958.895
0.08299999684095383,-0.0560000017285347,0.859000027179718,1773948958.915
-0.017000000923871994,-0.014999999664723873,0.9879999756813049,1773948958.935
0.01899999938905239,-0.020999999716877937,1.2569999694824219,1773948958.955
0.06300000101327896,-0.04899999871850014,0.8889999985694885,1773948958.975
-0.07000000029802322,-0.01600000075995922,1.1430000066757202,1773948958.895
0.08299999684095383,-0.0560000017285347,0.859000027179718,1773948958.915
-0.017000000923871994,-0.014999999664723873,0.9879999756813049,1773948958.935
0.01899999938905239,-0.020999999716877937,1.2569999694824219,1773948958.955
0.06300000101327896,-0.04899999871850014,0.8889999985694885,1773948958.975
-0.09700000286102295,-0.009999999776482582,1.097000002861023,1773948959.395
0.07000000029802322,-0.12099999934434891,0.9860000014305115,1773948959.416
0.0430000014603138,-0.04100000113248825,0.9769999980926514,1773948959.435
-0.07000000029802322,-0.06800000369548798,1.225000023841858,1773948959.455
-0.05400000140070915,-0.03999999910593033,0.7860000133514404,1773948959.475
-0.09700000286102295,-0.009999999776482582,1.097000002861023,1773948959.395
0.07000000029802322,-0.12099999934434891,0.9860000014305115,1773948959.416
0.0430000014603138,-0.04100000113248825,0.9769999980926514,1773948959.435
-0.07000000029802322,-0.06800000369548798,1.225000023841858,1773948959.455
-0.05400000140070915,-0.03999999910593033,0.7860000133514404,1773948959.475
-0.09700000286102295,-0.009999999776482582,1.097000002861023,1773948959.395
0.07000000029802322,-0.12099999934434891,0.9860000014305115,1773948959.416
0.0430000014603138,-0.04100000113248825,0.9769999980926514,1773948959.435
-0.07000000029802322,-0.06800000369548798,1.225000023841858,1773948959.455
-0.05400000140070915,-0.03999999910593033,0.7860000133514404,1773948959.475
0.009999999776482582,-0.07999999821186066,1.00600004196167,1773948959.916
0.06499999761581421,-0.024000000208616257,0.9539999961853027,1773948959.935
0.07900000363588333,0.01600000075995922,1.2380000352859497,1773948959.955
0.04500000178813934,-0.004999999888241291,0.8539999723434448,1773948959.975
-0.02800000086426735,-0.028999999165534973,0.9079999923706055,1773948959.995
0.009999999776482582,-0.07999999821186066,1.00600004196167,1773948959.916
0.06499999761581421,-0.024000000208616257,0.9539999961853027,1773948959.935
0.07900000363588333,0.01600000075995922,1.2380000352859497,1773948959.955
0.04500000178813934,-0.004999999888241291,0.8539999723434448,1773948959.975
-0.02800000086426735,-0.028999999165534973,0.9079999923706055,1773948959.995
0.009999999776482582,-0.07999999821186066,1.00600004196167,1773948959.916
0.06499999761581421,-0.024000000208616257,0.9539999961853027,1773948959.935
0.07900000363588333,0.01600000075995922,1.2380000352859497,1773948959.955
0.04500000178813934,-0.004999999888241291,0.8539999723434448,1773948959.975
-0.02800000086426735,-0.028999999165534973,0.9079999923706055,1773948959.995
0.007000000216066837,-0.01600000075995922,1.0069999694824219,1773948960.416
0.10100000351667404,-0.0010000000474974513,0.906000018119812,1773948960.435
0.004999999888241291,0.010999999940395355,1.2309999465942383,1773948960.455
-0.012000000104308128,-0.024000000208616257,0.9399999976158142,1773948960.475
-0.08900000154972076,-0.04500000178813934,0.8640000224113464,1773948960.495
0.007000000216066837,-0.01600000075995922,1.0069999694824219,1773948960.416
0.10100000351667404,-0.0010000000474974513,0.906000018119812,1773948960.435
0.004999999888241291,0.010999999940395355,1.2309999465942383,1773948960.455
-0.012000000104308128,-0.024000000208616257,0.9399999976158142,1773948960.475
-0.08900000154972076,-0.04500000178813934,0.8640000224113464,1773948960.495
0.007000000216066837,-0.01600000075995922,1.0069999694824219,1773948960.416
0.10100000351667404,-0.0010000000474974513,0.906000018119812,1773948960.435
0.004999999888241291,0.010999999940395355,1.2309999465942383,1773948960.455
-0.012000000104308128,-0.024000000208616257,0.9399999976158142,1773948960.475
-0.08900000154972076,-0.04500000178813934,0.8640000224113464,1773948960.495
0.08100000023841858,-0.017000000923871994,0.8999999761581421,1773948960.935
0.050999999046325684,-0.010999999940395355,1.190999984741211,1773948960.955
0.02800000086426735,-0.0860000029206276,1.00600004196167,1773948960.975
-0.08799999952316284,-0.09700000286102295,0.9509999752044678,1773948960.995
-0.06499999761581421,-0.03200000151991844,1.2100000381469727,1773948961.016
0.08100000023841858,-0.017000000923871994,0.8999999761581421,1773948960.935
0.050999999046325684,-0.010999999940395355,1.190999984741211,1773948960.955
0.02800000086426735,-0.0860000029206276,1.00600004196167,1773948960.975
-0.08799999952316284,-0.09700000286102295,0.9509999752044678,1773948960.995
-0.06499999761581421,-0.03200000151991844,1.2100000381469727,1773948961.016
0.08100000023841858,-0.017000000923871994,0.8999999761581421,1773948960.935
0.050999999046325684,-0.010999999940395355,1.190999984741211,1773948960.955
0.02800000086426735,-0.0860000029206276,1.00600004196167,1773948960.975
-0.08799999952316284,-0.09700000286102295,0.9509999752044678,1773948960.995
-0.06499999761581421,-0.03200000151991844,1.2100000381469727,1773948961.016
0.01600000075995922,-0.004999999888241291,0.9610000252723694,1773948961.435
0.029999999329447746,-0.007000000216066837,1.0809999704360962,1773948961.455
0.009999999776482582,0.006000000052154064,0.9819999933242798,1773948961.475
-0.09000000357627869,0.007000000216066837,0.843999981880188,1773948961.495
-0.039000000804662704,0.020999999716877937,1.1050000190734863,1773948961.516
0.01600000075995922,-0.004999999888241291,0.9610000252723694,1773948961.435
0.029999999329447746,-0.007000000216066837,1.0809999704360962,1773948961.455
0.009999999776482582,0.006000000052154064,0.9819999933242798,1773948961.475
-0.09000000357627869,0.007000000216066837,0.843999981880188,1773948961.495
-0.039000000804662704,0.020999999716877937,1.1050000190734863,1773948961.516
0.01600000075995922,-0.004999999888241291,0.9610000252723694,1773948961.435
0.029999999329447746,-0.007000000216066837,1.0809999704360962,1773948961.455
0.009999999776482582,0.006000000052154064,0.9819999933242798,1773948961.475
-0.09000000357627869,0.007000000216066837,0.843999981880188,1773948961.495
-0.039000000804662704,0.020999999716877937,1.1050000190734863,1773948961.516
0.01600000075995922,-0.004999999888241291,0.9610000252723694,1773948961.435
0.029999999329447746,-0.007000000216066837,1.0809999704360962,1773948961.455
0.009999999776482582,0.006000000052154064,0.9819999933242798,1773948961.475
-0.09000000357627869,0.007000000216066837,0.843999981880188,1773948961.495
-0.039000000804662704,0.020999999716877937,1.1050000190734863,1773948961.516
0.10000000149011612,-0.00800000037997961,0.9269999861717224,1773948961.955
0.05700000002980232,-0.0010000000474974513,1.2309999465942383,1773948961.975
-0.054999999701976776,-0.009999999776482582,1.003000020980835,1773948961.995
-0.09099999815225601,-0.004999999888241291,0.8460000157356262,1773948962.016
-0.014999999664723873,-0.04800000041723251,1.1360000371932983,1773948962.035
0.10000000149011612,-0.00800000037997961,0.9269999861717224,1773948961.955
0.05700000002980232,-0.0010000000474974513,1.2309999465942383,1773948961.975
-0.054999999701976776,-0.009999999776482582,1.003000020980835,1773948961.995
-0.09099999815225601,-0.004999999888241291,0.8460000157356262,1773948962.016
-0.014999999664723873,-0.04800000041723251,1.1360000371932983,1773948962.035
0.10000000149011612,-0.00800000037997961,0.9269999861717224,1773948961.955
0.05700000002980232,-0.0010000000474974513,1.2309999465942383,1773948961.975
-0.054999999701976776,-0.009999999776482582,1.003000020980835,1773948961.995
-0.09099999815225601,-0.004999999888241291,0.8460000157356262,1773948962.016
-0.014999999664723873,-0.04800000041723251,1.1360000371932983,1773948962.035
0.10000000149011612,-0.00800000037997961,0.9269999861717224,1773948961.955
0.05700000002980232,-0.0010000000474974513,1.2309999465942383,1773948961.975
-0.054999999701976776,-0.009999999776482582,1.003000020980835,1773948961.995
-0.09099999815225601,-0.004999999888241291,0.8460000157356262,1773948962.016
-0.014999999664723873,-0.04800000041723251,1.1360000371932983,1773948962.035
0.029999999329447746,-0.04600000008940697,1.0800000429153442,1773948962.455
0.11400000005960464,0.028999999165534973,0.8149999976158142,1773948962.475
0.10599999874830246,-0.014000000432133675,1.2200000286102295,1773948962.495
-0.039000000804662704,-0.03999999910593033,0.9610000252723694,1773948962.515
-0.12600000202655792,-0.05400000140070915,0.9739999771118164,1773948962.535
0.029999999329447746,-0.04600000008940697,1.0800000429153442,1773948962.455
0.11400000005960464,0.028999999165534973,0.8149999976158142,1773948962.475
0.10599999874830246,-0.014000000432133675,1.2200000286102295,1773948962.495
-0.039000000804662704,-0.03999999910593033,0.9610000252723694,1773948962.515
-0.12600000202655792,-0.05400000140070915,0.9739999771118164,1773948962.535
0.029999999329447746,-0.04600000008940697,1.0800000429153442,1773948962.455
0.11400000005960464,0.028999999165534973,0.8149999976158142,1773948962.475
0.10599999874830246,-0.014000000432133675,1.2200000286102295,1773948962.495
-0.039000000804662704,-0.03999999910593033,0.9610000252723694,1773948962.515
-0.12600000202655792,-0.05400000140070915,0.9739999771118164,1773948962.535
0.07699999958276749,-0.04500000178813934,1.0820000171661377,1773948962.975
0.0729999989271164,-0.006000000052154064,0.8820000290870667,1773948962.995
0.014000000432133675,0.012000000104308128,1.0779999494552612,1773948963.017
-0.0020000000949949026,-0.035999998450279236,1.0199999809265137,1773948963.035
-0.08299999684095383,-0.014000000432133675,1.0779999494552612,1773948963.055
0.07699999958276749,-0.04500000178813934,1.0820000171661377,1773948962.975
0.0729999989271164,-0.006000000052154064,0.8820000290870667,1773948962.995
0.014000000432133675,0.012000000104308128,1.0779999494552612,1773948963.017
-0.0020000000949949026,-0.035999998450279236,1.0199999809265137,1773948963.035
-0.08299999684095383,-0.014000000432133675,1.0779999494552612,1773948963.055
0.07699999958276749,-0.04500000178813934,1.0820000171661377,1773948962.975
0.0729999989271164,-0.006000000052154064,0.8820000290870667,1773948962.995
0.014000000432133675,0.012000000104308128,1.0779999494552612,1773948963.017
-0.0020000000949949026,-0.035999998450279236,1.0199999809265137,1773948963.035
-0.08299999684095383,-0.014000000432133675,1.0779999494552612,1773948963.055
-0.013000000268220901,-0.04800000041723251,1.0520000457763672,1773948963.475
0.05400000140070915,-0.012000000104308128,1.1069999933242798,1773948963.495
0.041999999433755875,-0.004999999888241291,0.9229999780654907,1773948963.515
-0.032999999821186066,0.009999999776482582,0.9850000143051147,1773948963.535
-0.08799999952316284,0.01899999938905239,0.8389999866485596,1773948963.555
-0.013000000268220901,-0.04800000041723251,1.0520000457763672,1773948963.475
0.05400000140070915,-0.012000000104308128,1.1069999933242798,1773948963.495
0.041999999433755875,-0.004999999888241291,0.9229999780654907,1773948963.515
-0.032999999821186066,0.009999999776482582,0.9850000143051147,1773948963.535
-0.08799999952316284,0.01899999938905239,0.8389999866485596,1773948963.555
-0.013000000268220901,-0.04800000041723251,1.0520000457763672,1773948963.475
0.05400000140070915,-0.012000000104308128,1.1069999933242798,1773948963.495
0.041999999433755875,-0.004999999888241291,0.9229999780654907,1773948963.515
-0.032999999821186066,0.009999999776482582,0.9850000143051147,1773948963.535
-0.08799999952316284,0.01899999938905239,0.8389999866485596,1773948963.555
0.04600000008940697,-0.04399999976158142,1.0260000228881836,1773948963.996
0.03500000014901161,-0.026000000536441803,0.9340000152587891,1773948964.016
-0.035999998450279236,0.04500000178813934,1.0839999914169312,1773948964.035
-0.06599999964237213,0.035999998450279236,0.824999988079071,1773948964.055
-0.07100000232458115,-0.03700000047683716,1.0499999523162842,1773948964.075
0.04600000008940697,-0.04399999976158142,1.0260000228881836,1773948963.996
0.03500000014901161,-0.026000000536441803,0.9340000152587891,1773948964.016
-0.035999998450279236,0.04500000178813934,1.0839999914169312,1773948964.035
-0.06599999964237213,0.035999998450279236,0.824999988079071,1773948964.055
-0.07100000232458115,-0.03700000047683716,1.0499999523162842,1773948964.075
-0.03700000047683716,-0.004999999888241291,1.0180000066757202,1773948968.575
-0.03700000047683716,0.0,1.0180000066757202,1773948968.598
-0.039000000804662704,-0.004999999888241291,1.0089999437332153,1773948968.616
-0.03400000184774399,-0.004999999888241291,1.0099999904632568,1773948968.636
-0.03999999910593033,-0.0020000000949949026,1.0160000324249268,1773948968.655
-0.03700000047683716,-0.004999999888241291,1.0180000066757202,1773948968.575
-0.03700000047683716,0.0,1.0180000066757202,1773948968.598
-0.039000000804662704,-0.004999999888241291,1.0089999437332153,1773948968.616
-0.03400000184774399,-0.004999999888241291,1.0099999904632568,1773948968.636
-0.03999999910593033,-0.0020000000949949026,1.0160000324249268,1773948968.655
-0.03700000047683716,-0.004999999888241291,1.0180000066757202,1773948968.575
-0.03700000047683716,0.0,1.0180000066757202,1773948968.598
-0.039000000804662704,-0.004999999888241291,1.0089999437332153,1773948968.616
-0.03400000184774399,-0.004999999888241291,1.0099999904632568,1773948968.636
-0.03999999910593033,-0.0020000000949949026,1.0160000324249268,1773948968.655
-0.03700000047683716,-0.004999999888241291,1.0180000066757202,1773948968.575
-0.03700000047683716,0.0,1.0180000066757202,1773948968.598
-0.039000000804662704,-0.004999999888241291,1.0089999437332153,1773948968.616
-0.03400000184774399,-0.004999999888241291,1.0099999904632568,1773948968.636
-0.03999999910593033,-0.0020000000949949026,1.0160000324249268,1773948968.655
-0.03700000047683716,-0.004999999888241291,1.0180000066757202,1773948968.575
-0.03700000047683716,0.0,1.0180000066757202,1773948968.598
-0.039000000804662704,-0.004999999888241291,1.0089999437332153,1773948968.616
-0.03400000184774399,-0.004999999888241291,1.0099999904632568,1773948968.636
-0.03999999910593033,-0.0020000000949949026,1.0160000324249268,1773948968.655
-0.03700000047683716,-0.004999999888241291,1.0180000066757202,1773948968.575
-0.03700000047683716,0.0,1.0180000066757202,1773948968.598
-0.039000000804662704,-0.004999999888241291,1.0089999437332153,1773948968.616
-0.03400000184774399,-0.004999999888241291,1.0099999904632568,1773948968.636
-0.03999999910593033,-0.0020000000949949026,1.0160000324249268,1773948968.655
-0.03700000047683716,-0.004999999888241291,1.0180000066757202,1773948968.575
-0.03700000047683716,0.0,1.0180000066757202,1773948968.598
-0.039000000804662704,-0.004999999888241291,1.0089999437332153,1773948968.616
-0.03400000184774399,-0.004999999888241291,1.0099999904632568,1773948968.636
-0.03999999910593033,-0.0020000000949949026,1.0160000324249268,1773948968.655
-0.03700000047683716,-0.004999999888241291,1.0180000066757202,1773948968.575
-0.03700000047683716,0.0,1.0180000066757202,1773948968.598
-0.039000000804662704,-0.004999999888241291,1.0089999437332153,1773948968.616
-0.03400000184774399,-0.004999999888241291,1.0099999904632568,1773948968.636
-0.03999999910593033,-0.0020000000949949026,1.0160000324249268,1773948968.655
-0.03700000047683716,-0.004999999888241291,1.0180000066757202,1773948968.575
-0.03700000047683716,0.0,1.0180000066757202,1773948968.598
-0.039000000804662704,-0.004999999888241291,1.0089999437332153,1773948968.616
-0.03400000184774399,-0.004999999888241291,1.0099999904632568,1773948968.636
-0.03999999910593033,-0.0020000000949949026,1.0160000324249268,1773948968.655
-0.03700000047683716,-0.004999999888241291,1.0180000066757202,1773948968.575
-0.03700000047683716,0.0,1.0180000066757202,1773948968.598
-0.039000000804662704,-0.004999999888241291,1.0089999437332153,1773948968.616
-0.03400000184774399,-0.004999999888241291,1.0099999904632568,1773948968.636
-0.03999999910593033,-0.0020000000949949026,1.0160000324249268,1773948968.655
-0.03700000047683716,-0.004999999888241291,1.0180000066757202,1773948968.575
-0.03700000047683716,0.0,1.0180000066757202,1773948968.598
-0.039000000804662704,-0.004999999888241291,1.0089999437332153,1773948968.616
-0.03400000184774399,-0.004999999888241291,1.0099999904632568,1773948968.636
-0.03999999910593033,-0.0020000000949949026,1.0160000324249268,1773948968.655
-0.03700000047683716,-0.004999999888241291,1.0180000066757202,1773948968.575
-0.03700000047683716,0.0,1.0180000066757202,1773948968.598
-0.039000000804662704,-0.004999999888241291,1.0089999437332153,1773948968.616
-0.03400000184774399,-0.004999999888241291,1.0099999904632568,1773948968.636
-0.03999999910593033,-0.0020000000949949026,1.0160000324249268,1773948968.655
-0.03700000047683716,-0.004999999888241291,1.0180000066757202,1773948968.575
-0.03700000047683716,0.0,1.0180000066757202,1773948968.598
-0.039000000804662704,-0.004999999888241291,1.0089999437332153,1773948968.616
-0.03400000184774399,-0.004999999888241291,1.0099999904632568,1773948968.636
-0.03999999910593033,-0.0020000000949949026,1.0160000324249268,1773948968.655
-0.03700000047683716,-0.004999999888241291,1.0180000066757202,1773948968.575
-0.03700000047683716,0.0,1.0180000066757202,1773948968.598
-0.039000000804662704,-0.004999999888241291,1.0089999437332153,1773948968.616
-0.03400000184774399,-0.004999999888241291,1.0099999904632568,1773948968.636
-0.03999999910593033,-0.0020000000949949026,1.0160000324249268,1773948968.655
-0.03700000047683716,-0.004999999888241291,1.0180000066757202,1773948968.575
-0.03700000047683716,0.0,1.0180000066757202,1773948968.598
-0.039000000804662704,-0.004999999888241291,1.0089999437332153,1773948968.616
-0.03400000184774399,-0.004999999888241291,1.0099999904632568,1773948968.636
-0.03999999910593033,-0.0020000000949949026,1.0160000324249268,1773948968.655
-0.03700000047683716,-0.004999999888241291,1.0180000066757202,1773948968.575
-0.03700000047683716,0.0,1.0180000066757202,1773948968.598
-0.039000000804662704,-0.004999999888241291,1.0089999437332153,1773948968.616
-0.03400000184774399,-0.004999999888241291,1.0099999904632568,1773948968.636
-0.03999999910593033,-0.0020000000949949026,1.0160000324249268,1773948968.655
-0.03700000047683716,-0.004999999888241291,1.0180000066757202,1773948968.575
-0.03700000047683716,0.0,1.0180000066757202,1773948968.598
-0.039000000804662704,-0.004999999888241291,1.0089999437332153,1773948968.616
-0.03400000184774399,-0.004999999888241291,1.0099999904632568,1773948968.636
-0.03999999910593033,-0.0020000000949949026,1.0160000324249268,1773948968.655
-0.03700000047683716,-0.004999999888241291,1.0180000066757202,1773948968.575
-0.03700000047683716,0.0,1.0180000066757202,1773948968.598
-0.039000000804662704,-0.004999999888241291,1.0089999437332153,1773948968.616
-0.03400000184774399,-0.004999999888241291,1.0099999904632568,1773948968.636
-0.03999999910593033,-0.0020000000949949026,1.0160000324249268,1773948968.655
-0.03700000047683716,-0.004999999888241291,1.0110000371932983,1773948971.576
-0.035999998450279236,-0.004000000189989805,1.0160000324249268,1773948971.596
-0.035999998450279236,-0.003000000026077032,1.0169999599456787,1773948971.616
-0.03500000014901161,-0.003000000026077032,1.0110000371932983,1773948971.636
-0.03400000184774399,-0.004000000189989805,1.0149999856948853,1773948971.655
-0.03700000047683716,-0.004999999888241291,1.0110000371932983,1773948971.576
-0.035999998450279236,-0.004000000189989805,1.0160000324249268,1773948971.596
-0.035999998450279236,-0.003000000026077032,1.0169999599456787,1773948971.616
-0.03500000014901161,-0.003000000026077032,1.0110000371932983,1773948971.636
-0.03400000184774399,-0.004000000189989805,1.0149999856948853,1773948971.655
-0.03700000047683716,-0.004999999888241291,1.0110000371932983,1773948971.576
-0.035999998450279236,-0.004000000189989805,1.0160000324249268,1773948971.596
-0.035999998450279236,-0.003000000026077032,1.0169999599456787,1773948971.616
-0.03500000014901161,-0.003000000026077032,1.0110000371932983,1773948971.636
-0.03400000184774399,-0.004000000189989805,1.0149999856948853,1773948971.655
-0.03700000047683716,-0.004999999888241291,1.0110000371932983,1773948971.576
-0.035999998450279236,-0.004000000189989805,1.0160000324249268,1773948971.596
-0.035999998450279236,-0.003000000026077032,1.0169999599456787,1773948971.616
-0.03500000014901161,-0.003000000026077032,1.0110000371932983,1773948971.636
-0.03400000184774399,-0.004000000189989805,1.0149999856948853,1773948971.655
-0.032999999821186066,0.0010000000474974513,1.0210000276565552,1773948972.096
-0.03799999877810478,-0.003000000026077032,1.0180000066757202,1773948972.115
-0.03799999877810478,-0.003000000026077032,1.0199999809265137,1773948972.136
-0.039000000804662704,-0.004999999888241291,1.0149999856948853,1773948972.156
-0.039000000804662704,-0.006000000052154064,1.0219999551773071,1773948972.176
-0.032999999821186066,0.0010000000474974513,1.0210000276565552,1773948972.096
-0.03799999877810478,-0.003000000026077032,1.0180000066757202,1773948972.115
-0.03799999877810478,-0.003000000026077032,1.0199999809265137,1773948972.136
-0.039000000804662704,-0.004999999888241291,1.0149999856948853,1773948972.156
-0.039000000804662704,-0.006000000052154064,1.0219999551773071,1773948972.176
-0.032999999821186066,0.0010000000474974513,1.0210000276565552,1773948972.096
-0.03799999877810478,-0.003000000026077032,1.0180000066757202,1773948972.115
-0.03799999877810478,-0.003000000026077032,1.0199999809265137,1773948972.136
-0.039000000804662704,-0.004999999888241291,1.0149999856948853,1773948972.156
-0.039000000804662704,-0.006000000052154064,1.0219999551773071,1773948972.176
-0.03799999877810478,-0.007000000216066837,1.0160000324249268,1773948972.596
-0.03999999910593033,-0.004999999888241291,1.0169999599456787,1773948972.616
-0.039000000804662704,-0.003000000026077032,1.0190000534057617,1773948972.636
-0.035999998450279236,-0.004000000189989805,1.0130000114440918,1773948972.656
-0.03500000014901161,-0.003000000026077032,1.0160000324249268,1773948972.676
-0.03799999877810478,-0.007000000216066837,1.0160000324249268,1773948972.596
-0.03999999910593033,-0.004999999888241291,1.0169999599456787,1773948972.616
-0.039000000804662704,-0.003000000026077032,1.0190000534057617,1773948972.636
-0.035999998450279236,-0.004000000189989805,1.0130000114440918,1773948972.656
-0.03500000014901161,-0.003000000026077032,1.0160000324249268,1773948972.676
-0.03799999877810478,-0.007000000216066837,1.0160000324249268,1773948972.596
-0.03999999910593033,-0.004999999888241291,1.0169999599456787,1773948972.616
-0.039000000804662704,-0.003000000026077032,1.0190000534057617,1773948972.636
-0.035999998450279236,-0.004000000189989805,1.0130000114440918,1773948972.656
-0.03500000014901161,-0.003000000026077032,1.0160000324249268,1773948972.676
-0.03799999877810478,-0.007000000216066837,1.0160000324249268,1773948972.596
-0.03999999910593033,-0.004999999888241291,1.0169999599456787,1773948972.616
-0.039000000804662704,-0.003000000026077032,1.0190000534057617,1773948972.636
-0.035999998450279236,-0.004000000189989805,1.0130000114440918,1773948972.656
-0.03500000014901161,-0.003000000026077032,1.0160000324249268,1773948972.676
-0.03400000184774399,-0.0010000000474974513,1.0160000324249268,1773948973.116
-0.039000000804662704,-0.004000000189989805,1.0160000324249268,1773948973.136
-0.03799999877810478,-0.0020000000949949026,1.0240000486373901,1773948973.156
-0.04100000113248825,-0.004000000189989805,1.0160000324249268,1773948973.176
-0.03500000014901161,-0.004000000189989805,1.0140000581741333,1773948973.196
-0.03400000184774399,-0.0010000000474974513,1.0160000324249268,1773948973.116
-0.039000000804662704,-0.004000000189989805,1.0160000324249268,1773948973.136
-0.03799999877810478,-0.0020000000949949026,1.0240000486373901,1773948973.156
-0.04100000113248825,-0.004000000189989805,1.0160000324249268,1773948973.176
-0.03500000014901161,-0.004000000189989805,1.0140000581741333,1773948973.196
-0.03400000184774399,-0.003000000026077032,1.0140000581741333,1773948973.616
-0.032999999821186066,-0.006000000052154064,1.0190000534057617,1773948973.636
-0.03400000184774399,-0.004000000189989805,1.024999976158142,1773948973.656
-0.039000000804662704,-0.0020000000949949026,1.0149999856948853,1773948973.676
-0.03400000184774399,-0.003000000026077032,1.0119999647140503,1773948973.697
-0.03400000184774399,-0.003000000026077032,1.0140000581741333,1773948973.616
-0.032999999821186066,-0.006000000052154064,1.0190000534057617,1773948973.636
-0.03400000184774399,-0.004000000189989805,1.024999976158142,1773948973.656
-0.039000000804662704,-0.0020000000949949026,1.0149999856948853,1773948973.676
-0.03400000184774399,-0.003000000026077032,1.0119999647140503,1773948973.697
-0.039000000804662704,-0.004000000189989805,1.0210000276565552,1773948974.136
-0.03500000014901161,-0.004000000189989805,1.0190000534057617,1773948974.157
-0.03700000047683716,-0.004999999888241291,1.0190000534057617,1773948974.176
-0.035999998450279236,-0.003000000026077032,1.0119999647140503,1773948974.196
-0.03400000184774399,-0.003000000026077032,1.0119999647140503,1773948974.216
-0.039000000804662704,-0.004000000189989805,1.0210000276565552,1773948974.136
-0.03500000014901161,-0.004000000189989805,1.0190000534057617,1773948974.157
-0.03700000047683716,-0.004999999888241291,1.0190000534057617,1773948974.176
-0.035999998450279236,-0.003000000026077032,1.0119999647140503,1773948974.196
-0.03400000184774399,-0.003000000026077032,1.0119999647140503,1773948974.216
-0.039000000804662704,-0.004000000189989805,1.0210000276565552,1773948974.136
-0.03500000014901161,-0.004000000189989805,1.0190000534057617,1773948974.157
-0.03700000047683716,-0.004999999888241291,1.0190000534057617,1773948974.176
-0.035999998450279236,-0.003000000026077032,1.0119999647140503,1773948974.196
-0.03400000184774399,-0.003000000026077032,1.0119999647140503,1773948974.216
-0.03700000047683716,-0.003000000026077032,1.0169999599456787,1773948974.636
-0.03700000047683716,-0.004999999888241291,1.0180000066757202,1773948974.658
-0.03099999949336052,-0.0020000000949949026,1.0180000066757202,1773948974.676
-0.035999998450279236,-0.004000000189989805,1.0110000371932983,1773948974.697
-0.03700000047683716,-0.006000000052154064,1.0180000066757202,1773948974.716
-0.03700000047683716,-0.003000000026077032,1.0169999599456787,1773948974.636
-0.03700000047683716,-0.004999999888241291,1.0180000066757202,1773948974.658
-0.03099999949336052,-0.0020000000949949026,1.0180000066757202,1773948974.676
-0.035999998450279236,-0.004000000189989805,1.0110000371932983,1773948974.697
-0.03700000047683716,-0.006000000052154064,1.0180000066757202,1773948974.716
-0.03799999877810478,-0.003000000026077032,1.0140000581741333,1773948975.157
-0.03799999877810478,-0.004999999888241291,1.0210000276565552,1773948975.176
-0.03700000047683716,-0.004000000189989805,1.0110000371932983,1773948975.196
-0.039000000804662704,-0.003000000026077032,1.0130000114440918,1773948975.216
-0.03700000047683716,-0.004000000189989805,1.0089999437332153,1773948975.236
-0.03799999877810478,-0.003000000026077032,1.0140000581741333,1773948975.157
-0.03799999877810478,-0.004999999888241291,1.0210000276565552,1773948975.176
-0.03700000047683716,-0.004000000189989805,1.0110000371932983,1773948975.196
-0.039000000804662704,-0.003000000026077032,1.0130000114440918,1773948975.216
-0.03700000047683716,-0.004000000189989805,1.0089999437332153,1773948975.236
-0.03799999877810478,-0.003000000026077032,1.0140000581741333,1773948975.157
-0.03799999877810478,-0.004999999888241291,1.0210000276565552,1773948975.176
-0.03700000047683716,-0.004000000189989805,1.0110000371932983,1773948975.196
-0.039000000804662704,-0.003000000026077032,1.0130000114440918,1773948975.216
-0.03700000047683716,-0.004000000189989805,1.0089999437332153,1773948975.236
-0.03799999877810478,-0.003000000026077032,1.0149999856948853,1773948975.656
-0.03500000014901161,-0.004999999888241291,1.0160000324249268,1773948975.676
-0.03799999877810478,-0.006000000052154064,1.0140000581741333,1773948975.697
-0.03999999910593033,-0.003000000026077032,1.0130000114440918,1773948975.716
-0.041999999433755875,-0.0010000000474974513,1.0140000581741333,1773948975.736
-0.03799999877810478,-0.003000000026077032,1.0149999856948853,1773948975.656
-0.03500000014901161,-0.004999999888241291,1.0160000324249268,1773948975.676
-0.03799999877810478,-0.006000000052154064,1.0140000581741333,1773948975.697
-0.03999999910593033,-0.003000000026077032,1.0130000114440918,1773948975.716
-0.041999999433755875,-0.0010000000474974513,1.0140000581741333,1773948975.736
-0.03799999877810478,-0.003000000026077032,1.0149999856948853,1773948975.656
-0.03500000014901161,-0.004999999888241291,1.0160000324249268,1773948975.676
-0.03799999877810478,-0.006000000052154064,1.0140000581741333,1773948975.697
-0.03999999910593033,-0.003000000026077032,1.0130000114440918,1773948975.716
-0.041999999433755875,-0.0010000000474974513,1.0140000581741333,1773948975.736
-0.03999999910593033,-0.004000000189989805,1.024999976158142,1773948976.176
-0.03700000047683716,-0.004000000189989805,1.0140000581741333,1773948976.196
-0.039000000804662704,-0.003000000026077032,1.0140000581741333,1773948976.216
-0.03999999910593033,-0.006000000052154064,1.0149999856948853,1773948976.236
-0.03700000047683716,-0.004000000189989805,1.0190000534057617,1773948976.256
-0.03999999910593033,-0.004000000189989805,1.024999976158142,1773948976.176
-0.03700000047683716,-0.004000000189989805,1.0140000581741333,1773948976.196
-0.039000000804662704,-0.003000000026077032,1.0140000581741333,1773948976.216
-0.03999999910593033,-0.006000000052154064,1.0149999856948853,1773948976.236
-0.03700000047683716,-0.004000000189989805,1.0190000534057617,1773948976.256
-0.02500000037252903,0.0430000014603138,1.024999976158142,1773948976.676
-0.05000000074505806,0.09700000286102295,1.0379999876022339,1773948976.697
-0.039000000804662704,0.05299999937415123,0.9700000286102295,1773948976.716
-0.04100000113248825,0.07999999821186066,1.0460000038146973,1773948976.736
-0.012000000104308128,0.12700000405311584,0.9559999704360962,1773948976.757
-0.02500000037252903,0.0430000014603138,1.024999976158142,1773948976.676
-0.05000000074505806,0.09700000286102295,1.0379999876022339,1773948976.697
-0.039000000804662704,0.05299999937415123,0.9700000286102295,1773948976.716
-0.04100000113248825,0.07999999821186066,1.0460000038146973,1773948976.736
-0.012000000104308128,0.12700000405311584,0.9559999704360962,1773948976.757
-0.09300000220537186,0.03200000151991844,1.1039999723434448,1773948977.196
-0.09200000017881393,0.11100000143051147,1.190000057220459,1773948977.216
-0.014999999664723873,0.029999999329447746,0.8389999866485596,1773948977.236
0.0989999994635582,-0.035999998450279236,1.0709999799728394,1773948977.256
-0.00800000037997961,0.057999998331069946,1.090000033378601,1773948977.276
-0.09300000220537186,0.03200000151991844,1.1039999723434448,1773948977.196
-0.09200000017881393,0.11100000143051147,1.190000057220459,1773948977.216
-0.014999999664723873,0.029999999329447746,0.8389999866485596,1773948977.236
0.0989999994635582,-0.035999998450279236,1.0709999799728394,1773948977.256
-0.00800000037997961,0.057999998331069946,1.090000033378601,1773948977.276
-0.09300000220537186,0.03200000151991844,1.1039999723434448,1773948977.196
-0.09200000017881393,0.11100000143051147,1.190000057220459,1773948977.216
-0.014999999664723873,0.029999999329447746,0.8389999866485596,1773948977.236
0.0989999994635582,-0.035999998450279236,1.0709999799728394,1773948977.256
-0.00800000037997961,0.057999998331069946,1.090000033378601,1773948977.276
-0.09300000220537186,0.03200000151991844,1.1039999723434448,1773948977.196
-0.09200000017881393,0.11100000143051147,1.190000057220459,1773948977.216
-0.014999999664723873,0.029999999329447746,0.8389999866485596,1773948977.236
0.0989999994635582,-0.035999998450279236,1.0709999799728394,1773948977.256
-0.00800000037997961,0.057999998331069946,1.090000033378601,1773948977.276
0.10000000149011612,0.017000000923871994,0.8299999833106995,1773948977.697
0.08900000154972076,0.05400000140070915,0.9639999866485596,1773948977.716
0.02500000037252903,-0.008999999612569809,1.0230000019073486,1773948977.737
-0.07199999690055847,0.08500000089406967,0.9950000047683716,1773948977.756
-0.10100000351667404,-0.03400000184774399,1.0420000553131104,1773948977.776
0.10000000149011612,0.017000000923871994,0.8299999833106995,1773948977.697
0.08900000154972076,0.05400000140070915,0.9639999866485596,1773948977.716
0.02500000037252903,-0.008999999612569809,1.0230000019073486,1773948977.737
-0.07199999690055847,0.08500000089406967,0.9950000047683716,1773948977.756
-0.10100000351667404,-0.03400000184774399,1.0420000553131104,1773948977.776
0.10000000149011612,0.017000000923871994,0.8299999833106995,1773948977.697
0.08900000154972076,0.05400000140070915,0.9639999866485596,1773948977.716
0.02500000037252903,-0.008999999612569809,1.0230000019073486,1773948977.737
-0.07199999690055847,0.08500000089406967,0.9950000047683716,1773948977.756
-0.10100000351667404,-0.03400000184774399,1.0420000553131104,1773948977.776
0.10000000149011612,0.017000000923871994,0.8299999833106995,1773948977.697
0.08900000154972076,0.05400000140070915,0.9639999866485596,1773948977.716
0.02500000037252903,-0.008999999612569809,1.0230000019073486,1773948977.737
-0.07199999690055847,0.08500000089406967,0.9950000047683716,1773948977.756
-0.10100000351667404,-0.03400000184774399,1.0420000553131104,1773948977.776
0.08500000089406967,-0.03099999949336052,0.859000027179718,1773948978.216
0.041999999433755875,0.06199999898672104,0.8859999775886536,1773948978.236
-0.004999999888241291,-0.08100000023841858,1.0180000066757202,1773948978.256
-0.07699999958276749,0.09399999678134918,0.9710000157356262,1773948978.276
-0.11299999803304672,-0.03500000014901161,1.1059999465942383,1773948978.297
0.08500000089406967,-0.03099999949336052,0.859000027179718,1773948978.216
0.041999999433755875,0.06199999898672104,0.8859999775886536,1773948978.236
-0.004999999888241291,-0.08100000023841858,1.0180000066757202,1773948978.256
-0.07699999958276749,0.09399999678134918,0.9710000157356262,1773948978.276
-0.11299999803304672,-0.03500000014901161,1.1059999465942383,1773948978.297
0.07800000160932541,0.020999999716877937,1.0549999475479126,1773948978.716
0.00800000037997961,0.028999999165534973,1.149999976158142,1773948978.736
-0.08500000089406967,-0.010999999940395355,0.8569999933242798,1773948978.756
-0.014999999664723873,0.023000000044703484,1.0410000085830688,1773948978.776
0.03700000047683716,0.0430000014603138,1.0399999618530273,1773948978.796
0.07800000160932541,0.020999999716877937,1.0549999475479126,1773948978.716
0.00800000037997961,0.028999999165534973,1.149999976158142,1773948978.736
-0.08500000089406967,-0.010999999940395355,0.8569999933242798,1773948978.756
-0.014999999664723873,0.023000000044703484,1.0410000085830688,1773948978.776
0.03700000047683716,0.0430000014603138,1.0399999618530273,1773948978.796
0.07800000160932541,0.020999999716877937,1.0549999475479126,1773948978.716
0.00800000037997961,0.028999999165534973,1.149999976158142,1773948978.736
-0.08500000089406967,-0.010999999940395355,0.8569999933242798,1773948978.756
-0.014999999664723873,0.023000000044703484,1.0410000085830688,1773948978.776
0.03700000047683716,0.0430000014603138,1.0399999618530273,1773948978.796
0.11699999868869781,0.08100000023841858,1.0789999961853027,1773948979.236
0.024000000208616257,-0.0430000014603138,1.2039999961853027,1773948979.256
-0.14900000393390656,0.0020000000949949026,0.9980000257492065,1773948979.276
-0.04399999976158142,0.024000000208616257,0.9679999947547913,1773948979.296
0.11699999868869781,-0.010999999940395355,0.9409999847412109,1773948979.316
0.11699999868869781,0.08100000023841858,1.0789999961853027,1773948979.236
0.024000000208616257,-0.0430000014603138,1.2039999961853027,1773948979.256
-0.14900000393390656,0.0020000000949949026,0.9980000257492065,1773948979.276
-0.04399999976158142,0.024000000208616257,0.9679999947547913,1773948979.296
0.11699999868869781,-0.010999999940395355,0.9409999847412109,1773948979.316
0.11699999868869781,0.08100000023841858,1.0789999961853027,1773948979.236
0.024000000208616257,-0.0430000014603138,1.2039999961853027,1773948979.256
-0.14900000393390656,0.0020000000949949026,0.9980000257492065,1773948979.276
-0.04399999976158142,0.024000000208616257,0.9679999947547913,1773948979.296
0.11699999868869781,-0.010999999940395355,0.9409999847412109,1773948979.316
-0.12099999934434891,-0.05700000002980232,0.968999981880188,1773948979.736
0.014999999664723873,-0.052000001072883606,1.065999984741211,1773948979.756
-0.0820000022649765,-0.02199999988079071,0.9409999847412109,1773948979.776
-0.15600000321865082,-0.008999999612569809,1.0379999876022339,1773948979.797
0.03700000047683716,-0.023000000044703484,1.1480000019073486,1773948979.816
-0.12099999934434891,-0.05700000002980232,0.968999981880188,1773948979.736
0.014999999664723873,-0.052000001072883606,1.065999984741211,1773948979.756
-0.0820000022649765,-0.02199999988079071,0.9409999847412109,1773948979.776
-0.15600000321865082,-0.008999999612569809,1.0379999876022339,1773948979.797
0.03700000047683716,-0.023000000044703484,1.1480000019073486,1773948979.816
0.05400000140070915,0.0010000000474974513,1.190999984741211,1773948980.257
0.07999999821186066,-0.028999999165534973,1.1119999885559082,1773948980.276
-0.09799999743700027,0.013000000268220901,0.9599999785423279,1773948980.298
-0.10899999737739563,0.014999999664723873,0.8799999952316284,1773948980.316
0.10199999809265137,-0.04800000041723251,0.9810000061988831,1773948980.336
0.05400000140070915,0.0010000000474974513,1.190999984741211,1773948980.257
0.07999999821186066,-0.028999999165534973,1.1119999885559082,1773948980.276
-0.09799999743700027,0.013000000268220901,0.9599999785423279,1773948980.298
-0.10899999737739563,0.014999999664723873,0.8799999952316284,1773948980.316
0.10199999809265137,-0.04800000041723251,0.9810000061988831,1773948980.336
0.05400000140070915,0.0010000000474974513,1.190999984741211,1773948980.257
0.07999999821186066,-0.028999999165534973,1.1119999885559082,1773948980.276
-0.09799999743700027,0.013000000268220901,0.9599999785423279,1773948980.298
-0.10899999737739563,0.014999999664723873,0.8799999952316284,1773948980.316
0.10199999809265137,-0.04800000041723251,0.9810000061988831,1773948980.336
-0.07100000232458115,-0.017000000923871994,0.8999999761581421,1773948980.756
0.0020000000949949026,-0.014999999664723873,1.0540000200271606,1773948980.776
-0.0560000017285347,-0.03400000184774399,0.9919999837875366,1773948980.796
-0.12999999523162842,0.003000000026077032,1.0709999799728394,1773948980.816
0.009999999776482582,0.09300000220537186,0.9240000247955322,1773948980.836
-0.07100000232458115,-0.017000000923871994,0.8999999761581421,1773948980.756
0.0020000000949949026,-0.014999999664723873,1.0540000200271606,1773948980.776
-0.0560000017285347,-0.03400000184774399,0.9919999837875366,1773948980.796
-0.12999999523162842,0.003000000026077032,1.0709999799728394,1773948980.816
0.009999999776482582,0.09300000220537186,0.9240000247955322,1773948980.836
-0.07100000232458115,-0.017000000923871994,0.8999999761581421,1773948980.756
0.0020000000949949026,-0.014999999664723873,1.0540000200271606,1773948980.776
-0.0560000017285347,-0.03400000184774399,0.9919999837875366,1773948980.796
-0.12999999523162842,0.003000000026077032,1.0709999799728394,1773948980.816
0.009999999776482582,0.09300000220537186,0.9240000247955322,1773948980.836
-0.07100000232458115,-0.017000000923871994,0.8999999761581421,1773948980.756
0.0020000000949949026,-0.014999999664723873,1.0540000200271606,1773948980.776
-0.0560000017285347,-0.03400000184774399,0.9919999837875366,1773948980.796
-0.12999999523162842,0.003000000026077032,1.0709999799728394,1773948980.816
0.009999999776482582,0.09300000220537186,0.9240000247955322,1773948980.836
-0.009999999776482582,-0.05299999937415123,1.187000036239624,1773948981.276
0.04699999839067459,0.028999999165534973,0.875,1773948981.297
-0.11400000005960464,0.01899999938905239,1.1100000143051147,1773948981.316
-0.125,0.02199999988079071,1.003000020980835,1773948981.336
0.14300000667572021,-0.05000000074505806,0.9440000057220459,1773948981.356
-0.009999999776482582,-0.05299999937415123,1.187000036239624,1773948981.276
0.04699999839067459,0.028999999165534973,0.875,1773948981.297
-0.11400000005960464,0.01899999938905239,1.1100000143051147,1773948981.316
-0.125,0.02199999988079071,1.003000020980835,1773948981.336
0.14300000667572021,-0.05000000074505806,0.9440000057220459,1773948981.356
-0.009999999776482582,-0.05299999937415123,1.187000036239624,1773948981.276
0.04699999839067459,0.028999999165534973,0.875,1773948981.297
-0.11400000005960464,0.01899999938905239,1.1100000143051147,1773948981.316
-0.125,0.02199999988079071,1.003000020980835,1773948981.336
0.14300000667572021,-0.05000000074505806,0.9440000057220459,1773948981.356
-0.05000000074505806,-0.00800000037997961,1.1740000247955322,1773948981.776
0.1379999965429306,0.06300000101327896,0.8579999804496765,1773948981.797
-0.07400000095367432,0.032999999821186066,1.1480000019073486,1773948981.821
-0.11800000071525574,0.004999999888241291,0.9369999766349792,1773948981.836
0.0729999989271164,-0.014000000432133675,0.9779999852180481,1773948981.856
-0.05000000074505806,-0.00800000037997961,1.1740000247955322,1773948981.776
0.1379999965429306,0.06300000101327896,0.8579999804496765,1773948981.797
-0.07400000095367432,0.032999999821186066,1.1480000019073486,1773948981.821
-0.11800000071525574,0.004999999888241291,0.9369999766349792,1773948981.836
0.0729999989271164,-0.014000000432133675,0.9779999852180481,1773948981.856
-0.05000000074505806,-0.00800000037997961,1.1740000247955322,1773948981.776
0.1379999965429306,0.06300000101327896,0.8579999804496765,1773948981.797
-0.07400000095367432,0.032999999821186066,1.1480000019073486,1773948981.821
-0.11800000071525574,0.004999999888241291,0.9369999766349792,1773948981.836
0.0729999989271164,-0.014000000432133675,0.9779999852180481,1773948981.856
-0.05000000074505806,-0.00800000037997961,1.1740000247955322,1773948981.776
0.1379999965429306,0.06300000101327896,0.8579999804496765,1773948981.797
-0.07400000095367432,0.032999999821186066,1.1480000019073486,1773948981.821
-0.11800000071525574,0.004999999888241291,0.9369999766349792,1773948981.836
0.0729999989271164,-0.014000000432133675,0.9779999852180481,1773948981.856
0.125,-0.01600000075995922,1.0210000276565552,1773948982.296
-0.0820000022649765,-0.00800000037997961,1.0989999771118164,1773948982.316
-0.19699999690055847,-0.028999999165534973,1.0540000200271606,1773948982.336
0.026000000536441803,0.027000000700354576,0.8920000195503235,1773948982.356
0.17299999296665192,-0.05900000035762787,1.0219999551773071,1773948982.376
0.125,-0.01600000075995922,1.0210000276565552,1773948982.296
-0.0820000022649765,-0.00800000037997961,1.0989999771118164,1773948982.316
-0.19699999690055847,-0.028999999165534973,1.0540000200271606,1773948982.336
0.026000000536441803,0.027000000700354576,0.8920000195503235,1773948982.356
0.17299999296665192,-0.05900000035762787,1.0219999551773071,1773948982.376
0.125,-0.01600000075995922,1.0210000276565552,1773948982.296
-0.0820000022649765,-0.00800000037997961,1.0989999771118164,1773948982.316
-0.19699999690055847,-0.028999999165534973,1.0540000200271606,1773948982.336
0.026000000536441803,0.027000000700354576,0.8920000195503235,1773948982.356
0.17299999296665192,-0.05900000035762787,1.0219999551773071,1773948982.376
0.05700000002980232,-0.06199999898672104,1.0750000476837158,1773948982.797
-0.09200000017881393,-0.0010000000474974513,1.0950000286102295,1773948982.816
-0.21699999272823334,0.04800000041723251,1.1039999723434448,1773948982.836
-0.09399999678134918,0.012000000104308128,1.003000020980835,1773948982.856
0.10400000214576721,0.0010000000474974513,0.949999988079071,1773948982.876
0.05700000002980232,-0.06199999898672104,1.0750000476837158,1773948982.797
-0.09200000017881393,-0.0010000000474974513,1.0950000286102295,1773948982.816
-0.21699999272823334,0.04800000041723251,1.1039999723434448,1773948982.836
-0.09399999678134918,0.012000000104308128,1.003000020980835,1773948982.856
0.10400000214576721,0.0010000000474974513,0.949999988079071,1773948982.876
0.05700000002980232,-0.06199999898672104,1.0750000476837158,1773948982.797
-0.09200000017881393,-0.0010000000474974513,1.0950000286102295,1773948982.816
-0.21699999272823334,0.04800000041723251,1.1039999723434448,1773948982.836
-0.09399999678134918,0.012000000104308128,1.003000020980835,1773948982.856
0.10400000214576721,0.0010000000474974513,0.949999988079071,1773948982.876
0.05700000002980232,-0.06199999898672104,1.0750000476837158,1773948982.797
-0.09200000017881393,-0.0010000000474974513,1.0950000286102295,1773948982.816
-0.21699999272823334,0.04800000041723251,1.1039999723434448,1773948982.836
-0.09399999678134918,0.012000000104308128,1.003000020980835,1773948982.856
0.10400000214576721,0.0010000000474974513,0.949999988079071,1773948982.876
0.07900000363588333,0.04899999871850014,0.8330000042915344,1773948983.316
-0.07100000232458115,0.010999999940395355,1.281000018119812,1773948983.336
-0.023000000044703484,0.032999999821186066,0.8500000238418579,1773948983.356
-0.0560000017285347,-0.0010000000474974513,0.984000027179718,1773948983.376
0.039000000804662704,-0.02800000086426735,1.0540000200271606,1773948983.398
0.07900000363588333,0.04899999871850014,0.8330000042915344,1773948983.316
-0.07100000232458115,0.010999999940395355,1.281000018119812,1773948983.336
-0.023000000044703484,0.032999999821186066,0.8500000238418579,1773948983.356
-0.0560000017285347,-0.0010000000474974513,0.984000027179718,1773948983.376
0.039000000804662704,-0.02800000086426735,1.0540000200271606,1773948983.398
0.07900000363588333,0.04899999871850014,0.8330000042915344,1773948983.316
-0.07100000232458115,0.010999999940395355,1.281000018119812,1773948983.336
-0.023000000044703484,0.032999999821186066,0.8500000238418579,1773948983.356
-0.0560000017285347,-0.0010000000474974513,0.984000027179718,1773948983.376
0.039000000804662704,-0.02800000086426735,1.0540000200271606,1773948983.398
0.03999999910593033,0.028999999165534973,0.7760000228881836,1773948983.816
-0.017000000923871994,-0.02500000037252903,1.1299999952316284,1773948983.836
-0.07500000298023224,0.03200000151991844,0.9559999704360962,1773948983.856
0.11100000143051147,0.0010000000474974513,1.024999976158142,1773948983.876
0.16500000655651093,-0.06800000369548798,0.8980000019073486,1773948983.896
0.03999999910593033,0.028999999165534973,0.7760000228881836,1773948983.816
-0.017000000923871994,-0.02500000037252903,1.1299999952316284,1773948983.836
-0.07500000298023224,0.03200000151991844,0.9559999704360962,1773948983.856
0.11100000143051147,0.0010000000474974513,1.024999976158142,1773948983.876
0.16500000655651093,-0.06800000369548798,0.8980000019073486,1773948983.896
-0.14800000190734863,-0.009999999776482582,1.2410000562667847,1773948984.336
-0.1080000028014183,-0.003000000026077032,1.0219999551773071,1773948984.356
0.035999998450279236,-0.029999999329447746,1.055999994277954,1773948984.376
0.12099999934434891,-0.012000000104308128,0.9309999942779541,1773948984.396
0.06700000166893005,0.05999999865889549,0.9710000157356262,1773948984.416
-0.14800000190734863,-0.009999999776482582,1.2410000562667847,1773948984.336
-0.1080000028014183,-0.003000000026077032,1.0219999551773071,1773948984.356
0.035999998450279236,-0.029999999329447746,1.055999994277954,1773948984.376
0.12099999934434891,-0.012000000104308128,0.9309999942779541,1773948984.396
0.06700000166893005,0.05999999865889549,0.9710000157356262,1773948984.416
-0.14800000190734863,-0.009999999776482582,1.2410000562667847,1773948984.336
-0.1080000028014183,-0.003000000026077032,1.0219999551773071,1773948984.356
0.035999998450279236,-0.029999999329447746,1.055999994277954,1773948984.376
0.12099999934434891,-0.012000000104308128,0.9309999942779541,1773948984.396
0.06700000166893005,0.05999999865889549,0.9710000157356262,1773948984.416
-0.12700000405311584,-0.027000000700354576,1.1510000228881836,1773948984.84
-0.06800000369548798,-0.010999999940395355,1.0579999685287476,1773948984.856
0.05999999865889549,-0.026000000536441803,1.034000039100647,1773948984.876
0.07699999958276749,-0.013000000268220901,0.9049999713897705,1773948984.896
-0.03400000184774399,0.03099999949336052,1.0119999647140503,1773948984.916
-0.12700000405311584,-0.027000000700354576,1.1510000228881836,1773948984.84
-0.06800000369548798,-0.010999999940395355,1.0579999685287476,1773948984.856
0.05999999865889549,-0.026000000536441803,1.034000039100647,1773948984.876
0.07699999958276749,-0.013000000268220901,0.9049999713897705,1773948984.896
-0.03400000184774399,0.03099999949336052,1.0119999647140503,1773948984.916
-0.010999999940395355,0.02500000037252903,1.0399999618530273,1773948985.336
-0.18299999833106995,0.009999999776482582,1.1039999723434448,1773948985.356
-0.057999998331069946,0.009999999776482582,0.8240000009536743,1773948985.376
0.16200000047683716,-0.029999999329447746,0.9369999766349792,1773948985.396
0.12200000137090683,0.027000000700354576,1.159999966621399,1773948985.416
-0.010999999940395355,0.02500000037252903,1.0399999618530273,1773948985.336
-0.18299999833106995,0.009999999776482582,1.1039999723434448,1773948985.356
-0.057999998331069946,0.009999999776482582,0.8240000009536743,1773948985.376
0.16200000047683716,-0.029999999329447746,0.9369999766349792,1773948985.396
0.12200000137090683,0.027000000700354576,1.159999966621399,1773948985.416
-0.010999999940395355,0.02500000037252903,1.0399999618530273,1773948985.336
-0.18299999833106995,0.009999999776482582,1.1039999723434448,1773948985.356
-0.057999998331069946,0.009999999776482582,0.8240000009536743,1773948985.376
0.16200000047683716,-0.029999999329447746,0.9369999766349792,1773948985.396
0.12200000137090683,0.027000000700354576,1.159999966621399,1773948985.416
0.010999999940395355,0.0,1.0269999504089355,1773948985.836
-0.1469999998807907,-0.10199999809265137,1.1030000448226929,1773948985.856
-0.07900000363588333,-0.12399999797344208,0.8479999899864197,1773948985.876
0.11699999868869781,-0.010999999940395355,1.097000002861023,1773948985.896
0.1289999932050705,-0.06300000101327896,1.0479999780654907,1773948985.917
0.010999999940395355,0.0,1.0269999504089355,1773948985.836
-0.1469999998807907,-0.10199999809265137,1.1030000448226929,1773948985.856
-0.07900000363588333,-0.12399999797344208,0.8479999899864197,1773948985.876
0.11699999868869781,-0.010999999940395355,1.097000002861023,1773948985.896
0.1289999932050705,-0.06300000101327896,1.0479999780654907,1773948985.917
0.010999999940395355,0.0,1.0269999504089355,1773948985.836
-0.1469999998807907,-0.10199999809265137,1.1030000448226929,1773948985.856
-0.07900000363588333,-0.12399999797344208,0.8479999899864197,1773948985.876
0.11699999868869781,-0.010999999940395355,1.097000002861023,1773948985.896
0.1289999932050705,-0.06300000101327896,1.0479999780654907,1773948985.917
0.01600000075995922,-0.15000000596046448,1.0399999618530273,1773948986.356
-0.052000001072883606,-0.04399999976158142,1.0049999952316284,1773948986.376
-0.006000000052154064,-0.057999998331069946,1.0210000276565552,1773948986.396
0.026000000536441803,0.028999999165534973,0.9919999837875366,1773948986.416
-0.03700000047683716,0.04899999871850014,1.034000039100647,1773948986.436
0.01600000075995922,-0.15000000596046448,1.0399999618530273,1773948986.356
-0.052000001072883606,-0.04399999976158142,1.0049999952316284,1773948986.376
-0.006000000052154064,-0.057999998331069946,1.0210000276565552,1773948986.396
0.026000000536441803,0.028999999165534973,0.9919999837875366,1773948986.416
-0.03700000047683716,0.04899999871850014,1.034000039100647,1773948986.436
0.01600000075995922,-0.15000000596046448,1.0399999618530273,1773948986.356
-0.052000001072883606,-0.04399999976158142,1.0049999952316284,1773948986.376
-0.006000000052154064,-0.057999998331069946,1.0210000276565552,1773948986.396
0.026000000536441803,0.028999999165534973,0.9919999837875366,1773948986.416
-0.03700000047683716,0.04899999871850014,1.034000039100647,1773948986.436
-0.02500000037252903,0.003000000026077032,0.9900000095367432,1773948986.856
-0.013000000268220901,0.009999999776482582,1.031999945640564,1773948986.88
-0.007000000216066837,0.013000000268220901,0.9779999852180481,1773948986.896
-0.032999999821186066,-0.03799999877810478,1.0240000486373901,1773948986.916
0.014000000432133675,0.007000000216066837,1.0169999599456787,1773948986.937
-0.02500000037252903,0.003000000026077032,0.9900000095367432,1773948986.856
-0.013000000268220901,0.009999999776482582,1.031999945640564,1773948986.88
-0.007000000216066837,0.013000000268220901,0.9779999852180481,1773948986.896
-0.032999999821186066,-0.03799999877810478,1.0240000486373901,1773948986.916
0.014000000432133675,0.007000000216066837,1.0169999599456787,1773948986.937
-0.02500000037252903,0.003000000026077032,0.9900000095367432,1773948986.856
-0.013000000268220901,0.009999999776482582,1.031999945640564,1773948986.88
-0.007000000216066837,0.013000000268220901,0.9779999852180481,1773948986.896
-0.032999999821186066,-0.03799999877810478,1.0240000486373901,1773948986.916
0.014000000432133675,0.007000000216066837,1.0169999599456787,1773948986.937
0.014999999664723873,0.00800000037997961,0.9539999961853027,1773948987.376
-0.061000000685453415,-0.05000000074505806,1.0520000457763672,1773948987.396
0.054999999701976776,0.04899999871850014,1.062000036239624,1773948987.416
-0.054999999701976776,-0.032999999821186066,0.9940000176429749,1773948987.437
0.03700000047683716,0.008999999612569809,1.0110000371932983,1773948987.456
0.014999999664723873,0.00800000037997961,0.9539999961853027,1773948987.376
-0.061000000685453415,-0.05000000074505806,1.0520000457763672,1773948987.396
0.054999999701976776,0.04899999871850014,1.062000036239624,1773948987.416
-0.054999999701976776,-0.032999999821186066,0.9940000176429749,1773948987.437
0.03700000047683716,0.008999999612569809,1.0110000371932983,1773948987.456
0.014999999664723873,0.00800000037997961,0.9539999961853027,1773948987.376
-0.061000000685453415,-0.05000000074505806,1.0520000457763672,1773948987.396
0.054999999701976776,0.04899999871850014,1.062000036239624,1773948987.416
-0.054999999701976776,-0.032999999821186066,0.9940000176429749,1773948987.437
0.03700000047683716,0.008999999612569809,1.0110000371932983,1773948987.456
0.0,0.004000000189989805,1.0809999704360962,1773948987.876
-0.03500000014901161,-0.010999999940395355,0.9950000047683716,1773948987.896
-0.01600000075995922,-0.007000000216066837,1.0019999742507935,1773948987.916
-0.04500000178813934,-0.03799999877810478,1.0770000219345093,1773948987.937
0.014000000432133675,0.003000000026077032,0.9330000281333923,1773948987.956
0.0,0.004000000189989805,1.0809999704360962,1773948987.876
-0.03500000014901161,-0.010999999940395355,0.9950000047683716,1773948987.896
-0.01600000075995922,-0.007000000216066837,1.0019999742507935,1773948987.916
-0.04500000178813934,-0.03799999877810478,1.0770000219345093,1773948987.937
0.014000000432133675,0.003000000026077032,0.9330000281333923,1773948987.956
0.0,0.004000000189989805,1.0809999704360962,1773948987.876
-0.03500000014901161,-0.010999999940395355,0.9950000047683716,1773948987.896
-0.01600000075995922,-0.007000000216066837,1.0019999742507935,1773948987.916
-0.04500000178813934,-0.03799999877810478,1.0770000219345093,1773948987.937
0.014000000432133675,0.003000000026077032,0.9330000281333923,1773948987.956
-0.020999999716877937,0.0010000000474974513,1.0149999856948853,1773948988.396
-0.003000000026077032,0.006000000052154064,1.0219999551773071,1773948988.416
-0.0010000000474974513,0.028999999165534973,1.0240000486373901,1773948988.437
-0.039000000804662704,0.1860000044107437,1.0290000438690186,1773948988.456
0.010999999940395355,0.2329999953508377,1.0149999856948853,1773948988.476
-0.020999999716877937,0.0010000000474974513,1.0149999856948853,1773948988.396
-0.003000000026077032,0.006000000052154064,1.0219999551773071,1773948988.416
-0.0010000000474974513,0.028999999165534973,1.0240000486373901,1773948988.437
-0.039000000804662704,0.1860000044107437,1.0290000438690186,1773948988.456
0.010999999940395355,0.2329999953508377,1.0149999856948853,1773948988.476
-0.014000000432133675,0.026000000536441803,0.8339999914169312,1773948988.896
-0.12999999523162842,-0.03700000047683716,1.2280000448226929,1773948988.916
-0.008999999612569809,0.004000000189989805,0.9490000009536743,1773948988.937
0.054999999701976776,0.02500000037252903,0.9100000262260437,1773948988.956
-0.04100000113248825,0.003000000026077032,1.0360000133514404,1773948988.976
-0.014000000432133675,0.026000000536441803,0.8339999914169312,1773948988.896
-0.12999999523162842,-0.03700000047683716,1.2280000448226929,1773948988.916
-0.008999999612569809,0.004000000189989805,0.9490000009536743,1773948988.937
0.054999999701976776,0.02500000037252903,0.9100000262260437,1773948988.956
-0.04100000113248825,0.003000000026077032,1.0360000133514404,1773948988.976
-0.014000000432133675,0.026000000536441803,0.8339999914169312,1773948988.896
-0.12999999523162842,-0.03700000047683716,1.2280000448226929,1773948988.916
-0.008999999612569809,0.004000000189989805,0.9490000009536743,1773948988.937
0.054999999701976776,0.02500000037252903,0.9100000262260437,1773948988.956
-0.04100000113248825,0.003000000026077032,1.0360000133514404,1773948988.976
-0.014000000432133675,0.026000000536441803,0.8339999914169312,1773948988.896
-0.12999999523162842,-0.03700000047683716,1.2280000448226929,1773948988.916
-0.008999999612569809,0.004000000189989805,0.9490000009536743,1773948988.937
0.054999999701976776,0.02500000037252903,0.9100000262260437,1773948988.956
-0.04100000113248825,0.003000000026077032,1.0360000133514404,1773948988.976
-0.00800000037997961,0.00800000037997961,0.8349999785423279,1773948989.416
0.035999998450279236,-0.017999999225139618,1.0700000524520874,1773948989.438
-0.057999998331069946,-0.012000000104308128,0.9179999828338623,1773948989.456
-0.12099999934434891,-0.0430000014603138,1.2259999513626099,1773948989.476
0.008999999612569809,-0.014000000432133675,1.065000057220459,1773948989.496
-0.00800000037997961,0.00800000037997961,0.8349999785423279,1773948989.416
0.035999998450279236,-0.017999999225139618,1.0700000524520874,1773948989.438
-0.057999998331069946,-0.012000000104308128,0.9179999828338623,1773948989.456
-0.12099999934434891,-0.0430000014603138,1.2259999513626099,1773948989.476
0.008999999612569809,-0.014000000432133675,1.065000057220459,1773948989.496
-0.00800000037997961,0.00800000037997961,0.8349999785423279,1773948989.416
0.035999998450279236,-0.017999999225139618,1.0700000524520874,1773948989.438
-0.057999998331069946,-0.012000000104308128,0.9179999828338623,1773948989.456
-0.12099999934434891,-0.0430000014603138,1.2259999513626099,1773948989.476
0.008999999612569809,-0.014000000432133675,1.065000057220459,1773948989.496
0.006000000052154064,-0.007000000216066837,0.8679999709129333,1773948989.916
-0.11100000143051147,-0.054999999701976776,0.7960000038146973,1773948989.937
-0.06700000166893005,-0.013000000268220901,1.3739999532699585,1773948989.956
0.06599999964237213,-0.03999999910593033,0.9229999780654907,1773948989.976
0.023000000044703484,0.017999999225139618,0.8769999742507935,1773948989.996
0.006000000052154064,-0.007000000216066837,0.8679999709129333,1773948989.916
-0.11100000143051147,-0.054999999701976776,0.7960000038146973,1773948989.937
-0.06700000166893005,-0.013000000268220901,1.3739999532699585,1773948989.956
0.06599999964237213,-0.03999999910593033,0.9229999780654907,1773948989.976
0.023000000044703484,0.017999999225139618,0.8769999742507935,1773948989.996
0.006000000052154064,-0.007000000216066837,0.8679999709129333,1773948989.916
-0.11100000143051147,-0.054999999701976776,0.7960000038146973,1773948989.937
-0.06700000166893005,-0.013000000268220901,1.3739999532699585,1773948989.956
0.06599999964237213,-0.03999999910593033,0.9229999780654907,1773948989.976
0.023000000044703484,0.017999999225139618,0.8769999742507935,1773948989.996
0.03099999949336052,-0.03999999910593033,0.9729999899864197,1773948990.438
-0.11900000274181366,-0.04600000008940697,0.8220000267028809,1773948990.456
-0.11999999731779099,-0.041999999433755875,1.2269999980926514,1773948990.477
0.006000000052154064,-0.035999998450279236,1.0169999599456787,1773948990.496
-0.03500000014901161,-0.026000000536441803,1.1130000352859497,1773948990.516
0.03099999949336052,-0.03999999910593033,0.9729999899864197,1773948990.438
-0.11900000274181366,-0.04600000008940697,0.8220000267028809,1773948990.456
-0.11999999731779099,-0.041999999433755875,1.2269999980926514,1773948990.477
0.006000000052154064,-0.035999998450279236,1.0169999599456787,1773948990.496
-0.03500000014901161,-0.026000000536441803,1.1130000352859497,1773948990.516
0.03099999949336052,-0.03999999910593033,0.9729999899864197,1773948990.438
-0.11900000274181366,-0.04600000008940697,0.8220000267028809,1773948990.456
-0.11999999731779099,-0.041999999433755875,1.2269999980926514,1773948990.477
0.006000000052154064,-0.035999998450279236,1.0169999599456787,1773948990.496
-0.03500000014901161,-0.026000000536441803,1.1130000352859497,1773948990.516
0.0010000000474974513,-0.052000001072883606,1.128999948501587,1773948990.936
-0.16699999570846558,-0.09200000017881393,0.9359999895095825,1773948990.957
0.012000000104308128,0.01899999938905239,1.0789999961853027,1773948990.976
0.07800000160932541,-0.024000000208616257,0.9350000023841858,1773948990.996
0.023000000044703484,0.020999999716877937,0.8399999737739563,1773948991.016
0.0010000000474974513,-0.052000001072883606,1.128999948501587,1773948990.936
-0.16699999570846558,-0.09200000017881393,0.9359999895095825,1773948990.957
0.012000000104308128,0.01899999938905239,1.0789999961853027,1773948990.976
0.07800000160932541,-0.024000000208616257,0.9350000023841858,1773948990.996
0.023000000044703484,0.020999999716877937,0.8399999737739563,1773948991.016
0.0010000000474974513,-0.052000001072883606,1.128999948501587,1773948990.936
-0.16699999570846558,-0.09200000017881393,0.9359999895095825,1773948990.957
0.012000000104308128,0.01899999938905239,1.0789999961853027,1773948990.976
0.07800000160932541,-0.024000000208616257,0.9350000023841858,1773948990.996
0.023000000044703484,0.020999999716877937,0.8399999737739563,1773948991.016
-0.03999999910593033,-0.0430000014603138,0.9459999799728394,1773948991.456
0.020999999716877937,-0.008999999612569809,1.065999984741211,1773948991.476
0.029999999329447746,-0.0020000000949949026,0.9559999704360962,1773948991.496
-0.12099999934434891,-0.019999999552965164,0.9520000219345093,1773948991.516
-0.13699999451637268,-0.05900000035762787,1.1920000314712524,1773948991.536
-0.03999999910593033,-0.0430000014603138,0.9459999799728394,1773948991.456
0.020999999716877937,-0.008999999612569809,1.065999984741211,1773948991.476
0.029999999329447746,-0.0020000000949949026,0.9559999704360962,1773948991.496
-0.12099999934434891,-0.019999999552965164,0.9520000219345093,1773948991.516
-0.13699999451637268,-0.05900000035762787,1.1920000314712524,1773948991.536
0.04500000178813934,-0.05900000035762787,1.0499999523162842,1773948991.956
-0.12600000202655792,-0.09399999678134918,0.9909999966621399,1773948991.976
-0.08699999749660492,-0.07800000160932541,1.1749999523162842,1773948991.996
-0.019999999552965164,-0.028999999165534973,0.8389999866485596,1773948992.016
-0.004999999888241291,-0.024000000208616257,0.9900000095367432,1773948992.036
0.04500000178813934,-0.05900000035762787,1.0499999523162842,1773948991.956
-0.12600000202655792,-0.09399999678134918,0.9909999966621399,1773948991.976
-0.08699999749660492,-0.07800000160932541,1.1749999523162842,1773948991.996
-0.019999999552965164,-0.028999999165534973,0.8389999866485596,1773948992.016
-0.004999999888241291,-0.024000000208616257,0.9900000095367432,1773948992.036
-0.007000000216066837,-0.050999999046325684,1.0290000438690186,1773948992.476
-0.04899999871850014,-0.027000000700354576,0.949999988079071,1773948992.496
0.05900000035762787,-0.04600000008940697,1.1610000133514404,1773948992.516
0.027000000700354576,-0.06199999898672104,1.027999997138977,1773948992.536
-0.06300000101327896,-0.05299999937415123,0.8029999732971191,1773948992.556
-0.007000000216066837,-0.050999999046325684,1.0290000438690186,1773948992.476
-0.04899999871850014,-0.027000000700354576,0.949999988079071,1773948992.496
0.05900000035762787,-0.04600000008940697,1.1610000133514404,1773948992.516
0.027000000700354576,-0.06199999898672104,1.027999997138977,1773948992.536
-0.06300000101327896,-0.05299999937415123,0.8029999732971191,1773948992.556
-0.007000000216066837,-0.050999999046325684,1.0290000438690186,1773948992.476
-0.04899999871850014,-0.027000000700354576,0.949999988079071,1773948992.496
0.05900000035762787,-0.04600000008940697,1.1610000133514404,1773948992.516
0.027000000700354576,-0.06199999898672104,1.027999997138977,1773948992.536
-0.06300000101327896,-0.05299999937415123,0.8029999732971191,1773948992.556
0.057999998331069946,0.04100000113248825,0.9139999747276306,1773948992.976
-0.10199999809265137,-0.026000000536441803,1.1440000534057617,1773948992.996
0.05999999865889549,0.01600000075995922,0.9649999737739563,1773948993.016
0.07900000363588333,0.04899999871850014,0.9580000042915344,1773948993.037
0.0010000000474974513,0.03500000014901161,1.0269999504089355,1773948993.056
0.057999998331069946,0.04100000113248825,0.9139999747276306,1773948992.976
-0.10199999809265137,-0.026000000536441803,1.1440000534057617,1773948992.996
0.05999999865889549,0.01600000075995922,0.9649999737739563,1773948993.016
0.07900000363588333,0.04899999871850014,0.9580000042915344,1773948993.037
0.0010000000474974513,0.03500000014901161,1.0269999504089355,1773948993.056
0.057999998331069946,0.04100000113248825,0.9139999747276306,1773948992.976
-0.10199999809265137,-0.026000000536441803,1.1440000534057617,1773948992.996
0.05999999865889549,0.01600000075995922,0.9649999737739563,1773948993.016
0.07900000363588333,0.04899999871850014,0.9580000042915344,1773948993.037
0.0010000000474974513,0.03500000014901161,1.0269999504089355,1773948993.056
0.03400000184774399,0.032999999821186066,0.9670000076293945,1773948993.496
-0.164000004529953,-0.10000000149011612,1.1349999904632568,1773948993.516
0.14900000393390656,0.0949999988079071,0.8370000123977661,1773948993.536
-0.08100000023841858,-0.06499999761581421,1.2940000295639038,1773948993.556
0.04600000008940697,0.023000000044703484,0.765999972820282,1773948993.576
0.03400000184774399,0.032999999821186066,0.9670000076293945,1773948993.496
-0.164000004529953,-0.10000000149011612,1.1349999904632568,1773948993.516
0.14900000393390656,0.0949999988079071,0.8370000123977661,1773948993.536
-0.08100000023841858,-0.06499999761581421,1.2940000295639038,1773948993.556
0.04600000008940697,0.023000000044703484,0.765999972820282,1773948993.576
0.03400000184774399,0.032999999821186066,0.9670000076293945,1773948993.496
-0.164000004529953,-0.10000000149011612,1.1349999904632568,1773948993.516
0.14900000393390656,0.0949999988079071,0.8370000123977661,1773948993.536
-0.08100000023841858,-0.06499999761581421,1.2940000295639038,1773948993.556
0.04600000008940697,0.023000000044703484,0.765999972820282,1773948993.576
-0.03999999910593033,-0.008999999612569809,1.031000018119812,1773948994.002
-0.024000000208616257,-0.026000000536441803,0.8980000019073486,1773948994.02
0.028999999165534973,0.024000000208616257,1.2139999866485596,1773948994.036
0.07599999755620956,0.006000000052154064,0.8399999737739563,1773948994.056
0.054999999701976776,-0.006000000052154064,0.9909999966621399,1773948994.076
-0.03999999910593033,-0.008999999612569809,1.031000018119812,1773948994.002
-0.024000000208616257,-0.026000000536441803,0.8980000019073486,1773948994.02
0.028999999165534973,0.024000000208616257,1.2139999866485596,1773948994.036
0.07599999755620956,0.006000000052154064,0.8399999737739563,1773948994.056
0.054999999701976776,-0.006000000052154064,0.9909999966621399,1773948994.076
-0.03999999910593033,-0.008999999612569809,1.031000018119812,1773948994.002
-0.024000000208616257,-0.026000000536441803,0.8980000019073486,1773948994.02
0.028999999165534973,0.024000000208616257,1.2139999866485596,1773948994.036
0.07599999755620956,0.006000000052154064,0.8399999737739563,1773948994.056
0.054999999701976776,-0.006000000052154064,0.9909999966621399,1773948994.076
-0.017999999225139618,-0.07999999821186066,1.0460000038146973,1773948994.516
0.14100000262260437,0.05299999937415123,0.9860000014305115,1773948994.537
-0.15600000321865082,-0.12700000405311584,1.0750000476837158,1773948994.556
0.07999999821186066,0.03799999877810478,0.9729999899864197,1773948994.576
-0.0560000017285347,-0.07999999821186066,0.8970000147819519,1773948994.596
-0.017999999225139618,-0.07999999821186066,1.0460000038146973,1773948994.516
0.14100000262260437,0.05299999937415123,0.9860000014305115,1773948994.537
-0.15600000321865082,-0.12700000405311584,1.0750000476837158,1773948994.556
0.07999999821186066,0.03799999877810478,0.9729999899864197,1773948994.576
-0.0560000017285347,-0.07999999821186066,0.8970000147819519,1773948994.596
-0.017999999225139618,-0.07999999821186066,1.0460000038146973,1773948994.516
0.14100000262260437,0.05299999937415123,0.9860000014305115,1773948994.537
-0.15600000321865082,-0.12700000405311584,1.0750000476837158,1773948994.556
0.07999999821186066,0.03799999877810478,0.9729999899864197,1773948994.576
-0.0560000017285347,-0.07999999821186066,0.8970000147819519,1773948994.596
-0.19599999487400055,-0.1289999932050705,1.3240000009536743,1773948995.016
0.07199999690055847,-0.010999999940395355,0.8009999990463257,1773948995.036
-0.010999999940395355,-0.057999998331069946,1.1380000114440918,1773948995.057
0.061000000685453415,-0.019999999552965164,0.9279999732971191,1773948995.077
-0.09200000017881393,-0.07699999958276749,1.1180000305175781,1773948995.097
-0.19599999487400055,-0.1289999932050705,1.3240000009536743,1773948995.016
0.07199999690055847,-0.010999999940395355,0.8009999990463257,1773948995.036
-0.010999999940395355,-0.057999998331069946,1.1380000114440918,1773948995.057
0.061000000685453415,-0.019999999552965164,0.9279999732971191,1773948995.077
-0.09200000017881393,-0.07699999958276749,1.1180000305175781,1773948995.097
-0.19599999487400055,-0.1289999932050705,1.3240000009536743,1773948995.016
0.07199999690055847,-0.010999999940395355,0.8009999990463257,1773948995.036
-0.010999999940395355,-0.057999998331069946,1.1380000114440918,1773948995.057
0.061000000685453415,-0.019999999552965164,0.9279999732971191,1773948995.077
-0.09200000017881393,-0.07699999958276749,1.1180000305175781,1773948995.097
-0.003000000026077032,0.020999999716877937,1.0190000534057617,1773948995.536
-0.017999999225139618,0.10499999672174454,1.0160000324249268,1773948995.557
-0.02199999988079071,0.10400000214576721,1.0379999876022339,1773948995.577
-0.010999999940395355,0.0689999982714653,1.0089999437332153,1773948995.596
-0.009999999776482582,0.05400000140070915,1.0,1773948995.616
-0.003000000026077032,0.020999999716877937,1.0190000534057617,1773948995.536
-0.017999999225139618,0.10499999672174454,1.0160000324249268,1773948995.557
-0.02199999988079071,0.10400000214576721,1.0379999876022339,1773948995.577
-0.010999999940395355,0.0689999982714653,1.0089999437332153,1773948995.596
-0.009999999776482582,0.05400000140070915,1.0,1773948995.616
-0.05000000074505806,0.03500000014901161,1.1410000324249268,1773948996.056
0.028999999165534973,0.16500000655651093,0.9760000109672546,1773948996.076
0.041999999433755875,0.0010000000474974513,1.0110000371932983,1773948996.096
-0.024000000208616257,0.07900000363588333,1.1440000534057617,1773948996.117
-0.08799999952316284,-0.03999999910593033,1.0460000038146973,1773948996.136
-0.05000000074505806,0.03500000014901161,1.1410000324249268,1773948996.056
0.028999999165534973,0.16500000655651093,0.9760000109672546,1773948996.076
0.041999999433755875,0.0010000000474974513,1.0110000371932983,1773948996.096
-0.024000000208616257,0.07900000363588333,1.1440000534057617,1773948996.117
-0.08799999952316284,-0.03999999910593033,1.0460000038146973,1773948996.136
-0.05000000074505806,0.03500000014901161,1.1410000324249268,1773948996.056
0.028999999165534973,0.16500000655651093,0.9760000109672546,1773948996.076
0.041999999433755875,0.0010000000474974513,1.0110000371932983,1773948996.096
-0.024000000208616257,0.07900000363588333,1.1440000534057617,1773948996.117
-0.08799999952316284,-0.03999999910593033,1.0460000038146973,1773948996.136
-0.05000000074505806,0.03500000014901161,1.1410000324249268,1773948996.056
0.028999999165534973,0.16500000655651093,0.9760000109672546,1773948996.076
0.041999999433755875,0.0010000000474974513,1.0110000371932983,1773948996.096
-0.024000000208616257,0.07900000363588333,1.1440000534057617,1773948996.117
-0.08799999952316284,-0.03999999910593033,1.0460000038146973,1773948996.136
-0.03099999949336052,0.03400000184774399,0.859000027179718,1773948996.557
0.04399999976158142,-0.039000000804662704,0.9380000233650208,1773948996.576
0.009999999776482582,-0.013000000268220901,1.1749999523162842,1773948996.596
-0.029999999329447746,-0.03200000151991844,1.1169999837875366,1773948996.616
0.0010000000474974513,-0.012000000104308128,0.8370000123977661,1773948996.636
-0.07100000232458115,-0.03200000151991844,1.1430000066757202,1773948997.076
-0.06300000101327896,0.035999998450279236,0.8880000114440918,1773948997.096
0.009999999776482582,-0.024000000208616257,0.9539999961853027,1773948997.116
0.017000000923871994,-0.007000000216066837,1.1399999856948853,1773948997.136
-0.027000000700354576,-0.03400000184774399,1.1799999475479126,1773948997.157
-0.07100000232458115,-0.03200000151991844,1.1430000066757202,1773948997.076
-0.06300000101327896,0.035999998450279236,0.8880000114440918,1773948997.096
0.009999999776482582,-0.024000000208616257,0.9539999961853027,1773948997.116
0.017000000923871994,-0.007000000216066837,1.1399999856948853,1773948997.136
-0.027000000700354576,-0.03400000184774399,1.1799999475479126,1773948997.157
-0.07100000232458115,-0.03200000151991844,1.1430000066757202,1773948997.076
-0.06300000101327896,0.035999998450279236,0.8880000114440918,1773948997.096
0.009999999776482582,-0.024000000208616257,0.9539999961853027,1773948997.116
0.017000000923871994,-0.007000000216066837,1.1399999856948853,1773948997.136
-0.027000000700354576,-0.03400000184774399,1.1799999475479126,1773948997.157
0.09300000220537186,-0.09000000357627869,0.9789999723434448,1773948997.576
0.032999999821186066,-0.07500000298023224,0.9459999799728394,1773948997.596
-0.10300000011920929,-0.007000000216066837,0.9990000128746033,1773948997.616
-0.07999999821186066,-0.035999998450279236,1.11899995803833,1773948997.636
0.00800000037997961,0.039000000804662704,0.8870000243186951,1773948997.657
0.09300000220537186,-0.09000000357627869,0.9789999723434448,1773948997.576
0.032999999821186066,-0.07500000298023224,0.9459999799728394,1773948997.596
-0.10300000011920929,-0.007000000216066837,0.9990000128746033,1773948997.616
-0.07999999821186066,-0.035999998450279236,1.11899995803833,1773948997.636
0.00800000037997961,0.039000000804662704,0.8870000243186951,1773948997.657
0.09300000220537186,-0.09000000357627869,0.9789999723434448,1773948997.576
0.032999999821186066,-0.07500000298023224,0.9459999799728394,1773948997.596
-0.10300000011920929,-0.007000000216066837,0.9990000128746033,1773948997.616
-0.07999999821186066,-0.035999998450279236,1.11899995803833,1773948997.636
0.00800000037997961,0.039000000804662704,0.8870000243186951,1773948997.657
-0.012000000104308128,-0.0729999989271164,1.0240000486373901,1773948998.096
0.05900000035762787,-0.10899999737739563,1.0889999866485596,1773948998.116
-0.06499999761581421,0.032999999821186066,0.9259999990463257,1773948998.136
-0.0010000000474974513,-0.08399999886751175,1.0859999656677246,1773948998.157
-0.04399999976158142,-0.027000000700354576,1.0399999618530273,1773948998.176
-0.012000000104308128,-0.0729999989271164,1.0240000486373901,1773948998.096
0.05900000035762787,-0.10899999737739563,1.0889999866485596,1773948998.116
-0.06499999761581421,0.032999999821186066,0.9259999990463257,1773948998.136
-0.0010000000474974513,-0.08399999886751175,1.0859999656677246,1773948998.157
-0.04399999976158142,-0.027000000700354576,1.0399999618530273,1773948998.176
-0.012000000104308128,-0.0729999989271164,1.0240000486373901,1773948998.096
0.05900000035762787,-0.10899999737739563,1.0889999866485596,1773948998.116
-0.06499999761581421,0.032999999821186066,0.9259999990463257,1773948998.136
-0.0010000000474974513,-0.08399999886751175,1.0859999656677246,1773948998.157
-0.04399999976158142,-0.027000000700354576,1.0399999618530273,1773948998.176
-0.012000000104308128,-0.0729999989271164,1.0240000486373901,1773948998.096
0.05900000035762787,-0.10899999737739563,1.0889999866485596,1773948998.116
-0.06499999761581421,0.032999999821186066,0.9259999990463257,1773948998.136
-0.0010000000474974513,-0.08399999886751175,1.0859999656677246,1773948998.157
-0.04399999976158142,-0.027000000700354576,1.0399999618530273,1773948998.176
0.0949999988079071,-0.020999999716877937,1.2100000381469727,1773948998.596
-0.05000000074505806,0.0860000029206276,1.0390000343322754,1773948998.616
0.04699999839067459,-0.004000000189989805,0.7720000147819519,1773948998.636
-0.08699999749660492,0.06800000369548798,1.2070000171661377,1773948998.657
-0.1080000028014183,0.0820000022649765,0.8529999852180481,1773948998.676
0.0949999988079071,-0.020999999716877937,1.2100000381469727,1773948998.596
-0.05000000074505806,0.0860000029206276,1.0390000343322754,1773948998.616
0.04699999839067459,-0.004000000189989805,0.7720000147819519,1773948998.636
-0.08699999749660492,0.06800000369548798,1.2070000171661377,1773948998.657
-0.1080000028014183,0.0820000022649765,0.8529999852180481,1773948998.676
0.0949999988079071,-0.020999999716877937,1.2100000381469727,1773948998.596
-0.05000000074505806,0.0860000029206276,1.0390000343322754,1773948998.616
0.04699999839067459,-0.004000000189989805,0.7720000147819519,1773948998.636
-0.08699999749660492,0.06800000369548798,1.2070000171661377,1773948998.657
-0.1080000028014183,0.0820000022649765,0.8529999852180481,1773948998.676
0.0860000029206276,-0.03400000184774399,0.7239999771118164,1773948999.116
0.04699999839067459,-0.014999999664723873,1.1829999685287476,1773948999.136
-0.17499999701976776,0.041999999433755875,1.0269999504089355,1773948999.157
0.10599999874830246,-0.09099999815225601,0.8949999809265137,1773948999.176
-0.014999999664723873,-0.017999999225139618,1.0829999446868896,1773948999.197
0.0860000029206276,-0.03400000184774399,0.7239999771118164,1773948999.116
0.04699999839067459,-0.014999999664723873,1.1829999685287476,1773948999.136
-0.17499999701976776,0.041999999433755875,1.0269999504089355,1773948999.157
0.10599999874830246,-0.09099999815225601,0.8949999809265137,1773948999.176
-0.014999999664723873,-0.017999999225139618,1.0829999446868896,1773948999.197
-0.007000000216066837,-0.00800000037997961,1.0180000066757202,1773949004.716
-0.003000000026077032,-0.010999999940395355,1.0149999856948853,1773949004.736
-0.006000000052154064,-0.010999999940395355,1.0140000581741333,1773949004.756
-0.00800000037997961,-0.009999999776482582,1.0169999599456787,1773949004.776
-0.004000000189989805,-0.012000000104308128,1.0149999856948853,1773949004.796
-0.007000000216066837,-0.00800000037997961,1.0180000066757202,1773949004.716
-0.003000000026077032,-0.010999999940395355,1.0149999856948853,1773949004.736
-0.006000000052154064,-0.010999999940395355,1.0140000581741333,1773949004.756
-0.00800000037997961,-0.009999999776482582,1.0169999599456787,1773949004.776
-0.004000000189989805,-0.012000000104308128,1.0149999856948853,1773949004.796
-0.007000000216066837,-0.00800000037997961,1.0180000066757202,1773949004.716
-0.003000000026077032,-0.010999999940395355,1.0149999856948853,1773949004.736
-0.006000000052154064,-0.010999999940395355,1.0140000581741333,1773949004.756
-0.00800000037997961,-0.009999999776482582,1.0169999599456787,1773949004.776
-0.004000000189989805,-0.012000000104308128,1.0149999856948853,1773949004.796
-0.007000000216066837,-0.00800000037997961,1.0180000066757202,1773949004.716
-0.003000000026077032,-0.010999999940395355,1.0149999856948853,1773949004.736
-0.006000000052154064,-0.010999999940395355,1.0140000581741333,1773949004.756
-0.00800000037997961,-0.009999999776482582,1.0169999599456787,1773949004.776
-0.004000000189989805,-0.012000000104308128,1.0149999856948853,1773949004.796
-0.007000000216066837,-0.00800000037997961,1.0180000066757202,1773949004.716
-0.003000000026077032,-0.010999999940395355,1.0149999856948853,1773949004.736
-0.006000000052154064,-0.010999999940395355,1.0140000581741333,1773949004.756
-0.00800000037997961,-0.009999999776482582,1.0169999599456787,1773949004.776
-0.004000000189989805,-0.012000000104308128,1.0149999856948853,1773949004.796
-0.007000000216066837,-0.00800000037997961,1.0180000066757202,1773949004.716
-0.003000000026077032,-0.010999999940395355,1.0149999856948853,1773949004.736
-0.006000000052154064,-0.010999999940395355,1.0140000581741333,1773949004.756
-0.00800000037997961,-0.009999999776482582,1.0169999599456787,1773949004.776
-0.004000000189989805,-0.012000000104308128,1.0149999856948853,1773949004.796
-0.007000000216066837,-0.00800000037997961,1.0180000066757202,1773949004.716
-0.003000000026077032,-0.010999999940395355,1.0149999856948853,1773949004.736
-0.006000000052154064,-0.010999999940395355,1.0140000581741333,1773949004.756
-0.00800000037997961,-0.009999999776482582,1.0169999599456787,1773949004.776
-0.004000000189989805,-0.012000000104308128,1.0149999856948853,1773949004.796
-0.007000000216066837,-0.00800000037997961,1.0180000066757202,1773949004.716
-0.003000000026077032,-0.010999999940395355,1.0149999856948853,1773949004.736
-0.006000000052154064,-0.010999999940395355,1.0140000581741333,1773949004.756
-0.00800000037997961,-0.009999999776482582,1.0169999599456787,1773949004.776
-0.004000000189989805,-0.012000000104308128,1.0149999856948853,1773949004.796
-0.007000000216066837,-0.00800000037997961,1.0180000066757202,1773949004.716
-0.003000000026077032,-0.010999999940395355,1.0149999856948853,1773949004.736
-0.006000000052154064,-0.010999999940395355,1.0140000581741333,1773949004.756
-0.00800000037997961,-0.009999999776482582,1.0169999599456787,1773949004.776
-0.004000000189989805,-0.012000000104308128,1.0149999856948853,1773949004.796
-0.007000000216066837,-0.00800000037997961,1.0180000066757202,1773949004.716
-0.003000000026077032,-0.010999999940395355,1.0149999856948853,1773949004.736
-0.006000000052154064,-0.010999999940395355,1.0140000581741333,1773949004.756
-0.00800000037997961,-0.009999999776482582,1.0169999599456787,1773949004.776
-0.004000000189989805,-0.012000000104308128,1.0149999856948853,1773949004.796
-0.007000000216066837,-0.00800000037997961,1.0180000066757202,1773949004.716
-0.003000000026077032,-0.010999999940395355,1.0149999856948853,1773949004.736
-0.006000000052154064,-0.010999999940395355,1.0140000581741333,1773949004.756
-0.00800000037997961,-0.009999999776482582,1.0169999599456787,1773949004.776
-0.004000000189989805,-0.012000000104308128,1.0149999856948853,1773949004.796
-0.007000000216066837,-0.00800000037997961,1.0180000066757202,1773949004.716
-0.003000000026077032,-0.010999999940395355,1.0149999856948853,1773949004.736
-0.006000000052154064,-0.010999999940395355,1.0140000581741333,1773949004.756
-0.00800000037997961,-0.009999999776482582,1.0169999599456787,1773949004.776
-0.004000000189989805,-0.012000000104308128,1.0149999856948853,1773949004.796
-0.007000000216066837,-0.00800000037997961,1.0180000066757202,1773949004.716
-0.003000000026077032,-0.010999999940395355,1.0149999856948853,1773949004.736
-0.006000000052154064,-0.010999999940395355,1.0140000581741333,1773949004.756
-0.00800000037997961,-0.009999999776482582,1.0169999599456787,1773949004.776
-0.004000000189989805,-0.012000000104308128,1.0149999856948853,1773949004.796
-0.007000000216066837,-0.00800000037997961,1.0180000066757202,1773949004.716
-0.003000000026077032,-0.010999999940395355,1.0149999856948853,1773949004.736
-0.006000000052154064,-0.010999999940395355,1.0140000581741333,1773949004.756
-0.00800000037997961,-0.009999999776482582,1.0169999599456787,1773949004.776
-0.004000000189989805,-0.012000000104308128,1.0149999856948853,1773949004.796
-0.007000000216066837,-0.00800000037997961,1.0180000066757202,1773949004.716
-0.003000000026077032,-0.010999999940395355,1.0149999856948853,1773949004.736
-0.006000000052154064,-0.010999999940395355,1.0140000581741333,1773949004.756
-0.00800000037997961,-0.009999999776482582,1.0169999599456787,1773949004.776
-0.004000000189989805,-0.012000000104308128,1.0149999856948853,1773949004.796
-0.007000000216066837,-0.00800000037997961,1.0180000066757202,1773949004.716
-0.003000000026077032,-0.010999999940395355,1.0149999856948853,1773949004.736
-0.006000000052154064,-0.010999999940395355,1.0140000581741333,1773949004.756
-0.00800000037997961,-0.009999999776482582,1.0169999599456787,1773949004.776
-0.004000000189989805,-0.012000000104308128,1.0149999856948853,1773949004.796
-0.00800000037997961,-0.008999999612569809,1.0099999904632568,1773949011.957
-0.004999999888241291,-0.012000000104308128,1.0149999856948853,1773949011.977
-0.006000000052154064,-0.009999999776482582,1.0110000371932983,1773949011.997
-0.010999999940395355,-0.009999999776482582,1.0180000066757202,1773949012.017
-0.004000000189989805,-0.009999999776482582,1.0160000324249268,1773949012.037
-0.00800000037997961,-0.008999999612569809,1.0099999904632568,1773949011.957
-0.004999999888241291,-0.012000000104308128,1.0149999856948853,1773949011.977
-0.006000000052154064,-0.009999999776482582,1.0110000371932983,1773949011.997
-0.010999999940395355,-0.009999999776482582,1.0180000066757202,1773949012.017
-0.004000000189989805,-0.009999999776482582,1.0160000324249268,1773949012.037
-0.00800000037997961,-0.008999999612569809,1.0099999904632568,1773949011.957
-0.004999999888241291,-0.012000000104308128,1.0149999856948853,1773949011.977
-0.006000000052154064,-0.009999999776482582,1.0110000371932983,1773949011.997
-0.010999999940395355,-0.009999999776482582,1.0180000066757202,1773949012.017
-0.004000000189989805,-0.009999999776482582,1.0160000324249268,1773949012.037
-0.00800000037997961,-0.012000000104308128,1.0160000324249268,1773949012.477
-0.00800000037997961,-0.008999999612569809,1.0180000066757202,1773949012.497
-0.00800000037997961,-0.012000000104308128,1.0160000324249268,1773949012.517
-0.00800000037997961,-0.006000000052154064,1.0140000581741333,1773949012.537
-0.003000000026077032,-0.009999999776482582,1.0169999599456787,1773949012.557
-0.00800000037997961,-0.012000000104308128,1.0160000324249268,1773949012.477
-0.00800000037997961,-0.008999999612569809,1.0180000066757202,1773949012.497
-0.00800000037997961,-0.012000000104308128,1.0160000324249268,1773949012.517
-0.00800000037997961,-0.006000000052154064,1.0140000581741333,1773949012.537
-0.003000000026077032,-0.009999999776482582,1.0169999599456787,1773949012.557
-0.00800000037997961,-0.012000000104308128,1.0160000324249268,1773949012.477
-0.00800000037997961,-0.008999999612569809,1.0180000066757202,1773949012.497
-0.00800000037997961,-0.012000000104308128,1.0160000324249268,1773949012.517
-0.00800000037997961,-0.006000000052154064,1.0140000581741333,1773949012.537
-0.003000000026077032,-0.009999999776482582,1.0169999599456787,1773949012.557
-0.00800000037997961,-0.012000000104308128,1.0160000324249268,1773949012.477
-0.00800000037997961,-0.008999999612569809,1.0180000066757202,1773949012.497
-0.00800000037997961,-0.012000000104308128,1.0160000324249268,1773949012.517
-0.00800000037997961,-0.006000000052154064,1.0140000581741333,1773949012.537
-0.003000000026077032,-0.009999999776482582,1.0169999599456787,1773949012.557
-0.00800000037997961,-0.012000000104308128,1.0160000324249268,1773949012.477
-0.00800000037997961,-0.008999999612569809,1.0180000066757202,1773949012.497
-0.00800000037997961,-0.012000000104308128,1.0160000324249268,1773949012.517
-0.00800000037997961,-0.006000000052154064,1.0140000581741333,1773949012.537
-0.003000000026077032,-0.009999999776482582,1.0169999599456787,1773949012.557
-0.008999999612569809,-0.007000000216066837,1.0169999599456787,1773949017.577
-0.00800000037997961,-0.009999999776482582,1.0119999647140503,1773949017.597
-0.008999999612569809,-0.009999999776482582,1.0169999599456787,1773949017.617
-0.008999999612569809,-0.006000000052154064,1.0160000324249268,1773949017.637
-0.006000000052154064,-0.004999999888241291,1.0160000324249268,1773949017.657
-0.008999999612569809,-0.007000000216066837,1.0169999599456787,1773949017.577
-0.00800000037997961,-0.009999999776482582,1.0119999647140503,1773949017.597
-0.008999999612569809,-0.009999999776482582,1.0169999599456787,1773949017.617
-0.008999999612569809,-0.006000000052154064,1.0160000324249268,1773949017.637
-0.006000000052154064,-0.004999999888241291,1.0160000324249268,1773949017.657
-0.008999999612569809,-0.007000000216066837,1.0169999599456787,1773949017.577
-0.00800000037997961,-0.009999999776482582,1.0119999647140503,1773949017.597
-0.008999999612569809,-0.009999999776482582,1.0169999599456787,1773949017.617
-0.008999999612569809,-0.006000000052154064,1.0160000324249268,1773949017.637
-0.006000000052154064,-0.004999999888241291,1.0160000324249268,1773949017.657
-0.008999999612569809,-0.007000000216066837,1.0169999599456787,1773949017.577
-0.00800000037997961,-0.009999999776482582,1.0119999647140503,1773949017.597
-0.008999999612569809,-0.009999999776482582,1.0169999599456787,1773949017.617
-0.008999999612569809,-0.006000000052154064,1.0160000324249268,1773949017.637
-0.006000000052154064,-0.004999999888241291,1.0160000324249268,1773949017.657
-0.008999999612569809,-0.007000000216066837,1.0169999599456787,1773949017.577
-0.00800000037997961,-0.009999999776482582,1.0119999647140503,1773949017.597
-0.008999999612569809,-0.009999999776482582,1.0169999599456787,1773949017.617
-0.008999999612569809,-0.006000000052154064,1.0160000324249268,1773949017.637
-0.006000000052154064,-0.004999999888241291,1.0160000324249268,1773949017.657
-0.008999999612569809,-0.007000000216066837,1.0169999599456787,1773949017.577
-0.00800000037997961,-0.009999999776482582,1.0119999647140503,1773949017.597
-0.008999999612569809,-0.009999999776482582,1.0169999599456787,1773949017.617
-0.008999999612569809,-0.006000000052154064,1.0160000324249268,1773949017.637
-0.006000000052154064,-0.004999999888241291,1.0160000324249268,1773949017.657
-0.008999999612569809,-0.007000000216066837,1.0169999599456787,1773949017.577
-0.00800000037997961,-0.009999999776482582,1.0119999647140503,1773949017.597
-0.008999999612569809,-0.009999999776482582,1.0169999599456787,1773949017.617
-0.008999999612569809,-0.006000000052154064,1.0160000324249268,1773949017.637
-0.006000000052154064,-0.004999999888241291,1.0160000324249268,1773949017.657
-0.008999999612569809,-0.007000000216066837,1.0169999599456787,1773949017.577
-0.00800000037997961,-0.009999999776482582,1.0119999647140503,1773949017.597
-0.008999999612569809,-0.009999999776482582,1.0169999599456787,1773949017.617
-0.008999999612569809,-0.006000000052154064,1.0160000324249268,1773949017.637
-0.006000000052154064,-0.004999999888241291,1.0160000324249268,1773949017.657
-0.008999999612569809,-0.007000000216066837,1.0169999599456787,1773949017.577
-0.00800000037997961,-0.009999999776482582,1.0119999647140503,1773949017.597
-0.008999999612569809,-0.009999999776482582,1.0169999599456787,1773949017.617
-0.008999999612569809,-0.006000000052154064,1.0160000324249268,1773949017.637
-0.006000000052154064,-0.004999999888241291,1.0160000324249268,1773949017.657
-0.008999999612569809,-0.007000000216066837,1.0169999599456787,1773949017.577
-0.00800000037997961,-0.009999999776482582,1.0119999647140503,1773949017.597
-0.008999999612569809,-0.009999999776482582,1.0169999599456787,1773949017.617
-0.008999999612569809,-0.006000000052154064,1.0160000324249268,1773949017.637
-0.006000000052154064,-0.004999999888241291,1.0160000324249268,1773949017.657
-0.008999999612569809,-0.007000000216066837,1.0169999599456787,1773949017.577
-0.00800000037997961,-0.009999999776482582,1.0119999647140503,1773949017.597
-0.008999999612569809,-0.009999999776482582,1.0169999599456787,1773949017.617
-0.008999999612569809,-0.006000000052154064,1.0160000324249268,1773949017.637
-0.006000000052154064,-0.004999999888241291,1.0160000324249268,1773949017.657
-0.008999999612569809,-0.007000000216066837,1.0169999599456787,1773949017.577
-0.00800000037997961,-0.009999999776482582,1.0119999647140503,1773949017.597
-0.008999999612569809,-0.009999999776482582,1.0169999599456787,1773949017.617
-0.008999999612569809,-0.006000000052154064,1.0160000324249268,1773949017.637
-0.006000000052154064,-0.004999999888241291,1.0160000324249268,1773949017.657
-0.008999999612569809,-0.007000000216066837,1.0169999599456787,1773949017.577
-0.00800000037997961,-0.009999999776482582,1.0119999647140503,1773949017.597
-0.008999999612569809,-0.009999999776482582,1.0169999599456787,1773949017.617
-0.008999999612569809,-0.006000000052154064,1.0160000324249268,1773949017.637
-0.006000000052154064,-0.004999999888241291,1.0160000324249268,1773949017.657
-0.008999999612569809,-0.007000000216066837,1.0169999599456787,1773949017.577
-0.00800000037997961,-0.009999999776482582,1.0119999647140503,1773949017.597
-0.008999999612569809,-0.009999999776482582,1.0169999599456787,1773949017.617
-0.008999999612569809,-0.006000000052154064,1.0160000324249268,1773949017.637
-0.006000000052154064,-0.004999999888241291,1.0160000324249268,1773949017.657
-0.008999999612569809,-0.007000000216066837,1.0169999599456787,1773949017.577
-0.00800000037997961,-0.009999999776482582,1.0119999647140503,1773949017.597
-0.008999999612569809,-0.009999999776482582,1.0169999599456787,1773949017.617
-0.008999999612569809,-0.006000000052154064,1.0160000324249268,1773949017.637
-0.006000000052154064,-0.004999999888241291,1.0160000324249268,1773949017.657
-0.00800000037997961,-0.008999999612569809,1.0110000371932983,1773949027.378
-0.004999999888241291,-0.010999999940395355,1.0160000324249268,1773949027.397
-0.007000000216066837,-0.008999999612569809,1.0190000534057617,1773949027.417
-0.00800000037997961,-0.007000000216066837,1.0119999647140503,1773949027.437
-0.003000000026077032,-0.010999999940395355,1.0190000534057617,1773949027.457
-0.006000000052154064,-0.00800000037997961,1.0099999904632568,1773949027.877
-0.006000000052154064,-0.004999999888241291,1.0180000066757202,1773949027.897
-0.004999999888241291,-0.00800000037997961,1.0149999856948853,1773949027.918
-0.006000000052154064,-0.008999999612569809,1.0130000114440918,1773949027.937
-0.007000000216066837,-0.009999999776482582,1.0190000534057617,1773949027.957
-0.006000000052154064,-0.00800000037997961,1.0099999904632568,1773949027.877
-0.006000000052154064,-0.004999999888241291,1.0180000066757202,1773949027.897
-0.004999999888241291,-0.00800000037997961,1.0149999856948853,1773949027.918
-0.006000000052154064,-0.008999999612569809,1.0130000114440918,1773949027.937
-0.007000000216066837,-0.009999999776482582,1.0190000534057617,1773949027.957
-0.006000000052154064,-0.00800000037997961,1.0099999904632568,1773949027.877
-0.006000000052154064,-0.004999999888241291,1.0180000066757202,1773949027.897
-0.004999999888241291,-0.00800000037997961,1.0149999856948853,1773949027.918
-0.006000000052154064,-0.008999999612569809,1.0130000114440918,1773949027.937
-0.007000000216066837,-0.009999999776482582,1.0190000534057617,1773949027.957
-0.006000000052154064,-0.00800000037997961,1.0099999904632568,1773949027.877
-0.006000000052154064,-0.004999999888241291,1.0180000066757202,1773949027.897
-0.004999999888241291,-0.00800000037997961,1.0149999856948853,1773949027.918
-0.006000000052154064,-0.008999999612569809,1.0130000114440918,1773949027.937
-0.007000000216066837,-0.009999999776482582,1.0190000534057617,1773949027.957
-0.006000000052154064,-0.00800000037997961,1.0099999904632568,1773949027.877
-0.006000000052154064,-0.004999999888241291,1.0180000066757202,1773949027.897
-0.004999999888241291,-0.00800000037997961,1.0149999856948853,1773949027.918
-0.006000000052154064,-0.008999999612569809,1.0130000114440918,1773949027.937
-0.007000000216066837,-0.009999999776482582,1.0190000534057617,1773949027.957
-0.009999999776482582,-0.009999999776482582,1.0149999856948853,1773949028.397
-0.006000000052154064,-0.00800000037997961,1.024999976158142,1773949028.417
-0.006000000052154064,-0.010999999940395355,1.0160000324249268,1773949028.437
-0.008999999612569809,-0.010999999940395355,1.0119999647140503,1773949028.457
-0.006000000052154064,-0.007000000216066837,1.0180000066757202,1773949028.477
-0.009999999776482582,-0.009999999776482582,1.0149999856948853,1773949028.397
-0.006000000052154064,-0.00800000037997961,1.024999976158142,1773949028.417
-0.006000000052154064,-0.010999999940395355,1.0160000324249268,1773949028.437
-0.008999999612569809,-0.010999999940395355,1.0119999647140503,1773949028.457
-0.006000000052154064,-0.007000000216066837,1.0180000066757202,1773949028.477
-0.009999999776482582,-0.009999999776482582,1.0149999856948853,1773949028.397
-0.006000000052154064,-0.00800000037997961,1.024999976158142,1773949028.417
-0.006000000052154064,-0.010999999940395355,1.0160000324249268,1773949028.437
-0.008999999612569809,-0.010999999940395355,1.0119999647140503,1773949028.457
-0.006000000052154064,-0.007000000216066837,1.0180000066757202,1773949028.477
-0.009999999776482582,-0.009999999776482582,1.0149999856948853,1773949028.397
-0.006000000052154064,-0.00800000037997961,1.024999976158142,1773949028.417
-0.006000000052154064,-0.010999999940395355,1.0160000324249268,1773949028.437
-0.008999999612569809,-0.010999999940395355,1.0119999647140503,1773949028.457
-0.006000000052154064,-0.007000000216066837,1.0180000066757202,1773949028.477
-0.009999999776482582,-0.009999999776482582,1.0149999856948853,1773949028.397
-0.006000000052154064,-0.00800000037997961,1.024999976158142,1773949028.417
-0.006000000052154064,-0.010999999940395355,1.0160000324249268,1773949028.437
-0.008999999612569809,-0.010999999940395355,1.0119999647140503,1773949028.457
-0.006000000052154064,-0.007000000216066837,1.0180000066757202,1773949028.477
-0.006000000052154064,-0.010999999940395355,1.0110000371932983,1773949028.897
-0.006000000052154064,-0.008999999612569809,1.0130000114440918,1773949028.917
-0.00800000037997961,-0.007000000216066837,1.0219999551773071,1773949028.937
-0.007000000216066837,-0.010999999940395355,1.0119999647140503,1773949028.957
-0.00800000037997961,-0.00800000037997961,1.0190000534057617,1773949028.977
-0.006000000052154064,-0.010999999940395355,1.0110000371932983,1773949028.897
-0.006000000052154064,-0.008999999612569809,1.0130000114440918,1773949028.917
-0.00800000037997961,-0.007000000216066837,1.0219999551773071,1773949028.937
-0.007000000216066837,-0.010999999940395355,1.0119999647140503,1773949028.957
-0.00800000037997961,-0.00800000037997961,1.0190000534057617,1773949028.977
-0.006000000052154064,-0.010999999940395355,1.0110000371932983,1773949028.897
-0.006000000052154064,-0.008999999612569809,1.0130000114440918,1773949028.917
-0.00800000037997961,-0.007000000216066837,1.0219999551773071,1773949028.937
-0.007000000216066837,-0.010999999940395355,1.0119999647140503,1773949028.957
-0.00800000037997961,-0.00800000037997961,1.0190000534057617,1773949028.977
0.03500000014901161,0.003000000026077032,1.0440000295639038,1773949038.378
0.032999999821186066,0.06700000166893005,1.0549999475479126,1773949038.397
-0.05900000035762787,0.057999998331069946,0.9850000143051147,1773949038.417
-0.10999999940395355,-0.008999999612569809,1.0549999475479126,1773949038.437
-0.07100000232458115,0.009999999776482582,1.0959999561309814,1773949038.457
0.03500000014901161,0.003000000026077032,1.0440000295639038,1773949038.378
0.032999999821186066,0.06700000166893005,1.0549999475479126,1773949038.397
-0.05900000035762787,0.057999998331069946,0.9850000143051147,1773949038.417
-0.10999999940395355,-0.008999999612569809,1.0549999475479126,1773949038.437
-0.07100000232458115,0.009999999776482582,1.0959999561309814,1773949038.457
0.014999999664723873,-0.02500000037252903,1.0369999408721924,1773949038.897
-0.05000000074505806,0.04800000041723251,1.0779999494552612,1773949038.917
0.03999999910593033,-0.012000000104308128,0.9570000171661377,1773949038.937
-0.04699999839067459,-0.032999999821186066,0.984000027179718,1773949038.957
-0.05299999937415123,0.023000000044703484,1.0269999504089355,1773949038.977
-0.041999999433755875,-0.0,1.0099999904632568,1773949039.397
-0.08299999684095383,0.054999999701976776,0.8289999961853027,1773949039.417
-0.04399999976158142,0.035999998450279236,1.1299999952316284,1773949039.437
0.006000000052154064,0.0020000000949949026,1.0670000314712524,1773949039.457
0.026000000536441803,0.012000000104308128,0.871999979019165,1773949039.477
-0.041999999433755875,-0.0,1.0099999904632568,1773949039.397
-0.08299999684095383,0.054999999701976776,0.8289999961853027,1773949039.417
-0.04399999976158142,0.035999998450279236,1.1299999952316284,1773949039.437
0.006000000052154064,0.0020000000949949026,1.0670000314712524,1773949039.457
0.026000000536441803,0.012000000104308128,0.871999979019165,1773949039.477
-0.041999999433755875,-0.0,1.0099999904632568,1773949039.397
-0.08299999684095383,0.054999999701976776,0.8289999961853027,1773949039.417
-0.04399999976158142,0.035999998450279236,1.1299999952316284,1773949039.437
0.006000000052154064,0.0020000000949949026,1.0670000314712524,1773949039.457
0.026000000536441803,0.012000000104308128,0.871999979019165,1773949039.477
-0.041999999433755875,-0.0,1.0099999904632568,1773949039.397
-0.08299999684095383,0.054999999701976776,0.8289999961853027,1773949039.417
-0.04399999976158142,0.035999998450279236,1.1299999952316284,1773949039.437
0.006000000052154064,0.0020000000949949026,1.0670000314712524,1773949039.457
0.026000000536441803,0.012000000104308128,0.871999979019165,1773949039.477
-0.006000000052154064,-0.00800000037997961,1.121000051498413,1773949039.918
-0.09099999815225601,0.0,0.8759999871253967,1773949039.937
-0.035999998450279236,0.061000000685453415,1.0959999561309814,1773949039.957
0.004000000189989805,0.004999999888241291,0.9470000267028809,1773949039.978
0.01899999938905239,-0.0010000000474974513,0.906000018119812,1773949039.997
-0.006000000052154064,-0.00800000037997961,1.121000051498413,1773949039.918
-0.09099999815225601,0.0,0.8759999871253967,1773949039.937
-0.035999998450279236,0.061000000685453415,1.0959999561309814,1773949039.957
0.004000000189989805,0.004999999888241291,0.9470000267028809,1773949039.978
0.01899999938905239,-0.0010000000474974513,0.906000018119812,1773949039.997
-0.07100000232458115,-0.020999999716877937,1.13100004196167,1773949040.418
-0.09200000017881393,0.05299999937415123,0.7580000162124634,1773949040.437
-0.03200000151991844,0.035999998450279236,1.1039999723434448,1773949040.458
0.06800000369548798,0.014000000432133675,0.9850000143051147,1773949040.477
0.01600000075995922,-0.023000000044703484,0.9269999861717224,1773949040.497
-0.07100000232458115,-0.020999999716877937,1.13100004196167,1773949040.418
-0.09200000017881393,0.05299999937415123,0.7580000162124634,1773949040.437
-0.03200000151991844,0.035999998450279236,1.1039999723434448,1773949040.458
0.06800000369548798,0.014000000432133675,0.9850000143051147,1773949040.477
0.01600000075995922,-0.023000000044703484,0.9269999861717224,1773949040.497
-0.07100000232458115,-0.020999999716877937,1.13100004196167,1773949040.418
-0.09200000017881393,0.05299999937415123,0.7580000162124634,1773949040.437
-0.03200000151991844,0.035999998450279236,1.1039999723434448,1773949040.458
0.06800000369548798,0.014000000432133675,0.9850000143051147,1773949040.477
0.01600000075995922,-0.023000000044703484,0.9269999861717224,1773949040.497
0.006000000052154064,0.004000000189989805,0.828000009059906,1773949040.937
-0.04399999976158142,-0.04800000041723251,1.0839999914169312,1773949040.957
-0.009999999776482582,0.06499999761581421,1.1030000448226929,1773949040.978
0.01899999938905239,-0.013000000268220901,1.0329999923706055,1773949040.997
-0.04399999976158142,-0.012000000104308128,0.8930000066757202,1773949041.017
0.006000000052154064,0.004000000189989805,0.828000009059906,1773949040.937
-0.04399999976158142,-0.04800000041723251,1.0839999914169312,1773949040.957
-0.009999999776482582,0.06499999761581421,1.1030000448226929,1773949040.978
0.01899999938905239,-0.013000000268220901,1.0329999923706055,1773949040.997
-0.04399999976158142,-0.012000000104308128,0.8930000066757202,1773949041.017
0.006000000052154064,0.004000000189989805,0.828000009059906,1773949040.937
-0.04399999976158142,-0.04800000041723251,1.0839999914169312,1773949040.957
-0.009999999776482582,0.06499999761581421,1.1030000448226929,1773949040.978
0.01899999938905239,-0.013000000268220901,1.0329999923706055,1773949040.997
-0.04399999976158142,-0.012000000104308128,0.8930000066757202,1773949041.017
-0.09000000357627869,-0.12700000405311584,1.1710000038146973,1773949041.458
0.12099999934434891,0.09700000286102295,0.6980000138282776,1773949041.478
-0.10400000214576721,-0.1080000028014183,1.4220000505447388,1773949041.497
0.18700000643730164,0.05299999937415123,0.6489999890327454,1773949041.517
-0.11599999666213989,-0.08799999952316284,1.2419999837875366,1773949041.537
-0.09000000357627869,-0.12700000405311584,1.1710000038146973,1773949041.458
0.12099999934434891,0.09700000286102295,0.6980000138282776,1773949041.478
-0.10400000214576721,-0.1080000028014183,1.4220000505447388,1773949041.497
0.18700000643730164,0.05299999937415123,0.6489999890327454,1773949041.517
-0.11599999666213989,-0.08799999952316284,1.2419999837875366,1773949041.537
0.010999999940395355,-0.023000000044703484,0.8870000243186951,1773949041.957
-0.012000000104308128,-0.014000000432133675,1.1449999809265137,1773949041.979
-0.012000000104308128,-0.041999999433755875,0.925000011920929,1773949041.998
0.020999999716877937,0.013000000268220901,0.9480000138282776,1773949042.017
0.03999999910593033,-0.05000000074505806,1.2680000066757202,1773949042.037
0.010999999940395355,-0.023000000044703484,0.8870000243186951,1773949041.957
-0.012000000104308128,-0.014000000432133675,1.1449999809265137,1773949041.979
-0.012000000104308128,-0.041999999433755875,0.925000011920929,1773949041.998
0.020999999716877937,0.013000000268220901,0.9480000138282776,1773949042.017
0.03999999910593033,-0.05000000074505806,1.2680000066757202,1773949042.037
0.010999999940395355,-0.023000000044703484,0.8870000243186951,1773949041.957
-0.012000000104308128,-0.014000000432133675,1.1449999809265137,1773949041.979
-0.012000000104308128,-0.041999999433755875,0.925000011920929,1773949041.998
0.020999999716877937,0.013000000268220901,0.9480000138282776,1773949042.017
0.03999999910593033,-0.05000000074505806,1.2680000066757202,1773949042.037
-0.04100000113248825,0.010999999940395355,1.2079999446868896,1773949042.478
-0.01600000075995922,-0.041999999433755875,0.8629999756813049,1773949042.498
0.035999998450279236,0.03099999949336052,1.0390000343322754,1773949042.523
0.0949999988079071,0.041999999433755875,1.0019999742507935,1773949042.54
0.027000000700354576,0.03200000151991844,0.8970000147819519,1773949042.557
-0.04100000113248825,0.010999999940395355,1.2079999446868896,1773949042.478
-0.01600000075995922,-0.041999999433755875,0.8629999756813049,1773949042.498
0.035999998450279236,0.03099999949336052,1.0390000343322754,1773949042.523
0.0949999988079071,0.041999999433755875,1.0019999742507935,1773949042.54
0.027000000700354576,0.03200000151991844,0.8970000147819519,1773949042.557
-0.06400000303983688,-0.020999999716877937,1.0219999551773071,1773949042.978
-0.0729999989271164,0.01899999938905239,1.1950000524520874,1773949042.997
-0.009999999776482582,-0.004000000189989805,0.9269999861717224,1773949043.019
0.014000000432133675,0.009999999776482582,0.8259999752044678,1773949043.038
0.006000000052154064,-0.026000000536441803,1.2970000505447388,1773949043.058
-0.06400000303983688,-0.020999999716877937,1.0219999551773071,1773949042.978
-0.0729999989271164,0.01899999938905239,1.1950000524520874,1773949042.997
-0.009999999776482582,-0.004000000189989805,0.9269999861717224,1773949043.019
0.014000000432133675,0.009999999776482582,0.8259999752044678,1773949043.038
0.006000000052154064,-0.026000000536441803,1.2970000505447388,1773949043.058
-0.06400000303983688,-0.020999999716877937,1.0219999551773071,1773949042.978
-0.0729999989271164,0.01899999938905239,1.1950000524520874,1773949042.997
-0.009999999776482582,-0.004000000189989805,0.9269999861717224,1773949043.019
0.014000000432133675,0.009999999776482582,0.8259999752044678,1773949043.038
0.006000000052154064,-0.026000000536441803,1.2970000505447388,1773949043.058
-0.008999999612569809,-0.035999998450279236,1.0479999780654907,1773949043.497
0.00800000037997961,-0.04899999871850014,1.031999945640564,1773949043.518
-0.028999999165534973,-0.023000000044703484,0.9259999990463257,1773949043.539
-0.0689999982714653,-0.027000000700354576,1.1460000276565552,1773949043.558
-0.03999999910593033,-0.024000000208616257,0.9679999947547913,1773949043.578
-0.008999999612569809,-0.035999998450279236,1.0479999780654907,1773949043.497
0.00800000037997961,-0.04899999871850014,1.031999945640564,1773949043.518
-0.028999999165534973,-0.023000000044703484,0.9259999990463257,1773949043.539
-0.0689999982714653,-0.027000000700354576,1.1460000276565552,1773949043.558
-0.03999999910593033,-0.024000000208616257,0.9679999947547913,1773949043.578
-0.008999999612569809,-0.035999998450279236,1.0479999780654907,1773949043.497
0.00800000037997961,-0.04899999871850014,1.031999945640564,1773949043.518
-0.028999999165534973,-0.023000000044703484,0.9259999990463257,1773949043.539
-0.0689999982714653,-0.027000000700354576,1.1460000276565552,1773949043.558
-0.03999999910593033,-0.024000000208616257,0.9679999947547913,1773949043.578
0.06700000166893005,-0.07000000029802322,0.9869999885559082,1773949044.0
-0.05000000074505806,0.03400000184774399,0.9860000014305115,1773949044.018
-0.039000000804662704,-0.003000000026077032,1.0399999618530273,1773949044.038
-0.12600000202655792,-0.008999999612569809,0.9649999737739563,1773949044.058
0.003000000026077032,-0.06499999761581421,1.0720000267028809,1773949044.078
0.06700000166893005,-0.07000000029802322,0.9869999885559082,1773949044.0
-0.05000000074505806,0.03400000184774399,0.9860000014305115,1773949044.018
-0.039000000804662704,-0.003000000026077032,1.0399999618530273,1773949044.038
-0.12600000202655792,-0.008999999612569809,0.9649999737739563,1773949044.058
0.003000000026077032,-0.06499999761581421,1.0720000267028809,1773949044.078
-0.1889999955892563,0.0729999989271164,0.9419999718666077,1773949044.518
0.10400000214576721,-0.028999999165534973,1.1790000200271606,1773949044.538
0.03700000047683716,0.03700000047683716,0.9639999866485596,1773949044.558
-0.01899999938905239,0.03400000184774399,0.718999981880188,1773949044.579
-0.0729999989271164,0.06499999761581421,1.281000018119812,1773949044.598
-0.1889999955892563,0.0729999989271164,0.9419999718666077,1773949044.518
0.10400000214576721,-0.028999999165534973,1.1790000200271606,1773949044.538
0.03700000047683716,0.03700000047683716,0.9639999866485596,1773949044.558
-0.01899999938905239,0.03400000184774399,0.718999981880188,1773949044.579
-0.0729999989271164,0.06499999761581421,1.281000018119812,1773949044.598
-0.1889999955892563,0.0729999989271164,0.9419999718666077,1773949044.518
0.10400000214576721,-0.028999999165534973,1.1790000200271606,1773949044.538
0.03700000047683716,0.03700000047683716,0.9639999866485596,1773949044.558
-0.01899999938905239,0.03400000184774399,0.718999981880188,1773949044.579
-0.0729999989271164,0.06499999761581421,1.281000018119812,1773949044.598
-0.020999999716877937,0.06599999964237213,1.0140000581741333,1773949045.018
0.009999999776482582,0.014000000432133675,0.7929999828338623,1773949045.038
0.11699999868869781,-0.03200000151991844,1.0670000314712524,1773949045.058
-0.14499999582767487,0.05999999865889549,0.9539999961853027,1773949045.078
-0.009999999776482582,0.028999999165534973,1.1820000410079956,1773949045.098
-0.020999999716877937,0.06599999964237213,1.0140000581741333,1773949045.018
0.009999999776482582,0.014000000432133675,0.7929999828338623,1773949045.038
0.11699999868869781,-0.03200000151991844,1.0670000314712524,1773949045.058
-0.14499999582767487,0.05999999865889549,0.9539999961853027,1773949045.078
-0.009999999776482582,0.028999999165534973,1.1820000410079956,1773949045.098
-0.020999999716877937,0.06599999964237213,1.0140000581741333,1773949045.018
0.009999999776482582,0.014000000432133675,0.7929999828338623,1773949045.038
0.11699999868869781,-0.03200000151991844,1.0670000314712524,1773949045.058
-0.14499999582767487,0.05999999865889549,0.9539999961853027,1773949045.078
-0.009999999776482582,0.028999999165534973,1.1820000410079956,1773949045.098
0.010999999940395355,-0.039000000804662704,1.218999981880188,1773949045.538
-0.08100000023841858,-0.03999999910593033,1.0520000457763672,1773949045.558
-0.04500000178813934,-0.02500000037252903,0.7429999709129333,1773949045.582
0.06800000369548798,0.004000000189989805,1.284999966621399,1773949045.6
0.020999999716877937,-0.0430000014603138,0.9610000252723694,1773949045.618
0.010999999940395355,-0.039000000804662704,1.218999981880188,1773949045.538
-0.08100000023841858,-0.03999999910593033,1.0520000457763672,1773949045.558
-0.04500000178813934,-0.02500000037252903,0.7429999709129333,1773949045.582
0.06800000369548798,0.004000000189989805,1.284999966621399,1773949045.6
0.020999999716877937,-0.0430000014603138,0.9610000252723694,1773949045.618
0.0820000022649765,-0.02800000086426735,1.0950000286102295,1773949046.038
-0.08500000089406967,-0.02800000086426735,1.0019999742507935,1773949046.058
-0.008999999612569809,0.017000000923871994,0.9829999804496765,1773949046.078
-0.026000000536441803,0.0,1.1089999675750732,1773949046.098
-0.029999999329447746,-0.008999999612569809,0.9589999914169312,1773949046.118
0.0820000022649765,-0.02800000086426735,1.0950000286102295,1773949046.038
-0.08500000089406967,-0.02800000086426735,1.0019999742507935,1773949046.058
-0.008999999612569809,0.017000000923871994,0.9829999804496765,1773949046.078
-0.026000000536441803,0.0,1.1089999675750732,1773949046.098
-0.029999999329447746,-0.008999999612569809,0.9589999914169312,1773949046.118
-0.0020000000949949026,-0.010999999940395355,0.7599999904632568,1773949046.558
-0.125,-0.07900000363588333,1.3140000104904175,1773949046.578
0.1120000034570694,0.061000000685453415,0.7450000047683716,1773949046.598
-0.14499999582767487,-0.09099999815225601,1.225000023841858,1773949046.618
0.13300000131130219,0.041999999433755875,1.0540000200271606,1773949046.638
-0.0020000000949949026,-0.010999999940395355,0.7599999904632568,1773949046.558
-0.125,-0.07900000363588333,1.3140000104904175,1773949046.578
0.1120000034570694,0.061000000685453415,0.7450000047683716,1773949046.598
-0.14499999582767487,-0.09099999815225601,1.225000023841858,1773949046.618
0.13300000131130219,0.041999999433755875,1.0540000200271606,1773949046.638
-0.017000000923871994,-0.0020000000949949026,0.847000002861023,1773949047.058
0.10700000077486038,0.07400000095367432,1.0609999895095825,1773949047.078
-0.013000000268220901,-0.019999999552965164,1.1959999799728394,1773949047.098
-0.004000000189989805,-0.05400000140070915,0.9419999718666077,1773949047.118
-0.08299999684095383,-0.08299999684095383,0.9350000023841858,1773949047.138
-0.017000000923871994,-0.0020000000949949026,0.847000002861023,1773949047.058
0.10700000077486038,0.07400000095367432,1.0609999895095825,1773949047.078
-0.013000000268220901,-0.019999999552965164,1.1959999799728394,1773949047.098
-0.004000000189989805,-0.05400000140070915,0.9419999718666077,1773949047.118
-0.08299999684095383,-0.08299999684095383,0.9350000023841858,1773949047.138
-0.017000000923871994,-0.0020000000949949026,0.847000002861023,1773949047.058
0.10700000077486038,0.07400000095367432,1.0609999895095825,1773949047.078
-0.013000000268220901,-0.019999999552965164,1.1959999799728394,1773949047.098
-0.004000000189989805,-0.05400000140070915,0.9419999718666077,1773949047.118
-0.08299999684095383,-0.08299999684095383,0.9350000023841858,1773949047.138
0.05400000140070915,-0.10000000149011612,1.0579999685287476,1773949047.578
0.1120000034570694,-0.004999999888241291,1.2209999561309814,1773949047.598
0.004999999888241291,-0.01600000075995922,0.8140000104904175,1773949047.618
-0.06800000369548798,-0.07800000160932541,1.156000018119812,1773949047.638
-0.08100000023841858,-0.013000000268220901,0.8320000171661377,1773949047.658
0.05400000140070915,-0.10000000149011612,1.0579999685287476,1773949047.578
0.1120000034570694,-0.004999999888241291,1.2209999561309814,1773949047.598
0.004999999888241291,-0.01600000075995922,0.8140000104904175,1773949047.618
-0.06800000369548798,-0.07800000160932541,1.156000018119812,1773949047.638
-0.08100000023841858,-0.013000000268220901,0.8320000171661377,1773949047.658
0.10199999809265137,0.019999999552965164,0.9620000123977661,1773949048.078
-0.0729999989271164,-0.054999999701976776,1.0859999656677246,1773949048.098
-0.15399999916553497,-0.01899999938905239,1.0099999904632568,1773949048.118
0.05299999937415123,0.04699999839067459,0.8849999904632568,1773949048.138
0.1379999965429306,0.006000000052154064,1.1649999618530273,1773949048.158
0.10199999809265137,0.019999999552965164,0.9620000123977661,1773949048.078
-0.0729999989271164,-0.054999999701976776,1.0859999656677246,1773949048.098
-0.15399999916553497,-0.01899999938905239,1.0099999904632568,1773949048.118
0.05299999937415123,0.04699999839067459,0.8849999904632568,1773949048.138
0.1379999965429306,0.006000000052154064,1.1649999618530273,1773949048.158
0.010999999940395355,-0.054999999701976776,1.1009999513626099,1773949048.598
-0.05400000140070915,-0.03099999949336052,1.0269999504089355,1773949048.618
-0.1459999978542328,0.04800000041723251,1.0230000019073486,1773949048.638
0.028999999165534973,0.006000000052154064,0.9229999780654907,1773949048.658
0.14900000393390656,-0.09700000286102295,1.0049999952316284,1773949048.678
0.010999999940395355,-0.054999999701976776,1.1009999513626099,1773949048.598
-0.05400000140070915,-0.03099999949336052,1.0269999504089355,1773949048.618
-0.1459999978542328,0.04800000041723251,1.0230000019073486,1773949048.638
0.028999999165534973,0.006000000052154064,0.9229999780654907,1773949048.658
0.14900000393390656,-0.09700000286102295,1.0049999952316284,1773949048.678
0.010999999940395355,-0.054999999701976776,1.1009999513626099,1773949048.598
-0.05400000140070915,-0.03099999949336052,1.0269999504089355,1773949048.618
-0.1459999978542328,0.04800000041723251,1.0230000019073486,1773949048.638
0.028999999165534973,0.006000000052154064,0.9229999780654907,1773949048.658
0.14900000393390656,-0.09700000286102295,1.0049999952316284,1773949048.678
-0.07800000160932541,0.00800000037997961,1.097000002861023,1773949049.098
0.03099999949336052,-0.04699999839067459,0.9810000061988831,1773949049.118
-0.06599999964237213,-0.04800000041723251,1.0809999704360962,1773949049.138
-0.14800000190734863,0.03799999877810478,1.0709999799728394,1773949049.158
-0.00800000037997961,0.04699999839067459,0.8709999918937683,1773949049.178
-0.07800000160932541,0.00800000037997961,1.097000002861023,1773949049.098
0.03099999949336052,-0.04699999839067459,0.9810000061988831,1773949049.118
-0.06599999964237213,-0.04800000041723251,1.0809999704360962,1773949049.138
-0.14800000190734863,0.03799999877810478,1.0709999799728394,1773949049.158
-0.00800000037997961,0.04699999839067459,0.8709999918937683,1773949049.178
0.00800000037997961,-0.05900000035762787,1.027999997138977,1773949049.598
-0.10199999809265137,0.010999999940395355,0.9789999723434448,1773949049.618
0.01899999938905239,-0.023000000044703484,1.0880000591278076,1773949049.638
-0.04500000178813934,-0.057999998331069946,0.9779999852180481,1773949049.658
-0.04500000178813934,0.02500000037252903,1.0920000076293945,1773949049.678
0.00800000037997961,-0.05900000035762787,1.027999997138977,1773949049.598
-0.10199999809265137,0.010999999940395355,0.9789999723434448,1773949049.618
0.01899999938905239,-0.023000000044703484,1.0880000591278076,1773949049.638
-0.04500000178813934,-0.057999998331069946,0.9779999852180481,1773949049.658
-0.04500000178813934,0.02500000037252903,1.0920000076293945,1773949049.678
-0.050999999046325684,-0.06499999761581421,0.925000011920929,1773949050.118
-0.04800000041723251,0.08900000154972076,1.0759999752044678,1773949050.138
0.10100000351667404,-0.10300000011920929,1.0709999799728394,1773949050.158
-0.06300000101327896,-0.006000000052154064,1.0640000104904175,1773949050.178
-0.06499999761581421,0.00800000037997961,0.949999988079071,1773949050.198
-0.050999999046325684,-0.06499999761581421,0.925000011920929,1773949050.118
-0.04800000041723251,0.08900000154972076,1.0759999752044678,1773949050.138
0.10100000351667404,-0.10300000011920929,1.0709999799728394,1773949050.158
-0.06300000101327896,-0.006000000052154064,1.0640000104904175,1773949050.178
-0.06499999761581421,0.00800000037997961,0.949999988079071,1773949050.198
-0.23499999940395355,0.12399999797344208,0.8019999861717224,1773949050.618
0.14800000190734863,-0.13699999451637268,1.1130000352859497,1773949050.638
-0.14900000393390656,0.05000000074505806,0.9739999771118164,1773949050.658
-0.03200000151991844,-0.04600000008940697,1.059000015258789,1773949050.678
-0.07500000298023224,0.039000000804662704,1.0069999694824219,1773949050.698
-0.23499999940395355,0.12399999797344208,0.8019999861717224,1773949050.618
0.14800000190734863,-0.13699999451637268,1.1130000352859497,1773949050.638
-0.14900000393390656,0.05000000074505806,0.9739999771118164,1773949050.658
-0.03200000151991844,-0.04600000008940697,1.059000015258789,1773949050.678
-0.07500000298023224,0.039000000804662704,1.0069999694824219,1773949050.698
-0.07400000095367432,0.07199999690055847,0.8849999904632568,1773949051.138
-0.06800000369548798,0.03099999949336052,0.8970000147819519,1773949051.158
-0.007000000216066837,0.05400000140070915,1.0880000591278076,1773949051.178
0.023000000044703484,-0.039000000804662704,0.9259999990463257,1773949051.198
-0.11800000071525574,0.008999999612569809,1.0850000381469727,1773949051.218
-0.07400000095367432,0.07199999690055847,0.8849999904632568,1773949051.138
-0.06800000369548798,0.03099999949336052,0.8970000147819519,1773949051.158
-0.007000000216066837,0.05400000140070915,1.0880000591278076,1773949051.178
0.023000000044703484,-0.039000000804662704,0.9259999990463257,1773949051.198
-0.11800000071525574,0.008999999612569809,1.0850000381469727,1773949051.218
0.0020000000949949026,-0.03400000184774399,0.9980000257492065,1773949051.638
-0.1379999965429306,-0.017999999225139618,1.0820000171661377,1773949051.658
-0.08100000023841858,0.017000000923871994,0.9649999737739563,1773949051.678
0.07599999755620956,0.028999999165534973,1.0670000314712524,1773949051.698
0.04100000113248825,-0.017999999225139618,0.953000009059906,1773949051.718
0.0020000000949949026,-0.03400000184774399,0.9980000257492065,1773949051.638
-0.1379999965429306,-0.017999999225139618,1.0820000171661377,1773949051.658
-0.08100000023841858,0.017000000923871994,0.9649999737739563,1773949051.678
0.07599999755620956,0.028999999165534973,1.0670000314712524,1773949051.698
0.04100000113248825,-0.017999999225139618,0.953000009059906,1773949051.718
0.0020000000949949026,-0.03400000184774399,0.9980000257492065,1773949051.638
-0.1379999965429306,-0.017999999225139618,1.0820000171661377,1773949051.658
-0.08100000023841858,0.017000000923871994,0.9649999737739563,1773949051.678
0.07599999755620956,0.028999999165534973,1.0670000314712524,1773949051.698
0.04100000113248825,-0.017999999225139618,0.953000009059906,1773949051.718
-0.06599999964237213,-0.003000000026077032,1.2369999885559082,1773949052.158
-0.1080000028014183,-0.07999999821186066,1.0099999904632568,1773949052.178
-0.04800000041723251,0.01600000075995922,0.9300000071525574,1773949052.198
0.09700000286102295,0.0,1.1059999465942383,1773949052.218
-0.02199999988079071,-0.05299999937415123,1.0049999952316284,1773949052.238
-0.06599999964237213,-0.003000000026077032,1.2369999885559082,1773949052.158
-0.1080000028014183,-0.07999999821186066,1.0099999904632568,1773949052.178
-0.04800000041723251,0.01600000075995922,0.9300000071525574,1773949052.198
0.09700000286102295,0.0,1.1059999465942383,1773949052.218
-0.02199999988079071,-0.05299999937415123,1.0049999952316284,1773949052.238
-0.06599999964237213,-0.003000000026077032,1.2369999885559082,1773949052.158
-0.1080000028014183,-0.07999999821186066,1.0099999904632568,1773949052.178
-0.04800000041723251,0.01600000075995922,0.9300000071525574,1773949052.198
0.09700000286102295,0.0,1.1059999465942383,1773949052.218
-0.02199999988079071,-0.05299999937415123,1.0049999952316284,1773949052.238
0.061000000685453415,-0.07500000298023224,1.121999979019165,1773949052.658
0.017000000923871994,0.0430000014603138,1.034999966621399,1773949052.678
-0.10899999737739563,-0.09799999743700027,0.8450000286102295,1773949052.698
0.019999999552965164,-0.004000000189989805,1.128999948501587,1773949052.718
0.024000000208616257,-0.054999999701976776,1.0889999866485596,1773949052.738
0.061000000685453415,-0.07500000298023224,1.121999979019165,1773949052.658
0.017000000923871994,0.0430000014603138,1.034999966621399,1773949052.678
-0.10899999737739563,-0.09799999743700027,0.8450000286102295,1773949052.698
0.019999999552965164,-0.004000000189989805,1.128999948501587,1773949052.718
0.024000000208616257,-0.054999999701976776,1.0889999866485596,1773949052.738
0.04699999839067459,0.050999999046325684,1.128000020980835,1773949053.178
0.07000000029802322,0.019999999552965164,0.9679999947547913,1773949053.198
-0.035999998450279236,-0.003000000026077032,0.8939999938011169,1773949053.218
0.04800000041723251,0.03200000151991844,1.184999942779541,1773949053.238
0.0820000022649765,0.054999999701976776,0.9940000176429749,1773949053.258
0.04699999839067459,0.050999999046325684,1.128000020980835,1773949053.178
0.07000000029802322,0.019999999552965164,0.9679999947547913,1773949053.198
-0.035999998450279236,-0.003000000026077032,0.8939999938011169,1773949053.218
0.04800000041723251,0.03200000151991844,1.184999942779541,1773949053.238
0.0820000022649765,0.054999999701976776,0.9940000176429749,1773949053.258
0.04699999839067459,0.050999999046325684,1.128000020980835,1773949053.178
0.07000000029802322,0.019999999552965164,0.9679999947547913,1773949053.198
-0.035999998450279236,-0.003000000026077032,0.8939999938011169,1773949053.218
0.04800000041723251,0.03200000151991844,1.184999942779541,1773949053.238
0.0820000022649765,0.054999999701976776,0.9940000176429749,1773949053.258
0.0729999989271164,0.04500000178813934,1.2200000286102295,1773949053.678
0.009999999776482582,-0.014000000432133675,0.7070000171661377,1773949053.698
-0.10400000214576721,-0.03200000151991844,0.9610000252723694,1773949053.718
0.017999999225139618,0.013000000268220901,1.1619999408721924,1773949053.738
0.008999999612569809,-0.004999999888241291,0.9169999957084656,1773949053.758
0.0729999989271164,0.04500000178813934,1.2200000286102295,1773949053.678
0.009999999776482582,-0.014000000432133675,0.7070000171661377,1773949053.698
-0.10400000214576721,-0.03200000151991844,0.9610000252723694,1773949053.718
0.017999999225139618,0.013000000268220901,1.1619999408721924,1773949053.738
0.008999999612569809,-0.004999999888241291,0.9169999957084656,1773949053.758
0.0729999989271164,0.04500000178813934,1.2200000286102295,1773949053.678
0.009999999776482582,-0.014000000432133675,0.7070000171661377,1773949053.698
-0.10400000214576721,-0.03200000151991844,0.9610000252723694,1773949053.718
0.017999999225139618,0.013000000268220901,1.1619999408721924,1773949053.738
0.008999999612569809,-0.004999999888241291,0.9169999957084656,1773949053.758
-0.024000000208616257,0.02800000086426735,1.059999942779541,1773949054.202
0.05999999865889549,-0.017000000923871994,1.1369999647140503,1773949054.221
0.02199999988079071,0.04800000041723251,0.800000011920929,1773949054.238
-0.04600000008940697,-0.054999999701976776,1.159000039100647,1773949054.258
0.07400000095367432,-0.00800000037997961,0.9620000123977661,1773949054.278
-0.024000000208616257,0.02800000086426735,1.059999942779541,1773949054.202
0.05999999865889549,-0.017000000923871994,1.1369999647140503,1773949054.221
0.02199999988079071,0.04800000041723251,0.800000011920929,1773949054.238
-0.04600000008940697,-0.054999999701976776,1.159000039100647,1773949054.258
0.07400000095367432,-0.00800000037997961,0.9620000123977661,1773949054.278
0.1940000057220459,0.14900000393390656,0.7409999966621399,1773949054.698
-0.1889999955892563,-0.13899999856948853,1.2230000495910645,1773949054.718
0.25699999928474426,0.18299999833106995,0.8550000190734863,1773949054.738
-0.15000000596046448,-0.1379999965429306,1.225000023841858,1773949054.758
0.1340000033378601,0.15600000321865082,0.6299999952316284,1773949054.779
0.1940000057220459,0.14900000393390656,0.7409999966621399,1773949054.698
-0.1889999955892563,-0.13899999856948853,1.2230000495910645,1773949054.718
0.25699999928474426,0.18299999833106995,0.8550000190734863,1773949054.738
-0.15000000596046448,-0.1379999965429306,1.225000023841858,1773949054.758
0.1340000033378601,0.15600000321865082,0.6299999952316284,1773949054.779
0.03799999877810478,0.012000000104308128,1.1380000114440918,1773949055.218
0.06700000166893005,-0.017999999225139618,0.953000009059906,1773949055.238
-0.05999999865889549,-0.024000000208616257,0.9480000138282776,1773949055.262
-0.07400000095367432,0.026000000536441803,1.1160000562667847,1773949055.28
0.02500000037252903,-0.04600000008940697,0.9309999942779541,1773949055.298
0.03799999877810478,0.012000000104308128,1.1380000114440918,1773949055.218
0.06700000166893005,-0.017999999225139618,0.953000009059906,1773949055.238
-0.05999999865889549,-0.024000000208616257,0.9480000138282776,1773949055.262
-0.07400000095367432,0.026000000536441803,1.1160000562667847,1773949055.28
0.02500000037252903,-0.04600000008940697,0.9309999942779541,1773949055.298
0.03799999877810478,0.012000000104308128,1.1380000114440918,1773949055.218
0.06700000166893005,-0.017999999225139618,0.953000009059906,1773949055.238
-0.05999999865889549,-0.024000000208616257,0.9480000138282776,1773949055.262
-0.07400000095367432,0.026000000536441803,1.1160000562667847,1773949055.28
0.02500000037252903,-0.04600000008940697,0.9309999942779541,1773949055.298
-0.05400000140070915,-0.004999999888241291,0.9179999828338623,1773949055.718
-0.02800000086426735,-0.00800000037997961,1.0679999589920044,1773949055.738
-0.054999999701976776,0.02199999988079071,0.8349999785423279,1773949055.758
-0.07000000029802322,-0.054999999701976776,1.0149999856948853,1773949055.778
0.017999999225139618,-0.026000000536441803,1.0950000286102295,1773949055.798
-0.05400000140070915,-0.004999999888241291,0.9179999828338623,1773949055.718
-0.02800000086426735,-0.00800000037997961,1.0679999589920044,1773949055.738
-0.054999999701976776,0.02199999988079071,0.8349999785423279,1773949055.758
-0.07000000029802322,-0.054999999701976776,1.0149999856948853,1773949055.778
0.017999999225139618,-0.026000000536441803,1.0950000286102295,1773949055.798
-0.05400000140070915,-0.004999999888241291,0.9179999828338623,1773949055.718
-0.02800000086426735,-0.00800000037997961,1.0679999589920044,1773949055.738
-0.054999999701976776,0.02199999988079071,0.8349999785423279,1773949055.758
-0.07000000029802322,-0.054999999701976776,1.0149999856948853,1773949055.778
0.017999999225139618,-0.026000000536441803,1.0950000286102295,1773949055.798
0.12399999797344208,0.019999999552965164,1.1549999713897705,1773949056.238
0.004999999888241291,-0.004999999888241291,0.7960000038146973,1773949056.258
-0.13500000536441803,-0.05400000140070915,1.156000018119812,1773949056.284
-0.02199999988079071,-0.04699999839067459,0.9789999723434448,1773949056.301
0.008999999612569809,-0.08500000089406967,0.996999979019165,1773949056.32
0.12399999797344208,0.019999999552965164,1.1549999713897705,1773949056.238
0.004999999888241291,-0.004999999888241291,0.7960000038146973,1773949056.258
-0.13500000536441803,-0.05400000140070915,1.156000018119812,1773949056.284
-0.02199999988079071,-0.04699999839067459,0.9789999723434448,1773949056.301
0.008999999612569809,-0.08500000089406967,0.996999979019165,1773949056.32
0.00800000037997961,0.035999998450279236,1.1629999876022339,1773949056.738
0.023000000044703484,0.010999999940395355,0.8629999756813049,1773949056.758
0.03999999910593033,-0.017999999225139618,1.090999960899353,1773949056.778
0.02199999988079071,0.02500000037252903,0.9599999785423279,1773949056.798
-0.09200000017881393,0.012000000104308128,0.878000020980835,1773949056.818
0.00800000037997961,0.035999998450279236,1.1629999876022339,1773949056.738
0.023000000044703484,0.010999999940395355,0.8629999756813049,1773949056.758
0.03999999910593033,-0.017999999225139618,1.090999960899353,1773949056.778
0.02199999988079071,0.02500000037252903,0.9599999785423279,1773949056.798
-0.09200000017881393,0.012000000104308128,0.878000020980835,1773949056.818
0.00800000037997961,0.035999998450279236,1.1629999876022339,1773949056.738
0.023000000044703484,0.010999999940395355,0.8629999756813049,1773949056.758
0.03999999910593033,-0.017999999225139618,1.090999960899353,1773949056.778
0.02199999988079071,0.02500000037252903,0.9599999785423279,1773949056.798
-0.09200000017881393,0.012000000104308128,0.878000020980835,1773949056.818
-0.03400000184774399,-0.013000000268220901,0.8830000162124634,1773949057.258
-0.023000000044703484,0.02199999988079071,1.11899995803833,1773949057.278
-0.057999998331069946,-0.013000000268220901,0.9559999704360962,1773949057.298
0.06400000303983688,0.02199999988079071,1.1119999885559082,1773949057.318
0.014999999664723873,0.004000000189989805,1.0470000505447388,1773949057.338
-0.03400000184774399,-0.013000000268220901,0.8830000162124634,1773949057.258
-0.023000000044703484,0.02199999988079071,1.11899995803833,1773949057.278
-0.057999998331069946,-0.013000000268220901,0.9559999704360962,1773949057.298
0.06400000303983688,0.02199999988079071,1.1119999885559082,1773949057.318
0.014999999664723873,0.004000000189989805,1.0470000505447388,1773949057.338
-0.028999999165534973,0.050999999046325684,1.0369999408721924,1773949057.758
-0.05000000074505806,0.014000000432133675,0.8529999852180481,1773949057.778
-0.054999999701976776,-0.013000000268220901,1.0460000038146973,1773949057.798
-0.04899999871850014,-0.007000000216066837,0.996999979019165,1773949057.818
0.17399999499320984,0.05000000074505806,1.0329999923706055,1773949057.838
-0.028999999165534973,0.050999999046325684,1.0369999408721924,1773949057.758
-0.05000000074505806,0.014000000432133675,0.8529999852180481,1773949057.778
-0.054999999701976776,-0.013000000268220901,1.0460000038146973,1773949057.798
-0.04899999871850014,-0.007000000216066837,0.996999979019165,1773949057.818
0.17399999499320984,0.05000000074505806,1.0329999923706055,1773949057.838
0.04100000113248825,-0.656000018119812,1.4600000381469727,1773949058.278
0.7269999980926514,-1.569000005722046,0.843999981880188,1773949058.298
0.37700000405311584,-0.2939999997615814,0.9580000042915344,1773949058.318
-0.6190000176429749,0.35499998927116394,1.4839999675750732,1773949058.338
0.28600001335144043,0.20399999618530273,0.6489999890327454,1773949058.358
0.04100000113248825,-0.656000018119812,1.4600000381469727,1773949058.278
0.7269999980926514,-1.569000005722046,0.843999981880188,1773949058.298
0.37700000405311584,-0.2939999997615814,0.9580000042915344,1773949058.318
-0.6190000176429749,0.35499998927116394,1.4839999675750732,1773949058.338
0.28600001335144043,0.20399999618530273,0.6489999890327454,1773949058.358
0.04100000113248825,-0.656000018119812,1.4600000381469727,1773949058.278
0.7269999980926514,-1.569000005722046,0.843999981880188,1773949058.298
0.37700000405311584,-0.2939999997615814,0.9580000042915344,1773949058.318
-0.6190000176429749,0.35499998927116394,1.4839999675750732,1773949058.338
0.28600001335144043,0.20399999618530273,0.6489999890327454,1773949058.358
0.08399999886751175,-0.05000000074505806,1.0670000314712524,1773949058.779
0.07400000095367432,-0.028999999165534973,1.0640000104904175,1773949058.798
-0.06300000101327896,0.26100000739097595,1.062000036239624,1773949058.818
0.03700000047683716,-0.12700000405311584,0.6700000166893005,1773949058.838
-0.006000000052154064,0.14800000190734863,0.722000002861023,1773949058.858
0.08399999886751175,-0.05000000074505806,1.0670000314712524,1773949058.779
0.07400000095367432,-0.028999999165534973,1.0640000104904175,1773949058.798
-0.06300000101327896,0.26100000739097595,1.062000036239624,1773949058.818
0.03700000047683716,-0.12700000405311584,0.6700000166893005,1773949058.838
-0.006000000052154064,0.14800000190734863,0.722000002861023,1773949058.858
0.08399999886751175,-0.05000000074505806,1.0670000314712524,1773949058.779
0.07400000095367432,-0.028999999165534973,1.0640000104904175,1773949058.798
-0.06300000101327896,0.26100000739097595,1.062000036239624,1773949058.818
0.03700000047683716,-0.12700000405311584,0.6700000166893005,1773949058.838
-0.006000000052154064,0.14800000190734863,0.722000002861023,1773949058.858
-0.01899999938905239,0.23199999332427979,1.0049999952316284,1773949059.298
-0.020999999716877937,0.17800000309944153,0.996999979019165,1773949059.318
-0.017000000923871994,0.1979999989271164,0.9990000128746033,1773949059.338
-0.03200000151991844,0.1850000023841858,0.9789999723434448,1773949059.358
-0.02800000086426735,0.20800000429153442,0.9829999804496765,1773949059.379
-0.01899999938905239,0.23199999332427979,1.0049999952316284,1773949059.298
-0.020999999716877937,0.17800000309944153,0.996999979019165,1773949059.318
-0.017000000923871994,0.1979999989271164,0.9990000128746033,1773949059.338
-0.03200000151991844,0.1850000023841858,0.9789999723434448,1773949059.358
-0.02800000086426735,0.20800000429153442,0.9829999804496765,1773949059.379
0.007000000216066837,0.16500000655651093,0.968999981880188,1773949059.798
-0.04500000178813934,0.21899999678134918,0.8970000147819519,1773949059.818
-0.027000000700354576,0.2199999988079071,1.065999984741211,1773949059.838
-0.02500000037252903,0.22699999809265137,1.0269999504089355,1773949059.858
-0.006000000052154064,0.17399999499320984,0.9620000123977661,1773949059.878
0.007000000216066837,0.16500000655651093,0.968999981880188,1773949059.798
-0.04500000178813934,0.21899999678134918,0.8970000147819519,1773949059.818
-0.027000000700354576,0.2199999988079071,1.065999984741211,1773949059.838
-0.02500000037252903,0.22699999809265137,1.0269999504089355,1773949059.858
-0.006000000052154064,0.17399999499320984,0.9620000123977661,1773949059.878
0.007000000216066837,0.16500000655651093,0.968999981880188,1773949059.798
-0.04500000178813934,0.21899999678134918,0.8970000147819519,1773949059.818
-0.027000000700354576,0.2199999988079071,1.065999984741211,1773949059.838
-0.02500000037252903,0.22699999809265137,1.0269999504089355,1773949059.858
-0.006000000052154064,0.17399999499320984,0.9620000123977661,1773949059.878
0.05000000074505806,-0.17900000512599945,1.5729999542236328,1773949060.298
-0.012000000104308128,0.13199999928474426,0.546999990940094,1773949060.318
-0.0860000029206276,0.20900000631809235,1.3279999494552612,1773949060.338
0.023000000044703484,0.07900000363588333,0.8309999704360962,1773949060.358
0.054999999701976776,0.1379999965429306,1.1230000257492065,1773949060.384
0.05000000074505806,-0.17900000512599945,1.5729999542236328,1773949060.298
-0.012000000104308128,0.13199999928474426,0.546999990940094,1773949060.318
-0.0860000029206276,0.20900000631809235,1.3279999494552612,1773949060.338
0.023000000044703484,0.07900000363588333,0.8309999704360962,1773949060.358
0.054999999701976776,0.1379999965429306,1.1230000257492065,1773949060.384
0.05000000074505806,-0.17900000512599945,1.5729999542236328,1773949060.298
-0.012000000104308128,0.13199999928474426,0.546999990940094,1773949060.318
-0.0860000029206276,0.20900000631809235,1.3279999494552612,1773949060.338
0.023000000044703484,0.07900000363588333,0.8309999704360962,1773949060.358
0.054999999701976776,0.1379999965429306,1.1230000257492065,1773949060.384
0.014000000432133675,0.07500000298023224,0.9950000047683716,1773949060.818
-0.04100000113248825,-0.057999998331069946,1.0410000085830688,1773949060.838
0.008999999612569809,-0.14499999582767487,1.0230000019073486,1773949060.858
-0.014000000432133675,-0.06700000166893005,0.9750000238418579,1773949060.878
-0.050999999046325684,-0.12800000607967377,1.069000005722046,1773949060.898
0.014000000432133675,0.07500000298023224,0.9950000047683716,1773949060.818
-0.04100000113248825,-0.057999998331069946,1.0410000085830688,1773949060.838
0.008999999612569809,-0.14499999582767487,1.0230000019073486,1773949060.858
-0.014000000432133675,-0.06700000166893005,0.9750000238418579,1773949060.878
-0.050999999046325684,-0.12800000607967377,1.069000005722046,1773949060.898
-0.04100000113248825,0.3199999928474426,0.5490000247955322,1773949061.338
-0.0860000029206276,0.26100000739097595,0.7379999756813049,1773949061.358
-0.05999999865889549,0.26600000262260437,0.8360000252723694,1773949061.382
0.050999999046325684,0.11400000005960464,1.2740000486373901,1773949061.4
-0.014000000432133675,0.2549999952316284,1.4199999570846558,1773949061.418
-0.04100000113248825,0.3199999928474426,0.5490000247955322,1773949061.338
-0.0860000029206276,0.26100000739097595,0.7379999756813049,1773949061.358
-0.05999999865889549,0.26600000262260437,0.8360000252723694,1773949061.382
0.050999999046325684,0.11400000005960464,1.2740000486373901,1773949061.4
-0.014000000432133675,0.2549999952316284,1.4199999570846558,1773949061.418
-0.04100000113248825,0.3199999928474426,0.5490000247955322,1773949061.338
-0.0860000029206276,0.26100000739097595,0.7379999756813049,1773949061.358
-0.05999999865889549,0.26600000262260437,0.8360000252723694,1773949061.382
0.050999999046325684,0.11400000005960464,1.2740000486373901,1773949061.4
-0.014000000432133675,0.2549999952316284,1.4199999570846558,1773949061.418
-0.02500000037252903,0.0949999988079071,0.921999990940094,1773949061.838
-0.028999999165534973,0.35199999809265137,1.0679999589920044,1773949061.858
-0.013000000268220901,0.15399999916553497,1.031000018119812,1773949061.879
-0.035999998450279236,0.1979999989271164,0.9660000205039978,1773949061.898
-0.050999999046325684,0.10999999940395355,0.968999981880188,1773949061.918
-0.02500000037252903,0.0949999988079071,0.921999990940094,1773949061.838
-0.028999999165534973,0.35199999809265137,1.0679999589920044,1773949061.858
-0.013000000268220901,0.15399999916553497,1.031000018119812,1773949061.879
-0.035999998450279236,0.1979999989271164,0.9660000205039978,1773949061.898
-0.050999999046325684,0.10999999940395355,0.968999981880188,1773949061.918
0.004000000189989805,0.11900000274181366,1.0,1773949062.358
-0.019999999552965164,0.1420000046491623,1.0010000467300415,1773949062.383
-0.02500000037252903,0.10700000077486038,1.0149999856948853,1773949062.399
-0.01600000075995922,-0.004999999888241291,1.027999997138977,1773949062.418
-0.019999999552965164,-0.009999999776482582,1.0119999647140503,1773949062.438
0.004000000189989805,0.11900000274181366,1.0,1773949062.358
-0.019999999552965164,0.1420000046491623,1.0010000467300415,1773949062.383
-0.02500000037252903,0.10700000077486038,1.0149999856948853,1773949062.399
-0.01600000075995922,-0.004999999888241291,1.027999997138977,1773949062.418
-0.019999999552965164,-0.009999999776482582,1.0119999647140503,1773949062.438
0.004000000189989805,0.11900000274181366,1.0,1773949062.358
-0.019999999552965164,0.1420000046491623,1.0010000467300415,1773949062.383
-0.02500000037252903,0.10700000077486038,1.0149999856948853,1773949062.399
-0.01600000075995922,-0.004999999888241291,1.027999997138977,1773949062.418
-0.019999999552965164,-0.009999999776482582,1.0119999647140503,1773949062.438
-0.01600000075995922,0.004000000189989805,1.0160000324249268,1773949062.858
-0.01600000075995922,0.004000000189989805,1.0160000324249268,1773949062.879
-0.019999999552965164,0.006000000052154064,1.0130000114440918,1773949062.898
-0.01600000075995922,0.006000000052154064,1.0160000324249268,1773949062.918
-0.019999999552965164,0.003000000026077032,1.0169999599456787,1773949062.938
-0.01600000075995922,0.004000000189989805,1.0160000324249268,1773949062.858
-0.01600000075995922,0.004000000189989805,1.0160000324249268,1773949062.879
-0.019999999552965164,0.006000000052154064,1.0130000114440918,1773949062.898
-0.01600000075995922,0.006000000052154064,1.0160000324249268,1773949062.918
-0.019999999552965164,0.003000000026077032,1.0169999599456787,1773949062.938
-0.01600000075995922,0.004000000189989805,1.0160000324249268,1773949062.858
-0.01600000075995922,0.004000000189989805,1.0160000324249268,1773949062.879
-0.019999999552965164,0.006000000052154064,1.0130000114440918,1773949062.898
-0.01600000075995922,0.006000000052154064,1.0160000324249268,1773949062.918
-0.019999999552965164,0.003000000026077032,1.0169999599456787,1773949062.938
-0.01600000075995922,0.004000000189989805,1.0169999599456787,1773949063.383
-0.017999999225139618,0.004999999888241291,1.0160000324249268,1773949063.4
-0.017999999225139618,0.004000000189989805,1.0140000581741333,1773949063.418
-0.019999999552965164,0.004000000189989805,1.0099999904632568,1773949063.438
-0.01600000075995922,0.006000000052154064,1.0190000534057617,1773949063.458
-0.01600000075995922,0.004000000189989805,1.0169999599456787,1773949063.383
-0.017999999225139618,0.004999999888241291,1.0160000324249268,1773949063.4
-0.017999999225139618,0.004000000189989805,1.0140000581741333,1773949063.418
-0.019999999552965164,0.004000000189989805,1.0099999904632568,1773949063.438
-0.01600000075995922,0.006000000052154064,1.0190000534057617,1773949063.458
-0.03099999949336052,-0.006000000052154064,1.0219999551773071,1773949063.879
-0.026000000536441803,0.014000000432133675,1.0210000276565552,1773949063.898
0.004000000189989805,0.03099999949336052,1.0169999599456787,1773949063.918
0.003000000026077032,0.024000000208616257,1.0080000162124634,1773949063.938
-0.04800000041723251,-0.02199999988079071,1.0479999780654907,1773949063.958
-0.03099999949336052,-0.006000000052154064,1.0219999551773071,1773949063.879
-0.026000000536441803,0.014000000432133675,1.0210000276565552,1773949063.898
0.004000000189989805,0.03099999949336052,1.0169999599456787,1773949063.918
0.003000000026077032,0.024000000208616257,1.0080000162124634,1773949063.938
-0.04800000041723251,-0.02199999988079071,1.0479999780654907,1773949063.958
0.003000000026077032,-0.013000000268220901,1.0010000467300415,1773949064.378
0.020999999716877937,0.017999999225139618,1.0160000324249268,1773949064.398
0.03700000047683716,-0.0020000000949949026,1.0210000276565552,1773949064.418
0.0020000000949949026,-0.019999999552965164,1.0740000009536743,1773949064.438
-0.027000000700354576,-0.009999999776482582,0.9869999885559082,1773949064.458
0.003000000026077032,-0.013000000268220901,1.0010000467300415,1773949064.378
0.020999999716877937,0.017999999225139618,1.0160000324249268,1773949064.398
0.03700000047683716,-0.0020000000949949026,1.0210000276565552,1773949064.418
0.0020000000949949026,-0.019999999552965164,1.0740000009536743,1773949064.438
-0.027000000700354576,-0.009999999776482582,0.9869999885559082,1773949064.458
0.003000000026077032,-0.013000000268220901,1.0010000467300415,1773949064.378
0.020999999716877937,0.017999999225139618,1.0160000324249268,1773949064.398
0.03700000047683716,-0.0020000000949949026,1.0210000276565552,1773949064.418
0.0020000000949949026,-0.019999999552965164,1.0740000009536743,1773949064.438
-0.027000000700354576,-0.009999999776482582,0.9869999885559082,1773949064.458
0.020999999716877937,0.020999999716877937,1.0190000534057617,1773949064.898
-0.04399999976158142,0.009999999776482582,1.0299999713897705,1773949064.918
-0.02500000037252903,0.01600000075995922,0.9750000238418579,1773949064.938
0.00800000037997961,-0.0010000000474974513,1.0210000276565552,1773949064.958
-0.014999999664723873,-0.017000000923871994,1.003000020980835,1773949064.984
0.020999999716877937,0.020999999716877937,1.0190000534057617,1773949064.898
-0.04399999976158142,0.009999999776482582,1.0299999713897705,1773949064.918
-0.02500000037252903,0.01600000075995922,0.9750000238418579,1773949064.938
0.00800000037997961,-0.0010000000474974513,1.0210000276565552,1773949064.958
-0.014999999664723873,-0.017000000923871994,1.003000020980835,1773949064.984
0.13500000536441803,0.164000004529953,0.6850000023841858,1773949065.418
-0.14399999380111694,-0.16200000047683716,1.3289999961853027,1773949065.438
0.0949999988079071,0.0989999994635582,0.7039999961853027,1773949065.458
-0.16599999368190765,-0.05299999937415123,1.284999966621399,1773949065.478
0.07900000363588333,0.09799999743700027,0.8169999718666077,1773949065.498
0.13500000536441803,0.164000004529953,0.6850000023841858,1773949065.418
-0.14399999380111694,-0.16200000047683716,1.3289999961853027,1773949065.438
0.0949999988079071,0.0989999994635582,0.7039999961853027,1773949065.458
-0.16599999368190765,-0.05299999937415123,1.284999966621399,1773949065.478
0.07900000363588333,0.09799999743700027,0.8169999718666077,1773949065.498
0.13500000536441803,0.164000004529953,0.6850000023841858,1773949065.418
-0.14399999380111694,-0.16200000047683716,1.3289999961853027,1773949065.438
0.0949999988079071,0.0989999994635582,0.7039999961853027,1773949065.458
-0.16599999368190765,-0.05299999937415123,1.284999966621399,1773949065.478
0.07900000363588333,0.09799999743700027,0.8169999718666077,1773949065.498
-0.027000000700354576,0.012000000104308128,1.0529999732971191,1773949065.918
-0.06800000369548798,0.023000000044703484,0.9869999885559082,1773949065.938
-0.054999999701976776,0.003000000026077032,1.031999945640564,1773949065.958
-0.04699999839067459,0.010999999940395355,1.0119999647140503,1773949065.978
0.0,-0.035999998450279236,1.0290000438690186,1773949065.998
-0.027000000700354576,0.012000000104308128,1.0529999732971191,1773949065.918
-0.06800000369548798,0.023000000044703484,0.9869999885559082,1773949065.938
-0.054999999701976776,0.003000000026077032,1.031999945640564,1773949065.958
-0.04699999839067459,0.010999999940395355,1.0119999647140503,1773949065.978
0.0,-0.035999998450279236,1.0290000438690186,1773949065.998
-0.027000000700354576,0.012000000104308128,1.0529999732971191,1773949065.918
-0.06800000369548798,0.023000000044703484,0.9869999885559082,1773949065.938
-0.054999999701976776,0.003000000026077032,1.031999945640564,1773949065.958
-0.04699999839067459,0.010999999940395355,1.0119999647140503,1773949065.978
0.0,-0.035999998450279236,1.0290000438690186,1773949065.998
-0.01600000075995922,-0.0020000000949949026,1.0180000066757202,1773949066.438
-0.017000000923871994,-0.0020000000949949026,1.0180000066757202,1773949066.458
-0.01600000075995922,-0.007000000216066837,1.0160000324249268,1773949066.478
-0.01600000075995922,-0.0,1.0210000276565552,1773949066.498
-0.017000000923871994,-0.006000000052154064,1.0160000324249268,1773949066.518
-0.01600000075995922,-0.0020000000949949026,1.0180000066757202,1773949066.438
-0.017000000923871994,-0.0020000000949949026,1.0180000066757202,1773949066.458
-0.01600000075995922,-0.007000000216066837,1.0160000324249268,1773949066.478
-0.01600000075995922,-0.0,1.0210000276565552,1773949066.498
-0.017000000923871994,-0.006000000052154064,1.0160000324249268,1773949066.518
-0.01600000075995922,-0.003000000026077032,1.0180000066757202,1773949066.938
-0.019999999552965164,-0.0020000000949949026,1.0149999856948853,1773949066.958
-0.01899999938905239,-0.003000000026077032,1.0140000581741333,1773949066.978
-0.014999999664723873,-0.0010000000474974513,1.0160000324249268,1773949066.998
-0.017999999225139618,-0.003000000026077032,1.0219999551773071,1773949067.018
-0.01600000075995922,-0.003000000026077032,1.0180000066757202,1773949066.938
-0.019999999552965164,-0.0020000000949949026,1.0149999856948853,1773949066.958
-0.01899999938905239,-0.003000000026077032,1.0140000581741333,1773949066.978
-0.014999999664723873,-0.0010000000474974513,1.0160000324249268,1773949066.998
-0.017999999225139618,-0.003000000026077032,1.0219999551773071,1773949067.018
-0.01600000075995922,-0.003000000026077032,1.0180000066757202,1773949066.938
-0.019999999552965164,-0.0020000000949949026,1.0149999856948853,1773949066.958
-0.01899999938905239,-0.003000000026077032,1.0140000581741333,1773949066.978
-0.014999999664723873,-0.0010000000474974513,1.0160000324249268,1773949066.998
-0.017999999225139618,-0.003000000026077032,1.0219999551773071,1773949067.018
-0.014000000432133675,-0.004000000189989805,1.0149999856948853,1773949067.458
-0.014999999664723873,-0.006000000052154064,1.0190000534057617,1773949067.478
-0.017000000923871994,0.0010000000474974513,1.0130000114440918,1773949067.498
-0.017000000923871994,-0.003000000026077032,1.0160000324249268,1773949067.52
-0.014000000432133675,-0.003000000026077032,1.0169999599456787,1773949067.538
-0.014000000432133675,-0.004000000189989805,1.0149999856948853,1773949067.458
-0.014999999664723873,-0.006000000052154064,1.0190000534057617,1773949067.478
-0.017000000923871994,0.0010000000474974513,1.0130000114440918,1773949067.498
-0.017000000923871994,-0.003000000026077032,1.0160000324249268,1773949067.52
-0.014000000432133675,-0.003000000026077032,1.0169999599456787,1773949067.538
-0.014000000432133675,-0.004000000189989805,1.0149999856948853,1773949067.458
-0.014999999664723873,-0.006000000052154064,1.0190000534057617,1773949067.478
-0.017000000923871994,0.0010000000474974513,1.0130000114440918,1773949067.498
-0.017000000923871994,-0.003000000026077032,1.0160000324249268,1773949067.52
-0.014000000432133675,-0.003000000026077032,1.0169999599456787,1773949067.538
-0.014999999664723873,-0.004000000189989805,1.0160000324249268,1773949067.962
-0.013000000268220901,-0.004000000189989805,1.0190000534057617,1773949067.982
-0.017000000923871994,-0.0010000000474974513,1.0199999809265137,1773949067.999
-0.01600000075995922,0.0,1.0140000581741333,1773949068.018
-0.017999999225139618,0.0010000000474974513,1.0169999599456787,1773949068.038
-0.014999999664723873,-0.004000000189989805,1.0160000324249268,1773949067.962
-0.013000000268220901,-0.004000000189989805,1.0190000534057617,1773949067.982
-0.017000000923871994,-0.0010000000474974513,1.0199999809265137,1773949067.999
-0.01600000075995922,0.0,1.0140000581741333,1773949068.018
-0.017999999225139618,0.0010000000474974513,1.0169999599456787,1773949068.038
-0.017000000923871994,-0.0020000000949949026,1.0119999647140503,1773949068.478
-0.014999999664723873,-0.0010000000474974513,1.0119999647140503,1773949068.498
-0.017999999225139618,-0.003000000026077032,1.0160000324249268,1773949068.518
-0.019999999552965164,0.0,1.0130000114440918,1773949068.538
-0.017999999225139618,0.0020000000949949026,1.0169999599456787,1773949068.558
-0.017000000923871994,-0.0020000000949949026,1.0119999647140503,1773949068.478
-0.014999999664723873,-0.0010000000474974513,1.0119999647140503,1773949068.498
-0.017999999225139618,-0.003000000026077032,1.0160000324249268,1773949068.518
-0.019999999552965164,0.0,1.0130000114440918,1773949068.538
-0.017999999225139618,0.0020000000949949026,1.0169999599456787,1773949068.558
-0.017000000923871994,-0.0020000000949949026,1.0119999647140503,1773949068.478
-0.014999999664723873,-0.0010000000474974513,1.0119999647140503,1773949068.498
-0.017999999225139618,-0.003000000026077032,1.0160000324249268,1773949068.518
-0.019999999552965164,0.0,1.0130000114440918,1773949068.538
-0.017999999225139618,0.0020000000949949026,1.0169999599456787,1773949068.558
-0.019999999552965164,0.057999998331069946,0.9169999957084656,1773949068.978
-0.06800000369548798,0.04699999839067459,1.1740000247955322,1773949069.005
-0.027000000700354576,0.08299999684095383,0.9150000214576721,1773949069.023
0.013000000268220901,0.010999999940395355,0.9900000095367432,1773949069.042
-0.0729999989271164,0.0430000014603138,1.0859999656677246,1773949069.061
-0.019999999552965164,0.057999998331069946,0.9169999957084656,1773949068.978
-0.06800000369548798,0.04699999839067459,1.1740000247955322,1773949069.005
-0.027000000700354576,0.08299999684095383,0.9150000214576721,1773949069.023
0.013000000268220901,0.010999999940395355,0.9900000095367432,1773949069.042
-0.0729999989271164,0.0430000014603138,1.0859999656677246,1773949069.061
-0.05900000035762787,0.050999999046325684,1.0130000114440918,1773949069.498
-0.07400000095367432,0.041999999433755875,0.9409999847412109,1773949069.519
-0.039000000804662704,0.023000000044703484,1.1009999513626099,1773949069.538
0.07500000298023224,0.01600000075995922,0.9729999899864197,1773949069.558
0.023000000044703484,0.0010000000474974513,1.031999945640564,1773949069.578
-0.05900000035762787,0.050999999046325684,1.0130000114440918,1773949069.498
-0.07400000095367432,0.041999999433755875,0.9409999847412109,1773949069.519
-0.039000000804662704,0.023000000044703484,1.1009999513626099,1773949069.538
0.07500000298023224,0.01600000075995922,0.9729999899864197,1773949069.558
0.023000000044703484,0.0010000000474974513,1.031999945640564,1773949069.578
-0.05900000035762787,0.050999999046325684,1.0130000114440918,1773949069.498
-0.07400000095367432,0.041999999433755875,0.9409999847412109,1773949069.519
-0.039000000804662704,0.023000000044703484,1.1009999513626099,1773949069.538
0.07500000298023224,0.01600000075995922,0.9729999899864197,1773949069.558
0.023000000044703484,0.0010000000474974513,1.031999945640564,1773949069.578
-0.05900000035762787,0.050999999046325684,1.0130000114440918,1773949069.498
-0.07400000095367432,0.041999999433755875,0.9409999847412109,1773949069.519
-0.039000000804662704,0.023000000044703484,1.1009999513626099,1773949069.538
0.07500000298023224,0.01600000075995922,0.9729999899864197,1773949069.558
0.023000000044703484,0.0010000000474974513,1.031999945640564,1773949069.578
0.32600000500679016,0.27900001406669617,0.8029999732971191,1773949069.998
0.004999999888241291,0.546999990940094,-1.9279999732971191,1773949070.019
0.3569999933242798,0.11299999803304672,0.6039999723434448,1773949070.038
-0.25099998712539673,0.1720000058412552,0.6269999742507935,1773949070.058
0.5019999742507935,0.7620000243186951,1.5420000553131104,1773949070.078
0.32600000500679016,0.27900001406669617,0.8029999732971191,1773949069.998
0.004999999888241291,0.546999990940094,-1.9279999732971191,1773949070.019
0.3569999933242798,0.11299999803304672,0.6039999723434448,1773949070.038
-0.25099998712539673,0.1720000058412552,0.6269999742507935,1773949070.058
0.5019999742507935,0.7620000243186951,1.5420000553131104,1773949070.078
0.32600000500679016,0.27900001406669617,0.8029999732971191,1773949069.998
0.004999999888241291,0.546999990940094,-1.9279999732971191,1773949070.019
0.3569999933242798,0.11299999803304672,0.6039999723434448,1773949070.038
-0.25099998712539673,0.1720000058412552,0.6269999742507935,1773949070.058
0.5019999742507935,0.7620000243186951,1.5420000553131104,1773949070.078
-0.18400000035762787,0.2939999997615814,0.43299999833106995,1773949070.519
-0.22200000286102295,-0.328000009059906,-1.9620000123977661,1773949070.538
0.17900000512599945,-1.4040000438690186,1.475000023841858,1773949070.558
-0.07900000363588333,0.07900000363588333,0.33399999141693115,1773949070.578
-0.21400000154972076,0.625,0.9350000023841858,1773949070.598
-0.18400000035762787,0.2939999997615814,0.43299999833106995,1773949070.519
-0.22200000286102295,-0.328000009059906,-1.9620000123977661,1773949070.538
0.17900000512599945,-1.4040000438690186,1.475000023841858,1773949070.558
-0.07900000363588333,0.07900000363588333,0.33399999141693115,1773949070.578
-0.21400000154972076,0.625,0.9350000023841858,1773949070.598
-0.18400000035762787,0.2939999997615814,0.43299999833106995,1773949070.519
-0.22200000286102295,-0.328000009059906,-1.9620000123977661,1773949070.538
0.17900000512599945,-1.4040000438690186,1.475000023841858,1773949070.558
-0.07900000363588333,0.07900000363588333,0.33399999141693115,1773949070.578
-0.21400000154972076,0.625,0.9350000023841858,1773949070.598
0.0010000000474974513,0.0010000000474974513,1.0010000467300415,1773949071.019
-0.032999999821186066,0.0010000000474974513,1.027999997138977,1773949071.038
-0.03099999949336052,-0.003000000026077032,1.0049999952316284,1773949071.058
-0.017000000923871994,-0.004999999888241291,1.0210000276565552,1773949071.078
-0.024000000208616257,0.006000000052154064,1.0149999856948853,1773949071.098
0.0010000000474974513,0.0010000000474974513,1.0010000467300415,1773949071.019
-0.032999999821186066,0.0010000000474974513,1.027999997138977,1773949071.038
-0.03099999949336052,-0.003000000026077032,1.0049999952316284,1773949071.058
-0.017000000923871994,-0.004999999888241291,1.0210000276565552,1773949071.078
-0.024000000208616257,0.006000000052154064,1.0149999856948853,1773949071.098
0.0010000000474974513,0.0010000000474974513,1.0010000467300415,1773949071.019
-0.032999999821186066,0.0010000000474974513,1.027999997138977,1773949071.038
-0.03099999949336052,-0.003000000026077032,1.0049999952316284,1773949071.058
-0.017000000923871994,-0.004999999888241291,1.0210000276565552,1773949071.078
-0.024000000208616257,0.006000000052154064,1.0149999856948853,1773949071.098
-0.023000000044703484,-0.0020000000949949026,1.0210000276565552,1773949071.521
-0.028999999165534973,0.0010000000474974513,1.0160000324249268,1773949071.538
-0.024000000208616257,0.0,1.0180000066757202,1773949071.558
-0.02500000037252903,-0.0010000000474974513,1.0219999551773071,1773949071.578
-0.019999999552965164,0.003000000026077032,1.0149999856948853,1773949071.598
-0.023000000044703484,-0.0020000000949949026,1.0210000276565552,1773949071.521
-0.028999999165534973,0.0010000000474974513,1.0160000324249268,1773949071.538
-0.024000000208616257,0.0,1.0180000066757202,1773949071.558
-0.02500000037252903,-0.0010000000474974513,1.0219999551773071,1773949071.578
-0.019999999552965164,0.003000000026077032,1.0149999856948853,1773949071.598
-0.023000000044703484,-0.0020000000949949026,1.0210000276565552,1773949071.521
-0.028999999165534973,0.0010000000474974513,1.0160000324249268,1773949071.538
-0.024000000208616257,0.0,1.0180000066757202,1773949071.558
-0.02500000037252903,-0.0010000000474974513,1.0219999551773071,1773949071.578
-0.019999999552965164,0.003000000026077032,1.0149999856948853,1773949071.598
-0.02800000086426735,0.0,1.0219999551773071,1773949072.04
-0.023000000044703484,0.0010000000474974513,1.0130000114440918,1773949072.058
-0.023000000044703484,0.0010000000474974513,1.0199999809265137,1773949072.078
-0.028999999165534973,-0.0010000000474974513,1.0199999809265137,1773949072.098
-0.026000000536441803,0.0010000000474974513,1.0149999856948853,1773949072.122
-0.02800000086426735,0.0,1.0219999551773071,1773949072.04
-0.023000000044703484,0.0010000000474974513,1.0130000114440918,1773949072.058
-0.023000000044703484,0.0010000000474974513,1.0199999809265137,1773949072.078
-0.028999999165534973,-0.0010000000474974513,1.0199999809265137,1773949072.098
-0.026000000536441803,0.0010000000474974513,1.0149999856948853,1773949072.122
-0.02800000086426735,0.0,1.0219999551773071,1773949072.04
-0.023000000044703484,0.0010000000474974513,1.0130000114440918,1773949072.058
-0.023000000044703484,0.0010000000474974513,1.0199999809265137,1773949072.078
-0.028999999165534973,-0.0010000000474974513,1.0199999809265137,1773949072.098
-0.026000000536441803,0.0010000000474974513,1.0149999856948853,1773949072.122
-0.024000000208616257,0.0020000000949949026,1.0140000581741333,1773949072.559
-0.019999999552965164,-0.0,1.0140000581741333,1773949072.578
-0.02500000037252903,0.0020000000949949026,1.0160000324249268,1773949072.6
-0.023000000044703484,0.0010000000474974513,1.0149999856948853,1773949072.618
-0.020999999716877937,0.0,1.0160000324249268,1773949072.638
-0.024000000208616257,0.0020000000949949026,1.0140000581741333,1773949072.559
-0.019999999552965164,-0.0,1.0140000581741333,1773949072.578
-0.02500000037252903,0.0020000000949949026,1.0160000324249268,1773949072.6
-0.023000000044703484,0.0010000000474974513,1.0149999856948853,1773949072.618
-0.020999999716877937,0.0,1.0160000324249268,1773949072.638
-0.024000000208616257,0.0020000000949949026,1.0140000581741333,1773949072.559
-0.019999999552965164,-0.0,1.0140000581741333,1773949072.578
-0.02500000037252903,0.0020000000949949026,1.0160000324249268,1773949072.6
-0.023000000044703484,0.0010000000474974513,1.0149999856948853,1773949072.618
-0.020999999716877937,0.0,1.0160000324249268,1773949072.638
-0.027000000700354576,0.003000000026077032,1.0140000581741333,1773949073.058
-0.024000000208616257,0.0010000000474974513,1.0160000324249268,1773949073.078
-0.026000000536441803,0.004999999888241291,1.0230000019073486,1773949073.098
-0.02199999988079071,-0.0010000000474974513,1.0130000114440918,1773949073.118
-0.026000000536441803,-0.0010000000474974513,1.0180000066757202,1773949073.138
-0.027000000700354576,0.003000000026077032,1.0140000581741333,1773949073.058
-0.024000000208616257,0.0010000000474974513,1.0160000324249268,1773949073.078
-0.026000000536441803,0.004999999888241291,1.0230000019073486,1773949073.098
-0.02199999988079071,-0.0010000000474974513,1.0130000114440918,1773949073.118
-0.026000000536441803,-0.0010000000474974513,1.0180000066757202,1773949073.138
-0.027000000700354576,0.003000000026077032,1.0140000581741333,1773949073.058
-0.024000000208616257,0.0010000000474974513,1.0160000324249268,1773949073.078
-0.026000000536441803,0.004999999888241291,1.0230000019073486,1773949073.098
-0.02199999988079071,-0.0010000000474974513,1.0130000114440918,1773949073.118
-0.026000000536441803,-0.0010000000474974513,1.0180000066757202,1773949073.138
-0.024000000208616257,0.003000000026077032,1.0180000066757202,1773949073.578
-0.024000000208616257,0.0010000000474974513,1.0099999904632568,1773949073.598
-0.020999999716877937,0.0010000000474974513,1.0130000114440918,1773949073.618
-0.02500000037252903,0.0010000000474974513,1.0130000114440918,1773949073.638
-0.020999999716877937,0.003000000026077032,1.0110000371932983,1773949073.658
-0.024000000208616257,0.003000000026077032,1.0180000066757202,1773949073.578
-0.024000000208616257,0.0010000000474974513,1.0099999904632568,1773949073.598
-0.020999999716877937,0.0010000000474974513,1.0130000114440918,1773949073.618
-0.02500000037252903,0.0010000000474974513,1.0130000114440918,1773949073.638
-0.020999999716877937,0.003000000026077032,1.0110000371932983,1773949073.658
-0.024000000208616257,0.003000000026077032,1.0180000066757202,1773949073.578
-0.024000000208616257,0.0010000000474974513,1.0099999904632568,1773949073.598
-0.020999999716877937,0.0010000000474974513,1.0130000114440918,1773949073.618
-0.02500000037252903,0.0010000000474974513,1.0130000114440918,1773949073.638
-0.020999999716877937,0.003000000026077032,1.0110000371932983,1773949073.658
-0.019999999552965164,0.03999999910593033,0.9990000128746033,1773949074.078
-0.03500000014901161,0.032999999821186066,1.0149999856948853,1773949074.098
-0.014000000432133675,-0.004000000189989805,1.0069999694824219,1773949074.118
-0.008999999612569809,-0.007000000216066837,1.031000018119812,1773949074.138
-0.03799999877810478,-0.02800000086426735,0.9950000047683716,1773949074.158
-0.019999999552965164,0.03999999910593033,0.9990000128746033,1773949074.078
-0.03500000014901161,0.032999999821186066,1.0149999856948853,1773949074.098
-0.014000000432133675,-0.004000000189989805,1.0069999694824219,1773949074.118
-0.008999999612569809,-0.007000000216066837,1.031000018119812,1773949074.138
-0.03799999877810478,-0.02800000086426735,0.9950000047683716,1773949074.158
-0.028999999165534973,0.035999998450279236,0.9620000123977661,1773949074.599
-0.003000000026077032,-0.004999999888241291,1.0679999589920044,1773949074.618
-0.061000000685453415,0.009999999776482582,0.9729999899864197,1773949074.638
-0.04100000113248825,0.013000000268220901,1.0089999437332153,1773949074.658
-0.028999999165534973,0.003000000026077032,1.0080000162124634,1773949074.678
-0.028999999165534973,0.035999998450279236,0.9620000123977661,1773949074.599
-0.003000000026077032,-0.004999999888241291,1.0679999589920044,1773949074.618
-0.061000000685453415,0.009999999776482582,0.9729999899864197,1773949074.638
-0.04100000113248825,0.013000000268220901,1.0089999437332153,1773949074.658
-0.028999999165534973,0.003000000026077032,1.0080000162124634,1773949074.678
-0.028999999165534973,0.035999998450279236,0.9620000123977661,1773949074.599
-0.003000000026077032,-0.004999999888241291,1.0679999589920044,1773949074.618
-0.061000000685453415,0.009999999776482582,0.9729999899864197,1773949074.638
-0.04100000113248825,0.013000000268220901,1.0089999437332153,1773949074.658
-0.028999999165534973,0.003000000026077032,1.0080000162124634,1773949074.678
-0.05400000140070915,0.03099999949336052,0.9470000267028809,1773949075.101
0.024000000208616257,-0.012000000104308128,1.0520000457763672,1773949075.121
-0.04899999871850014,0.023000000044703484,1.0140000581741333,1773949075.138
0.039000000804662704,-0.008999999612569809,1.1160000562667847,1773949075.158
-0.07000000029802322,0.0430000014603138,0.890999972820282,1773949075.179
-0.05400000140070915,0.03099999949336052,0.9470000267028809,1773949075.101
0.024000000208616257,-0.012000000104308128,1.0520000457763672,1773949075.121
-0.04899999871850014,0.023000000044703484,1.0140000581741333,1773949075.138
0.039000000804662704,-0.008999999612569809,1.1160000562667847,1773949075.158
-0.07000000029802322,0.0430000014603138,0.890999972820282,1773949075.179
-0.05400000140070915,0.03099999949336052,0.9470000267028809,1773949075.101
0.024000000208616257,-0.012000000104308128,1.0520000457763672,1773949075.121
-0.04899999871850014,0.023000000044703484,1.0140000581741333,1773949075.138
0.039000000804662704,-0.008999999612569809,1.1160000562667847,1773949075.158
-0.07000000029802322,0.0430000014603138,0.890999972820282,1773949075.179
0.004999999888241291,-0.0010000000474974513,1.0549999475479126,1773949075.619
-0.05400000140070915,0.017000000923871994,0.9629999995231628,1773949075.638
0.008999999612569809,0.007000000216066837,1.0670000314712524,1773949075.658
-0.02800000086426735,0.039000000804662704,0.9649999737739563,1773949075.679
0.05900000035762787,-0.03200000151991844,1.0640000104904175,1773949075.698
0.004999999888241291,-0.0010000000474974513,1.0549999475479126,1773949075.619
-0.05400000140070915,0.017000000923871994,0.9629999995231628,1773949075.638
0.008999999612569809,0.007000000216066837,1.0670000314712524,1773949075.658
-0.02800000086426735,0.039000000804662704,0.9649999737739563,1773949075.679
0.05900000035762787,-0.03200000151991844,1.0640000104904175,1773949075.698
-0.0010000000474974513,0.007000000216066837,1.0130000114440918,1773949076.118
-0.03500000014901161,0.039000000804662704,1.0140000581741333,1773949076.138
0.07599999755620956,-0.03400000184774399,1.0670000314712524,1773949076.158
-0.061000000685453415,0.028999999165534973,0.9580000042915344,1773949076.182
0.04500000178813934,-0.020999999716877937,1.0700000524520874,1773949076.2
-0.0010000000474974513,0.007000000216066837,1.0130000114440918,1773949076.118
-0.03500000014901161,0.039000000804662704,1.0140000581741333,1773949076.138
0.07599999755620956,-0.03400000184774399,1.0670000314712524,1773949076.158
-0.061000000685453415,0.028999999165534973,0.9580000042915344,1773949076.182
0.04500000178813934,-0.020999999716877937,1.0700000524520874,1773949076.2
-0.0010000000474974513,0.007000000216066837,1.0130000114440918,1773949076.118
-0.03500000014901161,0.039000000804662704,1.0140000581741333,1773949076.138
0.07599999755620956,-0.03400000184774399,1.0670000314712524,1773949076.158
-0.061000000685453415,0.028999999165534973,0.9580000042915344,1773949076.182
0.04500000178813934,-0.020999999716877937,1.0700000524520874,1773949076.2
-0.014000000432133675,0.004999999888241291,1.0130000114440918,1773949076.64
-0.0,0.0020000000949949026,1.0099999904632568,1773949076.658
-0.012000000104308128,0.003000000026077032,1.0149999856948853,1773949076.678
-0.014000000432133675,0.006000000052154064,1.0080000162124634,1773949076.699
-0.006000000052154064,0.004000000189989805,1.0160000324249268,1773949076.718
-0.014000000432133675,0.004999999888241291,1.0130000114440918,1773949076.64
-0.0,0.0020000000949949026,1.0099999904632568,1773949076.658
-0.012000000104308128,0.003000000026077032,1.0149999856948853,1773949076.678
-0.014000000432133675,0.006000000052154064,1.0080000162124634,1773949076.699
-0.006000000052154064,0.004000000189989805,1.0160000324249268,1773949076.718
-0.00800000037997961,0.006000000052154064,1.0199999809265137,1773949077.138
-0.012000000104308128,0.003000000026077032,1.0119999647140503,1773949077.158
-0.008999999612569809,0.004000000189989805,1.0160000324249268,1773949077.181
-0.012000000104308128,0.004000000189989805,1.0130000114440918,1773949077.199
-0.004000000189989805,0.007000000216066837,1.0190000534057617,1773949077.218
-0.00800000037997961,0.006000000052154064,1.0199999809265137,1773949077.138
-0.012000000104308128,0.003000000026077032,1.0119999647140503,1773949077.158
-0.008999999612569809,0.004000000189989805,1.0160000324249268,1773949077.181
-0.012000000104308128,0.004000000189989805,1.0130000114440918,1773949077.199
-0.004000000189989805,0.007000000216066837,1.0190000534057617,1773949077.218
-0.00800000037997961,0.006000000052154064,1.0199999809265137,1773949077.138
-0.012000000104308128,0.003000000026077032,1.0119999647140503,1773949077.158
-0.008999999612569809,0.004000000189989805,1.0160000324249268,1773949077.181
-0.012000000104308128,0.004000000189989805,1.0130000114440918,1773949077.199
-0.004000000189989805,0.007000000216066837,1.0190000534057617,1773949077.218
-0.009999999776482582,0.006000000052154064,1.0199999809265137,1773949077.658
-0.008999999612569809,0.004999999888241291,1.0119999647140503,1773949077.678
-0.012000000104308128,0.006000000052154064,1.0169999599456787,1773949077.698
-0.012000000104308128,0.006000000052154064,1.0130000114440918,1773949077.718
-0.010999999940395355,0.006000000052154064,1.0149999856948853,1773949077.739
-0.009999999776482582,0.006000000052154064,1.0199999809265137,1773949077.658
-0.008999999612569809,0.004999999888241291,1.0119999647140503,1773949077.678
-0.012000000104308128,0.006000000052154064,1.0169999599456787,1773949077.698
-0.012000000104308128,0.006000000052154064,1.0130000114440918,1773949077.718
-0.010999999940395355,0.006000000052154064,1.0149999856948853,1773949077.739
-0.02500000037252903,0.10899999737739563,0.9929999709129333,1773949078.158
-0.028999999165534973,0.06300000101327896,0.9980000257492065,1773949078.183
0.017999999225139618,0.06599999964237213,1.0809999704360962,1773949078.202
0.032999999821186066,0.04500000178813934,0.9810000061988831,1773949078.22
-0.012000000104308128,0.03999999910593033,1.027999997138977,1773949078.24
-0.02500000037252903,0.10899999737739563,0.9929999709129333,1773949078.158
-0.028999999165534973,0.06300000101327896,0.9980000257492065,1773949078.183
0.017999999225139618,0.06599999964237213,1.0809999704360962,1773949078.202
0.032999999821186066,0.04500000178813934,0.9810000061988831,1773949078.22
-0.012000000104308128,0.03999999910593033,1.027999997138977,1773949078.24
-0.02500000037252903,0.10899999737739563,0.9929999709129333,1773949078.158
-0.028999999165534973,0.06300000101327896,0.9980000257492065,1773949078.183
0.017999999225139618,0.06599999964237213,1.0809999704360962,1773949078.202
0.032999999821186066,0.04500000178813934,0.9810000061988831,1773949078.22
-0.012000000104308128,0.03999999910593033,1.027999997138977,1773949078.24
0.029999999329447746,-0.03200000151991844,1.0889999866485596,1773949078.678
-0.09200000017881393,0.004999999888241291,1.0920000076293945,1773949078.698
0.0430000014603138,0.06199999898672104,0.9039999842643738,1773949078.718
0.0430000014603138,-0.028999999165534973,1.1440000534057617,1773949078.739
-0.05000000074505806,0.0729999989271164,0.8740000128746033,1773949078.758
0.029999999329447746,-0.03200000151991844,1.0889999866485596,1773949078.678
-0.09200000017881393,0.004999999888241291,1.0920000076293945,1773949078.698
0.0430000014603138,0.06199999898672104,0.9039999842643738,1773949078.718
0.0430000014603138,-0.028999999165534973,1.1440000534057617,1773949078.739
-0.05000000074505806,0.0729999989271164,0.8740000128746033,1773949078.758
0.029999999329447746,-0.03200000151991844,1.0889999866485596,1773949078.678
-0.09200000017881393,0.004999999888241291,1.0920000076293945,1773949078.698
0.0430000014603138,0.06199999898672104,0.9039999842643738,1773949078.718
0.0430000014603138,-0.028999999165534973,1.1440000534057617,1773949078.739
-0.05000000074505806,0.0729999989271164,0.8740000128746033,1773949078.758
-0.16500000655651093,-0.032999999821186066,0.9580000042915344,1773949079.189
-0.020999999716877937,0.02800000086426735,1.1929999589920044,1773949079.2
0.10100000351667404,-0.03099999949336052,0.8679999709129333,1773949079.218
-0.02199999988079071,0.014000000432133675,0.9750000238418579,1773949079.239
-0.08100000023841858,-0.003000000026077032,1.1740000247955322,1773949079.258
-0.16500000655651093,-0.032999999821186066,0.9580000042915344,1773949079.189
-0.020999999716877937,0.02800000086426735,1.1929999589920044,1773949079.2
0.10100000351667404,-0.03099999949336052,0.8679999709129333,1773949079.218
-0.02199999988079071,0.014000000432133675,0.9750000238418579,1773949079.239
-0.08100000023841858,-0.003000000026077032,1.1740000247955322,1773949079.258
0.019999999552965164,-0.03099999949336052,1.1720000505447388,1773949079.679
-0.057999998331069946,0.03400000184774399,0.8320000171661377,1773949079.699
0.02500000037252903,0.03999999910593033,1.0410000085830688,1773949079.719
0.027000000700354576,-0.041999999433755875,1.093000054359436,1773949079.739
-0.07800000160932541,-0.010999999940395355,1.0130000114440918,1773949079.759
0.019999999552965164,-0.03099999949336052,1.1720000505447388,1773949079.679
-0.057999998331069946,0.03400000184774399,0.8320000171661377,1773949079.699
0.02500000037252903,0.03999999910593033,1.0410000085830688,1773949079.719
0.027000000700354576,-0.041999999433755875,1.093000054359436,1773949079.739
-0.07800000160932541,-0.010999999940395355,1.0130000114440918,1773949079.759
0.019999999552965164,-0.03099999949336052,1.1720000505447388,1773949079.679
-0.057999998331069946,0.03400000184774399,0.8320000171661377,1773949079.699
0.02500000037252903,0.03999999910593033,1.0410000085830688,1773949079.719
0.027000000700354576,-0.041999999433755875,1.093000054359436,1773949079.739
-0.07800000160932541,-0.010999999940395355,1.0130000114440918,1773949079.759
0.013000000268220901,-0.04699999839067459,1.0,1773949080.199
0.40700000524520874,0.22200000286102295,0.7170000076293945,1773949080.219
-0.12099999934434891,-0.03500000014901161,0.9710000157356262,1773949080.239
-0.30399999022483826,-0.09799999743700027,1.5049999952316284,1773949080.259
-0.06499999761581421,-0.03999999910593033,1.0149999856948853,1773949080.279
0.013000000268220901,-0.04699999839067459,1.0,1773949080.199
0.40700000524520874,0.22200000286102295,0.7170000076293945,1773949080.219
-0.12099999934434891,-0.03500000014901161,0.9710000157356262,1773949080.239
-0.30399999022483826,-0.09799999743700027,1.5049999952316284,1773949080.259
-0.06499999761581421,-0.03999999910593033,1.0149999856948853,1773949080.279
0.013000000268220901,-0.04699999839067459,1.0,1773949080.199
0.40700000524520874,0.22200000286102295,0.7170000076293945,1773949080.219
-0.12099999934434891,-0.03500000014901161,0.9710000157356262,1773949080.239
-0.30399999022483826,-0.09799999743700027,1.5049999952316284,1773949080.259
-0.06499999761581421,-0.03999999910593033,1.0149999856948853,1773949080.279
-0.1770000010728836,-0.08100000023841858,1.3020000457763672,1773949080.72
0.23399999737739563,0.10300000011920929,0.578000009059906,1773949080.74
-0.023000000044703484,0.03999999910593033,0.9909999966621399,1773949080.759
-0.1459999978542328,-0.054999999701976776,1.4040000438690186,1773949080.779
-0.3540000021457672,-0.02800000086426735,0.9750000238418579,1773949080.799
-0.1770000010728836,-0.08100000023841858,1.3020000457763672,1773949080.72
0.23399999737739563,0.10300000011920929,0.578000009059906,1773949080.74
-0.023000000044703484,0.03999999910593033,0.9909999966621399,1773949080.759
-0.1459999978542328,-0.054999999701976776,1.4040000438690186,1773949080.779
-0.3540000021457672,-0.02800000086426735,0.9750000238418579,1773949080.799
-0.1770000010728836,-0.08100000023841858,1.3020000457763672,1773949080.72
0.23399999737739563,0.10300000011920929,0.578000009059906,1773949080.74
-0.023000000044703484,0.03999999910593033,0.9909999966621399,1773949080.759
-0.1459999978542328,-0.054999999701976776,1.4040000438690186,1773949080.779
-0.3540000021457672,-0.02800000086426735,0.9750000238418579,1773949080.799
0.27000001072883606,0.06599999964237213,0.7239999771118164,1773949081.219
-0.0989999994635582,-0.006000000052154064,0.9419999718666077,1773949081.241
-0.028999999165534973,-0.04500000178813934,1.2549999952316284,1773949081.266
-0.36000001430511475,-0.008999999612569809,1.4019999504089355,1773949081.281
0.04600000008940697,-0.05700000002980232,0.8140000104904175,1773949081.299
0.27000001072883606,0.06599999964237213,0.7239999771118164,1773949081.219
-0.0989999994635582,-0.006000000052154064,0.9419999718666077,1773949081.241
-0.028999999165534973,-0.04500000178813934,1.2549999952316284,1773949081.266
-0.36000001430511475,-0.008999999612569809,1.4019999504089355,1773949081.281
0.04600000008940697,-0.05700000002980232,0.8140000104904175,1773949081.299
0.27000001072883606,0.06599999964237213,0.7239999771118164,1773949081.219
-0.0989999994635582,-0.006000000052154064,0.9419999718666077,1773949081.241
-0.028999999165534973,-0.04500000178813934,1.2549999952316284,1773949081.266
-0.36000001430511475,-0.008999999612569809,1.4019999504089355,1773949081.281
0.04600000008940697,-0.05700000002980232,0.8140000104904175,1773949081.299
0.20100000500679016,0.05000000074505806,0.8730000257492065,1773949081.719
-0.24699999392032623,-0.017999999225139618,1.2029999494552612,1773949081.739
-0.11800000071525574,-0.03099999949336052,1.1929999589920044,1773949081.759
0.1459999978542328,-0.02199999988079071,1.0460000038146973,1773949081.782
0.21400000154972076,0.08299999684095383,0.6259999871253967,1773949081.802
0.20100000500679016,0.05000000074505806,0.8730000257492065,1773949081.719
-0.24699999392032623,-0.017999999225139618,1.2029999494552612,1773949081.739
-0.11800000071525574,-0.03099999949336052,1.1929999589920044,1773949081.759
0.1459999978542328,-0.02199999988079071,1.0460000038146973,1773949081.782
0.21400000154972076,0.08299999684095383,0.6259999871253967,1773949081.802
0.20100000500679016,0.05000000074505806,0.8730000257492065,1773949081.719
-0.24699999392032623,-0.017999999225139618,1.2029999494552612,1773949081.739
-0.11800000071525574,-0.03099999949336052,1.1929999589920044,1773949081.759
0.1459999978542328,-0.02199999988079071,1.0460000038146973,1773949081.782
0.21400000154972076,0.08299999684095383,0.6259999871253967,1773949081.802
-0.2160000056028366,-0.06400000303983688,1.1699999570846558,1773949082.239
0.23100000619888306,0.06300000101327896,0.6200000047683716,1773949082.259
0.31299999356269836,0.03700000047683716,0.9890000224113464,1773949082.279
-0.02500000037252903,-0.04600000008940697,1.0959999561309814,1773949082.299
-0.5009999871253967,-0.035999998450279236,1.281000018119812,1773949082.319
-0.2160000056028366,-0.06400000303983688,1.1699999570846558,1773949082.239
0.23100000619888306,0.06300000101327896,0.6200000047683716,1773949082.259
0.31299999356269836,0.03700000047683716,0.9890000224113464,1773949082.279
-0.02500000037252903,-0.04600000008940697,1.0959999561309814,1773949082.299
-0.5009999871253967,-0.035999998450279236,1.281000018119812,1773949082.319
-0.014000000432133675,-0.10999999940395355,1.0490000247955322,1773949082.739
-0.06499999761581421,-0.03400000184774399,0.9739999771118164,1773949082.759
0.335999995470047,0.07000000029802322,0.9129999876022339,1773949082.786
0.003000000026077032,0.07100000232458115,0.7379999756813049,1773949082.8
-0.26100000739097595,0.06300000101327896,1.1069999933242798,1773949082.823
-0.014000000432133675,-0.10999999940395355,1.0490000247955322,1773949082.739
-0.06499999761581421,-0.03400000184774399,0.9739999771118164,1773949082.759
0.335999995470047,0.07000000029802322,0.9129999876022339,1773949082.786
0.003000000026077032,0.07100000232458115,0.7379999756813049,1773949082.8
-0.26100000739097595,0.06300000101327896,1.1069999933242798,1773949082.823
-0.014000000432133675,-0.10999999940395355,1.0490000247955322,1773949082.739
-0.06499999761581421,-0.03400000184774399,0.9739999771118164,1773949082.759
0.335999995470047,0.07000000029802322,0.9129999876022339,1773949082.786
0.003000000026077032,0.07100000232458115,0.7379999756813049,1773949082.8
-0.26100000739097595,0.06300000101327896,1.1069999933242798,1773949082.823
-0.28200000524520874,-0.14499999582767487,1.0420000553131104,1773949083.259
0.25,0.06700000166893005,0.9179999828338623,1773949083.279
0.27799999713897705,0.07699999958276749,0.7400000095367432,1773949083.299
-0.1720000058412552,0.032999999821186066,1.1330000162124634,1773949083.319
-0.20900000631809235,-0.039000000804662704,1.2389999628067017,1773949083.339
-0.28200000524520874,-0.14499999582767487,1.0420000553131104,1773949083.259
0.25,0.06700000166893005,0.9179999828338623,1773949083.279
0.27799999713897705,0.07699999958276749,0.7400000095367432,1773949083.299
-0.1720000058412552,0.032999999821186066,1.1330000162124634,1773949083.319
-0.20900000631809235,-0.039000000804662704,1.2389999628067017,1773949083.339
-0.28200000524520874,-0.14499999582767487,1.0420000553131104,1773949083.259
0.25,0.06700000166893005,0.9179999828338623,1773949083.279
0.27799999713897705,0.07699999958276749,0.7400000095367432,1773949083.299
-0.1720000058412552,0.032999999821186066,1.1330000162124634,1773949083.319
-0.20900000631809235,-0.039000000804662704,1.2389999628067017,1773949083.339
0.23600000143051147,-0.004000000189989805,0.753000020980835,1773949083.759
-0.0020000000949949026,-0.01899999938905239,1.187999963760376,1773949083.782
-0.13099999725818634,0.0020000000949949026,1.4010000228881836,1773949083.8
-0.4129999876022339,-0.0689999982714653,1.1519999504089355,1773949083.819
0.3400000035762787,0.04600000008940697,0.75,1773949083.846
0.23600000143051147,-0.004000000189989805,0.753000020980835,1773949083.759
-0.0020000000949949026,-0.01899999938905239,1.187999963760376,1773949083.782
-0.13099999725818634,0.0020000000949949026,1.4010000228881836,1773949083.8
-0.4129999876022339,-0.0689999982714653,1.1519999504089355,1773949083.819
0.3400000035762787,0.04600000008940697,0.75,1773949083.846
0.23600000143051147,-0.004000000189989805,0.753000020980835,1773949083.759
-0.0020000000949949026,-0.01899999938905239,1.187999963760376,1773949083.782
-0.13099999725818634,0.0020000000949949026,1.4010000228881836,1773949083.8
-0.4129999876022339,-0.0689999982714653,1.1519999504089355,1773949083.819
0.3400000035762787,0.04600000008940697,0.75,1773949083.846
-0.05700000002980232,0.003000000026077032,0.7250000238418579,1773949084.279
-0.29600000381469727,-0.06499999761581421,1.6369999647140503,1773949084.299
-0.21400000154972076,-0.057999998331069946,0.9020000100135803,1773949084.319
0.06700000166893005,-0.01899999938905239,0.8970000147819519,1773949084.339
0.3310000002384186,0.03700000047683716,0.9549999833106995,1773949084.359
-0.05700000002980232,0.003000000026077032,0.7250000238418579,1773949084.279
-0.29600000381469727,-0.06499999761581421,1.6369999647140503,1773949084.299
-0.21400000154972076,-0.057999998331069946,0.9020000100135803,1773949084.319
0.06700000166893005,-0.01899999938905239,0.8970000147819519,1773949084.339
0.3310000002384186,0.03700000047683716,0.9549999833106995,1773949084.359
-0.2370000034570694,-0.023000000044703484,1.5670000314712524,1773949084.8
0.03500000014901161,-0.004999999888241291,0.8880000114440918,1773949084.819
0.2939999997615814,0.10499999672174454,0.6019999980926514,1773949084.839
0.029999999329447746,0.054999999701976776,1.0140000581741333,1773949084.86
-0.061000000685453415,0.004000000189989805,1.1339999437332153,1773949084.879
-0.2370000034570694,-0.023000000044703484,1.5670000314712524,1773949084.8
0.03500000014901161,-0.004999999888241291,0.8880000114440918,1773949084.819
0.2939999997615814,0.10499999672174454,0.6019999980926514,1773949084.839
0.029999999329447746,0.054999999701976776,1.0140000581741333,1773949084.86
-0.061000000685453415,0.004000000189989805,1.1339999437332153,1773949084.879
-0.2370000034570694,-0.023000000044703484,1.5670000314712524,1773949084.8
0.03500000014901161,-0.004999999888241291,0.8880000114440918,1773949084.819
0.2939999997615814,0.10499999672174454,0.6019999980926514,1773949084.839
0.029999999329447746,0.054999999701976776,1.0140000581741333,1773949084.86
-0.061000000685453415,0.004000000189989805,1.1339999437332153,1773949084.879
-0.21899999678134918,0.026000000536441803,1.6410000324249268,1773949085.299
-0.17599999904632568,-0.07900000363588333,0.9229999780654907,1773949085.319
0.20800000429153442,0.057999998331069946,0.8209999799728394,1773949085.339
0.2549999952316284,0.061000000685453415,1.0049999952316284,1773949085.359
0.023000000044703484,-0.014999999664723873,0.953000009059906,1773949085.381
-0.21899999678134918,0.026000000536441803,1.6410000324249268,1773949085.299
-0.17599999904632568,-0.07900000363588333,0.9229999780654907,1773949085.319
0.20800000429153442,0.057999998331069946,0.8209999799728394,1773949085.339
0.2549999952316284,0.061000000685453415,1.0049999952316284,1773949085.359
0.023000000044703484,-0.014999999664723873,0.953000009059906,1773949085.381
-0.21899999678134918,0.026000000536441803,1.6410000324249268,1773949085.299
-0.17599999904632568,-0.07900000363588333,0.9229999780654907,1773949085.319
0.20800000429153442,0.057999998331069946,0.8209999799728394,1773949085.339
0.2549999952316284,0.061000000685453415,1.0049999952316284,1773949085.359
0.023000000044703484,-0.014999999664723873,0.953000009059906,1773949085.381
0.20100000500679016,0.020999999716877937,0.8159999847412109,1773949085.819
0.2280000001192093,0.08500000089406967,0.6869999766349792,1773949085.839
-0.04399999976158142,0.0430000014603138,1.1360000371932983,1773949085.859
-0.0020000000949949026,-0.012000000104308128,1.059000015258789,1773949085.879
-0.2939999997615814,-0.057999998331069946,1.2680000066757202,1773949085.899
0.20100000500679016,0.020999999716877937,0.8159999847412109,1773949085.819
0.2280000001192093,0.08500000089406967,0.6869999766349792,1773949085.839
-0.04399999976158142,0.0430000014603138,1.1360000371932983,1773949085.859
-0.0020000000949949026,-0.012000000104308128,1.059000015258789,1773949085.879
-0.2939999997615814,-0.057999998331069946,1.2680000066757202,1773949085.899
0.20100000500679016,0.020999999716877937,0.8159999847412109,1773949085.819
0.2280000001192093,0.08500000089406967,0.6869999766349792,1773949085.839
-0.04399999976158142,0.0430000014603138,1.1360000371932983,1773949085.859
-0.0020000000949949026,-0.012000000104308128,1.059000015258789,1773949085.879
-0.2939999997615814,-0.057999998331069946,1.2680000066757202,1773949085.899
0.36000001430511475,0.061000000685453415,0.6880000233650208,1773949086.319
-0.22499999403953552,-0.009999999776482582,1.0069999694824219,1773949086.339
-0.18799999356269836,-0.07699999958276749,1.5820000171661377,1773949086.359
-0.05400000140070915,-0.09200000017881393,0.8519999980926514,1773949086.384
-0.14000000059604645,-0.11800000071525574,0.8420000076293945,1773949086.399
0.36000001430511475,0.061000000685453415,0.6880000233650208,1773949086.319
-0.22499999403953552,-0.009999999776482582,1.0069999694824219,1773949086.339
-0.18799999356269836,-0.07699999958276749,1.5820000171661377,1773949086.359
-0.05400000140070915,-0.09200000017881393,0.8519999980926514,1773949086.384
-0.14000000059604645,-0.11800000071525574,0.8420000076293945,1773949086.399
0.36000001430511475,0.061000000685453415,0.6880000233650208,1773949086.319
-0.22499999403953552,-0.009999999776482582,1.0069999694824219,1773949086.339
-0.18799999356269836,-0.07699999958276749,1.5820000171661377,1773949086.359
-0.05400000140070915,-0.09200000017881393,0.8519999980926514,1773949086.384
-0.14000000059604645,-0.11800000071525574,0.8420000076293945,1773949086.399
-0.06599999964237213,-0.07400000095367432,1.0789999961853027,1773949086.842
0.07800000160932541,0.020999999716877937,0.9869999885559082,1773949086.86
0.057999998331069946,0.013000000268220901,0.890999972820282,1773949086.879
-0.1080000028014183,0.02800000086426735,0.9200000166893005,1773949086.899
-0.0010000000474974513,-0.0020000000949949026,1.062999963760376,1773949086.919
-0.06599999964237213,-0.07400000095367432,1.0789999961853027,1773949086.842
0.07800000160932541,0.020999999716877937,0.9869999885559082,1773949086.86
0.057999998331069946,0.013000000268220901,0.890999972820282,1773949086.879
-0.1080000028014183,0.02800000086426735,0.9200000166893005,1773949086.899
-0.0010000000474974513,-0.0020000000949949026,1.062999963760376,1773949086.919
-0.023000000044703484,0.00800000037997961,0.9520000219345093,1773949087.339
0.11800000071525574,0.008999999612569809,1.0019999742507935,1773949087.359
0.03799999877810478,-0.020999999716877937,0.953000009059906,1773949087.383
-0.14900000393390656,-0.0020000000949949026,1.1039999723434448,1773949087.4
-0.013000000268220901,0.035999998450279236,1.0089999437332153,1773949087.419
-0.023000000044703484,0.00800000037997961,0.9520000219345093,1773949087.339
0.11800000071525574,0.008999999612569809,1.0019999742507935,1773949087.359
0.03799999877810478,-0.020999999716877937,0.953000009059906,1773949087.383
-0.14900000393390656,-0.0020000000949949026,1.1039999723434448,1773949087.4
-0.013000000268220901,0.035999998450279236,1.0089999437332153,1773949087.419
-0.023000000044703484,0.00800000037997961,0.9520000219345093,1773949087.339
0.11800000071525574,0.008999999612569809,1.0019999742507935,1773949087.359
0.03799999877810478,-0.020999999716877937,0.953000009059906,1773949087.383
-0.14900000393390656,-0.0020000000949949026,1.1039999723434448,1773949087.4
-0.013000000268220901,0.035999998450279236,1.0089999437332153,1773949087.419
-0.023000000044703484,0.00800000037997961,0.9520000219345093,1773949087.339
0.11800000071525574,0.008999999612569809,1.0019999742507935,1773949087.359
0.03799999877810478,-0.020999999716877937,0.953000009059906,1773949087.383
-0.14900000393390656,-0.0020000000949949026,1.1039999723434448,1773949087.4
-0.013000000268220901,0.035999998450279236,1.0089999437332153,1773949087.419
-0.06499999761581421,-0.03999999910593033,1.0509999990463257,1773949087.859
0.004999999888241291,0.041999999433755875,0.8989999890327454,1773949087.879
0.050999999046325684,-0.08399999886751175,1.1239999532699585,1773949087.899
0.009999999776482582,0.0020000000949949026,1.0160000324249268,1773949087.919
-0.1469999998807907,0.04399999976158142,0.9929999709129333,1773949087.939
-0.06499999761581421,-0.03999999910593033,1.0509999990463257,1773949087.859
0.004999999888241291,0.041999999433755875,0.8989999890327454,1773949087.879
0.050999999046325684,-0.08399999886751175,1.1239999532699585,1773949087.899
0.009999999776482582,0.0020000000949949026,1.0160000324249268,1773949087.919
-0.1469999998807907,0.04399999976158142,0.9929999709129333,1773949087.939
0.03400000184774399,0.05299999937415123,1.0839999914169312,1773949088.359
0.032999999821186066,-0.026000000536441803,1.0529999732971191,1773949088.383
-0.10199999809265137,-0.003000000026077032,0.9800000190734863,1773949088.399
0.041999999433755875,0.07999999821186066,0.9340000152587891,1773949088.419
0.02500000037252903,0.014999999664723873,1.0119999647140503,1773949088.439
0.03400000184774399,0.05299999937415123,1.0839999914169312,1773949088.359
0.032999999821186066,-0.026000000536441803,1.0529999732971191,1773949088.383
-0.10199999809265137,-0.003000000026077032,0.9800000190734863,1773949088.399
0.041999999433755875,0.07999999821186066,0.9340000152587891,1773949088.419
0.02500000037252903,0.014999999664723873,1.0119999647140503,1773949088.439
0.03400000184774399,0.05299999937415123,1.0839999914169312,1773949088.359
0.032999999821186066,-0.026000000536441803,1.0529999732971191,1773949088.383
-0.10199999809265137,-0.003000000026077032,0.9800000190734863,1773949088.399
0.041999999433755875,0.07999999821186066,0.9340000152587891,1773949088.419
0.02500000037252903,0.014999999664723873,1.0119999647140503,1773949088.439
0.03400000184774399,0.05299999937415123,1.0839999914169312,1773949088.359
0.032999999821186066,-0.026000000536441803,1.0529999732971191,1773949088.383
-0.10199999809265137,-0.003000000026077032,0.9800000190734863,1773949088.399
0.041999999433755875,0.07999999821186066,0.9340000152587891,1773949088.419
0.02500000037252903,0.014999999664723873,1.0119999647140503,1773949088.439
-0.07900000363588333,0.035999998450279236,0.890999972820282,1773949088.879
0.04600000008940697,0.019999999552965164,1.1649999618530273,1773949088.899
0.04899999871850014,-0.03999999910593033,1.1059999465942383,1773949088.919
-0.07900000363588333,0.01899999938905239,0.8429999947547913,1773949088.939
-0.012000000104308128,0.09399999678134918,1.0269999504089355,1773949088.959
-0.07900000363588333,0.035999998450279236,0.890999972820282,1773949088.879
0.04600000008940697,0.019999999552965164,1.1649999618530273,1773949088.899
0.04899999871850014,-0.03999999910593033,1.1059999465942383,1773949088.919
-0.07900000363588333,0.01899999938905239,0.8429999947547913,1773949088.939
-0.012000000104308128,0.09399999678134918,1.0269999504089355,1773949088.959
-0.019999999552965164,-0.027000000700354576,0.9210000038146973,1773949089.382
-0.04899999871850014,-0.004000000189989805,0.9229999780654907,1773949089.4
0.052000001072883606,0.004999999888241291,1.1319999694824219,1773949089.419
0.0560000017285347,-0.04500000178813934,1.0720000267028809,1773949089.439
-0.09200000017881393,-0.05400000140070915,1.0609999895095825,1773949089.459
-0.019999999552965164,-0.027000000700354576,0.9210000038146973,1773949089.382
-0.04899999871850014,-0.004000000189989805,0.9229999780654907,1773949089.4
0.052000001072883606,0.004999999888241291,1.1319999694824219,1773949089.419
0.0560000017285347,-0.04500000178813934,1.0720000267028809,1773949089.439
-0.09200000017881393,-0.05400000140070915,1.0609999895095825,1773949089.459
-0.019999999552965164,-0.027000000700354576,0.9210000038146973,1773949089.382
-0.04899999871850014,-0.004000000189989805,0.9229999780654907,1773949089.4
0.052000001072883606,0.004999999888241291,1.1319999694824219,1773949089.419
0.0560000017285347,-0.04500000178813934,1.0720000267028809,1773949089.439
-0.09200000017881393,-0.05400000140070915,1.0609999895095825,1773949089.459
-0.01600000075995922,0.009999999776482582,1.1469999551773071,1773949089.879
0.032999999821186066,-0.057999998331069946,1.0800000429153442,1773949089.899
-0.03099999949336052,-0.032999999821186066,0.9660000205039978,1773949089.919
0.04100000113248825,0.013000000268220901,0.9729999899864197,1773949089.939
-0.054999999701976776,0.009999999776482582,0.8289999961853027,1773949089.959
-0.01600000075995922,0.009999999776482582,1.1469999551773071,1773949089.879
0.032999999821186066,-0.057999998331069946,1.0800000429153442,1773949089.899
-0.03099999949336052,-0.032999999821186066,0.9660000205039978,1773949089.919
0.04100000113248825,0.013000000268220901,0.9729999899864197,1773949089.939
-0.054999999701976776,0.009999999776482582,0.8289999961853027,1773949089.959
-0.01600000075995922,0.009999999776482582,1.1469999551773071,1773949089.879
0.032999999821186066,-0.057999998331069946,1.0800000429153442,1773949089.899
-0.03099999949336052,-0.032999999821186066,0.9660000205039978,1773949089.919
0.04100000113248825,0.013000000268220901,0.9729999899864197,1773949089.939
-0.054999999701976776,0.009999999776482582,0.8289999961853027,1773949089.959
-0.08100000023841858,-0.08399999886751175,0.875,1773949090.399
-0.057999998331069946,-0.11500000208616257,0.9980000257492065,1773949090.419
-0.08399999886751175,-0.06199999898672104,0.847000002861023,1773949090.439
0.08699999749660492,-0.15399999916553497,1.1820000410079956,1773949090.459
0.041999999433755875,-0.032999999821186066,0.8560000061988831,1773949090.479
-0.08100000023841858,-0.08399999886751175,0.875,1773949090.399
-0.057999998331069946,-0.11500000208616257,0.9980000257492065,1773949090.419
-0.08399999886751175,-0.06199999898672104,0.847000002861023,1773949090.439
0.08699999749660492,-0.15399999916553497,1.1820000410079956,1773949090.459
0.041999999433755875,-0.032999999821186066,0.8560000061988831,1773949090.479
-0.08100000023841858,-0.08399999886751175,0.875,1773949090.399
-0.057999998331069946,-0.11500000208616257,0.9980000257492065,1773949090.419
-0.08399999886751175,-0.06199999898672104,0.847000002861023,1773949090.439
0.08699999749660492,-0.15399999916553497,1.1820000410079956,1773949090.459
0.041999999433755875,-0.032999999821186066,0.8560000061988831,1773949090.479
-0.02500000037252903,-0.004000000189989805,0.9990000128746033,1773949090.899
-0.0560000017285347,0.007000000216066837,1.0429999828338623,1773949090.919
-0.039000000804662704,0.010999999940395355,1.0,1773949090.939
-0.020999999716877937,0.004999999888241291,1.0169999599456787,1773949090.959
-0.03200000151991844,0.00800000037997961,1.0260000228881836,1773949090.981
-0.02500000037252903,-0.004000000189989805,0.9990000128746033,1773949090.899
-0.0560000017285347,0.007000000216066837,1.0429999828338623,1773949090.919
-0.039000000804662704,0.010999999940395355,1.0,1773949090.939
-0.020999999716877937,0.004999999888241291,1.0169999599456787,1773949090.959
-0.03200000151991844,0.00800000037997961,1.0260000228881836,1773949090.981
0.009999999776482582,-0.017999999225139618,0.9929999709129333,1773949091.419
-0.04699999839067459,0.02199999988079071,1.0410000085830688,1773949091.441
-0.014999999664723873,0.017000000923871994,1.0019999742507935,1773949091.459
0.01600000075995922,-0.008999999612569809,1.0199999809265137,1773949091.479
-0.0430000014603138,-0.010999999940395355,1.0260000228881836,1773949091.499
0.009999999776482582,-0.017999999225139618,0.9929999709129333,1773949091.419
-0.04699999839067459,0.02199999988079071,1.0410000085830688,1773949091.441
-0.014999999664723873,0.017000000923871994,1.0019999742507935,1773949091.459
0.01600000075995922,-0.008999999612569809,1.0199999809265137,1773949091.479
-0.0430000014603138,-0.010999999940395355,1.0260000228881836,1773949091.499
0.009999999776482582,-0.017999999225139618,0.9929999709129333,1773949091.419
-0.04699999839067459,0.02199999988079071,1.0410000085830688,1773949091.441
-0.014999999664723873,0.017000000923871994,1.0019999742507935,1773949091.459
0.01600000075995922,-0.008999999612569809,1.0199999809265137,1773949091.479
-0.0430000014603138,-0.010999999940395355,1.0260000228881836,1773949091.499
-0.01600000075995922,-0.0,1.0130000114440918,1773949091.939
-0.014999999664723873,0.0020000000949949026,1.0169999599456787,1773949091.959
-0.014999999664723873,0.0010000000474974513,1.0119999647140503,1773949091.984
-0.014000000432133675,0.0020000000949949026,1.0130000114440918,1773949092.0
-0.014000000432133675,0.0010000000474974513,1.0160000324249268,1773949092.019
-0.01600000075995922,-0.0,1.0130000114440918,1773949091.939
-0.014999999664723873,0.0020000000949949026,1.0169999599456787,1773949091.959
-0.014999999664723873,0.0010000000474974513,1.0119999647140503,1773949091.984
-0.014000000432133675,0.0020000000949949026,1.0130000114440918,1773949092.0
-0.014000000432133675,0.0010000000474974513,1.0160000324249268,1773949092.019
-0.01600000075995922,-0.0,1.0130000114440918,1773949091.939
-0.014999999664723873,0.0020000000949949026,1.0169999599456787,1773949091.959
-0.014999999664723873,0.0010000000474974513,1.0119999647140503,1773949091.984
-0.014000000432133675,0.0020000000949949026,1.0130000114440918,1773949092.0
-0.014000000432133675,0.0010000000474974513,1.0160000324249268,1773949092.019
-0.017999999225139618,-0.013000000268220901,1.024999976158142,1773949092.439
-0.012000000104308128,0.007000000216066837,1.0099999904632568,1773949092.459
-0.008999999612569809,-0.04899999871850014,1.0290000438690186,1773949092.479
-0.00800000037997961,-0.03099999949336052,1.0190000534057617,1773949092.499
0.006000000052154064,-0.03099999949336052,1.0110000371932983,1773949092.519
-0.017999999225139618,-0.013000000268220901,1.024999976158142,1773949092.439
-0.012000000104308128,0.007000000216066837,1.0099999904632568,1773949092.459
-0.008999999612569809,-0.04899999871850014,1.0290000438690186,1773949092.479
-0.00800000037997961,-0.03099999949336052,1.0190000534057617,1773949092.499
0.006000000052154064,-0.03099999949336052,1.0110000371932983,1773949092.519
-0.017999999225139618,-0.013000000268220901,1.024999976158142,1773949092.439
-0.012000000104308128,0.007000000216066837,1.0099999904632568,1773949092.459
-0.008999999612569809,-0.04899999871850014,1.0290000438690186,1773949092.479
-0.00800000037997961,-0.03099999949336052,1.0190000534057617,1773949092.499
0.006000000052154064,-0.03099999949336052,1.0110000371932983,1773949092.519
-0.02500000037252903,0.03700000047683716,1.1720000505447388,1773949092.939
0.03400000184774399,0.11999999731779099,0.8610000014305115,1773949092.959
-0.0430000014603138,-0.02800000086426735,1.152999997138977,1773949092.982
-0.06499999761581421,0.1120000034570694,0.8659999966621399,1773949093.003
0.014999999664723873,-0.0020000000949949026,1.1050000190734863,1773949093.02
-0.02500000037252903,0.03700000047683716,1.1720000505447388,1773949092.939
0.03400000184774399,0.11999999731779099,0.8610000014305115,1773949092.959
-0.0430000014603138,-0.02800000086426735,1.152999997138977,1773949092.982
-0.06499999761581421,0.1120000034570694,0.8659999966621399,1773949093.003
0.014999999664723873,-0.0020000000949949026,1.1050000190734863,1773949093.02
-0.08100000023841858,-0.006000000052154064,1.2419999837875366,1773949093.459
-0.009999999776482582,-0.012000000104308128,0.9779999852180481,1773949093.479
-0.07699999958276749,-0.04500000178813934,1.1169999837875366,1773949093.499
0.04800000041723251,0.027000000700354576,0.9390000104904175,1773949093.519
0.06300000101327896,0.02800000086426735,0.871999979019165,1773949093.539
-0.08100000023841858,-0.006000000052154064,1.2419999837875366,1773949093.459
-0.009999999776482582,-0.012000000104308128,0.9779999852180481,1773949093.479
-0.07699999958276749,-0.04500000178813934,1.1169999837875366,1773949093.499
0.04800000041723251,0.027000000700354576,0.9390000104904175,1773949093.519
0.06300000101327896,0.02800000086426735,0.871999979019165,1773949093.539
-0.08100000023841858,-0.006000000052154064,1.2419999837875366,1773949093.459
-0.009999999776482582,-0.012000000104308128,0.9779999852180481,1773949093.479
-0.07699999958276749,-0.04500000178813934,1.1169999837875366,1773949093.499
0.04800000041723251,0.027000000700354576,0.9390000104904175,1773949093.519
0.06300000101327896,0.02800000086426735,0.871999979019165,1773949093.539
-0.02500000037252903,-0.10100000351667404,1.0549999475479126,1773949093.981
0.06700000166893005,-0.12099999934434891,1.0570000410079956,1773949093.999
-0.05700000002980232,-0.11800000071525574,0.9490000009536743,1773949094.019
-0.06400000303983688,-0.11100000143051147,1.0520000457763672,1773949094.039
0.027000000700354576,-0.11599999666213989,1.0210000276565552,1773949094.059
-0.02500000037252903,-0.10100000351667404,1.0549999475479126,1773949093.981
0.06700000166893005,-0.12099999934434891,1.0570000410079956,1773949093.999
-0.05700000002980232,-0.11800000071525574,0.9490000009536743,1773949094.019
-0.06400000303983688,-0.11100000143051147,1.0520000457763672,1773949094.039
0.027000000700354576,-0.11599999666213989,1.0210000276565552,1773949094.059
-0.02500000037252903,-0.10100000351667404,1.0549999475479126,1773949093.981
0.06700000166893005,-0.12099999934434891,1.0570000410079956,1773949093.999
-0.05700000002980232,-0.11800000071525574,0.9490000009536743,1773949094.019
-0.06400000303983688,-0.11100000143051147,1.0520000457763672,1773949094.039
0.027000000700354576,-0.11599999666213989,1.0210000276565552,1773949094.059
0.010999999940395355,0.029999999329447746,0.949999988079071,1773949094.479
-0.10599999874830246,-0.008999999612569809,1.0190000534057617,1773949094.5
-0.012000000104308128,0.03500000014901161,1.0729999542236328,1773949094.519
0.0560000017285347,0.05999999865889549,0.9390000104904175,1773949094.539
-0.11900000274181366,-0.009999999776482582,1.0420000553131104,1773949094.559
0.010999999940395355,0.029999999329447746,0.949999988079071,1773949094.479
-0.10599999874830246,-0.008999999612569809,1.0190000534057617,1773949094.5
-0.012000000104308128,0.03500000014901161,1.0729999542236328,1773949094.519
0.0560000017285347,0.05999999865889549,0.9390000104904175,1773949094.539
-0.11900000274181366,-0.009999999776482582,1.0420000553131104,1773949094.559
0.010999999940395355,0.029999999329447746,0.949999988079071,1773949094.479
-0.10599999874830246,-0.008999999612569809,1.0190000534057617,1773949094.5
-0.012000000104308128,0.03500000014901161,1.0729999542236328,1773949094.519
0.0560000017285347,0.05999999865889549,0.9390000104904175,1773949094.539
-0.11900000274181366,-0.009999999776482582,1.0420000553131104,1773949094.559
0.05400000140070915,-0.029999999329447746,1.0980000495910645,1773949095.0
-0.041999999433755875,0.08100000023841858,1.059999942779541,1773949095.019
0.07999999821186066,-0.026000000536441803,1.059000015258789,1773949095.04
-0.03400000184774399,0.0010000000474974513,0.9330000281333923,1773949095.059
-0.1599999964237213,0.04800000041723251,1.0169999599456787,1773949095.079
0.05400000140070915,-0.029999999329447746,1.0980000495910645,1773949095.0
-0.041999999433755875,0.08100000023841858,1.059999942779541,1773949095.019
0.07999999821186066,-0.026000000536441803,1.059000015258789,1773949095.04
-0.03400000184774399,0.0010000000474974513,0.9330000281333923,1773949095.059
-0.1599999964237213,0.04800000041723251,1.0169999599456787,1773949095.079
0.03200000151991844,-0.02800000086426735,0.9829999804496765,1773949095.504
0.06199999898672104,-0.02800000086426735,0.9079999923706055,1773949095.52
-0.07599999755620956,0.01899999938905239,1.0210000276565552,1773949095.539
-0.054999999701976776,-0.03099999949336052,1.1660000085830688,1773949095.559
0.0729999989271164,-0.03200000151991844,0.9869999885559082,1773949095.581
0.03200000151991844,-0.02800000086426735,0.9829999804496765,1773949095.504
0.06199999898672104,-0.02800000086426735,0.9079999923706055,1773949095.52
-0.07599999755620956,0.01899999938905239,1.0210000276565552,1773949095.539
-0.054999999701976776,-0.03099999949336052,1.1660000085830688,1773949095.559
0.0729999989271164,-0.03200000151991844,0.9869999885559082,1773949095.581
0.03200000151991844,-0.02800000086426735,0.9829999804496765,1773949095.504
0.06199999898672104,-0.02800000086426735,0.9079999923706055,1773949095.52
-0.07599999755620956,0.01899999938905239,1.0210000276565552,1773949095.539
-0.054999999701976776,-0.03099999949336052,1.1660000085830688,1773949095.559
0.0729999989271164,-0.03200000151991844,0.9869999885559082,1773949095.581
-0.02199999988079071,0.008999999612569809,0.8500000238418579,1773949096.02
0.04500000178813934,-0.0020000000949949026,1.0579999685287476,1773949096.041
-0.012000000104308128,0.05400000140070915,1.0010000467300415,1773949096.059
-0.08699999749660492,-0.09700000286102295,1.2079999446868896,1773949096.079
-0.0020000000949949026,-0.003000000026077032,0.9399999976158142,1773949096.099
-0.02199999988079071,0.008999999612569809,0.8500000238418579,1773949096.02
0.04500000178813934,-0.0020000000949949026,1.0579999685287476,1773949096.041
-0.012000000104308128,0.05400000140070915,1.0010000467300415,1773949096.059
-0.08699999749660492,-0.09700000286102295,1.2079999446868896,1773949096.079
-0.0020000000949949026,-0.003000000026077032,0.9399999976158142,1773949096.099
-0.02199999988079071,0.008999999612569809,0.8500000238418579,1773949096.02
0.04500000178813934,-0.0020000000949949026,1.0579999685287476,1773949096.041
-0.012000000104308128,0.05400000140070915,1.0010000467300415,1773949096.059
-0.08699999749660492,-0.09700000286102295,1.2079999446868896,1773949096.079
-0.0020000000949949026,-0.003000000026077032,0.9399999976158142,1773949096.099
-0.1120000034570694,-0.07000000029802322,1.2389999628067017,1773949096.519
0.0010000000474974513,0.029999999329447746,0.8920000195503235,1773949096.539
0.050999999046325684,-0.04899999871850014,1.1440000534057617,1773949096.56
0.029999999329447746,0.03799999877810478,0.8769999742507935,1773949096.582
-0.09099999815225601,-0.027000000700354576,0.9010000228881836,1773949096.6
-0.1120000034570694,-0.07000000029802322,1.2389999628067017,1773949096.519
0.0010000000474974513,0.029999999329447746,0.8920000195503235,1773949096.539
0.050999999046325684,-0.04899999871850014,1.1440000534057617,1773949096.56
0.029999999329447746,0.03799999877810478,0.8769999742507935,1773949096.582
-0.09099999815225601,-0.027000000700354576,0.9010000228881836,1773949096.6
-0.1120000034570694,-0.07000000029802322,1.2389999628067017,1773949096.519
0.0010000000474974513,0.029999999329447746,0.8920000195503235,1773949096.539
0.050999999046325684,-0.04899999871850014,1.1440000534057617,1773949096.56
0.029999999329447746,0.03799999877810478,0.8769999742507935,1773949096.582
-0.09099999815225601,-0.027000000700354576,0.9010000228881836,1773949096.6
-0.004999999888241291,-0.014000000432133675,0.9679999947547913,1773949097.019
-0.1080000028014183,0.01600000075995922,1.0130000114440918,1773949097.042
-0.027000000700354576,-0.003000000026077032,1.0010000467300415,1773949097.059
0.03200000151991844,-0.05000000074505806,1.0429999828338623,1773949097.079
-0.0989999994635582,-0.03799999877810478,0.9729999899864197,1773949097.099
-0.004999999888241291,-0.014000000432133675,0.9679999947547913,1773949097.019
-0.1080000028014183,0.01600000075995922,1.0130000114440918,1773949097.042
-0.027000000700354576,-0.003000000026077032,1.0010000467300415,1773949097.059
0.03200000151991844,-0.05000000074505806,1.0429999828338623,1773949097.079
-0.0989999994635582,-0.03799999877810478,0.9729999899864197,1773949097.099
-0.004000000189989805,0.007000000216066837,0.8709999918937683,1773949097.539
-0.10499999672174454,-0.008999999612569809,0.9760000109672546,1773949097.559
-0.004999999888241291,0.024000000208616257,1.0709999799728394,1773949097.584
0.1289999932050705,0.04899999871850014,0.9589999914169312,1773949097.6
-0.12200000137090683,0.0020000000949949026,1.1419999599456787,1773949097.619
-0.004000000189989805,0.007000000216066837,0.8709999918937683,1773949097.539
-0.10499999672174454,-0.008999999612569809,0.9760000109672546,1773949097.559
-0.004999999888241291,0.024000000208616257,1.0709999799728394,1773949097.584
0.1289999932050705,0.04899999871850014,0.9589999914169312,1773949097.6
-0.12200000137090683,0.0020000000949949026,1.1419999599456787,1773949097.619
-0.004000000189989805,0.007000000216066837,0.8709999918937683,1773949097.539
-0.10499999672174454,-0.008999999612569809,0.9760000109672546,1773949097.559
-0.004999999888241291,0.024000000208616257,1.0709999799728394,1773949097.584
0.1289999932050705,0.04899999871850014,0.9589999914169312,1773949097.6
-0.12200000137090683,0.0020000000949949026,1.1419999599456787,1773949097.619
0.09700000286102295,0.017999999225139618,0.9750000238418579,1773949098.043
-0.03400000184774399,0.026000000536441803,0.9950000047683716,1773949098.06
-0.1469999998807907,-0.009999999776482582,0.9980000257492065,1773949098.079
-0.03700000047683716,-0.03500000014901161,1.0180000066757202,1773949098.099
0.0729999989271164,0.05400000140070915,0.949999988079071,1773949098.119
0.09700000286102295,0.017999999225139618,0.9750000238418579,1773949098.043
-0.03400000184774399,0.026000000536441803,0.9950000047683716,1773949098.06
-0.1469999998807907,-0.009999999776482582,0.9980000257492065,1773949098.079
-0.03700000047683716,-0.03500000014901161,1.0180000066757202,1773949098.099
0.0729999989271164,0.05400000140070915,0.949999988079071,1773949098.119
0.09700000286102295,0.017999999225139618,0.9750000238418579,1773949098.043
-0.03400000184774399,0.026000000536441803,0.9950000047683716,1773949098.06
-0.1469999998807907,-0.009999999776482582,0.9980000257492065,1773949098.079
-0.03700000047683716,-0.03500000014901161,1.0180000066757202,1773949098.099
0.0729999989271164,0.05400000140070915,0.949999988079071,1773949098.119
0.035999998450279236,-0.01600000075995922,0.9990000128746033,1773949098.56
-0.08699999749660492,0.004999999888241291,1.0640000104904175,1773949098.584
-0.03500000014901161,0.014000000432133675,1.0709999799728394,1773949098.6
0.05299999937415123,0.0020000000949949026,1.0429999828338623,1773949098.619
0.08299999684095383,0.0430000014603138,0.9259999990463257,1773949098.64
0.035999998450279236,-0.01600000075995922,0.9990000128746033,1773949098.56
-0.08699999749660492,0.004999999888241291,1.0640000104904175,1773949098.584
-0.03500000014901161,0.014000000432133675,1.0709999799728394,1773949098.6
0.05299999937415123,0.0020000000949949026,1.0429999828338623,1773949098.619
0.08299999684095383,0.0430000014603138,0.9259999990463257,1773949098.64
0.035999998450279236,-0.01600000075995922,0.9990000128746033,1773949098.56
-0.08699999749660492,0.004999999888241291,1.0640000104904175,1773949098.584
-0.03500000014901161,0.014000000432133675,1.0709999799728394,1773949098.6
0.05299999937415123,0.0020000000949949026,1.0429999828338623,1773949098.619
0.08299999684095383,0.0430000014603138,0.9259999990463257,1773949098.64
0.004999999888241291,-0.0729999989271164,1.034999966621399,1773949099.059
0.09300000220537186,-0.007000000216066837,0.9079999923706055,1773949099.079
-0.0560000017285347,0.02500000037252903,1.13100004196167,1773949099.099
-0.0729999989271164,-0.020999999716877937,0.9480000138282776,1773949099.119
-0.01899999938905239,-0.027000000700354576,1.0110000371932983,1773949099.141
0.004999999888241291,-0.0729999989271164,1.034999966621399,1773949099.059
0.09300000220537186,-0.007000000216066837,0.9079999923706055,1773949099.079
-0.0560000017285347,0.02500000037252903,1.13100004196167,1773949099.099
-0.0729999989271164,-0.020999999716877937,0.9480000138282776,1773949099.119
-0.01899999938905239,-0.027000000700354576,1.0110000371932983,1773949099.141
0.004999999888241291,-0.0729999989271164,1.034999966621399,1773949099.059
0.09300000220537186,-0.007000000216066837,0.9079999923706055,1773949099.079
-0.0560000017285347,0.02500000037252903,1.13100004196167,1773949099.099
-0.0729999989271164,-0.020999999716877937,0.9480000138282776,1773949099.119
-0.01899999938905239,-0.027000000700354576,1.0110000371932983,1773949099.141
0.02199999988079071,0.035999998450279236,0.9229999780654907,1773949099.584
-0.003000000026077032,0.057999998331069946,0.9629999995231628,1773949099.599
-0.07400000095367432,-0.017000000923871994,1.1679999828338623,1773949099.619
0.0820000022649765,0.03099999949336052,0.9610000252723694,1773949099.642
0.0020000000949949026,-0.01899999938905239,0.968999981880188,1773949099.66
0.02199999988079071,0.035999998450279236,0.9229999780654907,1773949099.584
-0.003000000026077032,0.057999998331069946,0.9629999995231628,1773949099.599
-0.07400000095367432,-0.017000000923871994,1.1679999828338623,1773949099.619
0.0820000022649765,0.03099999949336052,0.9610000252723694,1773949099.642
0.0020000000949949026,-0.01899999938905239,0.968999981880188,1773949099.66
-0.023000000044703484,-0.017000000923871994,1.1729999780654907,1773949100.079
0.10199999809265137,0.028999999165534973,0.9210000038146973,1773949100.101
-0.06499999761581421,0.004000000189989805,0.9990000128746033,1773949100.119
-0.061000000685453415,-0.04699999839067459,1.2350000143051147,1773949100.142
0.041999999433755875,-0.04399999976158142,0.9710000157356262,1773949100.159
-0.023000000044703484,-0.017000000923871994,1.1729999780654907,1773949100.079
0.10199999809265137,0.028999999165534973,0.9210000038146973,1773949100.101
-0.06499999761581421,0.004000000189989805,0.9990000128746033,1773949100.119
-0.061000000685453415,-0.04699999839067459,1.2350000143051147,1773949100.142
0.041999999433755875,-0.04399999976158142,0.9710000157356262,1773949100.159
-0.023000000044703484,-0.017000000923871994,1.1729999780654907,1773949100.079
0.10199999809265137,0.028999999165534973,0.9210000038146973,1773949100.101
-0.06499999761581421,0.004000000189989805,0.9990000128746033,1773949100.119
-0.061000000685453415,-0.04699999839067459,1.2350000143051147,1773949100.142
0.041999999433755875,-0.04399999976158142,0.9710000157356262,1773949100.159
-0.11900000274181366,-0.05000000074505806,1.1160000562667847,1773949100.599
0.07500000298023224,-0.07400000095367432,1.0299999713897705,1773949100.619
0.00800000037997961,-0.03999999910593033,0.8790000081062317,1773949100.641
-0.027000000700354576,-0.06199999898672104,1.0470000505447388,1773949100.659
-0.023000000044703484,0.0010000000474974513,0.9350000023841858,1773949100.681
-0.11900000274181366,-0.05000000074505806,1.1160000562667847,1773949100.599
0.07500000298023224,-0.07400000095367432,1.0299999713897705,1773949100.619
0.00800000037997961,-0.03999999910593033,0.8790000081062317,1773949100.641
-0.027000000700354576,-0.06199999898672104,1.0470000505447388,1773949100.659
-0.023000000044703484,0.0010000000474974513,0.9350000023841858,1773949100.681
-0.003000000026077032,-0.014999999664723873,0.9990000128746033,1773949101.119
0.039000000804662704,0.08900000154972076,0.9430000185966492,1773949101.141
-0.10599999874830246,-0.020999999716877937,1.0290000438690186,1773949101.16
0.012000000104308128,0.04699999839067459,1.0329999923706055,1773949101.181
0.02500000037252903,0.014999999664723873,1.0,1773949101.199
-0.003000000026077032,-0.014999999664723873,0.9990000128746033,1773949101.119
0.039000000804662704,0.08900000154972076,0.9430000185966492,1773949101.141
-0.10599999874830246,-0.020999999716877937,1.0290000438690186,1773949101.16
0.012000000104308128,0.04699999839067459,1.0329999923706055,1773949101.181
0.02500000037252903,0.014999999664723873,1.0,1773949101.199
-0.003000000026077032,-0.014999999664723873,0.9990000128746033,1773949101.119
0.039000000804662704,0.08900000154972076,0.9430000185966492,1773949101.141
-0.10599999874830246,-0.020999999716877937,1.0290000438690186,1773949101.16
0.012000000104308128,0.04699999839067459,1.0329999923706055,1773949101.181
0.02500000037252903,0.014999999664723873,1.0,1773949101.199
-0.003000000026077032,-0.014999999664723873,0.9990000128746033,1773949101.119
0.039000000804662704,0.08900000154972076,0.9430000185966492,1773949101.141
-0.10599999874830246,-0.020999999716877937,1.0290000438690186,1773949101.16
0.012000000104308128,0.04699999839067459,1.0329999923706055,1773949101.181
0.02500000037252903,0.014999999664723873,1.0,1773949101.199
0.05700000002980232,0.09399999678134918,1.0190000534057617,1773949101.619
-0.08399999886751175,0.07400000095367432,0.9459999799728394,1773949101.643
-0.061000000685453415,0.023000000044703484,0.9909999966621399,1773949101.66
0.03400000184774399,0.10100000351667404,1.0540000200271606,1773949101.679
-0.1340000033378601,0.032999999821186066,1.1239999532699585,1773949101.702
0.05700000002980232,0.09399999678134918,1.0190000534057617,1773949101.619
-0.08399999886751175,0.07400000095367432,0.9459999799728394,1773949101.643
-0.061000000685453415,0.023000000044703484,0.9909999966621399,1773949101.66
0.03400000184774399,0.10100000351667404,1.0540000200271606,1773949101.679
-0.1340000033378601,0.032999999821186066,1.1239999532699585,1773949101.702
-0.0729999989271164,0.0430000014603138,0.8360000252723694,1773949102.119
0.019999999552965164,-0.014000000432133675,1.1119999885559082,1773949102.143
0.041999999433755875,0.08500000089406967,0.9810000061988831,1773949102.16
-0.027000000700354576,-0.026000000536441803,1.2020000219345093,1773949102.182
0.019999999552965164,-0.04500000178813934,0.9750000238418579,1773949102.2
-0.0729999989271164,0.0430000014603138,0.8360000252723694,1773949102.119
0.019999999552965164,-0.014000000432133675,1.1119999885559082,1773949102.143
0.041999999433755875,0.08500000089406967,0.9810000061988831,1773949102.16
-0.027000000700354576,-0.026000000536441803,1.2020000219345093,1773949102.182
0.019999999552965164,-0.04500000178813934,0.9750000238418579,1773949102.2
-0.0729999989271164,0.0430000014603138,0.8360000252723694,1773949102.119
0.019999999552965164,-0.014000000432133675,1.1119999885559082,1773949102.143
0.041999999433755875,0.08500000089406967,0.9810000061988831,1773949102.16
-0.027000000700354576,-0.026000000536441803,1.2020000219345093,1773949102.182
0.019999999552965164,-0.04500000178813934,0.9750000238418579,1773949102.2
-0.041999999433755875,0.0020000000949949026,1.0140000581741333,1773949102.639
0.013000000268220901,0.03200000151991844,0.9769999980926514,1773949102.66
0.014999999664723873,-0.009999999776482582,1.0770000219345093,1773949102.679
-0.07999999821186066,0.02800000086426735,1.059000015258789,1773949102.701
-0.00800000037997961,0.01600000075995922,0.9750000238418579,1773949102.72
-0.041999999433755875,0.0020000000949949026,1.0140000581741333,1773949102.639
0.013000000268220901,0.03200000151991844,0.9769999980926514,1773949102.66
0.014999999664723873,-0.009999999776482582,1.0770000219345093,1773949102.679
-0.07999999821186066,0.02800000086426735,1.059000015258789,1773949102.701
-0.00800000037997961,0.01600000075995922,0.9750000238418579,1773949102.72
-0.041999999433755875,0.0020000000949949026,1.0140000581741333,1773949102.639
0.013000000268220901,0.03200000151991844,0.9769999980926514,1773949102.66
0.014999999664723873,-0.009999999776482582,1.0770000219345093,1773949102.679
-0.07999999821186066,0.02800000086426735,1.059000015258789,1773949102.701
-0.00800000037997961,0.01600000075995922,0.9750000238418579,1773949102.72
-0.08699999749660492,-0.00800000037997961,0.9269999861717224,1773949103.142
-0.02800000086426735,-0.03200000151991844,0.9480000138282776,1773949103.159
0.05400000140070915,0.0989999994635582,1.1150000095367432,1773949103.181
0.03500000014901161,-0.003000000026077032,1.0959999561309814,1773949103.2
-0.10599999874830246,-0.029999999329447746,1.0880000591278076,1773949103.22
-0.08699999749660492,-0.00800000037997961,0.9269999861717224,1773949103.142
-0.02800000086426735,-0.03200000151991844,0.9480000138282776,1773949103.159
0.05400000140070915,0.0989999994635582,1.1150000095367432,1773949103.181
0.03500000014901161,-0.003000000026077032,1.0959999561309814,1773949103.2
-0.10599999874830246,-0.029999999329447746,1.0880000591278076,1773949103.22
-0.08699999749660492,-0.00800000037997961,0.9269999861717224,1773949103.142
-0.02800000086426735,-0.03200000151991844,0.9480000138282776,1773949103.159
0.05400000140070915,0.0989999994635582,1.1150000095367432,1773949103.181
0.03500000014901161,-0.003000000026077032,1.0959999561309814,1773949103.2
-0.10599999874830246,-0.029999999329447746,1.0880000591278076,1773949103.22
-0.017000000923871994,-0.007000000216066837,1.0729999542236328,1773949103.641
-0.05900000035762787,0.0010000000474974513,0.9589999914169312,1773949103.66
-0.024000000208616257,-0.03700000047683716,0.9399999976158142,1773949103.68
0.003000000026077032,-0.027000000700354576,1.1119999885559082,1773949103.701
0.050999999046325684,0.006000000052154064,1.0700000524520874,1773949103.719
-0.017000000923871994,-0.007000000216066837,1.0729999542236328,1773949103.641
-0.05900000035762787,0.0010000000474974513,0.9589999914169312,1773949103.66
-0.024000000208616257,-0.03700000047683716,0.9399999976158142,1773949103.68
0.003000000026077032,-0.027000000700354576,1.1119999885559082,1773949103.701
0.050999999046325684,0.006000000052154064,1.0700000524520874,1773949103.719
-0.05999999865889549,-0.019999999552965164,1.1039999723434448,1773949104.16
-0.11699999868869781,-0.02800000086426735,0.9649999737739563,1773949104.183
0.006000000052154064,0.052000001072883606,0.9990000128746033,1773949104.2
0.07400000095367432,-0.014999999664723873,1.1349999904632568,1773949104.221
0.03400000184774399,0.006000000052154064,0.9670000076293945,1773949104.24
-0.05999999865889549,-0.019999999552965164,1.1039999723434448,1773949104.16
-0.11699999868869781,-0.02800000086426735,0.9649999737739563,1773949104.183
0.006000000052154064,0.052000001072883606,0.9990000128746033,1773949104.2
0.07400000095367432,-0.014999999664723873,1.1349999904632568,1773949104.221
0.03400000184774399,0.006000000052154064,0.9670000076293945,1773949104.24
-0.05999999865889549,-0.019999999552965164,1.1039999723434448,1773949104.16
-0.11699999868869781,-0.02800000086426735,0.9649999737739563,1773949104.183
0.006000000052154064,0.052000001072883606,0.9990000128746033,1773949104.2
0.07400000095367432,-0.014999999664723873,1.1349999904632568,1773949104.221
0.03400000184774399,0.006000000052154064,0.9670000076293945,1773949104.24
-0.07699999958276749,0.017999999225139618,0.9190000295639038,1773949104.66
-0.06800000369548798,-0.024000000208616257,0.9150000214576721,1773949104.681
0.05299999937415123,0.012000000104308128,0.9850000143051147,1773949104.704
0.06700000166893005,-0.02500000037252903,1.156000018119812,1773949104.72
0.0010000000474974513,-0.029999999329447746,0.9739999771118164,1773949104.741
-0.07699999958276749,0.017999999225139618,0.9190000295639038,1773949104.66
-0.06800000369548798,-0.024000000208616257,0.9150000214576721,1773949104.681
0.05299999937415123,0.012000000104308128,0.9850000143051147,1773949104.704
0.06700000166893005,-0.02500000037252903,1.156000018119812,1773949104.72
0.0010000000474974513,-0.029999999329447746,0.9739999771118164,1773949104.741
-0.07699999958276749,0.017999999225139618,0.9190000295639038,1773949104.66
-0.06800000369548798,-0.024000000208616257,0.9150000214576721,1773949104.681
0.05299999937415123,0.012000000104308128,0.9850000143051147,1773949104.704
0.06700000166893005,-0.02500000037252903,1.156000018119812,1773949104.72
0.0010000000474974513,-0.029999999329447746,0.9739999771118164,1773949104.741
-0.03099999949336052,-0.04100000113248825,0.984000027179718,1773949105.182
-0.028999999165534973,0.003000000026077032,1.0549999475479126,1773949105.2
0.02800000086426735,0.017999999225139618,1.0789999961853027,1773949105.22
0.009999999776482582,-0.03200000151991844,0.9729999899864197,1773949105.243
-0.19699999690055847,0.009999999776482582,0.9160000085830688,1773949105.26
-0.03099999949336052,-0.04100000113248825,0.984000027179718,1773949105.182
-0.028999999165534973,0.003000000026077032,1.0549999475479126,1773949105.2
0.02800000086426735,0.017999999225139618,1.0789999961853027,1773949105.22
0.009999999776482582,-0.03200000151991844,0.9729999899864197,1773949105.243
-0.19699999690055847,0.009999999776482582,0.9160000085830688,1773949105.26
0.03200000151991844,-0.020999999716877937,1.0160000324249268,1773949105.68
-0.017000000923871994,0.00800000037997961,1.0460000038146973,1773949105.701
-0.02800000086426735,-0.004999999888241291,0.9670000076293945,1773949105.721
-0.020999999716877937,-0.028999999165534973,1.0169999599456787,1773949105.741
-0.11299999803304672,0.009999999776482582,0.9459999799728394,1773949105.76
0.03200000151991844,-0.020999999716877937,1.0160000324249268,1773949105.68
-0.017000000923871994,0.00800000037997961,1.0460000038146973,1773949105.701
-0.02800000086426735,-0.004999999888241291,0.9670000076293945,1773949105.721
-0.020999999716877937,-0.028999999165534973,1.0169999599456787,1773949105.741
-0.11299999803304672,0.009999999776482582,0.9459999799728394,1773949105.76
0.03200000151991844,-0.020999999716877937,1.0160000324249268,1773949105.68
-0.017000000923871994,0.00800000037997961,1.0460000038146973,1773949105.701
-0.02800000086426735,-0.004999999888241291,0.9670000076293945,1773949105.721
-0.020999999716877937,-0.028999999165534973,1.0169999599456787,1773949105.741
-0.11299999803304672,0.009999999776482582,0.9459999799728394,1773949105.76
-0.04800000041723251,-0.003000000026077032,1.0950000286102295,1773949106.2
0.010999999940395355,0.006000000052154064,0.9279999732971191,1773949106.22
-0.023000000044703484,-0.017000000923871994,1.0800000429153442,1773949106.24
-0.07100000232458115,0.052000001072883606,0.8119999766349792,1773949106.26
-0.05700000002980232,0.0430000014603138,1.093000054359436,1773949106.282
-0.04800000041723251,-0.003000000026077032,1.0950000286102295,1773949106.2
0.010999999940395355,0.006000000052154064,0.9279999732971191,1773949106.22
-0.023000000044703484,-0.017000000923871994,1.0800000429153442,1773949106.24
-0.07100000232458115,0.052000001072883606,0.8119999766349792,1773949106.26
-0.05700000002980232,0.0430000014603138,1.093000054359436,1773949106.282
0.003000000026077032,-0.008999999612569809,0.9139999747276306,1773949106.723
0.017000000923871994,0.026000000536441803,1.0230000019073486,1773949106.74
-0.019999999552965164,0.04800000041723251,0.9359999895095825,1773949106.76
-0.14399999380111694,0.01600000075995922,1.1360000371932983,1773949106.782
-0.03700000047683716,-0.0689999982714653,1.0390000343322754,1773949106.8
0.003000000026077032,-0.008999999612569809,0.9139999747276306,1773949106.723
0.017000000923871994,0.026000000536441803,1.0230000019073486,1773949106.74
-0.019999999552965164,0.04800000041723251,0.9359999895095825,1773949106.76
-0.14399999380111694,0.01600000075995922,1.1360000371932983,1773949106.782
-0.03700000047683716,-0.0689999982714653,1.0390000343322754,1773949106.8
0.003000000026077032,-0.008999999612569809,0.9139999747276306,1773949106.723
0.017000000923871994,0.026000000536441803,1.0230000019073486,1773949106.74
-0.019999999552965164,0.04800000041723251,0.9359999895095825,1773949106.76
-0.14399999380111694,0.01600000075995922,1.1360000371932983,1773949106.782
-0.03700000047683716,-0.0689999982714653,1.0390000343322754,1773949106.8
-0.07599999755620956,-0.00800000037997961,1.1039999723434448,1773949107.22
0.052000001072883606,0.017999999225139618,1.031000018119812,1773949107.24
0.02800000086426735,0.0010000000474974513,1.1440000534057617,1773949107.259
-0.13600000739097595,-0.03999999910593033,1.0119999647140503,1773949107.28
-0.04899999871850014,-0.017999999225139618,0.9179999828338623,1773949107.3
-0.07599999755620956,-0.00800000037997961,1.1039999723434448,1773949107.22
0.052000001072883606,0.017999999225139618,1.031000018119812,1773949107.24
0.02800000086426735,0.0010000000474974513,1.1440000534057617,1773949107.259
-0.13600000739097595,-0.03999999910593033,1.0119999647140503,1773949107.28
-0.04899999871850014,-0.017999999225139618,0.9179999828338623,1773949107.3
-0.07599999755620956,-0.00800000037997961,1.1039999723434448,1773949107.22
0.052000001072883606,0.017999999225139618,1.031000018119812,1773949107.24
0.02800000086426735,0.0010000000474974513,1.1440000534057617,1773949107.259
-0.13600000739097595,-0.03999999910593033,1.0119999647140503,1773949107.28
-0.04899999871850014,-0.017999999225139618,0.9179999828338623,1773949107.3
-0.05000000074505806,-0.09799999743700027,1.0169999599456787,1773949107.74
0.02500000037252903,-0.1340000033378601,1.0119999647140503,1773949107.76
-0.07800000160932541,-0.14399999380111694,1.00600004196167,1773949107.79
-0.02199999988079071,-0.06800000369548798,0.972000002861023,1773949107.8
0.06199999898672104,-0.1599999964237213,1.059999942779541,1773949107.821
-0.05000000074505806,-0.09799999743700027,1.0169999599456787,1773949107.74
0.02500000037252903,-0.1340000033378601,1.0119999647140503,1773949107.76
-0.07800000160932541,-0.14399999380111694,1.00600004196167,1773949107.79
-0.02199999988079071,-0.06800000369548798,0.972000002861023,1773949107.8
0.06199999898672104,-0.1599999964237213,1.059999942779541,1773949107.821
-0.05000000074505806,-0.09799999743700027,1.0169999599456787,1773949107.74
0.02500000037252903,-0.1340000033378601,1.0119999647140503,1773949107.76
-0.07800000160932541,-0.14399999380111694,1.00600004196167,1773949107.79
-0.02199999988079071,-0.06800000369548798,0.972000002861023,1773949107.8
0.06199999898672104,-0.1599999964237213,1.059999942779541,1773949107.821
-0.020999999716877937,-0.013000000268220901,1.0149999856948853,1773949108.241
-0.017999999225139618,-0.007000000216066837,1.0190000534057617,1773949108.26
-0.012000000104308128,-0.009999999776482582,1.0149999856948853,1773949108.28
-0.02199999988079071,-0.014999999664723873,1.0110000371932983,1773949108.301
-0.01899999938905239,-0.009999999776482582,1.0199999809265137,1773949108.319
-0.020999999716877937,-0.013000000268220901,1.0149999856948853,1773949108.241
-0.017999999225139618,-0.007000000216066837,1.0190000534057617,1773949108.26
-0.012000000104308128,-0.009999999776482582,1.0149999856948853,1773949108.28
-0.02199999988079071,-0.014999999664723873,1.0110000371932983,1773949108.301
-0.01899999938905239,-0.009999999776482582,1.0199999809265137,1773949108.319
-0.020999999716877937,-0.013000000268220901,1.0149999856948853,1773949108.241
-0.017999999225139618,-0.007000000216066837,1.0190000534057617,1773949108.26
-0.012000000104308128,-0.009999999776482582,1.0149999856948853,1773949108.28
-0.02199999988079071,-0.014999999664723873,1.0110000371932983,1773949108.301
-0.01899999938905239,-0.009999999776482582,1.0199999809265137,1773949108.319
-0.013000000268220901,-0.028999999165534973,1.0720000267028809,1773949108.759
0.010999999940395355,-0.0,0.9729999899864197,1773949108.783
-0.039000000804662704,-0.02199999988079071,1.0410000085830688,1773949108.8
0.014000000432133675,0.028999999165534973,1.0069999694824219,1773949108.82
-0.02500000037252903,0.006000000052154064,0.9900000095367432,1773949108.841
-0.013000000268220901,-0.028999999165534973,1.0720000267028809,1773949108.759
0.010999999940395355,-0.0,0.9729999899864197,1773949108.783
-0.039000000804662704,-0.02199999988079071,1.0410000085830688,1773949108.8
0.014000000432133675,0.028999999165534973,1.0069999694824219,1773949108.82
-0.02500000037252903,0.006000000052154064,0.9900000095367432,1773949108.841
-0.013000000268220901,-0.028999999165534973,1.0720000267028809,1773949108.759
0.010999999940395355,-0.0,0.9729999899864197,1773949108.783
-0.039000000804662704,-0.02199999988079071,1.0410000085830688,1773949108.8
0.014000000432133675,0.028999999165534973,1.0069999694824219,1773949108.82
-0.02500000037252903,0.006000000052154064,0.9900000095367432,1773949108.841
0.020999999716877937,-0.0010000000474974513,1.0099999904632568,1773949109.27
-0.012000000104308128,-0.009999999776482582,1.0169999599456787,1773949109.282
-0.023000000044703484,-0.013000000268220901,1.0420000553131104,1773949109.303
-0.004000000189989805,0.0020000000949949026,0.9819999933242798,1773949109.321
-0.027000000700354576,-0.026000000536441803,1.0679999589920044,1773949109.34
0.020999999716877937,-0.0010000000474974513,1.0099999904632568,1773949109.27
-0.012000000104308128,-0.009999999776482582,1.0169999599456787,1773949109.282
-0.023000000044703484,-0.013000000268220901,1.0420000553131104,1773949109.303
-0.004000000189989805,0.0020000000949949026,0.9819999933242798,1773949109.321
-0.027000000700354576,-0.026000000536441803,1.0679999589920044,1773949109.34
-0.06300000101327896,-0.035999998450279236,1.0980000495910645,1773949109.784
-0.003000000026077032,0.007000000216066837,0.9470000267028809,1773949109.802
-0.029999999329447746,-0.017999999225139618,1.0420000553131104,1773949109.82
-0.02500000037252903,-0.024000000208616257,1.0479999780654907,1773949109.84
-0.004000000189989805,-0.00800000037997961,0.9599999785423279,1773949109.86
-0.06300000101327896,-0.035999998450279236,1.0980000495910645,1773949109.784
-0.003000000026077032,0.007000000216066837,0.9470000267028809,1773949109.802
-0.029999999329447746,-0.017999999225139618,1.0420000553131104,1773949109.82
-0.02500000037252903,-0.024000000208616257,1.0479999780654907,1773949109.84
-0.004000000189989805,-0.00800000037997961,0.9599999785423279,1773949109.86
-0.028999999165534973,-0.029999999329447746,1.027999997138977,1773949110.283
-0.00800000037997961,-0.012000000104308128,1.0180000066757202,1773949110.302
-0.04399999976158142,-0.027000000700354576,1.0260000228881836,1773949110.326
0.014000000432133675,0.00800000037997961,0.9950000047683716,1773949110.345
-0.05299999937415123,-0.02500000037252903,1.0490000247955322,1773949110.362
-0.028999999165534973,-0.029999999329447746,1.027999997138977,1773949110.283
-0.00800000037997961,-0.012000000104308128,1.0180000066757202,1773949110.302
-0.04399999976158142,-0.027000000700354576,1.0260000228881836,1773949110.326
0.014000000432133675,0.00800000037997961,0.9950000047683716,1773949110.345
-0.05299999937415123,-0.02500000037252903,1.0490000247955322,1773949110.362
-0.028999999165534973,-0.029999999329447746,1.027999997138977,1773949110.283
-0.00800000037997961,-0.012000000104308128,1.0180000066757202,1773949110.302
-0.04399999976158142,-0.027000000700354576,1.0260000228881836,1773949110.326
0.014000000432133675,0.00800000037997961,0.9950000047683716,1773949110.345
-0.05299999937415123,-0.02500000037252903,1.0490000247955322,1773949110.362
-0.061000000685453415,-0.06400000303983688,1.0019999742507935,1773949110.8
-0.05299999937415123,-0.02800000086426735,0.9760000109672546,1773949110.821
-0.0430000014603138,-0.00800000037997961,1.0549999475479126,1773949110.841
-0.039000000804662704,-0.03099999949336052,0.984000027179718,1773949110.866
-0.008999999612569809,-0.01899999938905239,1.0260000228881836,1773949110.88
-0.061000000685453415,-0.06400000303983688,1.0019999742507935,1773949110.8
-0.05299999937415123,-0.02800000086426735,0.9760000109672546,1773949110.821
-0.0430000014603138,-0.00800000037997961,1.0549999475479126,1773949110.841
-0.039000000804662704,-0.03099999949336052,0.984000027179718,1773949110.866
-0.008999999612569809,-0.01899999938905239,1.0260000228881836,1773949110.88
-0.061000000685453415,-0.06400000303983688,1.0019999742507935,1773949110.8
-0.05299999937415123,-0.02800000086426735,0.9760000109672546,1773949110.821
-0.0430000014603138,-0.00800000037997961,1.0549999475479126,1773949110.841
-0.039000000804662704,-0.03099999949336052,0.984000027179718,1773949110.866
-0.008999999612569809,-0.01899999938905239,1.0260000228881836,1773949110.88
-0.03500000014901161,-0.023000000044703484,1.034000039100647,1773949111.301
-0.013000000268220901,0.00800000037997961,1.0140000581741333,1773949111.32
-0.02199999988079071,0.012000000104308128,0.9739999771118164,1773949111.343
-0.020999999716877937,-0.08900000154972076,1.0670000314712524,1773949111.36
-0.035999998450279236,0.008999999612569809,0.9679999947547913,1773949111.384
-0.03500000014901161,-0.023000000044703484,1.034000039100647,1773949111.301
-0.013000000268220901,0.00800000037997961,1.0140000581741333,1773949111.32
-0.02199999988079071,0.012000000104308128,0.9739999771118164,1773949111.343
-0.020999999716877937,-0.08900000154972076,1.0670000314712524,1773949111.36
-0.035999998450279236,0.008999999612569809,0.9679999947547913,1773949111.384
-0.03500000014901161,-0.023000000044703484,1.034000039100647,1773949111.301
-0.013000000268220901,0.00800000037997961,1.0140000581741333,1773949111.32
-0.02199999988079071,0.012000000104308128,0.9739999771118164,1773949111.343
-0.020999999716877937,-0.08900000154972076,1.0670000314712524,1773949111.36
-0.035999998450279236,0.008999999612569809,0.9679999947547913,1773949111.384
-0.008999999612569809,0.10300000011920929,1.0069999694824219,1773949111.82
-0.012000000104308128,0.0989999994635582,1.031999945640564,1773949111.84
-0.01899999938905239,0.15000000596046448,0.9710000157356262,1773949111.861
-0.00800000037997961,0.03099999949336052,1.0729999542236328,1773949111.88
-0.029999999329447746,0.08299999684095383,0.9779999852180481,1773949111.901
-0.008999999612569809,0.10300000011920929,1.0069999694824219,1773949111.82
-0.012000000104308128,0.0989999994635582,1.031999945640564,1773949111.84
-0.01899999938905239,0.15000000596046448,0.9710000157356262,1773949111.861
-0.00800000037997961,0.03099999949336052,1.0729999542236328,1773949111.88
-0.029999999329447746,0.08299999684095383,0.9779999852180481,1773949111.901
-0.032999999821186066,0.06400000303983688,1.0679999589920044,1773949112.32
-0.09200000017881393,0.04899999871850014,0.9120000004768372,1773949112.341
0.02500000037252903,0.04600000008940697,1.128000020980835,1773949112.36
0.07199999690055847,-0.017000000923871994,0.949999988079071,1773949112.382
-0.03500000014901161,0.003000000026077032,0.9909999966621399,1773949112.402
-0.032999999821186066,0.06400000303983688,1.0679999589920044,1773949112.32
-0.09200000017881393,0.04899999871850014,0.9120000004768372,1773949112.341
0.02500000037252903,0.04600000008940697,1.128000020980835,1773949112.36
0.07199999690055847,-0.017000000923871994,0.949999988079071,1773949112.382
-0.03500000014901161,0.003000000026077032,0.9909999966621399,1773949112.402
-0.032999999821186066,0.06400000303983688,1.0679999589920044,1773949112.32
-0.09200000017881393,0.04899999871850014,0.9120000004768372,1773949112.341
0.02500000037252903,0.04600000008940697,1.128000020980835,1773949112.36
0.07199999690055847,-0.017000000923871994,0.949999988079071,1773949112.382
-0.03500000014901161,0.003000000026077032,0.9909999966621399,1773949112.402
-0.03700000047683716,-0.02199999988079071,0.8880000114440918,1773949112.84
0.08100000023841858,0.014999999664723873,1.0640000104904175,1773949112.861
0.041999999433755875,-0.03099999949336052,1.0460000038146973,1773949112.882
-0.11999999731779099,-0.013000000268220901,0.7390000224113464,1773949112.901
-0.09099999815225601,0.009999999776482582,1.319000005722046,1773949112.92
-0.03700000047683716,-0.02199999988079071,0.8880000114440918,1773949112.84
0.08100000023841858,0.014999999664723873,1.0640000104904175,1773949112.861
0.041999999433755875,-0.03099999949336052,1.0460000038146973,1773949112.882
-0.11999999731779099,-0.013000000268220901,0.7390000224113464,1773949112.901
-0.09099999815225601,0.009999999776482582,1.319000005722046,1773949112.92
-0.028999999165534973,0.0689999982714653,1.031000018119812,1773949113.339
-0.14100000262260437,-0.052000001072883606,1.1360000371932983,1773949113.36
0.035999998450279236,0.028999999165534973,0.7279999852180481,1773949113.384
0.18199999630451202,-0.0020000000949949026,1.305999994277954,1773949113.4
0.0,0.029999999329447746,1.0169999599456787,1773949113.42
-0.028999999165534973,0.0689999982714653,1.031000018119812,1773949113.339
-0.14100000262260437,-0.052000001072883606,1.1360000371932983,1773949113.36
0.035999998450279236,0.028999999165534973,0.7279999852180481,1773949113.384
0.18199999630451202,-0.0020000000949949026,1.305999994277954,1773949113.4
0.0,0.029999999329447746,1.0169999599456787,1773949113.42
-0.028999999165534973,0.0689999982714653,1.031000018119812,1773949113.339
-0.14100000262260437,-0.052000001072883606,1.1360000371932983,1773949113.36
0.035999998450279236,0.028999999165534973,0.7279999852180481,1773949113.384
0.18199999630451202,-0.0020000000949949026,1.305999994277954,1773949113.4
0.0,0.029999999329447746,1.0169999599456787,1773949113.42
-0.07000000029802322,-0.10599999874830246,1.0210000276565552,1773949113.86
0.013000000268220901,-0.12999999523162842,0.9860000014305115,1773949113.883
0.008999999612569809,-0.11699999868869781,1.0579999685287476,1773949113.902
-0.028999999165534973,-0.054999999701976776,0.9789999723434448,1773949113.92
0.0010000000474974513,-0.13500000536441803,1.0640000104904175,1773949113.947
-0.07000000029802322,-0.10599999874830246,1.0210000276565552,1773949113.86
0.013000000268220901,-0.12999999523162842,0.9860000014305115,1773949113.883
0.008999999612569809,-0.11699999868869781,1.0579999685287476,1773949113.902
-0.028999999165534973,-0.054999999701976776,0.9789999723434448,1773949113.92
0.0010000000474974513,-0.13500000536441803,1.0640000104904175,1773949113.947
-0.07000000029802322,-0.10599999874830246,1.0210000276565552,1773949113.86
0.013000000268220901,-0.12999999523162842,0.9860000014305115,1773949113.883
0.008999999612569809,-0.11699999868869781,1.0579999685287476,1773949113.902
-0.028999999165534973,-0.054999999701976776,0.9789999723434448,1773949113.92
0.0010000000474974513,-0.13500000536441803,1.0640000104904175,1773949113.947
-0.027000000700354576,0.008999999612569809,1.0130000114440918,1773949114.365
-0.02199999988079071,0.004000000189989805,1.0149999856948853,1773949114.382
-0.02199999988079071,-0.00800000037997961,1.0140000581741333,1773949114.4
-0.02199999988079071,-0.003000000026077032,1.0199999809265137,1773949114.425
-0.02500000037252903,0.004999999888241291,1.0130000114440918,1773949114.44
-0.027000000700354576,0.008999999612569809,1.0130000114440918,1773949114.365
-0.02199999988079071,0.004000000189989805,1.0149999856948853,1773949114.382
-0.02199999988079071,-0.00800000037997961,1.0140000581741333,1773949114.4
-0.02199999988079071,-0.003000000026077032,1.0199999809265137,1773949114.425
-0.02500000037252903,0.004999999888241291,1.0130000114440918,1773949114.44
-0.019999999552965164,-0.0020000000949949026,1.0180000066757202,1773949114.88
-0.023000000044703484,0.003000000026077032,1.0199999809265137,1773949114.901
-0.02500000037252903,0.0010000000474974513,1.0169999599456787,1773949114.921
-0.02500000037252903,0.0010000000474974513,1.0219999551773071,1773949114.94
-0.024000000208616257,0.0020000000949949026,1.0130000114440918,1773949114.96
-0.019999999552965164,-0.0020000000949949026,1.0180000066757202,1773949114.88
-0.023000000044703484,0.003000000026077032,1.0199999809265137,1773949114.901
-0.02500000037252903,0.0010000000474974513,1.0169999599456787,1773949114.921
-0.02500000037252903,0.0010000000474974513,1.0219999551773071,1773949114.94
-0.024000000208616257,0.0020000000949949026,1.0130000114440918,1773949114.96
-0.019999999552965164,-0.0020000000949949026,1.0180000066757202,1773949114.88
-0.023000000044703484,0.003000000026077032,1.0199999809265137,1773949114.901
-0.02500000037252903,0.0010000000474974513,1.0169999599456787,1773949114.921
-0.02500000037252903,0.0010000000474974513,1.0219999551773071,1773949114.94
-0.024000000208616257,0.0020000000949949026,1.0130000114440918,1773949114.96
-0.0430000014603138,0.0020000000949949026,1.0410000085830688,1773949115.384
-0.07800000160932541,-0.00800000037997961,1.00600004196167,1773949115.4
-0.04100000113248825,0.006000000052154064,1.0369999408721924,1773949115.42
-0.041999999433755875,0.010999999940395355,0.9829999804496765,1773949115.44
0.007000000216066837,0.009999999776482582,1.0329999923706055,1773949115.46
-0.0430000014603138,0.0020000000949949026,1.0410000085830688,1773949115.384
-0.07800000160932541,-0.00800000037997961,1.00600004196167,1773949115.4
-0.04100000113248825,0.006000000052154064,1.0369999408721924,1773949115.42
-0.041999999433755875,0.010999999940395355,0.9829999804496765,1773949115.44
0.007000000216066837,0.009999999776482582,1.0329999923706055,1773949115.46
-0.01899999938905239,-0.019999999552965164,1.034000039100647,1773949115.902
-0.01600000075995922,-0.007000000216066837,0.9940000176429749,1773949115.92
-0.02800000086426735,0.012000000104308128,1.027999997138977,1773949115.94
0.03799999877810478,-0.03700000047683716,0.9810000061988831,1773949115.96
0.006000000052154064,-0.0010000000474974513,1.0299999713897705,1773949115.98
-0.01899999938905239,-0.019999999552965164,1.034000039100647,1773949115.902
-0.01600000075995922,-0.007000000216066837,0.9940000176429749,1773949115.92
-0.02800000086426735,0.012000000104308128,1.027999997138977,1773949115.94
0.03799999877810478,-0.03700000047683716,0.9810000061988831,1773949115.96
0.006000000052154064,-0.0010000000474974513,1.0299999713897705,1773949115.98
0.014000000432133675,0.0010000000474974513,1.031000018119812,1773949116.4
-0.004000000189989805,-0.0010000000474974513,1.0149999856948853,1773949116.421
-0.010999999940395355,-0.007000000216066837,1.0010000467300415,1773949116.441
-0.03400000184774399,0.0010000000474974513,1.0169999599456787,1773949116.461
-0.06400000303983688,0.01899999938905239,1.0230000019073486,1773949116.48
0.014000000432133675,0.0010000000474974513,1.031000018119812,1773949116.4
-0.004000000189989805,-0.0010000000474974513,1.0149999856948853,1773949116.421
-0.010999999940395355,-0.007000000216066837,1.0010000467300415,1773949116.441
-0.03400000184774399,0.0010000000474974513,1.0169999599456787,1773949116.461
-0.06400000303983688,0.01899999938905239,1.0230000019073486,1773949116.48
0.014000000432133675,0.0010000000474974513,1.031000018119812,1773949116.4
-0.004000000189989805,-0.0010000000474974513,1.0149999856948853,1773949116.421
-0.010999999940395355,-0.007000000216066837,1.0010000467300415,1773949116.441
-0.03400000184774399,0.0010000000474974513,1.0169999599456787,1773949116.461
-0.06400000303983688,0.01899999938905239,1.0230000019073486,1773949116.48
-0.017000000923871994,-0.010999999940395355,1.0119999647140503,1773949116.92
-0.017999999225139618,0.0010000000474974513,1.0190000534057617,1773949116.941
-0.023000000044703484,0.003000000026077032,1.0140000581741333,1773949116.961
-0.013000000268220901,-0.008999999612569809,1.0199999809265137,1773949116.981
-0.014000000432133675,-0.010999999940395355,1.0149999856948853,1773949117.0
-0.017000000923871994,-0.010999999940395355,1.0119999647140503,1773949116.92
-0.017999999225139618,0.0010000000474974513,1.0190000534057617,1773949116.941
-0.023000000044703484,0.003000000026077032,1.0140000581741333,1773949116.961
-0.013000000268220901,-0.008999999612569809,1.0199999809265137,1773949116.981
-0.014000000432133675,-0.010999999940395355,1.0149999856948853,1773949117.0
-0.04500000178813934,0.1860000044107437,1.0190000534057617,1773949117.42
0.028999999165534973,0.11599999666213989,1.0119999647140503,1773949117.44
-0.026000000536441803,0.1340000033378601,0.9860000014305115,1773949117.46
-0.04399999976158142,0.1120000034570694,1.0230000019073486,1773949117.48
-0.017000000923871994,0.07999999821186066,0.9879999756813049,1773949117.503
-0.04500000178813934,0.1860000044107437,1.0190000534057617,1773949117.42
0.028999999165534973,0.11599999666213989,1.0119999647140503,1773949117.44
-0.026000000536441803,0.1340000033378601,0.9860000014305115,1773949117.46
-0.04399999976158142,0.1120000034570694,1.0230000019073486,1773949117.48
-0.017000000923871994,0.07999999821186066,0.9879999756813049,1773949117.503
-0.17399999499320984,0.007000000216066837,0.9359999895095825,1773949117.941
-0.035999998450279236,0.03099999949336052,1.0149999856948853,1773949117.96
0.1080000028014183,-0.023000000044703484,1.0670000314712524,1773949117.983
-0.020999999716877937,0.041999999433755875,0.9490000009536743,1773949118.0
-0.04899999871850014,0.03400000184774399,0.9259999990463257,1773949118.02
-0.17399999499320984,0.007000000216066837,0.9359999895095825,1773949117.941
-0.035999998450279236,0.03099999949336052,1.0149999856948853,1773949117.96
0.1080000028014183,-0.023000000044703484,1.0670000314712524,1773949117.983
-0.020999999716877937,0.041999999433755875,0.9490000009536743,1773949118.0
-0.04899999871850014,0.03400000184774399,0.9259999990463257,1773949118.02
-0.17399999499320984,0.007000000216066837,0.9359999895095825,1773949117.941
-0.035999998450279236,0.03099999949336052,1.0149999856948853,1773949117.96
0.1080000028014183,-0.023000000044703484,1.0670000314712524,1773949117.983
-0.020999999716877937,0.041999999433755875,0.9490000009536743,1773949118.0
-0.04899999871850014,0.03400000184774399,0.9259999990463257,1773949118.02
-0.06199999898672104,0.04600000008940697,1.0099999904632568,1773949118.441
0.03500000014901161,0.020999999716877937,1.0920000076293945,1773949118.463
0.03400000184774399,0.04699999839067459,1.0140000581741333,1773949118.48
-0.15700000524520874,-0.024000000208616257,1.149999976158142,1773949118.502
0.0689999982714653,-0.008999999612569809,0.8849999904632568,1773949118.521
-0.06199999898672104,0.04600000008940697,1.0099999904632568,1773949118.441
0.03500000014901161,0.020999999716877937,1.0920000076293945,1773949118.463
0.03400000184774399,0.04699999839067459,1.0140000581741333,1773949118.48
-0.15700000524520874,-0.024000000208616257,1.149999976158142,1773949118.502
0.0689999982714653,-0.008999999612569809,0.8849999904632568,1773949118.521
-0.06199999898672104,0.04600000008940697,1.0099999904632568,1773949118.441
0.03500000014901161,0.020999999716877937,1.0920000076293945,1773949118.463
0.03400000184774399,0.04699999839067459,1.0140000581741333,1773949118.48
-0.15700000524520874,-0.024000000208616257,1.149999976158142,1773949118.502
0.0689999982714653,-0.008999999612569809,0.8849999904632568,1773949118.521
-0.06199999898672104,0.04600000008940697,1.0099999904632568,1773949118.441
0.03500000014901161,0.020999999716877937,1.0920000076293945,1773949118.463
0.03400000184774399,0.04699999839067459,1.0140000581741333,1773949118.48
-0.15700000524520874,-0.024000000208616257,1.149999976158142,1773949118.502
0.0689999982714653,-0.008999999612569809,0.8849999904632568,1773949118.521
-0.05299999937415123,-0.017000000923871994,0.8880000114440918,1773949118.96
0.0729999989271164,-0.0010000000474974513,1.2130000591278076,1773949118.981
0.1340000033378601,0.02500000037252903,0.8289999961853027,1773949119.002
-0.14300000667572021,-0.013000000268220901,1.093999981880188,1773949119.02
-0.02199999988079071,0.04399999976158142,0.9359999895095825,1773949119.04
-0.026000000536441803,-0.03999999910593033,1.0149999856948853,1773949119.46
-0.07400000095367432,-0.03200000151991844,0.9700000286102295,1773949119.481
0.023000000044703484,0.06400000303983688,1.1369999647140503,1773949119.502
0.09799999743700027,0.06800000369548798,0.8460000157356262,1773949119.52
-0.10400000214576721,-0.035999998450279236,1.2079999446868896,1773949119.541
-0.026000000536441803,-0.03999999910593033,1.0149999856948853,1773949119.46
-0.07400000095367432,-0.03200000151991844,0.9700000286102295,1773949119.481
0.023000000044703484,0.06400000303983688,1.1369999647140503,1773949119.502
0.09799999743700027,0.06800000369548798,0.8460000157356262,1773949119.52
-0.10400000214576721,-0.035999998450279236,1.2079999446868896,1773949119.541
-0.026000000536441803,-0.03999999910593033,1.0149999856948853,1773949119.46
-0.07400000095367432,-0.03200000151991844,0.9700000286102295,1773949119.481
0.023000000044703484,0.06400000303983688,1.1369999647140503,1773949119.502
0.09799999743700027,0.06800000369548798,0.8460000157356262,1773949119.52
-0.10400000214576721,-0.035999998450279236,1.2079999446868896,1773949119.541
-0.026000000536441803,-0.03999999910593033,1.0149999856948853,1773949119.46
-0.07400000095367432,-0.03200000151991844,0.9700000286102295,1773949119.481
0.023000000044703484,0.06400000303983688,1.1369999647140503,1773949119.502
0.09799999743700027,0.06800000369548798,0.8460000157356262,1773949119.52
-0.10400000214576721,-0.035999998450279236,1.2079999446868896,1773949119.541
0.03500000014901161,-0.013000000268220901,1.003000020980835,1773949119.98
-0.03999999910593033,-0.013000000268220901,0.9950000047683716,1773949120.0
0.028999999165534973,0.019999999552965164,1.0820000171661377,1773949120.021
-0.0020000000949949026,0.02199999988079071,0.7680000066757202,1773949120.045
-0.06199999898672104,0.007000000216066837,1.315999984741211,1773949120.06
0.03500000014901161,-0.013000000268220901,1.003000020980835,1773949119.98
-0.03999999910593033,-0.013000000268220901,0.9950000047683716,1773949120.0
0.028999999165534973,0.019999999552965164,1.0820000171661377,1773949120.021
-0.0020000000949949026,0.02199999988079071,0.7680000066757202,1773949120.045
-0.06199999898672104,0.007000000216066837,1.315999984741211,1773949120.06
-0.035999998450279236,0.01899999938905239,1.0199999809265137,1773949120.48
0.029999999329447746,0.03700000047683716,0.9010000228881836,1773949120.503
0.03400000184774399,-0.03999999910593033,1.2239999771118164,1773949120.52
0.04100000113248825,-0.006000000052154064,0.9430000185966492,1773949120.541
-0.01600000075995922,0.008999999612569809,0.781000018119812,1773949120.56
-0.035999998450279236,0.01899999938905239,1.0199999809265137,1773949120.48
0.029999999329447746,0.03700000047683716,0.9010000228881836,1773949120.503
0.03400000184774399,-0.03999999910593033,1.2239999771118164,1773949120.52
0.04100000113248825,-0.006000000052154064,0.9430000185966492,1773949120.541
-0.01600000075995922,0.008999999612569809,0.781000018119812,1773949120.56
-0.035999998450279236,0.01899999938905239,1.0199999809265137,1773949120.48
0.029999999329447746,0.03700000047683716,0.9010000228881836,1773949120.503
0.03400000184774399,-0.03999999910593033,1.2239999771118164,1773949120.52
0.04100000113248825,-0.006000000052154064,0.9430000185966492,1773949120.541
-0.01600000075995922,0.008999999612569809,0.781000018119812,1773949120.56
-0.10700000077486038,-0.02500000037252903,1.11899995803833,1773949121.0
0.024000000208616257,0.009999999776482582,0.9150000214576721,1773949121.02
-0.05700000002980232,0.017000000923871994,1.059999942779541,1773949121.043
0.006000000052154064,-0.006000000052154064,1.0169999599456787,1773949121.06
0.05299999937415123,-0.035999998450279236,1.0399999618530273,1773949121.08
-0.10700000077486038,-0.02500000037252903,1.11899995803833,1773949121.0
0.024000000208616257,0.009999999776482582,0.9150000214576721,1773949121.02
-0.05700000002980232,0.017000000923871994,1.059999942779541,1773949121.043
0.006000000052154064,-0.006000000052154064,1.0169999599456787,1773949121.06
0.05299999937415123,-0.035999998450279236,1.0399999618530273,1773949121.08
-0.039000000804662704,-0.03700000047683716,1.1260000467300415,1773949121.504
0.01899999938905239,-0.06300000101327896,1.0820000171661377,1773949121.524
0.017999999225139618,0.03500000014901161,0.878000020980835,1773949121.541
-0.05900000035762787,-0.0560000017285347,1.0889999866485596,1773949121.56
-0.02199999988079071,-0.035999998450279236,1.0679999589920044,1773949121.581
-0.039000000804662704,-0.03700000047683716,1.1260000467300415,1773949121.504
0.01899999938905239,-0.06300000101327896,1.0820000171661377,1773949121.524
0.017999999225139618,0.03500000014901161,0.878000020980835,1773949121.541
-0.05900000035762787,-0.0560000017285347,1.0889999866485596,1773949121.56
-0.02199999988079071,-0.035999998450279236,1.0679999589920044,1773949121.581
-0.039000000804662704,-0.03700000047683716,1.1260000467300415,1773949121.504
0.01899999938905239,-0.06300000101327896,1.0820000171661377,1773949121.524
0.017999999225139618,0.03500000014901161,0.878000020980835,1773949121.541
-0.05900000035762787,-0.0560000017285347,1.0889999866485596,1773949121.56
-0.02199999988079071,-0.035999998450279236,1.0679999589920044,1773949121.581
-0.01600000075995922,-0.035999998450279236,0.9419999718666077,1773949122.022
-0.06700000166893005,-0.05400000140070915,0.9990000128746033,1773949122.042
0.03999999910593033,0.03799999877810478,1.0670000314712524,1773949122.062
-0.02500000037252903,-0.02500000037252903,1.0010000467300415,1773949122.08
0.027000000700354576,-0.024000000208616257,0.9919999837875366,1773949122.1
-0.01600000075995922,-0.035999998450279236,0.9419999718666077,1773949122.022
-0.06700000166893005,-0.05400000140070915,0.9990000128746033,1773949122.042
0.03999999910593033,0.03799999877810478,1.0670000314712524,1773949122.062
-0.02500000037252903,-0.02500000037252903,1.0010000467300415,1773949122.08
0.027000000700354576,-0.024000000208616257,0.9919999837875366,1773949122.1
-0.01600000075995922,-0.035999998450279236,0.9419999718666077,1773949122.022
-0.06700000166893005,-0.05400000140070915,0.9990000128746033,1773949122.042
0.03999999910593033,0.03799999877810478,1.0670000314712524,1773949122.062
-0.02500000037252903,-0.02500000037252903,1.0010000467300415,1773949122.08
0.027000000700354576,-0.024000000208616257,0.9919999837875366,1773949122.1
0.050999999046325684,-0.028999999165534973,0.8629999756813049,1773949122.52
-0.05999999865889549,0.0010000000474974513,1.2120000123977661,1773949122.54
0.08500000089406967,0.09099999815225601,0.9259999990463257,1773949122.56
-0.07000000029802322,-0.02199999988079071,0.9150000214576721,1773949122.581
-0.09200000017881393,-0.024000000208616257,1.1150000095367432,1773949122.6
0.050999999046325684,-0.028999999165534973,0.8629999756813049,1773949122.52
-0.05999999865889549,0.0010000000474974513,1.2120000123977661,1773949122.54
0.08500000089406967,0.09099999815225601,0.9259999990463257,1773949122.56
-0.07000000029802322,-0.02199999988079071,0.9150000214576721,1773949122.581
-0.09200000017881393,-0.024000000208616257,1.1150000095367432,1773949122.6
-0.029999999329447746,-0.17000000178813934,0.9390000104904175,1773949123.04
-0.03400000184774399,-0.09700000286102295,1.062000036239624,1773949123.062
0.0010000000474974513,-0.0689999982714653,0.9810000061988831,1773949123.082
-0.06499999761581421,-0.11699999868869781,1.0199999809265137,1773949123.104
0.017999999225139618,-0.10199999809265137,1.1089999675750732,1773949123.121
-0.029999999329447746,-0.17000000178813934,0.9390000104904175,1773949123.04
-0.03400000184774399,-0.09700000286102295,1.062000036239624,1773949123.062
0.0010000000474974513,-0.0689999982714653,0.9810000061988831,1773949123.082
-0.06499999761581421,-0.11699999868869781,1.0199999809265137,1773949123.104
0.017999999225139618,-0.10199999809265137,1.1089999675750732,1773949123.121
-0.029999999329447746,-0.17000000178813934,0.9390000104904175,1773949123.04
-0.03400000184774399,-0.09700000286102295,1.062000036239624,1773949123.062
0.0010000000474974513,-0.0689999982714653,0.9810000061988831,1773949123.082
-0.06499999761581421,-0.11699999868869781,1.0199999809265137,1773949123.104
0.017999999225139618,-0.10199999809265137,1.1089999675750732,1773949123.121
-0.03400000184774399,0.028999999165534973,1.0499999523162842,1773949123.541
-0.03200000151991844,0.08699999749660492,1.0140000581741333,1773949123.561
-0.010999999940395355,0.11299999803304672,1.0509999990463257,1773949123.581
-0.0010000000474974513,0.16599999368190765,0.9319999814033508,1773949123.602
0.017999999225139618,0.16300000250339508,1.0720000267028809,1773949123.62
-0.03400000184774399,0.028999999165534973,1.0499999523162842,1773949123.541
-0.03200000151991844,0.08699999749660492,1.0140000581741333,1773949123.561
-0.010999999940395355,0.11299999803304672,1.0509999990463257,1773949123.581
-0.0010000000474974513,0.16599999368190765,0.9319999814033508,1773949123.602
0.017999999225139618,0.16300000250339508,1.0720000267028809,1773949123.62
-0.03500000014901161,0.0989999994635582,0.8420000076293945,1773949124.061
0.052000001072883606,-0.03700000047683716,1.1080000400543213,1773949124.08
0.0020000000949949026,0.0020000000949949026,1.0540000200271606,1773949124.101
-0.11100000143051147,0.01600000075995922,1.0089999437332153,1773949124.126
-0.05700000002980232,0.004000000189989805,1.1059999465942383,1773949124.143
-0.03500000014901161,0.0989999994635582,0.8420000076293945,1773949124.061
0.052000001072883606,-0.03700000047683716,1.1080000400543213,1773949124.08
0.0020000000949949026,0.0020000000949949026,1.0540000200271606,1773949124.101
-0.11100000143051147,0.01600000075995922,1.0089999437332153,1773949124.126
-0.05700000002980232,0.004000000189989805,1.1059999465942383,1773949124.143
-0.03500000014901161,0.0989999994635582,0.8420000076293945,1773949124.061
0.052000001072883606,-0.03700000047683716,1.1080000400543213,1773949124.08
0.0020000000949949026,0.0020000000949949026,1.0540000200271606,1773949124.101
-0.11100000143051147,0.01600000075995922,1.0089999437332153,1773949124.126
-0.05700000002980232,0.004000000189989805,1.1059999465942383,1773949124.143
0.03400000184774399,0.003000000026077032,0.9380000233650208,1773949124.56
0.050999999046325684,0.0010000000474974513,0.7710000276565552,1773949124.581
-0.11699999868869781,-0.028999999165534973,1.2259999513626099,1773949124.603
-0.04699999839067459,-0.04899999871850014,1.1540000438690186,1773949124.621
0.04399999976158142,-0.017000000923871994,0.9079999923706055,1773949124.64
0.03400000184774399,0.003000000026077032,0.9380000233650208,1773949124.56
0.050999999046325684,0.0010000000474974513,0.7710000276565552,1773949124.581
-0.11699999868869781,-0.028999999165534973,1.2259999513626099,1773949124.603
-0.04699999839067459,-0.04899999871850014,1.1540000438690186,1773949124.621
0.04399999976158142,-0.017000000923871994,0.9079999923706055,1773949124.64
0.03400000184774399,0.003000000026077032,0.9380000233650208,1773949124.56
0.050999999046325684,0.0010000000474974513,0.7710000276565552,1773949124.581
-0.11699999868869781,-0.028999999165534973,1.2259999513626099,1773949124.603
-0.04699999839067459,-0.04899999871850014,1.1540000438690186,1773949124.621
0.04399999976158142,-0.017000000923871994,0.9079999923706055,1773949124.64
-0.08299999684095383,-0.06199999898672104,1.3489999771118164,1773949125.08
0.07400000095367432,0.0020000000949949026,0.8389999866485596,1773949125.104
-0.004000000189989805,0.013000000268220901,0.8539999723434448,1773949125.12
-0.11900000274181366,-0.04899999871850014,1.2599999904632568,1773949125.14
0.04800000041723251,-0.012000000104308128,0.9150000214576721,1773949125.16
-0.08299999684095383,-0.06199999898672104,1.3489999771118164,1773949125.08
0.07400000095367432,0.0020000000949949026,0.8389999866485596,1773949125.104
-0.004000000189989805,0.013000000268220901,0.8539999723434448,1773949125.12
-0.11900000274181366,-0.04899999871850014,1.2599999904632568,1773949125.14
0.04800000041723251,-0.012000000104308128,0.9150000214576721,1773949125.16
0.006000000052154064,0.032999999821186066,1.0579999685287476,1773949125.584
0.05900000035762787,0.004999999888241291,0.9610000252723694,1773949125.6
0.02199999988079071,-0.0020000000949949026,1.1080000400543213,1773949125.62
-0.06499999761581421,0.014000000432133675,0.8450000286102295,1773949125.641
-0.10300000011920929,-0.039000000804662704,1.218000054359436,1773949125.66
0.006000000052154064,0.032999999821186066,1.0579999685287476,1773949125.584
0.05900000035762787,0.004999999888241291,0.9610000252723694,1773949125.6
0.02199999988079071,-0.0020000000949949026,1.1080000400543213,1773949125.62
-0.06499999761581421,0.014000000432133675,0.8450000286102295,1773949125.641
-0.10300000011920929,-0.039000000804662704,1.218000054359436,1773949125.66
0.006000000052154064,0.032999999821186066,1.0579999685287476,1773949125.584
0.05900000035762787,0.004999999888241291,0.9610000252723694,1773949125.6
0.02199999988079071,-0.0020000000949949026,1.1080000400543213,1773949125.62
-0.06499999761581421,0.014000000432133675,0.8450000286102295,1773949125.641
-0.10300000011920929,-0.039000000804662704,1.218000054359436,1773949125.66
0.04399999976158142,-0.02500000037252903,0.9210000038146973,1773949126.105
-0.05999999865889549,-0.027000000700354576,1.0,1773949126.12
0.05999999865889549,-0.010999999940395355,1.0609999895095825,1773949126.141
0.0020000000949949026,-0.004999999888241291,0.9419999718666077,1773949126.16
-0.08100000023841858,0.020999999716877937,1.1950000524520874,1773949126.182
0.04399999976158142,-0.02500000037252903,0.9210000038146973,1773949126.105
-0.05999999865889549,-0.027000000700354576,1.0,1773949126.12
0.05999999865889549,-0.010999999940395355,1.0609999895095825,1773949126.141
0.0020000000949949026,-0.004999999888241291,0.9419999718666077,1773949126.16
-0.08100000023841858,0.020999999716877937,1.1950000524520874,1773949126.182
0.04399999976158142,-0.02500000037252903,0.9210000038146973,1773949126.105
-0.05999999865889549,-0.027000000700354576,1.0,1773949126.12
0.05999999865889549,-0.010999999940395355,1.0609999895095825,1773949126.141
0.0020000000949949026,-0.004999999888241291,0.9419999718666077,1773949126.16
-0.08100000023841858,0.020999999716877937,1.1950000524520874,1773949126.182
-0.11999999731779099,0.012000000104308128,1.0269999504089355,1773949126.604
-0.009999999776482582,-0.010999999940395355,1.059000015258789,1773949126.62
0.08299999684095383,-0.050999999046325684,0.906000018119812,1773949126.64
0.026000000536441803,-0.0010000000474974513,1.194000005722046,1773949126.661
-0.0949999988079071,-0.07100000232458115,0.765999972820282,1773949126.68
-0.11999999731779099,0.012000000104308128,1.0269999504089355,1773949126.604
-0.009999999776482582,-0.010999999940395355,1.059000015258789,1773949126.62
0.08299999684095383,-0.050999999046325684,0.906000018119812,1773949126.64
0.026000000536441803,-0.0010000000474974513,1.194000005722046,1773949126.661
-0.0949999988079071,-0.07100000232458115,0.765999972820282,1773949126.68
-0.01600000075995922,0.028999999165534973,1.2289999723434448,1773949127.131
0.024000000208616257,-0.003000000026077032,0.8410000205039978,1773949127.142
-0.04399999976158142,-0.0560000017285347,1.100000023841858,1773949127.161
0.039000000804662704,-0.026000000536441803,1.0670000314712524,1773949127.182
0.029999999329447746,-0.08500000089406967,0.9390000104904175,1773949127.204
-0.01600000075995922,0.028999999165534973,1.2289999723434448,1773949127.131
0.024000000208616257,-0.003000000026077032,0.8410000205039978,1773949127.142
-0.04399999976158142,-0.0560000017285347,1.100000023841858,1773949127.161
0.039000000804662704,-0.026000000536441803,1.0670000314712524,1773949127.182
0.029999999329447746,-0.08500000089406967,0.9390000104904175,1773949127.204
-0.01600000075995922,0.028999999165534973,1.2289999723434448,1773949127.131
0.024000000208616257,-0.003000000026077032,0.8410000205039978,1773949127.142
-0.04399999976158142,-0.0560000017285347,1.100000023841858,1773949127.161
0.039000000804662704,-0.026000000536441803,1.0670000314712524,1773949127.182
0.029999999329447746,-0.08500000089406967,0.9390000104904175,1773949127.204
-0.03799999877810478,0.01600000075995922,0.7689999938011169,1773949127.621
0.03799999877810478,-0.03099999949336052,1.1360000371932983,1773949127.64
-0.010999999940395355,-0.039000000804662704,0.9670000076293945,1773949127.66
-0.02199999988079071,-0.03799999877810478,1.1330000162124634,1773949127.68
0.017999999225139618,-0.0020000000949949026,0.9890000224113464,1773949127.702
-0.03799999877810478,0.01600000075995922,0.7689999938011169,1773949127.621
0.03799999877810478,-0.03099999949336052,1.1360000371932983,1773949127.64
-0.010999999940395355,-0.039000000804662704,0.9670000076293945,1773949127.66
-0.02199999988079071,-0.03799999877810478,1.1330000162124634,1773949127.68
0.017999999225139618,-0.0020000000949949026,0.9890000224113464,1773949127.702
-0.03799999877810478,0.01600000075995922,0.7689999938011169,1773949127.621
0.03799999877810478,-0.03099999949336052,1.1360000371932983,1773949127.64
-0.010999999940395355,-0.039000000804662704,0.9670000076293945,1773949127.66
-0.02199999988079071,-0.03799999877810478,1.1330000162124634,1773949127.68
0.017999999225139618,-0.0020000000949949026,0.9890000224113464,1773949127.702
-0.054999999701976776,0.0560000017285347,0.9100000262260437,1773949128.141
0.07500000298023224,-0.03999999910593033,1.0720000267028809,1773949128.16
-0.023000000044703484,-0.006000000052154064,0.9070000052452087,1773949128.181
-0.010999999940395355,0.013000000268220901,1.0820000171661377,1773949128.2
-0.03099999949336052,0.004000000189989805,0.9900000095367432,1773949128.22
-0.054999999701976776,0.0560000017285347,0.9100000262260437,1773949128.141
0.07500000298023224,-0.03999999910593033,1.0720000267028809,1773949128.16
-0.023000000044703484,-0.006000000052154064,0.9070000052452087,1773949128.181
-0.010999999940395355,0.013000000268220901,1.0820000171661377,1773949128.2
-0.03099999949336052,0.004000000189989805,0.9900000095367432,1773949128.22
-0.17499999701976776,-0.03099999949336052,0.9819999933242798,1773949128.641
-0.027000000700354576,0.04699999839067459,0.7960000038146973,1773949128.66
0.164000004529953,-0.052000001072883606,1.1779999732971191,1773949128.68
0.03200000151991844,-0.03400000184774399,1.0240000486373901,1773949128.705
-0.04399999976158142,-0.032999999821186066,1.0750000476837158,1773949128.72
-0.17499999701976776,-0.03099999949336052,0.9819999933242798,1773949128.641
-0.027000000700354576,0.04699999839067459,0.7960000038146973,1773949128.66
0.164000004529953,-0.052000001072883606,1.1779999732971191,1773949128.68
0.03200000151991844,-0.03400000184774399,1.0240000486373901,1773949128.705
-0.04399999976158142,-0.032999999821186066,1.0750000476837158,1773949128.72
-0.17499999701976776,-0.03099999949336052,0.9819999933242798,1773949128.641
-0.027000000700354576,0.04699999839067459,0.7960000038146973,1773949128.66
0.164000004529953,-0.052000001072883606,1.1779999732971191,1773949128.68
0.03200000151991844,-0.03400000184774399,1.0240000486373901,1773949128.705
-0.04399999976158142,-0.032999999821186066,1.0750000476837158,1773949128.72
-0.15199999511241913,-0.003000000026077032,1.1059999465942383,1773949129.161
0.06400000303983688,-0.003000000026077032,0.8700000047683716,1773949129.184
0.057999998331069946,-0.017000000923871994,0.9819999933242798,1773949129.2
-0.014999999664723873,0.004999999888241291,0.9909999966621399,1773949129.221
-0.032999999821186066,-0.027000000700354576,1.0670000314712524,1773949129.243
-0.15199999511241913,-0.003000000026077032,1.1059999465942383,1773949129.161
0.06400000303983688,-0.003000000026077032,0.8700000047683716,1773949129.184
0.057999998331069946,-0.017000000923871994,0.9819999933242798,1773949129.2
-0.014999999664723873,0.004999999888241291,0.9909999966621399,1773949129.221
-0.032999999821186066,-0.027000000700354576,1.0670000314712524,1773949129.243
-0.15199999511241913,-0.003000000026077032,1.1059999465942383,1773949129.161
0.06400000303983688,-0.003000000026077032,0.8700000047683716,1773949129.184
0.057999998331069946,-0.017000000923871994,0.9819999933242798,1773949129.2
-0.014999999664723873,0.004999999888241291,0.9909999966621399,1773949129.221
-0.032999999821186066,-0.027000000700354576,1.0670000314712524,1773949129.243
-0.04699999839067459,-0.017999999225139618,0.8009999990463257,1773949129.68
0.05999999865889549,-0.0010000000474974513,1.0149999856948853,1773949129.702
0.07500000298023224,0.02800000086426735,1.2790000438690186,1773949129.72
0.032999999821186066,0.03999999910593033,0.8830000162124634,1773949129.74
-0.10499999672174454,-0.003000000026077032,0.9739999771118164,1773949129.76
-0.04699999839067459,-0.017999999225139618,0.8009999990463257,1773949129.68
0.05999999865889549,-0.0010000000474974513,1.0149999856948853,1773949129.702
0.07500000298023224,0.02800000086426735,1.2790000438690186,1773949129.72
0.032999999821186066,0.03999999910593033,0.8830000162124634,1773949129.74
-0.10499999672174454,-0.003000000026077032,0.9739999771118164,1773949129.76
-0.024000000208616257,-0.03700000047683716,0.9190000295639038,1773949130.181
0.028999999165534973,0.007000000216066837,1.024999976158142,1773949130.2
0.10999999940395355,0.01600000075995922,1.2369999885559082,1773949130.221
0.04699999839067459,-0.006000000052154064,0.8080000281333923,1773949130.24
-0.12200000137090683,-0.019999999552965164,1.0290000438690186,1773949130.261
-0.024000000208616257,-0.03700000047683716,0.9190000295639038,1773949130.181
0.028999999165534973,0.007000000216066837,1.024999976158142,1773949130.2
0.10999999940395355,0.01600000075995922,1.2369999885559082,1773949130.221
0.04699999839067459,-0.006000000052154064,0.8080000281333923,1773949130.24
-0.12200000137090683,-0.019999999552965164,1.0290000438690186,1773949130.261
-0.024000000208616257,-0.03700000047683716,0.9190000295639038,1773949130.181
0.028999999165534973,0.007000000216066837,1.024999976158142,1773949130.2
0.10999999940395355,0.01600000075995922,1.2369999885559082,1773949130.221
0.04699999839067459,-0.006000000052154064,0.8080000281333923,1773949130.24
-0.12200000137090683,-0.019999999552965164,1.0290000438690186,1773949130.261
0.06700000166893005,-0.014999999664723873,0.7990000247955322,1773949130.702
0.029999999329447746,-0.04500000178813934,1.0889999866485596,1773949130.724
0.0430000014603138,0.02800000086426735,0.8240000009536743,1773949130.741
-0.1589999943971634,0.04100000113248825,0.9010000228881836,1773949130.76
-0.006000000052154064,0.02800000086426735,1.2359999418258667,1773949130.789
0.06700000166893005,-0.014999999664723873,0.7990000247955322,1773949130.702
0.029999999329447746,-0.04500000178813934,1.0889999866485596,1773949130.724
0.0430000014603138,0.02800000086426735,0.8240000009536743,1773949130.741
-0.1589999943971634,0.04100000113248825,0.9010000228881836,1773949130.76
-0.006000000052154064,0.02800000086426735,1.2359999418258667,1773949130.789
0.06700000166893005,-0.014999999664723873,0.7990000247955322,1773949130.702
0.029999999329447746,-0.04500000178813934,1.0889999866485596,1773949130.724
0.0430000014603138,0.02800000086426735,0.8240000009536743,1773949130.741
-0.1589999943971634,0.04100000113248825,0.9010000228881836,1773949130.76
-0.006000000052154064,0.02800000086426735,1.2359999418258667,1773949130.789
0.09700000286102295,0.03099999949336052,0.796999990940094,1773949131.201
0.06599999964237213,0.004000000189989805,1.0520000457763672,1773949131.22
-0.007000000216066837,0.041999999433755875,1.1640000343322754,1773949131.24
-0.18400000035762787,0.0010000000474974513,0.9440000057220459,1773949131.26
-0.017999999225139618,-0.0,1.2009999752044678,1773949131.28
0.09700000286102295,0.03099999949336052,0.796999990940094,1773949131.201
0.06599999964237213,0.004000000189989805,1.0520000457763672,1773949131.22
-0.007000000216066837,0.041999999433755875,1.1640000343322754,1773949131.24
-0.18400000035762787,0.0010000000474974513,0.9440000057220459,1773949131.26
-0.017999999225139618,-0.0,1.2009999752044678,1773949131.28
0.032999999821186066,0.0560000017285347,0.8579999804496765,1773949131.721
0.1340000033378601,-0.003000000026077032,1.371000051498413,1773949131.74
0.008999999612569809,0.04100000113248825,0.7110000252723694,1773949131.76
-0.12099999934434891,-0.019999999552965164,1.2280000448226929,1773949131.784
0.012000000104308128,0.017000000923871994,0.9269999861717224,1773949131.802
0.032999999821186066,0.0560000017285347,0.8579999804496765,1773949131.721
0.1340000033378601,-0.003000000026077032,1.371000051498413,1773949131.74
0.008999999612569809,0.04100000113248825,0.7110000252723694,1773949131.76
-0.12099999934434891,-0.019999999552965164,1.2280000448226929,1773949131.784
0.012000000104308128,0.017000000923871994,0.9269999861717224,1773949131.802
0.032999999821186066,0.0560000017285347,0.8579999804496765,1773949131.721
0.1340000033378601,-0.003000000026077032,1.371000051498413,1773949131.74
0.008999999612569809,0.04100000113248825,0.7110000252723694,1773949131.76
-0.12099999934434891,-0.019999999552965164,1.2280000448226929,1773949131.784
0.012000000104308128,0.017000000923871994,0.9269999861717224,1773949131.802
0.00800000037997961,0.05999999865889549,0.699999988079071,1773949132.22
0.14800000190734863,0.010999999940395355,1.4199999570846558,1773949132.24
0.023000000044703484,0.010999999940395355,0.7839999794960022,1773949132.262
-0.11800000071525574,-0.017999999225139618,1.1410000324249268,1773949132.281
-0.007000000216066837,0.0010000000474974513,1.0490000247955322,1773949132.305
0.00800000037997961,0.05999999865889549,0.699999988079071,1773949132.22
0.14800000190734863,0.010999999940395355,1.4199999570846558,1773949132.24
0.023000000044703484,0.010999999940395355,0.7839999794960022,1773949132.262
-0.11800000071525574,-0.017999999225139618,1.1410000324249268,1773949132.281
-0.007000000216066837,0.0010000000474974513,1.0490000247955322,1773949132.305
0.00800000037997961,0.05999999865889549,0.699999988079071,1773949132.22
0.14800000190734863,0.010999999940395355,1.4199999570846558,1773949132.24
0.023000000044703484,0.010999999940395355,0.7839999794960022,1773949132.262
-0.11800000071525574,-0.017999999225139618,1.1410000324249268,1773949132.281
-0.007000000216066837,0.0010000000474974513,1.0490000247955322,1773949132.305
0.17000000178813934,-0.02199999988079071,1.2680000066757202,1773949132.741
0.03700000047683716,0.004999999888241291,0.8740000128746033,1773949132.76
-0.09600000083446503,0.012000000104308128,1.1319999694824219,1773949132.783
-0.029999999329447746,0.00800000037997961,1.0880000591278076,1773949132.801
0.009999999776482582,0.0,0.8090000152587891,1773949132.821
0.17000000178813934,-0.02199999988079071,1.2680000066757202,1773949132.741
0.03700000047683716,0.004999999888241291,0.8740000128746033,1773949132.76
-0.09600000083446503,0.012000000104308128,1.1319999694824219,1773949132.783
-0.029999999329447746,0.00800000037997961,1.0880000591278076,1773949132.801
0.009999999776482582,0.0,0.8090000152587891,1773949132.821
0.17000000178813934,-0.02199999988079071,1.2680000066757202,1773949132.741
0.03700000047683716,0.004999999888241291,0.8740000128746033,1773949132.76
-0.09600000083446503,0.012000000104308128,1.1319999694824219,1773949132.783
-0.029999999329447746,0.00800000037997961,1.0880000591278076,1773949132.801
0.009999999776482582,0.0,0.8090000152587891,1773949132.821
0.1340000033378601,0.003000000026077032,1.343000054359436,1773949133.24
0.050999999046325684,0.032999999821186066,0.9879999756813049,1773949133.26
-0.0820000022649765,0.003000000026077032,1.0449999570846558,1773949133.28
-0.027000000700354576,0.0,1.0260000228881836,1773949133.305
-0.013000000268220901,-0.04500000178813934,0.8379999995231628,1773949133.32
0.1340000033378601,0.003000000026077032,1.343000054359436,1773949133.24
0.050999999046325684,0.032999999821186066,0.9879999756813049,1773949133.26
-0.0820000022649765,0.003000000026077032,1.0449999570846558,1773949133.28
-0.027000000700354576,0.0,1.0260000228881836,1773949133.305
-0.013000000268220901,-0.04500000178813934,0.8379999995231628,1773949133.32
0.04800000041723251,-0.003000000026077032,1.0440000295639038,1773949133.76
-0.09200000017881393,0.01899999938905239,0.8370000123977661,1773949133.781
-0.06599999964237213,0.017000000923871994,1.1369999647140503,1773949133.8
0.0010000000474974513,-0.017000000923871994,0.8379999995231628,1773949133.82
-0.10199999809265137,-0.06599999964237213,1.1959999799728394,1773949133.84
0.04800000041723251,-0.003000000026077032,1.0440000295639038,1773949133.76
-0.09200000017881393,0.01899999938905239,0.8370000123977661,1773949133.781
-0.06599999964237213,0.017000000923871994,1.1369999647140503,1773949133.8
0.0010000000474974513,-0.017000000923871994,0.8379999995231628,1773949133.82
-0.10199999809265137,-0.06599999964237213,1.1959999799728394,1773949133.84
0.04800000041723251,-0.003000000026077032,1.0440000295639038,1773949133.76
-0.09200000017881393,0.01899999938905239,0.8370000123977661,1773949133.781
-0.06599999964237213,0.017000000923871994,1.1369999647140503,1773949133.8
0.0010000000474974513,-0.017000000923871994,0.8379999995231628,1773949133.82
-0.10199999809265137,-0.06599999964237213,1.1959999799728394,1773949133.84
0.1080000028014183,-0.028999999165534973,1.0219999551773071,1773949134.262
-0.12099999934434891,0.020999999716877937,0.7829999923706055,1773949134.28
-0.05700000002980232,-0.010999999940395355,1.184000015258789,1773949134.303
0.052000001072883606,0.02500000037252903,0.8939999938011169,1773949134.32
-0.03200000151991844,0.0010000000474974513,1.0260000228881836,1773949134.34
0.1080000028014183,-0.028999999165534973,1.0219999551773071,1773949134.262
-0.12099999934434891,0.020999999716877937,0.7829999923706055,1773949134.28
-0.05700000002980232,-0.010999999940395355,1.184000015258789,1773949134.303
0.052000001072883606,0.02500000037252903,0.8939999938011169,1773949134.32
-0.03200000151991844,0.0010000000474974513,1.0260000228881836,1773949134.34
-0.1120000034570694,-0.0020000000949949026,0.8040000200271606,1773949134.782
-0.11699999868869781,-0.00800000037997961,1.2300000190734863,1773949134.806
0.017000000923871994,0.0,1.003999948501587,1773949134.82
0.029999999329447746,-0.039000000804662704,0.8939999938011169,1773949134.84
-0.05999999865889549,-0.026000000536441803,1.1230000257492065,1773949134.861
-0.1120000034570694,-0.0020000000949949026,0.8040000200271606,1773949134.782
-0.11699999868869781,-0.00800000037997961,1.2300000190734863,1773949134.806
0.017000000923871994,0.0,1.003999948501587,1773949134.82
0.029999999329447746,-0.039000000804662704,0.8939999938011169,1773949134.84
-0.05999999865889549,-0.026000000536441803,1.1230000257492065,1773949134.861
-0.1120000034570694,-0.0020000000949949026,0.8040000200271606,1773949134.782
-0.11699999868869781,-0.00800000037997961,1.2300000190734863,1773949134.806
0.017000000923871994,0.0,1.003999948501587,1773949134.82
0.029999999329447746,-0.039000000804662704,0.8939999938011169,1773949134.84
-0.05999999865889549,-0.026000000536441803,1.1230000257492065,1773949134.861
0.007000000216066837,0.04399999976158142,1.003000020980835,1773949135.28
-0.04600000008940697,0.028999999165534973,0.9789999723434448,1773949135.303
-0.0430000014603138,-0.007000000216066837,1.0019999742507935,1773949135.32
-0.041999999433755875,0.020999999716877937,0.9039999842643738,1773949135.34
-0.14800000190734863,-0.05999999865889549,1.3700000047683716,1773949135.36
0.007000000216066837,0.04399999976158142,1.003000020980835,1773949135.28
-0.04600000008940697,0.028999999165534973,0.9789999723434448,1773949135.303
-0.0430000014603138,-0.007000000216066837,1.0019999742507935,1773949135.32
-0.041999999433755875,0.020999999716877937,0.9039999842643738,1773949135.34
-0.14800000190734863,-0.05999999865889549,1.3700000047683716,1773949135.36
0.007000000216066837,0.04399999976158142,1.003000020980835,1773949135.28
-0.04600000008940697,0.028999999165534973,0.9789999723434448,1773949135.303
-0.0430000014603138,-0.007000000216066837,1.0019999742507935,1773949135.32
-0.041999999433755875,0.020999999716877937,0.9039999842643738,1773949135.34
-0.14800000190734863,-0.05999999865889549,1.3700000047683716,1773949135.36
-0.04899999871850014,0.03999999910593033,0.9470000267028809,1773949135.808
-0.04800000041723251,-0.06800000369548798,1.1150000095367432,1773949135.822
0.02500000037252903,-0.026000000536441803,0.843999981880188,1773949135.84
-0.19300000369548798,-0.10899999737739563,1.3009999990463257,1773949135.861
0.09000000357627869,0.0729999989271164,0.7749999761581421,1773949135.88
-0.04899999871850014,0.03999999910593033,0.9470000267028809,1773949135.808
-0.04800000041723251,-0.06800000369548798,1.1150000095367432,1773949135.822
0.02500000037252903,-0.026000000536441803,0.843999981880188,1773949135.84
-0.19300000369548798,-0.10899999737739563,1.3009999990463257,1773949135.861
0.09000000357627869,0.0729999989271164,0.7749999761581421,1773949135.88
-0.04899999871850014,0.03999999910593033,0.9470000267028809,1773949135.808
-0.04800000041723251,-0.06800000369548798,1.1150000095367432,1773949135.822
0.02500000037252903,-0.026000000536441803,0.843999981880188,1773949135.84
-0.19300000369548798,-0.10899999737739563,1.3009999990463257,1773949135.861
0.09000000357627869,0.0729999989271164,0.7749999761581421,1773949135.88
-0.054999999701976776,0.020999999716877937,0.9290000200271606,1773949136.303
-0.07100000232458115,-0.02800000086426735,1.1990000009536743,1773949136.32
0.0010000000474974513,0.05400000140070915,0.8180000185966492,1773949136.341
-0.04800000041723251,-0.05400000140070915,1.253999948501587,1773949136.36
0.14100000262260437,0.07199999690055847,0.8169999718666077,1773949136.381
-0.054999999701976776,0.020999999716877937,0.9290000200271606,1773949136.303
-0.07100000232458115,-0.02800000086426735,1.1990000009536743,1773949136.32
0.0010000000474974513,0.05400000140070915,0.8180000185966492,1773949136.341
-0.04800000041723251,-0.05400000140070915,1.253999948501587,1773949136.36
0.14100000262260437,0.07199999690055847,0.8169999718666077,1773949136.381
-0.07100000232458115,-0.020999999716877937,1.2400000095367432,1773949136.821
-0.06599999964237213,0.057999998331069946,0.8190000057220459,1773949136.842
-0.03400000184774399,-0.03099999949336052,1.1119999885559082,1773949136.864
0.02800000086426735,0.04600000008940697,1.0219999551773071,1773949136.881
0.061000000685453415,0.03999999910593033,0.925000011920929,1773949136.902
-0.07100000232458115,-0.020999999716877937,1.2400000095367432,1773949136.821
-0.06599999964237213,0.057999998331069946,0.8190000057220459,1773949136.842
-0.03400000184774399,-0.03099999949336052,1.1119999885559082,1773949136.864
0.02800000086426735,0.04600000008940697,1.0219999551773071,1773949136.881
0.061000000685453415,0.03999999910593033,0.925000011920929,1773949136.902
-0.10000000149011612,0.01600000075995922,1.0729999542236328,1773949137.32
-0.0,-0.012000000104308128,0.9879999756813049,1773949137.34
-0.014000000432133675,-0.029999999329447746,1.0130000114440918,1773949137.361
-0.07900000363588333,-0.07900000363588333,1.2660000324249268,1773949137.38
0.03999999910593033,0.057999998331069946,0.7409999966621399,1773949137.404
-0.10000000149011612,0.01600000075995922,1.0729999542236328,1773949137.32
-0.0,-0.012000000104308128,0.9879999756813049,1773949137.34
-0.014000000432133675,-0.029999999329447746,1.0130000114440918,1773949137.361
-0.07900000363588333,-0.07900000363588333,1.2660000324249268,1773949137.38
0.03999999910593033,0.057999998331069946,0.7409999966621399,1773949137.404
-0.10000000149011612,0.01600000075995922,1.0729999542236328,1773949137.32
-0.0,-0.012000000104308128,0.9879999756813049,1773949137.34
-0.014000000432133675,-0.029999999329447746,1.0130000114440918,1773949137.361
-0.07900000363588333,-0.07900000363588333,1.2660000324249268,1773949137.38
0.03999999910593033,0.057999998331069946,0.7409999966621399,1773949137.404
0.009999999776482582,-0.0,0.8730000257492065,1773949137.841
0.04800000041723251,-0.014999999664723873,1.1640000343322754,1773949137.861
0.010999999940395355,-0.061000000685453415,1.2050000429153442,1773949137.88
0.003000000026077032,0.0430000014603138,0.7620000243186951,1773949137.907
-0.11800000071525574,-0.004999999888241291,1.0750000476837158,1773949137.922
0.009999999776482582,-0.0,0.8730000257492065,1773949137.841
0.04800000041723251,-0.014999999664723873,1.1640000343322754,1773949137.861
0.010999999940395355,-0.061000000685453415,1.2050000429153442,1773949137.88
0.003000000026077032,0.0430000014603138,0.7620000243186951,1773949137.907
-0.11800000071525574,-0.004999999888241291,1.0750000476837158,1773949137.922
-0.004999999888241291,-0.004999999888241291,1.093000054359436,1773949138.34
-0.07199999690055847,0.03500000014901161,0.9300000071525574,1773949138.36
0.03700000047683716,-0.0020000000949949026,1.065000057220459,1773949138.381
0.07699999958276749,0.013000000268220901,0.8479999899864197,1773949138.403
-0.028999999165534973,0.03999999910593033,0.968999981880188,1773949138.421
-0.004999999888241291,-0.004999999888241291,1.093000054359436,1773949138.34
-0.07199999690055847,0.03500000014901161,0.9300000071525574,1773949138.36
0.03700000047683716,-0.0020000000949949026,1.065000057220459,1773949138.381
0.07699999958276749,0.013000000268220901,0.8479999899864197,1773949138.403
-0.028999999165534973,0.03999999910593033,0.968999981880188,1773949138.421
-0.004999999888241291,-0.004999999888241291,1.093000054359436,1773949138.34
-0.07199999690055847,0.03500000014901161,0.9300000071525574,1773949138.36
0.03700000047683716,-0.0020000000949949026,1.065000057220459,1773949138.381
0.07699999958276749,0.013000000268220901,0.8479999899864197,1773949138.403
-0.028999999165534973,0.03999999910593033,0.968999981880188,1773949138.421
-0.10100000351667404,0.01600000075995922,1.0210000276565552,1773949138.86
0.04500000178813934,-0.032999999821186066,1.0449999570846558,1773949138.88
0.017999999225139618,-0.052000001072883606,0.984000027179718,1773949138.906
-0.017999999225139618,0.057999998331069946,0.8659999966621399,1773949138.92
-0.07100000232458115,-0.08500000089406967,1.2599999904632568,1773949138.94
-0.10100000351667404,0.01600000075995922,1.0210000276565552,1773949138.86
0.04500000178813934,-0.032999999821186066,1.0449999570846558,1773949138.88
0.017999999225139618,-0.052000001072883606,0.984000027179718,1773949138.906
-0.017999999225139618,0.057999998331069946,0.8659999966621399,1773949138.92
-0.07100000232458115,-0.08500000089406967,1.2599999904632568,1773949138.94
-0.06199999898672104,-0.003000000026077032,1.0,1773949139.36
0.0010000000474974513,-0.04899999871850014,0.9769999980926514,1773949139.382
-0.06499999761581421,-0.04699999839067459,1.0839999914169312,1773949139.404
0.020999999716877937,0.0729999989271164,0.7799999713897705,1773949139.421
-0.05000000074505806,-0.0820000022649765,1.2419999837875366,1773949139.44
-0.06199999898672104,-0.003000000026077032,1.0,1773949139.36
0.0010000000474974513,-0.04899999871850014,0.9769999980926514,1773949139.382
-0.06499999761581421,-0.04699999839067459,1.0839999914169312,1773949139.404
0.020999999716877937,0.0729999989271164,0.7799999713897705,1773949139.421
-0.05000000074505806,-0.0820000022649765,1.2419999837875366,1773949139.44
-0.06199999898672104,-0.003000000026077032,1.0,1773949139.36
0.0010000000474974513,-0.04899999871850014,0.9769999980926514,1773949139.382
-0.06499999761581421,-0.04699999839067459,1.0839999914169312,1773949139.404
0.020999999716877937,0.0729999989271164,0.7799999713897705,1773949139.421
-0.05000000074505806,-0.0820000022649765,1.2419999837875366,1773949139.44
0.039000000804662704,-0.052000001072883606,0.9919999837875366,1773949139.881
0.0,-0.02800000086426735,1.0,1773949139.903
-0.06300000101327896,0.054999999701976776,0.9079999923706055,1773949139.92
0.03099999949336052,-0.061000000685453415,1.1820000410079956,1773949139.94
0.02500000037252903,-0.03200000151991844,0.9710000157356262,1773949139.96
0.039000000804662704,-0.052000001072883606,0.9919999837875366,1773949139.881
0.0,-0.02800000086426735,1.0,1773949139.903
-0.06300000101327896,0.054999999701976776,0.9079999923706055,1773949139.92
0.03099999949336052,-0.061000000685453415,1.1820000410079956,1773949139.94
0.02500000037252903,-0.03200000151991844,0.9710000157356262,1773949139.96
-0.03999999910593033,-0.012000000104308128,1.0,1773949140.384
0.010999999940395355,-0.06400000303983688,1.1660000085830688,1773949140.4
0.06499999761581421,0.09099999815225601,0.7059999704360962,1773949140.42
-0.12200000137090683,-0.14900000393390656,1.3200000524520874,1773949140.441
-0.03500000014901161,-0.054999999701976776,0.8759999871253967,1773949140.46
-0.03999999910593033,-0.012000000104308128,1.0,1773949140.384
0.010999999940395355,-0.06400000303983688,1.1660000085830688,1773949140.4
0.06499999761581421,0.09099999815225601,0.7059999704360962,1773949140.42
-0.12200000137090683,-0.14900000393390656,1.3200000524520874,1773949140.441
-0.03500000014901161,-0.054999999701976776,0.8759999871253967,1773949140.46
-0.03999999910593033,-0.012000000104308128,1.0,1773949140.384
0.010999999940395355,-0.06400000303983688,1.1660000085830688,1773949140.4
0.06499999761581421,0.09099999815225601,0.7059999704360962,1773949140.42
-0.12200000137090683,-0.14900000393390656,1.3200000524520874,1773949140.441
-0.03500000014901161,-0.054999999701976776,0.8759999871253967,1773949140.46
0.15000000596046448,-0.050999999046325684,1.0729999542236328,1773949140.901
0.06199999898672104,0.057999998331069946,0.7860000133514404,1773949140.921
-0.06499999761581421,0.01600000075995922,1.1299999952316284,1773949140.94
-0.02500000037252903,-0.0560000017285347,0.9980000257492065,1773949140.96
-0.024000000208616257,0.003000000026077032,0.906000018119812,1773949140.981
0.15000000596046448,-0.050999999046325684,1.0729999542236328,1773949140.901
0.06199999898672104,0.057999998331069946,0.7860000133514404,1773949140.921
-0.06499999761581421,0.01600000075995922,1.1299999952316284,1773949140.94
-0.02500000037252903,-0.0560000017285347,0.9980000257492065,1773949140.96
-0.024000000208616257,0.003000000026077032,0.906000018119812,1773949140.981
0.15000000596046448,-0.050999999046325684,1.0729999542236328,1773949140.901
0.06199999898672104,0.057999998331069946,0.7860000133514404,1773949140.921
-0.06499999761581421,0.01600000075995922,1.1299999952316284,1773949140.94
-0.02500000037252903,-0.0560000017285347,0.9980000257492065,1773949140.96
-0.024000000208616257,0.003000000026077032,0.906000018119812,1773949140.981
0.11800000071525574,-0.0430000014603138,1.003000020980835,1773949141.402
-0.04899999871850014,-0.024000000208616257,0.9959999918937683,1773949141.42
-0.08100000023841858,0.08900000154972076,0.871999979019165,1773949141.44
-0.01899999938905239,-0.06700000166893005,1.2170000076293945,1773949141.46
0.027000000700354576,-0.004000000189989805,1.0019999742507935,1773949141.48
0.11800000071525574,-0.0430000014603138,1.003000020980835,1773949141.402
-0.04899999871850014,-0.024000000208616257,0.9959999918937683,1773949141.42
-0.08100000023841858,0.08900000154972076,0.871999979019165,1773949141.44
-0.01899999938905239,-0.06700000166893005,1.2170000076293945,1773949141.46
0.027000000700354576,-0.004000000189989805,1.0019999742507935,1773949141.48
0.11800000071525574,-0.0430000014603138,1.003000020980835,1773949141.402
-0.04899999871850014,-0.024000000208616257,0.9959999918937683,1773949141.42
-0.08100000023841858,0.08900000154972076,0.871999979019165,1773949141.44
-0.01899999938905239,-0.06700000166893005,1.2170000076293945,1773949141.46
0.027000000700354576,-0.004000000189989805,1.0019999742507935,1773949141.48
-0.07199999690055847,-0.07999999821186066,1.0069999694824219,1773949141.92
-0.03099999949336052,0.07000000029802322,0.8550000190734863,1773949141.941
-0.06199999898672104,-0.10100000351667404,1.2350000143051147,1773949141.96
0.039000000804662704,0.014999999664723873,0.9700000286102295,1773949141.981
0.057999998331069946,-0.03700000047683716,1.0609999895095825,1773949142.003
-0.07199999690055847,-0.07999999821186066,1.0069999694824219,1773949141.92
-0.03099999949336052,0.07000000029802322,0.8550000190734863,1773949141.941
-0.06199999898672104,-0.10100000351667404,1.2350000143051147,1773949141.96
0.039000000804662704,0.014999999664723873,0.9700000286102295,1773949141.981
0.057999998331069946,-0.03700000047683716,1.0609999895095825,1773949142.003
-0.07199999690055847,-0.07999999821186066,1.0069999694824219,1773949141.92
-0.03099999949336052,0.07000000029802322,0.8550000190734863,1773949141.941
-0.06199999898672104,-0.10100000351667404,1.2350000143051147,1773949141.96
0.039000000804662704,0.014999999664723873,0.9700000286102295,1773949141.981
0.057999998331069946,-0.03700000047683716,1.0609999895095825,1773949142.003
-0.026000000536441803,0.04800000041723251,0.9049999713897705,1773949142.442
-0.05000000074505806,-0.1420000046491623,1.2430000305175781,1773949142.462
0.004000000189989805,0.00800000037997961,0.9380000233650208,1773949142.481
0.08500000089406967,-0.041999999433755875,1.0180000066757202,1773949142.501
0.07800000160932541,-0.05900000035762787,1.0080000162124634,1773949142.52
-0.026000000536441803,0.04800000041723251,0.9049999713897705,1773949142.442
-0.05000000074505806,-0.1420000046491623,1.2430000305175781,1773949142.462
0.004000000189989805,0.00800000037997961,0.9380000233650208,1773949142.481
0.08500000089406967,-0.041999999433755875,1.0180000066757202,1773949142.501
0.07800000160932541,-0.05900000035762787,1.0080000162124634,1773949142.52
-0.026000000536441803,0.04800000041723251,0.9049999713897705,1773949142.442
-0.05000000074505806,-0.1420000046491623,1.2430000305175781,1773949142.462
0.004000000189989805,0.00800000037997961,0.9380000233650208,1773949142.481
0.08500000089406967,-0.041999999433755875,1.0180000066757202,1773949142.501
0.07800000160932541,-0.05900000035762787,1.0080000162124634,1773949142.52
-0.019999999552965164,0.0820000022649765,0.8230000138282776,1773949142.941
0.020999999716877937,-0.07900000363588333,1.1990000009536743,1773949142.96
0.01899999938905239,0.024000000208616257,0.9309999942779541,1773949142.981
0.01899999938905239,0.01899999938905239,0.9290000200271606,1773949143.003
-0.04800000041723251,-0.07400000095367432,1.1200000047683716,1773949143.021
-0.019999999552965164,0.0820000022649765,0.8230000138282776,1773949142.941
0.020999999716877937,-0.07900000363588333,1.1990000009536743,1773949142.96
0.01899999938905239,0.024000000208616257,0.9309999942779541,1773949142.981
0.01899999938905239,0.01899999938905239,0.9290000200271606,1773949143.003
-0.04800000041723251,-0.07400000095367432,1.1200000047683716,1773949143.021
0.039000000804662704,-0.0020000000949949026,1.1790000200271606,1773949143.461
-0.061000000685453415,0.004000000189989805,0.9440000057220459,1773949143.482
-0.10400000214576721,-0.009999999776482582,1.062000036239624,1773949143.501
-0.017999999225139618,-0.03500000014901161,1.128000020980835,1773949143.52
-0.02500000037252903,0.007000000216066837,0.9660000205039978,1773949143.542
0.039000000804662704,-0.0020000000949949026,1.1790000200271606,1773949143.461
-0.061000000685453415,0.004000000189989805,0.9440000057220459,1773949143.482
-0.10400000214576721,-0.009999999776482582,1.062000036239624,1773949143.501
-0.017999999225139618,-0.03500000014901161,1.128000020980835,1773949143.52
-0.02500000037252903,0.007000000216066837,0.9660000205039978,1773949143.542
0.039000000804662704,-0.0020000000949949026,1.1790000200271606,1773949143.461
-0.061000000685453415,0.004000000189989805,0.9440000057220459,1773949143.482
-0.10400000214576721,-0.009999999776482582,1.062000036239624,1773949143.501
-0.017999999225139618,-0.03500000014901161,1.128000020980835,1773949143.52
-0.02500000037252903,0.007000000216066837,0.9660000205039978,1773949143.542
-0.02800000086426735,0.10199999809265137,0.8230000138282776,1773949143.96
-0.02500000037252903,-0.04899999871850014,1.2510000467300415,1773949143.982
-0.013000000268220901,0.02800000086426735,0.9549999833106995,1773949144.001
0.05000000074505806,0.024000000208616257,0.9850000143051147,1773949144.02
-0.014000000432133675,-0.04399999976158142,1.0440000295639038,1773949144.041
-0.02800000086426735,0.10199999809265137,0.8230000138282776,1773949143.96
-0.02500000037252903,-0.04899999871850014,1.2510000467300415,1773949143.982
-0.013000000268220901,0.02800000086426735,0.9549999833106995,1773949144.001
0.05000000074505806,0.024000000208616257,0.9850000143051147,1773949144.02
-0.014000000432133675,-0.04399999976158142,1.0440000295639038,1773949144.041
-0.02800000086426735,0.10199999809265137,0.8230000138282776,1773949143.96
-0.02500000037252903,-0.04899999871850014,1.2510000467300415,1773949143.982
-0.013000000268220901,0.02800000086426735,0.9549999833106995,1773949144.001
0.05000000074505806,0.024000000208616257,0.9850000143051147,1773949144.02
-0.014000000432133675,-0.04399999976158142,1.0440000295639038,1773949144.041
0.04399999976158142,-0.10599999874830246,1.1929999589920044,1773949144.48
0.007000000216066837,0.009999999776482582,0.9129999876022339,1773949144.501
0.009999999776482582,0.003000000026077032,1.003999948501587,1773949144.52
-0.029999999329447746,-0.04399999976158142,1.1959999799728394,1773949144.541
-0.061000000685453415,-0.03400000184774399,0.9390000104904175,1773949144.56
0.04399999976158142,-0.10599999874830246,1.1929999589920044,1773949144.48
0.007000000216066837,0.009999999776482582,0.9129999876022339,1773949144.501
0.009999999776482582,0.003000000026077032,1.003999948501587,1773949144.52
-0.029999999329447746,-0.04399999976158142,1.1959999799728394,1773949144.541
-0.061000000685453415,-0.03400000184774399,0.9390000104904175,1773949144.56
-0.041999999433755875,-0.017999999225139618,1.1050000190734863,1773949144.984
0.12200000137090683,-0.0,0.9940000176429749,1773949145.002
-0.03799999877810478,-0.032999999821186066,1.0800000429153442,1773949145.021
-0.019999999552965164,-0.0689999982714653,1.1449999809265137,1773949145.041
-0.04899999871850014,-0.03500000014901161,0.8960000276565552,1773949145.061
-0.041999999433755875,-0.017999999225139618,1.1050000190734863,1773949144.984
0.12200000137090683,-0.0,0.9940000176429749,1773949145.002
-0.03799999877810478,-0.032999999821186066,1.0800000429153442,1773949145.021
-0.019999999552965164,-0.0689999982714653,1.1449999809265137,1773949145.041
-0.04899999871850014,-0.03500000014901161,0.8960000276565552,1773949145.061
-0.041999999433755875,-0.017999999225139618,1.1050000190734863,1773949144.984
0.12200000137090683,-0.0,0.9940000176429749,1773949145.002
-0.03799999877810478,-0.032999999821186066,1.0800000429153442,1773949145.021
-0.019999999552965164,-0.0689999982714653,1.1449999809265137,1773949145.041
-0.04899999871850014,-0.03500000014901161,0.8960000276565552,1773949145.061
0.026000000536441803,-0.02500000037252903,1.0460000038146973,1773949145.501
-0.07199999690055847,-0.02199999988079071,1.11899995803833,1773949145.526
0.017000000923871994,-0.06400000303983688,1.1089999675750732,1773949145.542
-0.01899999938905239,-0.013000000268220901,0.8500000238418579,1773949145.561
0.12200000137090683,-0.01899999938905239,1.0579999685287476,1773949145.583
0.026000000536441803,-0.02500000037252903,1.0460000038146973,1773949145.501
-0.07199999690055847,-0.02199999988079071,1.11899995803833,1773949145.526
0.017000000923871994,-0.06400000303983688,1.1089999675750732,1773949145.542
-0.01899999938905239,-0.013000000268220901,0.8500000238418579,1773949145.561
0.12200000137090683,-0.01899999938905239,1.0579999685287476,1773949145.583
0.02800000086426735,-0.07000000029802322,1.1469999551773071,1773949146.0
-0.003000000026077032,-0.026000000536441803,1.0470000505447388,1773949146.021
0.006000000052154064,-0.061000000685453415,1.0410000085830688,1773949146.041
-0.0010000000474974513,-0.032999999821186066,0.8679999709129333,1773949146.06
0.0689999982714653,-0.019999999552965164,1.0850000381469727,1773949146.08
0.02800000086426735,-0.07000000029802322,1.1469999551773071,1773949146.0
-0.003000000026077032,-0.026000000536441803,1.0470000505447388,1773949146.021
0.006000000052154064,-0.061000000685453415,1.0410000085830688,1773949146.041
-0.0010000000474974513,-0.032999999821186066,0.8679999709129333,1773949146.06
0.0689999982714653,-0.019999999552965164,1.0850000381469727,1773949146.08
-0.05400000140070915,-0.0,1.059000015258789,1773949146.52
-0.04800000041723251,-0.017999999225139618,0.9520000219345093,1773949146.541
0.014000000432133675,-0.010999999940395355,0.8790000081062317,1773949146.56
-0.027000000700354576,-0.010999999940395355,1.1390000581741333,1773949146.581
0.020999999716877937,-0.052000001072883606,1.1660000085830688,1773949146.604
-0.05400000140070915,-0.0,1.059000015258789,1773949146.52
-0.04800000041723251,-0.017999999225139618,0.9520000219345093,1773949146.541
0.014000000432133675,-0.010999999940395355,0.8790000081062317,1773949146.56
-0.027000000700354576,-0.010999999940395355,1.1390000581741333,1773949146.581
0.020999999716877937,-0.052000001072883606,1.1660000085830688,1773949146.604
-0.05400000140070915,-0.0,1.059000015258789,1773949146.52
-0.04800000041723251,-0.017999999225139618,0.9520000219345093,1773949146.541
0.014000000432133675,-0.010999999940395355,0.8790000081062317,1773949146.56
-0.027000000700354576,-0.010999999940395355,1.1390000581741333,1773949146.581
0.020999999716877937,-0.052000001072883606,1.1660000085830688,1773949146.604
-0.06300000101327896,0.004000000189989805,0.9580000042915344,1773949147.022
0.004000000189989805,-0.04899999871850014,0.9390000104904175,1773949147.041
-0.07199999690055847,-0.04899999871850014,1.0019999742507935,1773949147.061
-0.024000000208616257,-0.04500000178813934,1.1829999685287476,1773949147.082
0.08799999952316284,-0.017000000923871994,1.1160000562667847,1773949147.102
-0.06300000101327896,0.004000000189989805,0.9580000042915344,1773949147.022
0.004000000189989805,-0.04899999871850014,0.9390000104904175,1773949147.041
-0.07199999690055847,-0.04899999871850014,1.0019999742507935,1773949147.061
-0.024000000208616257,-0.04500000178813934,1.1829999685287476,1773949147.082
0.08799999952316284,-0.017000000923871994,1.1160000562667847,1773949147.102
-0.06300000101327896,0.004000000189989805,0.9580000042915344,1773949147.022
0.004000000189989805,-0.04899999871850014,0.9390000104904175,1773949147.041
-0.07199999690055847,-0.04899999871850014,1.0019999742507935,1773949147.061
-0.024000000208616257,-0.04500000178813934,1.1829999685287476,1773949147.082
0.08799999952316284,-0.017000000923871994,1.1160000562667847,1773949147.102
0.0989999994635582,-0.02800000086426735,1.1820000410079956,1773949147.54
-0.10400000214576721,0.04399999976158142,0.9319999814033508,1773949147.56
-0.11900000274181366,-0.04899999871850014,1.090999960899353,1773949147.581
-0.02800000086426735,-0.03999999910593033,0.9200000166893005,1773949147.6
0.10700000077486038,0.039000000804662704,0.9850000143051147,1773949147.621
0.0989999994635582,-0.02800000086426735,1.1820000410079956,1773949147.54
-0.10400000214576721,0.04399999976158142,0.9319999814033508,1773949147.56
-0.11900000274181366,-0.04899999871850014,1.090999960899353,1773949147.581
-0.02800000086426735,-0.03999999910593033,0.9200000166893005,1773949147.6
0.10700000077486038,0.039000000804662704,0.9850000143051147,1773949147.621
0.0989999994635582,-0.02800000086426735,1.1820000410079956,1773949147.54
-0.10400000214576721,0.04399999976158142,0.9319999814033508,1773949147.56
-0.11900000274181366,-0.04899999871850014,1.090999960899353,1773949147.581
-0.02800000086426735,-0.03999999910593033,0.9200000166893005,1773949147.6
0.10700000077486038,0.039000000804662704,0.9850000143051147,1773949147.621
-0.039000000804662704,-0.11299999803304672,1.3459999561309814,1773949148.043
0.10300000011920929,0.04100000113248825,0.7789999842643738,1773949148.062
0.03700000047683716,-0.054999999701976776,1.1039999723434448,1773949148.08
-0.1379999965429306,0.009999999776482582,0.8980000019073486,1773949148.11
-0.08100000023841858,-0.052000001072883606,0.9829999804496765,1773949148.124
-0.039000000804662704,-0.11299999803304672,1.3459999561309814,1773949148.043
0.10300000011920929,0.04100000113248825,0.7789999842643738,1773949148.062
0.03700000047683716,-0.054999999701976776,1.1039999723434448,1773949148.08
-0.1379999965429306,0.009999999776482582,0.8980000019073486,1773949148.11
-0.08100000023841858,-0.052000001072883606,0.9829999804496765,1773949148.124
-0.039000000804662704,-0.11299999803304672,1.3459999561309814,1773949148.043
0.10300000011920929,0.04100000113248825,0.7789999842643738,1773949148.062
0.03700000047683716,-0.054999999701976776,1.1039999723434448,1773949148.08
-0.1379999965429306,0.009999999776482582,0.8980000019073486,1773949148.11
-0.08100000023841858,-0.052000001072883606,0.9829999804496765,1773949148.124
-0.01600000075995922,-0.07100000232458115,1.0199999809265137,1773949148.56
0.032999999821186066,-0.03400000184774399,1.065000057220459,1773949148.582
0.06599999964237213,0.07000000029802322,0.824999988079071,1773949148.601
-0.1080000028014183,-0.0729999989271164,1.2710000276565552,1773949148.62
-0.06199999898672104,-0.020999999716877937,0.7960000038146973,1773949148.644
-0.01600000075995922,-0.07100000232458115,1.0199999809265137,1773949148.56
0.032999999821186066,-0.03400000184774399,1.065000057220459,1773949148.582
0.06599999964237213,0.07000000029802322,0.824999988079071,1773949148.601
-0.1080000028014183,-0.0729999989271164,1.2710000276565552,1773949148.62
-0.06199999898672104,-0.020999999716877937,0.7960000038146973,1773949148.644
0.04399999976158142,0.0020000000949949026,1.0149999856948853,1773949149.062
-0.057999998331069946,0.03999999910593033,0.8740000128746033,1773949149.081
-0.12999999523162842,0.003000000026077032,1.0980000495910645,1773949149.102
0.007000000216066837,-0.01899999938905239,1.0269999504089355,1773949149.121
0.0860000029206276,-0.0020000000949949026,0.9890000224113464,1773949149.14
0.04399999976158142,0.0020000000949949026,1.0149999856948853,1773949149.062
-0.057999998331069946,0.03999999910593033,0.8740000128746033,1773949149.081
-0.12999999523162842,0.003000000026077032,1.0980000495910645,1773949149.102
0.007000000216066837,-0.01899999938905239,1.0269999504089355,1773949149.121
0.0860000029206276,-0.0020000000949949026,0.9890000224113464,1773949149.14
0.04399999976158142,0.0020000000949949026,1.0149999856948853,1773949149.062
-0.057999998331069946,0.03999999910593033,0.8740000128746033,1773949149.081
-0.12999999523162842,0.003000000026077032,1.0980000495910645,1773949149.102
0.007000000216066837,-0.01899999938905239,1.0269999504089355,1773949149.121
0.0860000029206276,-0.0020000000949949026,0.9890000224113464,1773949149.14
0.039000000804662704,0.014000000432133675,0.8169999718666077,1773949149.585
0.06700000166893005,-0.014000000432133675,1.0479999780654907,1773949149.602
-0.07800000160932541,0.006000000052154064,1.0870000123977661,1773949149.621
-0.050999999046325684,-0.057999998331069946,0.9160000085830688,1773949149.642
0.08299999684095383,0.0430000014603138,1.187000036239624,1773949149.661
0.039000000804662704,0.014000000432133675,0.8169999718666077,1773949149.585
0.06700000166893005,-0.014000000432133675,1.0479999780654907,1773949149.602
-0.07800000160932541,0.006000000052154064,1.0870000123977661,1773949149.621
-0.050999999046325684,-0.057999998331069946,0.9160000085830688,1773949149.642
0.08299999684095383,0.0430000014603138,1.187000036239624,1773949149.661
-0.028999999165534973,-0.007000000216066837,1.1690000295639038,1773949150.081
-0.04399999976158142,-0.007000000216066837,0.8659999966621399,1773949150.101
0.014000000432133675,0.06800000369548798,0.9129999876022339,1773949150.121
0.029999999329447746,0.024000000208616257,1.2599999904632568,1773949150.141
0.01600000075995922,0.007000000216066837,0.8109999895095825,1773949150.161
-0.028999999165534973,-0.007000000216066837,1.1690000295639038,1773949150.081
-0.04399999976158142,-0.007000000216066837,0.8659999966621399,1773949150.101
0.014000000432133675,0.06800000369548798,0.9129999876022339,1773949150.121
0.029999999329447746,0.024000000208616257,1.2599999904632568,1773949150.141
0.01600000075995922,0.007000000216066837,0.8109999895095825,1773949150.161
-0.028999999165534973,-0.007000000216066837,1.1690000295639038,1773949150.081
-0.04399999976158142,-0.007000000216066837,0.8659999966621399,1773949150.101
0.014000000432133675,0.06800000369548798,0.9129999876022339,1773949150.121
0.029999999329447746,0.024000000208616257,1.2599999904632568,1773949150.141
0.01600000075995922,0.007000000216066837,0.8109999895095825,1773949150.161
0.03999999910593033,0.003000000026077032,1.0540000200271606,1773949150.603
-0.05999999865889549,-0.029999999329447746,0.8730000257492065,1773949150.621
-0.01899999938905239,-0.023000000044703484,0.949999988079071,1773949150.641
0.05900000035762787,-0.0860000029206276,1.2039999961853027,1773949150.662
0.15199999511241913,0.004000000189989805,0.9200000166893005,1773949150.681
0.03999999910593033,0.003000000026077032,1.0540000200271606,1773949150.603
-0.05999999865889549,-0.029999999329447746,0.8730000257492065,1773949150.621
-0.01899999938905239,-0.023000000044703484,0.949999988079071,1773949150.641
0.05900000035762787,-0.0860000029206276,1.2039999961853027,1773949150.662
0.15199999511241913,0.004000000189989805,0.9200000166893005,1773949150.681
0.03999999910593033,0.003000000026077032,1.0540000200271606,1773949150.603
-0.05999999865889549,-0.029999999329447746,0.8730000257492065,1773949150.621
-0.01899999938905239,-0.023000000044703484,0.949999988079071,1773949150.641
0.05900000035762787,-0.0860000029206276,1.2039999961853027,1773949150.662
0.15199999511241913,0.004000000189989805,0.9200000166893005,1773949150.681
0.07000000029802322,-0.03200000151991844,1.0099999904632568,1773949151.102
0.0010000000474974513,0.023000000044703484,1.0479999780654907,1773949151.121
-0.19300000369548798,0.004000000189989805,0.8930000066757202,1773949151.141
-0.007000000216066837,0.028999999165534973,0.9760000109672546,1773949151.161
0.11400000005960464,-0.035999998450279236,1.0110000371932983,1773949151.181
0.07000000029802322,-0.03200000151991844,1.0099999904632568,1773949151.102
0.0010000000474974513,0.023000000044703484,1.0479999780654907,1773949151.121
-0.19300000369548798,0.004000000189989805,0.8930000066757202,1773949151.141
-0.007000000216066837,0.028999999165534973,0.9760000109672546,1773949151.161
0.11400000005960464,-0.035999998450279236,1.0110000371932983,1773949151.181
-0.07100000232458115,-0.010999999940395355,0.9750000238418579,1773949151.621
0.0949999988079071,0.06499999761581421,0.9599999785423279,1773949151.643
-0.035999998450279236,0.017999999225139618,1.0410000085830688,1773949151.662
-0.1080000028014183,0.014000000432133675,0.8709999918937683,1773949151.681
0.03799999877810478,0.007000000216066837,1.125,1773949151.703
-0.07100000232458115,-0.010999999940395355,0.9750000238418579,1773949151.621
0.0949999988079071,0.06499999761581421,0.9599999785423279,1773949151.643
-0.035999998450279236,0.017999999225139618,1.0410000085830688,1773949151.662
-0.1080000028014183,0.014000000432133675,0.8709999918937683,1773949151.681
0.03799999877810478,0.007000000216066837,1.125,1773949151.703
-0.07100000232458115,-0.010999999940395355,0.9750000238418579,1773949151.621
0.0949999988079071,0.06499999761581421,0.9599999785423279,1773949151.643
-0.035999998450279236,0.017999999225139618,1.0410000085830688,1773949151.662
-0.1080000028014183,0.014000000432133675,0.8709999918937683,1773949151.681
0.03799999877810478,0.007000000216066837,1.125,1773949151.703
0.05900000035762787,0.03400000184774399,0.8410000205039978,1773949152.122
-0.11100000143051147,-0.004999999888241291,1.1009999513626099,1773949152.141
-0.035999998450279236,0.00800000037997961,1.0210000276565552,1773949152.161
0.05299999937415123,0.027000000700354576,1.0980000495910645,1773949152.187
-0.08299999684095383,0.041999999433755875,0.9980000257492065,1773949152.201
0.05900000035762787,0.03400000184774399,0.8410000205039978,1773949152.122
-0.11100000143051147,-0.004999999888241291,1.1009999513626099,1773949152.141
-0.035999998450279236,0.00800000037997961,1.0210000276565552,1773949152.161
0.05299999937415123,0.027000000700354576,1.0980000495910645,1773949152.187
-0.08299999684095383,0.041999999433755875,0.9980000257492065,1773949152.201
0.003000000026077032,0.03999999910593033,0.828000009059906,1773949152.641
-0.03500000014901161,0.012000000104308128,1.1030000448226929,1773949152.661
0.04399999976158142,-0.024000000208616257,0.9850000143051147,1773949152.681
-0.04899999871850014,-0.03099999949336052,1.1039999723434448,1773949152.702
-0.16599999368190765,-0.02500000037252903,0.9129999876022339,1773949152.721
0.003000000026077032,0.03999999910593033,0.828000009059906,1773949152.641
-0.03500000014901161,0.012000000104308128,1.1030000448226929,1773949152.661
0.04399999976158142,-0.024000000208616257,0.9850000143051147,1773949152.681
-0.04899999871850014,-0.03099999949336052,1.1039999723434448,1773949152.702
-0.16599999368190765,-0.02500000037252903,0.9129999876022339,1773949152.721
0.029999999329447746,-0.017999999225139618,1.0540000200271606,1773949153.149
-0.09700000286102295,-0.007000000216066837,0.9169999957084656,1773949153.161
-0.017000000923871994,0.07500000298023224,1.0230000019073486,1773949153.181
0.11100000143051147,0.03200000151991844,0.9819999933242798,1773949153.202
-0.050999999046325684,0.007000000216066837,1.0269999504089355,1773949153.221
0.029999999329447746,-0.017999999225139618,1.0540000200271606,1773949153.149
-0.09700000286102295,-0.007000000216066837,0.9169999957084656,1773949153.161
-0.017000000923871994,0.07500000298023224,1.0230000019073486,1773949153.181
0.11100000143051147,0.03200000151991844,0.9819999933242798,1773949153.202
-0.050999999046325684,0.007000000216066837,1.0269999504089355,1773949153.221
0.029999999329447746,-0.017999999225139618,1.0540000200271606,1773949153.149
-0.09700000286102295,-0.007000000216066837,0.9169999957084656,1773949153.161
-0.017000000923871994,0.07500000298023224,1.0230000019073486,1773949153.181
0.11100000143051147,0.03200000151991844,0.9819999933242798,1773949153.202
-0.050999999046325684,0.007000000216066837,1.0269999504089355,1773949153.221
0.029999999329447746,-0.017999999225139618,1.0540000200271606,1773949153.149
-0.09700000286102295,-0.007000000216066837,0.9169999957084656,1773949153.161
-0.017000000923871994,0.07500000298023224,1.0230000019073486,1773949153.181
0.11100000143051147,0.03200000151991844,0.9819999933242798,1773949153.202
-0.050999999046325684,0.007000000216066837,1.0269999504089355,1773949153.221
0.029999999329447746,-0.017999999225139618,1.0540000200271606,1773949153.149
-0.09700000286102295,-0.007000000216066837,0.9169999957084656,1773949153.161
-0.017000000923871994,0.07500000298023224,1.0230000019073486,1773949153.181
0.11100000143051147,0.03200000151991844,0.9819999933242798,1773949153.202
-0.050999999046325684,0.007000000216066837,1.0269999504089355,1773949153.221
0.029999999329447746,-0.017999999225139618,1.0540000200271606,1773949153.149
-0.09700000286102295,-0.007000000216066837,0.9169999957084656,1773949153.161
-0.017000000923871994,0.07500000298023224,1.0230000019073486,1773949153.181
0.11100000143051147,0.03200000151991844,0.9819999933242798,1773949153.202
-0.050999999046325684,0.007000000216066837,1.0269999504089355,1773949153.221
0.039000000804662704,-0.0560000017285347,0.9900000095367432,1773949153.662
-0.1080000028014183,0.003000000026077032,1.0490000247955322,1773949153.681
-0.0860000029206276,0.019999999552965164,1.0440000295639038,1773949153.701
0.11500000208616257,0.04399999976158142,0.9860000014305115,1773949153.721
-0.10899999737739563,0.008999999612569809,1.0859999656677246,1773949153.741
-0.017999999225139618,0.013000000268220901,1.1460000276565552,1773949154.161
0.07400000095367432,0.03799999877810478,0.8109999895095825,1773949154.182
-0.0860000029206276,-0.017999999225139618,1.11899995803833,1773949154.202
-0.09200000017881393,-0.04699999839067459,1.0479999780654907,1773949154.221
-0.07199999690055847,-0.017000000923871994,1.0959999561309814,1773949154.241
-0.017999999225139618,0.013000000268220901,1.1460000276565552,1773949154.161
0.07400000095367432,0.03799999877810478,0.8109999895095825,1773949154.182
-0.0860000029206276,-0.017999999225139618,1.11899995803833,1773949154.202
-0.09200000017881393,-0.04699999839067459,1.0479999780654907,1773949154.221
-0.07199999690055847,-0.017000000923871994,1.0959999561309814,1773949154.241
-0.017999999225139618,0.013000000268220901,1.1460000276565552,1773949154.161
0.07400000095367432,0.03799999877810478,0.8109999895095825,1773949154.182
-0.0860000029206276,-0.017999999225139618,1.11899995803833,1773949154.202
-0.09200000017881393,-0.04699999839067459,1.0479999780654907,1773949154.221
-0.07199999690055847,-0.017000000923871994,1.0959999561309814,1773949154.241
-0.08299999684095383,-0.020999999716877937,0.8560000061988831,1773949154.661
-0.013000000268220901,0.004000000189989805,1.1720000505447388,1773949154.681
0.06300000101327896,0.019999999552965164,0.824999988079071,1773949154.702
-0.09200000017881393,-0.014000000432133675,1.1160000562667847,1773949154.721
-0.02800000086426735,-0.05400000140070915,1.065000057220459,1773949154.741
-0.08299999684095383,-0.020999999716877937,0.8560000061988831,1773949154.661
-0.013000000268220901,0.004000000189989805,1.1720000505447388,1773949154.681
0.06300000101327896,0.019999999552965164,0.824999988079071,1773949154.702
-0.09200000017881393,-0.014000000432133675,1.1160000562667847,1773949154.721
-0.02800000086426735,-0.05400000140070915,1.065000057220459,1773949154.741
-0.10400000214576721,-0.04699999839067459,0.9399999976158142,1773949155.162
-0.03999999910593033,0.019999999552965164,1.1929999589920044,1773949155.182
0.0430000014603138,-0.05999999865889549,1.0069999694824219,1773949155.201
-0.06599999964237213,-0.01600000075995922,0.9319999814033508,1773949155.221
-0.02500000037252903,0.04699999839067459,0.9940000176429749,1773949155.243
-0.10400000214576721,-0.04699999839067459,0.9399999976158142,1773949155.162
-0.03999999910593033,0.019999999552965164,1.1929999589920044,1773949155.182
0.0430000014603138,-0.05999999865889549,1.0069999694824219,1773949155.201
-0.06599999964237213,-0.01600000075995922,0.9319999814033508,1773949155.221
-0.02500000037252903,0.04699999839067459,0.9940000176429749,1773949155.243
-0.061000000685453415,-0.05700000002980232,0.7889999747276306,1773949155.681
-0.006000000052154064,0.023000000044703484,1.2100000381469727,1773949155.701
0.019999999552965164,-0.0020000000949949026,0.8220000267028809,1773949155.721
-0.13199999928474426,-0.014999999664723873,1.1449999809265137,1773949155.742
-0.024000000208616257,-0.08500000089406967,1.090000033378601,1773949155.761
-0.061000000685453415,-0.05700000002980232,0.7889999747276306,1773949155.681
-0.006000000052154064,0.023000000044703484,1.2100000381469727,1773949155.701
0.019999999552965164,-0.0020000000949949026,0.8220000267028809,1773949155.721
-0.13199999928474426,-0.014999999664723873,1.1449999809265137,1773949155.742
-0.024000000208616257,-0.08500000089406967,1.090000033378601,1773949155.761
-0.061000000685453415,-0.05700000002980232,0.7889999747276306,1773949155.681
-0.006000000052154064,0.023000000044703484,1.2100000381469727,1773949155.701
0.019999999552965164,-0.0020000000949949026,0.8220000267028809,1773949155.721
-0.13199999928474426,-0.014999999664723873,1.1449999809265137,1773949155.742
-0.024000000208616257,-0.08500000089406967,1.090000033378601,1773949155.761
-0.041999999433755875,-0.04800000041723251,1.0420000553131104,1773949156.182
-0.03500000014901161,-0.00800000037997961,0.9390000104904175,1773949156.202
0.027000000700354576,-0.054999999701976776,1.121999979019165,1773949156.221
-0.028999999165534973,0.02199999988079071,0.777999997138977,1773949156.241
-0.061000000685453415,0.04500000178813934,1.0989999771118164,1773949156.261
-0.041999999433755875,-0.04800000041723251,1.0420000553131104,1773949156.182
-0.03500000014901161,-0.00800000037997961,0.9390000104904175,1773949156.202
0.027000000700354576,-0.054999999701976776,1.121999979019165,1773949156.221
-0.028999999165534973,0.02199999988079071,0.777999997138977,1773949156.241
-0.061000000685453415,0.04500000178813934,1.0989999771118164,1773949156.261
-0.041999999433755875,-0.04800000041723251,1.0420000553131104,1773949156.182
-0.03500000014901161,-0.00800000037997961,0.9390000104904175,1773949156.202
0.027000000700354576,-0.054999999701976776,1.121999979019165,1773949156.221
-0.028999999165534973,0.02199999988079071,0.777999997138977,1773949156.241
-0.061000000685453415,0.04500000178813934,1.0989999771118164,1773949156.261
-0.008999999612569809,-0.06599999964237213,1.2050000429153442,1773949156.681
-0.06199999898672104,-0.08500000089406967,1.0490000247955322,1773949156.703
-0.04899999871850014,-0.04600000008940697,0.9750000238418579,1773949156.721
0.04600000008940697,-0.02199999988079071,1.0069999694824219,1773949156.742
0.003000000026077032,0.004999999888241291,0.9229999780654907,1773949156.761
-0.008999999612569809,-0.06599999964237213,1.2050000429153442,1773949156.681
-0.06199999898672104,-0.08500000089406967,1.0490000247955322,1773949156.703
-0.04899999871850014,-0.04600000008940697,0.9750000238418579,1773949156.721
0.04600000008940697,-0.02199999988079071,1.0069999694824219,1773949156.742
0.003000000026077032,0.004999999888241291,0.9229999780654907,1773949156.761
-0.08699999749660492,-0.04800000041723251,1.0260000228881836,1773949157.202
-0.032999999821186066,0.01600000075995922,0.9390000104904175,1773949157.221
-0.05700000002980232,-0.0860000029206276,1.0130000114440918,1773949157.244
0.00800000037997961,0.019999999552965164,1.0529999732971191,1773949157.262
0.006000000052154064,-0.05400000140070915,0.9459999799728394,1773949157.281
-0.08699999749660492,-0.04800000041723251,1.0260000228881836,1773949157.202
-0.032999999821186066,0.01600000075995922,0.9390000104904175,1773949157.221
-0.05700000002980232,-0.0860000029206276,1.0130000114440918,1773949157.244
0.00800000037997961,0.019999999552965164,1.0529999732971191,1773949157.262
0.006000000052154064,-0.05400000140070915,0.9459999799728394,1773949157.281
-0.08699999749660492,-0.04800000041723251,1.0260000228881836,1773949157.202
-0.032999999821186066,0.01600000075995922,0.9390000104904175,1773949157.221
-0.05700000002980232,-0.0860000029206276,1.0130000114440918,1773949157.244
0.00800000037997961,0.019999999552965164,1.0529999732971191,1773949157.262
0.006000000052154064,-0.05400000140070915,0.9459999799728394,1773949157.281
0.010999999940395355,-0.05400000140070915,1.2410000562667847,1773949157.702
-0.10999999940395355,-0.01899999938905239,0.9390000104904175,1773949157.721
0.11400000005960464,0.0,1.062000036239624,1773949157.741
0.029999999329447746,-0.03400000184774399,1.0240000486373901,1773949157.761
-0.041999999433755875,0.0010000000474974513,1.0160000324249268,1773949157.781
0.010999999940395355,-0.05400000140070915,1.2410000562667847,1773949157.702
-0.10999999940395355,-0.01899999938905239,0.9390000104904175,1773949157.721
0.11400000005960464,0.0,1.062000036239624,1773949157.741
0.029999999329447746,-0.03400000184774399,1.0240000486373901,1773949157.761
-0.041999999433755875,0.0010000000474974513,1.0160000324249268,1773949157.781
0.12300000339746475,-0.00800000037997961,1.1100000143051147,1773949158.221
-0.08900000154972076,0.006000000052154064,1.0420000553131104,1773949158.241
-0.02500000037252903,-0.020999999716877937,1.0410000085830688,1773949158.261
-0.07699999958276749,0.04399999976158142,0.8500000238418579,1773949158.281
0.04600000008940697,-0.028999999165534973,1.0820000171661377,1773949158.303
0.12300000339746475,-0.00800000037997961,1.1100000143051147,1773949158.221
-0.08900000154972076,0.006000000052154064,1.0420000553131104,1773949158.241
-0.02500000037252903,-0.020999999716877937,1.0410000085830688,1773949158.261
-0.07699999958276749,0.04399999976158142,0.8500000238418579,1773949158.281
0.04600000008940697,-0.028999999165534973,1.0820000171661377,1773949158.303
-0.0020000000949949026,-0.08100000023841858,1.2170000076293945,1773949158.721
0.0689999982714653,-0.004999999888241291,1.0130000114440918,1773949158.741
0.020999999716877937,0.04500000178813934,0.8980000019073486,1773949158.763
-0.03500000014901161,-0.07100000232458115,1.0779999494552612,1773949158.782
-0.0689999982714653,-0.009999999776482582,1.0290000438690186,1773949158.802
-0.0020000000949949026,-0.08100000023841858,1.2170000076293945,1773949158.721
0.0689999982714653,-0.004999999888241291,1.0130000114440918,1773949158.741
0.020999999716877937,0.04500000178813934,0.8980000019073486,1773949158.763
-0.03500000014901161,-0.07100000232458115,1.0779999494552612,1773949158.782
-0.0689999982714653,-0.009999999776482582,1.0290000438690186,1773949158.802
-0.0020000000949949026,-0.08100000023841858,1.2170000076293945,1773949158.721
0.0689999982714653,-0.004999999888241291,1.0130000114440918,1773949158.741
0.020999999716877937,0.04500000178813934,0.8980000019073486,1773949158.763
-0.03500000014901161,-0.07100000232458115,1.0779999494552612,1773949158.782
-0.0689999982714653,-0.009999999776482582,1.0290000438690186,1773949158.802
-0.08799999952316284,-0.04899999871850014,1.1469999551773071,1773949159.241
0.032999999821186066,-0.0010000000474974513,0.925000011920929,1773949159.262
0.054999999701976776,0.008999999612569809,0.8799999952316284,1773949159.281
-0.004999999888241291,-0.02500000037252903,1.1510000228881836,1773949159.302
-0.07699999958276749,-0.05299999937415123,1.0889999866485596,1773949159.321
-0.08799999952316284,-0.04899999871850014,1.1469999551773071,1773949159.241
0.032999999821186066,-0.0010000000474974513,0.925000011920929,1773949159.262
0.054999999701976776,0.008999999612569809,0.8799999952316284,1773949159.281
-0.004999999888241291,-0.02500000037252903,1.1510000228881836,1773949159.302
-0.07699999958276749,-0.05299999937415123,1.0889999866485596,1773949159.321
-0.04699999839067459,-0.041999999433755875,0.9309999942779541,1773949159.741
-0.06700000166893005,-0.02800000086426735,1.00600004196167,1773949159.761
-0.0,-0.023000000044703484,1.0779999494552612,1773949159.781
0.02500000037252903,-0.061000000685453415,1.0099999904632568,1773949159.804
-0.01899999938905239,-0.007000000216066837,1.031000018119812,1773949159.821
-0.04699999839067459,-0.041999999433755875,0.9309999942779541,1773949159.741
-0.06700000166893005,-0.02800000086426735,1.00600004196167,1773949159.761
-0.0,-0.023000000044703484,1.0779999494552612,1773949159.781
0.02500000037252903,-0.061000000685453415,1.0099999904632568,1773949159.804
-0.01899999938905239,-0.007000000216066837,1.031000018119812,1773949159.821
-0.04699999839067459,-0.041999999433755875,0.9309999942779541,1773949159.741
-0.06700000166893005,-0.02800000086426735,1.00600004196167,1773949159.761
-0.0,-0.023000000044703484,1.0779999494552612,1773949159.781
0.02500000037252903,-0.061000000685453415,1.0099999904632568,1773949159.804
-0.01899999938905239,-0.007000000216066837,1.031000018119812,1773949159.821
-0.06800000369548798,-0.0729999989271164,0.9380000233650208,1773949160.261
-0.008999999612569809,-0.035999998450279236,1.1160000562667847,1773949160.281
0.05000000074505806,0.041999999433755875,0.9869999885559082,1773949160.301
0.024000000208616257,0.014000000432133675,0.9409999847412109,1773949160.321
-0.04800000041723251,-0.039000000804662704,1.1069999933242798,1773949160.341
-0.06800000369548798,-0.0729999989271164,0.9380000233650208,1773949160.261
-0.008999999612569809,-0.035999998450279236,1.1160000562667847,1773949160.281
0.05000000074505806,0.041999999433755875,0.9869999885559082,1773949160.301
0.024000000208616257,0.014000000432133675,0.9409999847412109,1773949160.321
-0.04800000041723251,-0.039000000804662704,1.1069999933242798,1773949160.341
0.11100000143051147,0.11400000005960464,0.878000020980835,1773949160.761
0.0020000000949949026,-0.012000000104308128,1.0379999876022339,1773949160.781
0.02199999988079071,-0.04399999976158142,1.0950000286102295,1773949160.802
-0.01899999938905239,0.06300000101327896,0.902999997138977,1773949160.822
0.04699999839067459,0.014000000432133675,1.2170000076293945,1773949160.841
0.11100000143051147,0.11400000005960464,0.878000020980835,1773949160.761
0.0020000000949949026,-0.012000000104308128,1.0379999876022339,1773949160.781
0.02199999988079071,-0.04399999976158142,1.0950000286102295,1773949160.802
-0.01899999938905239,0.06300000101327896,0.902999997138977,1773949160.822
0.04699999839067459,0.014000000432133675,1.2170000076293945,1773949160.841
0.07999999821186066,0.029999999329447746,1.0549999475479126,1773949161.281
-0.03999999910593033,-0.09099999815225601,0.8569999933242798,1773949161.301
-0.0,0.026000000536441803,0.9419999718666077,1773949161.322
0.012000000104308128,-0.054999999701976776,1.2350000143051147,1773949161.341
0.004000000189989805,-0.003000000026077032,0.8790000081062317,1773949161.361
0.07999999821186066,0.029999999329447746,1.0549999475479126,1773949161.281
-0.03999999910593033,-0.09099999815225601,0.8569999933242798,1773949161.301
-0.0,0.026000000536441803,0.9419999718666077,1773949161.322
0.012000000104308128,-0.054999999701976776,1.2350000143051147,1773949161.341
0.004000000189989805,-0.003000000026077032,0.8790000081062317,1773949161.361
0.04600000008940697,0.1599999964237213,0.8349999785423279,1773949161.782
0.07000000029802322,0.2630000114440918,0.9700000286102295,1773949161.802
0.003000000026077032,0.12200000137090683,1.0199999809265137,1773949161.821
-0.5910000205039978,-0.3720000088214874,-1.9859999418258667,1773949161.841
0.12099999934434891,0.21799999475479126,0.367000013589859,1773949161.861
0.04600000008940697,0.1599999964237213,0.8349999785423279,1773949161.782
0.07000000029802322,0.2630000114440918,0.9700000286102295,1773949161.802
0.003000000026077032,0.12200000137090683,1.0199999809265137,1773949161.821
-0.5910000205039978,-0.3720000088214874,-1.9859999418258667,1773949161.841
0.12099999934434891,0.21799999475479126,0.367000013589859,1773949161.861
0.007000000216066837,0.0989999994635582,0.9179999828338623,1773949162.318
-0.07400000095367432,0.006000000052154064,0.9279999732971191,1773949162.33
-0.07999999821186066,-0.26600000262260437,1.7910000085830688,1773949162.344
0.032999999821186066,-0.020999999716877937,0.5640000104904175,1773949162.362
-0.03500000014901161,0.032999999821186066,0.9750000238418579,1773949162.383
0.007000000216066837,0.0989999994635582,0.9179999828338623,1773949162.318
-0.07400000095367432,0.006000000052154064,0.9279999732971191,1773949162.33
-0.07999999821186066,-0.26600000262260437,1.7910000085830688,1773949162.344
0.032999999821186066,-0.020999999716877937,0.5640000104904175,1773949162.362
-0.03500000014901161,0.032999999821186066,0.9750000238418579,1773949162.383
-0.027000000700354576,0.04899999871850014,1.0800000429153442,1773949162.801
0.02800000086426735,-0.026000000536441803,1.0210000276565552,1773949162.821
-0.028999999165534973,-0.0820000022649765,1.2669999599456787,1773949162.841
0.03500000014901161,0.004999999888241291,0.8330000042915344,1773949162.861
-0.0989999994635582,-0.004999999888241291,0.902999997138977,1773949162.881
-0.027000000700354576,0.04899999871850014,1.0800000429153442,1773949162.801
0.02800000086426735,-0.026000000536441803,1.0210000276565552,1773949162.821
-0.028999999165534973,-0.0820000022649765,1.2669999599456787,1773949162.841
0.03500000014901161,0.004999999888241291,0.8330000042915344,1773949162.861
-0.0989999994635582,-0.004999999888241291,0.902999997138977,1773949162.881
0.039000000804662704,-0.03999999910593033,1.1089999675750732,1773949163.321
0.09399999678134918,-0.029999999329447746,0.9520000219345093,1773949163.341
-0.0689999982714653,0.028999999165534973,1.2369999885559082,1773949163.361
-0.16699999570846558,0.01600000075995922,0.703000009059906,1773949163.386
-0.014000000432133675,-0.00800000037997961,1.0470000505447388,1773949163.402
0.039000000804662704,-0.03999999910593033,1.1089999675750732,1773949163.321
0.09399999678134918,-0.029999999329447746,0.9520000219345093,1773949163.341
-0.0689999982714653,0.028999999165534973,1.2369999885559082,1773949163.361
-0.16699999570846558,0.01600000075995922,0.703000009059906,1773949163.386
-0.014000000432133675,-0.00800000037997961,1.0470000505447388,1773949163.402
0.04800000041723251,-0.14000000059604645,0.8889999985694885,1773949163.821
-0.00800000037997961,-0.14300000667572021,1.3600000143051147,1773949163.841
-0.0949999988079071,-0.11500000208616257,0.6639999747276306,1773949163.861
-0.01600000075995922,-0.09300000220537186,1.2269999980926514,1773949163.881
0.06499999761581421,-0.11500000208616257,0.9739999771118164,1773949163.901
0.04800000041723251,-0.14000000059604645,0.8889999985694885,1773949163.821
-0.00800000037997961,-0.14300000667572021,1.3600000143051147,1773949163.841
-0.0949999988079071,-0.11500000208616257,0.6639999747276306,1773949163.861
-0.01600000075995922,-0.09300000220537186,1.2269999980926514,1773949163.881
0.06499999761581421,-0.11500000208616257,0.9739999771118164,1773949163.901
0.013000000268220901,-0.0,1.0190000534057617,1773949164.341
-0.004999999888241291,0.023000000044703484,1.0089999437332153,1773949164.361
-0.012000000104308128,-0.01899999938905239,1.0169999599456787,1773949164.381
-0.026000000536441803,0.026000000536441803,1.0269999504089355,1773949164.401
-0.03099999949336052,0.004999999888241291,1.0210000276565552,1773949164.422
0.013000000268220901,-0.0,1.0190000534057617,1773949164.341
-0.004999999888241291,0.023000000044703484,1.0089999437332153,1773949164.361
-0.012000000104308128,-0.01899999938905239,1.0169999599456787,1773949164.381
-0.026000000536441803,0.026000000536441803,1.0269999504089355,1773949164.401
-0.03099999949336052,0.004999999888241291,1.0210000276565552,1773949164.422
-0.007000000216066837,-0.020999999716877937,1.0099999904632568,1773949164.841
-0.007000000216066837,-0.04100000113248825,0.9919999837875366,1773949164.863
-0.00800000037997961,0.0020000000949949026,1.090999960899353,1773949164.881
-0.027000000700354576,-0.039000000804662704,0.9700000286102295,1773949164.902
0.03099999949336052,-0.03500000014901161,1.027999997138977,1773949164.922
-0.007000000216066837,-0.020999999716877937,1.0099999904632568,1773949164.841
-0.007000000216066837,-0.04100000113248825,0.9919999837875366,1773949164.863
-0.00800000037997961,0.0020000000949949026,1.090999960899353,1773949164.881
-0.027000000700354576,-0.039000000804662704,0.9700000286102295,1773949164.902
0.03099999949336052,-0.03500000014901161,1.027999997138977,1773949164.922
-0.007000000216066837,-0.020999999716877937,1.0099999904632568,1773949164.841
-0.007000000216066837,-0.04100000113248825,0.9919999837875366,1773949164.863
-0.00800000037997961,0.0020000000949949026,1.090999960899353,1773949164.881
-0.027000000700354576,-0.039000000804662704,0.9700000286102295,1773949164.902
0.03099999949336052,-0.03500000014901161,1.027999997138977,1773949164.922
-0.019999999552965164,-0.004000000189989805,1.0509999990463257,1773949165.362
-0.03400000184774399,-0.01600000075995922,1.0160000324249268,1773949165.382
-0.017000000923871994,-0.026000000536441803,0.9829999804496765,1773949165.403
0.007000000216066837,-0.03400000184774399,1.034999966621399,1773949165.421
0.019999999552965164,-0.00800000037997961,1.0299999713897705,1773949165.441
-0.019999999552965164,-0.004000000189989805,1.0509999990463257,1773949165.362
-0.03400000184774399,-0.01600000075995922,1.0160000324249268,1773949165.382
-0.017000000923871994,-0.026000000536441803,0.9829999804496765,1773949165.403
0.007000000216066837,-0.03400000184774399,1.034999966621399,1773949165.421
0.019999999552965164,-0.00800000037997961,1.0299999713897705,1773949165.441
-0.027000000700354576,-0.017000000923871994,1.0089999437332153,1773949165.861
-0.019999999552965164,-0.0010000000474974513,1.0199999809265137,1773949165.881
-0.017000000923871994,0.009999999776482582,1.0149999856948853,1773949165.903
-0.01899999938905239,0.0,1.0169999599456787,1773949165.921
-0.024000000208616257,-0.008999999612569809,1.0119999647140503,1773949165.941
-0.07199999690055847,0.13099999725818634,1.0149999856948853,1773949166.381
0.00800000037997961,0.08100000023841858,0.9559999704360962,1773949166.402
0.03099999949336052,0.11800000071525574,1.0360000133514404,1773949166.421
-0.05000000074505806,0.05299999937415123,1.0010000467300415,1773949166.441
0.009999999776482582,0.0560000017285347,1.0190000534057617,1773949166.461
-0.07199999690055847,0.13099999725818634,1.0149999856948853,1773949166.381
0.00800000037997961,0.08100000023841858,0.9559999704360962,1773949166.402
0.03099999949336052,0.11800000071525574,1.0360000133514404,1773949166.421
-0.05000000074505806,0.05299999937415123,1.0010000467300415,1773949166.441
0.009999999776482582,0.0560000017285347,1.0190000534057617,1773949166.461
-0.09099999815225601,0.12700000405311584,0.6370000243186951,1773949166.881
-0.020999999716877937,-0.05299999937415123,1.2100000381469727,1773949166.901
0.0989999994635582,0.026000000536441803,1.0850000381469727,1773949166.922
-0.014999999664723873,0.09399999678134918,0.734000027179718,1773949166.941
-0.012000000104308128,-0.07100000232458115,1.3619999885559082,1773949166.961
-0.09099999815225601,0.12700000405311584,0.6370000243186951,1773949166.881
-0.020999999716877937,-0.05299999937415123,1.2100000381469727,1773949166.901
0.0989999994635582,0.026000000536441803,1.0850000381469727,1773949166.922
-0.014999999664723873,0.09399999678134918,0.734000027179718,1773949166.941
-0.012000000104308128,-0.07100000232458115,1.3619999885559082,1773949166.961
-0.028999999165534973,-0.009999999776482582,1.1720000505447388,1773949167.406
-0.07400000095367432,-0.03500000014901161,1.062999963760376,1773949167.426
-0.04800000041723251,0.05000000074505806,0.9300000071525574,1773949167.442
0.028999999165534973,0.009999999776482582,0.8640000224113464,1773949167.461
-0.017000000923871994,-0.012000000104308128,1.093000054359436,1773949167.481
-0.028999999165534973,-0.009999999776482582,1.1720000505447388,1773949167.406
-0.07400000095367432,-0.03500000014901161,1.062999963760376,1773949167.426
-0.04800000041723251,0.05000000074505806,0.9300000071525574,1773949167.442
0.028999999165534973,0.009999999776482582,0.8640000224113464,1773949167.461
-0.017000000923871994,-0.012000000104308128,1.093000054359436,1773949167.481
-0.10400000214576721,0.020999999716877937,1.281000018119812,1773949167.902
0.05700000002980232,-0.05900000035762787,1.1230000257492065,1773949167.923
0.04800000041723251,0.052000001072883606,0.9950000047683716,1773949167.941
-0.07199999690055847,0.02500000037252903,0.8479999899864197,1773949167.962
-0.09000000357627869,-0.023000000044703484,1.034999966621399,1773949167.987
-0.10400000214576721,0.020999999716877937,1.281000018119812,1773949167.902
0.05700000002980232,-0.05900000035762787,1.1230000257492065,1773949167.923
0.04800000041723251,0.052000001072883606,0.9950000047683716,1773949167.941
-0.07199999690055847,0.02500000037252903,0.8479999899864197,1773949167.962
-0.09000000357627869,-0.023000000044703484,1.034999966621399,1773949167.987
0.08500000089406967,0.008999999612569809,0.8159999847412109,1773949168.421
-0.03099999949336052,-0.041999999433755875,1.319000005722046,1773949168.441
-0.05400000140070915,-0.004999999888241291,1.1080000400543213,1773949168.463
-0.06400000303983688,0.029999999329447746,0.8450000286102295,1773949168.481
0.007000000216066837,0.039000000804662704,0.968999981880188,1773949168.501
0.08500000089406967,0.008999999612569809,0.8159999847412109,1773949168.421
-0.03099999949336052,-0.041999999433755875,1.319000005722046,1773949168.441
-0.05400000140070915,-0.004999999888241291,1.1080000400543213,1773949168.463
-0.06400000303983688,0.029999999329447746,0.8450000286102295,1773949168.481
0.007000000216066837,0.039000000804662704,0.968999981880188,1773949168.501
-0.035999998450279236,-0.029999999329447746,1.097000002861023,1773949168.923
-0.008999999612569809,-0.07199999690055847,0.7329999804496765,1773949168.942
0.1289999932050705,-0.04800000041723251,1.1360000371932983,1773949168.961
-0.05700000002980232,-0.1340000033378601,1.0609999895095825,1773949168.981
-0.13300000131130219,-0.12600000202655792,0.9670000076293945,1773949169.003
0.007000000216066837,-0.0949999988079071,1.0230000019073486,1773949169.441
-0.00800000037997961,-0.09799999743700027,1.031999945640564,1773949169.462
-0.03799999877810478,-0.0949999988079071,1.0210000276565552,1773949169.481
-0.013000000268220901,-0.10300000011920929,1.034999966621399,1773949169.502
-0.014000000432133675,-0.12999999523162842,1.0199999809265137,1773949169.522
0.007000000216066837,-0.0949999988079071,1.0230000019073486,1773949169.441
-0.00800000037997961,-0.09799999743700027,1.031999945640564,1773949169.462
-0.03799999877810478,-0.0949999988079071,1.0210000276565552,1773949169.481
-0.013000000268220901,-0.10300000011920929,1.034999966621399,1773949169.502
-0.014000000432133675,-0.12999999523162842,1.0199999809265137,1773949169.522
-0.026000000536441803,-0.01899999938905239,1.0210000276565552,1773949169.941
-0.007000000216066837,-0.006000000052154064,0.9919999837875366,1773949169.961
-0.013000000268220901,0.03200000151991844,1.0379999876022339,1773949169.982
-0.05000000074505806,0.054999999701976776,1.003000020980835,1773949170.001
-0.020999999716877937,0.028999999165534973,1.0110000371932983,1773949170.021
-0.026000000536441803,-0.01899999938905239,1.0210000276565552,1773949169.941
-0.007000000216066837,-0.006000000052154064,0.9919999837875366,1773949169.961
-0.013000000268220901,0.03200000151991844,1.0379999876022339,1773949169.982
-0.05000000074505806,0.054999999701976776,1.003000020980835,1773949170.001
-0.020999999716877937,0.028999999165534973,1.0110000371932983,1773949170.021
0.0010000000474974513,-0.004999999888241291,1.062999963760376,1773949170.462
0.057999998331069946,0.06700000166893005,0.9399999976158142,1773949170.481
0.01899999938905239,0.05299999937415123,1.0859999656677246,1773949170.502
-0.017999999225139618,0.026000000536441803,1.0089999437332153,1773949170.523
-0.03099999949336052,0.035999998450279236,0.968999981880188,1773949170.541
0.008999999612569809,-0.026000000536441803,1.0499999523162842,1773949170.982
-0.014000000432133675,-0.007000000216066837,0.9800000190734863,1773949171.003
-0.05000000074505806,-0.017999999225139618,1.0670000314712524,1773949171.021
0.023000000044703484,0.013000000268220901,0.9750000238418579,1773949171.041
-0.04399999976158142,-0.04800000041723251,1.0829999446868896,1773949171.062
0.008999999612569809,-0.026000000536441803,1.0499999523162842,1773949170.982
-0.014000000432133675,-0.007000000216066837,0.9800000190734863,1773949171.003
-0.05000000074505806,-0.017999999225139618,1.0670000314712524,1773949171.021
0.023000000044703484,0.013000000268220901,0.9750000238418579,1773949171.041
-0.04399999976158142,-0.04800000041723251,1.0829999446868896,1773949171.062
-0.06800000369548798,-0.050999999046325684,1.0720000267028809,1773949171.482
0.054999999701976776,0.03500000014901161,0.9620000123977661,1773949171.501
-0.027000000700354576,-0.023000000044703484,1.0499999523162842,1773949171.521
0.032999999821186066,0.024000000208616257,0.9210000038146973,1773949171.541
-0.07000000029802322,-0.03700000047683716,1.125,1773949171.561
-0.06800000369548798,-0.050999999046325684,1.0720000267028809,1773949171.482
0.054999999701976776,0.03500000014901161,0.9620000123977661,1773949171.501
-0.027000000700354576,-0.023000000044703484,1.0499999523162842,1773949171.521
0.032999999821186066,0.024000000208616257,0.9210000038146973,1773949171.541
-0.07000000029802322,-0.03700000047683716,1.125,1773949171.561
-0.07100000232458115,0.050999999046325684,0.9850000143051147,1773949171.981
0.019999999552965164,0.03500000014901161,1.0449999570846558,1773949172.001
-0.028999999165534973,0.04699999839067459,0.9950000047683716,1773949172.021
-0.03700000047683716,0.00800000037997961,1.0219999551773071,1773949172.041
0.04500000178813934,0.01600000075995922,1.0149999856948853,1773949172.062
-0.07100000232458115,0.050999999046325684,0.9850000143051147,1773949171.981
0.019999999552965164,0.03500000014901161,1.0449999570846558,1773949172.001
-0.028999999165534973,0.04699999839067459,0.9950000047683716,1773949172.021
-0.03700000047683716,0.00800000037997961,1.0219999551773071,1773949172.041
0.04500000178813934,0.01600000075995922,1.0149999856948853,1773949172.062
-0.01600000075995922,-0.007000000216066837,1.0230000019073486,1773949172.503
-0.013000000268220901,-0.009999999776482582,1.0160000324249268,1773949172.521
-0.014000000432133675,-0.012000000104308128,1.0130000114440918,1773949172.541
-0.01600000075995922,-0.009999999776482582,1.0210000276565552,1773949172.562
-0.017000000923871994,-0.009999999776482582,1.0149999856948853,1773949172.581
-0.01600000075995922,-0.007000000216066837,1.0230000019073486,1773949172.503
-0.013000000268220901,-0.009999999776482582,1.0160000324249268,1773949172.521
-0.014000000432133675,-0.012000000104308128,1.0130000114440918,1773949172.541
-0.01600000075995922,-0.009999999776482582,1.0210000276565552,1773949172.562
-0.017000000923871994,-0.009999999776482582,1.0149999856948853,1773949172.581
-0.032999999821186066,0.11299999803304672,1.0190000534057617,1773949173.004
-0.09099999815225601,0.06800000369548798,1.0479999780654907,1773949173.021
-0.035999998450279236,0.04100000113248825,0.8880000114440918,1773949173.041
0.050999999046325684,0.08799999952316284,1.0800000429153442,1773949173.062
0.03700000047683716,0.007000000216066837,1.0210000276565552,1773949173.081
-0.032999999821186066,0.11299999803304672,1.0190000534057617,1773949173.004
-0.09099999815225601,0.06800000369548798,1.0479999780654907,1773949173.021
-0.035999998450279236,0.04100000113248825,0.8880000114440918,1773949173.041
0.050999999046325684,0.08799999952316284,1.0800000429153442,1773949173.062
0.03700000047683716,0.007000000216066837,1.0210000276565552,1773949173.081
0.10999999940395355,-0.014999999664723873,1.0360000133514404,1773949173.521
0.039000000804662704,-0.05000000074505806,1.1080000400543213,1773949173.541
-0.1509999930858612,-0.06199999898672104,1.121000051498413,1773949173.562
-0.07400000095367432,0.010999999940395355,0.6890000104904175,1773949173.581
0.028999999165534973,-0.10400000214576721,1.2699999809265137,1773949173.602
0.10999999940395355,-0.014999999664723873,1.0360000133514404,1773949173.521
0.039000000804662704,-0.05000000074505806,1.1080000400543213,1773949173.541
-0.1509999930858612,-0.06199999898672104,1.121000051498413,1773949173.562
-0.07400000095367432,0.010999999940395355,0.6890000104904175,1773949173.581
0.028999999165534973,-0.10400000214576721,1.2699999809265137,1773949173.602
-0.03099999949336052,-0.07999999821186066,1.0149999856948853,1773949174.022
-0.05400000140070915,-0.10700000077486038,1.0499999523162842,1773949174.042
0.009999999776482582,-0.10199999809265137,0.9779999852180481,1773949174.062
0.024000000208616257,-0.10000000149011612,1.0579999685287476,1773949174.081
-0.026000000536441803,-0.13199999928474426,1.0069999694824219,1773949174.102
-0.03099999949336052,-0.07999999821186066,1.0149999856948853,1773949174.022
-0.05400000140070915,-0.10700000077486038,1.0499999523162842,1773949174.042
0.009999999776482582,-0.10199999809265137,0.9779999852180481,1773949174.062
0.024000000208616257,-0.10000000149011612,1.0579999685287476,1773949174.081
-0.026000000536441803,-0.13199999928474426,1.0069999694824219,1773949174.102
-0.028999999165534973,-0.08100000023841858,1.1100000143051147,1773949174.541
-0.017000000923871994,-0.04699999839067459,0.9959999918937683,1773949174.562
-0.014000000432133675,-0.024000000208616257,1.059000015258789,1773949174.581
0.03099999949336052,-0.00800000037997961,1.003999948501587,1773949174.603
-0.006000000052154064,-0.008999999612569809,1.0010000467300415,1773949174.621
-0.028999999165534973,-0.08100000023841858,1.1100000143051147,1773949174.541
-0.017000000923871994,-0.04699999839067459,0.9959999918937683,1773949174.562
-0.014000000432133675,-0.024000000208616257,1.059000015258789,1773949174.581
0.03099999949336052,-0.00800000037997961,1.003999948501587,1773949174.603
-0.006000000052154064,-0.008999999612569809,1.0010000467300415,1773949174.621
-0.04699999839067459,-0.035999998450279236,0.9819999933242798,1773949175.041
0.01899999938905239,0.0560000017285347,1.0429999828338623,1773949175.064
-0.017999999225139618,0.028999999165534973,1.0140000581741333,1773949175.083
-0.04899999871850014,-0.010999999940395355,0.9810000061988831,1773949175.102
-0.020999999716877937,0.032999999821186066,1.0460000038146973,1773949175.121
-0.04699999839067459,-0.035999998450279236,0.9819999933242798,1773949175.041
0.01899999938905239,0.0560000017285347,1.0429999828338623,1773949175.064
-0.017999999225139618,0.028999999165534973,1.0140000581741333,1773949175.083
-0.04899999871850014,-0.010999999940395355,0.9810000061988831,1773949175.102
-0.020999999716877937,0.032999999821186066,1.0460000038146973,1773949175.121
0.02199999988079071,0.029999999329447746,0.9900000095367432,1773949175.562
-0.009999999776482582,-0.012000000104308128,1.0410000085830688,1773949175.582
-0.10100000351667404,-0.03099999949336052,1.0080000162124634,1773949175.602
0.0729999989271164,0.02199999988079071,1.0180000066757202,1773949175.621
-0.0820000022649765,-0.017999999225139618,1.003000020980835,1773949175.642
0.02199999988079071,0.029999999329447746,0.9900000095367432,1773949175.562
-0.009999999776482582,-0.012000000104308128,1.0410000085830688,1773949175.582
-0.10100000351667404,-0.03099999949336052,1.0080000162124634,1773949175.602
0.0729999989271164,0.02199999988079071,1.0180000066757202,1773949175.621
-0.0820000022649765,-0.017999999225139618,1.003000020980835,1773949175.642
-0.017000000923871994,0.06499999761581421,1.0010000467300415,1773949176.061
-0.02500000037252903,0.10300000011920929,1.0199999809265137,1773949176.081
-0.0,-0.06599999964237213,1.0700000524520874,1773949176.102
0.007000000216066837,0.0020000000949949026,0.9639999866485596,1773949176.128
-0.03999999910593033,-0.11800000071525574,1.0720000267028809,1773949176.142
-0.017000000923871994,0.06499999761581421,1.0010000467300415,1773949176.061
-0.02500000037252903,0.10300000011920929,1.0199999809265137,1773949176.081
-0.0,-0.06599999964237213,1.0700000524520874,1773949176.102
0.007000000216066837,0.0020000000949949026,0.9639999866485596,1773949176.128
-0.03999999910593033,-0.11800000071525574,1.0720000267028809,1773949176.142
0.035999998450279236,0.017999999225139618,0.9929999709129333,1773949176.584
-0.050999999046325684,0.04600000008940697,1.0049999952316284,1773949176.603
-0.07199999690055847,0.017999999225139618,1.0549999475479126,1773949176.621
-0.00800000037997961,0.05900000035762787,0.9449999928474426,1773949176.641
0.06599999964237213,-0.026000000536441803,1.2239999771118164,1773949176.661
0.035999998450279236,0.017999999225139618,0.9929999709129333,1773949176.584
-0.050999999046325684,0.04600000008940697,1.0049999952316284,1773949176.603
-0.07199999690055847,0.017999999225139618,1.0549999475479126,1773949176.621
-0.00800000037997961,0.05900000035762787,0.9449999928474426,1773949176.641
0.06599999964237213,-0.026000000536441803,1.2239999771118164,1773949176.661
0.035999998450279236,0.017999999225139618,0.9929999709129333,1773949176.584
-0.050999999046325684,0.04600000008940697,1.0049999952316284,1773949176.603
-0.07199999690055847,0.017999999225139618,1.0549999475479126,1773949176.621
-0.00800000037997961,0.05900000035762787,0.9449999928474426,1773949176.641
0.06599999964237213,-0.026000000536441803,1.2239999771118164,1773949176.661
-0.06199999898672104,-0.03700000047683716,0.9549999833106995,1773949177.082
0.17499999701976776,0.039000000804662704,1.1460000276565552,1773949177.102
0.04699999839067459,0.041999999433755875,0.8080000281333923,1773949177.121
-0.1469999998807907,-0.029999999329447746,1.059000015258789,1773949177.141
-0.023000000044703484,0.0020000000949949026,1.0740000009536743,1773949177.161
-0.06199999898672104,-0.03700000047683716,0.9549999833106995,1773949177.082
0.17499999701976776,0.039000000804662704,1.1460000276565552,1773949177.102
0.04699999839067459,0.041999999433755875,0.8080000281333923,1773949177.121
-0.1469999998807907,-0.029999999329447746,1.059000015258789,1773949177.141
-0.023000000044703484,0.0020000000949949026,1.0740000009536743,1773949177.161
0.03099999949336052,0.019999999552965164,0.8799999952316284,1773949177.602
-0.17900000512599945,-0.020999999716877937,0.9440000057220459,1773949177.621
0.05000000074505806,0.017999999225139618,1.215999960899353,1773949177.641
0.007000000216066837,0.06199999898672104,0.8759999871253967,1773949177.661
-0.0430000014603138,-0.023000000044703484,0.8970000147819519,1773949177.681
0.03099999949336052,0.019999999552965164,0.8799999952316284,1773949177.602
-0.17900000512599945,-0.020999999716877937,0.9440000057220459,1773949177.621
0.05000000074505806,0.017999999225139618,1.215999960899353,1773949177.641
0.007000000216066837,0.06199999898672104,0.8759999871253967,1773949177.661
-0.0430000014603138,-0.023000000044703484,0.8970000147819519,1773949177.681
-0.028999999165534973,0.017000000923871994,1.1419999599456787,1773949178.121
0.020999999716877937,-0.009999999776482582,0.9789999723434448,1773949178.142
-0.12399999797344208,-0.03999999910593033,0.9539999961853027,1773949178.161
0.10999999940395355,0.05299999937415123,1.3270000219345093,1773949178.181
0.03400000184774399,0.024000000208616257,0.7559999823570251,1773949178.204
-0.028999999165534973,0.017000000923871994,1.1419999599456787,1773949178.121
0.020999999716877937,-0.009999999776482582,0.9789999723434448,1773949178.142
-0.12399999797344208,-0.03999999910593033,0.9539999961853027,1773949178.161
0.10999999940395355,0.05299999937415123,1.3270000219345093,1773949178.181
0.03400000184774399,0.024000000208616257,0.7559999823570251,1773949178.204
0.03700000047683716,-0.014000000432133675,1.2430000305175781,1773949178.621
0.004999999888241291,0.03700000047683716,0.9169999957084656,1773949178.641
-0.024000000208616257,0.04100000113248825,0.7799999713897705,1773949178.663
-0.039000000804662704,0.008999999612569809,1.0789999961853027,1773949178.681
-0.06800000369548798,-0.06700000166893005,1.1200000047683716,1773949178.702
0.03700000047683716,-0.014000000432133675,1.2430000305175781,1773949178.621
0.004999999888241291,0.03700000047683716,0.9169999957084656,1773949178.641
-0.024000000208616257,0.04100000113248825,0.7799999713897705,1773949178.663
-0.039000000804662704,0.008999999612569809,1.0789999961853027,1773949178.681
-0.06800000369548798,-0.06700000166893005,1.1200000047683716,1773949178.702
0.028999999165534973,0.12700000405311584,0.7120000123977661,1773949179.121
0.13899999856948853,-0.10899999737739563,1.3070000410079956,1773949179.141
0.0,0.026000000536441803,0.843999981880188,1773949179.161
-0.21899999678134918,0.027000000700354576,1.0429999828338623,1773949179.182
-0.04699999839067459,0.09399999678134918,1.0119999647140503,1773949179.202
0.028999999165534973,0.12700000405311584,0.7120000123977661,1773949179.121
0.13899999856948853,-0.10899999737739563,1.3070000410079956,1773949179.141
0.0,0.026000000536441803,0.843999981880188,1773949179.161
-0.21899999678134918,0.027000000700354576,1.0429999828338623,1773949179.182
-0.04699999839067459,0.09399999678134918,1.0119999647140503,1773949179.202
-0.04699999839067459,0.04699999839067459,0.8690000176429749,1773949179.641
0.02199999988079071,0.050999999046325684,1.0219999551773071,1773949179.661
0.18299999833106995,0.057999998331069946,0.746999979019165,1773949179.681
-0.007000000216066837,-0.023000000044703484,1.1369999647140503,1773949179.703
-0.1770000010728836,0.006000000052154064,1.0260000228881836,1773949179.721
-0.04699999839067459,0.04699999839067459,0.8690000176429749,1773949179.641
0.02199999988079071,0.050999999046325684,1.0219999551773071,1773949179.661
0.18299999833106995,0.057999998331069946,0.746999979019165,1773949179.681
-0.007000000216066837,-0.023000000044703484,1.1369999647140503,1773949179.703
-0.1770000010728836,0.006000000052154064,1.0260000228881836,1773949179.721
-0.054999999701976776,0.0689999982714653,0.8880000114440918,1773949180.141
0.11900000274181366,-0.1589999943971634,1.2719999551773071,1773949180.161
-0.01600000075995922,0.07400000095367432,0.8970000147819519,1773949180.182
-0.04100000113248825,-0.10700000077486038,1.3949999809265137,1773949180.202
-0.06800000369548798,0.10100000351667404,0.7009999752044678,1773949180.221
-0.054999999701976776,0.0689999982714653,0.8880000114440918,1773949180.141
0.11900000274181366,-0.1589999943971634,1.2719999551773071,1773949180.161
-0.01600000075995922,0.07400000095367432,0.8970000147819519,1773949180.182
-0.04100000113248825,-0.10700000077486038,1.3949999809265137,1773949180.202
-0.06800000369548798,0.10100000351667404,0.7009999752044678,1773949180.221
-0.014000000432133675,-0.01600000075995922,0.9670000076293945,1773949180.661
0.029999999329447746,-0.012000000104308128,0.9369999766349792,1773949180.681
0.07699999958276749,-0.07800000160932541,1.1699999570846558,1773949180.703
-0.09300000220537186,-0.0020000000949949026,0.8849999904632568,1773949180.721
-0.05900000035762787,-0.07599999755620956,1.159999966621399,1773949180.741
-0.014000000432133675,-0.01600000075995922,0.9670000076293945,1773949180.661
0.029999999329447746,-0.012000000104308128,0.9369999766349792,1773949180.681
0.07699999958276749,-0.07800000160932541,1.1699999570846558,1773949180.703
-0.09300000220537186,-0.0020000000949949026,0.8849999904632568,1773949180.721
-0.05900000035762787,-0.07599999755620956,1.159999966621399,1773949180.741
0.34299999475479126,0.17800000309944153,1.3380000591278076,1773949181.161
0.02800000086426735,-0.019999999552965164,1.0290000438690186,1773949181.182
-0.640999972820282,-0.1509999930858612,0.8709999918937683,1773949181.203
0.12200000137090683,-0.01899999938905239,1.1410000324249268,1773949181.222
0.2240000069141388,0.1860000044107437,0.8130000233650208,1773949181.241
0.34299999475479126,0.17800000309944153,1.3380000591278076,1773949181.161
0.02800000086426735,-0.019999999552965164,1.0290000438690186,1773949181.182
-0.640999972820282,-0.1509999930858612,0.8709999918937683,1773949181.203
0.12200000137090683,-0.01899999938905239,1.1410000324249268,1773949181.222
0.2240000069141388,0.1860000044107437,0.8130000233650208,1773949181.241
-0.012000000104308128,0.01899999938905239,0.9539999961853027,1773949181.681
0.019999999552965164,-0.010999999940395355,0.9819999933242798,1773949181.702
-0.05999999865889549,-0.0560000017285347,1.1540000438690186,1773949181.721
0.13099999725818634,0.07100000232458115,0.9399999976158142,1773949181.741
0.03700000047683716,-0.06400000303983688,1.0950000286102295,1773949181.761
-0.012000000104308128,0.01899999938905239,0.9539999961853027,1773949181.681
0.019999999552965164,-0.010999999940395355,0.9819999933242798,1773949181.702
-0.05999999865889549,-0.0560000017285347,1.1540000438690186,1773949181.721
0.13099999725818634,0.07100000232458115,0.9399999976158142,1773949181.741
0.03700000047683716,-0.06400000303983688,1.0950000286102295,1773949181.761
-0.012000000104308128,0.01899999938905239,0.9539999961853027,1773949181.681
0.019999999552965164,-0.010999999940395355,0.9819999933242798,1773949181.702
-0.05999999865889549,-0.0560000017285347,1.1540000438690186,1773949181.721
0.13099999725818634,0.07100000232458115,0.9399999976158142,1773949181.741
0.03700000047683716,-0.06400000303983688,1.0950000286102295,1773949181.761
0.04500000178813934,0.009999999776482582,0.9950000047683716,1773949182.182
-0.00800000037997961,0.019999999552965164,0.8550000190734863,1773949182.203
-0.10000000149011612,0.027000000700354576,1.1480000019073486,1773949182.221
0.08900000154972076,0.026000000536441803,1.0779999494552612,1773949182.241
-0.0020000000949949026,-0.023000000044703484,0.9369999766349792,1773949182.262
0.03999999910593033,0.014000000432133675,1.2569999694824219,1773949182.703
0.03200000151991844,0.032999999821186066,0.949999988079071,1773949182.721
-0.07000000029802322,0.03700000047683716,1.0010000467300415,1773949182.741
-0.04100000113248825,-0.007000000216066837,0.9549999833106995,1773949182.762
-0.007000000216066837,-0.026000000536441803,1.0119999647140503,1773949182.782
0.03999999910593033,0.014000000432133675,1.2569999694824219,1773949182.703
0.03200000151991844,0.032999999821186066,0.949999988079071,1773949182.721
-0.07000000029802322,0.03700000047683716,1.0010000467300415,1773949182.741
-0.04100000113248825,-0.007000000216066837,0.9549999833106995,1773949182.762
-0.007000000216066837,-0.026000000536441803,1.0119999647140503,1773949182.782
0.03999999910593033,0.014000000432133675,1.2569999694824219,1773949182.703
0.03200000151991844,0.032999999821186066,0.949999988079071,1773949182.721
-0.07000000029802322,0.03700000047683716,1.0010000467300415,1773949182.741
-0.04100000113248825,-0.007000000216066837,0.9549999833106995,1773949182.762
-0.007000000216066837,-0.026000000536441803,1.0119999647140503,1773949182.782
-0.057999998331069946,0.10000000149011612,0.6940000057220459,1773949183.202
0.039000000804662704,-0.12099999934434891,1.4490000009536743,1773949183.223
0.0729999989271164,0.03500000014901161,0.8930000066757202,1773949183.241
-0.08799999952316284,-0.014999999664723873,0.9129999876022339,1773949183.262
-0.14399999380111694,-0.0729999989271164,1.3530000448226929,1773949183.281
-0.07599999755620956,0.06199999898672104,0.7059999704360962,1773949183.722
-0.050999999046325684,-0.04500000178813934,1.3450000286102295,1773949183.741
0.04699999839067459,-0.02500000037252903,0.9710000157356262,1773949183.761
-0.03400000184774399,-0.039000000804662704,0.8960000276565552,1773949183.782
-0.014999999664723873,0.028999999165534973,0.9800000190734863,1773949183.802
-0.07599999755620956,0.06199999898672104,0.7059999704360962,1773949183.722
-0.050999999046325684,-0.04500000178813934,1.3450000286102295,1773949183.741
0.04699999839067459,-0.02500000037252903,0.9710000157356262,1773949183.761
-0.03400000184774399,-0.039000000804662704,0.8960000276565552,1773949183.782
-0.014999999664723873,0.028999999165534973,0.9800000190734863,1773949183.802
0.035999998450279236,-0.003000000026077032,1.1480000019073486,1773949184.221
-0.08900000154972076,0.023000000044703484,0.7379999756813049,1773949184.241
-0.09200000017881393,-0.057999998331069946,1.437999963760376,1773949184.261
0.003000000026077032,0.020999999716877937,0.8809999823570251,1773949184.281
-0.03099999949336052,-0.061000000685453415,0.9810000061988831,1773949184.302
0.035999998450279236,-0.003000000026077032,1.1480000019073486,1773949184.221
-0.08900000154972076,0.023000000044703484,0.7379999756813049,1773949184.241
-0.09200000017881393,-0.057999998331069946,1.437999963760376,1773949184.261
0.003000000026077032,0.020999999716877937,0.8809999823570251,1773949184.281
-0.03099999949336052,-0.061000000685453415,0.9810000061988831,1773949184.302
-0.08399999886751175,0.03999999910593033,1.0379999876022339,1773949184.741
-0.10899999737739563,-0.08699999749660492,0.9449999928474426,1773949184.762
-0.054999999701976776,0.032999999821186066,1.0570000410079956,1773949184.782
-0.0010000000474974513,-0.07699999958276749,0.9860000014305115,1773949184.803
-0.10199999809265137,-0.014000000432133675,0.9179999828338623,1773949184.821
-0.08399999886751175,0.03999999910593033,1.0379999876022339,1773949184.741
-0.10899999737739563,-0.08699999749660492,0.9449999928474426,1773949184.762
-0.054999999701976776,0.032999999821186066,1.0570000410079956,1773949184.782
-0.0010000000474974513,-0.07699999958276749,0.9860000014305115,1773949184.803
-0.10199999809265137,-0.014000000432133675,0.9179999828338623,1773949184.821
0.03200000151991844,0.009999999776482582,0.7620000243186951,1773949185.242
0.11500000208616257,-0.004999999888241291,1.2680000066757202,1773949185.262
-0.07599999755620956,0.04899999871850014,0.949999988079071,1773949185.281
-0.12800000607967377,-0.041999999433755875,1.0,1773949185.303
-0.023000000044703484,0.013000000268220901,0.9990000128746033,1773949185.322
0.03200000151991844,0.009999999776482582,0.7620000243186951,1773949185.242
0.11500000208616257,-0.004999999888241291,1.2680000066757202,1773949185.262
-0.07599999755620956,0.04899999871850014,0.949999988079071,1773949185.281
-0.12800000607967377,-0.041999999433755875,1.0,1773949185.303
-0.023000000044703484,0.013000000268220901,0.9990000128746033,1773949185.322
-0.0560000017285347,0.05700000002980232,1.1829999685287476,1773949185.761
-0.020999999716877937,-0.02199999988079071,0.7820000052452087,1773949185.782
0.027000000700354576,0.035999998450279236,1.2039999961853027,1773949185.803
0.019999999552965164,0.02199999988079071,0.9760000109672546,1773949185.822
-0.027000000700354576,-0.026000000536441803,0.953000009059906,1773949185.842
-0.0560000017285347,0.05700000002980232,1.1829999685287476,1773949185.761
-0.020999999716877937,-0.02199999988079071,0.7820000052452087,1773949185.782
0.027000000700354576,0.035999998450279236,1.2039999961853027,1773949185.803
0.019999999552965164,0.02199999988079071,0.9760000109672546,1773949185.822
-0.027000000700354576,-0.026000000536441803,0.953000009059906,1773949185.842
-0.10100000351667404,-0.057999998331069946,1.1929999589920044,1773949186.262
0.0729999989271164,0.052000001072883606,0.8230000138282776,1773949186.282
-0.007000000216066837,-0.024000000208616257,1.1679999828338623,1773949186.303
0.052000001072883606,-0.009999999776482582,0.9589999914169312,1773949186.322
-0.07100000232458115,0.0,1.0019999742507935,1773949186.342
-0.10100000351667404,-0.057999998331069946,1.1929999589920044,1773949186.262
0.0729999989271164,0.052000001072883606,0.8230000138282776,1773949186.282
-0.007000000216066837,-0.024000000208616257,1.1679999828338623,1773949186.303
0.052000001072883606,-0.009999999776482582,0.9589999914169312,1773949186.322
-0.07100000232458115,0.0,1.0019999742507935,1773949186.342
0.039000000804662704,-0.03200000151991844,1.184999942779541,1773949186.782
0.057999998331069946,0.04399999976158142,0.8700000047683716,1773949186.802
-0.0729999989271164,-0.024000000208616257,1.0540000200271606,1773949186.822
0.03799999877810478,0.035999998450279236,0.9879999756813049,1773949186.842
0.003000000026077032,-0.023000000044703484,0.9810000061988831,1773949186.862
-0.08100000023841858,0.06199999898672104,1.0889999866485596,1773949187.282
-0.02500000037252903,0.017999999225139618,1.128000020980835,1773949187.303
0.017000000923871994,0.03999999910593033,0.9440000057220459,1773949187.322
-0.07100000232458115,0.024000000208616257,1.024999976158142,1773949187.342
-0.08699999749660492,-0.054999999701976776,1.0709999799728394,1773949187.362
-0.08100000023841858,0.06199999898672104,1.0889999866485596,1773949187.282
-0.02500000037252903,0.017999999225139618,1.128000020980835,1773949187.303
0.017000000923871994,0.03999999910593033,0.9440000057220459,1773949187.322
-0.07100000232458115,0.024000000208616257,1.024999976158142,1773949187.342
-0.08699999749660492,-0.054999999701976776,1.0709999799728394,1773949187.362
-0.0989999994635582,-0.0010000000474974513,1.2660000324249268,1773949187.804
0.01899999938905239,-0.01600000075995922,0.8989999890327454,1773949187.824
0.006000000052154064,0.03400000184774399,1.0190000534057617,1773949187.842
-0.014000000432133675,-0.061000000685453415,1.2319999933242798,1773949187.862
0.05700000002980232,0.007000000216066837,0.8379999995231628,1773949187.882
-0.0989999994635582,-0.0010000000474974513,1.2660000324249268,1773949187.804
0.01899999938905239,-0.01600000075995922,0.8989999890327454,1773949187.824
0.006000000052154064,0.03400000184774399,1.0190000534057617,1773949187.842
-0.014000000432133675,-0.061000000685453415,1.2319999933242798,1773949187.862
0.05700000002980232,0.007000000216066837,0.8379999995231628,1773949187.882
-0.18700000643730164,-0.08900000154972076,1.0010000467300415,1773949188.302
0.00800000037997961,0.035999998450279236,0.9350000023841858,1773949188.322
0.01899999938905239,-0.08399999886751175,1.2410000562667847,1773949188.345
-0.0989999994635582,-0.0,0.7950000166893005,1773949188.362
0.04699999839067459,-0.0989999994635582,1.2480000257492065,1773949188.382
-0.18700000643730164,-0.08900000154972076,1.0010000467300415,1773949188.302
0.00800000037997961,0.035999998450279236,0.9350000023841858,1773949188.322
0.01899999938905239,-0.08399999886751175,1.2410000562667847,1773949188.345
-0.0989999994635582,-0.0,0.7950000166893005,1773949188.362
0.04699999839067459,-0.0989999994635582,1.2480000257492065,1773949188.382
0.05900000035762787,-0.013000000268220901,1.0290000438690186,1773949188.826
0.04899999871850014,-0.050999999046325684,1.0089999437332153,1773949188.842
-0.164000004529953,-0.05000000074505806,1.0740000009536743,1773949188.863
-0.09600000083446503,0.10599999874830246,0.8700000047683716,1773949188.885
0.0020000000949949026,-0.07999999821186066,1.2669999599456787,1773949188.902
0.05000000074505806,-0.06499999761581421,0.531000018119812,1773949189.323
-0.0989999994635582,0.06499999761581421,1.194000005722046,1773949189.342
-0.024000000208616257,-0.07900000363588333,0.8820000290870667,1773949189.362
-0.026000000536441803,0.01600000075995922,0.9819999933242798,1773949189.382
0.11999999731779099,-0.019999999552965164,1.1449999809265137,1773949189.402
0.05000000074505806,-0.06499999761581421,0.531000018119812,1773949189.323
-0.0989999994635582,0.06499999761581421,1.194000005722046,1773949189.342
-0.024000000208616257,-0.07900000363588333,0.8820000290870667,1773949189.362
-0.026000000536441803,0.01600000075995922,0.9819999933242798,1773949189.382
0.11999999731779099,-0.019999999552965164,1.1449999809265137,1773949189.402
0.10899999737739563,-0.05400000140070915,1.1510000228881836,1773949189.842
-0.04800000041723251,0.035999998450279236,0.9990000128746033,1773949189.862
0.03500000014901161,-0.01899999938905239,1.1549999713897705,1773949189.882
-0.02199999988079071,-0.02800000086426735,0.9409999847412109,1773949189.904
-0.11299999803304672,-0.06499999761581421,0.7900000214576721,1773949189.922
0.10899999737739563,-0.05400000140070915,1.1510000228881836,1773949189.842
-0.04800000041723251,0.035999998450279236,0.9990000128746033,1773949189.862
0.03500000014901161,-0.01899999938905239,1.1549999713897705,1773949189.882
-0.02199999988079071,-0.02800000086426735,0.9409999847412109,1773949189.904
-0.11299999803304672,-0.06499999761581421,0.7900000214576721,1773949189.922
-0.0729999989271164,0.04800000041723251,0.9399999976158142,1773949190.342
0.06400000303983688,-0.0020000000949949026,1.190000057220459,1773949190.363
0.03099999949336052,-0.039000000804662704,0.7139999866485596,1773949190.383
-0.06599999964237213,0.0020000000949949026,1.1770000457763672,1773949190.402
-0.03200000151991844,-0.012000000104308128,1.031999945640564,1773949190.422
-0.0729999989271164,0.04800000041723251,0.9399999976158142,1773949190.342
0.06400000303983688,-0.0020000000949949026,1.190000057220459,1773949190.363
0.03099999949336052,-0.039000000804662704,0.7139999866485596,1773949190.383
-0.06599999964237213,0.0020000000949949026,1.1770000457763672,1773949190.402
-0.03200000151991844,-0.012000000104308128,1.031999945640564,1773949190.422
0.024000000208616257,0.0430000014603138,0.9860000014305115,1773949190.862
-0.04699999839067459,-0.023000000044703484,1.1080000400543213,1773949190.882
-0.02800000086426735,-0.01600000075995922,0.8840000033378601,1773949190.902
-0.014000000432133675,0.03700000047683716,1.0859999656677246,1773949190.922
-0.02500000037252903,0.01899999938905239,1.059999942779541,1773949190.945
0.024000000208616257,0.0430000014603138,0.9860000014305115,1773949190.862
-0.04699999839067459,-0.023000000044703484,1.1080000400543213,1773949190.882
-0.02800000086426735,-0.01600000075995922,0.8840000033378601,1773949190.902
-0.014000000432133675,0.03700000047683716,1.0859999656677246,1773949190.922
-0.02500000037252903,0.01899999938905239,1.059999942779541,1773949190.945
0.06800000369548798,0.023000000044703484,0.7170000076293945,1773949191.362
-0.004000000189989805,0.02800000086426735,0.9829999804496765,1773949191.382
-0.07500000298023224,0.035999998450279236,1.097000002861023,1773949191.402
-0.052000001072883606,-0.05700000002980232,0.9639999866485596,1773949191.422
-0.06199999898672104,0.03200000151991844,1.0959999561309814,1773949191.442
0.06800000369548798,0.023000000044703484,0.7170000076293945,1773949191.362
-0.004000000189989805,0.02800000086426735,0.9829999804496765,1773949191.382
-0.07500000298023224,0.035999998450279236,1.097000002861023,1773949191.402
-0.052000001072883606,-0.05700000002980232,0.9639999866485596,1773949191.422
-0.06199999898672104,0.03200000151991844,1.0959999561309814,1773949191.442
0.06300000101327896,0.00800000037997961,0.7450000047683716,1773949191.882
0.014999999664723873,0.008999999612569809,1.0490000247955322,1773949191.902
0.009999999776482582,0.01600000075995922,0.9729999899864197,1773949191.922
-0.014000000432133675,-0.004000000189989805,0.972000002861023,1773949191.942
-0.04899999871850014,0.03700000047683716,1.156000018119812,1773949191.962
0.06300000101327896,0.00800000037997961,0.7450000047683716,1773949191.882
0.014999999664723873,0.008999999612569809,1.0490000247955322,1773949191.902
0.009999999776482582,0.01600000075995922,0.9729999899864197,1773949191.922
-0.014000000432133675,-0.004000000189989805,0.972000002861023,1773949191.942
-0.04899999871850014,0.03700000047683716,1.156000018119812,1773949191.962
0.07500000298023224,0.017999999225139618,0.8939999938011169,1773949192.382
0.039000000804662704,-0.009999999776482582,0.9599999785423279,1773949192.402
-0.14300000667572021,0.03400000184774399,1.1929999589920044,1773949192.422
-0.027000000700354576,-0.00800000037997961,0.9259999990463257,1773949192.442
0.017000000923871994,0.07500000298023224,1.090999960899353,1773949192.462
0.07500000298023224,0.017999999225139618,0.8939999938011169,1773949192.382
0.039000000804662704,-0.009999999776482582,0.9599999785423279,1773949192.402
-0.14300000667572021,0.03400000184774399,1.1929999589920044,1773949192.422
-0.027000000700354576,-0.00800000037997961,0.9259999990463257,1773949192.442
0.017000000923871994,0.07500000298023224,1.090999960899353,1773949192.462
0.004000000189989805,0.03400000184774399,0.8420000076293945,1773949192.902
-0.026000000536441803,-0.050999999046325684,1.3179999589920044,1773949192.922
-0.013000000268220901,0.012000000104308128,0.871999979019165,1773949192.942
-0.04399999976158142,0.032999999821186066,1.024999976158142,1773949192.962
0.017999999225139618,-0.009999999776482582,1.065999984741211,1773949192.983
0.1860000044107437,-0.0010000000474974513,1.2940000295639038,1773949193.423
0.14000000059604645,0.052000001072883606,0.8790000081062317,1773949193.442
-0.10199999809265137,-0.00800000037997961,1.0609999895095825,1773949193.47
-0.09099999815225601,0.04699999839067459,0.9860000014305115,1773949193.49
-0.041999999433755875,-0.09300000220537186,1.0959999561309814,1773949193.502
0.1860000044107437,-0.0010000000474974513,1.2940000295639038,1773949193.423
0.14000000059604645,0.052000001072883606,0.8790000081062317,1773949193.442
-0.10199999809265137,-0.00800000037997961,1.0609999895095825,1773949193.47
-0.09099999815225601,0.04699999839067459,0.9860000014305115,1773949193.49
-0.041999999433755875,-0.09300000220537186,1.0959999561309814,1773949193.502
0.04500000178813934,0.03999999910593033,1.0499999523162842,1773949193.922
0.010999999940395355,-0.09600000083446503,1.1440000534057617,1773949193.942
-0.0860000029206276,0.08299999684095383,0.6650000214576721,1773949193.962
-0.054999999701976776,-0.01600000075995922,1.2510000467300415,1773949193.982
0.06499999761581421,-0.03999999910593033,0.9259999990463257,1773949194.002
0.04500000178813934,0.03999999910593033,1.0499999523162842,1773949193.922
0.010999999940395355,-0.09600000083446503,1.1440000534057617,1773949193.942
-0.0860000029206276,0.08299999684095383,0.6650000214576721,1773949193.962
-0.054999999701976776,-0.01600000075995922,1.2510000467300415,1773949193.982
0.06499999761581421,-0.03999999910593033,0.9259999990463257,1773949194.002
0.03400000184774399,-0.013000000268220901,0.9789999723434448,1773949194.422
-0.08500000089406967,-0.00800000037997961,1.215999960899353,1773949194.442
0.02800000086426735,0.01899999938905239,0.7549999952316284,1773949194.462
-0.07800000160932541,-0.04600000008940697,1.1660000085830688,1773949194.482
-0.009999999776482582,0.03799999877810478,0.9100000262260437,1773949194.502
0.03400000184774399,-0.013000000268220901,0.9789999723434448,1773949194.422
-0.08500000089406967,-0.00800000037997961,1.215999960899353,1773949194.442
0.02800000086426735,0.01899999938905239,0.7549999952316284,1773949194.462
-0.07800000160932541,-0.04600000008940697,1.1660000085830688,1773949194.482
-0.009999999776482582,0.03799999877810478,0.9100000262260437,1773949194.502
-0.014000000432133675,0.003000000026077032,1.024999976158142,1773949194.942
0.008999999612569809,0.03200000151991844,0.9580000042915344,1773949194.962
-0.017999999225139618,-0.014999999664723873,1.0779999494552612,1773949194.982
-0.0020000000949949026,0.024000000208616257,0.9169999957084656,1773949195.002
-0.08900000154972076,-0.04399999976158142,1.0169999599456787,1773949195.022
-0.014000000432133675,0.003000000026077032,1.024999976158142,1773949194.942
0.008999999612569809,0.03200000151991844,0.9580000042915344,1773949194.962
-0.017999999225139618,-0.014999999664723873,1.0779999494552612,1773949194.982
-0.0020000000949949026,0.024000000208616257,0.9169999957084656,1773949195.002
-0.08900000154972076,-0.04399999976158142,1.0169999599456787,1773949195.022
0.027000000700354576,0.032999999821186066,0.7509999871253967,1773949195.442
-0.004999999888241291,0.03099999949336052,0.9950000047683716,1773949195.465
0.014999999664723873,-0.024000000208616257,1.2940000295639038,1773949195.482
-0.004000000189989805,0.017000000923871994,0.703000009059906,1773949195.502
-0.019999999552965164,-0.012000000104308128,1.1239999532699585,1773949195.522
0.027000000700354576,0.032999999821186066,0.7509999871253967,1773949195.442
-0.004999999888241291,0.03099999949336052,0.9950000047683716,1773949195.465
0.014999999664723873,-0.024000000208616257,1.2940000295639038,1773949195.482
-0.004000000189989805,0.017000000923871994,0.703000009059906,1773949195.502
-0.019999999552965164,-0.012000000104308128,1.1239999532699585,1773949195.522
-0.026000000536441803,0.027000000700354576,0.7950000166893005,1773949195.962
-0.03500000014901161,0.01899999938905239,1.1239999532699585,1773949195.982
-0.010999999940395355,0.008999999612569809,1.1339999437332153,1773949196.002
0.03200000151991844,0.023000000044703484,0.8610000014305115,1773949196.022
0.03099999949336052,0.017000000923871994,1.1239999532699585,1773949196.042
-0.026000000536441803,0.027000000700354576,0.7950000166893005,1773949195.962
-0.03500000014901161,0.01899999938905239,1.1239999532699585,1773949195.982
-0.010999999940395355,0.008999999612569809,1.1339999437332153,1773949196.002
0.03200000151991844,0.023000000044703484,0.8610000014305115,1773949196.022
0.03099999949336052,0.017000000923871994,1.1239999532699585,1773949196.042
-0.014999999664723873,0.03200000151991844,1.2309999465942383,1773949196.462
-0.0729999989271164,0.026000000536441803,0.640999972820282,1773949196.482
-0.0020000000949949026,-0.02800000086426735,1.2209999561309814,1773949196.502
0.024000000208616257,-0.01600000075995922,0.8529999852180481,1773949196.522
-0.05299999937415123,-0.014000000432133675,1.0679999589920044,1773949196.542
-0.014999999664723873,0.03200000151991844,1.2309999465942383,1773949196.462
-0.0729999989271164,0.026000000536441803,0.640999972820282,1773949196.482
-0.0020000000949949026,-0.02800000086426735,1.2209999561309814,1773949196.502
0.024000000208616257,-0.01600000075995922,0.8529999852180481,1773949196.522
-0.05299999937415123,-0.014000000432133675,1.0679999589920044,1773949196.542
-0.023000000044703484,-0.023000000044703484,0.722000002861023,1773949196.986
-0.05299999937415123,0.05299999937415123,1.0399999618530273,1773949197.002
0.06599999964237213,-0.010999999940395355,1.0579999685287476,1773949197.022
0.0689999982714653,0.006000000052154064,0.8149999976158142,1773949197.042
-0.1080000028014183,0.04800000041723251,1.2480000257492065,1773949197.062
-0.029999999329447746,-0.0,1.1929999589920044,1773949197.482
-0.05900000035762787,0.00800000037997961,0.8199999928474426,1773949197.502
0.01600000075995922,0.013000000268220901,0.777999997138977,1773949197.522
0.11800000071525574,0.024000000208616257,1.3029999732971191,1773949197.542
0.03400000184774399,0.003000000026077032,0.7360000014305115,1773949197.562
-0.029999999329447746,-0.0,1.1929999589920044,1773949197.482
-0.05900000035762787,0.00800000037997961,0.8199999928474426,1773949197.502
0.01600000075995922,0.013000000268220901,0.777999997138977,1773949197.522
0.11800000071525574,0.024000000208616257,1.3029999732971191,1773949197.542
0.03400000184774399,0.003000000026077032,0.7360000014305115,1773949197.562
-0.010999999940395355,-0.0010000000474974513,1.1729999780654907,1773949198.002
-0.09799999743700027,0.04699999839067459,1.2419999837875366,1773949198.022
0.017999999225139618,-0.07500000298023224,0.6949999928474426,1773949198.042
0.0820000022649765,-0.07199999690055847,0.6140000224113464,1773949198.062
0.1340000033378601,0.17100000381469727,1.5219999551773071,1773949198.082
-0.010999999940395355,-0.0010000000474974513,1.1729999780654907,1773949198.002
-0.09799999743700027,0.04699999839067459,1.2419999837875366,1773949198.022
0.017999999225139618,-0.07500000298023224,0.6949999928474426,1773949198.042
0.0820000022649765,-0.07199999690055847,0.6140000224113464,1773949198.062
0.1340000033378601,0.17100000381469727,1.5219999551773071,1773949198.082
0.017999999225139618,-0.010999999940395355,1.187000036239624,1773949198.511
-0.09200000017881393,-0.010999999940395355,1.0049999952316284,1773949198.522
0.017000000923871994,-0.026000000536441803,0.7459999918937683,1773949198.542
0.18799999356269836,-0.006000000052154064,1.1790000200271606,1773949198.562
0.004999999888241291,0.04899999871850014,1.0369999408721924,1773949198.583
-0.03200000151991844,0.004999999888241291,1.0720000267028809,1773949199.022
-0.09399999678134918,0.026000000536441803,0.7919999957084656,1773949199.044
0.05900000035762787,-0.0010000000474974513,1.2009999752044678,1773949199.062
0.017000000923871994,-0.02199999988079071,1.0149999856948853,1773949199.082
0.05999999865889549,-0.03400000184774399,0.8090000152587891,1773949199.102
-0.03200000151991844,0.004999999888241291,1.0720000267028809,1773949199.022
-0.09399999678134918,0.026000000536441803,0.7919999957084656,1773949199.044
0.05900000035762787,-0.0010000000474974513,1.2009999752044678,1773949199.062
0.017000000923871994,-0.02199999988079071,1.0149999856948853,1773949199.082
0.05999999865889549,-0.03400000184774399,0.8090000152587891,1773949199.102
-0.014000000432133675,0.04500000178813934,1.2990000247955322,1773949199.522
-0.09700000286102295,-0.004000000189989805,0.9800000190734863,1773949199.542
-0.03200000151991844,0.02199999988079071,1.0269999504089355,1773949199.562
0.07500000298023224,-0.07699999958276749,1.0180000066757202,1773949199.584
0.03099999949336052,-0.03799999877810478,0.847000002861023,1773949199.602
-0.014000000432133675,0.04500000178813934,1.2990000247955322,1773949199.522
-0.09700000286102295,-0.004000000189989805,0.9800000190734863,1773949199.542
-0.03200000151991844,0.02199999988079071,1.0269999504089355,1773949199.562
0.07500000298023224,-0.07699999958276749,1.0180000066757202,1773949199.584
0.03099999949336052,-0.03799999877810478,0.847000002861023,1773949199.602
-0.0860000029206276,-0.014999999664723873,0.8109999895095825,1773949200.042
-0.06499999761581421,0.00800000037997961,1.0379999876022339,1773949200.063
0.032999999821186066,-0.050999999046325684,1.1380000114440918,1773949200.082
0.04800000041723251,0.06700000166893005,0.8709999918937683,1773949200.102
-0.012000000104308128,-0.02500000037252903,1.187999963760376,1773949200.122
-0.0860000029206276,-0.014999999664723873,0.8109999895095825,1773949200.042
-0.06499999761581421,0.00800000037997961,1.0379999876022339,1773949200.063
0.032999999821186066,-0.050999999046325684,1.1380000114440918,1773949200.082
0.04800000041723251,0.06700000166893005,0.8709999918937683,1773949200.102
-0.012000000104308128,-0.02500000037252903,1.187999963760376,1773949200.122
-0.07599999755620956,-0.017999999225139618,0.9340000152587891,1773949200.542
-0.0560000017285347,0.03999999910593033,0.9739999771118164,1773949200.562
0.06199999898672104,-0.003000000026077032,1.1150000095367432,1773949200.582
0.04600000008940697,0.04600000008940697,0.921999990940094,1773949200.602
-0.03400000184774399,0.012000000104308128,1.1619999408721924,1773949200.622
-0.07599999755620956,-0.017999999225139618,0.9340000152587891,1773949200.542
-0.0560000017285347,0.03999999910593033,0.9739999771118164,1773949200.562
0.06199999898672104,-0.003000000026077032,1.1150000095367432,1773949200.582
0.04600000008940697,0.04600000008940697,0.921999990940094,1773949200.602
-0.03400000184774399,0.012000000104308128,1.1619999408721924,1773949200.622
-0.10700000077486038,0.03200000151991844,0.7689999938011169,1773949201.062
-0.17000000178813934,-0.003000000026077032,1.4179999828338623,1773949201.082
-0.10199999809265137,-0.07999999821186066,1.1480000019073486,1773949201.102
0.03999999910593033,0.057999998331069946,0.8579999804496765,1773949201.122
0.1679999977350235,0.0430000014603138,0.7429999709129333,1773949201.142
-0.1469999998807907,-0.035999998450279236,1.093000054359436,1773949201.563
0.01600000075995922,-0.003000000026077032,1.1200000047683716,1773949201.583
-0.004999999888241291,-0.06800000369548798,1.0019999742507935,1773949201.602
0.03700000047683716,-0.01600000075995922,0.9399999976158142,1773949201.622
-0.008999999612569809,-0.027000000700354576,1.0499999523162842,1773949201.642
-0.1469999998807907,-0.035999998450279236,1.093000054359436,1773949201.563
0.01600000075995922,-0.003000000026077032,1.1200000047683716,1773949201.583
-0.004999999888241291,-0.06800000369548798,1.0019999742507935,1773949201.602
0.03700000047683716,-0.01600000075995922,0.9399999976158142,1773949201.622
-0.008999999612569809,-0.027000000700354576,1.0499999523162842,1773949201.642
-0.019999999552965164,0.0430000014603138,0.9179999828338623,1773949202.082
0.004000000189989805,-0.06800000369548798,1.1260000467300415,1773949202.103
-0.017000000923871994,0.054999999701976776,0.8460000157356262,1773949202.122
-0.054999999701976776,-0.006000000052154064,1.1419999599456787,1773949202.142
-0.035999998450279236,-0.02500000037252903,0.9549999833106995,1773949202.162
-0.019999999552965164,0.0430000014603138,0.9179999828338623,1773949202.082
0.004000000189989805,-0.06800000369548798,1.1260000467300415,1773949202.103
-0.017000000923871994,0.054999999701976776,0.8460000157356262,1773949202.122
-0.054999999701976776,-0.006000000052154064,1.1419999599456787,1773949202.142
-0.035999998450279236,-0.02500000037252903,0.9549999833106995,1773949202.162
0.03400000184774399,-0.07400000095367432,0.9750000238418579,1773949202.605
-0.007000000216066837,0.035999998450279236,0.9350000023841858,1773949202.623
-0.0949999988079071,0.006000000052154064,1.1089999675750732,1773949202.642
-0.028999999165534973,0.010999999940395355,0.9629999995231628,1773949202.662
-0.009999999776482582,-0.04899999871850014,1.0679999589920044,1773949202.682
0.03400000184774399,-0.07400000095367432,0.9750000238418579,1773949202.605
-0.007000000216066837,0.035999998450279236,0.9350000023841858,1773949202.623
-0.0949999988079071,0.006000000052154064,1.1089999675750732,1773949202.642
-0.028999999165534973,0.010999999940395355,0.9629999995231628,1773949202.662
-0.009999999776482582,-0.04899999871850014,1.0679999589920044,1773949202.682
0.11400000005960464,-0.019999999552965164,0.859000027179718,1773949203.102
0.13099999725818634,0.08399999886751175,1.0010000467300415,1773949203.122
-0.009999999776482582,-0.03200000151991844,1.2059999704360962,1773949203.142
-0.057999998331069946,0.014999999664723873,0.9300000071525574,1773949203.162
-0.03400000184774399,-0.05700000002980232,0.9800000190734863,1773949203.183
0.11400000005960464,-0.019999999552965164,0.859000027179718,1773949203.102
0.13099999725818634,0.08399999886751175,1.0010000467300415,1773949203.122
-0.009999999776482582,-0.03200000151991844,1.2059999704360962,1773949203.142
-0.057999998331069946,0.014999999664723873,0.9300000071525574,1773949203.162
-0.03400000184774399,-0.05700000002980232,0.9800000190734863,1773949203.183
-0.09700000286102295,-0.004000000189989805,1.277999997138977,1773949203.622
0.017999999225139618,-0.020999999716877937,1.0269999504089355,1773949203.642
0.05999999865889549,-0.004999999888241291,1.0089999437332153,1773949203.662
-0.039000000804662704,-0.05299999937415123,0.9010000228881836,1773949203.682
-0.054999999701976776,-0.06499999761581421,1.2039999961853027,1773949203.702
-0.09700000286102295,-0.004000000189989805,1.277999997138977,1773949203.622
0.017999999225139618,-0.020999999716877937,1.0269999504089355,1773949203.642
0.05999999865889549,-0.004999999888241291,1.0089999437332153,1773949203.662
-0.039000000804662704,-0.05299999937415123,0.9010000228881836,1773949203.682
-0.054999999701976776,-0.06499999761581421,1.2039999961853027,1773949203.702
0.11299999803304672,0.03500000014901161,1.159999966621399,1773949204.122
0.06599999964237213,0.024000000208616257,0.828000009059906,1773949204.142
-0.17100000381469727,-0.03799999877810478,1.2410000562667847,1773949204.165
-0.26600000262260437,-0.019999999552965164,0.9679999947547913,1773949204.183
0.12200000137090683,-0.06199999898672104,1.3300000429153442,1773949204.204
0.11299999803304672,0.03500000014901161,1.159999966621399,1773949204.122
0.06599999964237213,0.024000000208616257,0.828000009059906,1773949204.142
-0.17100000381469727,-0.03799999877810478,1.2410000562667847,1773949204.165
-0.26600000262260437,-0.019999999552965164,0.9679999947547913,1773949204.183
0.12200000137090683,-0.06199999898672104,1.3300000429153442,1773949204.204
-0.02199999988079071,0.01600000075995922,0.9179999828338623,1773949204.642
-0.0729999989271164,-0.04600000008940697,1.093000054359436,1773949204.662
-0.014999999664723873,0.03500000014901161,0.843999981880188,1773949204.682
-0.0820000022649765,-0.014999999664723873,0.9599999785423279,1773949204.702
0.16300000250339508,-0.017999999225139618,1.093000054359436,1773949204.727
-0.02199999988079071,0.01600000075995922,0.9179999828338623,1773949204.642
-0.0729999989271164,-0.04600000008940697,1.093000054359436,1773949204.662
-0.014999999664723873,0.03500000014901161,0.843999981880188,1773949204.682
-0.0820000022649765,-0.014999999664723873,0.9599999785423279,1773949204.702
0.16300000250339508,-0.017999999225139618,1.093000054359436,1773949204.727
-0.06400000303983688,-0.008999999612569809,1.027999997138977,1773949205.162
-0.024000000208616257,0.017000000923871994,0.9879999756813049,1773949205.183
0.009999999776482582,-0.04800000041723251,0.996999979019165,1773949205.202
-0.014999999664723873,0.004000000189989805,1.059999942779541,1773949205.223
0.18799999356269836,-0.024000000208616257,0.8360000252723694,1773949205.242
-0.06400000303983688,-0.008999999612569809,1.027999997138977,1773949205.162
-0.024000000208616257,0.017000000923871994,0.9879999756813049,1773949205.183
0.009999999776482582,-0.04800000041723251,0.996999979019165,1773949205.202
-0.014999999664723873,0.004000000189989805,1.059999942779541,1773949205.223
0.18799999356269836,-0.024000000208616257,0.8360000252723694,1773949205.242
-0.017999999225139618,0.017999999225139618,0.8659999966621399,1773949205.662
-0.024000000208616257,-0.013000000268220901,1.0640000104904175,1773949205.682
-0.003000000026077032,-0.039000000804662704,1.0390000343322754,1773949205.702
-0.012000000104308128,-0.039000000804662704,1.2300000190734863,1773949205.722
0.0020000000949949026,0.010999999940395355,0.7609999775886536,1773949205.742
-0.017999999225139618,0.017999999225139618,0.8659999966621399,1773949205.662
-0.024000000208616257,-0.013000000268220901,1.0640000104904175,1773949205.682
-0.003000000026077032,-0.039000000804662704,1.0390000343322754,1773949205.702
-0.012000000104308128,-0.039000000804662704,1.2300000190734863,1773949205.722
0.0020000000949949026,0.010999999940395355,0.7609999775886536,1773949205.742
-0.06300000101327896,-0.04399999976158142,1.0110000371932983,1773949206.183
-0.11299999803304672,-0.014999999664723873,1.0880000591278076,1773949206.202
0.014000000432133675,-0.04699999839067459,1.1799999475479126,1773949206.222
0.0989999994635582,0.03999999910593033,0.8149999976158142,1773949206.242
-0.004000000189989805,-0.028999999165534973,1.0609999895095825,1773949206.262
-0.06300000101327896,-0.04399999976158142,1.0110000371932983,1773949206.183
-0.11299999803304672,-0.014999999664723873,1.0880000591278076,1773949206.202
0.014000000432133675,-0.04699999839067459,1.1799999475479126,1773949206.222
0.0989999994635582,0.03999999910593033,0.8149999976158142,1773949206.242
-0.004000000189989805,-0.028999999165534973,1.0609999895095825,1773949206.262
-0.08299999684095383,-0.035999998450279236,1.0809999704360962,1773949206.682
-0.09300000220537186,-0.007000000216066837,0.9890000224113464,1773949206.702
0.019999999552965164,-0.05299999937415123,1.1239999532699585,1773949206.722
0.0820000022649765,0.017999999225139618,0.7689999938011169,1773949206.742
0.054999999701976776,0.00800000037997961,1.0720000267028809,1773949206.762
-0.08299999684095383,-0.035999998450279236,1.0809999704360962,1773949206.682
-0.09300000220537186,-0.007000000216066837,0.9890000224113464,1773949206.702
0.019999999552965164,-0.05299999937415123,1.1239999532699585,1773949206.722
0.0820000022649765,0.017999999225139618,0.7689999938011169,1773949206.742
0.054999999701976776,0.00800000037997961,1.0720000267028809,1773949206.762
-0.09600000083446503,-0.023000000044703484,0.8809999823570251,1773949207.202
0.08500000089406967,-0.06499999761581421,0.9909999966621399,1773949207.223
0.0820000022649765,-0.017999999225139618,1.069000005722046,1773949207.242
0.03200000151991844,0.013000000268220901,0.8840000033378601,1773949207.262
-0.09099999815225601,-0.035999998450279236,1.2350000143051147,1773949207.282
-0.12800000607967377,0.039000000804662704,1.184999942779541,1773949207.702
-0.03200000151991844,-0.04699999839067459,0.972000002861023,1773949207.722
0.12099999934434891,0.0010000000474974513,1.1519999504089355,1773949207.742
0.04399999976158142,0.06599999964237213,0.8420000076293945,1773949207.762
-0.17000000178813934,-0.08699999749660492,1.065999984741211,1773949207.784
-0.12800000607967377,0.039000000804662704,1.184999942779541,1773949207.702
-0.03200000151991844,-0.04699999839067459,0.972000002861023,1773949207.722
0.12099999934434891,0.0010000000474974513,1.1519999504089355,1773949207.742
0.04399999976158142,0.06599999964237213,0.8420000076293945,1773949207.762
-0.17000000178813934,-0.08699999749660492,1.065999984741211,1773949207.784
-0.023000000044703484,0.020999999716877937,1.121000051498413,1773949208.223
0.08500000089406967,-0.01600000075995922,1.090999960899353,1773949208.242
0.07199999690055847,0.008999999612569809,0.8209999799728394,1773949208.262
-0.10000000149011612,-0.010999999940395355,0.9369999766349792,1773949208.284
-0.09600000083446503,0.05000000074505806,1.0740000009536743,1773949208.302
-0.023000000044703484,0.020999999716877937,1.121000051498413,1773949208.223
0.08500000089406967,-0.01600000075995922,1.090999960899353,1773949208.242
0.07199999690055847,0.008999999612569809,0.8209999799728394,1773949208.262
-0.10000000149011612,-0.010999999940395355,0.9369999766349792,1773949208.284
-0.09600000083446503,0.05000000074505806,1.0740000009536743,1773949208.302
-0.052000001072883606,-0.05900000035762787,0.8970000147819519,1773949208.722
0.2590000033378601,-0.03799999877810478,1.1950000524520874,1773949208.742
0.0689999982714653,-0.057999998331069946,0.7639999985694885,1773949208.766
-0.14900000393390656,-0.00800000037997961,0.9020000100135803,1773949208.782
-0.12999999523162842,0.0430000014603138,1.2109999656677246,1773949208.802
-0.052000001072883606,-0.05900000035762787,0.8970000147819519,1773949208.722
0.2590000033378601,-0.03799999877810478,1.1950000524520874,1773949208.742
0.0689999982714653,-0.057999998331069946,0.7639999985694885,1773949208.766
-0.14900000393390656,-0.00800000037997961,0.9020000100135803,1773949208.782
-0.12999999523162842,0.0430000014603138,1.2109999656677246,1773949208.802
-0.0689999982714653,-0.00800000037997961,1.034999966621399,1773949209.223
-0.05900000035762787,-0.04600000008940697,1.315999984741211,1773949209.242
0.010999999940395355,-0.05400000140070915,0.6119999885559082,1773949209.262
0.0,0.04600000008940697,1.0540000200271606,1773949209.282
-0.039000000804662704,-0.020999999716877937,1.1050000190734863,1773949209.303
-0.0689999982714653,-0.00800000037997961,1.034999966621399,1773949209.223
-0.05900000035762787,-0.04600000008940697,1.315999984741211,1773949209.242
0.010999999940395355,-0.05400000140070915,0.6119999885559082,1773949209.262
0.0,0.04600000008940697,1.0540000200271606,1773949209.282
-0.039000000804662704,-0.020999999716877937,1.1050000190734863,1773949209.303
-0.09399999678134918,-0.013000000268220901,1.0729999542236328,1773949209.722
0.1289999932050705,-0.07100000232458115,1.0529999732971191,1773949209.742
0.0560000017285347,-0.029999999329447746,0.8579999804496765,1773949209.762
-0.18000000715255737,0.09399999678134918,1.0839999914169312,1773949209.782
-0.061000000685453415,-0.035999998450279236,1.187999963760376,1773949209.802
-0.09399999678134918,-0.013000000268220901,1.0729999542236328,1773949209.722
0.1289999932050705,-0.07100000232458115,1.0529999732971191,1773949209.742
0.0560000017285347,-0.029999999329447746,0.8579999804496765,1773949209.762
-0.18000000715255737,0.09399999678134918,1.0839999914169312,1773949209.782
-0.061000000685453415,-0.035999998450279236,1.187999963760376,1773949209.802
0.07400000095367432,-0.05999999865889549,1.0679999589920044,1773949210.242
-0.05400000140070915,-0.07699999958276749,1.0509999990463257,1773949210.262
-0.08399999886751175,0.061000000685453415,0.8740000128746033,1773949210.282
-0.023000000044703484,-0.1080000028014183,1.2109999656677246,1773949210.302
-0.17399999499320984,0.009999999776482582,0.9829999804496765,1773949210.322
0.07400000095367432,-0.05999999865889549,1.0679999589920044,1773949210.242
-0.05400000140070915,-0.07699999958276749,1.0509999990463257,1773949210.262
-0.08399999886751175,0.061000000685453415,0.8740000128746033,1773949210.282
-0.023000000044703484,-0.1080000028014183,1.2109999656677246,1773949210.302
-0.17399999499320984,0.009999999776482582,0.9829999804496765,1773949210.322
-0.010999999940395355,-0.020999999716877937,1.1710000038146973,1773949210.742
-0.03099999949336052,-0.04600000008940697,0.8970000147819519,1773949210.762
0.04800000041723251,0.08100000023841858,0.925000011920929,1773949210.782
0.008999999612569809,-0.024000000208616257,1.100000023841858,1773949210.802
-0.08900000154972076,0.00800000037997961,0.9950000047683716,1773949210.823
-0.010999999940395355,-0.020999999716877937,1.1710000038146973,1773949210.742
-0.03099999949336052,-0.04600000008940697,0.8970000147819519,1773949210.762
0.04800000041723251,0.08100000023841858,0.925000011920929,1773949210.782
0.008999999612569809,-0.024000000208616257,1.100000023841858,1773949210.802
-0.08900000154972076,0.00800000037997961,0.9950000047683716,1773949210.823
0.03500000014901161,0.023000000044703484,1.128999948501587,1773949211.242
0.07999999821186066,-0.04399999976158142,0.8500000238418579,1773949211.262
-0.013000000268220901,-0.0430000014603138,1.069000005722046,1773949211.282
-0.10999999940395355,-0.014000000432133675,0.9039999842643738,1773949211.302
-0.03099999949336052,-0.06700000166893005,1.0839999914169312,1773949211.322
0.03500000014901161,0.023000000044703484,1.128999948501587,1773949211.242
0.07999999821186066,-0.04399999976158142,0.8500000238418579,1773949211.262
-0.013000000268220901,-0.0430000014603138,1.069000005722046,1773949211.282
-0.10999999940395355,-0.014000000432133675,0.9039999842643738,1773949211.302
-0.03099999949336052,-0.06700000166893005,1.0839999914169312,1773949211.322
-0.11699999868869781,0.006000000052154064,0.9100000262260437,1773949211.762
0.02199999988079071,-0.028999999165534973,1.1619999408721924,1773949211.782
0.0020000000949949026,-0.003000000026077032,0.7950000166893005,1773949211.802
-0.12800000607967377,-0.010999999940395355,1.1970000267028809,1773949211.824
0.006000000052154064,0.04600000008940697,0.828000009059906,1773949211.842
-0.11699999868869781,0.006000000052154064,0.9100000262260437,1773949211.762
0.02199999988079071,-0.028999999165534973,1.1619999408721924,1773949211.782
0.0020000000949949026,-0.003000000026077032,0.7950000166893005,1773949211.802
-0.12800000607967377,-0.010999999940395355,1.1970000267028809,1773949211.824
0.006000000052154064,0.04600000008940697,0.828000009059906,1773949211.842
0.13300000131130219,0.06700000166893005,0.7369999885559082,1773949212.264
0.006000000052154064,0.17800000309944153,0.8820000290870667,1773949212.282
0.06400000303983688,-0.11599999666213989,1.5980000495910645,1773949212.302
-0.04399999976158142,-0.00800000037997961,0.7409999966621399,1773949212.326
-0.0860000029206276,0.06700000166893005,0.8169999718666077,1773949212.342
0.13300000131130219,0.06700000166893005,0.7369999885559082,1773949212.264
0.006000000052154064,0.17800000309944153,0.8820000290870667,1773949212.282
0.06400000303983688,-0.11599999666213989,1.5980000495910645,1773949212.302
-0.04399999976158142,-0.00800000037997961,0.7409999966621399,1773949212.326
-0.0860000029206276,0.06700000166893005,0.8169999718666077,1773949212.342
-0.013000000268220901,0.017000000923871994,0.8920000195503235,1773949212.782
-0.0729999989271164,0.04699999839067459,1.312999963760376,1773949212.802
0.0430000014603138,-0.05299999937415123,1.1759999990463257,1773949212.824
0.13300000131130219,0.019999999552965164,0.9229999780654907,1773949212.842
-0.0949999988079071,-0.06499999761581421,0.9449999928474426,1773949212.862
-0.013000000268220901,0.017000000923871994,0.8920000195503235,1773949212.782
-0.0729999989271164,0.04699999839067459,1.312999963760376,1773949212.802
0.0430000014603138,-0.05299999937415123,1.1759999990463257,1773949212.824
0.13300000131130219,0.019999999552965164,0.9229999780654907,1773949212.842
-0.0949999988079071,-0.06499999761581421,0.9449999928474426,1773949212.862
0.006000000052154064,-0.0020000000949949026,0.7699999809265137,1773949213.282
-0.04699999839067459,0.03400000184774399,1.1820000410079956,1773949213.303
0.05900000035762787,0.026000000536441803,1.128000020980835,1773949213.324
-0.05400000140070915,0.11100000143051147,0.7440000176429749,1773949213.342
-0.1080000028014183,-0.1080000028014183,1.0859999656677246,1773949213.362
0.006000000052154064,-0.0020000000949949026,0.7699999809265137,1773949213.282
-0.04699999839067459,0.03400000184774399,1.1820000410079956,1773949213.303
0.05900000035762787,0.026000000536441803,1.128000020980835,1773949213.324
-0.05400000140070915,0.11100000143051147,0.7440000176429749,1773949213.342
-0.1080000028014183,-0.1080000028014183,1.0859999656677246,1773949213.362
-0.009999999776482582,0.03099999949336052,0.7170000076293945,1773949213.803
0.11699999868869781,-0.03799999877810478,1.2799999713897705,1773949213.823
0.08100000023841858,0.00800000037997961,0.9150000214576721,1773949213.842
-0.08500000089406967,0.03700000047683716,1.215999960899353,1773949213.862
-0.07599999755620956,0.03999999910593033,0.7490000128746033,1773949213.882
-0.009999999776482582,0.03099999949336052,0.7170000076293945,1773949213.803
0.11699999868869781,-0.03799999877810478,1.2799999713897705,1773949213.823
0.08100000023841858,0.00800000037997961,0.9150000214576721,1773949213.842
-0.08500000089406967,0.03700000047683716,1.215999960899353,1773949213.862
-0.07599999755620956,0.03999999910593033,0.7490000128746033,1773949213.882
-0.07100000232458115,-0.03099999949336052,1.1410000324249268,1773949214.302
0.01600000075995922,0.0010000000474974513,0.7020000219345093,1773949214.322
0.10199999809265137,-0.06800000369548798,1.24399995803833,1773949214.342
0.003000000026077032,0.035999998450279236,0.7979999780654907,1773949214.362
-0.19300000369548798,-0.01899999938905239,1.1399999856948853,1773949214.382
-0.07100000232458115,-0.03099999949336052,1.1410000324249268,1773949214.302
0.01600000075995922,0.0010000000474974513,0.7020000219345093,1773949214.322
0.10199999809265137,-0.06800000369548798,1.24399995803833,1773949214.342
0.003000000026077032,0.035999998450279236,0.7979999780654907,1773949214.362
-0.19300000369548798,-0.01899999938905239,1.1399999856948853,1773949214.382
-0.12999999523162842,-0.04899999871850014,0.824999988079071,1773949214.822
0.02500000037252903,0.02199999988079071,1.2009999752044678,1773949214.842
0.15600000321865082,-0.06599999964237213,1.0290000438690186,1773949214.862
0.017000000923871994,0.032999999821186066,0.8539999723434448,1773949214.882
-0.1860000044107437,-0.017000000923871994,1.0490000247955322,1773949214.902
-0.12999999523162842,-0.04899999871850014,0.824999988079071,1773949214.822
0.02500000037252903,0.02199999988079071,1.2009999752044678,1773949214.842
0.15600000321865082,-0.06599999964237213,1.0290000438690186,1773949214.862
0.017000000923871994,0.032999999821186066,0.8539999723434448,1773949214.882
-0.1860000044107437,-0.017000000923871994,1.0490000247955322,1773949214.902
-0.06199999898672104,0.013000000268220901,1.034000039100647,1773949215.331
0.10100000351667404,0.032999999821186066,0.7689999938011169,1773949215.343
0.15800000727176666,-0.05900000035762787,1.315999984741211,1773949215.362
-0.009999999776482582,0.008999999612569809,0.746999979019165,1773949215.382
-0.23600000143051147,-0.0560000017285347,1.0850000381469727,1773949215.403
-0.06199999898672104,0.013000000268220901,1.034000039100647,1773949215.331
0.10100000351667404,0.032999999821186066,0.7689999938011169,1773949215.343
0.15800000727176666,-0.05900000035762787,1.315999984741211,1773949215.362
-0.009999999776482582,0.008999999612569809,0.746999979019165,1773949215.382
-0.23600000143051147,-0.0560000017285347,1.0850000381469727,1773949215.403
0.0430000014603138,0.0010000000474974513,0.9520000219345093,1773949215.842
0.14900000393390656,-0.07599999755620956,1.1260000467300415,1773949215.862
0.017999999225139618,0.008999999612569809,0.9169999957084656,1773949215.882
-0.18400000035762787,-0.007000000216066837,1.0470000505447388,1773949215.902
-0.061000000685453415,0.012000000104308128,0.9789999723434448,1773949215.923
0.0430000014603138,0.0010000000474974513,0.9520000219345093,1773949215.842
0.14900000393390656,-0.07599999755620956,1.1260000467300415,1773949215.862
0.017999999225139618,0.008999999612569809,0.9169999957084656,1773949215.882
-0.18400000035762787,-0.007000000216066837,1.0470000505447388,1773949215.902
-0.061000000685453415,0.012000000104308128,0.9789999723434448,1773949215.923
-0.050999999046325684,-0.020999999716877937,0.6420000195503235,1773949216.342
0.054999999701976776,-0.0010000000474974513,1.4110000133514404,1773949216.362
0.04500000178813934,-0.004999999888241291,0.9520000219345093,1773949216.384
-0.12700000405311584,-0.017000000923871994,0.777999997138977,1773949216.407
-0.10100000351667404,0.03200000151991844,1.2949999570846558,1773949216.422
-0.050999999046325684,-0.020999999716877937,0.6420000195503235,1773949216.342
0.054999999701976776,-0.0010000000474974513,1.4110000133514404,1773949216.362
0.04500000178813934,-0.004999999888241291,0.9520000219345093,1773949216.384
-0.12700000405311584,-0.017000000923871994,0.777999997138977,1773949216.407
-0.10100000351667404,0.03200000151991844,1.2949999570846558,1773949216.422
0.1860000044107437,-0.0989999994635582,1.1239999532699585,1773949216.862
0.06700000166893005,-0.024000000208616257,0.7059999704360962,1773949216.882
-0.03500000014901161,0.04399999976158142,1.0750000476837158,1773949216.902
-0.10499999672174454,0.010999999940395355,1.0140000581741333,1773949216.922
-0.0430000014603138,-0.0010000000474974513,1.0829999446868896,1773949216.945
0.1860000044107437,-0.0989999994635582,1.1239999532699585,1773949216.862
0.06700000166893005,-0.024000000208616257,0.7059999704360962,1773949216.882
-0.03500000014901161,0.04399999976158142,1.0750000476837158,1773949216.902
-0.10499999672174454,0.010999999940395355,1.0140000581741333,1773949216.922
-0.0430000014603138,-0.0010000000474974513,1.0829999446868896,1773949216.945
0.1080000028014183,-0.035999998450279236,1.00600004196167,1773949217.362
0.05400000140070915,0.013000000268220901,1.0980000495910645,1773949217.383
-0.06800000369548798,-0.04600000008940697,0.6690000295639038,1773949217.402
-0.14300000667572021,0.03799999877810478,1.312000036239624,1773949217.424
-0.024000000208616257,-0.010999999940395355,0.9769999980926514,1773949217.442
0.1080000028014183,-0.035999998450279236,1.00600004196167,1773949217.362
0.05400000140070915,0.013000000268220901,1.0980000495910645,1773949217.383
-0.06800000369548798,-0.04600000008940697,0.6690000295639038,1773949217.402
-0.14300000667572021,0.03799999877810478,1.312000036239624,1773949217.424
-0.024000000208616257,-0.010999999940395355,0.9769999980926514,1773949217.442
0.1720000058412552,-0.004999999888241291,1.1929999589920044,1773949217.882
-0.003000000026077032,-0.01899999938905239,0.968999981880188,1773949217.903
-0.18199999630451202,0.032999999821186066,1.0800000429153442,1773949217.922
-0.04100000113248825,-0.05000000074505806,0.8809999823570251,1773949217.942
0.05400000140070915,-0.010999999940395355,0.9660000205039978,1773949217.962
0.1720000058412552,-0.004999999888241291,1.1929999589920044,1773949217.882
-0.003000000026077032,-0.01899999938905239,0.968999981880188,1773949217.903
-0.18199999630451202,0.032999999821186066,1.0800000429153442,1773949217.922
-0.04100000113248825,-0.05000000074505806,0.8809999823570251,1773949217.942
0.05400000140070915,-0.010999999940395355,0.9660000205039978,1773949217.962
0.13300000131130219,0.01899999938905239,1.128000020980835,1773949218.382
0.052000001072883606,-0.0010000000474974513,1.0190000534057617,1773949218.402
-0.09000000357627869,0.023000000044703484,0.800000011920929,1773949218.422
-0.09600000083446503,0.0,1.0369999408721924,1773949218.442
0.026000000536441803,0.026000000536441803,1.1640000343322754,1773949218.463
0.13300000131130219,0.01899999938905239,1.128000020980835,1773949218.382
0.052000001072883606,-0.0010000000474974513,1.0190000534057617,1773949218.402
-0.09000000357627869,0.023000000044703484,0.800000011920929,1773949218.422
-0.09600000083446503,0.0,1.0369999408721924,1773949218.442
0.026000000536441803,0.026000000536441803,1.1640000343322754,1773949218.463
0.07800000160932541,-0.017999999225139618,1.0069999694824219,1773949218.902
-0.10499999672174454,-0.004999999888241291,0.7770000100135803,1773949218.924
-0.11900000274181366,-0.004000000189989805,1.1790000200271606,1773949218.943
0.0689999982714653,-0.004000000189989805,0.9039999842643738,1773949218.963
-0.0689999982714653,-0.041999999433755875,1.187999963760376,1773949218.983
0.07800000160932541,-0.017999999225139618,1.0069999694824219,1773949218.902
-0.10499999672174454,-0.004999999888241291,0.7770000100135803,1773949218.924
-0.11900000274181366,-0.004000000189989805,1.1790000200271606,1773949218.943
0.0689999982714653,-0.004000000189989805,0.9039999842643738,1773949218.963
-0.0689999982714653,-0.041999999433755875,1.187999963760376,1773949218.983
0.09300000220537186,-0.05000000074505806,1.0800000429153442,1773949219.402
-0.2329999953508377,-0.04600000008940697,1.0140000581741333,1773949219.423
-0.16899999976158142,0.032999999821186066,1.1130000352859497,1773949219.442
0.0430000014603138,0.017999999225139618,0.8999999761581421,1773949219.463
0.13699999451637268,-0.019999999552965164,0.9890000224113464,1773949219.482
0.09300000220537186,-0.05000000074505806,1.0800000429153442,1773949219.402
-0.2329999953508377,-0.04600000008940697,1.0140000581741333,1773949219.423
-0.16899999976158142,0.032999999821186066,1.1130000352859497,1773949219.442
0.0430000014603138,0.017999999225139618,0.8999999761581421,1773949219.463
0.13699999451637268,-0.019999999552965164,0.9890000224113464,1773949219.482
-0.0989999994635582,0.007000000216066837,0.9430000185966492,1773949219.922
-0.1860000044107437,0.009999999776482582,1.1990000009536743,1773949219.942
-0.04500000178813934,-0.02800000086426735,0.9990000128746033,1773949219.963
0.1120000034570694,-0.052000001072883606,0.925000011920929,1773949219.983
-0.041999999433755875,-0.026000000536441803,1.0360000133514404,1773949220.002
-0.0989999994635582,0.007000000216066837,0.9430000185966492,1773949219.922
-0.1860000044107437,0.009999999776482582,1.1990000009536743,1773949219.942
-0.04500000178813934,-0.02800000086426735,0.9990000128746033,1773949219.963
0.1120000034570694,-0.052000001072883606,0.925000011920929,1773949219.983
-0.041999999433755875,-0.026000000536441803,1.0360000133514404,1773949220.002
-0.09799999743700027,0.020999999716877937,1.062999963760376,1773949220.423
-0.1080000028014183,0.03099999949336052,1.0570000410079956,1773949220.443
-0.06700000166893005,-0.026000000536441803,1.0290000438690186,1773949220.464
0.04399999976158142,-0.04399999976158142,0.9330000281333923,1773949220.482
-0.0860000029206276,-0.05400000140070915,1.2170000076293945,1773949220.503
-0.09799999743700027,0.020999999716877937,1.062999963760376,1773949220.423
-0.1080000028014183,0.03099999949336052,1.0570000410079956,1773949220.443
-0.06700000166893005,-0.026000000536441803,1.0290000438690186,1773949220.464
0.04399999976158142,-0.04399999976158142,0.9330000281333923,1773949220.482
-0.0860000029206276,-0.05400000140070915,1.2170000076293945,1773949220.503
-0.05999999865889549,0.032999999821186066,0.8370000123977661,1773949220.943
-0.15299999713897705,-0.007000000216066837,1.1349999904632568,1773949220.963
-0.0430000014603138,0.009999999776482582,0.9200000166893005,1773949220.988
-0.03799999877810478,-0.026000000536441803,1.215000033378601,1773949221.002
0.04600000008940697,0.0020000000949949026,0.8980000019073486,1773949221.023
-0.05999999865889549,0.032999999821186066,0.8370000123977661,1773949220.943
-0.15299999713897705,-0.007000000216066837,1.1349999904632568,1773949220.963
-0.0430000014603138,0.009999999776482582,0.9200000166893005,1773949220.988
-0.03799999877810478,-0.026000000536441803,1.215000033378601,1773949221.002
0.04600000008940697,0.0020000000949949026,0.8980000019073486,1773949221.023
-0.1899999976158142,0.004000000189989805,0.8230000138282776,1773949221.442
-0.11299999803304672,-0.0020000000949949026,1.1339999437332153,1773949221.464
0.01899999938905239,0.03500000014901161,1.0080000162124634,1773949221.483
0.08299999684095383,-0.017000000923871994,1.0809999704360962,1773949221.503
-0.017000000923871994,-0.003000000026077032,1.0110000371932983,1773949221.523
-0.1899999976158142,0.004000000189989805,0.8230000138282776,1773949221.442
-0.11299999803304672,-0.0020000000949949026,1.1339999437332153,1773949221.464
0.01899999938905239,0.03500000014901161,1.0080000162124634,1773949221.483
0.08299999684095383,-0.017000000923871994,1.0809999704360962,1773949221.503
-0.017000000923871994,-0.003000000026077032,1.0110000371932983,1773949221.523
-0.13500000536441803,0.02500000037252903,0.9959999918937683,1773949221.963
-0.03999999910593033,0.02199999988079071,1.1549999713897705,1773949221.983
0.07800000160932541,-0.039000000804662704,0.9760000109672546,1773949222.002
-0.017000000923871994,-0.07199999690055847,1.1200000047683716,1773949222.023
-0.11699999868869781,0.07100000232458115,0.7429999709129333,1773949222.043
-0.13500000536441803,0.02500000037252903,0.9959999918937683,1773949221.963
-0.03999999910593033,0.02199999988079071,1.1549999713897705,1773949221.983
0.07800000160932541,-0.039000000804662704,0.9760000109672546,1773949222.002
-0.017000000923871994,-0.07199999690055847,1.1200000047683716,1773949222.023
-0.11699999868869781,0.07100000232458115,0.7429999709129333,1773949222.043
-0.06300000101327896,0.004999999888241291,1.0740000009536743,1773949222.463
0.061000000685453415,0.0,1.0,1773949222.483
0.02199999988079071,-0.05900000035762787,1.1339999437332153,1773949222.503
0.0020000000949949026,-0.06300000101327896,1.003999948501587,1773949222.523
-0.05700000002980232,0.07800000160932541,0.8859999775886536,1773949222.543
-0.06300000101327896,0.004999999888241291,1.0740000009536743,1773949222.463
0.061000000685453415,0.0,1.0,1773949222.483
0.02199999988079071,-0.05900000035762787,1.1339999437332153,1773949222.503
0.0020000000949949026,-0.06300000101327896,1.003999948501587,1773949222.523
-0.05700000002980232,0.07800000160932541,0.8859999775886536,1773949222.543
0.032999999821186066,0.03999999910593033,1.0549999475479126,1773949222.983
0.1589999943971634,-0.03400000184774399,1.059000015258789,1773949223.003
-0.03400000184774399,-0.01600000075995922,1.0700000524520874,1773949223.023
-0.08799999952316284,0.03700000047683716,0.6480000019073486,1773949223.043
0.0,-0.04899999871850014,1.3200000524520874,1773949223.062
0.032999999821186066,0.03999999910593033,1.0549999475479126,1773949222.983
0.1589999943971634,-0.03400000184774399,1.059000015258789,1773949223.003
-0.03400000184774399,-0.01600000075995922,1.0700000524520874,1773949223.023
-0.08799999952316284,0.03700000047683716,0.6480000019073486,1773949223.043
0.0,-0.04899999871850014,1.3200000524520874,1773949223.062
-0.010999999940395355,0.04100000113248825,1.0670000314712524,1773949223.483
-0.08900000154972076,-0.007000000216066837,1.1109999418258667,1773949223.504
-0.004000000189989805,-0.017999999225139618,0.9240000247955322,1773949223.523
-0.04100000113248825,0.032999999821186066,0.7760000228881836,1773949223.542
0.03400000184774399,-0.06700000166893005,1.2489999532699585,1773949223.563
-0.010999999940395355,0.04100000113248825,1.0670000314712524,1773949223.483
-0.08900000154972076,-0.007000000216066837,1.1109999418258667,1773949223.504
-0.004000000189989805,-0.017999999225139618,0.9240000247955322,1773949223.523
-0.04100000113248825,0.032999999821186066,0.7760000228881836,1773949223.542
0.03400000184774399,-0.06700000166893005,1.2489999532699585,1773949223.563
0.003000000026077032,0.007000000216066837,0.9390000104904175,1773949224.003
-0.17800000309944153,-0.25699999928474426,1.3869999647140503,1773949224.023
0.014000000432133675,0.15000000596046448,0.5600000023841858,1773949224.043
0.07900000363588333,-0.041999999433755875,1.1640000343322754,1773949224.063
-0.04600000008940697,-0.013000000268220901,1.0099999904632568,1773949224.083
0.003000000026077032,0.007000000216066837,0.9390000104904175,1773949224.003
-0.17800000309944153,-0.25699999928474426,1.3869999647140503,1773949224.023
0.014000000432133675,0.15000000596046448,0.5600000023841858,1773949224.043
0.07900000363588333,-0.041999999433755875,1.1640000343322754,1773949224.063
-0.04600000008940697,-0.013000000268220901,1.0099999904632568,1773949224.083
-0.02199999988079071,-0.019999999552965164,1.0399999618530273,1773949224.51
0.05700000002980232,-0.052000001072883606,1.1740000247955322,1773949224.523
-0.054999999701976776,-0.019999999552965164,1.2039999961853027,1773949224.543
-0.04500000178813934,0.032999999821186066,0.7300000190734863,1773949224.563
-0.08100000023841858,0.16699999570846558,0.8529999852180481,1773949224.583
-0.02199999988079071,-0.019999999552965164,1.0399999618530273,1773949224.51
0.05700000002980232,-0.052000001072883606,1.1740000247955322,1773949224.523
-0.054999999701976776,-0.019999999552965164,1.2039999961853027,1773949224.543
-0.04500000178813934,0.032999999821186066,0.7300000190734863,1773949224.563
-0.08100000023841858,0.16699999570846558,0.8529999852180481,1773949224.583
-0.019999999552965164,-0.06599999964237213,0.9279999732971191,1773949225.023
-0.05299999937415123,-0.11100000143051147,1.1419999599456787,1773949225.043
0.01899999938905239,-0.13600000739097595,0.8970000147819519,1773949225.063
-0.03999999910593033,-0.18700000643730164,1.1430000066757202,1773949225.083
0.0430000014603138,-0.04600000008940697,0.8330000042915344,1773949225.103
-0.019999999552965164,-0.06599999964237213,0.9279999732971191,1773949225.023
-0.05299999937415123,-0.11100000143051147,1.1419999599456787,1773949225.043
0.01899999938905239,-0.13600000739097595,0.8970000147819519,1773949225.063
-0.03999999910593033,-0.18700000643730164,1.1430000066757202,1773949225.083
0.0430000014603138,-0.04600000008940697,0.8330000042915344,1773949225.103
0.004000000189989805,0.09399999678134918,0.9929999709129333,1773949225.523
0.02800000086426735,0.054999999701976776,1.0640000104904175,1773949225.543
0.004000000189989805,0.05900000035762787,0.9679999947547913,1773949225.563
0.04899999871850014,0.041999999433755875,1.034000039100647,1773949225.583
-0.06700000166893005,0.05400000140070915,1.0,1773949225.603
0.004000000189989805,0.09399999678134918,0.9929999709129333,1773949225.523
0.02800000086426735,0.054999999701976776,1.0640000104904175,1773949225.543
0.004000000189989805,0.05900000035762787,0.9679999947547913,1773949225.563
0.04899999871850014,0.041999999433755875,1.034000039100647,1773949225.583
-0.06700000166893005,0.05400000140070915,1.0,1773949225.603
-0.004999999888241291,0.035999998450279236,1.0,1773949226.043
-0.04600000008940697,0.032999999821186066,1.055999994277954,1773949226.063
-0.03400000184774399,0.05299999937415123,0.906000018119812,1773949226.083
-0.019999999552965164,0.03799999877810478,1.1050000190734863,1773949226.103
0.010999999940395355,-0.01600000075995922,1.0210000276565552,1773949226.123
-0.004999999888241291,0.035999998450279236,1.0,1773949226.043
-0.04600000008940697,0.032999999821186066,1.055999994277954,1773949226.063
-0.03400000184774399,0.05299999937415123,0.906000018119812,1773949226.083
-0.019999999552965164,0.03799999877810478,1.1050000190734863,1773949226.103
0.010999999940395355,-0.01600000075995922,1.0210000276565552,1773949226.123
-0.004999999888241291,0.035999998450279236,1.0,1773949226.043
-0.04600000008940697,0.032999999821186066,1.055999994277954,1773949226.063
-0.03400000184774399,0.05299999937415123,0.906000018119812,1773949226.083
-0.019999999552965164,0.03799999877810478,1.1050000190734863,1773949226.103
0.010999999940395355,-0.01600000075995922,1.0210000276565552,1773949226.123
0.004999999888241291,-0.009999999776482582,1.13100004196167,1773949226.543
-0.023000000044703484,-0.029999999329447746,1.1419999599456787,1773949226.563
0.014000000432133675,0.013000000268220901,0.8799999952316284,1773949226.584
0.0020000000949949026,0.010999999940395355,0.9459999799728394,1773949226.603
-0.032999999821186066,-0.027000000700354576,1.1349999904632568,1773949226.623
0.004999999888241291,-0.009999999776482582,1.13100004196167,1773949226.543
-0.023000000044703484,-0.029999999329447746,1.1419999599456787,1773949226.563
0.014000000432133675,0.013000000268220901,0.8799999952316284,1773949226.584
0.0020000000949949026,0.010999999940395355,0.9459999799728394,1773949226.603
-0.032999999821186066,-0.027000000700354576,1.1349999904632568,1773949226.623
-0.01899999938905239,-0.028999999165534973,1.0779999494552612,1773949227.063
0.03500000014901161,-0.032999999821186066,1.2450000047683716,1773949227.083
0.006000000052154064,0.026000000536441803,0.7720000147819519,1773949227.103
-0.03799999877810478,0.010999999940395355,0.9959999918937683,1773949227.123
-0.04699999839067459,-0.019999999552965164,1.034999966621399,1773949227.143
-0.01899999938905239,-0.028999999165534973,1.0779999494552612,1773949227.063
0.03500000014901161,-0.032999999821186066,1.2450000047683716,1773949227.083
0.006000000052154064,0.026000000536441803,0.7720000147819519,1773949227.103
-0.03799999877810478,0.010999999940395355,0.9959999918937683,1773949227.123
-0.04699999839067459,-0.019999999552965164,1.034999966621399,1773949227.143
0.04500000178813934,0.0010000000474974513,1.059999942779541,1773949227.563
-0.03799999877810478,0.007000000216066837,1.0839999914169312,1773949227.583
-0.0430000014603138,-0.057999998331069946,1.1419999599456787,1773949227.603
0.04800000041723251,0.026000000536441803,1.0089999437332153,1773949227.623
0.017000000923871994,-0.006000000052154064,0.9940000176429749,1773949227.643
0.04500000178813934,0.0010000000474974513,1.059999942779541,1773949227.563
-0.03799999877810478,0.007000000216066837,1.0839999914169312,1773949227.583
-0.0430000014603138,-0.057999998331069946,1.1419999599456787,1773949227.603
0.04800000041723251,0.026000000536441803,1.0089999437332153,1773949227.623
0.017000000923871994,-0.006000000052154064,0.9940000176429749,1773949227.643
-0.0820000022649765,-0.12600000202655792,0.9459999799728394,1773949228.083
0.035999998450279236,-0.13600000739097595,1.1759999990463257,1773949228.103
-0.03200000151991844,-0.10999999940395355,0.7379999756813049,1773949228.123
0.0020000000949949026,-0.07699999958276749,1.0980000495910645,1773949228.144
0.03999999910593033,-0.06300000101327896,1.0269999504089355,1773949228.163
-0.0820000022649765,-0.12600000202655792,0.9459999799728394,1773949228.083
0.035999998450279236,-0.13600000739097595,1.1759999990463257,1773949228.103
-0.03200000151991844,-0.10999999940395355,0.7379999756813049,1773949228.123
0.0020000000949949026,-0.07699999958276749,1.0980000495910645,1773949228.144
0.03999999910593033,-0.06300000101327896,1.0269999504089355,1773949228.163
-0.01600000075995922,0.008999999612569809,1.0219999551773071,1773949228.583
-0.019999999552965164,0.010999999940395355,1.0119999647140503,1773949228.603
-0.027000000700354576,-0.003000000026077032,1.0240000486373901,1773949228.623
-0.014999999664723873,-0.00800000037997961,1.0190000534057617,1773949228.643
-0.019999999552965164,0.0,1.0230000019073486,1773949228.663
-0.01600000075995922,0.008999999612569809,1.0219999551773071,1773949228.583
-0.019999999552965164,0.010999999940395355,1.0119999647140503,1773949228.603
-0.027000000700354576,-0.003000000026077032,1.0240000486373901,1773949228.623
-0.014999999664723873,-0.00800000037997961,1.0190000534057617,1773949228.643
-0.019999999552965164,0.0,1.0230000019073486,1773949228.663
-0.01600000075995922,0.008999999612569809,1.0219999551773071,1773949228.583
-0.019999999552965164,0.010999999940395355,1.0119999647140503,1773949228.603
-0.027000000700354576,-0.003000000026077032,1.0240000486373901,1773949228.623
-0.014999999664723873,-0.00800000037997961,1.0190000534057617,1773949228.643
-0.019999999552965164,0.0,1.0230000019073486,1773949228.663
-0.024000000208616257,-0.003000000026077032,1.0160000324249268,1773949229.108
-0.02199999988079071,-0.003000000026077032,1.0160000324249268,1773949229.123
-0.024000000208616257,0.003000000026077032,1.0160000324249268,1773949229.143
-0.020999999716877937,-0.0020000000949949026,1.0149999856948853,1773949229.163
-0.020999999716877937,0.0010000000474974513,1.0160000324249268,1773949229.184
-0.024000000208616257,-0.003000000026077032,1.0160000324249268,1773949229.108
-0.02199999988079071,-0.003000000026077032,1.0160000324249268,1773949229.123
-0.024000000208616257,0.003000000026077032,1.0160000324249268,1773949229.143
-0.020999999716877937,-0.0020000000949949026,1.0149999856948853,1773949229.163
-0.020999999716877937,0.0010000000474974513,1.0160000324249268,1773949229.184
0.012000000104308128,0.17100000381469727,0.996999979019165,1773949229.603
0.007000000216066837,0.16699999570846558,1.027999997138977,1773949229.623
-0.0430000014603138,0.18199999630451202,0.9629999995231628,1773949229.643
-0.029999999329447746,0.13600000739097595,1.0230000019073486,1773949229.663
-0.05299999937415123,0.06300000101327896,1.0829999446868896,1773949229.683
0.012000000104308128,0.17100000381469727,0.996999979019165,1773949229.603
0.007000000216066837,0.16699999570846558,1.027999997138977,1773949229.623
-0.0430000014603138,0.18199999630451202,0.9629999995231628,1773949229.643
-0.029999999329447746,0.13600000739097595,1.0230000019073486,1773949229.663
-0.05299999937415123,0.06300000101327896,1.0829999446868896,1773949229.683
-0.02500000037252903,0.0689999982714653,0.925000011920929,1773949230.123
-0.061000000685453415,0.10199999809265137,1.1480000019073486,1773949230.143
-0.010999999940395355,0.10400000214576721,0.9419999718666077,1773949230.164
-0.052000001072883606,0.02199999988079071,0.8610000014305115,1773949230.185
0.03999999910593033,0.052000001072883606,1.281999945640564,1773949230.204
-0.02500000037252903,0.0689999982714653,0.925000011920929,1773949230.123
-0.061000000685453415,0.10199999809265137,1.1480000019073486,1773949230.143
-0.010999999940395355,0.10400000214576721,0.9419999718666077,1773949230.164
-0.052000001072883606,0.02199999988079071,0.8610000014305115,1773949230.185
0.03999999910593033,0.052000001072883606,1.281999945640564,1773949230.204
-0.1809999942779541,-0.019999999552965164,1.0640000104904175,1773949230.623
0.0989999994635582,0.050999999046325684,0.9150000214576721,1773949230.643
0.07800000160932541,0.024000000208616257,1.0149999856948853,1773949230.663
-0.0860000029206276,0.028999999165534973,1.0269999504089355,1773949230.684
-0.0860000029206276,-0.020999999716877937,0.9819999933242798,1773949230.703
-0.1809999942779541,-0.019999999552965164,1.0640000104904175,1773949230.623
0.0989999994635582,0.050999999046325684,0.9150000214576721,1773949230.643
0.07800000160932541,0.024000000208616257,1.0149999856948853,1773949230.663
-0.0860000029206276,0.028999999165534973,1.0269999504089355,1773949230.684
-0.0860000029206276,-0.020999999716877937,0.9819999933242798,1773949230.703
-0.08500000089406967,0.008999999612569809,1.0429999828338623,1773949231.143
-0.07599999755620956,-0.02800000086426735,1.1349999904632568,1773949231.163
-0.014000000432133675,-0.013000000268220901,1.0119999647140503,1773949231.183
0.04699999839067459,-0.03799999877810478,1.0570000410079956,1773949231.203
-0.05700000002980232,-0.01899999938905239,0.9509999752044678,1773949231.227
-0.08500000089406967,0.008999999612569809,1.0429999828338623,1773949231.143
-0.07599999755620956,-0.02800000086426735,1.1349999904632568,1773949231.163
-0.014000000432133675,-0.013000000268220901,1.0119999647140503,1773949231.183
0.04699999839067459,-0.03799999877810478,1.0570000410079956,1773949231.203
-0.05700000002980232,-0.01899999938905239,0.9509999752044678,1773949231.227
-0.0860000029206276,0.017999999225139618,0.9509999752044678,1773949231.663
-0.09000000357627869,-0.013000000268220901,1.1720000505447388,1773949231.683
0.09000000357627869,-0.0010000000474974513,0.9279999732971191,1773949231.703
-0.08500000089406967,-0.04399999976158142,1.2330000400543213,1773949231.723
-0.12200000137090683,-0.009999999776482582,0.8420000076293945,1773949231.743
-0.0860000029206276,0.017999999225139618,0.9509999752044678,1773949231.663
-0.09000000357627869,-0.013000000268220901,1.1720000505447388,1773949231.683
0.09000000357627869,-0.0010000000474974513,0.9279999732971191,1773949231.703
-0.08500000089406967,-0.04399999976158142,1.2330000400543213,1773949231.723
-0.12200000137090683,-0.009999999776482582,0.8420000076293945,1773949231.743
-0.00800000037997961,-0.0010000000474974513,0.9739999771118164,1773949232.163
-0.14300000667572021,-0.013000000268220901,1.0099999904632568,1773949232.183
-0.010999999940395355,-0.027000000700354576,0.953000009059906,1773949232.204
0.0729999989271164,0.039000000804662704,1.0729999542236328,1773949232.223
0.03799999877810478,-0.012000000104308128,1.059999942779541,1773949232.243
-0.00800000037997961,-0.0010000000474974513,0.9739999771118164,1773949232.163
-0.14300000667572021,-0.013000000268220901,1.0099999904632568,1773949232.183
-0.010999999940395355,-0.027000000700354576,0.953000009059906,1773949232.204
0.0729999989271164,0.039000000804662704,1.0729999542236328,1773949232.223
0.03799999877810478,-0.012000000104308128,1.059999942779541,1773949232.243
-0.014999999664723873,-0.03200000151991844,1.069000005722046,1773949232.683
-0.1459999978542328,-0.05900000035762787,1.1579999923706055,1773949232.703
0.0020000000949949026,-0.01600000075995922,0.7919999957084656,1773949232.723
0.02199999988079071,-0.006000000052154064,1.1410000324249268,1773949232.743
0.052000001072883606,0.020999999716877937,1.0579999685287476,1773949232.763
0.07500000298023224,-0.04800000041723251,0.9070000052452087,1773949233.187
-0.16300000250339508,0.03500000014901161,0.9769999980926514,1773949233.203
-0.08299999684095383,-0.00800000037997961,1.065000057220459,1773949233.224
0.06499999761581421,0.017999999225139618,0.9399999976158142,1773949233.243
0.03799999877810478,-0.04399999976158142,1.121000051498413,1773949233.263
0.07500000298023224,-0.04800000041723251,0.9070000052452087,1773949233.187
-0.16300000250339508,0.03500000014901161,0.9769999980926514,1773949233.203
-0.08299999684095383,-0.00800000037997961,1.065000057220459,1773949233.224
0.06499999761581421,0.017999999225139618,0.9399999976158142,1773949233.243
0.03799999877810478,-0.04399999976158142,1.121000051498413,1773949233.263
0.07500000298023224,-0.04800000041723251,0.9070000052452087,1773949233.187
-0.16300000250339508,0.03500000014901161,0.9769999980926514,1773949233.203
-0.08299999684095383,-0.00800000037997961,1.065000057220459,1773949233.224
0.06499999761581421,0.017999999225139618,0.9399999976158142,1773949233.243
0.03799999877810478,-0.04399999976158142,1.121000051498413,1773949233.263
-0.07999999821186066,0.020999999716877937,1.0509999990463257,1773949233.703
-0.07900000363588333,-0.024000000208616257,1.100000023841858,1773949233.724
0.052000001072883606,0.009999999776482582,0.8980000019073486,1773949233.743
-0.023000000044703484,-0.004999999888241291,1.0720000267028809,1773949233.763
0.004999999888241291,-0.03200000151991844,0.9779999852180481,1773949233.784
0.10700000077486038,0.007000000216066837,0.8960000276565552,1773949234.203
-0.09700000286102295,-0.03200000151991844,0.9430000185966492,1773949234.223
-0.08100000023841858,-0.03500000014901161,1.2280000448226929,1773949234.243
0.009999999776482582,-0.01600000075995922,0.9480000138282776,1773949234.263
0.08100000023841858,0.017999999225139618,1.1480000019073486,1773949234.283
0.10700000077486038,0.007000000216066837,0.8960000276565552,1773949234.203
-0.09700000286102295,-0.03200000151991844,0.9430000185966492,1773949234.223
-0.08100000023841858,-0.03500000014901161,1.2280000448226929,1773949234.243
0.009999999776482582,-0.01600000075995922,0.9480000138282776,1773949234.263
0.08100000023841858,0.017999999225139618,1.1480000019073486,1773949234.283
-0.19200000166893005,-0.01600000075995922,1.0740000009536743,1773949234.723
-0.0860000029206276,-0.07000000029802322,1.159000039100647,1773949234.743
0.0860000029206276,0.03099999949336052,0.9629999995231628,1773949234.763
-0.0010000000474974513,0.017999999225139618,1.0579999685287476,1773949234.783
-0.06300000101327896,-0.014999999664723873,1.0670000314712524,1773949234.803
-0.19200000166893005,-0.01600000075995922,1.0740000009536743,1773949234.723
-0.0860000029206276,-0.07000000029802322,1.159000039100647,1773949234.743
0.0860000029206276,0.03099999949336052,0.9629999995231628,1773949234.763
-0.0010000000474974513,0.017999999225139618,1.0579999685287476,1773949234.783
-0.06300000101327896,-0.014999999664723873,1.0670000314712524,1773949234.803
-0.07900000363588333,0.04899999871850014,0.9850000143051147,1773949235.223
0.006000000052154064,0.003000000026077032,1.1510000228881836,1773949235.243
-0.06499999761581421,-0.010999999940395355,0.7210000157356262,1773949235.263
0.10700000077486038,0.02800000086426735,1.24399995803833,1773949235.283
0.003000000026077032,-0.061000000685453415,0.871999979019165,1773949235.303
-0.07900000363588333,0.04899999871850014,0.9850000143051147,1773949235.223
0.006000000052154064,0.003000000026077032,1.1510000228881836,1773949235.243
-0.06499999761581421,-0.010999999940395355,0.7210000157356262,1773949235.263
0.10700000077486038,0.02800000086426735,1.24399995803833,1773949235.283
0.003000000026077032,-0.061000000685453415,0.871999979019165,1773949235.303
-0.10999999940395355,-0.013000000268220901,1.1740000247955322,1773949235.743
-0.03799999877810478,-0.1080000028014183,1.034000039100647,1773949235.763
-0.03400000184774399,0.04600000008940697,1.090999960899353,1773949235.783
-0.014000000432133675,-0.04399999976158142,0.8320000171661377,1773949235.803
0.0989999994635582,0.014999999664723873,1.1670000553131104,1773949235.823
-0.10999999940395355,-0.013000000268220901,1.1740000247955322,1773949235.743
-0.03799999877810478,-0.1080000028014183,1.034000039100647,1773949235.763
-0.03400000184774399,0.04600000008940697,1.090999960899353,1773949235.783
-0.014000000432133675,-0.04399999976158142,0.8320000171661377,1773949235.803
0.0989999994635582,0.014999999664723873,1.1670000553131104,1773949235.823
0.09300000220537186,0.00800000037997961,0.9570000171661377,1773949236.243
-0.0860000029206276,-0.050999999046325684,1.0779999494552612,1773949236.263
-0.08699999749660492,0.06400000303983688,0.8970000147819519,1773949236.283
0.013000000268220901,0.028999999165534973,1.0410000085830688,1773949236.303
-0.03200000151991844,-0.004000000189989805,1.0759999752044678,1773949236.323
0.09300000220537186,0.00800000037997961,0.9570000171661377,1773949236.243
-0.0860000029206276,-0.050999999046325684,1.0779999494552612,1773949236.263
-0.08699999749660492,0.06400000303983688,0.8970000147819519,1773949236.283
0.013000000268220901,0.028999999165534973,1.0410000085830688,1773949236.303
-0.03200000151991844,-0.004000000189989805,1.0759999752044678,1773949236.323
-0.09600000083446503,-0.009999999776482582,1.1380000114440918,1773949236.763
0.00800000037997961,-0.014000000432133675,1.180999994277954,1773949236.783
0.026000000536441803,0.039000000804662704,0.8730000257492065,1773949236.803
-0.10899999737739563,0.03400000184774399,0.8650000095367432,1773949236.824
-0.054999999701976776,-0.008999999612569809,1.2259999513626099,1773949236.843
-0.09600000083446503,-0.009999999776482582,1.1380000114440918,1773949236.763
0.00800000037997961,-0.014000000432133675,1.180999994277954,1773949236.783
0.026000000536441803,0.039000000804662704,0.8730000257492065,1773949236.803
-0.10899999737739563,0.03400000184774399,0.8650000095367432,1773949236.824
-0.054999999701976776,-0.008999999612569809,1.2259999513626099,1773949236.843
0.02500000037252903,0.05900000035762787,0.9480000138282776,1773949237.263
-0.08399999886751175,-0.032999999821186066,1.1970000267028809,1773949237.283
0.02500000037252903,0.0430000014603138,0.8799999952316284,1773949237.303
-0.017999999225139618,0.012000000104308128,0.9980000257492065,1773949237.323
-0.17399999499320984,-0.06800000369548798,1.1360000371932983,1773949237.343
0.02500000037252903,0.05900000035762787,0.9480000138282776,1773949237.263
-0.08399999886751175,-0.032999999821186066,1.1970000267028809,1773949237.283
0.02500000037252903,0.0430000014603138,0.8799999952316284,1773949237.303
-0.017999999225139618,0.012000000104308128,0.9980000257492065,1773949237.323
-0.17399999499320984,-0.06800000369548798,1.1360000371932983,1773949237.343
-0.29499998688697815,-0.04800000041723251,1.187999963760376,1773949237.783
0.12099999934434891,0.0560000017285347,0.8420000076293945,1773949237.803
0.09700000286102295,0.03700000047683716,0.949999988079071,1773949237.823
-0.11699999868869781,0.04699999839067459,0.9760000109672546,1773949237.843
-0.15700000524520874,-0.008999999612569809,1.0299999713897705,1773949237.863
-0.29499998688697815,-0.04800000041723251,1.187999963760376,1773949237.783
0.12099999934434891,0.0560000017285347,0.8420000076293945,1773949237.803
0.09700000286102295,0.03700000047683716,0.949999988079071,1773949237.823
-0.11699999868869781,0.04699999839067459,0.9760000109672546,1773949237.843
-0.15700000524520874,-0.008999999612569809,1.0299999713897705,1773949237.863
-0.0949999988079071,-0.017000000923871994,0.8849999904632568,1773949238.283
-0.0560000017285347,-0.050999999046325684,1.1820000410079956,1773949238.303
0.06300000101327896,0.07900000363588333,0.8420000076293945,1773949238.323
0.07900000363588333,-0.054999999701976776,0.8930000066757202,1773949238.343
-0.13899999856948853,0.054999999701976776,0.8840000033378601,1773949238.363
-0.0949999988079071,-0.017000000923871994,0.8849999904632568,1773949238.283
-0.0560000017285347,-0.050999999046325684,1.1820000410079956,1773949238.303
0.06300000101327896,0.07900000363588333,0.8420000076293945,1773949238.323
0.07900000363588333,-0.054999999701976776,0.8930000066757202,1773949238.343
-0.13899999856948853,0.054999999701976776,0.8840000033378601,1773949238.363
0.017999999225139618,0.03099999949336052,0.9800000190734863,1773949238.783
-0.13099999725818634,-0.023000000044703484,0.9559999704360962,1773949238.803
-0.04800000041723251,-0.03500000014901161,1.2009999752044678,1773949238.823
0.035999998450279236,-0.007000000216066837,0.9909999966621399,1773949238.861
0.02199999988079071,0.07400000095367432,0.7519999742507935,1773949238.871
0.017999999225139618,0.03099999949336052,0.9800000190734863,1773949238.783
-0.13099999725818634,-0.023000000044703484,0.9559999704360962,1773949238.803
-0.04800000041723251,-0.03500000014901161,1.2009999752044678,1773949238.823
0.035999998450279236,-0.007000000216066837,0.9909999966621399,1773949238.861
0.02199999988079071,0.07400000095367432,0.7519999742507935,1773949238.871
0.017999999225139618,0.03099999949336052,0.9800000190734863,1773949238.783
-0.13099999725818634,-0.023000000044703484,0.9559999704360962,1773949238.803
-0.04800000041723251,-0.03500000014901161,1.2009999752044678,1773949238.823
0.035999998450279236,-0.007000000216066837,0.9909999966621399,1773949238.861
0.02199999988079071,0.07400000095367432,0.7519999742507935,1773949238.871
-0.02199999988079071,0.01899999938905239,0.8320000171661377,1773949239.303
-0.11599999666213989,0.01600000075995922,1.055999994277954,1773949239.323
-0.02199999988079071,-0.04699999839067459,1.1950000524520874,1773949239.343
-0.028999999165534973,-0.01899999938905239,0.972000002861023,1773949239.363
-0.08799999952316284,0.027000000700354576,0.9950000047683716,1773949239.383
-0.02199999988079071,0.01899999938905239,0.8320000171661377,1773949239.303
-0.11599999666213989,0.01600000075995922,1.055999994277954,1773949239.323
-0.02199999988079071,-0.04699999839067459,1.1950000524520874,1773949239.343
-0.028999999165534973,-0.01899999938905239,0.972000002861023,1773949239.363
-0.08799999952316284,0.027000000700354576,0.9950000047683716,1773949239.383
-0.11599999666213989,-0.017000000923871994,1.0290000438690186,1773949239.823
-0.050999999046325684,-0.08799999952316284,1.1460000276565552,1773949239.843
0.02199999988079071,0.013000000268220901,0.9279999732971191,1773949239.863
-0.0,0.017999999225139618,0.8799999952316284,1773949239.884
-0.1080000028014183,0.013000000268220901,1.1200000047683716,1773949239.903
-0.11599999666213989,-0.017000000923871994,1.0290000438690186,1773949239.823
-0.050999999046325684,-0.08799999952316284,1.1460000276565552,1773949239.843
0.02199999988079071,0.013000000268220901,0.9279999732971191,1773949239.863
-0.0,0.017999999225139618,0.8799999952316284,1773949239.884
-0.1080000028014183,0.013000000268220901,1.1200000047683716,1773949239.903
-0.12200000137090683,-0.050999999046325684,0.9700000286102295,1773949240.323
-0.07500000298023224,-0.008999999612569809,1.1360000371932983,1773949240.343
0.07500000298023224,0.017999999225139618,0.8270000219345093,1773949240.363
0.017000000923871994,0.03500000014901161,0.8700000047683716,1773949240.383
-0.12399999797344208,-0.057999998331069946,1.2649999856948853,1773949240.403
-0.12200000137090683,-0.050999999046325684,0.9700000286102295,1773949240.323
-0.07500000298023224,-0.008999999612569809,1.1360000371932983,1773949240.343
0.07500000298023224,0.017999999225139618,0.8270000219345093,1773949240.363
0.017000000923871994,0.03500000014901161,0.8700000047683716,1773949240.383
-0.12399999797344208,-0.057999998331069946,1.2649999856948853,1773949240.403
-0.07400000095367432,0.03999999910593033,1.0089999437332153,1773949240.843
0.05700000002980232,-0.03999999910593033,1.1360000371932983,1773949240.863
-0.01600000075995922,-0.02800000086426735,1.0080000162124634,1773949240.883
-0.1509999930858612,-0.028999999165534973,1.0740000009536743,1773949240.903
-0.012000000104308128,-0.020999999716877937,0.9570000171661377,1773949240.923
-0.07400000095367432,0.03999999910593033,1.0089999437332153,1773949240.843
0.05700000002980232,-0.03999999910593033,1.1360000371932983,1773949240.863
-0.01600000075995922,-0.02800000086426735,1.0080000162124634,1773949240.883
-0.1509999930858612,-0.028999999165534973,1.0740000009536743,1773949240.903
-0.012000000104308128,-0.020999999716877937,0.9570000171661377,1773949240.923
-0.10499999672174454,0.02199999988079071,1.3420000076293945,1773949241.343
0.10100000351667404,0.013000000268220901,0.8920000195503235,1773949241.363
-0.003000000026077032,-0.0430000014603138,0.9520000219345093,1773949241.383
-0.09399999678134918,0.028999999165534973,1.0980000495910645,1773949241.403
-0.05700000002980232,-0.05999999865889549,0.9210000038146973,1773949241.423
-0.10499999672174454,0.02199999988079071,1.3420000076293945,1773949241.343
0.10100000351667404,0.013000000268220901,0.8920000195503235,1773949241.363
-0.003000000026077032,-0.0430000014603138,0.9520000219345093,1773949241.383
-0.09399999678134918,0.028999999165534973,1.0980000495910645,1773949241.403
-0.05700000002980232,-0.05999999865889549,0.9210000038146973,1773949241.423
0.03099999949336052,-0.09000000357627869,1.0140000581741333,1773949241.863
-0.04800000041723251,-0.027000000700354576,1.0379999876022339,1773949241.883
-0.04399999976158142,0.03999999910593033,0.9100000262260437,1773949241.903
0.0020000000949949026,0.008999999612569809,0.9259999990463257,1773949241.923
0.014000000432133675,0.003000000026077032,1.1089999675750732,1773949241.943
0.03099999949336052,-0.09000000357627869,1.0140000581741333,1773949241.863
-0.04800000041723251,-0.027000000700354576,1.0379999876022339,1773949241.883
-0.04399999976158142,0.03999999910593033,0.9100000262260437,1773949241.903
0.0020000000949949026,0.008999999612569809,0.9259999990463257,1773949241.923
0.014000000432133675,0.003000000026077032,1.1089999675750732,1773949241.943
-0.04699999839067459,-0.008999999612569809,1.2790000438690186,1773949242.363
0.04500000178813934,0.008999999612569809,0.7379999756813049,1773949242.384
-0.0560000017285347,0.02500000037252903,0.7820000052452087,1773949242.403
-0.04800000041723251,0.006000000052154064,1.375,1773949242.423
-0.008999999612569809,-0.05999999865889549,0.9480000138282776,1773949242.443
-0.04699999839067459,-0.008999999612569809,1.2790000438690186,1773949242.363
0.04500000178813934,0.008999999612569809,0.7379999756813049,1773949242.384
-0.0560000017285347,0.02500000037252903,0.7820000052452087,1773949242.403
-0.04800000041723251,0.006000000052154064,1.375,1773949242.423
-0.008999999612569809,-0.05999999865889549,0.9480000138282776,1773949242.443
-0.04699999839067459,-0.008999999612569809,1.2790000438690186,1773949242.363
0.04500000178813934,0.008999999612569809,0.7379999756813049,1773949242.384
-0.0560000017285347,0.02500000037252903,0.7820000052452087,1773949242.403
-0.04800000041723251,0.006000000052154064,1.375,1773949242.423
-0.008999999612569809,-0.05999999865889549,0.9480000138282776,1773949242.443
0.07699999958276749,-0.003000000026077032,0.7599999904632568,1773949242.884
-0.07900000363588333,0.07599999755620956,1.215000033378601,1773949242.903
-0.07000000029802322,-0.08699999749660492,1.0870000123977661,1773949242.923
-0.03999999910593033,-0.04399999976158142,1.0230000019073486,1773949242.947
0.03400000184774399,0.017999999225139618,0.9120000004768372,1773949242.963
0.07699999958276749,-0.003000000026077032,0.7599999904632568,1773949242.884
-0.07900000363588333,0.07599999755620956,1.215000033378601,1773949242.903
-0.07000000029802322,-0.08699999749660492,1.0870000123977661,1773949242.923
-0.03999999910593033,-0.04399999976158142,1.0230000019073486,1773949242.947
0.03400000184774399,0.017999999225139618,0.9120000004768372,1773949242.963
0.04399999976158142,-0.01899999938905239,1.0540000200271606,1773949243.383
-0.023000000044703484,0.0020000000949949026,0.9869999885559082,1773949243.403
-0.1860000044107437,-0.01899999938905239,1.3700000047683716,1773949243.423
0.10000000149011612,-0.024000000208616257,0.6800000071525574,1773949243.443
0.04100000113248825,0.012000000104308128,0.875,1773949243.463
0.04399999976158142,-0.01899999938905239,1.0540000200271606,1773949243.383
-0.023000000044703484,0.0020000000949949026,0.9869999885559082,1773949243.403
-0.1860000044107437,-0.01899999938905239,1.3700000047683716,1773949243.423
0.10000000149011612,-0.024000000208616257,0.6800000071525574,1773949243.443
0.04100000113248825,0.012000000104308128,0.875,1773949243.463
0.04399999976158142,-0.01899999938905239,1.0540000200271606,1773949243.383
-0.023000000044703484,0.0020000000949949026,0.9869999885559082,1773949243.403
-0.1860000044107437,-0.01899999938905239,1.3700000047683716,1773949243.423
0.10000000149011612,-0.024000000208616257,0.6800000071525574,1773949243.443
0.04100000113248825,0.012000000104308128,0.875,1773949243.463
-0.019999999552965164,-0.04600000008940697,1.0570000410079956,1773949243.903
-0.11900000274181366,0.0010000000474974513,1.0609999895095825,1773949243.923
0.03400000184774399,-0.0560000017285347,0.7419999837875366,1773949243.946
-0.11400000005960464,0.039000000804662704,1.0640000104904175,1773949243.963
0.09799999743700027,0.024000000208616257,1.218999981880188,1773949243.988
-0.019999999552965164,-0.04600000008940697,1.0570000410079956,1773949243.903
-0.11900000274181366,0.0010000000474974513,1.0609999895095825,1773949243.923
0.03400000184774399,-0.0560000017285347,0.7419999837875366,1773949243.946
-0.11400000005960464,0.039000000804662704,1.0640000104904175,1773949243.963
0.09799999743700027,0.024000000208616257,1.218999981880188,1773949243.988
0.06199999898672104,0.039000000804662704,0.8669999837875366,1773949244.403
-0.017000000923871994,0.03500000014901161,0.9229999780654907,1773949244.423
-0.05000000074505806,-0.05900000035762787,1.1150000095367432,1773949244.443
-0.03200000151991844,-0.041999999433755875,1.0549999475479126,1773949244.463
0.024000000208616257,-0.032999999821186066,1.1109999418258667,1773949244.483
0.06199999898672104,0.039000000804662704,0.8669999837875366,1773949244.403
-0.017000000923871994,0.03500000014901161,0.9229999780654907,1773949244.423
-0.05000000074505806,-0.05900000035762787,1.1150000095367432,1773949244.443
-0.03200000151991844,-0.041999999433755875,1.0549999475479126,1773949244.463
0.024000000208616257,-0.032999999821186066,1.1109999418258667,1773949244.483
-0.10899999737739563,0.004999999888241291,0.9860000014305115,1773949244.923
-0.0560000017285347,-0.10599999874830246,1.156999945640564,1773949244.944
-0.004999999888241291,-0.026000000536441803,1.0470000505447388,1773949244.963
0.06199999898672104,0.009999999776482582,0.9860000014305115,1773949244.995
0.06800000369548798,-0.023000000044703484,0.890999972820282,1773949245.01
-0.10899999737739563,0.004999999888241291,0.9860000014305115,1773949244.923
-0.0560000017285347,-0.10599999874830246,1.156999945640564,1773949244.944
-0.004999999888241291,-0.026000000536441803,1.0470000505447388,1773949244.963
0.06199999898672104,0.009999999776482582,0.9860000014305115,1773949244.995
0.06800000369548798,-0.023000000044703484,0.890999972820282,1773949245.01
-0.10899999737739563,0.004999999888241291,0.9860000014305115,1773949244.923
-0.0560000017285347,-0.10599999874830246,1.156999945640564,1773949244.944
-0.004999999888241291,-0.026000000536441803,1.0470000505447388,1773949244.963
0.06199999898672104,0.009999999776482582,0.9860000014305115,1773949244.995
0.06800000369548798,-0.023000000044703484,0.890999972820282,1773949245.01
0.02199999988079071,-0.06499999761581421,1.1729999780654907,1773949245.423
0.02800000086426735,-0.012000000104308128,0.9580000042915344,1773949245.443
-0.04600000008940697,0.02199999988079071,0.9169999957084656,1773949245.463
-0.05299999937415123,-0.05299999937415123,1.1150000095367432,1773949245.483
0.012000000104308128,-0.050999999046325684,0.972000002861023,1773949245.503
0.02199999988079071,-0.06499999761581421,1.1729999780654907,1773949245.423
0.02800000086426735,-0.012000000104308128,0.9580000042915344,1773949245.443
-0.04600000008940697,0.02199999988079071,0.9169999957084656,1773949245.463
-0.05299999937415123,-0.05299999937415123,1.1150000095367432,1773949245.483
0.012000000104308128,-0.050999999046325684,0.972000002861023,1773949245.503
-0.05900000035762787,-0.0689999982714653,0.9079999923706055,1773949245.943
0.07699999958276749,0.11999999731779099,0.8029999732971191,1773949245.964
-0.013000000268220901,-0.06800000369548798,1.3329999446868896,1773949245.985
0.026000000536441803,0.04699999839067459,0.7509999871253967,1773949246.003
-0.1720000058412552,-0.009999999776482582,1.1019999980926514,1773949246.023
-0.05900000035762787,-0.0689999982714653,0.9079999923706055,1773949245.943
0.07699999958276749,0.11999999731779099,0.8029999732971191,1773949245.964
-0.013000000268220901,-0.06800000369548798,1.3329999446868896,1773949245.985
0.026000000536441803,0.04699999839067459,0.7509999871253967,1773949246.003
-0.1720000058412552,-0.009999999776482582,1.1019999980926514,1773949246.023
0.0860000029206276,-0.04800000041723251,1.0010000467300415,1773949246.443
-0.09600000083446503,0.03400000184774399,0.6779999732971191,1773949246.463
0.024000000208616257,-0.010999999940395355,1.2690000534057617,1773949246.483
-0.01899999938905239,-0.041999999433755875,0.847000002861023,1773949246.503
-0.0,0.003000000026077032,0.9980000257492065,1773949246.523
0.0860000029206276,-0.04800000041723251,1.0010000467300415,1773949246.443
-0.09600000083446503,0.03400000184774399,0.6779999732971191,1773949246.463
0.024000000208616257,-0.010999999940395355,1.2690000534057617,1773949246.483
-0.01899999938905239,-0.041999999433755875,0.847000002861023,1773949246.503
-0.0,0.003000000026077032,0.9980000257492065,1773949246.523
-0.035999998450279236,0.004000000189989805,0.9229999780654907,1773949246.963
-0.07500000298023224,-0.06199999898672104,1.1119999885559082,1773949246.983
-0.09099999815225601,-0.039000000804662704,1.090999960899353,1773949247.003
0.13600000739097595,-0.009999999776482582,0.8180000185966492,1773949247.023
-0.2809999883174896,-0.10100000351667404,1.1360000371932983,1773949247.043
-0.035999998450279236,0.004000000189989805,0.9229999780654907,1773949246.963
-0.07500000298023224,-0.06199999898672104,1.1119999885559082,1773949246.983
-0.09099999815225601,-0.039000000804662704,1.090999960899353,1773949247.003
0.13600000739097595,-0.009999999776482582,0.8180000185966492,1773949247.023
-0.2809999883174896,-0.10100000351667404,1.1360000371932983,1773949247.043
0.023000000044703484,-0.035999998450279236,0.9300000071525574,1773949247.463
-0.05400000140070915,0.04800000041723251,0.847000002861023,1773949247.483
-0.10999999940395355,-0.019999999552965164,1.1699999570846558,1773949247.503
0.05000000074505806,-0.03099999949336052,1.11899995803833,1773949247.523
0.0430000014603138,0.01899999938905239,0.7699999809265137,1773949247.543
0.023000000044703484,-0.035999998450279236,0.9300000071525574,1773949247.463
-0.05400000140070915,0.04800000041723251,0.847000002861023,1773949247.483
-0.10999999940395355,-0.019999999552965164,1.1699999570846558,1773949247.503
0.05000000074505806,-0.03099999949336052,1.11899995803833,1773949247.523
0.0430000014603138,0.01899999938905239,0.7699999809265137,1773949247.543
0.023000000044703484,-0.035999998450279236,0.9300000071525574,1773949247.463
-0.05400000140070915,0.04800000041723251,0.847000002861023,1773949247.483
-0.10999999940395355,-0.019999999552965164,1.1699999570846558,1773949247.503
0.05000000074505806,-0.03099999949336052,1.11899995803833,1773949247.523
0.0430000014603138,0.01899999938905239,0.7699999809265137,1773949247.543
-0.06700000166893005,0.006000000052154064,0.75,1773949247.986
-0.07500000298023224,-0.008999999612569809,1.2339999675750732,1773949248.003
-0.05900000035762787,-0.004999999888241291,1.0549999475479126,1773949248.023
-0.039000000804662704,-0.041999999433755875,1.0149999856948853,1773949248.043
0.06400000303983688,0.08699999749660492,0.8740000128746033,1773949248.063
-0.06700000166893005,0.006000000052154064,0.75,1773949247.986
-0.07500000298023224,-0.008999999612569809,1.2339999675750732,1773949248.003
-0.05900000035762787,-0.004999999888241291,1.0549999475479126,1773949248.023
-0.039000000804662704,-0.041999999433755875,1.0149999856948853,1773949248.043
0.06400000303983688,0.08699999749660492,0.8740000128746033,1773949248.063
0.0949999988079071,0.013000000268220901,0.9660000205039978,1773949248.484
-0.08799999952316284,0.006000000052154064,0.8479999899864197,1773949248.503
-0.07000000029802322,0.017999999225139618,1.2369999885559082,1773949248.523
0.07400000095367432,-0.04800000041723251,0.9739999771118164,1773949248.543
-0.09200000017881393,-0.04899999871850014,1.0479999780654907,1773949248.563
0.0949999988079071,0.013000000268220901,0.9660000205039978,1773949248.484
-0.08799999952316284,0.006000000052154064,0.8479999899864197,1773949248.503
-0.07000000029802322,0.017999999225139618,1.2369999885559082,1773949248.523
0.07400000095367432,-0.04800000041723251,0.9739999771118164,1773949248.543
-0.09200000017881393,-0.04899999871850014,1.0479999780654907,1773949248.563
-0.04399999976158142,0.0,0.7839999794960022,1773949249.003
-0.06499999761581421,0.026000000536441803,1.0889999866485596,1773949249.023
-0.032999999821186066,-0.054999999701976776,1.184000015258789,1773949249.043
-0.0560000017285347,-0.017999999225139618,0.949999988079071,1773949249.064
0.004000000189989805,0.0689999982714653,0.8629999756813049,1773949249.084
-0.04399999976158142,0.0,0.7839999794960022,1773949249.003
-0.06499999761581421,0.026000000536441803,1.0889999866485596,1773949249.023
-0.032999999821186066,-0.054999999701976776,1.184000015258789,1773949249.043
-0.0560000017285347,-0.017999999225139618,0.949999988079071,1773949249.064
0.004000000189989805,0.0689999982714653,0.8629999756813049,1773949249.084
0.010999999940395355,0.013000000268220901,0.453000009059906,1773949249.504
-0.052000001072883606,0.008999999612569809,1.121000051498413,1773949249.523
-0.052000001072883606,-0.03500000014901161,1.3459999561309814,1773949249.543
-0.00800000037997961,-0.06599999964237213,0.9559999704360962,1773949249.563
-0.07999999821186066,0.029999999329447746,0.8640000224113464,1773949249.584
0.010999999940395355,0.013000000268220901,0.453000009059906,1773949249.504
-0.052000001072883606,0.008999999612569809,1.121000051498413,1773949249.523
-0.052000001072883606,-0.03500000014901161,1.3459999561309814,1773949249.543
-0.00800000037997961,-0.06599999964237213,0.9559999704360962,1773949249.563
-0.07999999821186066,0.029999999329447746,0.8640000224113464,1773949249.584
-0.0989999994635582,0.01899999938905239,1.0579999685287476,1773949250.023
0.050999999046325684,-0.0860000029206276,0.9449999928474426,1773949250.043
-0.026000000536441803,0.019999999552965164,0.9950000047683716,1773949250.063
-0.2329999953508377,-0.006000000052154064,0.9810000061988831,1773949250.083
-0.0010000000474974513,-0.014999999664723873,1.0230000019073486,1773949250.103
-0.0989999994635582,0.01899999938905239,1.0579999685287476,1773949250.023
0.050999999046325684,-0.0860000029206276,0.9449999928474426,1773949250.043
-0.026000000536441803,0.019999999552965164,0.9950000047683716,1773949250.063
-0.2329999953508377,-0.006000000052154064,0.9810000061988831,1773949250.083
-0.0010000000474974513,-0.014999999664723873,1.0230000019073486,1773949250.103
-0.00800000037997961,0.01600000075995922,1.0140000581741333,1773949250.523
-0.06599999964237213,-0.03200000151991844,1.2120000123977661,1773949250.543
-0.07900000363588333,-0.04699999839067459,0.8270000219345093,1773949250.563
-0.0989999994635582,-0.004999999888241291,1.1319999694824219,1773949250.583
0.024000000208616257,0.08299999684095383,1.003000020980835,1773949250.603
-0.00800000037997961,0.01600000075995922,1.0140000581741333,1773949250.523
-0.06599999964237213,-0.03200000151991844,1.2120000123977661,1773949250.543
-0.07900000363588333,-0.04699999839067459,0.8270000219345093,1773949250.563
-0.0989999994635582,-0.004999999888241291,1.1319999694824219,1773949250.583
0.024000000208616257,0.08299999684095383,1.003000020980835,1773949250.603
-0.00800000037997961,0.01600000075995922,1.0140000581741333,1773949250.523
-0.06599999964237213,-0.03200000151991844,1.2120000123977661,1773949250.543
-0.07900000363588333,-0.04699999839067459,0.8270000219345093,1773949250.563
-0.0989999994635582,-0.004999999888241291,1.1319999694824219,1773949250.583
0.024000000208616257,0.08299999684095383,1.003000020980835,1773949250.603
-0.07000000029802322,0.024000000208616257,1.062000036239624,1773949251.043
0.05900000035762787,-0.00800000037997961,1.0069999694824219,1773949251.063
0.035999998450279236,0.008999999612569809,1.0110000371932983,1773949251.084
-0.03099999949336052,0.008999999612569809,0.8040000200271606,1773949251.103
0.03700000047683716,-0.08699999749660492,1.1480000019073486,1773949251.123
-0.09600000083446503,-0.008999999612569809,0.828000009059906,1773949251.543
-0.05999999865889549,0.032999999821186066,1.125,1773949251.563
0.04699999839067459,-0.07599999755620956,1.0420000553131104,1773949251.586
-0.003000000026077032,-0.02500000037252903,0.8960000276565552,1773949251.603
-0.11400000005960464,-0.008999999612569809,1.218000054359436,1773949251.623
-0.09600000083446503,-0.008999999612569809,0.828000009059906,1773949251.543
-0.05999999865889549,0.032999999821186066,1.125,1773949251.563
0.04699999839067459,-0.07599999755620956,1.0420000553131104,1773949251.586
-0.003000000026077032,-0.02500000037252903,0.8960000276565552,1773949251.603
-0.11400000005960464,-0.008999999612569809,1.218000054359436,1773949251.623
-0.09600000083446503,-0.008999999612569809,0.828000009059906,1773949251.543
-0.05999999865889549,0.032999999821186066,1.125,1773949251.563
0.04699999839067459,-0.07599999755620956,1.0420000553131104,1773949251.586
-0.003000000026077032,-0.02500000037252903,0.8960000276565552,1773949251.603
-0.11400000005960464,-0.008999999612569809,1.218000054359436,1773949251.623
-0.07100000232458115,-0.010999999940395355,1.0260000228881836,1773949252.063
0.06599999964237213,0.01899999938905239,1.3109999895095825,1773949252.083
-0.003000000026077032,-0.03700000047683716,0.9359999895095825,1773949252.103
-0.10599999874830246,0.054999999701976776,1.0379999876022339,1773949252.123
-0.07699999958276749,0.017999999225139618,1.1119999885559082,1773949252.143
0.03999999910593033,0.019999999552965164,0.8059999942779541,1773949252.563
0.11599999666213989,-0.026000000536441803,0.9869999885559082,1773949252.583
-0.07199999690055847,-0.023000000044703484,1.0670000314712524,1773949252.604
0.013000000268220901,0.01899999938905239,1.003999948501587,1773949252.623
-0.039000000804662704,-0.007000000216066837,0.8849999904632568,1773949252.643
0.03999999910593033,0.019999999552965164,0.8059999942779541,1773949252.563
0.11599999666213989,-0.026000000536441803,0.9869999885559082,1773949252.583
-0.07199999690055847,-0.023000000044703484,1.0670000314712524,1773949252.604
0.013000000268220901,0.01899999938905239,1.003999948501587,1773949252.623
-0.039000000804662704,-0.007000000216066837,0.8849999904632568,1773949252.643
0.029999999329447746,0.032999999821186066,1.3279999494552612,1773949253.083
0.04100000113248825,0.004000000189989805,0.8299999833106995,1773949253.103
-0.08399999886751175,-0.026000000536441803,1.0740000009536743,1773949253.123
0.0010000000474974513,0.0,1.0789999961853027,1773949253.143
-0.0989999994635582,0.0010000000474974513,0.8130000233650208,1773949253.163
0.029999999329447746,0.032999999821186066,1.3279999494552612,1773949253.083
0.04100000113248825,0.004000000189989805,0.8299999833106995,1773949253.103
-0.08399999886751175,-0.026000000536441803,1.0740000009536743,1773949253.123
0.0010000000474974513,0.0,1.0789999961853027,1773949253.143
-0.0989999994635582,0.0010000000474974513,0.8130000233650208,1773949253.163
0.03099999949336052,-0.09300000220537186,1.034000039100647,1773949253.584
-0.024000000208616257,0.05999999865889549,0.9829999804496765,1773949253.603
-0.11900000274181366,-0.035999998450279236,1.0989999771118164,1773949253.624
-0.028999999165534973,0.03200000151991844,1.0160000324249268,1773949253.644
0.04600000008940697,-0.0689999982714653,1.1440000534057617,1773949253.663
0.03099999949336052,-0.09300000220537186,1.034000039100647,1773949253.584
-0.024000000208616257,0.05999999865889549,0.9829999804496765,1773949253.603
-0.11900000274181366,-0.035999998450279236,1.0989999771118164,1773949253.624
-0.028999999165534973,0.03200000151991844,1.0160000324249268,1773949253.644
0.04600000008940697,-0.0689999982714653,1.1440000534057617,1773949253.663
0.03099999949336052,-0.09300000220537186,1.034000039100647,1773949253.584
-0.024000000208616257,0.05999999865889549,0.9829999804496765,1773949253.603
-0.11900000274181366,-0.035999998450279236,1.0989999771118164,1773949253.624
-0.028999999165534973,0.03200000151991844,1.0160000324249268,1773949253.644
0.04600000008940697,-0.0689999982714653,1.1440000534057617,1773949253.663
0.03700000047683716,-0.007000000216066837,0.7099999785423279,1773949254.103
-0.02800000086426735,-0.10999999940395355,1.4450000524520874,1773949254.123
0.04100000113248825,0.04800000041723251,0.6549999713897705,1773949254.143
-0.10199999809265137,-0.05000000074505806,0.9480000138282776,1773949254.163
-0.023000000044703484,0.009999999776482582,1.24399995803833,1773949254.186
0.05299999937415123,0.07000000029802322,1.1039999723434448,1773949254.604
-0.020999999716877937,0.012000000104308128,0.9330000281333923,1773949254.623
-0.024000000208616257,0.014000000432133675,0.9769999980926514,1773949254.643
-0.06800000369548798,0.007000000216066837,1.0199999809265137,1773949254.663
-0.009999999776482582,0.012000000104308128,0.8999999761581421,1773949254.683
0.05299999937415123,0.07000000029802322,1.1039999723434448,1773949254.604
-0.020999999716877937,0.012000000104308128,0.9330000281333923,1773949254.623
-0.024000000208616257,0.014000000432133675,0.9769999980926514,1773949254.643
-0.06800000369548798,0.007000000216066837,1.0199999809265137,1773949254.663
-0.009999999776482582,0.012000000104308128,0.8999999761581421,1773949254.683
0.05299999937415123,0.07000000029802322,1.1039999723434448,1773949254.604
-0.020999999716877937,0.012000000104308128,0.9330000281333923,1773949254.623
-0.024000000208616257,0.014000000432133675,0.9769999980926514,1773949254.643
-0.06800000369548798,0.007000000216066837,1.0199999809265137,1773949254.663
-0.009999999776482582,0.012000000104308128,0.8999999761581421,1773949254.683
-0.10199999809265137,0.07699999958276749,1.0490000247955322,1773949255.124
0.13699999451637268,0.03400000184774399,1.2029999494552612,1773949255.143
0.026000000536441803,-0.00800000037997961,1.0670000314712524,1773949255.163
0.008999999612569809,0.06300000101327896,0.7770000100135803,1773949255.183
-0.14900000393390656,0.009999999776482582,1.218000054359436,1773949255.203
0.008999999612569809,-0.050999999046325684,1.0240000486373901,1773949255.624
0.05999999865889549,-0.03999999910593033,1.2660000324249268,1773949255.644
0.041999999433755875,-0.03799999877810478,0.8429999947547913,1773949255.663
-0.13699999451637268,0.003000000026077032,0.9810000061988831,1773949255.683
-0.08799999952316284,-0.007000000216066837,0.9480000138282776,1773949255.703
0.008999999612569809,-0.050999999046325684,1.0240000486373901,1773949255.624
0.05999999865889549,-0.03999999910593033,1.2660000324249268,1773949255.644
0.041999999433755875,-0.03799999877810478,0.8429999947547913,1773949255.663
-0.13699999451637268,0.003000000026077032,0.9810000061988831,1773949255.683
-0.08799999952316284,-0.007000000216066837,0.9480000138282776,1773949255.703
0.010999999940395355,-0.15399999916553497,0.9879999756813049,1773949256.143
-0.04500000178813934,-0.0949999988079071,1.0470000505447388,1773949256.163
0.006000000052154064,-0.10899999737739563,1.0190000534057617,1773949256.183
-0.009999999776482582,-0.14499999582767487,0.996999979019165,1773949256.203
-0.0820000022649765,-0.09799999743700027,1.0140000581741333,1773949256.224
0.010999999940395355,-0.15399999916553497,0.9879999756813049,1773949256.143
-0.04500000178813934,-0.0949999988079071,1.0470000505447388,1773949256.163
0.006000000052154064,-0.10899999737739563,1.0190000534057617,1773949256.183
-0.009999999776482582,-0.14499999582767487,0.996999979019165,1773949256.203
-0.0820000022649765,-0.09799999743700027,1.0140000581741333,1773949256.224
-0.019999999552965164,-0.003000000026077032,1.0190000534057617,1773949256.643
-0.028999999165534973,-0.00800000037997961,1.0219999551773071,1773949256.666
-0.02800000086426735,-0.004000000189989805,1.0230000019073486,1773949256.684
-0.023000000044703484,-0.0010000000474974513,1.0149999856948853,1773949256.706
-0.023000000044703484,-0.0010000000474974513,1.0180000066757202,1773949256.724
-0.019999999552965164,-0.003000000026077032,1.0190000534057617,1773949256.643
-0.028999999165534973,-0.00800000037997961,1.0219999551773071,1773949256.666
-0.02800000086426735,-0.004000000189989805,1.0230000019073486,1773949256.684
-0.023000000044703484,-0.0010000000474974513,1.0149999856948853,1773949256.706
-0.023000000044703484,-0.0010000000474974513,1.0180000066757202,1773949256.724
-0.019999999552965164,-0.003000000026077032,1.0190000534057617,1773949256.643
-0.028999999165534973,-0.00800000037997961,1.0219999551773071,1773949256.666
-0.02800000086426735,-0.004000000189989805,1.0230000019073486,1773949256.684
-0.023000000044703484,-0.0010000000474974513,1.0149999856948853,1773949256.706
-0.023000000044703484,-0.0010000000474974513,1.0180000066757202,1773949256.724
-0.02800000086426735,-0.004000000189989805,1.0149999856948853,1773949257.163
-0.020999999716877937,-0.003000000026077032,1.0190000534057617,1773949257.184
-0.02800000086426735,-0.0010000000474974513,1.0169999599456787,1773949257.205
-0.024000000208616257,-0.004000000189989805,1.0219999551773071,1773949257.224
-0.028999999165534973,-0.006000000052154064,1.0180000066757202,1773949257.244
-0.02800000086426735,-0.004000000189989805,1.0149999856948853,1773949257.163
-0.020999999716877937,-0.003000000026077032,1.0190000534057617,1773949257.184
-0.02800000086426735,-0.0010000000474974513,1.0169999599456787,1773949257.205
-0.024000000208616257,-0.004000000189989805,1.0219999551773071,1773949257.224
-0.028999999165534973,-0.006000000052154064,1.0180000066757202,1773949257.244
-0.023000000044703484,-0.007000000216066837,1.0180000066757202,1773949257.663
-0.02199999988079071,-0.003000000026077032,1.0180000066757202,1773949257.683
-0.02199999988079071,-0.006000000052154064,1.0180000066757202,1773949257.703
-0.024000000208616257,-0.004999999888241291,1.0149999856948853,1773949257.725
-0.023000000044703484,-0.006000000052154064,1.0190000534057617,1773949257.748
-0.023000000044703484,-0.007000000216066837,1.0180000066757202,1773949257.663
-0.02199999988079071,-0.003000000026077032,1.0180000066757202,1773949257.683
-0.02199999988079071,-0.006000000052154064,1.0180000066757202,1773949257.703
-0.024000000208616257,-0.004999999888241291,1.0149999856948853,1773949257.725
-0.023000000044703484,-0.006000000052154064,1.0190000534057617,1773949257.748
-0.02500000037252903,-0.004999999888241291,1.0160000324249268,1773949258.183
-0.026000000536441803,-0.004000000189989805,1.0130000114440918,1773949258.204
-0.02500000037252903,-0.004000000189989805,1.0119999647140503,1773949258.224
-0.027000000700354576,-0.004999999888241291,1.0119999647140503,1773949258.243
-0.026000000536441803,-0.003000000026077032,1.0190000534057617,1773949258.264
-0.02500000037252903,-0.004999999888241291,1.0160000324249268,1773949258.183
-0.026000000536441803,-0.004000000189989805,1.0130000114440918,1773949258.204
-0.02500000037252903,-0.004000000189989805,1.0119999647140503,1773949258.224
-0.027000000700354576,-0.004999999888241291,1.0119999647140503,1773949258.243
-0.026000000536441803,-0.003000000026077032,1.0190000534057617,1773949258.264
-0.02500000037252903,-0.006000000052154064,1.0210000276565552,1773949258.684
-0.024000000208616257,-0.0010000000474974513,1.0089999437332153,1773949258.704
-0.02199999988079071,-0.00800000037997961,1.0160000324249268,1773949258.723
-0.02800000086426735,-0.004000000189989805,1.0169999599456787,1773949258.743
-0.02500000037252903,-0.004000000189989805,1.0119999647140503,1773949258.764
