timestamp,linear,angular
1773948823.964389,0.0,0.0
1773948825.0032532,0.0,0.0
1773948826.05152,0.0,0.0
1773948827.0923357,0.0,0.0
1773948828.0999131,0.0,0.0
1773948829.1479537,0.0,0.0
1773948830.1515663,0.0,0.0
1773948831.1534245,0.0,0.0
1773948832.0702984,0.25,0.0
1773948832.1683989,0.375,0.0
1773948832.340933,0.4375,0.0
1773948832.3991623,0.46875,0.0
1773948832.5248837,0.484375,0.0
1773948832.7463837,0.4921875,0.0
1773948832.8050795,0.49609375,0.0
1773948832.9312518,0.498046875,0.0
1773948833.021505,0.4990234375,0.0
1773948833.1554701,0.49951171875,0.0
1773948833.2766016,0.249755859375,0.0
1773948833.4497519,0.1248779296875,0.0
1773948833.5694077,0.06243896484375,0.0
1773948833.7099822,0.031219482421875,0.0
1773948833.901284,0.0156097412109375,0.0
1773948834.0087237,0.2539024353027344,0.0
1773948834.0851161,0.3769512176513672,0.0
1773948834.2823825,0.4384756088256836,0.0
1773948834.3602498,0.4692378044128418,0.0
1773948834.5378373,0.4846189022064209,0.0
1773948834.650797,0.49230945110321045,0.0
1773948834.799967,0.4961547255516052,0.0
1773948834.857961,0.4980773627758026,0.0
1773948834.9688106,0.4990386962890625,0.0
1773948835.0658414,0.49951934814453125,0.0
1773948835.1795182,0.4997596740722656,0.0
1773948835.3297937,0.4998798370361328,0.0
1773948835.4290063,0.4999399185180664,0.0
1773948835.5640883,0.4999699592590332,0.0
1773948835.7125607,0.4999849796295166,0.0
1773948835.8577857,0.4999924898147583,0.0
1773948836.0429316,0.49999624490737915,0.0
1773948836.1432354,0.4999981224536896,0.0
1773948836.2642074,0.4999990463256836,0.0
1773948836.3920884,0.4999995231628418,0.0
1773948836.5324004,0.4999997615814209,0.0
1773948836.6548655,0.49999988079071045,0.0
1773948836.7880018,0.4999999403953552,0.0
1773948836.9331257,0.2499999701976776,0.0
1773948837.0313642,0.1249999850988388,0.0
1773948837.1867573,0.0624999925494194,0.0
1773948837.4246898,0.0312499962747097,-0.25
1773948837.604045,0.01562499813735485,-0.375
1773948837.6718707,0.007812499068677425,-0.4375
1773948837.8076854,0.1806829422712326,-0.3955267071723938
1773948837.8652546,0.2671181559562683,-0.3745400309562683
1773948837.9563787,0.31033578515052795,-0.36404672265052795
1773948838.014181,0.3319445848464966,-0.3588000535964966
1773948838.1158834,0.3427489995956421,-0.3561767339706421
1773948838.3282015,0.17137449979782104,-0.42808836698532104
1773948838.3867836,0.08568724989891052,-0.4640441834926605
1773948838.572174,0.04284362494945526,-0.48202207684516907
1773948838.7422585,0.02142181247472763,-0.4910110533237457
1773948838.8389542,0.010710906237363815,-0.49550551176071167
1773948838.9863448,0.005355453118681908,-0.24775275588035583
1773948839.1744196,0.2526777386665344,-0.12387637794017792
1773948839.3924751,0.3763388693332672,-0.06193818897008896
1773948839.5854592,0.4381694197654724,-0.03096909448504448
1773948839.782184,0.4690847098827362,-0.01548454724252224
1773948839.9071274,0.4845423698425293,-0.00774227362126112
1773948840.017579,0.49227118492126465,-0.00387113681063056
1773948840.1624057,0.4961355924606323,-0.00193556840531528
1773948840.2205286,0.49806779623031616,-0.00096778420265764
1773948840.3243108,0.24903389811515808,-0.00048389210132882
1773948840.3853085,0.12451694905757904,-0.00024194605066441
1773948840.54012,0.06225847452878952,-0.000120973025332205
1773948840.7085779,0.03112923726439476,-6.04865126661025e-05
1773948840.874701,0.01556461863219738,0.2499697506427765
1773948840.9715269,0.00778230931609869,0.37498489022254944
1773948841.0728807,0.003891154658049345,0.4374924302101135
1773948841.220648,0.0019455773290246725,0.46874621510505676
1773948841.280254,0.0009727886645123363,0.4843731224536896
1773948841.465557,0.0004863943322561681,0.4921865463256836
1773948841.6511362,0.00024319716612808406,0.4960932731628418
1773948841.7085657,0.00012159858306404203,0.4980466365814209
1773948841.8330998,6.0799291532021016e-05,0.49902331829071045
1773948841.9335437,3.0399645766010508e-05,0.4995116591453552
1773948842.0887601,1.5199822883005254e-05,0.4997558295726776
1773948842.2338834,7.599911441502627e-06,0.4998779296875
1773948842.36405,3.7999557207513135e-06,0.49993896484375
1773948842.4723754,1.8999778603756567e-06,0.499969482421875
1773948842.5988455,9.499889301878284e-07,0.4999847412109375
1773948842.7002194,4.749944650939142e-07,0.49999237060546875
1773948842.8330061,2.374972325469571e-07,0.4999961853027344
1773948842.9416502,1.1874861627347855e-07,0.4999980926513672
1773948843.0076463,5.9374308136739273e-08,0.2499990463256836
1773948843.065784,2.9687154068369637e-08,0.1249995231628418
1773948843.1527169,1.4843577034184818e-08,0.0624997615814209
1773948843.3305256,7.421788517092409e-09,0.03124988079071045
1773948843.5124836,3.7108942585462046e-09,0.015624940395355225
1773948843.8266716,5.7982722789784447e-11,-0.249755859375
1773948843.931871,2.8991361394892223e-11,-0.3748779296875
1773948844.0444732,1.4495680697446112e-11,-0.43743896484375
1773948844.1488938,7.247840348723056e-12,-0.468719482421875
1773948844.2196517,3.623920174361528e-12,-0.4843597412109375
1773948844.2956705,1.811960087180764e-12,-0.49217987060546875
1773948844.4701424,9.05980043590382e-13,-0.4960899353027344
1773948844.5713897,4.52990021795191e-13,-0.4980449676513672
1773948844.688271,2.264950108975955e-13,-0.4990224838256836
1773948844.8799024,1.1324750544879775e-13,-0.4995112419128418
1773948844.9391515,5.6623752724398874e-14,-0.4997556209564209
1773948845.0202456,2.8311876362199437e-14,-0.49987781047821045
1773948845.13841,1.4155938181099718e-14,-0.4999389052391052
1773948845.2481756,7.077969090549859e-15,-0.4999694526195526
1773948845.3558648,3.5389845452749296e-15,-0.4999847412109375
1773948845.4632924,1.7694922726374648e-15,-0.49999237060546875
1773948845.639535,8.847461363187324e-16,-0.4999961853027344
1773948845.7299912,4.423730681593662e-16,-0.4999980926513672
1773948845.8517454,2.211865340796831e-16,-0.4999990463256836
1773948845.918402,1.1059326703984155e-16,-0.4999995231628418
1773948846.008423,5.5296633519920775e-17,-0.4999997615814209
1773948846.0668507,2.7648316759960388e-17,-0.49999988079071045
1773948846.1725242,1.3824158379980194e-17,-0.24999994039535522
1773948846.2368572,6.912079189990097e-18,-0.12499997019767761
1773948846.3486502,3.4560395949950484e-18,-0.062499985098838806
1773948846.4703093,1.7280197974975242e-18,-0.031249992549419403
1773948846.6006033,0.25,-0.015624996274709702
1773948846.7473736,0.375,-0.007812498137354851
1773948846.9105566,0.4375,-0.0039062490686774254
1773948847.0087988,0.46875,-0.0019531245343387127
1773948847.1880696,0.484375,-0.0009765622671693563
1773948847.2472994,0.4921875,-0.0004882811335846782
1773948847.4256968,0.49609375,-0.0002441405667923391
1773948847.5543358,0.498046875,-0.00012207028339616954
1773948847.745078,0.4990234375,-6.103514169808477e-05
1773948847.8800156,0.49951171875,-3.0517570849042386e-05
1773948847.991599,0.499755859375,-1.5258785424521193e-05
1773948848.074237,0.4998779296875,-7.6293927122605965e-06
1773948848.2064657,0.49993896484375,-3.8146963561302982e-06
1773948848.3452907,0.499969482421875,-1.9073481780651491e-06
1773948848.4857862,0.4999847412109375,-9.536740890325746e-07
1773948848.595386,0.49999237060546875,-4.768370445162873e-07
1773948848.744625,0.4267728924751282,-0.1767769306898117
1773948848.834063,0.3901631236076355,-0.26516515016555786
1773948848.9695458,0.37185826897621155,-0.30935928225517273
1773948849.0637248,0.4359291195869446,-0.15467964112758636
1773948849.180213,0.4679645597934723,-0.07733982056379318
1773948849.271787,0.48398229479789734,-0.03866991028189659
1773948849.393618,0.4919911324977875,-0.019334955140948296
1773948849.4639246,0.49599558115005493,-0.009667477570474148
1773948849.6042633,0.49799779057502747,-0.004833738785237074
1773948849.6619167,0.49899888038635254,-0.002416869392618537
1773948849.7962804,0.49949944019317627,-0.0012084346963092685
1773948849.8641949,0.49974972009658813,-0.0006042173481546342
1773948849.9658184,0.49987486004829407,-0.0003021086740773171
1773948850.1719894,0.4999374449253082,-0.00015105433703865856
1773948850.2550664,0.4267454147338867,0.17670117318630219
1773948850.3885958,0.39014941453933716,0.2651272714138031
1773948850.4498303,0.4450747072696686,0.13256363570690155
1773948850.63926,0.4725373387336731,0.06628181785345078
1773948850.70875,0.48626866936683655,0.03314090892672539
1773948850.8549619,0.49313434958457947,0.016570454463362694
1773948850.9965863,0.49656715989112854,0.008285227231681347
1773948851.1155663,0.49828359484672546,0.0041426136158406734
1773948851.1747196,0.49914178252220154,0.0020713068079203367
1773948851.2957299,0.49957090616226196,0.0010356534039601684
1773948851.477464,0.499785453081131,0.0005178267019800842
1773948851.5974479,0.4998927116394043,0.0002589133509900421
1773948851.7688706,0.49994635581970215,0.00012945667549502105
1773948851.832748,0.4999731779098511,6.472833774751052e-05
1773948851.9559548,0.49998658895492554,3.236416887375526e-05
1773948852.118142,0.49999329447746277,1.618208443687763e-05
1773948852.1859992,0.4999966621398926,8.091042218438815e-06
1773948852.3064723,0.4999983310699463,4.045521109219408e-06
1773948852.4101768,0.49999916553497314,2.022760554609704e-06
1773948852.5749164,0.4999995827674866,1.011380277304852e-06
1773948852.639074,0.4999997913837433,5.05690138652426e-07
1773948852.8255868,0.49999988079071045,2.52845069326213e-07
1773948852.9661841,0.4999999403953552,1.264225346631065e-07
1773948853.1700206,0.4999999701976776,6.321126733155324e-08
1773948853.2293909,0.5,3.160563366577662e-08
1773948853.3467658,0.5,1.580281683288831e-08
1773948853.5744536,0.5,7.901408416444156e-09
1773948853.7288253,0.5,3.950704208222078e-09
1773948853.9011202,0.4267767071723938,-0.1767766922712326
1773948854.0097408,0.3901650309562683,-0.2651650309562683
1773948854.1368587,0.44508251547813416,-0.13258251547813416
1773948854.2572777,0.47254127264022827,-0.06629125773906708
1773948854.3824866,0.48627063632011414,-0.03314562886953354
1773948854.466705,0.4931353032588959,-0.01657281443476677
1773948854.5832942,0.49656766653060913,-0.008286407217383385
1773948854.656667,0.49828383326530457,-0.004143203608691692
1773948854.7894826,0.4991419017314911,-0.002071601804345846
1773948854.975404,0.49957096576690674,-0.001035800902172923
1773948855.0336761,0.49978548288345337,-0.0005179004510864615
1773948855.1763244,0.4998927414417267,-0.00025895022554323077
1773948855.2829237,0.42672306299209595,0.17664721608161926
1773948855.4137278,0.3901382386684418,0.26510030031204224
1773948855.4710164,0.4450691044330597,0.13255015015602112
1773948855.611072,0.47253456711769104,0.06627507507801056
1773948855.7961655,0.4862672686576843,0.03313753753900528
1773948855.8650537,0.49313363432884216,0.01656876876950264
1773948855.9546697,0.4965668320655823,0.00828438438475132
1773948856.1050699,0.49828341603279114,0.00414219219237566
1773948856.219993,0.4991416931152344,0.00207109609618783
1773948856.3108892,0.4995708465576172,0.001035548048093915
1773948856.4137967,0.4997854232788086,0.0005177740240469575
1773948856.5561817,0.4998927116394043,0.00025888701202347875
1773948856.6156487,0.49994635581970215,0.00012944350601173937
1773948856.7852435,0.4999731779098511,6.472175300586969e-05
1773948856.8923163,0.49998658895492554,3.236087650293484e-05
1773948856.994443,0.49999329447746277,1.618043825146742e-05
1773948857.232595,0.4999966621398926,8.09021912573371e-06
1773948857.472769,0.4999983310699463,4.045109562866855e-06
1773948857.7123208,0.42677584290504456,0.17677871882915497
1773948857.7742789,0.46338793635368347,0.08838935941457748
1773948857.9689176,0.48169395327568054,0.04419467970728874
1773948858.0627482,0.49084699153900146,0.02209733985364437
1773948858.2017503,0.42220017313957214,0.18782536685466766
1773948858.272936,0.3878767788410187,0.27068936824798584
1773948858.4563963,0.37071508169174194,0.3121213912963867
1773948858.6495519,0.36213424801826477,0.33283737301826477
1773948858.707484,0.4310671091079712,0.16641868650913239
1773948858.8679132,0.4655335545539856,0.08320934325456619
1773948858.9584322,0.4827667772769928,0.041604671627283096
1773948859.086219,0.4913834035396576,0.020802335813641548
1773948859.1573846,0.4956916868686676,0.010401167906820774
1773948859.301823,0.4246225357055664,0.1819772720336914
1773948859.3634658,0.389087975025177,0.2677653431892395
1773948859.5056312,0.4445439875125885,0.13388267159461975
1773948859.5654638,0.47227197885513306,0.06694133579730988
1773948859.7456748,0.48613598942756653,0.03347066789865494
1773948859.8204024,0.49306800961494446,0.01673533394932747
1773948860.0045805,0.49653398990631104,0.008367666974663734
1773948860.1248112,0.4982669949531555,0.004183833487331867
1773948860.267819,0.49913349747657776,0.0020919167436659336
1773948860.3861992,0.4995667636394501,0.0010459583718329668
1773948860.5279057,0.49978336691856384,0.0005229791859164834
1773948860.7649236,0.4266683757305145,-0.17651520669460297
1773948860.9644883,0.46333420276641846,-0.08825760334730148
1773948861.0599244,0.48166710138320923,-0.04412880167365074
1773948861.1953232,0.4908335506916046,-0.02206440083682537
1773948861.2573838,0.4954167604446411,-0.011032200418412685
1773948861.4005816,0.49770838022232056,-0.005516100209206343
1773948861.4941611,0.4256308972835541,-0.17953474819660187
1773948861.649354,0.38959214091300964,-0.26654407382011414
1773948861.8463175,0.3715727627277374,-0.3100487291812897
1773948861.9582744,0.4357863962650299,-0.15502436459064484
1773948862.0804515,0.46789318323135376,-0.07751218229532242
1773948862.3192341,0.4839465916156769,-0.03875609114766121
1773948862.42067,0.49197331070899963,-0.019378045573830605
1773948862.5663376,0.4959866404533386,-0.009689022786915302
1773948862.7893631,0.4979933202266693,-0.004844511393457651
1773948862.9892025,0.49899667501449585,-0.0024222556967288256
1773948863.0521283,0.4994983375072479,-0.0012111278483644128
1773948863.188364,0.49974915385246277,-0.0006055639241822064
1773948863.466631,0.426651269197464,0.17647391557693481
1773948863.5704968,0.4633256494998932,0.08823695778846741
1773948863.7675512,0.4816628098487854,0.044118478894233704
1773948863.8789163,0.4908314049243927,0.022059239447116852
1773948863.9916542,0.49541571736335754,0.011029619723558426
1773948864.0528502,0.4977078437805176,0.005514809861779213
1773948864.1834745,0.4988539218902588,0.0027574049308896065
1773948864.3672736,0.4994269609451294,0.0013787024654448032
1773948864.4461255,0.4997134804725647,0.0006893512327224016
1773948864.6084447,0.49985674023628235,0.0003446756163612008
1773948864.856063,0.49992838501930237,0.0001723378081806004
1773948865.0531394,0.49996417760849,8.61689040903002e-05
1773948865.2307456,0.499982088804245,4.30844520451501e-05
1773948865.3602407,0.4999910593032837,2.154222602257505e-05
1773948865.4660652,0.49999552965164185,1.0771113011287525e-05
1773948865.7097201,0.4999977648258209,5.385556505643763e-06
1773948865.9455583,0.49999886751174927,2.6927782528218813e-06
1773948866.0929081,0.49999943375587463,1.3463891264109407e-06
1773948866.1604376,0.4999997317790985,6.731945632054703e-07
1773948866.2194543,0.49999985098838806,3.3659728160273517e-07
1773948866.361013,0.4999999403953552,1.6829864080136758e-07
1773948866.47083,0.4999999701976776,8.414932040068379e-08
1773948866.6508913,0.4999999701976776,4.2074660200341896e-08
1773948866.7461655,0.5,2.1037330100170948e-08
1773948866.905182,0.5,1.0518665050085474e-08
1773948866.9671135,0.5,5.259332525042737e-09
1773948867.0927608,0.5,2.6296662625213685e-09
1773948867.308781,0.5,1.3148331312606842e-09
1773948867.529703,0.5,6.574165656303421e-10
1773948867.7680514,0.5,3.2870828281517106e-10
1773948868.001634,0.5,1.6435414140758553e-10
1773948868.1431017,0.5,8.217707070379277e-11
1773948868.2806885,0.5,4.108853535189638e-11
1773948868.3867023,0.5,2.054426767594819e-11
1773948868.5364454,0.5,1.0272133837974096e-11
1773948868.63975,0.5,5.136066918987048e-12
1773948868.791045,0.5,2.568033459493524e-12
1773948868.9920108,0.5,1.284016729746762e-12
1773948869.0804012,0.5,6.42008364873381e-13
1773948869.2050579,0.5,3.210041824366905e-13
1773948869.2987869,0.5,1.6050209121834524e-13
1773948869.4319363,0.5,8.025104560917262e-14
1773948869.5367758,0.5,4.012552280458631e-14
1773948869.6880114,0.5,2.0062761402293156e-14
1773948869.7735114,0.5,1.0031380701146578e-14
1773948869.9233315,0.5,5.015690350573289e-15
1773948870.0373366,0.4267767071723938,-0.1767766922712326
1773948870.195258,0.3901650309562683,-0.2651650309562683
1773948870.2896461,0.37185922265052795,-0.30935922265052795
1773948870.4295406,0.3627063035964966,-0.3314563035964966
1773948870.5381892,0.3581298589706421,-0.3425048589706421
1773948870.715218,0.35584160685539246,-0.34802910685539246
1773948870.7738903,0.35469749569892883,-0.35079124569892883
1773948870.9135678,0.4273487627506256,-0.17539562284946442
1773948871.065017,0.4636743664741516,-0.08769781142473221
1773948871.1271234,0.4818371832370758,-0.043848905712366104
1773948871.2778637,0.4909186065196991,-0.021924452856183052
1773948871.3366468,0.49545928835868835,-0.010962226428091526
1773948871.4989715,0.49772965908050537,-0.005481113214045763
1773948871.615048,0.4988648295402527,-0.0027405566070228815
1773948871.7663193,0.24943241477012634,-0.0013702783035114408
1773948871.9850032,0.12471620738506317,0.24931485950946808
1773948872.0832973,0.062358103692531586,0.37465742230415344
1773948872.2414684,0.031179051846265793,0.4373287260532379
1773948872.4564214,0.015589525923132896,0.46866434812545776
1773948872.544354,0.007794762961566448,0.4843321740627289
1773948872.675024,0.003897381480783224,0.49216610193252563
1773948872.8864832,0.001948690740391612,0.4960830509662628
1773948872.9879081,0.000974345370195806,0.4980415105819702
1773948873.1254892,0.000487172685097903,0.4990207552909851
1773948873.2771041,0.0002435863425489515,0.49951037764549255
1773948873.336005,0.00012179317127447575,0.49975520372390747
1773948873.4484406,6.089658563723788e-05,0.49987760186195374
1773948873.5391097,3.044829281861894e-05,0.4999387860298157
1773948873.6586096,0.2500152289867401,0.24996939301490784
1773948873.8567216,0.37500759959220886,0.12498469650745392
1773948873.9145515,0.4375038146972656,0.06249234825372696
1773948874.079245,0.4687519073486328,0.03124617412686348
1773948874.1789258,0.4843759536743164,0.01562308706343174
1773948874.3056433,0.4921879768371582,0.00781154353171587
1773948874.3635266,0.4960939884185791,0.003905771765857935
1773948874.49948,0.49804699420928955,0.0019528858829289675
1773948874.7203245,0.4990234971046448,0.0009764429414644837
1773948874.9071238,0.4995117485523224,0.00048822147073224187
1773948874.996961,0.499755859375,0.00024411073536612093
1773948875.1581235,0.4998779296875,0.00012205536768306047
1773948875.2270756,0.49993896484375,6.1027683841530234e-05
1773948875.3765252,0.499969482421875,3.0513841920765117e-05
1773948875.5027294,0.4999847412109375,1.5256920960382558e-05
1773948875.6086504,0.49999237060546875,7.628460480191279e-06
1773948875.72096,0.4999961853027344,3.8142302400956396e-06
1773948875.8371098,0.4999980926513672,1.9071151200478198e-06
1773948877.8911204,0.2499990463256836,9.535575600239099e-07
1773948877.9556866,0.1249995231628418,4.7677878001195495e-07
1773948878.027635,0.0624997615814209,2.3838939000597748e-07
1773948878.0927844,0.03124988079071045,1.1919469500298874e-07
1773948878.152425,0.015624940395355225,5.959734750149437e-08
1773948879.1910558,2.980220870085759e-08,1.1367291927622675e-13
1773948880.2272425,1.1368640404074704e-13,4.3362777433863353e-19
1773948881.2474573,1.0841980365824417e-19,4.1353967126715996e-25
1773948882.2868824,4.135887285547034e-25,1.5775286532102965e-30
1773948883.3306925,1.5777157919109474e-30,6.017794239846407e-36
1773948884.375783,3.0092540586680363e-36,1.1478035721284577e-41
1773948885.3830762,5.739718509874451e-42,0.0
1773948886.3914292,0.0,0.0
1773948887.429937,0.0,0.0
1773948888.4475455,0.0,0.0
1773948889.4526582,0.0,0.0
1773948890.4983394,0.0,0.0
1773948891.539936,0.0,0.0
1773948891.9658058,0.25,0.0
1773948892.110971,0.375,0.0
1773948892.237836,0.4375,0.0
1773948892.357136,0.46875,0.0
1773948892.5912008,0.484375,0.0
1773948892.83179,0.4921875,0.0
1773948893.0711534,0.24609375,0.0
1773948893.2794638,0.123046875,0.0
1773948893.4574623,0.0615234375,0.0
1773948893.533291,0.03076171875,0.0
1773948893.735325,0.015380859375,0.0
1773948894.5359287,4.6938657760620117e-07,0.25
1773948894.6601632,2.3469328880310059e-07,0.375
1773948894.8801866,1.1734664440155029e-07,0.4375
1773948895.0009665,5.8673322200775146e-08,0.46875
1773948895.158623,2.9336661100387573e-08,0.484375
1773948895.2173285,1.4668330550193787e-08,0.4921875
1773948895.4191754,7.334165275096893e-09,0.49609375
1773948895.49729,3.6670826375484467e-09,0.498046875
1773948895.6309636,1.8335413187742233e-09,0.4990234375
1773948895.8195443,9.167706593871117e-10,0.49951171875
1773948895.9019825,4.5838532969355583e-10,0.499755859375
1773948896.0613747,2.2919266484677792e-10,0.4998779296875
1773948896.1465013,1.1459633242338896e-10,0.49993896484375
1773948896.310725,0.1767766922712326,0.4267461895942688
1773948896.4026344,0.2651650309562683,0.3901497721672058
1773948896.5744483,0.30935922265052795,0.3718515932559967
1773948896.7583125,0.15467961132526398,0.18592579662799835
1773948896.8706915,0.3273397982120514,0.09296289831399918
1773948896.995722,0.4136699140071869,0.04648144915699959
1773948897.0804863,0.45683494210243225,0.023240724578499794
1773948897.2187893,0.4784174859523773,0.011620362289249897
1773948897.3351295,0.48920872807502747,0.0058101811446249485
1773948897.4786565,0.4946043789386749,0.0029050905723124743
1773948897.5675511,0.49730217456817627,0.0014525452861562371
1773948897.6927485,0.49865108728408813,0.0007262726430781186
1773948897.776202,0.49932554364204407,0.0003631363215390593
1773948897.9722173,0.4996627867221832,0.00018156816076952964
1773948898.0698774,0.4998313784599304,9.078408038476482e-05
1773948898.265558,0.4999156892299652,4.539204019238241e-05
1773948898.505361,0.4999578595161438,2.2696020096191205e-05
1773948898.5656967,0.4999789297580719,1.1348010048095603e-05
1773948898.6822631,0.49998944997787476,5.674005024047801e-06
1773948898.8620725,0.4999947249889374,2.8370025120239006e-06
1773948898.9557202,0.4999973773956299,1.4185012560119503e-06
1773948899.0897753,0.49999868869781494,7.092506280059752e-07
1773948899.3132036,0.49999934434890747,3.546253140029876e-07
1773948899.4368834,0.49999967217445374,1.773126570014938e-07
1773948899.582728,0.4999998211860657,8.86563285007469e-08
1773948899.7122831,0.49999991059303284,4.432816425037345e-08
1773948899.8472378,0.4999999701976776,2.2164082125186724e-08
1773948899.9057965,0.4999999701976776,1.1082041062593362e-08
1773948900.0464609,0.5,5.541020531296681e-09
1773948900.1132505,0.4267766773700714,0.1767766922712326
1773948900.2564917,0.3901650309562683,0.2651650309562683
1773948900.3144102,0.37185922265052795,0.30935922265052795
1773948900.498155,0.3627063035964966,0.3314563035964966
1773948900.7161846,0.3581298589706421,0.3425048589706421
1773948900.7757194,0.35584160685539246,0.34802910685539246
1773948900.9633546,0.35469749569892883,0.35079124569892883
1773948901.0301557,0.4273487627506256,0.17539562284946442
1773948901.2047422,0.4636743664741516,0.08769781142473221
1773948901.301276,0.4818371832370758,0.043848905712366104
1773948901.4026084,0.4176952838897705,0.1987011432647705
1773948901.4967632,0.38562434911727905,0.27612727880477905
1773948901.610861,0.36958885192871094,0.31484031677246094
1773948901.8267488,0.43479442596435547,0.15742015838623047
1773948902.0086696,0.46739721298217773,0.07871007919311523
1773948902.1093588,0.41047531366348267,-0.137421652674675
1773948902.245096,0.38201433420181274,-0.2454875260591507
1773948902.3660553,0.36778387427330017,-0.29952046275138855
1773948902.4774058,0.3606686294078827,-0.3265369236469269
1773948902.6442642,0.35711100697517395,-0.34004515409469604
1773948902.7089858,0.3553321957588196,-0.3467992842197418
1773948902.8398592,0.3544428050518036,-0.3501763343811035
1773948902.916767,0.3539980947971344,-0.35186487436294556
1773948903.039646,0.3537757396697998,-0.3527091145515442
1773948903.1439214,0.3536645770072937,-0.3531312644481659
1773948903.2850893,0.35360896587371826,-0.35334232449531555
1773948903.4147823,0.35358119010925293,-0.3534478545188904
1773948903.489243,0.35356730222702026,-0.353500634431839
1773948903.5867012,0.35356032848358154,-0.3535270094871521
1773948903.6802442,0.35355687141418457,-0.35354021191596985
1773948903.8107953,0.3535551130771637,-0.35354679822921753
1773948904.0199535,0.35355424880981445,-0.35355010628700256
1773948904.1258066,0.353553831577301,-0.3535517454147339
1773948904.25272,0.3535535931587219,-0.35355257987976074
1773948904.3425233,0.42677679657936096,-0.17677628993988037
1773948904.426958,0.4633884131908417,-0.08838814496994019
1773948904.5425272,0.48169419169425964,-0.04419407248497009
1773948904.6156974,0.490847110748291,-0.022097036242485046
1773948904.8026254,0.4954235553741455,-0.011048518121242523
1773948904.9625306,0.49771177768707275,-0.005524259060621262
1773948905.1051216,0.4988558888435364,-0.002762129530310631
1773948905.1826174,0.426204651594162,0.1753956377506256
1773948905.240868,0.3898790180683136,0.2644745111465454
1773948905.3647604,0.3717162013053894,0.3090139627456665
1773948905.5110488,0.4358581006526947,0.15450698137283325
1773948905.6026554,0.46792906522750854,0.07725349068641663
1773948905.75993,0.4839645326137543,0.03862674534320831
1773948905.8782194,0.49198225140571594,0.019313372671604156
1773948906.0369887,0.49599114060401917,0.009656686335802078
1773948906.1398976,0.4979955554008484,0.004828343167901039
1773948906.2610807,0.425774484872818,0.17919087409973145
1773948906.3521817,0.3896639347076416,0.26637211441993713
1773948906.4403198,0.3716086745262146,0.30996274948120117
1773948906.5676925,0.3625810146331787,0.3317580819129944
1773948906.659388,0.43129050731658936,0.1658790409564972
1773948906.8422103,0.4656452536582947,0.0829395204782486
1773948906.9601054,0.48282262682914734,0.0414697602391243
1773948907.1040437,0.49141132831573486,0.02073488011956215
1773948907.1653752,0.49570566415786743,0.010367440059781075
1773948907.2726564,0.4246295094490051,0.18196041882038116
1773948907.33988,0.38909146189689636,0.2677569091320038
1773948907.4159186,0.3713224232196808,0.3106551468372345
1773948907.4760358,0.362437903881073,0.33210426568984985
1773948907.6569197,0.4312189519405365,0.16605213284492493
1773948907.8185387,0.21560947597026825,0.08302606642246246
1773948907.987494,0.10780473798513412,0.04151303321123123
1773948908.148463,0.05390236899256706,0.020756516605615616
1773948908.3361835,0.02695118449628353,0.010378258302807808
1773948908.5113544,0.013475592248141766,0.005189129151403904
1773948909.4806287,-0.2499999701976776,9.897478392417725e-09
1773948909.598141,-0.375,4.948739196208862e-09
1773948909.696502,-0.4375,2.474369598104431e-09
1773948909.8140101,-0.46875,1.2371847990522156e-09
1773948909.9947577,-0.484375,6.185923995261078e-10
1773948910.1539803,-0.4921875,3.092961997630539e-10
1773948910.2500725,-0.49609375,1.5464809988152695e-10
1773948910.3611586,-0.498046875,7.732404994076347e-11
1773948910.5674548,-0.4990234375,3.8662024970381736e-11
1773948910.694145,-0.49951171875,1.9331012485190868e-11
1773948910.773757,-0.499755859375,9.665506242595434e-12
1773948911.0300415,-0.2498779296875,4.832753121297717e-12
1773948911.140168,-0.12493896484375,2.4163765606488585e-12
1773948911.3031435,-0.062469482421875,1.2081882803244293e-12
1773948911.4088223,-0.0312347412109375,6.040941401622146e-13
1773948913.4650989,-0.01561737060546875,3.020470700811073e-13
1773948914.4808192,-1.4893885236233473e-08,2.880545330821107e-19
1773948915.4829333,-5.6815663285192386e-14,1.0988408396992138e-24
1773948916.5066218,-5.4183638844673525e-20,1.0479362866394175e-30
1773948917.5361273,-5.167354473559716e-26,9.993899217981505e-37
1773948918.577584,-4.92797324520084e-32,9.528829557408756e-43
1773948919.5894141,-9.3993630317704e-38,0.0
1773948920.5946608,-3.587324068671532e-43,0.0
1773948921.612909,-0.0,0.0
1773948922.6380448,-0.0,0.0
1773948922.7361844,-0.0,0.25
1773948922.837354,-0.0,0.375
1773948922.9837608,-0.0,0.4375
1773948923.071795,-0.0,0.46875
1773948923.1678703,-0.0,0.484375
1773948923.2686205,-0.0,0.4921875
1773948923.3968081,-0.0,0.49609375
1773948923.456398,-0.0,0.498046875
1773948923.5403523,-0.0,0.4990234375
1773948923.66355,-0.0,0.49951171875
1773948923.779687,-0.0,0.499755859375
1773948923.8676212,-0.0,0.4998779296875
1773948923.9383128,-0.0,0.49993896484375
1773948924.0675616,-0.0,0.499969482421875
1773948924.1747785,-0.0,0.4999847412109375
1773948924.2824607,-0.0,0.49999237060546875
1773948924.391042,-0.0,0.4999961853027344
1773948924.502466,-0.0,0.4999980926513672
1773948924.6366112,-0.0,0.4999990463256836
1773948924.6947834,-0.0,0.2499995231628418
1773948924.8108828,-0.0,0.1249997615814209
1773948924.9082012,-0.0,0.06249988079071045
1773948925.0660176,0.25,0.031249940395355225
1773948925.127748,0.375,0.015624970197677612
1773948925.213134,0.4375,0.007812485098838806
1773948925.3015614,0.46875,0.003906242549419403
1773948925.4048688,0.484375,0.0019531212747097015
1773948925.503665,0.4921875,0.0009765606373548508
1773948925.6274843,0.49609375,0.0004882803186774254
1773948925.7948956,0.498046875,0.0002441401593387127
1773948925.853305,0.4990234375,0.00012207007966935635
1773948925.9907906,0.49951171875,6.103503983467817e-05
1773948926.0530615,0.499755859375,3.0517519917339087e-05
1773948926.1919475,0.4266546368598938,0.1767919510602951
1773948926.2523265,0.3901039958000183,0.26517266035079956
1773948926.3591099,0.44505199790000916,0.13258633017539978
1773948926.47272,0.47252601385116577,0.06629316508769989
1773948926.6303685,0.4862630069255829,0.033146582543849945
1773948926.803752,0.41990819573402405,0.19334998726844788
1773948926.951791,0.38673079013824463,0.27345168590545654
1773948927.0354192,0.4433653950691223,0.13672584295272827
1773948927.1438797,0.22168269753456116,0.06836292147636414
1773948927.2619336,0.11084134876728058,0.03418146073818207
1773948927.4622757,0.05542067438364029,0.017090730369091034
1773948927.6156666,0.027710337191820145,0.008545365184545517
1773948927.8073866,0.013855168595910072,0.0042726825922727585
1773948928.1447492,0.003463792148977518,0.2510681748390198
1773948928.29775,0.001731896074488759,0.3755340874195099
1773948928.4564302,0.0008659480372443795,0.43776702880859375
1773948928.5495994,0.00043297401862218976,0.4688835144042969
1773948928.6754684,0.00021648700931109488,0.48444175720214844
1773948928.8543534,0.00010824350465554744,0.4922208786010742
1773948929.0683985,5.412175232777372e-05,0.4961104393005371
1773948929.2511203,2.706087616388686e-05,0.49805521965026855
1773948929.3106363,1.353043808194343e-05,0.4990276098251343
1773948929.46488,6.765219040971715e-06,0.24951380491256714
1773948929.5639267,3.3826095204858575e-06,0.12475690245628357
1773948929.680445,1.6913047602429288e-06,0.062378451228141785
1773948929.805281,0.25000083446502686,0.031189225614070892
1773948929.9324515,0.3750004172325134,0.015594612807035446
1773948930.0667138,0.4375002086162567,0.007797306403517723
1773948930.1736138,0.46875011920928955,0.0038986532017588615
1773948930.3447845,0.4843750596046448,0.0019493266008794308
1773948930.4921741,0.4921875298023224,0.0009746633004397154
1773948930.5878122,0.49609375,0.0004873316502198577
1773948930.6902215,0.498046875,0.00024366582510992885
1773948930.8374102,0.4990234375,0.00012183291255496442
1773948931.0177524,0.49951171875,6.091645627748221e-05
1773948931.2141216,0.249755859375,0.2500304579734802
1773948931.4002259,0.1248779296875,0.3750152289867401
1773948931.5043917,0.06243896484375,0.43750762939453125
1773948931.5981634,0.031219482421875,0.4687538146972656
1773948931.6563015,0.0156097412109375,0.4843769073486328
1773948931.790008,0.00780487060546875,0.4921884536743164
1773948931.8550158,0.003902435302734375,0.4960942268371582
1773948931.9614406,0.0019512176513671875,0.4980471134185791
1773948932.0656729,0.0009756088256835938,0.49902355670928955
1773948932.1655605,0.0004878044128417969,0.4995117783546448
1773948932.2242594,0.00024390220642089844,0.4997558891773224
1773948932.3487718,0.00012195110321044922,0.4998779296875
1773948932.479544,6.097555160522461e-05,0.49993896484375
1773948932.6347713,3.0487775802612305e-05,0.499969482421875
1773948932.7223585,1.5243887901306152e-05,0.4999847412109375
1773948932.8357682,7.621943950653076e-06,0.49999237060546875
1773948932.9473956,3.810971975326538e-06,0.4999961853027344
1773948933.101358,1.905485987663269e-06,0.2499980926513672
1773948933.1936915,9.527429938316345e-07,0.1249990463256836
1773948933.3219903,0.2500004768371582,0.0624995231628418
1773948933.4903564,0.3750002384185791,0.0312497615814209
1773948933.6357913,0.43750011920928955,0.01562488079071045
1773948933.7318516,0.4687500596046448,0.007812440395355225
1773948933.85293,0.4843750298023224,0.0039062201976776123
1773948934.0674055,0.4921875,0.0019531100988388062
1773948934.1662714,0.49609375,0.0009765550494194031
1773948934.2898262,0.498046875,0.00048827752470970154
1773948934.349623,0.4990234375,0.00024413876235485077
1773948934.486002,0.49951171875,0.00012206938117742538
1773948934.6323645,0.499755859375,6.103469058871269e-05
1773948934.6911733,0.4998779296875,3.0517345294356346e-05
1773948934.8100333,0.49993896484375,1.5258672647178173e-05
1773948934.892584,0.499969482421875,7.6293363235890865e-06
1773948935.0150557,0.4999847412109375,3.8146681617945433e-06
1773948935.1209753,0.49999237060546875,1.9073340808972716e-06
1773948935.2964334,0.4999961853027344,9.536670404486358e-07
1773948935.3558748,0.4999980926513672,4.768335202243179e-07
1773948935.4870298,0.4267757534980774,-0.1767764538526535
1773948935.5801344,0.3901645541191101,-0.26516491174697876
1773948935.7034612,0.37185898423194885,-0.3093591630458832
1773948935.9048557,0.36270618438720703,-0.3314562737941742
1773948935.96772,0.3581297993659973,-0.3425048291683197
1773948936.0974274,0.35584157705307007,-0.34802910685539246
1773948936.1991405,0.35469749569892883,-0.35079124569892883
1773948936.31065,0.354125440120697,-0.352172315120697
1773948936.374302,0.3538394272327423,-0.3528628647327423
1773948936.5159454,0.35369640588760376,-0.35320812463760376
1773948936.5782588,0.3536249101161957,-0.3533807694911957
1773948936.74463,0.35358914732933044,-0.35346707701683044
1773948936.9538636,0.3535712659358978,-0.3535102307796478
1773948937.137531,0.3535623252391815,-0.3535318076610565
1773948937.2452936,0.42678117752075195,-0.17676590383052826
1773948937.3806117,0.463390588760376,-0.08838295191526413
1773948937.5084012,0.481695294380188,-0.044191475957632065
1773948937.659239,0.490847647190094,-0.022095737978816032
1773948937.75052,0.495423823595047,-0.011047868989408016
1773948937.8758528,0.4977118968963623,-0.005523934494704008
1773948937.9787621,0.49885594844818115,-0.002761967247352004
1773948938.1195588,0.4994279742240906,-0.001380983623676002
1773948938.2261446,0.4997139871120453,-0.000690491811838001
1773948938.3656163,0.49985700845718384,-0.0003452459059190005
1773948938.47428,0.4999285042285919,-0.00017262295295950025
1773948938.563501,0.49996423721313477,-8.631147647975013e-05
1773948938.7466168,0.4999821186065674,-4.315573823987506e-05
1773948938.8096535,0.4999910593032837,-2.157786911993753e-05
1773948938.935542,0.49999552965164185,-1.0788934559968766e-05
1773948939.0864456,0.4999977648258209,-5.394467279984383e-06
1773948939.1482828,0.49999889731407166,-2.6972336399921915e-06
1773948939.2623112,0.49999943375587463,-1.3486168199960957e-06
1773948939.409419,0.4999997317790985,-6.743084099980479e-07
1773948939.5687876,0.49999985098838806,-3.3715420499902393e-07
1773948939.7006814,0.4999999403953552,-1.6857710249951197e-07
1773948939.871614,0.4999999701976776,-8.428855124975598e-08
1773948939.9313679,0.4999999701976776,-4.214427562487799e-08
1773948940.0274475,0.5,-2.1072137812438996e-08
1773948940.161321,0.5,-1.0536068906219498e-08
1773948940.2206745,0.5,-5.268034453109749e-09
1773948940.3253403,0.5,-2.6340172265548745e-09
1773948940.4214017,0.4267767071723938,0.1767766922712326
1773948940.4926665,0.3901650309562683,0.2651650309562683
1773948940.6474266,0.44508251547813416,0.13258251547813416
1773948940.7478924,0.47254127264022827,0.06629125773906708
1773948940.8299344,0.48627063632011414,0.03314562886953354
1773948940.9564233,0.4931353032588959,0.01657281443476677
1773948941.1471431,0.49656766653060913,0.008286407217383385
1773948941.2404556,0.49828383326530457,0.004143203608691692
1773948941.323871,0.4991419017314911,0.002071601804345846
1773948941.3834848,0.49957096576690674,0.001035800902172923
1773948941.4445868,0.49978548288345337,0.0005179004510864615
1773948941.506226,0.4998927414417267,0.00025895022554323077
1773948941.585247,0.49994635581970215,0.00012947511277161539
1773948941.7543972,0.4999731779098511,6.473755638580769e-05
1773948941.8195298,0.49998658895492554,3.2368778192903847e-05
1773948941.961242,0.42677000164985657,0.17679287493228912
1773948942.1039643,0.3901616930961609,0.26517313718795776
1773948942.161967,0.37185755372047424,0.3093632757663727
1773948942.249692,0.3627054691314697,0.33145833015441895
1773948942.3626444,0.35812944173812866,0.34250587224960327
1773948942.4473495,0.35584139823913574,0.34802961349487305
1773948942.5773942,0.35469740629196167,0.3507915139198303
1773948942.7582202,0.35412538051605225,0.3521724343299866
1773948942.86155,0.4270626902580261,0.1760862171649933
1773948942.963819,0.46353134512901306,0.08804310858249664
1773948943.0899358,0.4817656874656677,0.04402155429124832
1773948943.1564178,0.49088284373283386,0.02201077714562416
1773948943.3209124,0.49544140696525574,0.01100538857281208
1773948943.4557526,0.49772071838378906,0.00550269428640604
1773948943.56783,0.49886035919189453,0.00275134714320302
1773948943.7442873,0.42620688676834106,0.17815236747264862
1773948943.8196237,0.38988012075424194,0.2658528685569763
1773948943.9591415,0.37171676754951477,0.30970314145088196
1773948944.0984333,0.36263507604599,0.3316282629966736
1773948944.2527308,0.3580942451953888,0.3425908386707306
1773948944.426374,0.355823814868927,0.3480721116065979
1773948944.553024,0.3546886146068573,0.35081276297569275
1773948944.7360075,0.42734429240226746,0.17540638148784637
1773948944.7977638,0.4636721611022949,0.08770319074392319
1773948944.9656477,0.48183608055114746,0.043851595371961594
1773948945.122753,0.49091804027557373,0.021925797685980797
1773948945.2594535,0.49545902013778687,0.010962898842990398
1773948945.3519542,0.49772951006889343,0.005481449421495199
1773948945.451165,0.4988647401332855,0.0027407247107475996
1773948945.6115956,0.49943238496780396,0.0013703623553737998
1773948945.7993124,0.499716192483902,0.0006851811776868999
1773948945.8755813,0.4998580813407898,0.00034259058884344995
1773948945.9745023,0.4999290406703949,0.00017129529442172498
1773948946.0384622,0.49996453523635864,8.564764721086249e-05
1773948946.146359,0.4999822676181793,4.2823823605431244e-05
1773948946.3331144,0.42676782608032227,-0.17675527930259705
1773948946.4055624,0.39016062021255493,-0.26515433192253113
1773948946.4798546,0.3718569874763489,-0.30935385823249817
1773948946.5833998,0.36270520091056824,-0.3314536213874817
1773948946.6637812,0.3581292927265167,-0.34250351786613464
1773948946.7237833,0.35584133863449097,-0.3480284512042999
1773948946.8050177,0.3546973764896393,-0.35079091787338257
1773948946.921392,0.35412538051605225,-0.3521721661090851
1773948947.0034847,0.3538393974304199,-0.35286277532577515
1773948947.1001503,0.35369637608528137,-0.35320809483528137
1773948947.1980898,0.3536248803138733,-0.3533807396888733
1773948947.257144,0.35358914732933044,-0.35346707701683044
1773948947.382446,0.3535712659358978,-0.3535102307796478
1773948947.5000615,0.3535623252391815,-0.3535318076610565
1773948947.648761,0.35355785489082336,-0.35354259610176086
1773948947.784603,0.3535556197166443,-0.35354799032211304
1773948947.8431585,0.35355451703071594,-0.3535507023334503
1773948947.9216478,0.3535539507865906,-0.35355204343795776
1773948947.9902365,0.3535536825656891,-0.3535527288913727
1773948948.083423,0.35355353355407715,-0.35355305671691895
1773948948.159058,0.3535534739494324,-0.35355323553085327
1773948948.2444859,0.3535534143447876,-0.35355329513549805
1773948948.3999846,0.3535534143447876,-0.3535533547401428
1773948948.4584827,0.3535533845424652,-0.3535533547401428
1773948948.5211625,0.3535533845424652,-0.3535533845424652
1773948948.5793664,0.3535533845424652,-0.3535533845424652
1773948948.6574562,0.3535533845424652,-0.3535533845424652
1773948948.7279966,0.4267767071723938,-0.1767766922712326
1773948948.8439517,0.4633883535861969,-0.0883883461356163
1773948948.9268026,0.48169416189193726,-0.04419417306780815
1773948949.0637558,0.49084708094596863,-0.022097086533904076
1773948949.122435,0.4954235553741455,-0.011048543266952038
1773948949.2079763,0.49771177768707275,-0.005524271633476019
1773948949.3351586,0.4988558888435364,-0.0027621358167380095
1773948949.3981364,0.4994279444217682,-0.0013810679083690047
1773948949.4812858,0.4997139573097229,-0.0006905339541845024
1773948949.6350992,0.49985697865486145,-0.0003452669770922512
1773948949.7704558,0.4999285042285919,-0.0001726334885461256
1773948949.9774828,0.49996423721313477,-8.63167442730628e-05
1773948950.085976,0.4999821186065674,-4.31583721365314e-05
1773948950.1987565,0.4999910593032837,-2.15791860682657e-05
1773948950.2912948,0.42677223682403564,0.17676590383052826
1773948950.3559868,0.39016279578208923,0.26515963673591614
1773948950.424987,0.4450814127922058,0.13257981836795807
1773948950.5010412,0.4725407063961029,0.06628990918397903
1773948950.5630636,0.48627033829689026,0.03314495459198952
1773948950.6449792,0.4931351840496063,0.01657247729599476
1773948950.7086384,0.49656757712364197,0.00828623864799738
1773948950.7958684,0.4982838034629822,0.00414311932399869
1773948950.9423769,0.4991419017314911,0.002071559661999345
1773948951.0175614,0.49957093596458435,0.0010357798309996724
1773948951.1836724,0.49978548288345337,0.0005178899154998362
1773948951.3125641,0.4998927414417267,0.0002589449577499181
1773948951.4333792,0.49994635581970215,0.00012947247887495905
1773948951.5276783,0.4999731779098511,6.473623943747953e-05
1773948951.6225123,0.49998658895492554,3.236811971873976e-05
1773948951.7596836,0.49999329447746277,1.618405985936988e-05
1773948951.8960507,0.4999966621398926,8.09202992968494e-06
1773948952.0713003,0.4999983310699463,4.04601496484247e-06
1773948952.1879368,0.49999916553497314,2.023007482421235e-06
1773948952.24888,0.4999995827674866,1.0115037412106176e-06
1773948952.3136618,0.4999997913837433,5.057518706053088e-07
1773948952.3795624,0.49999988079071045,2.528759353026544e-07
1773948952.5158608,0.4999999403953552,1.264379676513272e-07
1773948952.622811,0.4999999701976776,6.32189838256636e-08
1773948952.7195094,0.5,3.16094919128318e-08
1773948952.8132246,0.5,1.58047459564159e-08
1773948952.9352272,0.5,7.90237297820795e-09
1773948953.009138,0.5,3.951186489103975e-09
1773948953.0929728,0.5,1.9755932445519875e-09
1773948953.162656,0.5,9.877966222759937e-10
1773948953.272488,0.5,4.938983111379969e-10
1773948953.4067972,0.5,2.4694915556899844e-10
1773948953.471607,0.4267767071723938,0.1767766922712326
1773948953.552187,0.3901650309562683,0.2651650309562683
1773948953.7170568,0.44508251547813416,0.13258251547813416
1773948953.7808428,0.47254127264022827,0.06629125773906708
1773948953.8652475,0.48627063632011414,0.03314562886953354
1773948953.975967,0.4931353032588959,0.01657281443476677
1773948954.056141,0.49656766653060913,0.008286407217383385
1773948954.1828845,0.49828383326530457,0.004143203608691692
1773948954.2476969,0.4991419017314911,0.002071601804345846
1773948954.3556771,0.49957096576690674,0.001035800902172923
1773948954.5379128,0.49978548288345337,0.0005179004510864615
1773948954.6757898,0.4998927414417267,0.00025895022554323077
1773948954.797397,0.49994635581970215,0.00012947511277161539
1773948954.9709995,0.4267498850822449,0.17684143781661987
1773948955.0967307,0.39015164971351624,0.26519742608070374
1773948955.1635349,0.3718525171279907,0.3093754053115845
1773948955.2759805,0.43592625856399536,0.15468770265579224
1773948955.464879,0.4679631292819977,0.07734385132789612
1773948955.5559812,0.48398154973983765,0.03867192566394806
1773948955.635477,0.4919907748699188,0.01933596283197403
1773948955.8116374,0.4959954023361206,0.009667981415987015
1773948955.919759,0.4979977011680603,0.004833990707993507
1773948956.0094793,0.49899885058403015,0.0024169953539967537
1773948956.1052995,0.4994994103908539,0.0012084976769983768
1773948956.1673343,0.49974972009658813,0.0006042488384991884
1773948956.2299752,0.49987486004829407,0.0003021244192495942
1773948956.3014624,0.49993741512298584,0.0001510622096247971
1773948956.3597627,0.4999687075614929,7.553110481239855e-05
1773948956.4285061,0.49998435378074646,3.7765552406199276e-05
1773948956.5414689,0.4999921917915344,1.8882776203099638e-05
1773948956.6288197,0.4999960958957672,9.441388101549819e-06
1773948956.7674072,0.4999980330467224,4.7206940507749096e-06
1773948956.9393468,0.4999990165233612,2.3603470253874548e-06
1773948957.0428915,0.4999995231628418,1.1801735126937274e-06
1773948957.1438415,0.4999997615814209,5.900867563468637e-07
1773948957.2235029,0.49999988079071045,2.9504337817343185e-07
1773948957.308165,0.4999999403953552,1.4752168908671592e-07
1773948957.378618,0.4999999701976776,7.376084454335796e-08
1773948957.4447439,0.4999999701976776,3.688042227167898e-08
1773948957.5304437,0.5,1.844021113583949e-08
1773948957.6046445,0.5,9.220105567919745e-09
1773948957.7281544,0.5,4.610052783959873e-09
1773948957.8672893,0.5,2.3050263919799363e-09
1773948957.9658883,0.5,1.1525131959899682e-09
1773948958.028886,0.5,5.762565979949841e-10
1773948958.1411147,0.5,2.8812829899749204e-10
1773948958.220748,0.5,1.4406414949874602e-10
1773948958.2867508,0.5,7.203207474937301e-11
1773948958.3684943,0.5,3.6016037374686505e-11
1773948958.479445,0.5,1.8008018687343252e-11
1773948958.6167047,0.5,9.004009343671626e-12
1773948958.694931,0.5,4.502004671835813e-12
1773948958.81377,0.5,2.2510023359179065e-12
1773948958.9448144,0.5,1.1255011679589533e-12
1773948959.043134,0.5,5.627505839794766e-13
1773948959.1195266,0.5,2.813752919897383e-13
1773948959.2847133,0.5,1.4068764599486916e-13
1773948959.4156017,0.5,7.034382299743458e-14
1773948959.5504029,0.5,3.517191149871729e-14
1773948959.6238377,0.5,1.7585955749358645e-14
1773948959.7178211,0.5,8.792977874679322e-15
1773948959.8110228,0.5,4.396488937339661e-15
1773948959.9153726,0.5,2.1982444686698306e-15
1773948960.010927,0.5,1.0991222343349153e-15
1773948960.0811872,0.5,5.495611171674577e-16
1773948960.186332,0.5,2.7478055858372883e-16
1773948960.2753701,0.5,1.3739027929186441e-16
1773948960.4439309,0.5,6.869513964593221e-17
1773948960.5042384,0.5,3.4347569822966103e-17
1773948960.5894892,0.5,1.7173784911483052e-17
1773948960.653788,0.5,8.586892455741526e-18
1773948960.8144143,0.5,4.293446227870763e-18
1773948960.970715,0.5,2.1467231139353815e-18
1773948961.05706,0.5,1.0733615569676907e-18
1773948961.1675556,0.5,5.366807784838454e-19
1773948961.286157,0.5,2.683403892419227e-19
1773948961.454936,0.4267767071723938,-0.1767766922712326
1773948961.5881732,0.4633883535861969,-0.0883883461356163
1773948961.6547348,0.48169416189193726,-0.04419417306780815
1773948961.7662773,0.49084708094596863,-0.022097086533904076
1773948961.861324,0.4954235553741455,-0.011048543266952038
1773948961.9613307,0.49771177768707275,-0.005524271633476019
1773948962.0854096,0.4988558888435364,-0.0027621358167380095
1773948962.1925507,0.4994279444217682,-0.0013810679083690047
1773948962.2809236,0.4997139573097229,-0.0006905339541845024
1773948962.4497979,0.49985697865486145,-0.0003452669770922512
1773948962.5092373,0.4999285042285919,-0.0001726334885461256
1773948962.5977926,0.49996423721313477,-8.63167442730628e-05
1773948962.6561358,0.4999821186065674,-4.31583721365314e-05
1773948962.7569332,0.4999910593032837,-2.15791860682657e-05
1773948962.8997862,0.49999552965164185,-1.078959303413285e-05
1773948963.0541282,0.4999977648258209,-5.394796517066425e-06
1773948963.1901443,0.49999889731407166,-2.6973982585332124e-06
1773948963.2477577,0.49999943375587463,-1.3486991292666062e-06
1773948963.3141294,0.4999997317790985,-6.743495646333031e-07
1773948963.3770967,0.49999985098838806,-3.3717478231665154e-07
1773948963.4577425,0.4999999403953552,-1.6858739115832577e-07
1773948963.590253,0.4999999701976776,-8.429369557916289e-08
1773948963.7132115,0.4999999701976776,-4.214684778958144e-08
1773948963.8192263,0.5,-2.107342389479072e-08
1773948963.918798,0.5,-1.053671194739536e-08
1773948964.0054975,0.5,-5.26835597369768e-09
1773948964.0738332,0.5,-2.63417798684884e-09
1773948964.2143202,0.5,-1.31708899342442e-09
1773948964.3180978,0.5,-6.5854449671221e-10
1773948964.4053802,0.5,-3.29272248356105e-10
1773948964.5207725,0.5,-1.646361241780525e-10
1773948964.7223613,0.5,-8.231806208902626e-11
1773948964.7870476,0.5,-4.115903104451313e-11
1773948964.8670106,0.4267767071723938,-0.1767766922712326
1773948964.961294,0.3901650309562683,-0.2651650309562683
1773948965.0319347,0.37185922265052795,-0.30935922265052795
1773948965.1612687,0.3627063035964966,-0.3314563035964966
1773948965.2555532,0.3581298589706421,-0.3425048589706421
1773948965.3231351,0.42906492948532104,-0.17125242948532104
1773948965.417012,0.4645324647426605,-0.08562621474266052
1773948965.5426228,0.48226621747016907,-0.04281310737133026
1773948965.6475072,0.4911331236362457,-0.02140655368566513
1773948967.701127,0.24556656181812286,-0.010703276842832565
1773948967.7653801,0.12278328090906143,-0.005351638421416283
1773948967.8248422,0.061391640454530716,-0.0026758192107081413
1773948967.88509,0.030695820227265358,-0.0013379096053540707
1773948967.9455225,0.015347910113632679,-0.0006689548026770353
1773948968.959685,5.8547630743532864e-08,-2.551860056598798e-09
1773948969.9927454,8.93365947624708e-13,-3.893829432066037e-14
1773948971.0053988,1.7039603188032303e-18,-7.426890243656229e-20
1773948972.0364807,1.6250231922180465e-24,-7.082834476143102e-26
1773948973.0720422,1.5497428819828477e-30,-6.754717327254393e-32
1773948974.1155307,1.477949983580444e-36,-6.441800429586785e-38
1773948975.1421473,1.409706255110766e-42,-6.165713243029195e-44
1773948976.1467159,0.0,-0.0
1773948976.74811,0.25,-0.0
1773948976.9138467,0.375,-0.0
1773948976.978627,0.4375,-0.0
1773948977.0780363,0.46875,-0.0
1773948977.139414,0.484375,-0.0
1773948977.2388642,0.4921875,-0.0
1773948977.3879173,0.49609375,-0.0
1773948977.453456,0.498046875,-0.0
1773948977.6067913,0.4990234375,-0.0
1773948977.7593307,0.49951171875,-0.0
1773948977.8698423,0.499755859375,-0.0
1773948977.9839659,0.4998779296875,-0.0
1773948978.121623,0.49993896484375,-0.0
1773948978.2235887,0.499969482421875,-0.0
1773948978.3515904,0.4999847412109375,-0.0
1773948978.4146607,0.49999237060546875,-0.0
1773948978.5235686,0.4999961853027344,-0.0
1773948978.6558425,0.4999980926513672,-0.0
1773948978.7179468,0.4999990463256836,-0.0
1773948978.785269,0.4999995231628418,-0.0
1773948978.8585258,0.4267764687538147,-0.1767766922712326
1773948978.9456918,0.46338823437690735,-0.0883883461356163
1773948979.0784287,0.4816941022872925,-0.04419417306780815
1773948979.203254,0.49084705114364624,-0.022097086533904076
1773948979.2692807,0.4954235255718231,-0.011048543266952038
1773948979.3666806,0.49771177768707275,-0.005524271633476019
1773948979.4964736,0.4988558888435364,-0.0027621358167380095
1773948979.5934825,0.4994279444217682,-0.0013810679083690047
1773948979.6965911,0.4997139573097229,-0.0006905339541845024
1773948979.7952573,0.49985697865486145,-0.0003452669770922512
1773948979.940702,0.4999285042285919,-0.0001726334885461256
1773948980.0008583,0.49996423721313477,-8.63167442730628e-05
1773948980.0827236,0.4999821186065674,-4.31583721365314e-05
1773948980.1447387,0.4999910593032837,-2.15791860682657e-05
1773948980.2826533,0.49999552965164185,-1.078959303413285e-05
1773948980.3430965,0.4999977648258209,-5.394796517066425e-06
1773948980.4584396,0.49999889731407166,-2.6973982585332124e-06
1773948980.5566921,0.49999943375587463,-1.3486991292666062e-06
1773948980.681449,0.4999997317790985,-6.743495646333031e-07
1773948980.7792473,0.49999985098838806,-3.3717478231665154e-07
1773948980.8423355,0.4999999403953552,-1.6858739115832577e-07
1773948980.9966636,0.4999999701976776,-8.429369557916289e-08
1773948981.1338844,0.4999999701976776,-4.214684778958144e-08
1773948981.2241044,0.5,-2.107342389479072e-08
1773948981.2845557,0.5,-1.053671194739536e-08
1773948981.3651206,0.5,-5.26835597369768e-09
1773948981.447011,0.5,-2.63417798684884e-09
1773948981.5814672,0.5,-1.31708899342442e-09
1773948981.7566106,0.5,-6.5854449671221e-10
1773948981.8799596,0.5,-3.29272248356105e-10
1773948981.9786088,0.5,-1.646361241780525e-10
1773948982.0542645,0.5,-8.231806208902626e-11
1773948982.2087355,0.5,-4.115903104451313e-11
1773948982.3515792,0.5,-2.0579515522256564e-11
1773948982.457882,0.5,-1.0289757761128282e-11
1773948982.5816267,0.5,-5.144878880564141e-12
1773948982.6965444,0.5,-2.5724394402820705e-12
1773948982.79572,0.5,-1.2862197201410352e-12
1773948982.8938665,0.5,-6.431098600705176e-13
1773948983.0022948,0.5,-3.215549300352588e-13
1773948983.066191,0.5,-1.607774650176294e-13
1773948983.1376657,0.5,-8.03887325088147e-14
1773948983.2631269,0.5,-4.019436625440735e-14
1773948983.3800514,0.5,-2.0097183127203676e-14
1773948983.4932973,0.5,-1.0048591563601838e-14
1773948983.5624695,0.5,-5.024295781800919e-15
1773948983.6489246,0.5,-2.5121478909004595e-15
1773948983.7377596,0.5,-1.2560739454502297e-15
1773948983.8252628,0.5,-6.280369727251149e-16
1773948983.9500601,0.5,-3.1401848636255743e-16
1773948984.0509117,0.5,-1.5700924318127872e-16
1773948984.1250904,0.5,-7.850462159063936e-17
1773948984.2811716,0.5,-3.925231079531968e-17
1773948984.4099245,0.5,-1.962615539765984e-17
1773948984.5288584,0.5,-9.81307769882992e-18
1773948984.5985782,0.5,-4.90653884941496e-18
1773948984.7824686,0.5,-2.45326942470748e-18
1773948984.9150493,0.5,-1.22663471235374e-18
1773948985.0373614,0.5,-6.1331735617687e-19
1773948985.1301916,0.5,-3.06658678088435e-19
1773948985.2813547,0.5,-1.533293390442175e-19
1773948985.4067287,0.5,-7.666466952210875e-20
1773948985.4959438,0.5,-3.8332334761054374e-20
1773948985.5952482,0.5,-1.9166167380527187e-20
1773948985.6739237,0.5,-9.583083690263594e-21
1773948985.8453915,0.5,-4.791541845131797e-21
1773948985.9489305,0.5,-2.3957709225658984e-21
1773948986.0572119,0.5,-1.1978854612829492e-21
1773948986.1563985,0.5,-5.989427306414746e-22
1773948986.293481,0.5,-2.994713653207373e-22
1773948986.4009314,0.25,-1.4973568266036865e-22
1773948986.5372732,0.125,-7.486784133018432e-23
1773948986.6442513,0.0625,-0.25
1773948986.738204,0.03125,-0.375
1773948986.8620524,0.015625,-0.4375
1773948986.9576144,0.0078125,-0.46875
1773948987.064586,0.00390625,-0.484375
1773948987.2048795,0.001953125,-0.4921875
1773948987.2703881,0.0009765625,-0.49609375
1773948987.3447747,0.00048828125,-0.498046875
1773948987.449294,0.000244140625,-0.4990234375
1773948987.5613573,0.0001220703125,-0.49951171875
1773948987.6203341,6.103515625e-05,-0.499755859375
1773948987.7070765,3.0517578125e-05,-0.4998779296875
1773948987.8006818,1.52587890625e-05,-0.49993896484375
1773948987.9062335,7.62939453125e-06,-0.499969482421875
1773948988.0898926,3.814697265625e-06,-0.4999847412109375
1773948988.2018516,1.9073486328125e-06,-0.49999237060546875
1773948988.2889261,9.5367431640625e-07,-0.4999961853027344
1773948988.4311934,4.76837158203125e-07,-0.4999980926513672
1773948988.5003588,2.384185791015625e-07,-0.2499990463256836
1773948988.627657,1.1920928955078125e-07,-0.1249995231628418
1773948988.7715554,0.2500000596046448,-0.0624997615814209
1773948988.834604,0.3750000298023224,-0.03124988079071045
1773948988.93213,0.4375,-0.015624940395355225
1773948989.033495,0.46875,-0.007812470197677612
1773948989.1415038,0.484375,-0.003906235098838806
1773948989.2040362,0.4921875,-0.001953117549419403
1773948989.3043728,0.49609375,-0.0009765587747097015
1773948989.4436746,0.498046875,-0.00048827938735485077
1773948989.6252496,0.4990234375,-0.00024413969367742538
1773948989.7018015,0.49951171875,-0.00012206984683871269
1773948989.7991736,0.499755859375,-6.1034923419356346e-05
1773948989.8918986,0.4998779296875,-3.0517461709678173e-05
1773948989.9835982,0.49993896484375,-1.5258730854839087e-05
1773948990.1039708,0.499969482421875,-7.629365427419543e-06
1773948990.2033665,0.4999847412109375,-3.8146827137097716e-06
1773948990.3253894,0.49999237060546875,-1.9073413568548858e-06
1773948990.3892477,0.4999961853027344,-9.536706784274429e-07
1773948990.5079184,0.4999980926513672,-4.7683533921372145e-07
1773948990.7008102,0.4999990463256836,-2.3841766960686073e-07
1773948990.7693617,0.4999995231628418,-1.1920883480343036e-07
1773948990.8612487,0.4999997615814209,-5.960441740171518e-08
1773948991.0110097,0.49999988079071045,-2.980220870085759e-08
1773948991.1601846,0.4999999403953552,-1.4901104350428795e-08
1773948991.2534132,0.4999999701976776,-7.450552175214398e-09
1773948991.3169625,0.5,-3.725276087607199e-09
1773948991.4481387,0.5,-1.8626380438035994e-09
1773948991.5775099,0.5,-9.313190219017997e-10
1773948991.6855054,0.5,-4.6565951095089986e-10
1773948991.787454,0.5,-2.3282975547544993e-10
1773948991.9280834,0.5,-1.1641487773772496e-10
1773948991.9982274,0.5,-5.820743886886248e-11
1773948992.203116,0.5,-2.910371943443124e-11
1773948992.2727418,0.5,-1.455185971721562e-11
1773948992.3688018,0.4267767071723938,-0.1767766922712326
1773948992.5618145,0.3901650309562683,-0.2651650309562683
1773948992.667548,0.37185922265052795,-0.30935922265052795
1773948992.7556605,0.3627063035964966,-0.3314563035964966
1773948992.9990873,0.3581298589706421,-0.3425048589706421
1773948993.0983238,0.35584160685539246,-0.34802910685539246
1773948993.2520268,0.35469749569892883,-0.35079124569892883
1773948993.380798,0.354125440120697,-0.352172315120697
1773948993.4903002,0.3538394272327423,-0.3528628647327423
1773948993.6523461,0.35369640588760376,-0.35320812463760376
1773948993.7538853,0.3536249101161957,-0.3533807694911957
1773948993.8714373,0.35358914732933044,-0.35346707701683044
1773948994.034013,0.3535712659358978,-0.3535102307796478
1773948994.127947,0.3535623252391815,-0.3535318076610565
1773948994.2320366,0.35355785489082336,-0.35354259610176086
1773948994.3646734,0.3535556197166443,-0.35354799032211304
1773948994.487242,0.35355451703071594,-0.3535507023334503
1773948994.5818462,0.3535539507865906,-0.35355204343795776
1773948994.674993,0.3535536825656891,-0.3535527288913727
1773948994.815753,0.35355353355407715,-0.35355305671691895
1773948994.9303408,0.3535534739494324,-0.35355323553085327
1773948995.059384,0.3535534143447876,-0.35355329513549805
1773948995.221754,0.4267767071723938,-0.17677664756774902
1773948995.3111331,0.4633883535861969,-0.08838832378387451
1773948995.3892972,0.48169419169425964,-0.044194161891937256
1773948995.4935,0.24084709584712982,-0.022097080945968628
1773948995.5924668,0.12042354792356491,-0.011048540472984314
1773948995.7859275,0.060211773961782455,-0.005524270236492157
1773948995.8454318,0.030105886980891228,-0.0027621351182460785
1773948995.9383442,0.015052943490445614,-0.0013810675591230392
1773948996.0922835,0.2575264573097229,-0.0006905337795615196
1773948996.231582,0.37876322865486145,-0.0003452668897807598
1773948996.351158,0.4393816292285919,-0.0001726334448903799
1773948996.4343622,0.46969079971313477,-8.631672244518995e-05
1773948996.5986807,0.4848453998565674,-4.3158361222594976e-05
1773948996.6868823,0.4924226999282837,-2.1579180611297488e-05
1773948996.8597803,0.49621134996414185,-1.0789590305648744e-05
1773948996.9631314,0.4981056749820709,-5.394795152824372e-06
1773948997.0783544,0.42582952976226807,0.17677399516105652
1773948997.2339435,0.38969147205352783,0.26516368985176086
1773948997.3377905,0.4448457360267639,0.13258184492588043
1773948997.4294093,0.47242286801338196,0.06629092246294022
1773948997.486986,0.4862114191055298,0.03314546123147011
1773948997.5799198,0.4931057095527649,0.016572730615735054
1773948997.6425939,0.49655285477638245,0.008286365307867527
1773948997.808308,0.4982764422893524,0.0041431826539337635
1773948997.9702945,0.4259149134159088,0.1788482815027237
1773948998.0684834,0.389734148979187,0.26620084047317505
1773948998.2329853,0.3716437816619873,0.3098771274089813
1773948998.3310332,0.36259856820106506,0.33171525597572327
1773948998.456359,0.35807597637176514,0.34263432025909424
1773948998.5860362,0.35581469535827637,0.3480938673019409
1773948998.764976,0.3546840250492096,0.35082361102104187
1773948998.8253672,0.427342027425766,0.17541180551052094
1773948998.9329846,0.4636709988117218,0.08770590275526047
1773948999.0686603,0.4818355143070221,0.043852951377630234
1773948999.1305568,0.49091774225234985,0.021926475688815117
1773948999.197243,0.4954588711261749,0.010963237844407558
1773948999.29485,0.49772945046424866,0.005481618922203779
1773948999.398693,0.42564141750335693,0.17951750755310059
1773948999.5262926,0.38959741592407227,0.2665354609489441
1773948999.6882935,0.37157538533210754,0.31004440784454346
1773948999.833964,0.3625643849372864,0.3317989110946655
1773948999.896725,0.358058899641037,0.3426761329174042
1773948999.9936259,0.3558061420917511,0.3481147587299347
1773949000.0934277,0.35467976331710815,0.35083407163619995
1773949000.2070413,0.3541165888309479,0.3521937429904938
1773949000.326702,0.42705827951431274,0.1760968714952469
1773949000.4316635,0.46352913975715637,0.08804843574762344
1773949000.5289035,0.4817645847797394,0.04402421787381172
1773949000.7043445,0.4908822774887085,0.02201210893690586
1773949000.8119404,0.49544113874435425,0.01100605446845293
1773949000.917286,0.4977205693721771,0.005503027234226465
1773949002.9710307,0.24886028468608856,0.0027515136171132326
1773949003.0318885,0.12443014234304428,0.0013757568085566163
1773949003.0911708,0.06221507117152214,0.0006878784042783082
1773949003.1649718,0.03110753558576107,0.0003439392021391541
1773949003.2251291,0.015553767792880535,0.00017196960106957704
1773949004.2365036,1.4833228867416892e-08,1.640029917426844e-10
1773949005.2537668,1.4146069400231259e-14,1.564054410387844e-16
1773949006.279582,1.3490743065100916e-20,1.4915985206488076e-22
1773949007.328915,1.2865775170422474e-26,1.4224991995323254e-28
1773949008.3582778,2.4539518681378316e-32,2.7132019034048564e-34
1773949010.4120748,1.2269759340689158e-32,1.3566009517024282e-34
1773949011.4298253,1.1701355052350165e-38,1.2937488071878874e-40
1773949012.435135,1.7796490496925177e-43,1.401298464324817e-45
1773949013.457408,0.0,0.0
1773949014.4815784,0.0,0.0
1773949016.5350645,0.0,0.0
1773949017.551869,0.0,0.0
1773949018.5727456,0.0,0.0
1773949019.5844696,0.0,0.0
1773949020.602222,0.0,0.0
1773949021.6157763,0.0,0.0
1773949023.6691294,0.0,0.0
1773949024.6770818,0.0,0.0
1773949025.70688,0.0,0.0
1773949026.7483711,0.0,0.0
1773949027.7788,0.0,0.0
1773949028.7920644,0.0,0.0
1773949029.8069563,0.0,0.0
1773949030.82754,0.0,0.0
1773949032.8812168,0.0,0.0
1773949033.9028487,0.0,0.0
1773949034.9223094,0.0,0.0
1773949035.9516375,0.0,0.0
1773949036.9679341,0.0,0.0
1773949037.0473404,0.0,-0.25
1773949037.1056182,0.0,-0.375
1773949037.1676233,0.0,-0.4375
1773949037.2297337,0.0,-0.46875
1773949037.304586,0.0,-0.484375
1773949037.3686357,0.0,-0.4921875
1773949037.4264395,0.0,-0.49609375
1773949037.5103824,0.0,-0.498046875
1773949037.5693226,0.0,-0.4990234375
1773949037.6438634,0.0,-0.49951171875
1773949037.7172976,0.0,-0.499755859375
1773949037.7920012,0.0,-0.4998779296875
1773949037.8653805,0.0,-0.24993896484375
1773949037.9383125,0.0,-0.124969482421875
1773949038.0116043,0.0,-0.0624847412109375
1773949038.0863924,0.0,-0.03124237060546875
1773949038.1624007,0.25,-0.015621185302734375
1773949038.2244651,0.375,-0.0078105926513671875
1773949038.28916,0.4375,-0.0039052963256835938
1773949038.3507414,0.46875,-0.0019526481628417969
1773949038.4093003,0.484375,-0.0009763240814208984
1773949038.4853466,0.4921875,-0.0004881620407104492
1773949038.5747676,0.49609375,-0.0002440810203552246
1773949038.66713,0.498046875,-0.0001220405101776123
1773949038.7361784,0.4990234375,-6.102025508880615e-05
1773949038.814748,0.49951171875,-3.0510127544403076e-05
1773949038.8746529,0.499755859375,-1.5255063772201538e-05
1773949038.939245,0.4998779296875,-7.627531886100769e-06
1773949039.0158896,0.49993896484375,-3.8137659430503845e-06
1773949039.0790076,0.499969482421875,-1.9068829715251923e-06
1773949039.1379366,0.4999847412109375,-9.534414857625961e-07
1773949039.1997797,0.49999237060546875,-4.7672074288129807e-07
1773949039.2798219,0.4999961853027344,-2.3836037144064903e-07
1773949039.3582203,0.4999980926513672,-1.1918018572032452e-07
1773949039.4449499,0.4999990463256836,-5.959009286016226e-08
1773949039.5046847,0.4999995231628418,-2.979504643008113e-08
1773949039.6241922,0.4999997615814209,-1.4897523215040565e-08
1773949039.7565525,0.49999988079071045,-7.448761607520282e-09
1773949039.881481,0.4999999403953552,-3.724380803760141e-09
1773949040.0296667,0.4999999701976776,-1.8621904018800706e-09
1773949040.213367,0.5,-9.310952009400353e-10
1773949040.3856466,0.5,-4.6554760047001764e-10
1773949040.5182543,0.5,-2.3277380023500882e-10
1773949040.606291,0.5,-1.1638690011750441e-10
1773949040.7356021,0.5,-5.8193450058752205e-11
1773949040.8676155,0.5,-2.9096725029376103e-11
1773949040.9918647,0.5,-1.4548362514688051e-11
1773949041.0691872,0.5,-7.274181257344026e-12
1773949041.165106,0.5,-3.637090628672013e-12
1773949041.2434618,0.4267767071723938,-0.1767766922712326
1773949041.4217446,0.3901650309562683,-0.2651650309562683
1773949041.5849814,0.37185922265052795,-0.30935922265052795
1773949041.6857016,0.3627063035964966,-0.3314563035964966
1773949041.7739162,0.3581298589706421,-0.3425048589706421
1773949041.8991082,0.35584160685539246,-0.34802910685539246
1773949041.9922173,0.35469749569892883,-0.35079124569892883
1773949042.1152792,0.354125440120697,-0.352172315120697
1773949042.252762,0.3538394272327423,-0.3528628647327423
1773949042.3850772,0.35369640588760376,-0.35320812463760376
1773949042.5497675,0.3536249101161957,-0.3533807694911957
1773949042.6404064,0.35358914732933044,-0.35346707701683044
1773949042.750716,0.3535712659358978,-0.3535102307796478
1773949042.9061806,0.4267856478691101,-0.1767551153898239
1773949043.076714,0.46339282393455505,-0.08837755769491196
1773949043.1830027,0.48169639706611633,-0.04418877884745598
1773949043.2681484,0.49084821343421936,-0.02209438942372799
1773949043.369786,0.4954240918159485,-0.011047194711863995
1773949043.4874387,0.42448875308036804,0.17125310003757477
1773949043.6114318,0.3890210688114166,0.2624032497406006
1773949043.7006128,0.3712872266769409,0.3079783320426941
1773949043.7977817,0.36242032051086426,0.33076584339141846
1773949043.8864057,0.35798683762550354,0.342159628868103
1773949043.9928625,0.3557701110839844,0.3478564918041229
1773949044.0911074,0.354661762714386,0.35070493817329407
1773949044.268553,0.3541075587272644,0.35212916135787964
1773949044.3667946,0.353830486536026,0.3528412878513336
1773949044.4758568,0.3536919355392456,0.3531973361968994
1773949044.6327937,0.4268459677696228,0.1765986680984497
1773949044.7715015,0.4634229838848114,0.08829933404922485
1773949044.8982751,0.4817115068435669,0.04414966702461243
1773949045.0238311,0.49085575342178345,0.022074833512306213
1773949045.14736,0.4954278767108917,0.011037416756153107
1773949045.2713056,0.49771392345428467,0.005518708378076553
1773949045.4081435,0.49885696172714233,0.0027593541890382767
1773949045.5087512,0.49942848086357117,0.0013796770945191383
1773949045.5974808,0.4997142553329468,0.0006898385472595692
1773949045.70188,0.4266338050365448,-0.1764317750930786
1773949045.7995336,0.390093594789505,-0.2649925947189331
1773949045.9039383,0.3718234896659851,-0.30927297472953796
1773949046.1086924,0.36268845200538635,-0.3314131796360016
1773949046.203149,0.3581209182739258,-0.3424832820892334
1773949046.3456483,0.3558371663093567,-0.3480183482170105
1773949046.4557905,0.35469526052474976,-0.35078585147857666
1773949046.5558321,0.3541243374347687,-0.35216963291168213
1773949046.6791508,0.35383886098861694,-0.35286152362823486
1773949046.7706764,0.35369613766670227,-0.35320743918418884
1773949046.928515,0.42684805393218994,-0.17660371959209442
1773949047.1033316,0.46342402696609497,-0.08830185979604721
1773949047.208838,0.4817120134830475,-0.044150929898023605
1773949047.3558397,0.49085602164268494,-0.022075464949011803
1773949047.5111022,0.4954279959201813,-0.011037732474505901
1773949047.6297307,0.49771401286125183,-0.005518866237252951
1773949047.7343285,0.4988569915294647,-0.0027594331186264753
1773949047.8318334,0.49942851066589355,-0.0013797165593132377
1773949047.9953778,0.4264909327030182,0.17608684301376343
1773949048.1085653,0.3900221586227417,0.2648201286792755
1773949048.1990612,0.44501107931137085,0.13241006433963776
1773949048.4060895,0.4725055396556854,0.06620503216981888
1773949048.5314713,0.4862527847290039,0.03310251608490944
1773949048.6243875,0.49312639236450195,0.01655125804245472
1773949048.8261678,0.496563196182251,0.00827562902122736
1773949048.9630957,0.4982815980911255,0.00413781451061368
1773949049.0410094,0.49914079904556274,0.00206890725530684
1773949049.2584932,0.49957039952278137,0.00103445362765342
1773949049.3983238,0.4997851848602295,0.00051722681382671
1773949049.4870834,0.49989259243011475,0.000258613406913355
1773949049.617152,0.42672300338745117,0.17690600454807281
1773949049.7653267,0.390138179063797,0.2652297019958496
1773949049.8726985,0.3718457818031311,0.3093915581703186
1773949049.993343,0.36269959807395935,0.3314724564552307
1773949050.2002268,0.3581264913082123,0.34251293540000916
1773949050.4275174,0.35583993792533875,0.3480331599712372
1773949050.5562022,0.354696661233902,0.3507932722568512
1773949050.6503782,0.3541250228881836,0.3521733283996582
1773949050.849629,0.3538392186164856,0.3528633713722229
1773949050.971076,0.3536962866783142,0.35320836305618286
1773949051.0982566,0.3536248505115509,0.35338088870048523
1773949051.2361445,0.35358911752700806,0.3534671366214752
1773949051.3940794,0.42679455876350403,0.1767335683107376
1773949051.4828298,0.4633972942829132,0.0883667841553688
1773949051.6065516,0.4816986322402954,0.0441833920776844
1773949051.779176,0.4908493161201477,0.0220916960388422
1773949051.8891563,0.49542465806007385,0.0110458480194211
1773949052.0120153,0.4977123439311981,0.00552292400971055
1773949052.13094,0.49885615706443787,0.002761462004855275
1773949052.225527,0.4994280934333801,0.0013807310024276376
1773949052.3253086,0.49971404671669006,0.0006903655012138188
1773949052.5139909,0.42663371562957764,-0.17643150687217712
1773949052.6090488,0.3900935649871826,-0.26499244570732117
1773949052.7235305,0.3718234598636627,-0.3092729151248932
1773949052.8386552,0.36268842220306396,-0.3314131498336792
1773949052.9244072,0.3581209182739258,-0.3424832820892334
1773949053.022256,0.3558371365070343,-0.3480183184146881
1773949053.1345594,0.35469526052474976,-0.35078585147857666
1773949053.3279305,0.3541243374347687,-0.35216963291168213
1773949053.4330661,0.35383886098861694,-0.3528614938259125
1773949053.531401,0.35369613766670227,-0.35320743918418884
1773949053.6979094,0.35362476110458374,-0.353380411863327
1773949053.7926013,0.35358908772468567,-0.3534668982028961
1773949053.908047,0.35357123613357544,-0.35351014137268066
1773949054.097154,0.3535623252391815,-0.35353177785873413
1773949054.279345,0.35355785489082336,-0.3535425662994385
1773949054.383974,0.3535556197166443,-0.35354799032211304
1773949054.4688294,0.35355451703071594,-0.3535507023334503
1773949054.6286073,0.3535539507865906,-0.35355204343795776
1773949054.801718,0.3535536825656891,-0.3535527288913727
1773949054.8737633,0.35355353355407715,-0.35355305671691895
1773949054.9745777,0.3535534739494324,-0.35355323553085327
1773949055.0940914,0.4267767369747162,-0.17677661776542664
1773949055.29626,0.4633883535861969,-0.08838830888271332
1773949055.523142,0.48169419169425964,-0.04419415444135666
1773949055.6240668,0.49084708094596863,-0.02209707722067833
1773949055.715962,0.4954235553741455,-0.011048538610339165
1773949055.896164,0.49771177768707275,-0.005524269305169582
1773949056.0034945,0.4988558888435364,-0.002762134652584791
1773949056.1471481,0.4994279444217682,-0.0013810673262923956
1773949056.339817,0.4997139573097229,-0.0006905336631461978
1773949056.437666,0.49985697865486145,-0.0003452668315730989
1773949056.532733,0.4999285042285919,-0.00017263341578654945
1773949056.6187282,0.49996423721313477,-8.631670789327472e-05
1773949056.6895487,0.4999821186065674,-4.315835394663736e-05
1773949056.807218,0.4267677664756775,0.1767551153898239
1773949056.9126928,0.39016056060791016,0.26515424251556396
1773949057.0025976,0.4450802803039551,0.13257712125778198
1773949057.1038578,0.47254014015197754,0.06628856062889099
1773949057.3098543,0.48627007007598877,0.033144280314445496
1773949057.4007883,0.4931350350379944,0.016572140157222748
1773949057.4979312,0.4965675175189972,0.008286070078611374
1773949057.6213005,0.4982837736606598,0.004143035039305687
1773949057.716279,0.4991418719291687,0.0020715175196528435
1773949057.884895,0.49957093596458435,0.0010357587598264217
1773949058.0025864,0.49978548288345337,0.0005178793799132109
1773949058.0845714,0.4998927414417267,0.00025893968995660543
1773949058.2128859,0.49994635581970215,0.00012946984497830272
1773949058.345186,0.4999731779098511,6.473492248915136e-05
1773949058.5637841,0.49998658895492554,3.236746124457568e-05
1773949058.6860816,0.49999329447746277,1.618373062228784e-05
1773949058.793239,0.426773339509964,0.17678478360176086
1773949058.9270508,0.3901633620262146,0.26516908407211304
1773949058.9986372,0.3718583881855011,0.3093612492084503
1773949059.1304057,0.36270588636398315,0.33145731687545776
1773949059.2525363,0.3581296503543854,0.3425053656101227
1773949059.3802586,0.3558415174484253,0.34802937507629395
1773949059.4581647,0.35469746589660645,0.35079139471054077
1773949059.59242,0.35412541031837463,0.3521723747253418
1773949059.7281358,0.3538393974304199,0.3528628945350647
1773949059.8183298,0.42691969871520996,0.17643144726753235
1773949059.9461048,0.463459849357605,0.08821572363376617
1773949060.0501263,0.4817299246788025,0.04410786181688309
1773949060.1806097,0.49086496233940125,0.022053930908441544
1773949060.304941,0.4954324960708618,0.011026965454220772
1773949060.4198122,0.2477162480354309,0.005513482727110386
1773949060.5524125,0.12385812401771545,0.002756741363555193
1773949060.719077,0.06192906200885773,0.0013783706817775965
1773949060.811385,0.030964531004428864,0.0006891853408887982
1773949060.9051652,0.015482265502214432,0.0003445926704443991
1773949061.1512098,0.2509676516056061,2.1537041902774945e-05
1773949061.313349,0.37548381090164185,1.0768520951387472e-05
1773949061.4082954,0.4377419054508209,5.384260475693736e-06
1773949061.4934776,0.46887096762657166,2.692130237846868e-06
1773949061.5914462,0.48443546891212463,1.346065118923434e-06
1773949061.6925087,0.4922177493572235,6.73032559461717e-07
1773949061.887772,0.49610885977745056,3.365162797308585e-07
1773949062.0277724,0.4980544447898865,1.6825813986542926e-07
1773949062.1061761,0.49902722239494324,8.412906993271463e-08
1773949062.3102832,0.4995135962963104,4.2064534966357314e-08
1773949062.4015632,0.2497567981481552,2.1032267483178657e-08
1773949062.5017958,0.1248783990740776,1.0516133741589329e-08
1773949062.638537,0.0624391995370388,5.258066870794664e-09
1773949062.7768688,0.0312195997685194,2.629033435397332e-09
1773949062.871691,0.0156097998842597,1.314516717698666e-09
1773949063.9197176,2.977333046771946e-08,2.5072416643117258e-15
1773949064.195986,1.8608331542324663e-09,-0.25
1773949064.3175023,9.304165771162332e-10,-0.375
1773949064.4683447,4.652082885581166e-10,-0.4375
1773949064.5777822,2.326041442790583e-10,-0.46875
1773949064.6945808,1.1630207213952914e-10,-0.484375
1773949064.8195324,5.815103606976457e-11,-0.4921875
1773949064.906017,2.9075518034882286e-11,-0.49609375
1773949065.0879211,1.4537759017441143e-11,-0.498046875
1773949065.1877797,7.2688795087205715e-12,-0.4990234375
1773949065.3016105,3.6344397543602858e-12,-0.49951171875
1773949065.430995,1.8172198771801429e-12,-0.499755859375
1773949065.5227575,9.086099385900714e-13,-0.4998779296875
1773949065.6689537,4.543049692950357e-13,-0.49993896484375
1773949065.7848191,2.2715248464751786e-13,-0.499969482421875
1773949065.9293175,1.1357624232375893e-13,-0.4999847412109375
1773949066.063209,5.6788121161879465e-14,-0.49999237060546875
1773949066.2048361,2.8394060580939733e-14,-0.4999961853027344
1773949066.3242369,1.4197030290469866e-14,-0.4999980926513672
1773949066.4139535,7.098515145234933e-15,-0.2499990463256836
1773949066.5376847,3.5492575726174666e-15,-0.1249995231628418
1773949066.636508,1.7746287863087333e-15,-0.0624997615814209
1773949066.7722464,8.873143931543666e-16,-0.03124988079071045
1773949066.8788135,4.436571965771833e-16,-0.015624940395355225
1773949067.9225001,4.231044736644586e-22,-1.4901104350428795e-08
1773949068.9685519,8.070077393807575e-28,-2.842160101018676e-14
1773949069.0739858,0.25,-1.421080050509338e-14
1773949069.2373083,0.375,-7.10540025254669e-15
1773949069.332891,0.4375,-3.552700126273345e-15
1773949069.4606104,0.46875,-1.7763500631366724e-15
1773949069.6467943,0.484375,-8.881750315683362e-16
1773949069.7418969,0.4921875,-4.440875157841681e-16
1773949069.844166,0.49609375,-2.2204375789208405e-16
1773949069.9672246,0.498046875,-1.1102187894604203e-16
1773949070.061935,0.4990234375,-5.5510939473021013e-17
1773949070.2124662,0.49951171875,-2.7755469736510507e-17
1773949070.2873936,0.499755859375,-1.3877734868255253e-17
1773949070.446141,0.4998779296875,-6.938867434127627e-18
1773949070.5679533,0.49993896484375,-3.4694337170638133e-18
1773949070.6559331,0.499969482421875,-1.7347168585319067e-18
1773949070.7963305,0.4999847412109375,-8.673584292659533e-19
1773949070.9227636,0.49999237060546875,-4.3367921463297667e-19
1773949071.0675807,0.24999618530273438,-2.1683960731648833e-19
1773949071.2086217,0.12499809265136719,-1.0841980365824417e-19
1773949071.3535938,0.062499046325683594,-5.4209901829122083e-20
1773949071.4575698,0.031249523162841797,-2.7104950914561042e-20
1773949071.5662808,0.015624761581420898,-1.3552475457280521e-20
1773949072.5839815,5.960373528068885e-08,-5.1698591069337924e-26
1773949073.6016226,1.1368510299814005e-13,-9.860723699443421e-32
1773949074.136737,4.440824335864846e-16,0.25
1773949074.3122833,2.220412167932423e-16,0.375
1773949074.3927953,1.1102060839662115e-16,0.4375
1773949074.4971,5.551030419831057e-17,0.46875
1773949074.6480134,2.7755152099155286e-17,0.484375
1773949074.7696543,1.3877576049577643e-17,0.4921875
1773949074.8765259,6.9387880247888216e-18,0.49609375
1773949075.0306776,3.4693940123944108e-18,0.498046875
1773949075.1888974,1.7346970061972054e-18,0.4990234375
1773949075.3536909,8.673485030986027e-19,0.49951171875
1773949075.4628062,4.3367425154930135e-19,0.499755859375
1773949075.5837312,2.1683712577465067e-19,0.4998779296875
1773949075.7582717,1.0841856288732534e-19,0.49993896484375
1773949075.8508675,5.420928144366267e-20,0.499969482421875
1773949075.9683578,2.7104640721831334e-20,0.4999847412109375
1773949076.1663759,1.3552320360915667e-20,0.49999237060546875
1773949076.309394,6.7761601804578336e-21,0.4999961853027344
1773949076.3942766,3.3880800902289168e-21,0.4999980926513672
1773949076.4792714,1.6940400451144584e-21,0.4999990463256836
1773949076.5874453,8.470200225572292e-22,0.4999995231628418
1773949076.7326865,4.235100112786146e-22,0.2499997615814209
1773949076.8900385,2.117550056393073e-22,0.12499988079071045
1773949077.0158596,1.0587750281965365e-22,0.062499940395355225
1773949077.115723,5.2938751409826825e-23,0.031249970197677612
1773949077.3028643,2.6469375704913412e-23,0.015624985098838806
1773949078.3088582,5.0486327562167e-29,2.9802293965985882e-08
1773949078.4343276,0.25,1.4901146982992941e-08
1773949078.5341303,0.375,7.4505734914964705e-09
1773949078.6227434,0.4375,3.7252867457482353e-09
1773949078.7093952,0.46875,1.8626433728741176e-09
1773949078.8533933,0.484375,9.313216864370588e-10
1773949078.921483,0.4921875,4.656608432185294e-10
1773949079.0480595,0.49609375,2.328304216092647e-10
1773949079.1461458,0.498046875,1.1641521080463235e-10
1773949079.2628312,0.4990234375,5.8207605402316176e-11
1773949079.3854337,0.49951171875,2.9103802701158088e-11
1773949079.5198107,0.499755859375,1.4551901350579044e-11
1773949079.6463141,0.4998779296875,7.275950675289522e-12
1773949079.779969,0.49993896484375,3.637975337644761e-12
1773949079.9072425,0.499969482421875,1.8189876688223805e-12
1773949079.9915557,0.4999847412109375,9.094938344111902e-13
1773949080.091044,0.49999237060546875,4.547469172055951e-13
1773949080.2167194,0.4999961853027344,2.2737345860279756e-13
1773949080.3105726,0.4999980926513672,1.1368672930139878e-13
1773949080.4119925,0.4999990463256836,5.684336465069939e-14
1773949080.492948,0.4999995231628418,2.8421682325349695e-14
1773949080.6253128,0.4999997615814209,1.4210841162674848e-14
1773949080.7616546,0.49999988079071045,7.105420581337424e-15
1773949080.8522427,0.4999999403953552,3.552710290668712e-15
1773949081.0127022,0.4999999701976776,1.776355145334356e-15
1773949081.1877677,0.5,8.88177572667178e-16
1773949081.363983,0.5,4.44088786333589e-16
1773949081.4994414,0.5,2.220443931667945e-16
1773949081.5702627,0.5,1.1102219658339725e-16
1773949081.6929564,0.5,5.5511098291698624e-17
1773949081.7781873,0.5,2.7755549145849312e-17
1773949081.9408891,0.5,1.3877774572924656e-17
1773949082.111212,0.5,6.938887286462328e-18
1773949082.279031,0.5,3.469443643231164e-18
1773949082.4764364,0.5,1.734721821615582e-18
1773949082.6572132,0.5,8.67360910807791e-19
1773949082.8169887,0.5,4.336804554038955e-19
1773949082.987549,0.5,2.1684022770194775e-19
1773949083.0866144,0.5,1.0842011385097387e-19
1773949083.1595113,0.5,5.421005692548694e-20
1773949083.2525508,0.5,2.710502846274347e-20
1773949083.347842,0.5,1.3552514231371734e-20
1773949083.528676,0.5,6.776257115685867e-21
1773949083.6861746,0.5,3.3881285578429336e-21
1773949083.8097653,0.5,1.6940642789214668e-21
1773949083.8997278,0.5,8.470321394607334e-22
1773949084.0189176,0.5,4.235160697303667e-22
1773949084.1462374,0.5,2.1175803486518335e-22
1773949084.287631,0.5,1.0587901743259167e-22
1773949084.4492245,0.5,5.2939508716295837e-23
1773949084.5844526,0.5,2.6469754358147919e-23
1773949084.7087271,0.5,1.3234877179073959e-23
1773949084.7959292,0.5,6.6174385895369796e-24
1773949084.9140894,0.5,3.3087192947684898e-24
1773949085.0281312,0.5,1.6543596473842449e-24
1773949085.2090049,0.5,8.2717982369212245e-25
1773949085.3759108,0.5,4.1358991184606123e-25
1773949085.5604913,0.5,2.0679495592303061e-25
1773949085.693484,0.5,1.0339747796151531e-25
1773949085.826291,0.5,5.1698738980757653e-26
1773949085.902779,0.5,2.5849369490378827e-26
1773949086.0479577,0.5,1.2924684745189413e-26
1773949086.214895,0.5,6.462342372594707e-27
1773949086.3481302,0.5,3.2311711862973533e-27
1773949086.4460611,0.5,1.6155855931486767e-27
1773949086.533771,0.5,8.077927965743383e-28
1773949086.6323287,0.5,4.0389639828716917e-28
1773949086.7548072,0.5,2.0194819914358458e-28
1773949086.8761337,0.5,1.0097409957179229e-28
1773949086.9720812,0.5,5.0487049785896146e-29
1773949087.1451778,0.5,2.5243524892948073e-29
1773949087.2528088,0.5,1.2621762446474036e-29
1773949087.35261,0.5,6.310881223237018e-30
1773949087.5563295,0.5,3.155440611618509e-30
1773949087.6549184,0.5,1.5777203058092546e-30
1773949087.7501068,0.5,7.888601529046273e-31
1773949087.9090621,0.5,3.9443007645231364e-31
1773949088.0555632,0.5,1.9721503822615682e-31
1773949088.124524,0.25,9.860751911307841e-32
1773949088.2991393,0.375,4.9303759556539205e-32
1773949088.4691796,0.4375,2.4651879778269602e-32
1773949088.6129622,0.46875,1.2325939889134801e-32
1773949088.7862809,0.484375,6.1629699445674006e-33
1773949088.8806274,0.4921875,3.0814849722837003e-33
1773949088.9616928,0.49609375,1.5407424861418502e-33
1773949089.1710281,0.4248235821723938,0.1767766922712326
1773949089.2627327,0.4624117910861969,0.0883883461356163
1773949089.3730373,0.48120588064193726,0.04419417306780815
1773949089.5796654,0.49060294032096863,0.022097086533904076
1773949089.6827786,0.4953014850616455,0.011048543266952038
1773949089.7633607,0.49765074253082275,0.005524271633476019
1773949089.8467982,0.4988253712654114,0.0027621358167380095
1773949089.9221127,0.4994126856327057,0.0013810679083690047
1773949090.0100908,0.49970632791519165,0.0006905339541845024
1773949090.113614,0.4998531639575958,0.0003452669770922512
1773949090.2121084,0.4999265968799591,0.0001726334885461256
1773949090.3653197,0.49996328353881836,8.63167442730628e-05
1773949090.483841,0.4999816417694092,4.31583721365314e-05
1773949090.596478,0.4999908208847046,2.15791860682657e-05
1773949090.7619467,0.2499954104423523,1.078959303413285e-05
1773949090.8545191,0.12499770522117615,5.394796517066425e-06
1773949090.94681,0.062498852610588074,0.2500027120113373
1773949091.1127882,0.031249426305294037,0.37500134110450745
1773949091.214457,0.015624713152647018,0.4375006854534149
1773949091.2997015,0.007812356576323509,0.46875032782554626
1773949091.4845717,0.0039061782881617546,0.4843751788139343
1773949091.6679535,0.0019530891440808773,0.49218758940696716
1773949091.7623198,0.0009765445720404387,0.24609379470348358
1773949091.839908,0.0004882722860202193,0.12304689735174179
1773949091.9982636,0.00024413614301010966,0.061523448675870895
1773949092.154949,0.00012206807150505483,0.030761724337935448
1773949092.2805114,6.1034035752527416e-05,0.015380862168967724
1773949092.9841022,0.25,1.8775466514853179e-06
1773949093.0547435,0.375,9.387733257426589e-07
1773949093.1816514,0.4375,4.6938666287132946e-07
1773949093.2907577,0.46875,2.3469333143566473e-07
1773949093.4281206,0.484375,1.1734666571783237e-07
1773949093.5977302,0.4921875,5.867333285891618e-08
1773949093.6986523,0.49609375,2.933666642945809e-08
1773949093.793806,0.498046875,1.4668333214729046e-08
1773949093.933504,0.4990234375,7.334166607364523e-09
1773949094.0247507,0.49951171875,3.6670833036822614e-09
1773949094.1635287,0.249755859375,1.8335416518411307e-09
1773949094.2386916,0.1248779296875,9.167708259205654e-10
1773949094.399901,0.06243896484375,4.583854129602827e-10
1773949094.5889454,0.031219482421875,2.2919270648014134e-10
1773949094.6925068,0.0156097412109375,1.1459635324007067e-10
1773949094.8667498,0.2519512176513672,1.4324544155008834e-11
1773949094.946792,0.3759756088256836,7.162272077504417e-12
1773949095.0626838,0.4379878044128418,3.5811360387522084e-12
1773949095.158437,0.4689939022064209,1.7905680193761042e-12
1773949095.2529616,0.48449695110321045,8.952840096880521e-13
1773949095.351307,0.4922484755516052,4.4764200484402605e-13
1773949095.5063627,0.4961242377758026,2.2382100242201303e-13
1773949095.6731405,0.4980621337890625,1.1191050121100651e-13
1773949095.7731383,0.49903106689453125,5.5955250605503257e-14
1773949095.862898,0.4995155334472656,2.7977625302751628e-14
1773949096.0207028,0.4997577667236328,1.3988812651375814e-14
1773949096.1529343,0.4998788833618164,6.994406325687907e-15
1773949096.2344735,0.4999394416809082,3.4972031628439535e-15
1773949096.3841288,0.4999697208404541,1.7486015814219768e-15
1773949096.5067272,0.49998486042022705,8.743007907109884e-16
1773949096.5804362,0.4999924302101135,4.371503953554942e-16
1773949096.676155,0.49999621510505676,2.185751976777471e-16
1773949096.7801242,0.4999980926513672,1.0928759883887355e-16
1773949096.914446,0.4267757534980774,-0.1767766922712326
1773949097.1037822,0.3901645839214325,-0.2651650309562683
1773949097.2796187,0.44508227705955505,-0.13258251547813416
1773949097.3986638,0.4725411534309387,-0.06629125773906708
1773949097.5107975,0.48627057671546936,-0.03314562886953354
1773949097.6669443,0.4931352734565735,-0.01657281443476677
1773949097.7987983,0.49656763672828674,-0.008286407217383385
1773949097.9232259,0.49828383326530457,-0.004143203608691692
1773949098.0527885,0.4991419017314911,-0.002071601804345846
1773949098.2256212,0.49957096576690674,-0.001035800902172923
1773949098.3308282,0.49978548288345337,-0.0005179004510864615
1773949098.4409041,0.4998927414417267,-0.00025895022554323077
1773949098.5739436,0.49994635581970215,-0.00012947511277161539
1773949098.650479,0.4999731779098511,-6.473755638580769e-05
1773949098.8172858,0.49998658895492554,-3.2368778192903847e-05
1773949098.9418664,0.49999329447746277,-1.6184389096451923e-05
1773949099.0414815,0.4999966621398926,-8.092194548225962e-06
1773949099.1619594,0.4999983310699463,-4.046097274112981e-06
1773949099.2678003,0.42677584290504456,-0.17677871882915497
1773949099.4042704,0.3901646137237549,-0.2651660442352295
1773949099.5833273,0.37185901403427124,-0.30935972929000854
1773949099.673434,0.36270618438720703,-0.3314565420150757
1773949099.7627573,0.3581297993659973,-0.34250497817993164
1773949099.882219,0.42906489968299866,-0.17125248908996582
1773949099.9744263,0.46453243494033813,-0.08562624454498291
1773949100.1129625,0.48226621747016907,-0.042813122272491455
1773949100.2329044,0.4911331236362457,-0.021406561136245728
1773949100.3051977,0.49556654691696167,-0.010703280568122864
1773949100.490439,0.49778327345848083,-0.005351640284061432
1773949100.6298466,0.4988916516304016,-0.002675820142030716
1773949100.7686877,0.4994458258152008,-0.001337910071015358
1773949100.8413303,0.426499605178833,-0.177445650100708
1773949100.9615018,0.3900265097618103,-0.2654995322227478
1773949101.0607173,0.19501325488090515,-0.3827497661113739
1773949101.2399163,0.09750662744045258,-0.19137488305568695
1773949101.3678496,0.2987533211708069,-0.09568744152784348
1773949101.4830978,0.39937666058540344,-0.04784372076392174
1773949101.634075,0.4496883153915405,-0.02392186038196087
1773949101.757498,0.47484415769577026,-0.011960930190980434
1773949101.8680086,0.48742207884788513,-0.005980465095490217
1773949102.0280628,0.49371105432510376,-0.0029902325477451086
1773949102.193453,0.4968555271625519,-0.0014951162738725543
1773949102.289973,0.49842774868011475,-0.0007475581369362772
1773949102.3748965,0.4992138743400574,-0.0003737790684681386
1773949102.5628629,0.4996069371700287,-0.0001868895342340693
1773949102.6574242,0.49980348348617554,-9.344476711703464e-05
1773949102.7423646,0.49990174174308777,-4.672238355851732e-05
1773949102.8420944,0.4999508559703827,-2.336119177925866e-05
1773949102.9123178,0.49997544288635254,-1.168059588962933e-05
1773949103.0450687,0.49998772144317627,-5.840297944814665e-06
1773949103.180535,0.49999386072158813,-2.9201489724073326e-06
1773949103.2839847,0.49999693036079407,-1.4600744862036663e-06
1773949103.4165535,0.49999845027923584,-7.300372431018332e-07
1773949103.4889674,0.4999992251396179,-3.650186215509166e-07
1773949103.6298444,0.49999961256980896,-1.825093107754583e-07
1773949103.79496,0.4999998211860657,-9.125465538772914e-08
1773949103.8878083,0.49999991059303284,-4.562732769386457e-08
1773949103.9805627,0.4999999403953552,-2.2813663846932286e-08
1773949104.1577034,0.4999999701976776,-1.1406831923466143e-08
1773949104.3323617,0.5,-5.7034159617330715e-09
1773949104.4251847,0.5,-2.8517079808665358e-09
1773949104.5212092,0.5,-1.4258539904332679e-09
1773949104.617482,0.5,-7.129269952166339e-10
1773949104.6812887,0.5,-3.5646349760831697e-10
1773949104.777417,0.5,-1.7823174880415849e-10
1773949104.8719244,0.5,-8.911587440207924e-11
1773949105.0084007,0.5,-4.455793720103962e-11
1773949105.1086283,0.5,-2.227896860051981e-11
1773949105.201095,0.5,-1.1139484300259905e-11
1773949105.303485,0.5,-5.569742150129953e-12
1773949105.4832287,0.5,-2.7848710750649763e-12
1773949105.6038575,0.5,-1.3924355375324882e-12
1773949105.6858277,0.5,-6.962177687662441e-13
1773949105.8067946,0.5,-3.4810888438312204e-13
1773949105.939689,0.5,-1.7405444219156102e-13
1773949106.066683,0.5,-8.702722109578051e-14
1773949106.2466717,0.5,-4.3513610547890255e-14
1773949106.4561887,0.5,-2.1756805273945128e-14
1773949106.5548277,0.5,-1.0878402636972564e-14
1773949106.685686,0.5,-5.439201318486282e-15
1773949106.8351114,0.5,-2.719600659243141e-15
1773949106.944761,0.5,-1.3598003296215705e-15
1773949107.0479398,0.5,-6.799001648107852e-16
1773949107.1807888,0.5,-3.399500824053926e-16
1773949107.3215048,0.5,-1.699750412026963e-16
1773949107.487292,0.5,-8.498752060134815e-17
1773949107.6463957,0.5,-4.249376030067408e-17
1773949107.737299,0.5,-2.124688015033704e-17
1773949107.8729045,0.25,-1.062344007516852e-17
1773949107.9871905,0.125,-5.31172003758426e-18
1773949108.0849812,0.0625,-2.65586001879213e-18
1773949108.2020798,0.03125,-1.327930009396065e-18
1773949108.3157833,0.015625,-6.639650046980325e-19
1773949108.9528816,7.62939453125e-06,-0.25
1773949109.089005,3.814697265625e-06,-0.375
1773949109.2471595,1.9073486328125e-06,-0.4375
1773949109.3443198,9.5367431640625e-07,-0.46875
1773949109.4414907,4.76837158203125e-07,-0.484375
1773949109.6178744,2.384185791015625e-07,-0.4921875
1773949109.7124875,1.1920928955078125e-07,-0.49609375
1773949109.8038297,5.960464477539063e-08,-0.498046875
1773949109.9296794,2.9802322387695312e-08,-0.4990234375
1773949110.0307884,1.4901161193847656e-08,-0.49951171875
1773949110.1651018,7.450580596923828e-09,-0.499755859375
1773949110.3539872,3.725290298461914e-09,-0.4998779296875
1773949110.5677624,1.862645149230957e-09,-0.49993896484375
1773949110.663812,9.313225746154785e-10,-0.499969482421875
1773949110.7699702,4.656612873077393e-10,-0.4999847412109375
1773949110.8940165,2.3283064365386963e-10,-0.49999237060546875
1773949111.01481,1.1641532182693481e-10,-0.4999961853027344
1773949111.1370673,5.820766091346741e-11,-0.4999980926513672
1773949111.2504327,2.9103830456733704e-11,-0.4999990463256836
1773949111.4190755,1.4551915228366852e-11,-0.4999995231628418
1773949111.552017,7.275957614183426e-12,-0.4999997615814209
1773949111.6482003,3.637978807091713e-12,-0.49999988079071045
1773949111.777907,1.8189894035458565e-12,-0.24999994039535522
1773949111.912955,9.094947017729282e-13,-0.12499997019767761
1773949112.0140488,0.25,-0.062499985098838806
1773949112.165126,0.375,-0.031249992549419403
1773949112.3489165,0.4375,-0.015624996274709702
1773949112.4420466,0.46875,-0.007812498137354851
1773949112.5556166,0.484375,-0.0039062490686774254
1773949112.690031,0.4921875,-0.0019531245343387127
1773949112.8168561,0.49609375,-0.0009765622671693563
1773949112.9236517,0.498046875,-0.0004882811335846782
1773949113.066384,0.4990234375,-0.0002441405667923391
1773949113.1693444,0.49951171875,-0.00012207028339616954
1773949113.3236256,0.499755859375,-6.103514169808477e-05
1773949113.5147948,0.4998779296875,-3.0517570849042386e-05
1773949113.6182714,0.49993896484375,-1.5258785424521193e-05
1773949113.70767,0.499969482421875,-7.6293927122605965e-06
1773949113.8828795,0.4267614483833313,0.17677287757396698
1773949114.0948646,0.39015740156173706,0.2651631236076355
1773949114.1914246,0.19507870078086853,0.38258156180381775
1773949114.341723,0.09753935039043427,0.19129078090190887
1773949114.4602787,0.04876967519521713,0.09564539045095444
1773949114.5333002,0.024384837597608566,0.04782269522547722
1773949114.6287906,0.012192418798804283,0.02391134761273861
1773949114.720571,0.006096209399402142,0.011955673806369305
1773949115.6372585,9.302077330630709e-08,0.2500001788139343
1773949115.7692378,4.6510386653153546e-08,0.37500008940696716
1773949115.8673759,2.3255193326576773e-08,0.4375000596046448
1773949115.9953108,1.1627596663288386e-08,0.4687500298023224
1773949116.100967,5.813798331644193e-09,0.484375
1773949116.2509258,2.9068991658220966e-09,0.4921875
1773949116.4298184,1.4534495829110483e-09,0.49609375
1773949116.5609672,7.267247914555242e-10,0.498046875
1773949116.6988895,3.633623957277621e-10,0.4990234375
1773949116.8258085,1.8168119786388104e-10,0.49951171875
1773949116.9364889,9.084059893194052e-11,0.499755859375
1773949117.0721717,4.542029946597026e-11,0.2498779296875
1773949117.161496,2.271014973298513e-11,0.12493896484375
1773949117.2828333,1.1355074866492565e-11,0.062469482421875
1773949117.4065928,5.6775374332462825e-12,0.0312347412109375
1773949117.6032944,0.25,0.01561737060546875
1773949117.7103698,0.375,0.007808685302734375
1773949117.810325,0.4375,0.0039043426513671875
1773949117.9450998,0.46875,0.0019521713256835938
1773949118.0432072,0.484375,0.0009760856628417969
1773949118.1855683,0.4921875,0.00048804283142089844
1773949118.3105612,0.49609375,0.00024402141571044922
1773949118.4338796,0.498046875,0.00012201070785522461
1773949118.5570927,0.4990234375,6.1005353927612305e-05
1773949118.687039,0.49951171875,3.0502676963806152e-05
1773949118.8025703,0.499755859375,1.5251338481903076e-05
1773949118.911902,0.4998779296875,7.625669240951538e-06
1773949119.111772,0.49993896484375,3.812834620475769e-06
1773949119.2521179,0.499969482421875,1.9064173102378845e-06
1773949119.3195806,0.4999847412109375,9.532086551189423e-07
1773949119.4919286,0.49999237060546875,4.7660432755947113e-07
1773949119.6198747,0.4999961853027344,2.3830216377973557e-07
1773949119.7275174,0.4999980926513672,1.1915108188986778e-07
1773949119.8864107,0.4999990463256836,5.957554094493389e-08
1773949120.0592244,0.4267762303352356,-0.17677666246891022
1773949120.1875236,0.4633881151676178,-0.08838833123445511
1773949120.2629845,0.4816940426826477,-0.044194165617227554
1773949120.4409182,0.49084702134132385,-0.022097082808613777
1773949120.5992725,0.4954235255718231,-0.011048541404306889
1773949120.739712,0.49771174788475037,-0.005524270702153444
1773949120.8610225,0.4988558888435364,-0.002762135351076722
1773949120.9535031,0.4994279444217682,-0.001381067675538361
1773949121.1084404,0.4264906644821167,-0.1774672269821167
1773949121.2730534,0.39002203941345215,-0.26551032066345215
1773949121.4098663,0.3717876970767975,-0.3095318377017975
1773949121.483489,0.43589386343955994,-0.15476591885089874
1773949121.603725,0.4679469168186188,-0.07738295942544937
1773949121.7064507,0.4839734733104706,-0.038691479712724686
1773949121.8267534,0.4919867217540741,-0.019345739856362343
1773949121.947815,0.42277005314826965,-0.1864495724439621
1773949122.0389616,0.38816171884536743,-0.27000147104263306
1773949122.145114,0.3708575665950775,-0.3117774426937103
1773949122.2634137,0.36220547556877136,-0.33266541361808777
1773949122.3859491,0.3578794300556183,-0.3431093990802765
1773949122.4870105,0.35571640729904175,-0.34833139181137085
1773949122.6577978,0.4278582036495209,-0.17416569590568542
1773949122.771216,0.46392911672592163,-0.08708284795284271
1773949122.8588061,0.4819645583629608,-0.043541423976421356
1773949122.9845376,0.4909822642803192,-0.021770711988210678
1773949123.0781221,0.4954911470413208,-0.010885355994105339
1773949123.2179475,0.4245222508907318,-0.18221937119960785
1773949123.3532069,0.2122611254453659,-0.3411096930503845
1773949123.452078,0.10613056272268295,-0.42055484652519226
1773949123.5863092,0.053065281361341476,-0.21027742326259613
1773949123.7171423,0.2765326499938965,-0.10513871163129807
1773949123.8137984,0.38826632499694824,-0.05256935581564903
1773949123.984555,0.4441331624984741,-0.026284677907824516
1773949124.077157,0.47206658124923706,-0.013142338953912258
1773949124.1990697,0.48603329062461853,-0.006571169476956129
1773949124.3286285,0.49301663041114807,-0.0032855847384780645
1773949124.4291432,0.49650833010673523,-0.0016427923692390323
1773949124.5892935,0.4982541501522064,-0.0008213961846195161
1773949124.6836572,0.4991270899772644,-0.00041069809230975807
1773949124.7991028,0.4995635449886322,-0.00020534904615487903
1773949124.9716344,0.4997817575931549,-0.00010267452307743952
1773949125.1610823,0.49989089369773865,-5.133726153871976e-05
1773949125.2690258,0.49994543194770813,-2.566863076935988e-05
1773949125.3642805,0.42674940824508667,-0.1767895221710205
1773949125.5358639,0.39015141129493713,-0.26517146825790405
1773949125.6966345,0.37185239791870117,-0.30936241149902344
1773949125.8011985,0.3627029061317444,-0.3314579129219055
1773949125.9341338,0.4313514530658722,-0.16572895646095276
1773949126.0544581,0.4656757116317749,-0.08286447823047638
1773949126.1581588,0.48283785581588745,-0.04143223911523819
1773949126.355786,0.4914189279079437,-0.020716119557619095
1773949126.5426903,0.49570947885513306,-0.010358059778809547
1773949126.635448,0.49785473942756653,-0.005179029889404774
1773949126.7582028,0.49892735481262207,-0.002589514944702387
1773949126.894412,0.49946367740631104,-0.0012947574723511934
1773949126.9889731,0.4265085458755493,-0.17742407321929932
1773949127.1202345,0.46325427293777466,-0.08871203660964966
1773949127.288782,0.48162713646888733,-0.04435601830482483
1773949127.3836334,0.49081355333328247,-0.022178009152412415
1773949127.486835,0.49540677666664124,-0.011089004576206207
1773949127.6122177,0.4977034032344818,-0.005544502288103104
1773949127.7352843,0.4988516867160797,-0.002772251144051552
1773949127.845575,0.49942585825920105,-0.001386125572025776
1773949127.9465415,0.49971291422843933,-0.000693062786012888
1773949128.0222752,0.49985647201538086,-0.000346531393006444
1773949128.2167988,0.49992823600769043,-0.000173265696503222
1773949128.3213475,0.4999641180038452,-8.6632848251611e-05
1773949128.3993073,0.4999820590019226,-4.33164241258055e-05
1773949128.5746841,0.4999910295009613,-2.165821206290275e-05
1773949128.6679196,0.49999549984931946,-1.0829106031451374e-05
1773949128.7611477,0.4999977648258209,-5.414553015725687e-06
1773949128.8637588,0.49999886751174927,-2.7072765078628436e-06
1773949128.9893851,0.49999943375587463,-1.3536382539314218e-06
1773949129.1127422,0.4999997317790985,-6.768191269657109e-07
1773949129.207026,0.49999985098838806,-3.3840956348285545e-07
1773949129.3595443,0.4999999403953552,-1.6920478174142772e-07
1773949129.4557867,0.4999999701976776,-8.460239087071386e-08
1773949129.5596251,0.4999999701976776,-4.230119543535693e-08
1773949129.6803763,0.5,-2.1150597717678465e-08
1773949129.830908,0.5,-1.0575298858839233e-08
1773949129.958311,0.5,-5.287649429419616e-09
1773949130.1174154,0.5,-2.643824714709808e-09
1773949130.29193,0.5,-1.321912357354904e-09
1773949130.3970735,0.5,-6.60956178677452e-10
1773949130.477934,0.5,-3.30478089338726e-10
1773949130.6024992,0.5,-1.65239044669363e-10
1773949130.753797,0.5,-8.26195223346815e-11
1773949130.904219,0.5,-4.130976116734075e-11
1773949130.9811692,0.5,-2.0654880583670376e-11
1773949131.1067705,0.5,-1.0327440291835188e-11
1773949131.2057981,0.5,-5.163720145917594e-12
1773949131.346002,0.5,-2.581860072958797e-12
1773949131.4822865,0.5,-1.2909300364793985e-12
1773949131.5878289,0.5,-6.454650182396993e-13
1773949131.7452986,0.5,-3.2273250911984963e-13
1773949131.9352157,0.5,-1.6136625455992482e-13
1773949132.063262,0.5,-8.068312727996241e-14
1773949132.1329806,0.5,-4.0341563639981204e-14
1773949132.302932,0.5,-2.0170781819990602e-14
1773949132.4736118,0.5,-1.0085390909995301e-14
1773949132.6421163,0.5,-5.0426954549976505e-15
1773949132.7682238,0.5,-2.5213477274988252e-15
1773949132.8622346,0.5,-1.2606738637494126e-15
1773949132.9880965,0.5,-6.303369318747063e-16
1773949133.108512,0.5,-3.1516846593735316e-16
1773949133.2125268,0.5,-1.5758423296867658e-16
1773949133.3308916,0.5,-7.879211648433829e-17
1773949133.4029145,0.5,-3.9396058242169144e-17
1773949133.496929,0.5,-1.9698029121084572e-17
1773949133.593436,0.5,-9.849014560542286e-18
1773949133.762908,0.5,-4.924507280271143e-18
1773949133.858256,0.5,-2.4622536401355715e-18
1773949133.9560707,0.5,-1.2311268200677858e-18
1773949134.0926673,0.5,-6.155634100338929e-19
1773949134.1873305,0.5,-3.0778170501694644e-19
1773949134.3320706,0.5,-1.5389085250847322e-19
1773949134.4242723,0.5,-7.694542625423661e-20
1773949134.5296068,0.5,-3.8472713127118305e-20
1773949134.6396368,0.5,-1.9236356563559153e-20
1773949134.7269924,0.5,-9.618178281779576e-21
1773949134.8504758,0.5,-4.809089140889788e-21
1773949134.9433582,0.5,-2.404544570444894e-21
1773949135.078897,0.5,-1.202272285222447e-21
1773949135.1904023,0.5,-6.011361426112235e-22
1773949135.3283455,0.5,-3.0056807130561176e-22
1773949135.465906,0.5,-1.5028403565280588e-22
1773949135.5457313,0.5,-7.514201782640294e-23
1773949135.70311,0.5,-3.757100891320147e-23
1773949135.800356,0.5,-1.8785504456600735e-23
1773949135.8932502,0.5,-9.392752228300367e-24
1773949135.990654,0.5,-4.696376114150184e-24
1773949136.0730855,0.5,-2.348188057075092e-24
1773949136.208964,0.5,-1.174094028537546e-24
1773949136.3529928,0.5,-5.87047014268773e-25
1773949136.464276,0.5,-2.935235071343865e-25
1773949136.6308134,0.5,-1.4676175356719324e-25
1773949136.7202594,0.5,-7.338087678359662e-26
1773949136.8146598,0.5,-3.669043839179831e-26
1773949137.0028868,0.5,-1.8345219195899155e-26
1773949137.1097884,0.5,-9.172609597949578e-27
1773949137.22942,0.5,-4.586304798974789e-27
1773949137.360908,0.5,-2.2931523994873944e-27
1773949137.4353795,0.5,-1.1465761997436972e-27
1773949137.6292388,0.5,-5.732880998718486e-28
1773949137.7621007,0.5,-2.866440499359243e-28
1773949137.873896,0.5,-1.4332202496796215e-28
1773949138.0774393,0.5,-7.166101248398107e-29
1773949138.1976395,0.5,-3.583050624199054e-29
1773949138.308397,0.5,-1.791525312099527e-29
1773949138.4290717,0.5,-8.957626560497634e-30
1773949138.5100245,0.5,-4.478813280248817e-30
1773949138.683623,0.5,-2.2394066401244086e-30
1773949138.8153677,0.5,-1.1197033200622043e-30
1773949138.890344,0.5,-5.5985166003110215e-31
1773949139.0180528,0.5,-2.7992583001555107e-31
1773949139.1579,0.5,-1.3996291500777554e-31
1773949139.279042,0.5,-6.998145750388777e-32
1773949139.3972483,0.5,-3.4990728751943884e-32
1773949139.5891142,0.5,-1.7495364375971942e-32
1773949139.695072,0.5,-8.747682187985971e-33
1773949139.7832522,0.5,-4.3738410939929855e-33
1773949139.950776,0.5,-2.1869205469964928e-33
1773949140.1352518,0.5,-1.0934602734982464e-33
1773949140.259504,0.5,-5.467301367491232e-34
1773949140.3781037,0.5,-2.733650683745616e-34
1773949140.5664628,0.5,-1.366825341872808e-34
1773949140.6561868,0.5,-6.83412670936404e-35
1773949140.730202,0.5,-3.41706335468202e-35
1773949140.8966305,0.5,-1.70853167734101e-35
1773949140.9953487,0.5,-8.54265838670505e-36
1773949141.148979,0.5,-4.271329193352525e-36
1773949141.3270414,0.5,-2.1356645966762625e-36
1773949141.462473,0.5,-1.0678322983381312e-36
1773949141.5429149,0.5,-5.339161491690656e-37
1773949141.6765325,0.5,-2.669580745845328e-37
1773949141.7793815,0.5,-1.334790372922664e-37
1773949141.8620849,0.5,-6.67395186461332e-38
1773949141.9802547,0.5,-3.33697593230666e-38
1773949142.0802863,0.5,-1.66848796615333e-38
1773949142.2546582,0.5,-8.34243983076665e-39
1773949142.423422,0.5,-4.171219915383325e-39
1773949142.5560956,0.5,-2.0856099576916626e-39
1773949142.654385,0.5,-1.0428056794950634e-39
1773949142.760113,0.5,-5.214021390982996e-40
1773949142.877482,0.5,-2.6070177019838194e-40
1773949143.0035996,0.5,-1.303501844499588e-40
1773949143.1413474,0.5,-6.517579287421157e-41
1773949143.274955,0.5,-3.258719578787362e-41
1773949143.3908587,0.5,-1.6294298543168973e-41
1773949143.4871354,0.5,-8.147149271584486e-42
1773949143.669053,0.5,-4.073574635792243e-42
1773949143.8368735,0.5,-2.0360866686639592e-42
1773949144.0041893,0.5,-1.018743983564142e-42
1773949144.2244341,0.5,-5.086713425499086e-43
1773949144.4069488,0.5,-2.550363205071167e-43
1773949144.5865614,0.5,-1.2751816025355835e-43
1773949144.7470937,0.5,-6.305843089461677e-44
1773949144.84327,0.5,-3.2229864679470793e-44
1773949144.9370377,0.5,-1.5414283107572988e-44
1773949145.0428004,0.5,-8.407790785948902e-45
1773949145.150996,0.5,-4.203895392974451e-45
1773949145.2841003,0.5,-1.401298464324817e-45
1773949145.3638878,0.5,-1.401298464324817e-45
1773949145.484351,0.5,-0.0
1773949145.6023874,0.5,-0.0
1773949145.7916894,0.5,-0.0
1773949145.8830733,0.5,-0.0
1773949145.9773366,0.5,-0.0
1773949146.1628628,0.5,-0.0
1773949146.297563,0.5,-0.0
1773949146.3756752,0.5,-0.0
1773949146.51282,0.5,-0.0
1773949146.5975168,0.5,-0.0
1773949146.790033,0.5,-0.0
1773949146.8827677,0.5,-0.0
1773949146.9867733,0.5,-0.0
1773949147.1779292,0.5,-0.0
1773949147.2802813,0.5,-0.0
1773949147.4017015,0.5,-0.0
1773949147.6052084,0.4267767071723938,-0.1767766922712326
1773949147.7674608,0.3901650309562683,-0.2651650309562683
1773949147.9136274,0.44508251547813416,-0.13258251547813416
1773949147.9815164,0.47254127264022827,-0.06629125773906708
1773949148.1802278,0.48627063632011414,-0.03314562886953354
1773949148.2981625,0.4931353032588959,-0.01657281443476677
1773949148.396072,0.49656766653060913,-0.008286407217383385
1773949148.532087,0.49828383326530457,-0.004143203608691692
1773949148.6340604,0.4991419017314911,-0.002071601804345846
1773949148.7584379,0.49957096576690674,-0.001035800902172923
1773949148.8977902,0.49978548288345337,-0.0005179004510864615
1773949148.9908795,0.4266694486141205,-0.1770356446504593
1773949149.1242363,0.39011141657829285,-0.26529452204704285
1773949149.3102012,0.37183240056037903,-0.30942395329475403
1773949149.4437785,0.4359162151813507,-0.15471197664737701
1773949149.5170524,0.46795809268951416,-0.07735598832368851
1773949149.6764297,0.4839790463447571,-0.038677994161844254
1773949149.80978,0.49198952317237854,-0.019338997080922127
1773949149.8787513,0.49599477648735046,-0.009669498540461063
1773949150.0497744,0.49799737334251404,-0.004834749270230532
1773949150.2227404,0.4989987015724182,-0.002417374635115266
1773949150.3413646,0.4994993507862091,-0.001208687317557633
1773949150.43235,0.49974966049194336,-0.0006043436587788165
1773949150.5971966,0.4998748302459717,-0.00030217182938940823
1773949150.7259603,0.49993741512298584,-0.00015108591469470412
1773949150.8265557,0.4999687075614929,-7.554295734735206e-05
1773949150.9672177,0.49998435378074646,-3.777147867367603e-05
1773949151.1302085,0.4999921917915344,-1.8885739336838014e-05
1773949151.234282,0.4999960958957672,-9.442869668419007e-06
1773949151.3713012,0.4999980330467224,-4.721434834209504e-06
1773949151.488553,0.4999990165233612,-2.360717417104752e-06
1773949151.6037629,0.4999995231628418,-1.180358708552376e-06
1773949151.7594006,0.4999997615814209,-5.90179354276188e-07
1773949151.8669455,0.49999988079071045,-2.95089677138094e-07
1773949151.973664,0.426776647567749,0.17677654325962067
1773949152.147645,0.4633883237838745,0.08838827162981033
1773949152.2901564,0.48169416189193726,0.04419413581490517
1773949152.381296,0.49084708094596863,0.022097067907452583
1773949152.5037458,0.4954235255718231,0.011048533953726292
1773949152.5925462,0.49771177768707275,0.005524266976863146
1773949152.7585673,0.4988558888435364,0.002762133488431573
1773949152.8525116,0.4994279444217682,0.0013810667442157865
1773949152.9570885,0.4997139573097229,0.0006905333721078932
1773949153.0796669,0.49985697865486145,0.0003452666860539466
1773949153.1623461,0.4999285042285919,0.0001726333430269733
1773949153.2673655,0.49996423721313477,8.631667151348665e-05
1773949153.3947723,0.4999821186065674,4.315833575674333e-05
1773949153.530037,0.4999910593032837,2.1579167878371663e-05
1773949153.6199603,0.49999552965164185,1.0789583939185832e-05
1773949153.7400458,0.4999977648258209,5.394791969592916e-06
1773949153.8501446,0.49999889731407166,2.697395984796458e-06
1773949153.9474983,0.49999943375587463,1.348697992398229e-06
1773949154.1283567,0.4999997317790985,6.743489961991145e-07
1773949154.3083668,0.49999985098838806,3.3717449809955724e-07
1773949154.406225,0.4999999403953552,1.6858724904977862e-07
1773949154.5378156,0.4999999701976776,8.429362452488931e-08
1773949154.6611297,0.4999999701976776,4.2146812262444655e-08
1773949154.7416072,0.5,2.1073406131222328e-08
1773949154.831695,0.5,1.0536703065611164e-08
1773949154.9341595,0.4267767071723938,0.1767767071723938
1773949155.0578964,0.4633883535861969,0.0883883535861969
1773949155.153218,0.48169416189193726,0.04419417679309845
1773949155.2621143,0.49084708094596863,0.022097088396549225
1773949155.3896382,0.4954235553741455,0.011048544198274612
1773949155.4860294,0.49771177768707275,0.005524272099137306
1773949155.6078224,0.4988558888435364,0.002762136049568653
1773949155.7697666,0.4994279444217682,0.0013810680247843266
1773949155.9776213,0.4997139573097229,0.0006905340123921633
1773949156.0725532,0.49985697865486145,0.00034526700619608164
1773949156.21038,0.4999285042285919,0.00017263350309804082
1773949156.3009284,0.49996423721313477,8.631675154902041e-05
1773949156.420757,0.4999821186065674,4.3158375774510205e-05
1773949156.552379,0.4999910593032837,2.1579187887255102e-05
1773949156.6803293,0.49999552965164185,1.0789593943627551e-05
1773949156.7717648,0.4999977648258209,5.394796971813776e-06
1773949156.8659701,0.49999889731407166,2.697398485906888e-06
1773949156.9501007,0.49999943375587463,1.348699242953444e-06
1773949157.0866144,0.4267764091491699,0.17677736282348633
1773949157.1802955,0.39016491174697876,0.26516538858413696
1773949157.3726997,0.3718591332435608,0.3093593716621399
1773949157.4717612,0.3627062737941742,0.33145639300346375
1773949157.5947642,0.3581298291683197,0.3425048887729645
1773949157.765476,0.35584160685539246,0.34802913665771484
1773949157.8723145,0.4279208183288574,0.17401456832885742
1773949157.9566991,0.4639604091644287,0.08700728416442871
1773949158.1374078,0.48198020458221436,0.043503642082214355
1773949158.229332,0.4909901022911072,0.021751821041107178
1773949158.343929,0.4954950511455536,0.010875910520553589
1773949158.463491,0.4977475106716156,0.005437955260276794
1773949158.5592477,0.498873770236969,0.002718977630138397
1773949158.6811173,0.4994368851184845,0.0013594888150691986
1773949158.7792804,0.49971842765808105,0.0006797444075345993
1773949158.9226775,0.4998592138290405,0.00033987220376729965
1773949158.9930708,0.49992960691452026,0.00016993610188364983
1773949159.1943119,0.42674151062965393,-0.17669172585010529
1773949159.406877,0.46337074041366577,-0.08834586292505264
1773949159.5086596,0.4816853702068329,-0.04417293146252632
1773949159.6378863,0.49084270000457764,-0.02208646573126316
1773949159.7646441,0.4954213500022888,-0.01104323286563158
1773949159.8645558,0.4977106750011444,-0.00552161643281579
1773949160.057674,0.4256320297718048,-0.17953750491142273
1773949160.2722638,0.389592707157135,-0.26654544472694397
1773949160.4755185,0.3715730607509613,-0.3100494146347046
1773949160.6006062,0.36256322264671326,-0.3318014144897461
1773949160.6886082,0.35805830359458923,-0.34267738461494446
1773949160.8153827,0.3558058440685272,-0.34811538457870483
1773949160.9289324,0.3546796143054962,-0.3508343994617462
1773949161.1068223,0.3541164994239807,-0.3521938920021057
1773949161.2193336,0.35383495688438416,-0.35287365317344666
1773949161.348563,0.3536941707134247,-0.35321351885795593
1773949161.4822488,0.35362377762794495,-0.35338345170021057
1773949161.5991676,0.3535885810852051,-0.3534684181213379
1773949161.7235308,0.35357099771499634,-0.35351091623306274
1773949161.818231,0.3535621762275696,-0.3535321354866028
1773949161.9328747,0.3535577952861786,-0.3535427749156952
1773949162.0509398,0.3535555899143219,-0.3535480797290802
1773949162.1900883,0.42677780985832214,-0.1767740398645401
1773949162.296575,0.4633888900279999,-0.08838701993227005
1773949162.4201922,0.48169445991516113,-0.044193509966135025
1773949162.5938375,0.49084722995758057,-0.022096754983067513
1773949162.7136858,0.4954236149787903,-0.011048377491533756
1773949162.8467846,0.49771180748939514,-0.005524188745766878
1773949162.9811811,0.4988558888435364,-0.002762094372883439
1773949163.1157877,0.4994279444217682,-0.0013810471864417195
1773949163.2063541,0.4997139871120453,-0.0006905235932208598
1773949163.3465436,0.49985697865486145,-0.0003452617966104299
1773949163.4774942,0.4999285042285919,-0.00017263089830521494
1773949163.601702,0.49996423721313477,-8.631544915260747e-05
1773949163.733456,0.4999821186065674,-4.3157724576303735e-05
1773949163.869157,0.4999910593032837,-2.1578862288151868e-05
1773949164.0045345,0.49999552965164185,-1.0789431144075934e-05
1773949164.1110983,0.24999776482582092,-5.394715572037967e-06
1773949164.2368338,0.12499888241291046,-2.6973577860189835e-06
1773949164.3555665,0.06249944120645523,0.24999864399433136
1773949164.4780385,0.031249720603227615,0.3749993145465851
1773949164.6333544,0.015624860301613808,0.43749967217445374
1773949164.7393992,0.007812430150806904,0.4687498211860657
1773949164.8423712,0.003906215075403452,0.48437491059303284
1773949164.9705148,0.001953107537701726,0.4921874701976776
1773949165.1134644,0.000976553768850863,0.4960937201976776
1773949165.237362,0.0004882768844254315,0.498046875
1773949165.3562028,0.00024413844221271574,0.4990234375
1773949165.5748947,0.00012206922110635787,0.49951171875
1773949165.674106,6.1034610553178936e-05,0.499755859375
1773949165.7899375,3.0517305276589468e-05,0.4998779296875
1773949165.9837685,1.5258652638294734e-05,0.24993896484375
1773949166.185216,7.629326319147367e-06,0.124969482421875
1773949166.3097177,3.8146631595736835e-06,0.0624847412109375
1773949166.4594858,0.2500019073486328,0.03124237060546875
1773949166.725591,0.3750009536743164,0.015621185302734375
1773949166.8433447,0.4375004768371582,0.0078105926513671875
1773949166.985359,0.4687502384185791,0.0039052963256835938
1773949167.1334343,0.48437511920928955,0.0019526481628417969
1773949167.2683005,0.4921875596046448,0.0009763240814208984
1773949167.3877158,0.4960937798023224,0.0004881620407104492
1773949167.5493433,0.498046875,0.0002440810203552246
1773949167.674528,0.4990234375,0.0001220405101776123
1773949167.8109796,0.49951171875,6.102025508880615e-05
1773949167.8993359,0.499755859375,3.0510127544403076e-05
1773949168.08958,0.4998779296875,1.5255063772201538e-05
1773949168.3312874,0.49993896484375,7.627531886100769e-06
1773949168.447589,0.499969482421875,3.8137659430503845e-06
1773949168.6231048,0.4999847412109375,1.9068829715251923e-06
1773949168.7323558,0.49999237060546875,9.534414857625961e-07
1773949168.8939457,0.4999961853027344,4.7672074288129807e-07
1773949169.0102558,0.4999980926513672,2.3836037144064903e-07
1773949169.203804,0.4999990463256836,1.1918018572032452e-07
1773949169.3267298,0.2499995231628418,5.959009286016226e-08
1773949169.5352888,0.1249997615814209,2.979504643008113e-08
1773949169.6279655,0.06249988079071045,1.4897523215040565e-08
1773949169.7744265,0.031249940395355225,7.448761607520282e-09
1773949170.033578,0.015624970197677612,3.724380803760141e-09
1773949170.1608179,0.007812485098838806,-0.25
1773949170.3497396,0.003906242549419403,-0.375
1773949170.4617534,0.0019531212747097015,-0.4375
1773949170.6582675,0.0009765606373548508,-0.46875
1773949170.794442,0.0004882803186774254,-0.484375
1773949170.9089117,0.0002441401593387127,-0.4921875
1773949171.0743937,0.00012207007966935635,-0.49609375
1773949171.2037568,6.103503983467817e-05,-0.498046875
1773949171.330399,3.0517519917339087e-05,-0.4990234375
1773949171.5157394,1.5258759958669543e-05,-0.49951171875
1773949171.641193,7.629379979334772e-06,-0.499755859375
1773949171.774591,3.814689989667386e-06,-0.4998779296875
1773949171.8768756,1.907344994833693e-06,-0.49993896484375
1773949172.0616293,9.536724974168465e-07,-0.499969482421875
1773949172.18673,4.7683624870842323e-07,-0.4999847412109375
1773949172.3763263,2.3841812435421161e-07,-0.24999237060546875
1773949172.4913747,1.1920906217710581e-07,-0.12499618530273438
1773949172.6814773,5.9604531088552903e-08,-0.06249809265136719
1773949172.802056,2.9802265544276452e-08,-0.031249046325683594
1773949172.9195125,1.4901132772138226e-08,-0.015624523162841797
1773949173.0580552,0.25,-0.0078122615814208984
1773949173.228908,0.375,-0.0039061307907104492
1773949173.3233094,0.4375,-0.0019530653953552246
1773949173.4894094,0.46875,-0.0009765326976776123
1773949173.5736058,0.484375,-0.00048826634883880615
1773949173.7460375,0.4921875,-0.00024413317441940308
1773949173.8777783,0.49609375,-0.00012206658720970154
1773949173.9862182,0.498046875,-6.103329360485077e-05
1773949174.1061716,0.2490234375,-3.0516646802425385e-05
1773949174.266032,0.12451171875,-1.5258323401212692e-05
1773949174.5142305,0.062255859375,-0.25000762939453125
1773949174.630586,0.0311279296875,-0.3750038146972656
1773949174.7632978,0.01556396484375,-0.4375019073486328
1773949174.8963826,0.007781982421875,-0.4687509536743164
1773949175.005813,0.0038909912109375,-0.4843754768371582
1773949175.1239967,0.00194549560546875,-0.4921877384185791
1773949175.282742,0.000972747802734375,-0.49609386920928955
1773949175.4169426,0.0004863739013671875,-0.4980469346046448
1773949175.534769,0.00024318695068359375,-0.4990234673023224
1773949175.6521935,0.00012159347534179688,-0.49951171875
1773949175.7843564,6.079673767089844e-05,-0.499755859375
1773949175.8824744,3.039836883544922e-05,-0.4998779296875
1773949176.0312896,1.519918441772461e-05,-0.49993896484375
1773949176.1558914,7.599592208862305e-06,-0.249969482421875
1773949176.3059702,0.2500038146972656,-0.1249847412109375
1773949176.4006777,0.3750019073486328,-0.06249237060546875
1773949176.5536594,0.4375009536743164,-0.031246185302734375
1773949176.6734934,0.4687504768371582,-0.015623092651367188
1773949176.7833333,0.4843752384185791,-0.007811546325683594
1773949176.901117,0.49218761920928955,-0.003905773162841797
1773949176.987335,0.4960938096046448,-0.0019528865814208984
1773949177.1115189,0.4980469048023224,-0.0009764432907104492
1773949177.231864,0.4990234375,-0.0004882216453552246
1773949177.3620133,0.49951171875,-0.0002441108226776123
1773949177.446245,0.499755859375,-0.00012205541133880615
1773949177.5534422,0.4998779296875,-6.1027705669403076e-05
1773949177.69222,0.49993896484375,-3.0513852834701538e-05
1773949177.7944725,0.499969482421875,-1.5256926417350769e-05
1773949177.9508882,0.4999847412109375,-7.6284632086753845e-06
1773949178.0756326,0.49999237060546875,-3.8142316043376923e-06
1773949178.201296,0.4999961853027344,-1.9071158021688461e-06
1773949178.3398774,0.4999980926513672,-9.535579010844231e-07
1773949178.4507384,0.4267757534980774,0.1767762154340744
1773949178.5731475,0.3901645541191101,0.2651647925376892
1773949178.6963966,0.44508227705955505,0.1325823962688446
1773949178.8022547,0.4725411534309387,0.0662911981344223
1773949178.9448965,0.48627057671546936,0.03314559906721115
1773949179.064673,0.4931352734565735,0.016572799533605576
1773949179.1983821,0.49656763672828674,0.008286399766802788
1773949179.4374588,0.49828383326530457,0.004143199883401394
1773949179.529542,0.4991419017314911,0.002071599941700697
1773949179.703858,0.49957096576690674,0.0010357999708503485
1773949179.8175209,0.49978548288345337,0.0005178999854251742
1773949179.9714243,0.4998927414417267,0.0002589499927125871
1773949180.0928013,0.49994635581970215,0.00012947499635629356
1773949180.2236407,0.4999731779098511,6.473749817814678e-05
1773949180.3458955,0.49998658895492554,3.236874908907339e-05
1773949180.5024881,0.49999329447746277,1.6184374544536695e-05
1773949180.62196,0.4999966621398926,8.092187272268347e-06
1773949180.7256556,0.4999983310699463,4.046093636134174e-06
1773949180.9162557,0.49999916553497314,2.023046818067087e-06
1773949181.054185,0.4999995827674866,1.0115234090335434e-06
1773949181.1416833,0.4999997913837433,5.057617045167717e-07
1773949181.259704,0.49999988079071045,2.5288085225838586e-07
1773949181.393424,0.426776647567749,0.17677682638168335
1773949181.5048947,0.3901650309562683,0.2651651203632355
1773949181.6097233,0.37185919284820557,0.30935925245285034
1773949181.7349136,0.3627063035964966,0.33145633339881897
1773949181.8567908,0.3581298291683197,0.3425048589706421
1773949181.9516182,0.35584160685539246,0.34802913665771484
1773949182.088915,0.4279208183288574,0.17401456832885742
1773949182.2906537,0.4639604091644287,0.08700728416442871
1773949182.38087,0.48198020458221436,0.043503642082214355
1773949182.5720813,0.4909901022911072,0.021751821041107178
1773949182.6945012,0.4954950511455536,0.010875910520553589
1773949182.8171897,0.4977475106716156,0.005437955260276794
1773949183.0307612,0.498873770236969,0.002718977630138397
1773949183.1562135,0.4994368851184845,0.0013594888150691986
1773949183.3073752,0.49971842765808105,0.0006797444075345993
1773949183.4386635,0.4998592138290405,0.00033987220376729965
1773949183.5702894,0.49992960691452026,0.00016993610188364983
1773949183.6911676,0.49996480345726013,8.496805094182491e-05
1773949183.8116844,0.49998241662979126,4.2484025470912457e-05
1773949183.9075916,0.49999120831489563,2.1242012735456228e-05
1773949184.088574,0.4999955892562866,1.0621006367728114e-05
1773949184.192958,0.4999977946281433,5.310503183864057e-06
1773949184.3469174,0.49999889731407166,2.6552515919320285e-06
1773949184.6103995,0.499999463558197,1.3276257959660143e-06
1773949184.7315652,0.4999997317790985,6.638128979830071e-07
1773949184.8647003,0.49999985098838806,3.3190644899150357e-07
1773949184.9918647,0.4999999403953552,1.6595322449575178e-07
1773949185.164284,0.4999999701976776,8.297661224787589e-08
1773949185.2796025,0.4999999701976776,4.1488306123937946e-08
1773949185.4403203,0.4267766773700714,-0.1767766773700714
1773949185.5529392,0.3901650309562683,-0.2651650309562683
1773949185.7159169,0.44508251547813416,-0.13258251547813416
1773949185.833741,0.47254127264022827,-0.06629125773906708
1773949185.980354,0.48627063632011414,-0.03314562886953354
1773949186.1115575,0.4931353032588959,-0.01657281443476677
1773949186.238433,0.49656766653060913,-0.008286407217383385
1773949186.352023,0.49828383326530457,-0.004143203608691692
1773949186.5245402,0.4991419017314911,-0.002071601804345846
1773949186.7456937,0.42634764313697815,-0.17781250178813934
1773949186.8377807,0.3899505138397217,-0.2656829357147217
1773949187.032302,0.37175196409225464,-0.30961817502975464
1773949187.2706878,0.36265265941619873,-0.33158576488494873
1773949187.397164,0.43132632970809937,-0.16579288244247437
1773949187.5963953,0.4656631648540497,-0.08289644122123718
1773949187.7927375,0.48283159732818604,-0.04144822061061859
1773949187.8684995,0.41819247603416443,-0.1975008100271225
1773949188.1207972,0.4590962529182434,-0.09875040501356125
1773949188.281748,0.4795481264591217,-0.049375202506780624
1773949188.4330266,0.48977404832839966,-0.024687601253390312
1773949188.7096598,0.42166373133659363,0.16443289816379547
1773949188.8430667,0.3876085579395294,0.25899314880371094
1773949189.0133462,0.4438042938709259,0.12949657440185547
1773949189.127392,0.47190213203430176,0.06474828720092773
1773949189.331761,0.4859510660171509,0.03237414360046387
1773949189.4458923,0.41975224018096924,0.19296376407146454
1773949189.657738,0.38665279746055603,0.2732585668563843
1773949189.775626,0.4433264136314392,0.13662928342819214
1773949189.9298038,0.4716632068157196,0.06831464171409607
1773949190.0497687,0.4858315885066986,0.034157320857048035
1773949190.20026,0.4929158091545105,0.017078660428524017
1773949190.2707624,0.49645790457725525,0.008539330214262009
1773949190.4823434,0.49822893738746643,0.004269665107131004
1773949190.5754662,0.4991144835948944,0.002134832553565502
1773949190.7291365,0.499557226896286,0.001067416276782751
1773949190.83412,0.4997786283493042,0.0005337081383913755
1773949190.990354,0.4998893141746521,0.00026685406919568777
1773949191.2478,0.49994465708732605,0.00013342703459784389
1773949191.3686626,0.49997231364250183,6.671351729892194e-05
1773949191.5446186,0.4999861717224121,3.335675864946097e-05
1773949191.7430942,0.49999308586120605,1.6678379324730486e-05
1773949191.8671668,0.499996542930603,8.339189662365243e-06
1773949192.0214708,0.4999982714653015,4.169594831182621e-06
1773949192.1535304,0.49999913573265076,2.0847974155913107e-06
1773949192.2872322,0.4999995529651642,1.0423987077956554e-06
1773949192.404511,0.4999997913837433,5.211993538978277e-07
1773949192.5763245,0.49999988079071045,2.6059967694891384e-07
1773949192.7096934,0.4999999403953552,1.3029983847445692e-07
1773949192.8102047,0.4999999701976776,6.514991923722846e-08
1773949192.9283316,0.5,3.257495961861423e-08
1773949193.0806868,0.5,1.6287479809307115e-08
1773949193.2142076,0.5,8.143739904653557e-09
1773949193.381022,0.5,4.071869952326779e-09
1773949193.5041575,0.5,2.0359349761633894e-09
1773949193.673382,0.5,1.0179674880816947e-09
1773949193.909143,0.5,5.089837440408473e-10
1773949193.9974284,0.5,2.5449187202042367e-10
1773949194.2306695,0.5,1.2724593601021184e-10
1773949194.3495693,0.5,6.362296800510592e-11
1773949194.5223932,0.5,3.181148400255296e-11
1773949194.6539054,0.5,1.590574200127648e-11
1773949194.790864,0.5,7.95287100063824e-12
1773949194.8613777,0.5,3.97643550031912e-12
1773949195.0596054,0.5,1.98821775015956e-12
1773949195.1907,0.5,9.9410887507978e-13
1773949195.3719678,0.4267767071723938,-0.1767766922712326
1773949195.4865613,0.4633883535861969,-0.0883883461356163
1773949195.6501522,0.48169416189193726,-0.04419417306780815
1773949195.7679923,0.49084708094596863,-0.022097086533904076
1773949195.9077868,0.4954235553741455,-0.011048543266952038
1773949196.0336392,0.49771177768707275,-0.005524271633476019
1773949196.1967876,0.4988558888435364,-0.0027621358167380095
1773949196.4387488,0.4994279444217682,-0.0013810679083690047
1773949196.544009,0.4997139573097229,-0.0006905339541845024
1773949196.7158973,0.49985697865486145,-0.0003452669770922512
1773949196.8441842,0.4999285042285919,-0.0001726334885461256
1773949196.9904985,0.49996423721313477,-8.63167442730628e-05
1773949197.1139245,0.4999821186065674,-4.31583721365314e-05
1773949197.2745943,0.4999910593032837,-2.15791860682657e-05
1773949197.3700187,0.49999552965164185,-1.078959303413285e-05
1773949197.536215,0.4999977648258209,-5.394796517066425e-06
1773949197.6525095,0.49999889731407166,-2.6973982585332124e-06
1773949197.7883897,0.49999943375587463,-1.3486991292666062e-06
1773949198.0189111,0.4999997317790985,-6.743495646333031e-07
1773949198.1414206,0.49999985098838806,-3.3717478231665154e-07
1773949198.333582,0.4999999403953552,-1.6858739115832577e-07
1773949198.453076,0.4999999701976776,-8.429369557916289e-08
1773949198.6450765,0.4999999701976776,-4.214684778958144e-08
1773949198.88991,0.5,-2.107342389479072e-08
1773949199.0229595,0.5,-1.053671194739536e-08
1773949199.2387774,0.5,-5.26835597369768e-09
1773949199.3575375,0.5,-2.63417798684884e-09
1773949199.5380511,0.5,-1.31708899342442e-09
1773949199.6562786,0.5,-6.5854449671221e-10
1773949199.8345942,0.5,-3.29272248356105e-10
1773949199.9573104,0.5,-1.646361241780525e-10
1773949200.1299326,0.5,-8.231806208902626e-11
1773949200.2661335,0.5,-4.115903104451313e-11
1773949200.4517753,0.5,-2.0579515522256564e-11
1773949200.5672696,0.5,-1.0289757761128282e-11
1773949200.7452457,0.5,-5.144878880564141e-12
1773949200.9828198,0.5,-2.5724394402820705e-12
1773949201.1037793,0.5,-1.2862197201410352e-12
1773949201.2804217,0.5,-6.431098600705176e-13
1773949201.5348873,0.5,-3.215549300352588e-13
1773949201.6513846,0.5,-1.607774650176294e-13
1773949201.7926667,0.5,-8.03887325088147e-14
1773949201.9305458,0.5,-4.019436625440735e-14
1773949202.0831642,0.5,-2.0097183127203676e-14
1773949202.2059507,0.5,-1.0048591563601838e-14
1773949202.3989985,0.5,-5.024295781800919e-15
1773949202.520062,0.5,-2.5121478909004595e-15
1773949202.701704,0.5,-1.2560739454502297e-15
1773949202.7964058,0.5,-6.280369727251149e-16
1773949202.9683876,0.5,-3.1401848636255743e-16
1773949203.078309,0.5,-1.5700924318127872e-16
1773949203.235953,0.5,-7.850462159063936e-17
1773949203.3699086,0.5,-3.925231079531968e-17
1773949203.5051754,0.5,-1.962615539765984e-17
1773949203.6207228,0.5,-9.81307769882992e-18
1773949203.7447321,0.5,-4.90653884941496e-18
1773949203.845216,0.5,-2.45326942470748e-18
1773949203.9921615,0.5,-1.22663471235374e-18
1773949204.1159208,0.5,-6.1331735617687e-19
1773949204.2935882,0.5,-3.06658678088435e-19
1773949204.4253337,0.5,-1.533293390442175e-19
1773949204.5680501,0.5,-7.666466952210875e-20
1773949204.6897483,0.5,-3.8332334761054374e-20
1773949204.8311095,0.5,-1.9166167380527187e-20
1773949204.9276733,0.5,-9.583083690263594e-21
1773949205.091621,0.5,-4.791541845131797e-21
1773949205.2069948,0.5,-2.3957709225658984e-21
1773949205.3767064,0.5,-1.1978854612829492e-21
1773949205.469206,0.5,-5.989427306414746e-22
1773949205.6427975,0.5,-2.994713653207373e-22
1773949205.7601552,0.5,-1.4973568266036865e-22
1773949205.9192705,0.5,-7.486784133018432e-23
1773949206.1560616,0.5,-3.743392066509216e-23
1773949206.274079,0.5,-1.871696033254608e-23
1773949206.4481277,0.5,-9.35848016627304e-24
1773949206.6990054,0.5,-4.67924008313652e-24
1773949206.813532,0.5,-2.33962004156826e-24
1773949206.979408,0.5,-1.16981002078413e-24
1773949207.1508644,0.5,-5.84905010392065e-25
1773949207.2676375,0.5,-2.924525051960325e-25
1773949207.35893,0.5,-1.4622625259801626e-25
1773949207.5378797,0.5,-7.311312629900813e-26
1773949207.6606991,0.5,-3.6556563149504065e-26
1773949207.7868218,0.5,-1.8278281574752032e-26
1773949207.9217637,0.5,-9.139140787376016e-27
1773949208.0426981,0.5,-4.569570393688008e-27
1773949208.1519437,0.5,-2.284785196844004e-27
1773949208.32064,0.5,-1.142392598422002e-27
1773949208.5875726,0.5,-5.71196299211001e-28
1773949208.7115028,0.5,-2.855981496055005e-28
1773949208.8423893,0.5,-1.4279907480275025e-28
1773949208.9730864,0.5,-7.139953740137513e-29
1773949209.0917683,0.5,-3.5699768700687563e-29
1773949209.2276752,0.5,-1.7849884350343782e-29
1773949209.3920577,0.5,-8.924942175171891e-30
1773949209.5019279,0.5,-4.4624710875859454e-30
1773949209.6685524,0.5,-2.2312355437929727e-30
1773949209.782745,0.5,-1.1156177718964864e-30
1773949209.9307199,0.5,-5.578088859482432e-31
1773949210.0377638,0.5,-2.789044429741216e-31
1773949210.1979032,0.5,-1.394522214870608e-31
1773949210.3199124,0.5,-6.97261107435304e-32
1773949210.4838853,0.5,-3.48630553717652e-32
1773949210.6172118,0.5,-1.74315276858826e-32
1773949210.7278922,0.5,-8.7157638429413e-33
1773949210.8515737,0.5,-4.35788192147065e-33
1773949211.0314677,0.5,-2.178940960735325e-33
1773949211.220186,0.5,-1.0894704803676625e-33
1773949211.3447728,0.5,-5.447352401838312e-34
1773949211.5143414,0.5,-2.723676200919156e-34
1773949211.7020233,0.5,-1.361838100459578e-34
1773949211.8253162,0.4267767071723938,-0.1767766922712326
1773949211.9631817,0.3901650309562683,-0.2651650309562683
1773949212.0581834,0.44508251547813416,-0.13258251547813416
1773949212.2099984,0.47254127264022827,-0.06629125773906708
1773949212.332419,0.48627063632011414,-0.03314562886953354
1773949212.483558,0.4931353032588959,-0.01657281443476677
1773949212.5796912,0.49656766653060913,-0.008286407217383385
1773949212.7379563,0.49828383326530457,-0.004143203608691692
1773949212.8594387,0.4991419017314911,-0.002071601804345846
1773949213.002086,0.49957096576690674,-0.001035800902172923
1773949213.235788,0.49978548288345337,-0.0005179004510864615
1773949213.3587627,0.4998927414417267,-0.00025895022554323077
1773949213.5233114,0.49994635581970215,-0.00012947511277161539
1773949213.6121416,0.4999731779098511,-6.473755638580769e-05
1773949213.7311895,0.49998658895492554,-3.2368778192903847e-05
1773949213.9456685,0.49999329447746277,-1.6184389096451923e-05
1773949214.0345874,0.4999966621398926,-8.092194548225962e-06
1773949214.2574444,0.4999983310699463,-4.046097274112981e-06
1773949214.452926,0.49999916553497314,-2.0230486370564904e-06
1773949214.6961772,0.4999995827674866,-1.0115243185282452e-06
1773949214.7835364,0.4999997913837433,-5.057621592641226e-07
1773949214.9575803,0.49999988079071045,-2.528810796320613e-07
1773949215.0529766,0.4999999403953552,-1.2644053981603065e-07
1773949215.2077465,0.4999999701976776,-6.322026990801533e-08
1773949215.310898,0.5,-3.161013495400766e-08
1773949215.4867444,0.5,-1.580506747700383e-08
1773949215.7340066,0.5,-7.902533738501916e-09
1773949215.855262,0.5,-3.951266869250958e-09
1773949216.000749,0.5,-1.975633434625479e-09
1773949216.125929,0.5,-9.878167173127395e-10
1773949216.286603,0.5,-4.939083586563697e-10
1773949216.426958,0.5,-2.4695417932818486e-10
1773949216.5849617,0.5,-1.2347708966409243e-10
1773949216.7032712,0.5,-6.173854483204622e-11
1773949216.7928517,0.5,-3.086927241602311e-11
1773949216.9186502,0.5,-1.5434636208011554e-11
1773949217.063874,0.5,-7.717318104005777e-12
1773949217.2000368,0.5,-3.8586590520028885e-12
1773949217.3054373,0.5,-1.9293295260014443e-12
1773949217.426037,0.5,-9.646647630007221e-13
1773949217.5888512,0.5,-4.823323815003611e-13
1773949217.6782653,0.5,-2.4116619075018053e-13
1773949217.8662415,0.5,-1.2058309537509027e-13
1773949217.9867392,0.5,-6.029154768754513e-14
1773949218.13956,0.5,-3.0145773843772566e-14
1773949218.2728887,0.5,-1.5072886921886283e-14
1773949218.396281,0.5,-7.536443460943142e-15
1773949218.5157878,0.5,-3.768221730471571e-15
1773949218.6820617,0.5,-1.8841108652357854e-15
1773949218.88883,0.5,-9.420554326178927e-16
1773949219.0113835,0.5,-4.7102771630894635e-16
1773949219.1851854,0.5,-2.3551385815447318e-16
1773949219.307414,0.5,-1.1775692907723659e-16
1773949219.4582064,0.5,-5.887846453861829e-17
1773949219.5661242,0.5,-2.9439232269309147e-17
1773949219.7021477,0.5,-1.4719616134654573e-17
1773949219.834874,0.5,-7.359808067327287e-18
1773949219.9665465,0.5,-3.679904033663643e-18
1773949220.0861022,0.5,-1.8399520168318217e-18
1773949220.226529,0.5,-9.199760084159108e-19
1773949220.320398,0.5,-4.599880042079554e-19
1773949220.4727876,0.5,-2.299940021039777e-19
1773949220.5893517,0.5,-1.1499700105198886e-19
1773949220.7053354,0.5,-5.749850052599443e-20
1773949220.905404,0.5,-2.8749250262997214e-20
1773949221.0322533,0.5,-1.4374625131498607e-20
1773949221.1688325,0.5,-7.187312565749303e-21
1773949221.4055688,0.5,-3.593656282874652e-21
1773949221.5233014,0.5,-1.796828141437326e-21
1773949221.6791422,0.5,-8.98414070718663e-22
1773949221.7742822,0.5,-4.492070353593315e-22
1773949221.8975608,0.5,-2.2460351767966573e-22
1773949222.0188963,0.5,-1.1230175883983287e-22
1773949222.15875,0.5,-5.615087941991643e-23
1773949222.252063,0.5,-2.8075439709958217e-23
1773949222.432649,0.5,-1.4037719854979108e-23
1773949222.553466,0.5,-7.018859927489554e-24
1773949222.7027845,0.5,-3.509429963744777e-24
1773949222.9040332,0.5,-1.7547149818723885e-24
1773949223.026338,0.5,-8.773574909361943e-25
1773949223.1749525,0.5,-4.386787454680971e-25
1773949223.4141028,0.5,-2.1933937273404857e-25
1773949223.5319192,0.5,-1.0966968636702428e-25
1773949223.6968753,0.5,-5.483484318351214e-26
1773949223.8018482,0.5,-2.741742159175607e-26
1773949223.9594283,0.5,-1.3708710795878035e-26
1773949224.0829494,0.5,-6.854355397939018e-27
1773949224.2203932,0.5,-3.427177698969509e-27
1773949224.3503997,0.5,-1.7135888494847544e-27
1773949224.50508,0.5,-8.567944247423772e-28
1773949224.6262083,0.5,-4.283972123711886e-28
1773949224.7799792,0.5,-2.141986061855943e-28
1773949224.8993876,0.5,-1.0709930309279715e-28
1773949225.037517,0.5,-5.354965154639858e-29
1773949225.1625774,0.5,-2.677482577319929e-29
1773949225.3368583,0.25,-1.3387412886599644e-29
1773949225.5231452,0.125,-6.693706443299822e-30
1773949225.6276102,0.0625,-3.346853221649911e-30
1773949225.7345111,0.03125,-1.6734266108249555e-30
1773949225.867817,0.265625,-8.367133054124777e-31
1773949226.0042374,0.3828125,-4.183566527062389e-31
1773949226.1304936,0.44140625,-2.0917832635311944e-31
1773949226.2705963,0.470703125,-1.0458916317655972e-31
1773949226.4010835,0.4853515625,-5.229458158827986e-32
1773949226.5192962,0.49267578125,-2.614729079413993e-32
1773949226.6556954,0.496337890625,-1.3073645397069965e-32
1773949226.7702315,0.4981689453125,-6.536822698534982e-33
1773949226.9322994,0.49908447265625,-3.268411349267491e-33
1773949227.1341066,0.499542236328125,-1.6342056746337456e-33
1773949227.3467498,0.4997711181640625,-8.171028373168728e-34
1773949227.437043,0.49988555908203125,-4.085514186584364e-34
1773949227.6076894,0.4999427795410156,-2.042757093292182e-34
1773949227.7116892,0.4999713897705078,-1.021378546646091e-34
1773949227.819949,0.4999856948852539,-5.106892733230455e-35
1773949227.9549665,0.49999284744262695,-2.5534463666152275e-35
1773949228.0370517,0.4999964237213135,-1.2767231833076138e-35
1773949228.1619885,0.49999821186065674,-6.383615916538069e-36
1773949228.3025262,0.24999910593032837,-3.1918079582690344e-36
1773949228.4361212,0.12499955296516418,-1.5959039791345172e-36
1773949228.5335243,0.06249977648258209,-7.979519895672586e-37
1773949228.6552339,0.031249888241291046,-3.989759947836293e-37
1773949228.7684908,0.015624944120645523,-1.9948799739181465e-37
1773949229.7724288,2.980221580628495e-08,-3.8115318229635024e-43
1773949229.9305973,0.25,-1.9057659114817512e-43
1773949230.0547197,0.375,-9.528829557408756e-44
1773949230.1772041,0.4375,-4.764414778704378e-44
1773949230.2952685,0.46875,-2.382207389352189e-44
1773949230.4198844,0.484375,-1.1210387714598537e-44
1773949230.5185952,0.4921875,-5.605193857299268e-45
1773949230.6494107,0.49609375,-2.802596928649634e-45
1773949230.8841162,0.498046875,-1.401298464324817e-45
1773949231.1151679,0.4990234375,-1.401298464324817e-45
1773949231.2523189,0.49951171875,-0.0
1773949231.4237158,0.499755859375,-0.0
1773949231.5413637,0.4998779296875,-0.0
1773949231.6942043,0.49993896484375,-0.0
1773949231.8138041,0.499969482421875,-0.0
1773949231.9714572,0.4999847412109375,-0.0
1773949232.106112,0.49999237060546875,-0.0
1773949232.2614048,0.4999961853027344,-0.0
1773949232.4912972,0.4999980926513672,-0.0
1773949232.7306905,0.4999990463256836,-0.0
1773949232.867271,0.4999995231628418,-0.0
1773949232.9823966,0.4999997615814209,-0.0
1773949233.0960743,0.49999988079071045,-0.0
1773949233.2384307,0.4999999403953552,-0.0
1773949233.3637054,0.4999999701976776,-0.0
1773949233.5448084,0.5,-0.0
1773949233.666659,0.5,-0.0
1773949233.790939,0.5,-0.0
1773949234.0368218,0.5,-0.0
1773949234.129293,0.5,-0.0
1773949234.3236427,0.5,-0.0
1773949234.4231184,0.5,-0.0
1773949234.6091628,0.5,-0.0
1773949234.6856065,0.5,-0.0
1773949234.8517168,0.5,-0.0
1773949234.9877617,0.5,-0.0
1773949235.1056335,0.5,-0.0
1773949235.2179186,0.5,-0.0
1773949235.3682742,0.4267767071723938,-0.1767766922712326
1773949235.5043244,0.4633883535861969,-0.0883883461356163
1773949235.6217966,0.48169416189193726,-0.04419417306780815
1773949235.740271,0.49084708094596863,-0.022097086533904076
1773949235.8736267,0.4954235553741455,-0.011048543266952038
1773949236.0040185,0.49771177768707275,-0.005524271633476019
1773949236.1115818,0.4988558888435364,-0.0027621358167380095
1773949236.244819,0.4994279444217682,-0.0013810679083690047
1773949236.4041765,0.4264906644821167,-0.1774672269821167
1773949236.5028224,0.39002203941345215,-0.26551032066345215
1773949236.6843162,0.3717876970767975,-0.3095318377017975
1773949236.807785,0.43589386343955994,-0.15476591885089874
1773949236.9446354,0.4679469168186188,-0.07738295942544937
1773949237.0813022,0.4839734733104706,-0.038691479712724686
1773949237.1723983,0.4919867217540741,-0.019345739856362343
1773949237.2852118,0.49599337577819824,-0.009672869928181171
1773949237.4331245,0.4979966878890991,-0.004836434964090586
1773949237.5495753,0.49899834394454956,-0.002418217482045293
1773949237.7031171,0.4994991719722748,-0.0012091087410226464
1773949237.824786,0.4997495710849762,-0.0006045543705113232
1773949237.9574544,0.4998748004436493,-0.0003022771852556616
1773949238.0523086,0.49993738532066345,-0.0001511385926278308
1773949238.19889,0.4999687075614929,-7.55692963139154e-05
1773949238.3157175,0.49998435378074646,-3.77846481569577e-05
1773949238.462295,0.49999216198921204,-1.889232407847885e-05
1773949238.6900618,0.4999960958957672,-9.446162039239425e-06
1773949238.8145404,0.4999980330467224,-4.723081019619713e-06
1773949238.9437733,0.4999990165233612,-2.3615405098098563e-06
1773949239.0357597,0.4999995231628418,-1.1807702549049282e-06
1773949239.2229993,0.4999997615814209,-5.903851274524641e-07
1773949239.3436427,0.49999988079071045,-2.9519256372623204e-07
1773949239.4908524,0.4999999403953552,-1.4759628186311602e-07
1773949239.6216545,0.4999999701976776,-7.379814093155801e-08
1773949239.7288704,0.4999999701976776,-3.6899070465779005e-08
1773949239.819856,0.5,-1.8449535232889502e-08
1773949239.9505239,0.5,-9.224767616444751e-09
1773949240.0831356,0.5,-4.612383808222376e-09
1773949240.1646967,0.5,-2.306191904111188e-09
1773949240.2871294,0.5,-1.153095952055594e-09
1773949240.4279153,0.5,-5.76547976027797e-10
1773949240.5567613,0.5,-2.882739880138985e-10
1773949240.6839933,0.5,-1.4413699400694924e-10
1773949240.8080778,0.5,-7.206849700347462e-11
1773949240.9427185,0.5,-3.603424850173731e-11
1773949241.1705234,0.5,-1.8017124250868655e-11
1773949241.4030209,0.5,-9.008562125434327e-12
1773949241.4931953,0.5,-4.504281062717164e-12
1773949241.6665251,0.5,-2.252140531358582e-12
1773949241.7891352,0.5,-1.126070265679291e-12
1773949241.8983326,0.5,-5.630351328396455e-13
1773949242.0216417,0.5,-2.8151756641982273e-13
1773949242.1785283,0.5,-1.4075878320991136e-13
1773949242.3638139,0.5,-7.037939160495568e-14
1773949242.4562428,0.5,-3.518969580247784e-14
1773949242.6506803,0.5,-1.759484790123892e-14
1773949242.8212247,0.5,-8.79742395061946e-15
1773949242.942754,0.5,-4.39871197530973e-15
1773949243.0601358,0.5,-2.199355987654865e-15
1773949243.2531354,0.5,-1.0996779938274325e-15
1773949243.3585448,0.5,-5.498389969137163e-16
1773949243.4873626,0.5,-2.7491949845685813e-16
1773949243.5912588,0.5,-1.3745974922842907e-16
1773949243.7226756,0.5,-6.872987461421453e-17
1773949243.8923495,0.5,-3.4364937307107267e-17
1773949244.0185132,0.5,-1.7182468653553633e-17
1773949244.1645918,0.5,-8.591234326776817e-18
1773949244.3623092,0.5,-4.295617163388408e-18
1773949244.561376,0.5,-2.147808581694204e-18
1773949244.6623123,0.5,-1.073904290847102e-18
1773949244.763475,0.5,-5.36952145423551e-19
1773949244.880776,0.5,-2.684760727117755e-19
1773949245.0030713,0.5,-1.3423803635588776e-19
1773949245.2166586,0.5,-6.711901817794388e-20
1773949245.4064112,0.4267767071723938,-0.1767766922712326
1773949245.6244233,0.3901650309562683,-0.2651650309562683
1773949245.723289,0.37185922265052795,-0.30935922265052795
1773949245.8249812,0.3627063035964966,-0.3314563035964966
1773949245.9495268,0.3581298589706421,-0.3425048589706421
1773949246.065142,0.42906492948532104,-0.17125242948532104
1773949246.1612265,0.4645324647426605,-0.08562621474266052
1773949246.2635002,0.48226621747016907,-0.04281310737133026
1773949246.3835068,0.4911331236362457,-0.02140655368566513
1773949246.506765,0.49556654691696167,-0.010703276842832565
1773949246.626894,0.49778327345848083,-0.005351638421416283
1773949246.7532864,0.4988916516304016,-0.0026758192107081413
1773949246.8731637,0.4994458258152008,-0.0013379096053540707
1773949246.99108,0.4997228980064392,-0.0006689548026770353
1773949247.1993613,0.4998614490032196,-0.00033447740133851767
1773949247.4172242,0.499930739402771,-0.00016723870066925883
1773949247.5404017,0.4999653697013855,-8.361935033462942e-05
1773949247.643479,0.49998268485069275,-4.180967516731471e-05
1773949247.7661803,0.4999913275241852,-2.0904837583657354e-05
1773949247.8436017,0.4999956786632538,-1.0452418791828677e-05
1773949247.9667995,0.4999978244304657,-5.2262093959143385e-06
1773949248.0922313,0.49999892711639404,-2.6131046979571693e-06
1773949248.3088932,0.499999463558197,-1.3065523489785846e-06
1773949248.4340847,0.4999997317790985,-6.532761744892923e-07
1773949248.5693667,0.49999985098838806,-3.2663808724464616e-07
1773949248.6685133,0.4999999403953552,-1.6331904362232308e-07
1773949248.8195553,0.4999999701976776,-8.165952181116154e-08
1773949248.9377484,0.4999999701976776,-4.082976090558077e-08
1773949249.0593903,0.5,-2.0414880452790385e-08
1773949249.1333096,0.5,-1.0207440226395192e-08
1773949249.330744,0.5,-5.103720113197596e-09
1773949249.5125825,0.5,-2.551860056598798e-09
1773949249.6014113,0.5,-1.275930028299399e-09
1773949249.7883308,0.5,-6.379650141496995e-10
1773949249.9327831,0.5,-3.1898250707484976e-10
1773949250.0670142,0.5,-1.5949125353742488e-10
1773949250.2063894,0.5,-7.974562676871244e-11
1773949250.3011239,0.5,-3.987281338435622e-11
1773949250.4304948,0.5,-1.993640669217811e-11
1773949250.5498369,0.5,-9.968203346089055e-12
1773949250.691099,0.5,-4.9841016730445276e-12
1773949250.8232794,0.5,-2.4920508365222638e-12
1773949250.9103851,0.5,-1.2460254182611319e-12
1773949251.0300007,0.5,-6.230127091305659e-13
1773949251.1672547,0.5,-3.1150635456528297e-13
1773949251.395791,0.5,-1.5575317728264149e-13
1773949251.536156,0.5,-7.787658864132074e-14
1773949251.6474712,0.5,-3.893829432066037e-14
1773949251.7662919,0.4267767071723938,0.1767766922712326
1773949251.8915904,0.3901650309562683,0.2651650309562683
1773949252.0134025,0.37185922265052795,0.30935922265052795
1773949252.1538105,0.4359295964241028,0.15467961132526398
1773949252.27897,0.4679647982120514,0.07733980566263199
1773949252.449371,0.4839824140071869,0.038669902831315994
1773949252.573249,0.49199119210243225,0.019334951415657997
1773949252.7262826,0.4959956109523773,0.009667475707828999
1773949252.8233051,0.49799779057502747,0.004833737853914499
1773949252.9558408,0.4989989101886749,0.0024168689269572496
1773949253.167798,0.49949944019317627,0.0012084344634786248
1773949253.3144982,0.49974972009658813,0.0006042172317393124
1773949253.4815922,0.49987486004829407,0.0003021086158696562
1773949253.5960557,0.4999374449253082,0.0001510543079348281
1773949253.7171543,0.4999687075614929,7.552715396741405e-05
1773949253.9441314,0.49998435378074646,3.7763576983707026e-05
1773949254.0336778,0.4999921917915344,1.8881788491853513e-05
1773949254.2286515,0.4999960958957672,9.440894245926756e-06
1773949254.3214498,0.4999980330467224,4.720447122963378e-06
1773949254.5242777,0.426775723695755,-0.17677433788776398
1773949254.6405528,0.3901645541191101,-0.2651638686656952
1773949254.753076,0.37185898423194885,-0.3093586266040802
1773949254.9705873,0.36270618438720703,-0.3314560055732727
1773949255.0871344,0.4313530921936035,-0.16572800278663635
1773949255.2320676,0.46567654609680176,-0.08286400139331818
1773949255.3650627,0.4828382730484009,-0.04143200069665909
1773949255.4973373,0.49141913652420044,-0.020716000348329544
1773949255.6167452,0.4957095682621002,-0.010358000174164772
1773949255.732921,0.4978547692298889,-0.005179000087082386
1773949255.9664614,0.49892738461494446,-0.002589500043541193
1773949256.0579588,0.4994637072086334,-0.0012947500217705965
1773949256.2531726,0.2497318536043167,-0.0006473750108852983
1773949256.388555,0.12486592680215836,-0.0003236875054426491
1773949256.517779,0.06243296340107918,-0.00016184375272132456
1773949256.639926,0.03121648170053959,-8.092187636066228e-05
1773949256.7508616,0.015608240850269794,-4.046093818033114e-05
1773949257.800597,1.4885178423185152e-08,-3.858655756028284e-11
1773949258.836582,2.8391224714632325e-14,-7.359801780754631e-17
1773949259.8406553,5.4151963643326426e-20,-1.403770786429335e-22
