front_left,front_right,rear_left,rear_right,t
0.0,0.0,0.0,0.0,1773948826.994
0.0,0.0,0.0,0.0,1773948827.012
0.0,0.0,0.0,0.0,1773948827.032
0.0,0.0,0.0,0.0,1773948827.053
0.0,0.0,0.0,0.0,1773948827.073
0.0,0.0,0.0,0.0,1773948826.994
0.0,0.0,0.0,0.0,1773948827.012
0.0,0.0,0.0,0.0,1773948827.032
0.0,0.0,0.0,0.0,1773948827.053
0.0,0.0,0.0,0.0,1773948827.073
0.0,0.0,0.0,0.0,1773948827.492
0.0,0.0,0.0,0.0,1773948827.512
0.0,0.0,0.0,0.0,1773948827.532
0.0,0.0,0.0,0.0,1773948827.552
0.0,0.0,0.0,0.0,1773948827.572
0.0,0.0,0.0,0.0,1773948827.492
0.0,0.0,0.0,0.0,1773948827.512
0.0,0.0,0.0,0.0,1773948827.532
0.0,0.0,0.0,0.0,1773948827.552
0.0,0.0,0.0,0.0,1773948827.572
0.0,0.0,0.0,0.0,1773948828.012
0.0,0.0,0.0,0.0,1773948828.032
0.0,0.0,0.0,0.0,1773948828.052
0.0,0.0,0.0,0.0,1773948828.073
0.0,0.0,0.0,0.0,1773948828.092
0.0,0.0,0.0,0.0,1773948828.012
0.0,0.0,0.0,0.0,1773948828.032
0.0,0.0,0.0,0.0,1773948828.052
0.0,0.0,0.0,0.0,1773948828.073
0.0,0.0,0.0,0.0,1773948828.092
0.0,0.0,0.0,0.0,1773948828.512
0.0,0.0,0.0,0.0,1773948828.532
0.0,0.0,0.0,0.0,1773948828.556
0.0,0.0,0.0,0.0,1773948828.572
0.0,0.0,0.0,0.0,1773948828.592
0.0,0.0,0.0,0.0,1773948828.512
0.0,0.0,0.0,0.0,1773948828.532
0.0,0.0,0.0,0.0,1773948828.556
0.0,0.0,0.0,0.0,1773948828.572
0.0,0.0,0.0,0.0,1773948828.592
0.0,0.0,0.0,0.0,1773948829.014
0.0,0.0,0.0,0.0,1773948829.032
0.0,0.0,0.0,0.0,1773948829.052
0.0,0.0,0.0,0.0,1773948829.073
0.0,0.0,0.0,0.0,1773948829.092
0.0,0.0,0.0,0.0,1773948829.014
0.0,0.0,0.0,0.0,1773948829.032
0.0,0.0,0.0,0.0,1773948829.052
0.0,0.0,0.0,0.0,1773948829.073
0.0,0.0,0.0,0.0,1773948829.092
0.0,0.0,0.0,0.0,1773948829.516
0.0,0.0,0.0,0.0,1773948829.532
0.0,0.0,0.0,0.0,1773948829.552
0.0,0.0,0.0,0.0,1773948829.572
0.0,0.0,0.0,0.0,1773948829.592
0.0,0.0,0.0,0.0,1773948829.516
0.0,0.0,0.0,0.0,1773948829.532
0.0,0.0,0.0,0.0,1773948829.552
0.0,0.0,0.0,0.0,1773948829.572
0.0,0.0,0.0,0.0,1773948829.592
0.0,0.0,0.0,0.0,1773948829.516
0.0,0.0,0.0,0.0,1773948829.532
0.0,0.0,0.0,0.0,1773948829.552
0.0,0.0,0.0,0.0,1773948829.572
0.0,0.0,0.0,0.0,1773948829.592
0.0,0.0,0.0,0.0,1773948830.032
0.0,0.0,0.0,0.0,1773948830.052
0.0,0.0,0.0,0.0,1773948830.073
0.0,0.0,0.0,0.0,1773948830.092
0.0,0.0,0.0,0.0,1773948830.115
0.0,0.0,0.0,0.0,1773948830.032
0.0,0.0,0.0,0.0,1773948830.052
0.0,0.0,0.0,0.0,1773948830.073
0.0,0.0,0.0,0.0,1773948830.092
0.0,0.0,0.0,0.0,1773948830.115
0.0,0.0,0.0,0.0,1773948830.532
0.0,0.0,0.0,0.0,1773948830.552
0.0,0.0,0.0,0.0,1773948830.572
0.0,0.0,0.0,0.0,1773948830.592
0.0,0.0,0.0,0.0,1773948830.613
0.0,0.0,0.0,0.0,1773948830.532
0.0,0.0,0.0,0.0,1773948830.552
0.0,0.0,0.0,0.0,1773948830.572
0.0,0.0,0.0,0.0,1773948830.592
0.0,0.0,0.0,0.0,1773948830.613
0.0,0.0,0.0,0.0,1773948830.532
0.0,0.0,0.0,0.0,1773948830.552
0.0,0.0,0.0,0.0,1773948830.572
0.0,0.0,0.0,0.0,1773948830.592
0.0,0.0,0.0,0.0,1773948830.613
0.0,0.0,0.0,0.0,1773948831.032
0.0,0.0,0.0,0.0,1773948831.052
0.0,0.0,0.0,0.0,1773948831.073
0.0,0.0,0.0,0.0,1773948831.093
0.0,0.0,0.0,0.0,1773948831.112
0.0,0.0,0.0,0.0,1773948831.032
0.0,0.0,0.0,0.0,1773948831.052
0.0,0.0,0.0,0.0,1773948831.073
0.0,0.0,0.0,0.0,1773948831.093
0.0,0.0,0.0,0.0,1773948831.112
0.0,0.0,0.0,0.0,1773948831.532
0.0,0.0,0.0,0.0,1773948831.552
0.0,0.0,0.0,0.0,1773948831.572
0.0,0.0,0.0,0.0,1773948831.592
4.0,0.0,4.0,0.0,1773948831.612
0.0,0.0,0.0,0.0,1773948831.532
0.0,0.0,0.0,0.0,1773948831.552
0.0,0.0,0.0,0.0,1773948831.572
0.0,0.0,0.0,0.0,1773948831.592
4.0,0.0,4.0,0.0,1773948831.612
24.0,18.0,24.0,18.0,1773948832.053
24.0,18.0,24.0,18.0,1773948832.073
24.0,18.0,24.0,18.0,1773948832.092
24.0,18.0,24.0,18.0,1773948832.112
24.0,18.0,24.0,18.0,1773948832.132
24.0,18.0,24.0,18.0,1773948832.053
24.0,18.0,24.0,18.0,1773948832.073
24.0,18.0,24.0,18.0,1773948832.092
24.0,18.0,24.0,18.0,1773948832.112
24.0,18.0,24.0,18.0,1773948832.132
66.0,55.0,66.0,55.0,1773948832.552
66.0,55.0,66.0,55.0,1773948832.572
76.0,66.0,76.0,66.0,1773948832.594
76.0,66.0,76.0,66.0,1773948832.612
76.0,66.0,76.0,66.0,1773948832.632
66.0,55.0,66.0,55.0,1773948832.552
66.0,55.0,66.0,55.0,1773948832.572
76.0,66.0,76.0,66.0,1773948832.594
76.0,66.0,76.0,66.0,1773948832.612
76.0,66.0,76.0,66.0,1773948832.632
66.0,55.0,66.0,55.0,1773948832.552
66.0,55.0,66.0,55.0,1773948832.572
76.0,66.0,76.0,66.0,1773948832.594
76.0,66.0,76.0,66.0,1773948832.612
76.0,66.0,76.0,66.0,1773948832.632
97.0,90.0,97.0,90.0,1773948833.052
97.0,90.0,97.0,90.0,1773948833.073
97.0,90.0,97.0,90.0,1773948833.092
97.0,90.0,97.0,90.0,1773948833.112
89.0,82.0,89.0,82.0,1773948833.132
97.0,90.0,97.0,90.0,1773948833.052
97.0,90.0,97.0,90.0,1773948833.073
97.0,90.0,97.0,90.0,1773948833.092
97.0,90.0,97.0,90.0,1773948833.112
89.0,82.0,89.0,82.0,1773948833.132
60.0,56.0,60.0,56.0,1773948833.552
60.0,56.0,60.0,56.0,1773948833.572
60.0,56.0,60.0,56.0,1773948833.592
60.0,56.0,60.0,56.0,1773948833.612
60.0,56.0,60.0,56.0,1773948833.632
60.0,56.0,60.0,56.0,1773948833.552
60.0,56.0,60.0,56.0,1773948833.572
60.0,56.0,60.0,56.0,1773948833.592
60.0,56.0,60.0,56.0,1773948833.612
60.0,56.0,60.0,56.0,1773948833.632
60.0,56.0,60.0,56.0,1773948833.552
60.0,56.0,60.0,56.0,1773948833.572
60.0,56.0,60.0,56.0,1773948833.592
60.0,56.0,60.0,56.0,1773948833.612
60.0,56.0,60.0,56.0,1773948833.632
45.0,41.0,45.0,41.0,1773948834.074
47.0,43.0,47.0,43.0,1773948834.092
47.0,43.0,47.0,43.0,1773948834.113
47.0,43.0,47.0,43.0,1773948834.132
47.0,43.0,47.0,43.0,1773948834.152
45.0,41.0,45.0,41.0,1773948834.074
47.0,43.0,47.0,43.0,1773948834.092
47.0,43.0,47.0,43.0,1773948834.113
47.0,43.0,47.0,43.0,1773948834.132
47.0,43.0,47.0,43.0,1773948834.152
82.0,79.0,82.0,79.0,1773948834.572
82.0,79.0,82.0,79.0,1773948834.592
82.0,79.0,82.0,79.0,1773948834.612
82.0,79.0,82.0,79.0,1773948834.632
89.0,85.0,89.0,85.0,1773948834.652
82.0,79.0,82.0,79.0,1773948834.572
82.0,79.0,82.0,79.0,1773948834.592
82.0,79.0,82.0,79.0,1773948834.612
82.0,79.0,82.0,79.0,1773948834.632
89.0,85.0,89.0,85.0,1773948834.652
108.0,106.0,108.0,106.0,1773948835.073
108.0,106.0,108.0,106.0,1773948835.092
108.0,106.0,108.0,106.0,1773948835.116
108.0,106.0,108.0,106.0,1773948835.132
108.0,106.0,108.0,106.0,1773948835.156
111.0,110.0,111.0,110.0,1773948835.574
111.0,110.0,111.0,110.0,1773948835.592
111.0,111.0,111.0,111.0,1773948835.612
111.0,111.0,111.0,111.0,1773948835.635
111.0,111.0,111.0,111.0,1773948835.652
111.0,110.0,111.0,110.0,1773948835.574
111.0,110.0,111.0,110.0,1773948835.592
111.0,111.0,111.0,111.0,1773948835.612
111.0,111.0,111.0,111.0,1773948835.635
111.0,111.0,111.0,111.0,1773948835.652
111.0,110.0,111.0,110.0,1773948835.574
111.0,110.0,111.0,110.0,1773948835.592
111.0,111.0,111.0,111.0,1773948835.612
111.0,111.0,111.0,111.0,1773948835.635
111.0,111.0,111.0,111.0,1773948835.652
109.0,111.0,109.0,111.0,1773948836.092
109.0,111.0,109.0,111.0,1773948836.112
109.0,111.0,109.0,111.0,1773948836.132
110.0,111.0,110.0,111.0,1773948836.152
110.0,111.0,110.0,111.0,1773948836.175
109.0,111.0,109.0,111.0,1773948836.092
109.0,111.0,109.0,111.0,1773948836.112
109.0,111.0,109.0,111.0,1773948836.132
110.0,111.0,110.0,111.0,1773948836.152
110.0,111.0,110.0,111.0,1773948836.175
102.0,103.0,102.0,103.0,1773948836.592
102.0,103.0,102.0,103.0,1773948836.612
102.0,103.0,102.0,103.0,1773948836.632
102.0,103.0,102.0,103.0,1773948836.652
102.0,103.0,102.0,103.0,1773948836.673
102.0,103.0,102.0,103.0,1773948836.592
102.0,103.0,102.0,103.0,1773948836.612
102.0,103.0,102.0,103.0,1773948836.632
102.0,103.0,102.0,103.0,1773948836.652
102.0,103.0,102.0,103.0,1773948836.673
102.0,103.0,102.0,103.0,1773948836.592
102.0,103.0,102.0,103.0,1773948836.612
102.0,103.0,102.0,103.0,1773948836.632
102.0,103.0,102.0,103.0,1773948836.652
102.0,103.0,102.0,103.0,1773948836.673
70.0,52.0,70.0,52.0,1773948837.112
70.0,52.0,70.0,52.0,1773948837.132
70.0,52.0,70.0,52.0,1773948837.152
70.0,52.0,70.0,52.0,1773948837.172
70.0,52.0,70.0,52.0,1773948837.192
70.0,52.0,70.0,52.0,1773948837.112
70.0,52.0,70.0,52.0,1773948837.132
70.0,52.0,70.0,52.0,1773948837.152
70.0,52.0,70.0,52.0,1773948837.172
70.0,52.0,70.0,52.0,1773948837.192
29.0,10.0,29.0,10.0,1773948837.612
29.0,10.0,29.0,10.0,1773948837.632
25.0,7.0,25.0,7.0,1773948837.652
25.0,7.0,25.0,7.0,1773948837.673
25.0,7.0,25.0,7.0,1773948837.692
29.0,10.0,29.0,10.0,1773948837.612
29.0,10.0,29.0,10.0,1773948837.632
25.0,7.0,25.0,7.0,1773948837.652
25.0,7.0,25.0,7.0,1773948837.673
25.0,7.0,25.0,7.0,1773948837.692
29.0,10.0,29.0,10.0,1773948837.612
29.0,10.0,29.0,10.0,1773948837.632
25.0,7.0,25.0,7.0,1773948837.652
25.0,7.0,25.0,7.0,1773948837.673
25.0,7.0,25.0,7.0,1773948837.692
3.0,-2.0,3.0,-2.0,1773948838.132
3.0,-2.0,3.0,-2.0,1773948838.152
3.0,-2.0,3.0,-2.0,1773948838.172
3.0,-2.0,3.0,-2.0,1773948838.192
3.0,-2.0,3.0,-2.0,1773948838.212
3.0,-2.0,3.0,-2.0,1773948838.132
3.0,-2.0,3.0,-2.0,1773948838.152
3.0,-2.0,3.0,-2.0,1773948838.172
3.0,-2.0,3.0,-2.0,1773948838.192
3.0,-2.0,3.0,-2.0,1773948838.212
3.0,-2.0,3.0,-2.0,1773948838.132
3.0,-2.0,3.0,-2.0,1773948838.152
3.0,-2.0,3.0,-2.0,1773948838.172
3.0,-2.0,3.0,-2.0,1773948838.192
3.0,-2.0,3.0,-2.0,1773948838.212
2.0,4.0,2.0,4.0,1773948838.632
2.0,4.0,2.0,4.0,1773948838.652
2.0,4.0,2.0,4.0,1773948838.673
2.0,4.0,2.0,4.0,1773948838.692
2.0,4.0,2.0,4.0,1773948838.714
2.0,4.0,2.0,4.0,1773948838.632
2.0,4.0,2.0,4.0,1773948838.652
2.0,4.0,2.0,4.0,1773948838.673
2.0,4.0,2.0,4.0,1773948838.692
2.0,4.0,2.0,4.0,1773948838.714
3.0,8.0,3.0,8.0,1773948839.152
3.0,8.0,3.0,8.0,1773948839.172
3.0,8.0,3.0,8.0,1773948839.192
3.0,8.0,3.0,8.0,1773948839.212
3.0,8.0,3.0,8.0,1773948839.232
3.0,8.0,3.0,8.0,1773948839.152
3.0,8.0,3.0,8.0,1773948839.172
3.0,8.0,3.0,8.0,1773948839.192
3.0,8.0,3.0,8.0,1773948839.212
3.0,8.0,3.0,8.0,1773948839.232
3.0,8.0,3.0,8.0,1773948839.152
3.0,8.0,3.0,8.0,1773948839.172
3.0,8.0,3.0,8.0,1773948839.192
3.0,8.0,3.0,8.0,1773948839.212
3.0,8.0,3.0,8.0,1773948839.232
30.0,34.0,30.0,34.0,1773948839.652
30.0,34.0,30.0,34.0,1773948839.673
40.0,43.0,40.0,43.0,1773948839.692
40.0,43.0,40.0,43.0,1773948839.713
40.0,43.0,40.0,43.0,1773948839.732
30.0,34.0,30.0,34.0,1773948839.652
30.0,34.0,30.0,34.0,1773948839.673
40.0,43.0,40.0,43.0,1773948839.692
40.0,43.0,40.0,43.0,1773948839.713
40.0,43.0,40.0,43.0,1773948839.732
58.0,57.0,58.0,57.0,1773948840.172
58.0,57.0,58.0,57.0,1773948840.192
-55.0,54.0,-55.0,54.0,1773948840.212
-55.0,54.0,-55.0,54.0,1773948840.232
-55.0,54.0,-55.0,54.0,1773948840.252
58.0,57.0,58.0,57.0,1773948840.172
58.0,57.0,58.0,57.0,1773948840.192
-55.0,54.0,-55.0,54.0,1773948840.212
-55.0,54.0,-55.0,54.0,1773948840.232
-55.0,54.0,-55.0,54.0,1773948840.252
-28.0,38.0,-28.0,38.0,1773948840.673
-28.0,38.0,-28.0,38.0,1773948840.692
-28.0,38.0,-28.0,38.0,1773948840.72
-28.0,38.0,-28.0,38.0,1773948840.732
-19.0,30.0,-19.0,30.0,1773948840.752
-28.0,38.0,-28.0,38.0,1773948840.673
-28.0,38.0,-28.0,38.0,1773948840.692
-28.0,38.0,-28.0,38.0,1773948840.72
-28.0,38.0,-28.0,38.0,1773948840.732
-19.0,30.0,-19.0,30.0,1773948840.752
-9.0,22.0,-9.0,22.0,1773948841.192
-9.0,22.0,-9.0,22.0,1773948841.212
-9.0,22.0,-9.0,22.0,1773948841.232
-9.0,22.0,-9.0,22.0,1773948841.252
-9.0,22.0,-9.0,22.0,1773948841.273
-9.0,22.0,-9.0,22.0,1773948841.192
-9.0,22.0,-9.0,22.0,1773948841.212
-9.0,22.0,-9.0,22.0,1773948841.232
-9.0,22.0,-9.0,22.0,1773948841.252
-9.0,22.0,-9.0,22.0,1773948841.273
-18.0,30.0,-18.0,30.0,1773948841.692
-21.0,19.0,-21.0,19.0,1773948841.712
-21.0,19.0,-21.0,19.0,1773948841.732
-21.0,19.0,-21.0,19.0,1773948841.752
-21.0,19.0,-21.0,19.0,1773948841.772
-18.0,30.0,-18.0,30.0,1773948841.692
-21.0,19.0,-21.0,19.0,1773948841.712
-21.0,19.0,-21.0,19.0,1773948841.732
-21.0,19.0,-21.0,19.0,1773948841.752
-21.0,19.0,-21.0,19.0,1773948841.772
-18.0,30.0,-18.0,30.0,1773948841.692
-21.0,19.0,-21.0,19.0,1773948841.712
-21.0,19.0,-21.0,19.0,1773948841.732
-21.0,19.0,-21.0,19.0,1773948841.752
-21.0,19.0,-21.0,19.0,1773948841.772
-18.0,30.0,-18.0,30.0,1773948841.692
-21.0,19.0,-21.0,19.0,1773948841.712
-21.0,19.0,-21.0,19.0,1773948841.732
-21.0,19.0,-21.0,19.0,1773948841.752
-21.0,19.0,-21.0,19.0,1773948841.772
-22.0,19.0,-22.0,19.0,1773948842.213
-22.0,19.0,-22.0,19.0,1773948842.232
-21.0,19.0,-21.0,19.0,1773948842.252
-21.0,19.0,-21.0,19.0,1773948842.273
-21.0,19.0,-21.0,19.0,1773948842.292
-22.0,19.0,-22.0,19.0,1773948842.213
-22.0,19.0,-22.0,19.0,1773948842.232
-21.0,19.0,-21.0,19.0,1773948842.252
-21.0,19.0,-21.0,19.0,1773948842.273
-21.0,19.0,-21.0,19.0,1773948842.292
-12.0,11.0,-12.0,11.0,1773948842.712
-12.0,11.0,-12.0,11.0,1773948842.732
-12.0,11.0,-12.0,11.0,1773948842.752
-12.0,11.0,-12.0,11.0,1773948842.772
-12.0,11.0,-12.0,11.0,1773948842.792
-12.0,11.0,-12.0,11.0,1773948842.712
-12.0,11.0,-12.0,11.0,1773948842.732
-12.0,11.0,-12.0,11.0,1773948842.752
-12.0,11.0,-12.0,11.0,1773948842.772
-12.0,11.0,-12.0,11.0,1773948842.792
-12.0,11.0,-12.0,11.0,1773948842.712
-12.0,11.0,-12.0,11.0,1773948842.732
-12.0,11.0,-12.0,11.0,1773948842.752
-12.0,11.0,-12.0,11.0,1773948842.772
-12.0,11.0,-12.0,11.0,1773948842.792
-12.0,11.0,-12.0,11.0,1773948842.712
-12.0,11.0,-12.0,11.0,1773948842.732
-12.0,11.0,-12.0,11.0,1773948842.752
-12.0,11.0,-12.0,11.0,1773948842.772
-12.0,11.0,-12.0,11.0,1773948842.792
1.0,-2.0,1.0,-2.0,1773948843.233
1.0,-2.0,1.0,-2.0,1773948843.252
1.0,-2.0,1.0,-2.0,1773948843.272
1.0,-2.0,1.0,-2.0,1773948843.292
1.0,-2.0,1.0,-2.0,1773948843.312
1.0,-2.0,1.0,-2.0,1773948843.233
1.0,-2.0,1.0,-2.0,1773948843.252
1.0,-2.0,1.0,-2.0,1773948843.272
1.0,-2.0,1.0,-2.0,1773948843.292
1.0,-2.0,1.0,-2.0,1773948843.312
11.0,-2.0,11.0,-2.0,1773948843.732
11.0,-2.0,11.0,-2.0,1773948843.752
11.0,-4.0,11.0,-4.0,1773948843.775
11.0,-4.0,11.0,-4.0,1773948843.792
11.0,-4.0,11.0,-4.0,1773948843.812
11.0,-2.0,11.0,-2.0,1773948843.732
11.0,-2.0,11.0,-2.0,1773948843.752
11.0,-4.0,11.0,-4.0,1773948843.775
11.0,-4.0,11.0,-4.0,1773948843.792
11.0,-4.0,11.0,-4.0,1773948843.812
11.0,-2.0,11.0,-2.0,1773948843.732
11.0,-2.0,11.0,-2.0,1773948843.752
11.0,-4.0,11.0,-4.0,1773948843.775
11.0,-4.0,11.0,-4.0,1773948843.792
11.0,-4.0,11.0,-4.0,1773948843.812
11.0,-2.0,11.0,-2.0,1773948843.732
11.0,-2.0,11.0,-2.0,1773948843.752
11.0,-4.0,11.0,-4.0,1773948843.775
11.0,-4.0,11.0,-4.0,1773948843.792
11.0,-4.0,11.0,-4.0,1773948843.812
18.0,-13.0,18.0,-13.0,1773948844.252
18.0,-13.0,18.0,-13.0,1773948844.274
20.0,-15.0,20.0,-15.0,1773948844.292
20.0,-15.0,20.0,-15.0,1773948844.32
20.0,-15.0,20.0,-15.0,1773948844.332
18.0,-13.0,18.0,-13.0,1773948844.252
18.0,-13.0,18.0,-13.0,1773948844.274
20.0,-15.0,20.0,-15.0,1773948844.292
20.0,-15.0,20.0,-15.0,1773948844.32
20.0,-15.0,20.0,-15.0,1773948844.332
18.0,-21.0,18.0,-21.0,1773948844.752
18.0,-21.0,18.0,-21.0,1773948844.772
18.0,-21.0,18.0,-21.0,1773948844.792
18.0,-21.0,18.0,-21.0,1773948844.812
20.0,-19.0,20.0,-19.0,1773948844.832
18.0,-21.0,18.0,-21.0,1773948844.752
18.0,-21.0,18.0,-21.0,1773948844.772
18.0,-21.0,18.0,-21.0,1773948844.792
18.0,-21.0,18.0,-21.0,1773948844.812
20.0,-19.0,20.0,-19.0,1773948844.832
18.0,-21.0,18.0,-21.0,1773948844.752
18.0,-21.0,18.0,-21.0,1773948844.772
18.0,-21.0,18.0,-21.0,1773948844.792
18.0,-21.0,18.0,-21.0,1773948844.812
20.0,-19.0,20.0,-19.0,1773948844.832
21.0,-19.0,21.0,-19.0,1773948845.272
21.0,-19.0,21.0,-19.0,1773948845.292
21.0,-19.0,21.0,-19.0,1773948845.313
21.0,-19.0,21.0,-19.0,1773948845.332
21.0,-19.0,21.0,-19.0,1773948845.352
15.0,-15.0,15.0,-15.0,1773948845.78
13.0,-13.0,13.0,-13.0,1773948845.792
13.0,-13.0,13.0,-13.0,1773948845.812
13.0,-13.0,13.0,-13.0,1773948845.832
13.0,-13.0,13.0,-13.0,1773948845.852
15.0,-15.0,15.0,-15.0,1773948845.78
13.0,-13.0,13.0,-13.0,1773948845.792
13.0,-13.0,13.0,-13.0,1773948845.812
13.0,-13.0,13.0,-13.0,1773948845.832
13.0,-13.0,13.0,-13.0,1773948845.852
5.0,7.0,5.0,7.0,1773948846.293
5.0,7.0,5.0,7.0,1773948846.312
6.0,7.0,6.0,7.0,1773948846.332
6.0,7.0,6.0,7.0,1773948846.353
6.0,7.0,6.0,7.0,1773948846.373
5.0,7.0,5.0,7.0,1773948846.293
5.0,7.0,5.0,7.0,1773948846.312
6.0,7.0,6.0,7.0,1773948846.332
6.0,7.0,6.0,7.0,1773948846.353
6.0,7.0,6.0,7.0,1773948846.373
26.0,26.0,26.0,26.0,1773948846.794
26.0,26.0,26.0,26.0,1773948846.813
26.0,26.0,26.0,26.0,1773948846.832
26.0,26.0,26.0,26.0,1773948846.855
36.0,36.0,36.0,36.0,1773948846.873
26.0,26.0,26.0,26.0,1773948846.794
26.0,26.0,26.0,26.0,1773948846.813
26.0,26.0,26.0,26.0,1773948846.832
26.0,26.0,26.0,26.0,1773948846.855
36.0,36.0,36.0,36.0,1773948846.873
79.0,77.0,79.0,77.0,1773948847.312
79.0,77.0,79.0,77.0,1773948847.334
79.0,77.0,79.0,77.0,1773948847.352
79.0,77.0,79.0,77.0,1773948847.372
79.0,77.0,79.0,77.0,1773948847.394
79.0,77.0,79.0,77.0,1773948847.312
79.0,77.0,79.0,77.0,1773948847.334
79.0,77.0,79.0,77.0,1773948847.352
79.0,77.0,79.0,77.0,1773948847.372
79.0,77.0,79.0,77.0,1773948847.394
106.0,102.0,106.0,102.0,1773948847.812
106.0,102.0,106.0,102.0,1773948847.832
108.0,105.0,108.0,105.0,1773948847.852
108.0,105.0,108.0,105.0,1773948847.874
108.0,105.0,108.0,105.0,1773948847.892
106.0,102.0,106.0,102.0,1773948847.812
106.0,102.0,106.0,102.0,1773948847.832
108.0,105.0,108.0,105.0,1773948847.852
108.0,105.0,108.0,105.0,1773948847.874
108.0,105.0,108.0,105.0,1773948847.892
106.0,102.0,106.0,102.0,1773948847.812
106.0,102.0,106.0,102.0,1773948847.832
108.0,105.0,108.0,105.0,1773948847.852
108.0,105.0,108.0,105.0,1773948847.874
108.0,105.0,108.0,105.0,1773948847.892
109.0,109.0,109.0,109.0,1773948848.332
109.0,109.0,109.0,109.0,1773948848.355
109.0,109.0,109.0,109.0,1773948848.372
108.0,108.0,108.0,108.0,1773948848.392
108.0,108.0,108.0,108.0,1773948848.412
109.0,109.0,109.0,109.0,1773948848.332
109.0,109.0,109.0,109.0,1773948848.355
109.0,109.0,109.0,109.0,1773948848.372
108.0,108.0,108.0,108.0,1773948848.392
108.0,108.0,108.0,108.0,1773948848.412
109.0,109.0,109.0,109.0,1773948848.332
109.0,109.0,109.0,109.0,1773948848.355
109.0,109.0,109.0,109.0,1773948848.372
108.0,108.0,108.0,108.0,1773948848.392
108.0,108.0,108.0,108.0,1773948848.412
105.0,105.0,105.0,105.0,1773948848.834
105.0,105.0,105.0,105.0,1773948848.852
105.0,105.0,105.0,105.0,1773948848.874
105.0,105.0,105.0,105.0,1773948848.892
105.0,105.0,105.0,105.0,1773948848.913
105.0,105.0,105.0,105.0,1773948848.834
105.0,105.0,105.0,105.0,1773948848.852
105.0,105.0,105.0,105.0,1773948848.874
105.0,105.0,105.0,105.0,1773948848.892
105.0,105.0,105.0,105.0,1773948848.913
106.0,103.0,106.0,103.0,1773948849.352
106.0,105.0,106.0,105.0,1773948849.372
106.0,105.0,106.0,105.0,1773948849.392
106.0,105.0,106.0,105.0,1773948849.412
106.0,105.0,106.0,105.0,1773948849.432
106.0,103.0,106.0,103.0,1773948849.352
106.0,105.0,106.0,105.0,1773948849.372
106.0,105.0,106.0,105.0,1773948849.392
106.0,105.0,106.0,105.0,1773948849.412
106.0,105.0,106.0,105.0,1773948849.432
110.0,108.0,110.0,108.0,1773948849.852
110.0,108.0,110.0,108.0,1773948849.872
110.0,108.0,110.0,108.0,1773948849.892
110.0,108.0,110.0,108.0,1773948849.912
109.0,108.0,109.0,108.0,1773948849.932
110.0,108.0,110.0,108.0,1773948849.852
110.0,108.0,110.0,108.0,1773948849.872
110.0,108.0,110.0,108.0,1773948849.892
110.0,108.0,110.0,108.0,1773948849.912
109.0,108.0,109.0,108.0,1773948849.932
104.0,105.0,104.0,105.0,1773948850.372
104.0,105.0,104.0,105.0,1773948850.392
104.0,105.0,104.0,105.0,1773948850.412
104.0,105.0,104.0,105.0,1773948850.432
104.0,105.0,104.0,105.0,1773948850.452
104.0,105.0,104.0,105.0,1773948850.372
104.0,105.0,104.0,105.0,1773948850.392
104.0,105.0,104.0,105.0,1773948850.412
104.0,105.0,104.0,105.0,1773948850.432
104.0,105.0,104.0,105.0,1773948850.452
104.0,105.0,104.0,105.0,1773948850.372
104.0,105.0,104.0,105.0,1773948850.392
104.0,105.0,104.0,105.0,1773948850.412
104.0,105.0,104.0,105.0,1773948850.432
104.0,105.0,104.0,105.0,1773948850.452
102.0,105.0,102.0,105.0,1773948850.872
104.0,106.0,104.0,106.0,1773948850.892
104.0,106.0,104.0,106.0,1773948850.913
104.0,106.0,104.0,106.0,1773948850.932
104.0,106.0,104.0,106.0,1773948850.958
102.0,105.0,102.0,105.0,1773948850.872
104.0,106.0,104.0,106.0,1773948850.892
104.0,106.0,104.0,106.0,1773948850.913
104.0,106.0,104.0,106.0,1773948850.932
104.0,106.0,104.0,106.0,1773948850.958
110.0,111.0,110.0,111.0,1773948851.392
110.0,111.0,110.0,111.0,1773948851.412
111.0,112.0,111.0,112.0,1773948851.432
111.0,112.0,111.0,112.0,1773948851.452
111.0,112.0,111.0,112.0,1773948851.472
110.0,111.0,110.0,111.0,1773948851.392
110.0,111.0,110.0,111.0,1773948851.412
111.0,112.0,111.0,112.0,1773948851.432
111.0,112.0,111.0,112.0,1773948851.452
111.0,112.0,111.0,112.0,1773948851.472
110.0,111.0,110.0,111.0,1773948851.392
110.0,111.0,110.0,111.0,1773948851.412
111.0,112.0,111.0,112.0,1773948851.432
111.0,112.0,111.0,112.0,1773948851.452
111.0,112.0,111.0,112.0,1773948851.472
113.0,112.0,113.0,112.0,1773948851.892
113.0,112.0,113.0,112.0,1773948851.914
113.0,112.0,113.0,112.0,1773948851.932
113.0,112.0,113.0,112.0,1773948851.953
113.0,111.0,113.0,111.0,1773948851.972
113.0,112.0,113.0,112.0,1773948851.892
113.0,112.0,113.0,112.0,1773948851.914
113.0,112.0,113.0,112.0,1773948851.932
113.0,112.0,113.0,112.0,1773948851.953
113.0,111.0,113.0,111.0,1773948851.972
113.0,112.0,113.0,112.0,1773948851.892
113.0,112.0,113.0,112.0,1773948851.914
113.0,112.0,113.0,112.0,1773948851.932
113.0,112.0,113.0,112.0,1773948851.953
113.0,111.0,113.0,111.0,1773948851.972
113.0,112.0,113.0,112.0,1773948851.892
113.0,112.0,113.0,112.0,1773948851.914
113.0,112.0,113.0,112.0,1773948851.932
113.0,112.0,113.0,112.0,1773948851.953
113.0,111.0,113.0,111.0,1773948851.972
114.0,109.0,114.0,109.0,1773948852.412
114.0,109.0,114.0,109.0,1773948852.432
114.0,109.0,114.0,109.0,1773948852.452
114.0,109.0,114.0,109.0,1773948852.472
114.0,109.0,114.0,109.0,1773948852.492
114.0,109.0,114.0,109.0,1773948852.412
114.0,109.0,114.0,109.0,1773948852.432
114.0,109.0,114.0,109.0,1773948852.452
114.0,109.0,114.0,109.0,1773948852.472
114.0,109.0,114.0,109.0,1773948852.492
114.0,107.0,114.0,107.0,1773948852.915
114.0,107.0,114.0,107.0,1773948852.932
113.0,107.0,113.0,107.0,1773948852.952
113.0,107.0,113.0,107.0,1773948852.972
113.0,107.0,113.0,107.0,1773948852.992
114.0,107.0,114.0,107.0,1773948852.915
114.0,107.0,114.0,107.0,1773948852.932
113.0,107.0,113.0,107.0,1773948852.952
113.0,107.0,113.0,107.0,1773948852.972
113.0,107.0,113.0,107.0,1773948852.992
114.0,107.0,114.0,107.0,1773948852.915
114.0,107.0,114.0,107.0,1773948852.932
113.0,107.0,113.0,107.0,1773948852.952
113.0,107.0,113.0,107.0,1773948852.972
113.0,107.0,113.0,107.0,1773948852.992
112.0,109.0,112.0,109.0,1773948853.432
112.0,109.0,112.0,109.0,1773948853.452
112.0,109.0,112.0,109.0,1773948853.472
112.0,110.0,112.0,110.0,1773948853.492
112.0,110.0,112.0,110.0,1773948853.513
112.0,109.0,112.0,109.0,1773948853.432
112.0,109.0,112.0,109.0,1773948853.452
112.0,109.0,112.0,109.0,1773948853.472
112.0,110.0,112.0,110.0,1773948853.492
112.0,110.0,112.0,110.0,1773948853.513
109.0,107.0,109.0,107.0,1773948853.932
109.0,107.0,109.0,107.0,1773948853.952
109.0,107.0,109.0,107.0,1773948853.972
109.0,107.0,109.0,107.0,1773948853.992
109.0,107.0,109.0,107.0,1773948854.012
109.0,107.0,109.0,107.0,1773948853.932
109.0,107.0,109.0,107.0,1773948853.952
109.0,107.0,109.0,107.0,1773948853.972
109.0,107.0,109.0,107.0,1773948853.992
109.0,107.0,109.0,107.0,1773948854.012
109.0,102.0,109.0,102.0,1773948854.454
109.0,102.0,109.0,102.0,1773948854.473
109.0,102.0,109.0,102.0,1773948854.492
109.0,102.0,109.0,102.0,1773948854.514
109.0,102.0,109.0,102.0,1773948854.532
109.0,102.0,109.0,102.0,1773948854.454
109.0,102.0,109.0,102.0,1773948854.473
109.0,102.0,109.0,102.0,1773948854.492
109.0,102.0,109.0,102.0,1773948854.514
109.0,102.0,109.0,102.0,1773948854.532
109.0,102.0,109.0,102.0,1773948854.454
109.0,102.0,109.0,102.0,1773948854.473
109.0,102.0,109.0,102.0,1773948854.492
109.0,102.0,109.0,102.0,1773948854.514
109.0,102.0,109.0,102.0,1773948854.532
111.0,105.0,111.0,105.0,1773948854.954
111.0,105.0,111.0,105.0,1773948854.972
111.0,105.0,111.0,105.0,1773948854.992
111.0,105.0,111.0,105.0,1773948855.012
111.0,105.0,111.0,105.0,1773948855.032
111.0,105.0,111.0,105.0,1773948854.954
111.0,105.0,111.0,105.0,1773948854.972
111.0,105.0,111.0,105.0,1773948854.992
111.0,105.0,111.0,105.0,1773948855.012
111.0,105.0,111.0,105.0,1773948855.032
111.0,105.0,111.0,105.0,1773948854.954
111.0,105.0,111.0,105.0,1773948854.972
111.0,105.0,111.0,105.0,1773948854.992
111.0,105.0,111.0,105.0,1773948855.012
111.0,105.0,111.0,105.0,1773948855.032
107.0,106.0,107.0,106.0,1773948855.472
107.0,106.0,107.0,106.0,1773948855.492
107.0,106.0,107.0,106.0,1773948855.512
106.0,105.0,106.0,105.0,1773948855.532
106.0,105.0,106.0,105.0,1773948855.552
107.0,106.0,107.0,106.0,1773948855.472
107.0,106.0,107.0,106.0,1773948855.492
107.0,106.0,107.0,106.0,1773948855.512
106.0,105.0,106.0,105.0,1773948855.532
106.0,105.0,106.0,105.0,1773948855.552
108.0,105.0,108.0,105.0,1773948855.972
108.0,105.0,108.0,105.0,1773948855.994
108.0,105.0,108.0,105.0,1773948856.012
108.0,105.0,108.0,105.0,1773948856.032
109.0,106.0,109.0,106.0,1773948856.052
108.0,105.0,108.0,105.0,1773948855.972
108.0,105.0,108.0,105.0,1773948855.994
108.0,105.0,108.0,105.0,1773948856.012
108.0,105.0,108.0,105.0,1773948856.032
109.0,106.0,109.0,106.0,1773948856.052
114.0,110.0,114.0,110.0,1773948856.492
114.0,110.0,114.0,110.0,1773948856.515
114.0,110.0,114.0,110.0,1773948856.532
114.0,110.0,114.0,110.0,1773948856.553
114.0,110.0,114.0,110.0,1773948856.572
114.0,110.0,114.0,110.0,1773948856.492
114.0,110.0,114.0,110.0,1773948856.515
114.0,110.0,114.0,110.0,1773948856.532
114.0,110.0,114.0,110.0,1773948856.553
114.0,110.0,114.0,110.0,1773948856.572
113.0,112.0,113.0,112.0,1773948856.992
113.0,112.0,113.0,112.0,1773948857.012
112.0,113.0,112.0,113.0,1773948857.032
112.0,113.0,112.0,113.0,1773948857.053
112.0,113.0,112.0,113.0,1773948857.072
113.0,112.0,113.0,112.0,1773948856.992
113.0,112.0,113.0,112.0,1773948857.012
112.0,113.0,112.0,113.0,1773948857.032
112.0,113.0,112.0,113.0,1773948857.053
112.0,113.0,112.0,113.0,1773948857.072
112.0,112.0,112.0,112.0,1773948857.513
112.0,112.0,112.0,112.0,1773948857.534
112.0,112.0,112.0,112.0,1773948857.553
112.0,112.0,112.0,112.0,1773948857.572
112.0,112.0,112.0,112.0,1773948857.592
112.0,112.0,112.0,112.0,1773948857.513
112.0,112.0,112.0,112.0,1773948857.534
112.0,112.0,112.0,112.0,1773948857.553
112.0,112.0,112.0,112.0,1773948857.572
112.0,112.0,112.0,112.0,1773948857.592
112.0,112.0,112.0,112.0,1773948857.513
112.0,112.0,112.0,112.0,1773948857.534
112.0,112.0,112.0,112.0,1773948857.553
112.0,112.0,112.0,112.0,1773948857.572
112.0,112.0,112.0,112.0,1773948857.592
109.0,109.0,109.0,109.0,1773948858.012
109.0,109.0,109.0,109.0,1773948858.032
109.0,109.0,109.0,109.0,1773948858.052
109.0,109.0,109.0,109.0,1773948858.072
108.0,108.0,108.0,108.0,1773948858.092
109.0,109.0,109.0,109.0,1773948858.012
109.0,109.0,109.0,109.0,1773948858.032
109.0,109.0,109.0,109.0,1773948858.052
109.0,109.0,109.0,109.0,1773948858.072
108.0,108.0,108.0,108.0,1773948858.092
100.0,105.0,100.0,105.0,1773948858.532
100.0,105.0,100.0,105.0,1773948858.553
100.0,105.0,100.0,105.0,1773948858.572
100.0,105.0,100.0,105.0,1773948858.592
100.0,105.0,100.0,105.0,1773948858.612
100.0,105.0,100.0,105.0,1773948858.532
100.0,105.0,100.0,105.0,1773948858.553
100.0,105.0,100.0,105.0,1773948858.572
100.0,105.0,100.0,105.0,1773948858.592
100.0,105.0,100.0,105.0,1773948858.612
96.0,106.0,96.0,106.0,1773948859.032
96.0,106.0,96.0,106.0,1773948859.052
96.0,108.0,96.0,108.0,1773948859.072
96.0,108.0,96.0,108.0,1773948859.092
96.0,108.0,96.0,108.0,1773948859.112
96.0,106.0,96.0,106.0,1773948859.032
96.0,106.0,96.0,106.0,1773948859.052
96.0,108.0,96.0,108.0,1773948859.072
96.0,108.0,96.0,108.0,1773948859.092
96.0,108.0,96.0,108.0,1773948859.112
96.0,106.0,96.0,106.0,1773948859.032
96.0,106.0,96.0,106.0,1773948859.052
96.0,108.0,96.0,108.0,1773948859.072
96.0,108.0,96.0,108.0,1773948859.092
96.0,108.0,96.0,108.0,1773948859.112
96.0,106.0,96.0,106.0,1773948859.032
96.0,106.0,96.0,106.0,1773948859.052
96.0,108.0,96.0,108.0,1773948859.072
96.0,108.0,96.0,108.0,1773948859.092
96.0,108.0,96.0,108.0,1773948859.112
96.0,106.0,96.0,106.0,1773948859.032
96.0,106.0,96.0,106.0,1773948859.052
96.0,108.0,96.0,108.0,1773948859.072
96.0,108.0,96.0,108.0,1773948859.092
96.0,108.0,96.0,108.0,1773948859.112
105.0,114.0,105.0,114.0,1773948860.053
105.0,114.0,105.0,114.0,1773948860.074
105.0,114.0,105.0,114.0,1773948860.092
105.0,114.0,105.0,114.0,1773948860.112
105.0,114.0,105.0,114.0,1773948860.132
105.0,114.0,105.0,114.0,1773948860.053
105.0,114.0,105.0,114.0,1773948860.074
105.0,114.0,105.0,114.0,1773948860.092
105.0,114.0,105.0,114.0,1773948860.112
105.0,114.0,105.0,114.0,1773948860.132
107.0,109.0,107.0,109.0,1773948860.575
107.0,109.0,107.0,109.0,1773948860.593
107.0,109.0,107.0,109.0,1773948860.613
107.0,109.0,107.0,109.0,1773948860.632
107.0,109.0,107.0,109.0,1773948860.654
107.0,109.0,107.0,109.0,1773948860.575
107.0,109.0,107.0,109.0,1773948860.593
107.0,109.0,107.0,109.0,1773948860.613
107.0,109.0,107.0,109.0,1773948860.632
107.0,109.0,107.0,109.0,1773948860.654
106.0,106.0,106.0,106.0,1773948861.072
106.0,106.0,106.0,106.0,1773948861.093
106.0,105.0,106.0,105.0,1773948861.112
106.0,105.0,106.0,105.0,1773948861.132
106.0,105.0,106.0,105.0,1773948861.153
106.0,106.0,106.0,106.0,1773948861.072
106.0,106.0,106.0,106.0,1773948861.093
106.0,105.0,106.0,105.0,1773948861.112
106.0,105.0,106.0,105.0,1773948861.132
106.0,105.0,106.0,105.0,1773948861.153
103.0,100.0,103.0,100.0,1773948861.592
103.0,100.0,103.0,100.0,1773948861.612
103.0,100.0,103.0,100.0,1773948861.637
103.0,99.0,103.0,99.0,1773948861.653
103.0,99.0,103.0,99.0,1773948861.673
103.0,100.0,103.0,100.0,1773948861.592
103.0,100.0,103.0,100.0,1773948861.612
103.0,100.0,103.0,100.0,1773948861.637
103.0,99.0,103.0,99.0,1773948861.653
103.0,99.0,103.0,99.0,1773948861.673
103.0,100.0,103.0,100.0,1773948861.592
103.0,100.0,103.0,100.0,1773948861.612
103.0,100.0,103.0,100.0,1773948861.637
103.0,99.0,103.0,99.0,1773948861.653
103.0,99.0,103.0,99.0,1773948861.673
104.0,96.0,104.0,96.0,1773948862.093
104.0,96.0,104.0,96.0,1773948862.112
104.0,96.0,104.0,96.0,1773948862.133
104.0,96.0,104.0,96.0,1773948862.153
106.0,98.0,106.0,98.0,1773948862.172
111.0,103.0,111.0,103.0,1773948862.613
111.0,103.0,111.0,103.0,1773948862.632
111.0,103.0,111.0,103.0,1773948862.654
111.0,103.0,111.0,103.0,1773948862.673
111.0,103.0,111.0,103.0,1773948862.696
111.0,103.0,111.0,103.0,1773948862.613
111.0,103.0,111.0,103.0,1773948862.632
111.0,103.0,111.0,103.0,1773948862.654
111.0,103.0,111.0,103.0,1773948862.673
111.0,103.0,111.0,103.0,1773948862.696
111.0,103.0,111.0,103.0,1773948862.613
111.0,103.0,111.0,103.0,1773948862.632
111.0,103.0,111.0,103.0,1773948862.654
111.0,103.0,111.0,103.0,1773948862.673
111.0,103.0,111.0,103.0,1773948862.696
111.0,108.0,111.0,108.0,1773948863.113
111.0,108.0,111.0,108.0,1773948863.133
111.0,108.0,111.0,108.0,1773948863.153
111.0,108.0,111.0,108.0,1773948863.173
111.0,108.0,111.0,108.0,1773948863.193
111.0,108.0,111.0,108.0,1773948863.113
111.0,108.0,111.0,108.0,1773948863.133
111.0,108.0,111.0,108.0,1773948863.153
111.0,108.0,111.0,108.0,1773948863.173
111.0,108.0,111.0,108.0,1773948863.193
109.0,104.0,109.0,104.0,1773948863.633
109.0,104.0,109.0,104.0,1773948863.653
109.0,104.0,109.0,104.0,1773948863.673
109.0,105.0,109.0,105.0,1773948863.693
109.0,105.0,109.0,105.0,1773948863.713
109.0,104.0,109.0,104.0,1773948863.633
109.0,104.0,109.0,104.0,1773948863.653
109.0,104.0,109.0,104.0,1773948863.673
109.0,105.0,109.0,105.0,1773948863.693
109.0,105.0,109.0,105.0,1773948863.713
109.0,104.0,109.0,104.0,1773948863.633
109.0,104.0,109.0,104.0,1773948863.653
109.0,104.0,109.0,104.0,1773948863.673
109.0,105.0,109.0,105.0,1773948863.693
109.0,105.0,109.0,105.0,1773948863.713
111.0,105.0,111.0,105.0,1773948864.133
111.0,105.0,111.0,105.0,1773948864.153
111.0,105.0,111.0,105.0,1773948864.173
111.0,105.0,111.0,105.0,1773948864.193
111.0,105.0,111.0,105.0,1773948864.213
111.0,105.0,111.0,105.0,1773948864.133
111.0,105.0,111.0,105.0,1773948864.153
111.0,105.0,111.0,105.0,1773948864.173
111.0,105.0,111.0,105.0,1773948864.193
111.0,105.0,111.0,105.0,1773948864.213
112.0,109.0,112.0,109.0,1773948864.653
114.0,111.0,114.0,111.0,1773948864.673
114.0,111.0,114.0,111.0,1773948864.693
114.0,111.0,114.0,111.0,1773948864.713
114.0,111.0,114.0,111.0,1773948864.733
112.0,109.0,112.0,109.0,1773948864.653
114.0,111.0,114.0,111.0,1773948864.673
114.0,111.0,114.0,111.0,1773948864.693
114.0,111.0,114.0,111.0,1773948864.713
114.0,111.0,114.0,111.0,1773948864.733
114.0,114.0,114.0,114.0,1773948865.153
114.0,114.0,114.0,114.0,1773948865.173
114.0,115.0,114.0,115.0,1773948865.194
114.0,115.0,114.0,115.0,1773948865.213
114.0,115.0,114.0,115.0,1773948865.233
114.0,114.0,114.0,114.0,1773948865.153
114.0,114.0,114.0,114.0,1773948865.173
114.0,115.0,114.0,115.0,1773948865.194
114.0,115.0,114.0,115.0,1773948865.213
114.0,115.0,114.0,115.0,1773948865.233
113.0,117.0,113.0,117.0,1773948865.673
113.0,117.0,113.0,117.0,1773948865.693
113.0,117.0,113.0,117.0,1773948865.713
112.0,116.0,112.0,116.0,1773948865.733
112.0,116.0,112.0,116.0,1773948865.753
113.0,117.0,113.0,117.0,1773948865.673
113.0,117.0,113.0,117.0,1773948865.693
113.0,117.0,113.0,117.0,1773948865.713
112.0,116.0,112.0,116.0,1773948865.733
112.0,116.0,112.0,116.0,1773948865.753
113.0,117.0,113.0,117.0,1773948865.673
113.0,117.0,113.0,117.0,1773948865.693
113.0,117.0,113.0,117.0,1773948865.713
112.0,116.0,112.0,116.0,1773948865.733
112.0,116.0,112.0,116.0,1773948865.753
111.0,114.0,111.0,114.0,1773948866.173
111.0,114.0,111.0,114.0,1773948866.194
111.0,114.0,111.0,114.0,1773948866.213
111.0,114.0,111.0,114.0,1773948866.233
111.0,114.0,111.0,114.0,1773948866.253
111.0,114.0,111.0,114.0,1773948866.173
111.0,114.0,111.0,114.0,1773948866.194
111.0,114.0,111.0,114.0,1773948866.213
111.0,114.0,111.0,114.0,1773948866.233
111.0,114.0,111.0,114.0,1773948866.253
112.0,112.0,112.0,112.0,1773948866.693
113.0,112.0,113.0,112.0,1773948866.713
113.0,112.0,113.0,112.0,1773948866.733
113.0,112.0,113.0,112.0,1773948866.753
113.0,112.0,113.0,112.0,1773948866.773
117.0,114.0,117.0,114.0,1773948867.193
117.0,114.0,117.0,114.0,1773948867.213
117.0,114.0,117.0,114.0,1773948867.233
117.0,114.0,117.0,114.0,1773948867.253
117.0,114.0,117.0,114.0,1773948867.273
117.0,114.0,117.0,114.0,1773948867.193
117.0,114.0,117.0,114.0,1773948867.213
117.0,114.0,117.0,114.0,1773948867.233
117.0,114.0,117.0,114.0,1773948867.253
117.0,114.0,117.0,114.0,1773948867.273
117.0,114.0,117.0,114.0,1773948867.193
117.0,114.0,117.0,114.0,1773948867.213
117.0,114.0,117.0,114.0,1773948867.233
117.0,114.0,117.0,114.0,1773948867.253
117.0,114.0,117.0,114.0,1773948867.273
118.0,115.0,118.0,115.0,1773948867.713
118.0,115.0,118.0,115.0,1773948867.733
118.0,115.0,118.0,115.0,1773948867.753
117.0,114.0,117.0,114.0,1773948867.773
117.0,114.0,117.0,114.0,1773948867.794
118.0,115.0,118.0,115.0,1773948867.713
118.0,115.0,118.0,115.0,1773948867.733
118.0,115.0,118.0,115.0,1773948867.753
117.0,114.0,117.0,114.0,1773948867.773
117.0,114.0,117.0,114.0,1773948867.794
116.0,115.0,116.0,115.0,1773948868.213
116.0,115.0,116.0,115.0,1773948868.233
116.0,115.0,116.0,115.0,1773948868.253
116.0,115.0,116.0,115.0,1773948868.273
116.0,115.0,116.0,115.0,1773948868.293
116.0,115.0,116.0,115.0,1773948868.213
116.0,115.0,116.0,115.0,1773948868.233
116.0,115.0,116.0,115.0,1773948868.253
116.0,115.0,116.0,115.0,1773948868.273
116.0,115.0,116.0,115.0,1773948868.293
114.0,114.0,114.0,114.0,1773948868.733
114.0,114.0,114.0,114.0,1773948868.753
114.0,114.0,114.0,114.0,1773948868.773
114.0,114.0,114.0,114.0,1773948868.794
114.0,114.0,114.0,114.0,1773948868.813
114.0,114.0,114.0,114.0,1773948868.733
114.0,114.0,114.0,114.0,1773948868.753
114.0,114.0,114.0,114.0,1773948868.773
114.0,114.0,114.0,114.0,1773948868.794
114.0,114.0,114.0,114.0,1773948868.813
115.0,114.0,115.0,114.0,1773948869.233
115.0,114.0,115.0,114.0,1773948869.253
114.0,114.0,114.0,114.0,1773948869.274
114.0,114.0,114.0,114.0,1773948869.293
114.0,114.0,114.0,114.0,1773948869.313
115.0,114.0,115.0,114.0,1773948869.233
115.0,114.0,115.0,114.0,1773948869.253
114.0,114.0,114.0,114.0,1773948869.274
114.0,114.0,114.0,114.0,1773948869.293
114.0,114.0,114.0,114.0,1773948869.313
115.0,114.0,115.0,114.0,1773948869.233
115.0,114.0,115.0,114.0,1773948869.253
114.0,114.0,114.0,114.0,1773948869.274
114.0,114.0,114.0,114.0,1773948869.293
114.0,114.0,114.0,114.0,1773948869.313
112.0,112.0,112.0,112.0,1773948869.753
112.0,112.0,112.0,112.0,1773948869.773
112.0,112.0,112.0,112.0,1773948869.794
111.0,111.0,111.0,111.0,1773948869.813
111.0,111.0,111.0,111.0,1773948869.833
112.0,112.0,112.0,112.0,1773948869.753
112.0,112.0,112.0,112.0,1773948869.773
112.0,112.0,112.0,112.0,1773948869.794
111.0,111.0,111.0,111.0,1773948869.813
111.0,111.0,111.0,111.0,1773948869.833
105.0,96.0,105.0,96.0,1773948870.253
105.0,96.0,105.0,96.0,1773948870.273
105.0,96.0,105.0,96.0,1773948870.293
105.0,96.0,105.0,96.0,1773948870.313
105.0,96.0,105.0,96.0,1773948870.333
105.0,96.0,105.0,96.0,1773948870.253
105.0,96.0,105.0,96.0,1773948870.273
105.0,96.0,105.0,96.0,1773948870.293
105.0,96.0,105.0,96.0,1773948870.313
105.0,96.0,105.0,96.0,1773948870.333
100.0,82.0,100.0,82.0,1773948870.773
101.0,82.0,101.0,82.0,1773948870.794
101.0,82.0,101.0,82.0,1773948870.813
101.0,82.0,101.0,82.0,1773948870.833
101.0,82.0,101.0,82.0,1773948870.853
100.0,82.0,100.0,82.0,1773948870.773
101.0,82.0,101.0,82.0,1773948870.794
101.0,82.0,101.0,82.0,1773948870.813
101.0,82.0,101.0,82.0,1773948870.833
101.0,82.0,101.0,82.0,1773948870.853
106.0,90.0,106.0,90.0,1773948871.275
106.0,90.0,106.0,90.0,1773948871.293
106.0,90.0,106.0,90.0,1773948871.313
105.0,92.0,105.0,92.0,1773948871.333
105.0,92.0,105.0,92.0,1773948871.353
106.0,90.0,106.0,90.0,1773948871.275
106.0,90.0,106.0,90.0,1773948871.293
106.0,90.0,106.0,90.0,1773948871.313
105.0,92.0,105.0,92.0,1773948871.333
105.0,92.0,105.0,92.0,1773948871.353
-64.0,61.0,-64.0,61.0,1773948871.773
-64.0,61.0,-64.0,61.0,1773948871.794
-64.0,61.0,-64.0,61.0,1773948871.813
-64.0,61.0,-64.0,61.0,1773948871.833
-64.0,61.0,-64.0,61.0,1773948871.853
-64.0,61.0,-64.0,61.0,1773948871.773
-64.0,61.0,-64.0,61.0,1773948871.794
-64.0,61.0,-64.0,61.0,1773948871.813
-64.0,61.0,-64.0,61.0,1773948871.833
-64.0,61.0,-64.0,61.0,1773948871.853
-64.0,61.0,-64.0,61.0,1773948871.773
-64.0,61.0,-64.0,61.0,1773948871.794
-64.0,61.0,-64.0,61.0,1773948871.813
-64.0,61.0,-64.0,61.0,1773948871.833
-64.0,61.0,-64.0,61.0,1773948871.853
-12.0,10.0,-12.0,10.0,1773948872.301
-12.0,10.0,-12.0,10.0,1773948872.313
-12.0,10.0,-12.0,10.0,1773948872.333
-12.0,10.0,-12.0,10.0,1773948872.353
-12.0,10.0,-12.0,10.0,1773948872.373
-12.0,10.0,-12.0,10.0,1773948872.301
-12.0,10.0,-12.0,10.0,1773948872.313
-12.0,10.0,-12.0,10.0,1773948872.333
-12.0,10.0,-12.0,10.0,1773948872.353
-12.0,10.0,-12.0,10.0,1773948872.373
-12.0,10.0,-12.0,10.0,1773948872.301
-12.0,10.0,-12.0,10.0,1773948872.313
-12.0,10.0,-12.0,10.0,1773948872.333
-12.0,10.0,-12.0,10.0,1773948872.353
-12.0,10.0,-12.0,10.0,1773948872.373
-10.0,10.0,-10.0,10.0,1773948872.813
-13.0,12.0,-13.0,12.0,1773948872.833
-13.0,12.0,-13.0,12.0,1773948872.853
-13.0,12.0,-13.0,12.0,1773948872.873
-13.0,12.0,-13.0,12.0,1773948872.893
-10.0,10.0,-10.0,10.0,1773948872.813
-13.0,12.0,-13.0,12.0,1773948872.833
-13.0,12.0,-13.0,12.0,1773948872.853
-13.0,12.0,-13.0,12.0,1773948872.873
-13.0,12.0,-13.0,12.0,1773948872.893
13.0,14.0,13.0,14.0,1773948873.313
13.0,14.0,13.0,14.0,1773948873.333
13.0,14.0,13.0,14.0,1773948873.353
12.0,12.0,12.0,12.0,1773948873.373
12.0,12.0,12.0,12.0,1773948873.394
13.0,14.0,13.0,14.0,1773948873.313
13.0,14.0,13.0,14.0,1773948873.333
13.0,14.0,13.0,14.0,1773948873.353
12.0,12.0,12.0,12.0,1773948873.373
12.0,12.0,12.0,12.0,1773948873.394
19.0,18.0,19.0,18.0,1773948873.833
19.0,18.0,19.0,18.0,1773948873.853
19.0,18.0,19.0,18.0,1773948873.873
27.0,25.0,27.0,25.0,1773948873.893
27.0,25.0,27.0,25.0,1773948873.913
19.0,18.0,19.0,18.0,1773948873.833
19.0,18.0,19.0,18.0,1773948873.853
19.0,18.0,19.0,18.0,1773948873.873
27.0,25.0,27.0,25.0,1773948873.893
27.0,25.0,27.0,25.0,1773948873.913
0.0,0.0,0.0,0.0,1773948878.933
0.0,0.0,0.0,0.0,1773948878.953
0.0,0.0,0.0,0.0,1773948878.973
0.0,0.0,0.0,0.0,1773948878.994
0.0,0.0,0.0,0.0,1773948879.013
0.0,0.0,0.0,0.0,1773948878.933
0.0,0.0,0.0,0.0,1773948878.953
0.0,0.0,0.0,0.0,1773948878.973
0.0,0.0,0.0,0.0,1773948878.994
0.0,0.0,0.0,0.0,1773948879.013
0.0,0.0,0.0,0.0,1773948878.933
0.0,0.0,0.0,0.0,1773948878.953
0.0,0.0,0.0,0.0,1773948878.973
0.0,0.0,0.0,0.0,1773948878.994
0.0,0.0,0.0,0.0,1773948879.013
0.0,0.0,0.0,0.0,1773948878.933
0.0,0.0,0.0,0.0,1773948878.953
0.0,0.0,0.0,0.0,1773948878.973
0.0,0.0,0.0,0.0,1773948878.994
0.0,0.0,0.0,0.0,1773948879.013
0.0,0.0,0.0,0.0,1773948878.933
0.0,0.0,0.0,0.0,1773948878.953
0.0,0.0,0.0,0.0,1773948878.973
0.0,0.0,0.0,0.0,1773948878.994
0.0,0.0,0.0,0.0,1773948879.013
0.0,0.0,0.0,0.0,1773948878.933
0.0,0.0,0.0,0.0,1773948878.953
0.0,0.0,0.0,0.0,1773948878.973
0.0,0.0,0.0,0.0,1773948878.994
0.0,0.0,0.0,0.0,1773948879.013
0.0,0.0,0.0,0.0,1773948878.933
0.0,0.0,0.0,0.0,1773948878.953
0.0,0.0,0.0,0.0,1773948878.973
0.0,0.0,0.0,0.0,1773948878.994
0.0,0.0,0.0,0.0,1773948879.013
0.0,0.0,0.0,0.0,1773948878.933
0.0,0.0,0.0,0.0,1773948878.953
0.0,0.0,0.0,0.0,1773948878.973
0.0,0.0,0.0,0.0,1773948878.994
0.0,0.0,0.0,0.0,1773948879.013
0.0,0.0,0.0,0.0,1773948878.933
0.0,0.0,0.0,0.0,1773948878.953
0.0,0.0,0.0,0.0,1773948878.973
0.0,0.0,0.0,0.0,1773948878.994
0.0,0.0,0.0,0.0,1773948879.013
0.0,0.0,0.0,0.0,1773948881.333
0.0,0.0,0.0,0.0,1773948881.353
0.0,0.0,0.0,0.0,1773948881.373
0.0,0.0,0.0,0.0,1773948881.393
0.0,0.0,0.0,0.0,1773948881.413
0.0,0.0,0.0,0.0,1773948881.333
0.0,0.0,0.0,0.0,1773948881.353
0.0,0.0,0.0,0.0,1773948881.373
0.0,0.0,0.0,0.0,1773948881.393
0.0,0.0,0.0,0.0,1773948881.413
0.0,0.0,0.0,0.0,1773948881.853
0.0,0.0,0.0,0.0,1773948881.873
0.0,0.0,0.0,0.0,1773948881.893
0.0,0.0,0.0,0.0,1773948881.914
0.0,0.0,0.0,0.0,1773948881.933
0.0,0.0,0.0,0.0,1773948881.853
0.0,0.0,0.0,0.0,1773948881.873
0.0,0.0,0.0,0.0,1773948881.893
0.0,0.0,0.0,0.0,1773948881.914
0.0,0.0,0.0,0.0,1773948881.933
0.0,0.0,0.0,0.0,1773948882.353
0.0,0.0,0.0,0.0,1773948882.373
0.0,0.0,0.0,0.0,1773948882.393
0.0,0.0,0.0,0.0,1773948882.413
0.0,0.0,0.0,0.0,1773948882.433
0.0,0.0,0.0,0.0,1773948882.353
0.0,0.0,0.0,0.0,1773948882.373
0.0,0.0,0.0,0.0,1773948882.393
0.0,0.0,0.0,0.0,1773948882.413
0.0,0.0,0.0,0.0,1773948882.433
0.0,0.0,0.0,0.0,1773948882.874
0.0,0.0,0.0,0.0,1773948882.893
0.0,0.0,0.0,0.0,1773948882.915
0.0,0.0,0.0,0.0,1773948882.933
0.0,0.0,0.0,0.0,1773948882.953
0.0,0.0,0.0,0.0,1773948882.874
0.0,0.0,0.0,0.0,1773948882.893
0.0,0.0,0.0,0.0,1773948882.915
0.0,0.0,0.0,0.0,1773948882.933
0.0,0.0,0.0,0.0,1773948882.953
0.0,0.0,0.0,0.0,1773948882.874
0.0,0.0,0.0,0.0,1773948882.893
0.0,0.0,0.0,0.0,1773948882.915
0.0,0.0,0.0,0.0,1773948882.933
0.0,0.0,0.0,0.0,1773948882.953
0.0,0.0,0.0,0.0,1773948883.373
0.0,0.0,0.0,0.0,1773948883.393
0.0,0.0,0.0,0.0,1773948883.416
0.0,0.0,0.0,0.0,1773948883.433
0.0,0.0,0.0,0.0,1773948883.453
0.0,0.0,0.0,0.0,1773948883.894
0.0,0.0,0.0,0.0,1773948883.913
0.0,0.0,0.0,0.0,1773948883.933
0.0,0.0,0.0,0.0,1773948883.953
0.0,0.0,0.0,0.0,1773948883.973
0.0,0.0,0.0,0.0,1773948883.894
0.0,0.0,0.0,0.0,1773948883.913
0.0,0.0,0.0,0.0,1773948883.933
0.0,0.0,0.0,0.0,1773948883.953
0.0,0.0,0.0,0.0,1773948883.973
0.0,0.0,0.0,0.0,1773948884.393
0.0,0.0,0.0,0.0,1773948884.414
0.0,0.0,0.0,0.0,1773948884.433
0.0,0.0,0.0,0.0,1773948884.453
0.0,0.0,0.0,0.0,1773948884.473
0.0,0.0,0.0,0.0,1773948884.393
0.0,0.0,0.0,0.0,1773948884.414
0.0,0.0,0.0,0.0,1773948884.433
0.0,0.0,0.0,0.0,1773948884.453
0.0,0.0,0.0,0.0,1773948884.473
0.0,0.0,0.0,0.0,1773948884.913
0.0,0.0,0.0,0.0,1773948884.933
0.0,0.0,0.0,0.0,1773948884.954
0.0,0.0,0.0,0.0,1773948884.973
0.0,0.0,0.0,0.0,1773948884.994
0.0,0.0,0.0,0.0,1773948884.913
0.0,0.0,0.0,0.0,1773948884.933
0.0,0.0,0.0,0.0,1773948884.954
0.0,0.0,0.0,0.0,1773948884.973
0.0,0.0,0.0,0.0,1773948884.994
0.0,0.0,0.0,0.0,1773948885.413
0.0,0.0,0.0,0.0,1773948885.433
0.0,0.0,0.0,0.0,1773948885.453
0.0,0.0,0.0,0.0,1773948885.473
0.0,0.0,0.0,0.0,1773948885.493
0.0,0.0,0.0,0.0,1773948885.413
0.0,0.0,0.0,0.0,1773948885.433
0.0,0.0,0.0,0.0,1773948885.453
0.0,0.0,0.0,0.0,1773948885.473
0.0,0.0,0.0,0.0,1773948885.493
0.0,0.0,0.0,0.0,1773948885.933
0.0,0.0,0.0,0.0,1773948885.953
0.0,0.0,0.0,0.0,1773948885.973
0.0,0.0,0.0,0.0,1773948885.993
0.0,0.0,0.0,0.0,1773948886.013
0.0,0.0,0.0,0.0,1773948885.933
0.0,0.0,0.0,0.0,1773948885.953
0.0,0.0,0.0,0.0,1773948885.973
0.0,0.0,0.0,0.0,1773948885.993
0.0,0.0,0.0,0.0,1773948886.013
0.0,0.0,0.0,0.0,1773948886.433
0.0,0.0,0.0,0.0,1773948886.453
0.0,0.0,0.0,0.0,1773948886.473
0.0,0.0,0.0,0.0,1773948886.493
0.0,0.0,0.0,0.0,1773948886.513
0.0,0.0,0.0,0.0,1773948886.433
0.0,0.0,0.0,0.0,1773948886.453
0.0,0.0,0.0,0.0,1773948886.473
0.0,0.0,0.0,0.0,1773948886.493
0.0,0.0,0.0,0.0,1773948886.513
0.0,0.0,0.0,0.0,1773948886.953
0.0,0.0,0.0,0.0,1773948886.973
0.0,0.0,0.0,0.0,1773948886.993
0.0,0.0,0.0,0.0,1773948887.013
0.0,0.0,0.0,0.0,1773948887.033
0.0,0.0,0.0,0.0,1773948887.454
0.0,0.0,0.0,0.0,1773948887.473
0.0,0.0,0.0,0.0,1773948887.493
0.0,0.0,0.0,0.0,1773948887.513
0.0,0.0,0.0,0.0,1773948887.533
0.0,0.0,0.0,0.0,1773948887.454
0.0,0.0,0.0,0.0,1773948887.473
0.0,0.0,0.0,0.0,1773948887.493
0.0,0.0,0.0,0.0,1773948887.513
0.0,0.0,0.0,0.0,1773948887.533
0.0,0.0,0.0,0.0,1773948887.973
0.0,0.0,0.0,0.0,1773948887.993
0.0,0.0,0.0,0.0,1773948888.013
0.0,0.0,0.0,0.0,1773948888.033
0.0,0.0,0.0,0.0,1773948888.054
0.0,0.0,0.0,0.0,1773948887.973
0.0,0.0,0.0,0.0,1773948887.993
0.0,0.0,0.0,0.0,1773948888.013
0.0,0.0,0.0,0.0,1773948888.033
0.0,0.0,0.0,0.0,1773948888.054
0.0,0.0,0.0,0.0,1773948888.473
0.0,0.0,0.0,0.0,1773948888.493
0.0,0.0,0.0,0.0,1773948888.513
0.0,0.0,0.0,0.0,1773948888.533
0.0,0.0,0.0,0.0,1773948888.553
0.0,0.0,0.0,0.0,1773948888.993
0.0,0.0,0.0,0.0,1773948889.013
0.0,0.0,0.0,0.0,1773948889.033
0.0,0.0,0.0,0.0,1773948889.053
0.0,0.0,0.0,0.0,1773948889.073
0.0,0.0,0.0,0.0,1773948888.993
0.0,0.0,0.0,0.0,1773948889.013
0.0,0.0,0.0,0.0,1773948889.033
0.0,0.0,0.0,0.0,1773948889.053
0.0,0.0,0.0,0.0,1773948889.073
0.0,0.0,0.0,0.0,1773948889.493
0.0,0.0,0.0,0.0,1773948889.515
0.0,0.0,0.0,0.0,1773948889.533
0.0,0.0,0.0,0.0,1773948889.553
0.0,0.0,0.0,0.0,1773948889.578
0.0,0.0,0.0,0.0,1773948889.493
0.0,0.0,0.0,0.0,1773948889.515
0.0,0.0,0.0,0.0,1773948889.533
0.0,0.0,0.0,0.0,1773948889.553
0.0,0.0,0.0,0.0,1773948889.578
0.0,0.0,0.0,0.0,1773948890.013
0.0,0.0,0.0,0.0,1773948890.033
0.0,0.0,0.0,0.0,1773948890.053
0.0,0.0,0.0,0.0,1773948890.073
0.0,0.0,0.0,0.0,1773948890.093
0.0,0.0,0.0,0.0,1773948890.013
0.0,0.0,0.0,0.0,1773948890.033
0.0,0.0,0.0,0.0,1773948890.053
0.0,0.0,0.0,0.0,1773948890.073
0.0,0.0,0.0,0.0,1773948890.093
0.0,0.0,0.0,0.0,1773948890.515
0.0,0.0,0.0,0.0,1773948890.533
0.0,0.0,0.0,0.0,1773948890.553
0.0,0.0,0.0,0.0,1773948890.573
0.0,0.0,0.0,0.0,1773948890.593
0.0,0.0,0.0,0.0,1773948890.515
0.0,0.0,0.0,0.0,1773948890.533
0.0,0.0,0.0,0.0,1773948890.553
0.0,0.0,0.0,0.0,1773948890.573
0.0,0.0,0.0,0.0,1773948890.593
0.0,0.0,0.0,0.0,1773948890.515
0.0,0.0,0.0,0.0,1773948890.533
0.0,0.0,0.0,0.0,1773948890.553
0.0,0.0,0.0,0.0,1773948890.573
0.0,0.0,0.0,0.0,1773948890.593
0.0,0.0,0.0,0.0,1773948891.013
0.0,0.0,0.0,0.0,1773948891.033
0.0,0.0,0.0,0.0,1773948891.053
0.0,0.0,0.0,0.0,1773948891.073
0.0,0.0,0.0,0.0,1773948891.093
0.0,0.0,0.0,0.0,1773948891.013
0.0,0.0,0.0,0.0,1773948891.033
0.0,0.0,0.0,0.0,1773948891.053
0.0,0.0,0.0,0.0,1773948891.073
0.0,0.0,0.0,0.0,1773948891.093
1.0,0.0,1.0,0.0,1773948891.533
3.0,1.0,3.0,1.0,1773948891.553
3.0,1.0,3.0,1.0,1773948891.573
3.0,1.0,3.0,1.0,1773948891.593
3.0,1.0,3.0,1.0,1773948891.615
1.0,0.0,1.0,0.0,1773948891.533
3.0,1.0,3.0,1.0,1773948891.553
3.0,1.0,3.0,1.0,1773948891.573
3.0,1.0,3.0,1.0,1773948891.593
3.0,1.0,3.0,1.0,1773948891.615
27.0,27.0,27.0,27.0,1773948892.053
27.0,27.0,27.0,27.0,1773948892.073
36.0,36.0,36.0,36.0,1773948892.093
36.0,36.0,36.0,36.0,1773948892.115
36.0,36.0,36.0,36.0,1773948892.133
27.0,27.0,27.0,27.0,1773948892.053
27.0,27.0,27.0,27.0,1773948892.073
36.0,36.0,36.0,36.0,1773948892.093
36.0,36.0,36.0,36.0,1773948892.115
36.0,36.0,36.0,36.0,1773948892.133
76.0,78.0,76.0,78.0,1773948892.553
76.0,78.0,76.0,78.0,1773948892.573
76.0,78.0,76.0,78.0,1773948892.593
76.0,78.0,76.0,78.0,1773948892.614
84.0,86.0,84.0,86.0,1773948892.633
76.0,78.0,76.0,78.0,1773948892.553
76.0,78.0,76.0,78.0,1773948892.573
76.0,78.0,76.0,78.0,1773948892.593
76.0,78.0,76.0,78.0,1773948892.614
84.0,86.0,84.0,86.0,1773948892.633
75.0,81.0,75.0,81.0,1773948893.073
75.0,81.0,75.0,81.0,1773948893.093
75.0,81.0,75.0,81.0,1773948893.115
75.0,81.0,75.0,81.0,1773948893.133
75.0,81.0,75.0,81.0,1773948893.153
75.0,81.0,75.0,81.0,1773948893.073
75.0,81.0,75.0,81.0,1773948893.093
75.0,81.0,75.0,81.0,1773948893.115
75.0,81.0,75.0,81.0,1773948893.133
75.0,81.0,75.0,81.0,1773948893.153
75.0,81.0,75.0,81.0,1773948893.073
75.0,81.0,75.0,81.0,1773948893.093
75.0,81.0,75.0,81.0,1773948893.115
75.0,81.0,75.0,81.0,1773948893.133
75.0,81.0,75.0,81.0,1773948893.153
34.0,40.0,34.0,40.0,1773948893.573
24.0,30.0,24.0,30.0,1773948893.593
24.0,30.0,24.0,30.0,1773948893.615
24.0,30.0,24.0,30.0,1773948893.633
24.0,30.0,24.0,30.0,1773948893.653
34.0,40.0,34.0,40.0,1773948893.573
24.0,30.0,24.0,30.0,1773948893.593
24.0,30.0,24.0,30.0,1773948893.615
24.0,30.0,24.0,30.0,1773948893.633
24.0,30.0,24.0,30.0,1773948893.653
-6.0,0.0,-6.0,0.0,1773948894.093
-6.0,0.0,-6.0,0.0,1773948894.113
-6.0,0.0,-6.0,0.0,1773948894.133
-6.0,0.0,-6.0,0.0,1773948894.153
-6.0,0.0,-6.0,0.0,1773948894.173
-6.0,0.0,-6.0,0.0,1773948894.093
-6.0,0.0,-6.0,0.0,1773948894.113
-6.0,0.0,-6.0,0.0,1773948894.133
-6.0,0.0,-6.0,0.0,1773948894.153
-6.0,0.0,-6.0,0.0,1773948894.173
-6.0,1.0,-6.0,1.0,1773948894.593
-6.0,1.0,-6.0,1.0,1773948894.614
-6.0,1.0,-6.0,1.0,1773948894.633
-6.0,1.0,-6.0,1.0,1773948894.653
-6.0,1.0,-6.0,1.0,1773948894.673
-6.0,1.0,-6.0,1.0,1773948894.593
-6.0,1.0,-6.0,1.0,1773948894.614
-6.0,1.0,-6.0,1.0,1773948894.633
-6.0,1.0,-6.0,1.0,1773948894.653
-6.0,1.0,-6.0,1.0,1773948894.673
-3.0,11.0,-3.0,11.0,1773948895.115
-3.0,11.0,-3.0,11.0,1773948895.133
-3.0,11.0,-3.0,11.0,1773948895.153
-3.0,11.0,-3.0,11.0,1773948895.174
-3.0,11.0,-3.0,11.0,1773948895.193
-3.0,11.0,-3.0,11.0,1773948895.115
-3.0,11.0,-3.0,11.0,1773948895.133
-3.0,11.0,-3.0,11.0,1773948895.153
-3.0,11.0,-3.0,11.0,1773948895.174
-3.0,11.0,-3.0,11.0,1773948895.193
-3.0,11.0,-3.0,11.0,1773948895.115
-3.0,11.0,-3.0,11.0,1773948895.133
-3.0,11.0,-3.0,11.0,1773948895.153
-3.0,11.0,-3.0,11.0,1773948895.174
-3.0,11.0,-3.0,11.0,1773948895.193
-10.0,21.0,-10.0,21.0,1773948895.615
-10.0,21.0,-10.0,21.0,1773948895.634
10.0,19.0,10.0,19.0,1773948895.653
10.0,19.0,10.0,19.0,1773948895.673
10.0,19.0,10.0,19.0,1773948895.693
8.0,13.0,8.0,13.0,1773948896.115
8.0,13.0,8.0,13.0,1773948896.135
8.0,13.0,8.0,13.0,1773948896.16
8.0,13.0,8.0,13.0,1773948896.173
9.0,14.0,9.0,14.0,1773948896.193
8.0,13.0,8.0,13.0,1773948896.115
8.0,13.0,8.0,13.0,1773948896.135
8.0,13.0,8.0,13.0,1773948896.16
8.0,13.0,8.0,13.0,1773948896.173
9.0,14.0,9.0,14.0,1773948896.193
8.0,13.0,8.0,13.0,1773948896.115
8.0,13.0,8.0,13.0,1773948896.135
8.0,13.0,8.0,13.0,1773948896.16
8.0,13.0,8.0,13.0,1773948896.173
9.0,14.0,9.0,14.0,1773948896.193
18.0,21.0,18.0,21.0,1773948896.633
18.0,21.0,18.0,21.0,1773948896.654
18.0,21.0,18.0,21.0,1773948896.674
18.0,21.0,18.0,21.0,1773948896.694
18.0,21.0,18.0,21.0,1773948896.715
18.0,21.0,18.0,21.0,1773948896.633
18.0,21.0,18.0,21.0,1773948896.654
18.0,21.0,18.0,21.0,1773948896.674
18.0,21.0,18.0,21.0,1773948896.694
18.0,21.0,18.0,21.0,1773948896.715
51.0,52.0,51.0,52.0,1773948897.133
51.0,52.0,51.0,52.0,1773948897.153
60.0,63.0,60.0,63.0,1773948897.176
60.0,63.0,60.0,63.0,1773948897.193
60.0,63.0,60.0,63.0,1773948897.215
51.0,52.0,51.0,52.0,1773948897.133
51.0,52.0,51.0,52.0,1773948897.153
60.0,63.0,60.0,63.0,1773948897.176
60.0,63.0,60.0,63.0,1773948897.193
60.0,63.0,60.0,63.0,1773948897.215
93.0,93.0,93.0,93.0,1773948897.654
93.0,93.0,93.0,93.0,1773948897.674
93.0,93.0,93.0,93.0,1773948897.693
97.0,97.0,97.0,97.0,1773948897.714
97.0,97.0,97.0,97.0,1773948897.734
93.0,93.0,93.0,93.0,1773948897.654
93.0,93.0,93.0,93.0,1773948897.674
93.0,93.0,93.0,93.0,1773948897.693
97.0,97.0,97.0,97.0,1773948897.714
97.0,97.0,97.0,97.0,1773948897.734
108.0,108.0,108.0,108.0,1773948898.154
108.0,108.0,108.0,108.0,1773948898.174
108.0,108.0,108.0,108.0,1773948898.193
108.0,108.0,108.0,108.0,1773948898.213
109.0,109.0,109.0,109.0,1773948898.233
108.0,108.0,108.0,108.0,1773948898.154
108.0,108.0,108.0,108.0,1773948898.174
108.0,108.0,108.0,108.0,1773948898.193
108.0,108.0,108.0,108.0,1773948898.213
109.0,109.0,109.0,109.0,1773948898.233
111.0,111.0,111.0,111.0,1773948898.673
111.0,111.0,111.0,111.0,1773948898.693
111.0,111.0,111.0,111.0,1773948898.713
111.0,111.0,111.0,111.0,1773948898.733
111.0,111.0,111.0,111.0,1773948898.753
111.0,111.0,111.0,111.0,1773948898.673
111.0,111.0,111.0,111.0,1773948898.693
111.0,111.0,111.0,111.0,1773948898.713
111.0,111.0,111.0,111.0,1773948898.733
111.0,111.0,111.0,111.0,1773948898.753
111.0,111.0,111.0,111.0,1773948898.673
111.0,111.0,111.0,111.0,1773948898.693
111.0,111.0,111.0,111.0,1773948898.713
111.0,111.0,111.0,111.0,1773948898.733
111.0,111.0,111.0,111.0,1773948898.753
112.0,113.0,112.0,113.0,1773948899.193
112.0,114.0,112.0,114.0,1773948899.214
112.0,114.0,112.0,114.0,1773948899.233
112.0,114.0,112.0,114.0,1773948899.254
112.0,114.0,112.0,114.0,1773948899.274
112.0,113.0,112.0,113.0,1773948899.193
112.0,114.0,112.0,114.0,1773948899.214
112.0,114.0,112.0,114.0,1773948899.233
112.0,114.0,112.0,114.0,1773948899.254
112.0,114.0,112.0,114.0,1773948899.274
112.0,114.0,112.0,114.0,1773948899.714
112.0,114.0,112.0,114.0,1773948899.734
111.0,114.0,111.0,114.0,1773948899.754
111.0,114.0,111.0,114.0,1773948899.774
111.0,114.0,111.0,114.0,1773948899.794
112.0,114.0,112.0,114.0,1773948899.714
112.0,114.0,112.0,114.0,1773948899.734
111.0,114.0,111.0,114.0,1773948899.754
111.0,114.0,111.0,114.0,1773948899.774
111.0,114.0,111.0,114.0,1773948899.794
102.0,108.0,102.0,108.0,1773948900.214
102.0,108.0,102.0,108.0,1773948900.234
102.0,108.0,102.0,108.0,1773948900.254
97.0,106.0,97.0,106.0,1773948900.274
97.0,106.0,97.0,106.0,1773948900.294
102.0,108.0,102.0,108.0,1773948900.214
102.0,108.0,102.0,108.0,1773948900.234
102.0,108.0,102.0,108.0,1773948900.254
97.0,106.0,97.0,106.0,1773948900.274
97.0,106.0,97.0,106.0,1773948900.294
102.0,108.0,102.0,108.0,1773948900.214
102.0,108.0,102.0,108.0,1773948900.234
102.0,108.0,102.0,108.0,1773948900.254
97.0,106.0,97.0,106.0,1773948900.274
97.0,106.0,97.0,106.0,1773948900.294
79.0,100.0,79.0,100.0,1773948900.734
79.0,100.0,79.0,100.0,1773948900.755
79.0,100.0,79.0,100.0,1773948900.774
79.0,100.0,79.0,100.0,1773948900.794
76.0,100.0,76.0,100.0,1773948900.814
79.0,100.0,79.0,100.0,1773948900.734
79.0,100.0,79.0,100.0,1773948900.755
79.0,100.0,79.0,100.0,1773948900.774
79.0,100.0,79.0,100.0,1773948900.794
76.0,100.0,76.0,100.0,1773948900.814
70.0,103.0,70.0,103.0,1773948901.234
70.0,103.0,70.0,103.0,1773948901.254
70.0,103.0,70.0,103.0,1773948901.274
70.0,103.0,70.0,103.0,1773948901.294
70.0,103.0,70.0,103.0,1773948901.314
70.0,103.0,70.0,103.0,1773948901.234
70.0,103.0,70.0,103.0,1773948901.254
70.0,103.0,70.0,103.0,1773948901.274
70.0,103.0,70.0,103.0,1773948901.294
70.0,103.0,70.0,103.0,1773948901.314
70.0,103.0,70.0,103.0,1773948901.234
70.0,103.0,70.0,103.0,1773948901.254
70.0,103.0,70.0,103.0,1773948901.274
70.0,103.0,70.0,103.0,1773948901.294
70.0,103.0,70.0,103.0,1773948901.314
73.0,103.0,73.0,103.0,1773948901.754
74.0,103.0,74.0,103.0,1773948901.777
74.0,103.0,74.0,103.0,1773948901.794
74.0,103.0,74.0,103.0,1773948901.814
74.0,103.0,74.0,103.0,1773948901.834
73.0,103.0,73.0,103.0,1773948901.754
74.0,103.0,74.0,103.0,1773948901.777
74.0,103.0,74.0,103.0,1773948901.794
74.0,103.0,74.0,103.0,1773948901.814
74.0,103.0,74.0,103.0,1773948901.834
80.0,94.0,80.0,94.0,1773948902.254
80.0,94.0,80.0,94.0,1773948902.274
80.0,94.0,80.0,94.0,1773948902.294
82.0,92.0,82.0,92.0,1773948902.314
82.0,92.0,82.0,92.0,1773948902.334
80.0,94.0,80.0,94.0,1773948902.254
80.0,94.0,80.0,94.0,1773948902.274
80.0,94.0,80.0,94.0,1773948902.294
82.0,92.0,82.0,92.0,1773948902.314
82.0,92.0,82.0,92.0,1773948902.334
80.0,94.0,80.0,94.0,1773948902.254
80.0,94.0,80.0,94.0,1773948902.274
80.0,94.0,80.0,94.0,1773948902.294
82.0,92.0,82.0,92.0,1773948902.314
82.0,92.0,82.0,92.0,1773948902.334
88.0,81.0,88.0,81.0,1773948902.774
88.0,81.0,88.0,81.0,1773948902.794
88.0,81.0,88.0,81.0,1773948902.814
89.0,78.0,89.0,78.0,1773948902.834
89.0,78.0,89.0,78.0,1773948902.854
88.0,81.0,88.0,81.0,1773948902.774
88.0,81.0,88.0,81.0,1773948902.794
88.0,81.0,88.0,81.0,1773948902.814
89.0,78.0,89.0,78.0,1773948902.834
89.0,78.0,89.0,78.0,1773948902.854
92.0,67.0,92.0,67.0,1773948903.274
92.0,67.0,92.0,67.0,1773948903.294
92.0,67.0,92.0,67.0,1773948903.314
92.0,67.0,92.0,67.0,1773948903.334
92.0,67.0,92.0,67.0,1773948903.354
92.0,67.0,92.0,67.0,1773948903.274
92.0,67.0,92.0,67.0,1773948903.294
92.0,67.0,92.0,67.0,1773948903.314
92.0,67.0,92.0,67.0,1773948903.334
92.0,67.0,92.0,67.0,1773948903.354
92.0,67.0,92.0,67.0,1773948903.274
92.0,67.0,92.0,67.0,1773948903.294
92.0,67.0,92.0,67.0,1773948903.314
92.0,67.0,92.0,67.0,1773948903.334
92.0,67.0,92.0,67.0,1773948903.354
96.0,61.0,96.0,61.0,1773948903.794
96.0,61.0,96.0,61.0,1773948903.814
96.0,61.0,96.0,61.0,1773948903.834
96.0,61.0,96.0,61.0,1773948903.854
96.0,61.0,96.0,61.0,1773948903.874
96.0,61.0,96.0,61.0,1773948903.794
96.0,61.0,96.0,61.0,1773948903.814
96.0,61.0,96.0,61.0,1773948903.834
96.0,61.0,96.0,61.0,1773948903.854
96.0,61.0,96.0,61.0,1773948903.874
96.0,61.0,96.0,61.0,1773948903.794
96.0,61.0,96.0,61.0,1773948903.814
96.0,61.0,96.0,61.0,1773948903.834
96.0,61.0,96.0,61.0,1773948903.854
96.0,61.0,96.0,61.0,1773948903.874
101.0,70.0,101.0,70.0,1773948904.294
101.0,70.0,101.0,70.0,1773948904.314
101.0,70.0,101.0,70.0,1773948904.334
102.0,76.0,102.0,76.0,1773948904.355
102.0,76.0,102.0,76.0,1773948904.378
101.0,70.0,101.0,70.0,1773948904.294
101.0,70.0,101.0,70.0,1773948904.314
101.0,70.0,101.0,70.0,1773948904.334
102.0,76.0,102.0,76.0,1773948904.355
102.0,76.0,102.0,76.0,1773948904.378
108.0,96.0,108.0,96.0,1773948904.814
108.0,96.0,108.0,96.0,1773948904.834
108.0,96.0,108.0,96.0,1773948904.855
108.0,96.0,108.0,96.0,1773948904.874
108.0,100.0,108.0,100.0,1773948904.894
108.0,96.0,108.0,96.0,1773948904.814
108.0,96.0,108.0,96.0,1773948904.834
108.0,96.0,108.0,96.0,1773948904.855
108.0,96.0,108.0,96.0,1773948904.874
108.0,100.0,108.0,100.0,1773948904.894
108.0,96.0,108.0,96.0,1773948904.814
108.0,96.0,108.0,96.0,1773948904.834
108.0,96.0,108.0,96.0,1773948904.855
108.0,96.0,108.0,96.0,1773948904.874
108.0,100.0,108.0,100.0,1773948904.894
105.0,105.0,105.0,105.0,1773948905.314
105.0,105.0,105.0,105.0,1773948905.334
105.0,105.0,105.0,105.0,1773948905.354
105.0,105.0,105.0,105.0,1773948905.374
105.0,105.0,105.0,105.0,1773948905.394
105.0,105.0,105.0,105.0,1773948905.314
105.0,105.0,105.0,105.0,1773948905.334
105.0,105.0,105.0,105.0,1773948905.354
105.0,105.0,105.0,105.0,1773948905.374
105.0,105.0,105.0,105.0,1773948905.394
101.0,104.0,101.0,104.0,1773948905.834
102.0,102.0,102.0,102.0,1773948905.854
102.0,102.0,102.0,102.0,1773948905.874
102.0,102.0,102.0,102.0,1773948905.894
102.0,102.0,102.0,102.0,1773948905.914
101.0,104.0,101.0,104.0,1773948905.834
102.0,102.0,102.0,102.0,1773948905.854
102.0,102.0,102.0,102.0,1773948905.874
102.0,102.0,102.0,102.0,1773948905.894
102.0,102.0,102.0,102.0,1773948905.914
101.0,104.0,101.0,104.0,1773948905.834
102.0,102.0,102.0,102.0,1773948905.854
102.0,102.0,102.0,102.0,1773948905.874
102.0,102.0,102.0,102.0,1773948905.894
102.0,102.0,102.0,102.0,1773948905.914
97.0,91.0,97.0,91.0,1773948906.334
97.0,91.0,97.0,91.0,1773948906.354
97.0,91.0,97.0,91.0,1773948906.374
94.0,90.0,94.0,90.0,1773948906.395
94.0,90.0,94.0,90.0,1773948906.414
97.0,91.0,97.0,91.0,1773948906.334
97.0,91.0,97.0,91.0,1773948906.354
97.0,91.0,97.0,91.0,1773948906.374
94.0,90.0,94.0,90.0,1773948906.395
94.0,90.0,94.0,90.0,1773948906.414
97.0,91.0,97.0,91.0,1773948906.334
97.0,91.0,97.0,91.0,1773948906.354
97.0,91.0,97.0,91.0,1773948906.374
94.0,90.0,94.0,90.0,1773948906.395
94.0,90.0,94.0,90.0,1773948906.414
94.0,84.0,94.0,84.0,1773948906.854
94.0,84.0,94.0,84.0,1773948906.874
94.0,84.0,94.0,84.0,1773948906.894
94.0,84.0,94.0,84.0,1773948906.914
94.0,84.0,94.0,84.0,1773948906.934
94.0,84.0,94.0,84.0,1773948906.854
94.0,84.0,94.0,84.0,1773948906.874
94.0,84.0,94.0,84.0,1773948906.894
94.0,84.0,94.0,84.0,1773948906.914
94.0,84.0,94.0,84.0,1773948906.934
87.0,94.0,87.0,94.0,1773948907.354
87.0,94.0,87.0,94.0,1773948907.374
87.0,94.0,87.0,94.0,1773948907.394
87.0,94.0,87.0,94.0,1773948907.414
87.0,94.0,87.0,94.0,1773948907.434
87.0,94.0,87.0,94.0,1773948907.354
87.0,94.0,87.0,94.0,1773948907.374
87.0,94.0,87.0,94.0,1773948907.394
87.0,94.0,87.0,94.0,1773948907.414
87.0,94.0,87.0,94.0,1773948907.434
87.0,94.0,87.0,94.0,1773948907.354
87.0,94.0,87.0,94.0,1773948907.374
87.0,94.0,87.0,94.0,1773948907.394
87.0,94.0,87.0,94.0,1773948907.414
87.0,94.0,87.0,94.0,1773948907.434
60.0,81.0,60.0,81.0,1773948907.874
50.0,67.0,50.0,67.0,1773948907.894
50.0,67.0,50.0,67.0,1773948907.914
50.0,67.0,50.0,67.0,1773948907.934
50.0,67.0,50.0,67.0,1773948907.954
60.0,81.0,60.0,81.0,1773948907.874
50.0,67.0,50.0,67.0,1773948907.894
50.0,67.0,50.0,67.0,1773948907.914
50.0,67.0,50.0,67.0,1773948907.934
50.0,67.0,50.0,67.0,1773948907.954
60.0,81.0,60.0,81.0,1773948907.874
50.0,67.0,50.0,67.0,1773948907.894
50.0,67.0,50.0,67.0,1773948907.914
50.0,67.0,50.0,67.0,1773948907.934
50.0,67.0,50.0,67.0,1773948907.954
16.0,29.0,16.0,29.0,1773948908.374
16.0,29.0,16.0,29.0,1773948908.394
16.0,29.0,16.0,29.0,1773948908.414
12.0,19.0,12.0,19.0,1773948908.434
12.0,19.0,12.0,19.0,1773948908.454
16.0,29.0,16.0,29.0,1773948908.374
16.0,29.0,16.0,29.0,1773948908.394
16.0,29.0,16.0,29.0,1773948908.414
12.0,19.0,12.0,19.0,1773948908.434
12.0,19.0,12.0,19.0,1773948908.454
16.0,29.0,16.0,29.0,1773948908.374
16.0,29.0,16.0,29.0,1773948908.394
16.0,29.0,16.0,29.0,1773948908.414
12.0,19.0,12.0,19.0,1773948908.434
12.0,19.0,12.0,19.0,1773948908.454
0.0,0.0,0.0,0.0,1773948908.894
0.0,0.0,0.0,0.0,1773948908.914
0.0,0.0,0.0,0.0,1773948908.934
0.0,0.0,0.0,0.0,1773948908.954
0.0,0.0,0.0,0.0,1773948908.974
0.0,0.0,0.0,0.0,1773948908.894
0.0,0.0,0.0,0.0,1773948908.914
0.0,0.0,0.0,0.0,1773948908.934
0.0,0.0,0.0,0.0,1773948908.954
0.0,0.0,0.0,0.0,1773948908.974
-6.0,-6.0,-6.0,-6.0,1773948909.394
-11.0,-11.0,-11.0,-11.0,1773948909.414
-11.0,-11.0,-11.0,-11.0,1773948909.434
-11.0,-11.0,-11.0,-11.0,1773948909.454
-11.0,-11.0,-11.0,-11.0,1773948909.474
-6.0,-6.0,-6.0,-6.0,1773948909.394
-11.0,-11.0,-11.0,-11.0,1773948909.414
-11.0,-11.0,-11.0,-11.0,1773948909.434
-11.0,-11.0,-11.0,-11.0,1773948909.454
-11.0,-11.0,-11.0,-11.0,1773948909.474
0.0,0.0,0.0,0.0,1773948915.014
0.0,0.0,0.0,0.0,1773948915.034
0.0,0.0,0.0,0.0,1773948915.054
0.0,0.0,0.0,0.0,1773948915.074
0.0,0.0,0.0,0.0,1773948915.094
0.0,0.0,0.0,0.0,1773948915.014
0.0,0.0,0.0,0.0,1773948915.034
0.0,0.0,0.0,0.0,1773948915.054
0.0,0.0,0.0,0.0,1773948915.074
0.0,0.0,0.0,0.0,1773948915.094
0.0,0.0,0.0,0.0,1773948915.514
0.0,0.0,0.0,0.0,1773948915.534
0.0,0.0,0.0,0.0,1773948915.554
0.0,0.0,0.0,0.0,1773948915.574
0.0,0.0,0.0,0.0,1773948915.594
0.0,0.0,0.0,0.0,1773948915.514
0.0,0.0,0.0,0.0,1773948915.534
0.0,0.0,0.0,0.0,1773948915.554
0.0,0.0,0.0,0.0,1773948915.574
0.0,0.0,0.0,0.0,1773948915.594
0.0,0.0,0.0,0.0,1773948915.514
0.0,0.0,0.0,0.0,1773948915.534
0.0,0.0,0.0,0.0,1773948915.554
0.0,0.0,0.0,0.0,1773948915.574
0.0,0.0,0.0,0.0,1773948915.594
0.0,0.0,0.0,0.0,1773948915.514
0.0,0.0,0.0,0.0,1773948915.534
0.0,0.0,0.0,0.0,1773948915.554
0.0,0.0,0.0,0.0,1773948915.574
0.0,0.0,0.0,0.0,1773948915.594
0.0,0.0,0.0,0.0,1773948915.514
0.0,0.0,0.0,0.0,1773948915.534
0.0,0.0,0.0,0.0,1773948915.554
0.0,0.0,0.0,0.0,1773948915.574
0.0,0.0,0.0,0.0,1773948915.594
0.0,0.0,0.0,0.0,1773948915.514
0.0,0.0,0.0,0.0,1773948915.534
0.0,0.0,0.0,0.0,1773948915.554
0.0,0.0,0.0,0.0,1773948915.574
0.0,0.0,0.0,0.0,1773948915.594
0.0,0.0,0.0,0.0,1773948915.514
0.0,0.0,0.0,0.0,1773948915.534
0.0,0.0,0.0,0.0,1773948915.554
0.0,0.0,0.0,0.0,1773948915.574
0.0,0.0,0.0,0.0,1773948915.594
0.0,0.0,0.0,0.0,1773948915.514
0.0,0.0,0.0,0.0,1773948915.534
0.0,0.0,0.0,0.0,1773948915.554
0.0,0.0,0.0,0.0,1773948915.574
0.0,0.0,0.0,0.0,1773948915.594
0.0,0.0,0.0,0.0,1773948915.514
0.0,0.0,0.0,0.0,1773948915.534
0.0,0.0,0.0,0.0,1773948915.554
0.0,0.0,0.0,0.0,1773948915.574
0.0,0.0,0.0,0.0,1773948915.594
0.0,0.0,0.0,0.0,1773948915.514
0.0,0.0,0.0,0.0,1773948915.534
0.0,0.0,0.0,0.0,1773948915.554
0.0,0.0,0.0,0.0,1773948915.574
0.0,0.0,0.0,0.0,1773948915.594
0.0,0.0,0.0,0.0,1773948915.514
0.0,0.0,0.0,0.0,1773948915.534
0.0,0.0,0.0,0.0,1773948915.554
0.0,0.0,0.0,0.0,1773948915.574
0.0,0.0,0.0,0.0,1773948915.594
0.0,0.0,0.0,0.0,1773948915.514
0.0,0.0,0.0,0.0,1773948915.534
0.0,0.0,0.0,0.0,1773948915.554
0.0,0.0,0.0,0.0,1773948915.574
0.0,0.0,0.0,0.0,1773948915.594
0.0,0.0,0.0,0.0,1773948915.514
0.0,0.0,0.0,0.0,1773948915.534
0.0,0.0,0.0,0.0,1773948915.554
0.0,0.0,0.0,0.0,1773948915.574
0.0,0.0,0.0,0.0,1773948915.594
0.0,0.0,0.0,0.0,1773948915.514
0.0,0.0,0.0,0.0,1773948915.534
0.0,0.0,0.0,0.0,1773948915.554
0.0,0.0,0.0,0.0,1773948915.574
0.0,0.0,0.0,0.0,1773948915.594
0.0,0.0,0.0,0.0,1773948915.514
0.0,0.0,0.0,0.0,1773948915.534
0.0,0.0,0.0,0.0,1773948915.554
0.0,0.0,0.0,0.0,1773948915.574
0.0,0.0,0.0,0.0,1773948915.594
0.0,0.0,0.0,0.0,1773948915.514
0.0,0.0,0.0,0.0,1773948915.534
0.0,0.0,0.0,0.0,1773948915.554
0.0,0.0,0.0,0.0,1773948915.574
0.0,0.0,0.0,0.0,1773948915.594
0.0,0.0,0.0,0.0,1773948915.514
0.0,0.0,0.0,0.0,1773948915.534
0.0,0.0,0.0,0.0,1773948915.554
0.0,0.0,0.0,0.0,1773948915.574
0.0,0.0,0.0,0.0,1773948915.594
0.0,0.0,0.0,0.0,1773948915.514
0.0,0.0,0.0,0.0,1773948915.534
0.0,0.0,0.0,0.0,1773948915.554
0.0,0.0,0.0,0.0,1773948915.574
0.0,0.0,0.0,0.0,1773948915.594
0.0,0.0,0.0,0.0,1773948915.514
0.0,0.0,0.0,0.0,1773948915.534
0.0,0.0,0.0,0.0,1773948915.554
0.0,0.0,0.0,0.0,1773948915.574
0.0,0.0,0.0,0.0,1773948915.594
0.0,0.0,0.0,0.0,1773948915.514
0.0,0.0,0.0,0.0,1773948915.534
0.0,0.0,0.0,0.0,1773948915.554
0.0,0.0,0.0,0.0,1773948915.574
0.0,0.0,0.0,0.0,1773948915.594
0.0,0.0,0.0,0.0,1773948915.514
0.0,0.0,0.0,0.0,1773948915.534
0.0,0.0,0.0,0.0,1773948915.554
0.0,0.0,0.0,0.0,1773948915.574
0.0,0.0,0.0,0.0,1773948915.594
0.0,0.0,0.0,0.0,1773948915.514
0.0,0.0,0.0,0.0,1773948915.534
0.0,0.0,0.0,0.0,1773948915.554
0.0,0.0,0.0,0.0,1773948915.574
0.0,0.0,0.0,0.0,1773948915.594
0.0,0.0,0.0,0.0,1773948915.514
0.0,0.0,0.0,0.0,1773948915.534
0.0,0.0,0.0,0.0,1773948915.554
0.0,0.0,0.0,0.0,1773948915.574
0.0,0.0,0.0,0.0,1773948915.594
0.0,0.0,0.0,0.0,1773948915.514
0.0,0.0,0.0,0.0,1773948915.534
0.0,0.0,0.0,0.0,1773948915.554
0.0,0.0,0.0,0.0,1773948915.574
0.0,0.0,0.0,0.0,1773948915.594
0.0,0.0,0.0,0.0,1773948915.514
0.0,0.0,0.0,0.0,1773948915.534
0.0,0.0,0.0,0.0,1773948915.554
0.0,0.0,0.0,0.0,1773948915.574
0.0,0.0,0.0,0.0,1773948915.594
0.0,0.0,0.0,0.0,1773948915.514
0.0,0.0,0.0,0.0,1773948915.534
0.0,0.0,0.0,0.0,1773948915.554
0.0,0.0,0.0,0.0,1773948915.574
0.0,0.0,0.0,0.0,1773948915.594
0.0,0.0,0.0,0.0,1773948915.514
0.0,0.0,0.0,0.0,1773948915.534
0.0,0.0,0.0,0.0,1773948915.554
0.0,0.0,0.0,0.0,1773948915.574
0.0,0.0,0.0,0.0,1773948915.594
0.0,0.0,0.0,0.0,1773948915.514
0.0,0.0,0.0,0.0,1773948915.534
0.0,0.0,0.0,0.0,1773948915.554
0.0,0.0,0.0,0.0,1773948915.574
0.0,0.0,0.0,0.0,1773948915.594
0.0,0.0,0.0,0.0,1773948915.514
0.0,0.0,0.0,0.0,1773948915.534
0.0,0.0,0.0,0.0,1773948915.554
0.0,0.0,0.0,0.0,1773948915.574
0.0,0.0,0.0,0.0,1773948915.594
0.0,0.0,0.0,0.0,1773948915.514
0.0,0.0,0.0,0.0,1773948915.534
0.0,0.0,0.0,0.0,1773948915.554
0.0,0.0,0.0,0.0,1773948915.574
0.0,0.0,0.0,0.0,1773948915.594
0.0,0.0,0.0,0.0,1773948915.514
0.0,0.0,0.0,0.0,1773948915.534
0.0,0.0,0.0,0.0,1773948915.554
0.0,0.0,0.0,0.0,1773948915.574
0.0,0.0,0.0,0.0,1773948915.594
0.0,0.0,0.0,0.0,1773948915.514
0.0,0.0,0.0,0.0,1773948915.534
0.0,0.0,0.0,0.0,1773948915.554
0.0,0.0,0.0,0.0,1773948915.574
0.0,0.0,0.0,0.0,1773948915.594
0.0,0.0,0.0,0.0,1773948915.514
0.0,0.0,0.0,0.0,1773948915.534
0.0,0.0,0.0,0.0,1773948915.554
0.0,0.0,0.0,0.0,1773948915.574
0.0,0.0,0.0,0.0,1773948915.594
0.0,0.0,0.0,0.0,1773948915.514
0.0,0.0,0.0,0.0,1773948915.534
0.0,0.0,0.0,0.0,1773948915.554
0.0,0.0,0.0,0.0,1773948915.574
0.0,0.0,0.0,0.0,1773948915.594
0.0,0.0,0.0,0.0,1773948915.514
0.0,0.0,0.0,0.0,1773948915.534
0.0,0.0,0.0,0.0,1773948915.554
0.0,0.0,0.0,0.0,1773948915.574
0.0,0.0,0.0,0.0,1773948915.594
0.0,0.0,0.0,0.0,1773948915.514
0.0,0.0,0.0,0.0,1773948915.534
0.0,0.0,0.0,0.0,1773948915.554
0.0,0.0,0.0,0.0,1773948915.574
0.0,0.0,0.0,0.0,1773948915.594
0.0,0.0,0.0,0.0,1773948915.514
0.0,0.0,0.0,0.0,1773948915.534
0.0,0.0,0.0,0.0,1773948915.554
0.0,0.0,0.0,0.0,1773948915.574
0.0,0.0,0.0,0.0,1773948915.594
0.0,0.0,0.0,0.0,1773948920.134
0.0,0.0,0.0,0.0,1773948920.155
0.0,0.0,0.0,0.0,1773948920.174
0.0,0.0,0.0,0.0,1773948920.195
0.0,0.0,0.0,0.0,1773948920.216
0.0,0.0,0.0,0.0,1773948920.134
0.0,0.0,0.0,0.0,1773948920.155
0.0,0.0,0.0,0.0,1773948920.174
0.0,0.0,0.0,0.0,1773948920.195
0.0,0.0,0.0,0.0,1773948920.216
0.0,0.0,0.0,0.0,1773948920.134
0.0,0.0,0.0,0.0,1773948920.155
0.0,0.0,0.0,0.0,1773948920.174
0.0,0.0,0.0,0.0,1773948920.195
0.0,0.0,0.0,0.0,1773948920.216
0.0,0.0,0.0,0.0,1773948920.134
0.0,0.0,0.0,0.0,1773948920.155
0.0,0.0,0.0,0.0,1773948920.174
0.0,0.0,0.0,0.0,1773948920.195
0.0,0.0,0.0,0.0,1773948920.216
0.0,0.0,0.0,0.0,1773948920.134
0.0,0.0,0.0,0.0,1773948920.155
0.0,0.0,0.0,0.0,1773948920.174
0.0,0.0,0.0,0.0,1773948920.195
0.0,0.0,0.0,0.0,1773948920.216
0.0,0.0,0.0,0.0,1773948920.654
0.0,0.0,0.0,0.0,1773948920.674
0.0,0.0,0.0,0.0,1773948920.694
0.0,0.0,0.0,0.0,1773948920.716
0.0,0.0,0.0,0.0,1773948920.734
0.0,0.0,0.0,0.0,1773948920.654
0.0,0.0,0.0,0.0,1773948920.674
0.0,0.0,0.0,0.0,1773948920.694
0.0,0.0,0.0,0.0,1773948920.716
0.0,0.0,0.0,0.0,1773948920.734
0.0,0.0,0.0,0.0,1773948920.654
0.0,0.0,0.0,0.0,1773948920.674
0.0,0.0,0.0,0.0,1773948920.694
0.0,0.0,0.0,0.0,1773948920.716
0.0,0.0,0.0,0.0,1773948920.734
0.0,0.0,0.0,0.0,1773948920.654
0.0,0.0,0.0,0.0,1773948920.674
0.0,0.0,0.0,0.0,1773948920.694
0.0,0.0,0.0,0.0,1773948920.716
0.0,0.0,0.0,0.0,1773948920.734
0.0,0.0,0.0,0.0,1773948921.154
0.0,0.0,0.0,0.0,1773948921.174
0.0,0.0,0.0,0.0,1773948921.194
0.0,0.0,0.0,0.0,1773948921.214
0.0,0.0,0.0,0.0,1773948921.234
0.0,0.0,0.0,0.0,1773948921.154
0.0,0.0,0.0,0.0,1773948921.174
0.0,0.0,0.0,0.0,1773948921.194
0.0,0.0,0.0,0.0,1773948921.214
0.0,0.0,0.0,0.0,1773948921.234
0.0,0.0,0.0,0.0,1773948921.154
0.0,0.0,0.0,0.0,1773948921.174
0.0,0.0,0.0,0.0,1773948921.194
0.0,0.0,0.0,0.0,1773948921.214
0.0,0.0,0.0,0.0,1773948921.234
0.0,0.0,0.0,0.0,1773948921.154
0.0,0.0,0.0,0.0,1773948921.174
0.0,0.0,0.0,0.0,1773948921.194
0.0,0.0,0.0,0.0,1773948921.214
0.0,0.0,0.0,0.0,1773948921.234
0.0,0.0,0.0,0.0,1773948921.154
0.0,0.0,0.0,0.0,1773948921.174
0.0,0.0,0.0,0.0,1773948921.194
0.0,0.0,0.0,0.0,1773948921.214
0.0,0.0,0.0,0.0,1773948921.234
0.0,0.0,0.0,0.0,1773948921.674
0.0,0.0,0.0,0.0,1773948921.694
0.0,0.0,0.0,0.0,1773948921.716
0.0,0.0,0.0,0.0,1773948921.734
0.0,0.0,0.0,0.0,1773948921.755
0.0,0.0,0.0,0.0,1773948921.674
0.0,0.0,0.0,0.0,1773948921.694
0.0,0.0,0.0,0.0,1773948921.716
0.0,0.0,0.0,0.0,1773948921.734
0.0,0.0,0.0,0.0,1773948921.755
0.0,0.0,0.0,0.0,1773948921.674
0.0,0.0,0.0,0.0,1773948921.694
0.0,0.0,0.0,0.0,1773948921.716
0.0,0.0,0.0,0.0,1773948921.734
0.0,0.0,0.0,0.0,1773948921.755
0.0,0.0,0.0,0.0,1773948921.674
0.0,0.0,0.0,0.0,1773948921.694
0.0,0.0,0.0,0.0,1773948921.716
0.0,0.0,0.0,0.0,1773948921.734
0.0,0.0,0.0,0.0,1773948921.755
0.0,0.0,0.0,0.0,1773948921.674
0.0,0.0,0.0,0.0,1773948921.694
0.0,0.0,0.0,0.0,1773948921.716
0.0,0.0,0.0,0.0,1773948921.734
0.0,0.0,0.0,0.0,1773948921.755
0.0,0.0,0.0,0.0,1773948922.174
0.0,0.0,0.0,0.0,1773948922.195
0.0,0.0,0.0,0.0,1773948922.214
0.0,0.0,0.0,0.0,1773948922.234
0.0,0.0,0.0,0.0,1773948922.254
0.0,0.0,0.0,0.0,1773948922.174
0.0,0.0,0.0,0.0,1773948922.195
0.0,0.0,0.0,0.0,1773948922.214
0.0,0.0,0.0,0.0,1773948922.234
0.0,0.0,0.0,0.0,1773948922.254
0.0,0.0,0.0,0.0,1773948922.174
0.0,0.0,0.0,0.0,1773948922.195
0.0,0.0,0.0,0.0,1773948922.214
0.0,0.0,0.0,0.0,1773948922.234
0.0,0.0,0.0,0.0,1773948922.254
0.0,0.0,0.0,0.0,1773948922.174
0.0,0.0,0.0,0.0,1773948922.195
0.0,0.0,0.0,0.0,1773948922.214
0.0,0.0,0.0,0.0,1773948922.234
0.0,0.0,0.0,0.0,1773948922.254
-4.0,0.0,-4.0,0.0,1773948922.694
-4.0,0.0,-4.0,0.0,1773948922.717
-4.0,0.0,-4.0,0.0,1773948922.735
-4.0,0.0,-4.0,0.0,1773948922.754
-4.0,0.0,-4.0,0.0,1773948922.774
-4.0,0.0,-4.0,0.0,1773948922.694
-4.0,0.0,-4.0,0.0,1773948922.717
-4.0,0.0,-4.0,0.0,1773948922.735
-4.0,0.0,-4.0,0.0,1773948922.754
-4.0,0.0,-4.0,0.0,1773948922.774
-4.0,0.0,-4.0,0.0,1773948922.694
-4.0,0.0,-4.0,0.0,1773948922.717
-4.0,0.0,-4.0,0.0,1773948922.735
-4.0,0.0,-4.0,0.0,1773948922.754
-4.0,0.0,-4.0,0.0,1773948922.774
-4.0,0.0,-4.0,0.0,1773948922.694
-4.0,0.0,-4.0,0.0,1773948922.717
-4.0,0.0,-4.0,0.0,1773948922.735
-4.0,0.0,-4.0,0.0,1773948922.754
-4.0,0.0,-4.0,0.0,1773948922.774
-9.0,9.0,-9.0,9.0,1773948923.195
-9.0,9.0,-9.0,9.0,1773948923.214
-9.0,9.0,-9.0,9.0,1773948923.234
-9.0,9.0,-9.0,9.0,1773948923.254
-9.0,9.0,-9.0,9.0,1773948923.275
-9.0,9.0,-9.0,9.0,1773948923.195
-9.0,9.0,-9.0,9.0,1773948923.214
-9.0,9.0,-9.0,9.0,1773948923.234
-9.0,9.0,-9.0,9.0,1773948923.254
-9.0,9.0,-9.0,9.0,1773948923.275
-13.0,15.0,-13.0,15.0,1773948923.715
-15.0,18.0,-15.0,18.0,1773948923.734
-15.0,18.0,-15.0,18.0,1773948923.755
-15.0,18.0,-15.0,18.0,1773948923.774
-15.0,18.0,-15.0,18.0,1773948923.796
-13.0,15.0,-13.0,15.0,1773948923.715
-15.0,18.0,-15.0,18.0,1773948923.734
-15.0,18.0,-15.0,18.0,1773948923.755
-15.0,18.0,-15.0,18.0,1773948923.774
-15.0,18.0,-15.0,18.0,1773948923.796
-13.0,15.0,-13.0,15.0,1773948923.715
-15.0,18.0,-15.0,18.0,1773948923.734
-15.0,18.0,-15.0,18.0,1773948923.755
-15.0,18.0,-15.0,18.0,1773948923.774
-15.0,18.0,-15.0,18.0,1773948923.796
-16.0,16.0,-16.0,16.0,1773948924.214
-16.0,16.0,-16.0,16.0,1773948924.234
-16.0,16.0,-16.0,16.0,1773948924.254
15.0,13.0,15.0,13.0,1773948924.274
15.0,13.0,15.0,13.0,1773948924.294
-16.0,16.0,-16.0,16.0,1773948924.214
-16.0,16.0,-16.0,16.0,1773948924.234
-16.0,16.0,-16.0,16.0,1773948924.254
15.0,13.0,15.0,13.0,1773948924.274
15.0,13.0,15.0,13.0,1773948924.294
-16.0,16.0,-16.0,16.0,1773948924.214
-16.0,16.0,-16.0,16.0,1773948924.234
-16.0,16.0,-16.0,16.0,1773948924.254
15.0,13.0,15.0,13.0,1773948924.274
15.0,13.0,15.0,13.0,1773948924.294
10.0,13.0,10.0,13.0,1773948924.734
10.0,13.0,10.0,13.0,1773948924.754
10.0,13.0,10.0,13.0,1773948924.774
10.0,13.0,10.0,13.0,1773948924.795
14.0,16.0,14.0,16.0,1773948924.814
10.0,13.0,10.0,13.0,1773948924.734
10.0,13.0,10.0,13.0,1773948924.754
10.0,13.0,10.0,13.0,1773948924.774
10.0,13.0,10.0,13.0,1773948924.795
14.0,16.0,14.0,16.0,1773948924.814
42.0,45.0,42.0,45.0,1773948925.235
42.0,45.0,42.0,45.0,1773948925.254
42.0,45.0,42.0,45.0,1773948925.274
42.0,45.0,42.0,45.0,1773948925.294
42.0,45.0,42.0,45.0,1773948925.315
42.0,45.0,42.0,45.0,1773948925.235
42.0,45.0,42.0,45.0,1773948925.254
42.0,45.0,42.0,45.0,1773948925.274
42.0,45.0,42.0,45.0,1773948925.294
42.0,45.0,42.0,45.0,1773948925.315
42.0,45.0,42.0,45.0,1773948925.235
42.0,45.0,42.0,45.0,1773948925.254
42.0,45.0,42.0,45.0,1773948925.274
42.0,45.0,42.0,45.0,1773948925.294
42.0,45.0,42.0,45.0,1773948925.315
81.0,84.0,81.0,84.0,1773948925.755
91.0,91.0,91.0,91.0,1773948925.774
91.0,91.0,91.0,91.0,1773948925.795
91.0,91.0,91.0,91.0,1773948925.814
91.0,91.0,91.0,91.0,1773948925.834
81.0,84.0,81.0,84.0,1773948925.755
91.0,91.0,91.0,91.0,1773948925.774
91.0,91.0,91.0,91.0,1773948925.795
91.0,91.0,91.0,91.0,1773948925.814
91.0,91.0,91.0,91.0,1773948925.834
105.0,106.0,105.0,106.0,1773948926.255
105.0,106.0,105.0,106.0,1773948926.274
105.0,106.0,105.0,106.0,1773948926.295
106.0,105.0,106.0,105.0,1773948926.315
106.0,105.0,106.0,105.0,1773948926.334
105.0,106.0,105.0,106.0,1773948926.255
105.0,106.0,105.0,106.0,1773948926.274
105.0,106.0,105.0,106.0,1773948926.295
106.0,105.0,106.0,105.0,1773948926.315
106.0,105.0,106.0,105.0,1773948926.334
105.0,106.0,105.0,106.0,1773948926.255
105.0,106.0,105.0,106.0,1773948926.274
105.0,106.0,105.0,106.0,1773948926.295
106.0,105.0,106.0,105.0,1773948926.315
106.0,105.0,106.0,105.0,1773948926.334
100.0,102.0,100.0,102.0,1773948926.774
100.0,102.0,100.0,102.0,1773948926.796
100.0,102.0,100.0,102.0,1773948926.814
100.0,102.0,100.0,102.0,1773948926.834
90.0,91.0,90.0,91.0,1773948926.855
100.0,102.0,100.0,102.0,1773948926.774
100.0,102.0,100.0,102.0,1773948926.796
100.0,102.0,100.0,102.0,1773948926.814
100.0,102.0,100.0,102.0,1773948926.834
90.0,91.0,90.0,91.0,1773948926.855
48.0,48.0,48.0,48.0,1773948927.274
48.0,48.0,48.0,48.0,1773948927.294
48.0,48.0,48.0,48.0,1773948927.315
48.0,48.0,48.0,48.0,1773948927.334
48.0,48.0,48.0,48.0,1773948927.357
48.0,48.0,48.0,48.0,1773948927.274
48.0,48.0,48.0,48.0,1773948927.294
48.0,48.0,48.0,48.0,1773948927.315
48.0,48.0,48.0,48.0,1773948927.334
48.0,48.0,48.0,48.0,1773948927.357
48.0,48.0,48.0,48.0,1773948927.274
48.0,48.0,48.0,48.0,1773948927.294
48.0,48.0,48.0,48.0,1773948927.315
48.0,48.0,48.0,48.0,1773948927.334
48.0,48.0,48.0,48.0,1773948927.357
-7.0,7.0,-7.0,7.0,1773948927.795
0.0,0.0,0.0,0.0,1773948927.814
0.0,0.0,0.0,0.0,1773948927.834
0.0,0.0,0.0,0.0,1773948927.854
0.0,0.0,0.0,0.0,1773948927.874
-7.0,7.0,-7.0,7.0,1773948927.795
0.0,0.0,0.0,0.0,1773948927.814
0.0,0.0,0.0,0.0,1773948927.834
0.0,0.0,0.0,0.0,1773948927.854
0.0,0.0,0.0,0.0,1773948927.874
-1.0,4.0,-1.0,4.0,1773948928.294
-1.0,4.0,-1.0,4.0,1773948928.315
-1.0,4.0,-1.0,4.0,1773948928.334
-3.0,6.0,-3.0,6.0,1773948928.354
-3.0,6.0,-3.0,6.0,1773948928.374
-1.0,4.0,-1.0,4.0,1773948928.294
-1.0,4.0,-1.0,4.0,1773948928.315
-1.0,4.0,-1.0,4.0,1773948928.334
-3.0,6.0,-3.0,6.0,1773948928.354
-3.0,6.0,-3.0,6.0,1773948928.374
-1.0,4.0,-1.0,4.0,1773948928.294
-1.0,4.0,-1.0,4.0,1773948928.315
-1.0,4.0,-1.0,4.0,1773948928.334
-3.0,6.0,-3.0,6.0,1773948928.354
-3.0,6.0,-3.0,6.0,1773948928.374
-5.0,9.0,-5.0,9.0,1773948928.814
-5.0,9.0,-5.0,9.0,1773948928.834
-5.0,9.0,-5.0,9.0,1773948928.854
-5.0,9.0,-5.0,9.0,1773948928.874
-5.0,9.0,-5.0,9.0,1773948928.894
-5.0,9.0,-5.0,9.0,1773948928.814
-5.0,9.0,-5.0,9.0,1773948928.834
-5.0,9.0,-5.0,9.0,1773948928.854
-5.0,9.0,-5.0,9.0,1773948928.874
-5.0,9.0,-5.0,9.0,1773948928.894
4.0,4.0,4.0,4.0,1773948929.315
4.0,4.0,4.0,4.0,1773948929.334
4.0,4.0,4.0,4.0,1773948929.354
4.0,4.0,4.0,4.0,1773948929.374
4.0,4.0,4.0,4.0,1773948929.395
4.0,4.0,4.0,4.0,1773948929.315
4.0,4.0,4.0,4.0,1773948929.334
4.0,4.0,4.0,4.0,1773948929.354
4.0,4.0,4.0,4.0,1773948929.374
4.0,4.0,4.0,4.0,1773948929.395
4.0,4.0,4.0,4.0,1773948929.315
4.0,4.0,4.0,4.0,1773948929.334
4.0,4.0,4.0,4.0,1773948929.354
4.0,4.0,4.0,4.0,1773948929.374
4.0,4.0,4.0,4.0,1773948929.395
12.0,10.0,12.0,10.0,1773948929.834
19.0,16.0,19.0,16.0,1773948929.854
19.0,16.0,19.0,16.0,1773948929.876
19.0,16.0,19.0,16.0,1773948929.894
19.0,16.0,19.0,16.0,1773948929.915
12.0,10.0,12.0,10.0,1773948929.834
19.0,16.0,19.0,16.0,1773948929.854
19.0,16.0,19.0,16.0,1773948929.876
19.0,16.0,19.0,16.0,1773948929.894
19.0,16.0,19.0,16.0,1773948929.915
12.0,10.0,12.0,10.0,1773948929.834
19.0,16.0,19.0,16.0,1773948929.854
19.0,16.0,19.0,16.0,1773948929.876
19.0,16.0,19.0,16.0,1773948929.894
19.0,16.0,19.0,16.0,1773948929.915
57.0,55.0,57.0,55.0,1773948930.334
57.0,55.0,57.0,55.0,1773948930.354
57.0,55.0,57.0,55.0,1773948930.374
66.0,65.0,66.0,65.0,1773948930.397
66.0,65.0,66.0,65.0,1773948930.414
57.0,55.0,57.0,55.0,1773948930.334
57.0,55.0,57.0,55.0,1773948930.354
57.0,55.0,57.0,55.0,1773948930.374
66.0,65.0,66.0,65.0,1773948930.397
66.0,65.0,66.0,65.0,1773948930.414
94.0,95.0,94.0,95.0,1773948930.854
94.0,95.0,94.0,95.0,1773948930.875
94.0,95.0,94.0,95.0,1773948930.894
94.0,95.0,94.0,95.0,1773948930.915
-87.0,89.0,-87.0,89.0,1773948930.934
94.0,95.0,94.0,95.0,1773948930.854
94.0,95.0,94.0,95.0,1773948930.875
94.0,95.0,94.0,95.0,1773948930.894
94.0,95.0,94.0,95.0,1773948930.915
-87.0,89.0,-87.0,89.0,1773948930.934
94.0,95.0,94.0,95.0,1773948930.854
94.0,95.0,94.0,95.0,1773948930.875
94.0,95.0,94.0,95.0,1773948930.894
94.0,95.0,94.0,95.0,1773948930.915
-87.0,89.0,-87.0,89.0,1773948930.934
94.0,95.0,94.0,95.0,1773948930.854
94.0,95.0,94.0,95.0,1773948930.875
94.0,95.0,94.0,95.0,1773948930.894
94.0,95.0,94.0,95.0,1773948930.915
-87.0,89.0,-87.0,89.0,1773948930.934
-53.0,55.0,-53.0,55.0,1773948931.354
-53.0,55.0,-53.0,55.0,1773948931.374
-53.0,55.0,-53.0,55.0,1773948931.395
-53.0,55.0,-53.0,55.0,1773948931.414
-53.0,55.0,-53.0,55.0,1773948931.45
-53.0,55.0,-53.0,55.0,1773948931.354
-53.0,55.0,-53.0,55.0,1773948931.374
-53.0,55.0,-53.0,55.0,1773948931.395
-53.0,55.0,-53.0,55.0,1773948931.414
-53.0,55.0,-53.0,55.0,1773948931.45
-18.0,18.0,-18.0,18.0,1773948931.875
-12.0,11.0,-12.0,11.0,1773948931.894
-12.0,11.0,-12.0,11.0,1773948931.915
-12.0,11.0,-12.0,11.0,1773948931.934
-12.0,11.0,-12.0,11.0,1773948931.954
-18.0,18.0,-18.0,18.0,1773948931.875
-12.0,11.0,-12.0,11.0,1773948931.894
-12.0,11.0,-12.0,11.0,1773948931.915
-12.0,11.0,-12.0,11.0,1773948931.934
-12.0,11.0,-12.0,11.0,1773948931.954
-18.0,18.0,-18.0,18.0,1773948931.875
-12.0,11.0,-12.0,11.0,1773948931.894
-12.0,11.0,-12.0,11.0,1773948931.915
-12.0,11.0,-12.0,11.0,1773948931.934
-12.0,11.0,-12.0,11.0,1773948931.954
-18.0,15.0,-18.0,15.0,1773948932.374
-18.0,15.0,-18.0,15.0,1773948932.395
-19.0,15.0,-19.0,15.0,1773948932.414
-19.0,15.0,-19.0,15.0,1773948932.434
-19.0,15.0,-19.0,15.0,1773948932.454
-18.0,15.0,-18.0,15.0,1773948932.374
-18.0,15.0,-18.0,15.0,1773948932.395
-19.0,15.0,-19.0,15.0,1773948932.414
-19.0,15.0,-19.0,15.0,1773948932.434
-19.0,15.0,-19.0,15.0,1773948932.454
13.0,10.0,13.0,10.0,1773948932.895
13.0,10.0,13.0,10.0,1773948932.915
13.0,10.0,13.0,10.0,1773948932.934
10.0,9.0,10.0,9.0,1773948932.958
10.0,9.0,10.0,9.0,1773948932.974
13.0,10.0,13.0,10.0,1773948932.895
13.0,10.0,13.0,10.0,1773948932.915
13.0,10.0,13.0,10.0,1773948932.934
10.0,9.0,10.0,9.0,1773948932.958
10.0,9.0,10.0,9.0,1773948932.974
13.0,10.0,13.0,10.0,1773948932.895
13.0,10.0,13.0,10.0,1773948932.915
13.0,10.0,13.0,10.0,1773948932.934
10.0,9.0,10.0,9.0,1773948932.958
10.0,9.0,10.0,9.0,1773948932.974
13.0,14.0,13.0,14.0,1773948933.395
13.0,14.0,13.0,14.0,1773948933.414
13.0,14.0,13.0,14.0,1773948933.434
13.0,14.0,13.0,14.0,1773948933.454
13.0,14.0,13.0,14.0,1773948933.475
13.0,14.0,13.0,14.0,1773948933.395
13.0,14.0,13.0,14.0,1773948933.414
13.0,14.0,13.0,14.0,1773948933.434
13.0,14.0,13.0,14.0,1773948933.454
13.0,14.0,13.0,14.0,1773948933.475
58.0,58.0,58.0,58.0,1773948933.915
58.0,58.0,58.0,58.0,1773948933.934
58.0,58.0,58.0,58.0,1773948933.954
58.0,58.0,58.0,58.0,1773948933.975
58.0,58.0,58.0,58.0,1773948933.995
58.0,58.0,58.0,58.0,1773948933.915
58.0,58.0,58.0,58.0,1773948933.934
58.0,58.0,58.0,58.0,1773948933.954
58.0,58.0,58.0,58.0,1773948933.975
58.0,58.0,58.0,58.0,1773948933.995
58.0,58.0,58.0,58.0,1773948933.915
58.0,58.0,58.0,58.0,1773948933.934
58.0,58.0,58.0,58.0,1773948933.954
58.0,58.0,58.0,58.0,1773948933.975
58.0,58.0,58.0,58.0,1773948933.995
94.0,95.0,94.0,95.0,1773948934.414
94.0,95.0,94.0,95.0,1773948934.434
100.0,101.0,100.0,101.0,1773948934.454
100.0,101.0,100.0,101.0,1773948934.475
100.0,101.0,100.0,101.0,1773948934.494
94.0,95.0,94.0,95.0,1773948934.414
94.0,95.0,94.0,95.0,1773948934.434
100.0,101.0,100.0,101.0,1773948934.454
100.0,101.0,100.0,101.0,1773948934.475
100.0,101.0,100.0,101.0,1773948934.494
109.0,108.0,109.0,108.0,1773948934.935
109.0,108.0,109.0,108.0,1773948934.954
109.0,108.0,109.0,108.0,1773948934.975
109.0,108.0,109.0,108.0,1773948934.995
109.0,108.0,109.0,108.0,1773948935.014
109.0,108.0,109.0,108.0,1773948934.935
109.0,108.0,109.0,108.0,1773948934.954
109.0,108.0,109.0,108.0,1773948934.975
109.0,108.0,109.0,108.0,1773948934.995
109.0,108.0,109.0,108.0,1773948935.014
109.0,108.0,109.0,108.0,1773948934.935
109.0,108.0,109.0,108.0,1773948934.954
109.0,108.0,109.0,108.0,1773948934.975
109.0,108.0,109.0,108.0,1773948934.995
109.0,108.0,109.0,108.0,1773948935.014
105.0,102.0,105.0,102.0,1773948935.434
105.0,102.0,105.0,102.0,1773948935.454
105.0,102.0,105.0,102.0,1773948935.475
105.0,102.0,105.0,102.0,1773948935.494
105.0,102.0,105.0,102.0,1773948935.515
105.0,102.0,105.0,102.0,1773948935.434
105.0,102.0,105.0,102.0,1773948935.454
105.0,102.0,105.0,102.0,1773948935.475
105.0,102.0,105.0,102.0,1773948935.494
105.0,102.0,105.0,102.0,1773948935.515
96.0,80.0,96.0,80.0,1773948935.954
96.0,80.0,96.0,80.0,1773948935.975
96.0,80.0,96.0,80.0,1773948935.995
96.0,80.0,96.0,80.0,1773948936.014
96.0,80.0,96.0,80.0,1773948936.034
96.0,80.0,96.0,80.0,1773948935.954
96.0,80.0,96.0,80.0,1773948935.975
96.0,80.0,96.0,80.0,1773948935.995
96.0,80.0,96.0,80.0,1773948936.014
96.0,80.0,96.0,80.0,1773948936.034
96.0,80.0,96.0,80.0,1773948935.954
96.0,80.0,96.0,80.0,1773948935.975
96.0,80.0,96.0,80.0,1773948935.995
96.0,80.0,96.0,80.0,1773948936.014
96.0,80.0,96.0,80.0,1773948936.034
93.0,67.0,93.0,67.0,1773948936.455
93.0,67.0,93.0,67.0,1773948936.48
94.0,65.0,94.0,65.0,1773948936.495
94.0,65.0,94.0,65.0,1773948936.515
94.0,65.0,94.0,65.0,1773948936.535
93.0,67.0,93.0,67.0,1773948936.455
93.0,67.0,93.0,67.0,1773948936.48
94.0,65.0,94.0,65.0,1773948936.495
94.0,65.0,94.0,65.0,1773948936.515
94.0,65.0,94.0,65.0,1773948936.535
97.0,64.0,97.0,64.0,1773948936.955
97.0,64.0,97.0,64.0,1773948936.975
97.0,64.0,97.0,64.0,1773948936.995
97.0,64.0,97.0,64.0,1773948937.015
99.0,66.0,99.0,66.0,1773948937.035
97.0,64.0,97.0,64.0,1773948936.955
97.0,64.0,97.0,64.0,1773948936.975
97.0,64.0,97.0,64.0,1773948936.995
97.0,64.0,97.0,64.0,1773948937.015
99.0,66.0,99.0,66.0,1773948937.035
97.0,64.0,97.0,64.0,1773948936.955
97.0,64.0,97.0,64.0,1773948936.975
97.0,64.0,97.0,64.0,1773948936.995
97.0,64.0,97.0,64.0,1773948937.015
99.0,66.0,99.0,66.0,1773948937.035
106.0,77.0,106.0,77.0,1773948937.455
108.0,82.0,108.0,82.0,1773948937.475
108.0,82.0,108.0,82.0,1773948937.495
108.0,82.0,108.0,82.0,1773948937.515
108.0,82.0,108.0,82.0,1773948937.535
106.0,77.0,106.0,77.0,1773948937.455
108.0,82.0,108.0,82.0,1773948937.475
108.0,82.0,108.0,82.0,1773948937.495
108.0,82.0,108.0,82.0,1773948937.515
108.0,82.0,108.0,82.0,1773948937.535
114.0,99.0,114.0,99.0,1773948937.975
115.0,103.0,115.0,103.0,1773948937.995
115.0,103.0,115.0,103.0,1773948938.015
115.0,103.0,115.0,103.0,1773948938.035
115.0,103.0,115.0,103.0,1773948938.055
114.0,99.0,114.0,99.0,1773948937.975
115.0,103.0,115.0,103.0,1773948937.995
115.0,103.0,115.0,103.0,1773948938.015
115.0,103.0,115.0,103.0,1773948938.035
115.0,103.0,115.0,103.0,1773948938.055
114.0,99.0,114.0,99.0,1773948937.975
115.0,103.0,115.0,103.0,1773948937.995
115.0,103.0,115.0,103.0,1773948938.015
115.0,103.0,115.0,103.0,1773948938.035
115.0,103.0,115.0,103.0,1773948938.055
114.0,99.0,114.0,99.0,1773948937.975
115.0,103.0,115.0,103.0,1773948937.995
115.0,103.0,115.0,103.0,1773948938.015
115.0,103.0,115.0,103.0,1773948938.035
115.0,103.0,115.0,103.0,1773948938.055
114.0,108.0,114.0,108.0,1773948938.475
114.0,108.0,114.0,108.0,1773948938.495
114.0,108.0,114.0,108.0,1773948938.515
115.0,109.0,115.0,109.0,1773948938.535
115.0,109.0,115.0,109.0,1773948938.555
114.0,108.0,114.0,108.0,1773948938.475
114.0,108.0,114.0,108.0,1773948938.495
114.0,108.0,114.0,108.0,1773948938.515
115.0,109.0,115.0,109.0,1773948938.535
115.0,109.0,115.0,109.0,1773948938.555
114.0,108.0,114.0,108.0,1773948938.475
114.0,108.0,114.0,108.0,1773948938.495
114.0,108.0,114.0,108.0,1773948938.515
115.0,109.0,115.0,109.0,1773948938.535
115.0,109.0,115.0,109.0,1773948938.555
114.0,111.0,114.0,111.0,1773948938.996
114.0,111.0,114.0,111.0,1773948939.015
114.0,111.0,114.0,111.0,1773948939.035
114.0,111.0,114.0,111.0,1773948939.055
114.0,111.0,114.0,111.0,1773948939.075
114.0,111.0,114.0,111.0,1773948938.996
114.0,111.0,114.0,111.0,1773948939.015
114.0,111.0,114.0,111.0,1773948939.035
114.0,111.0,114.0,111.0,1773948939.055
114.0,111.0,114.0,111.0,1773948939.075
114.0,111.0,114.0,111.0,1773948938.996
114.0,111.0,114.0,111.0,1773948939.015
114.0,111.0,114.0,111.0,1773948939.035
114.0,111.0,114.0,111.0,1773948939.055
114.0,111.0,114.0,111.0,1773948939.075
114.0,112.0,114.0,112.0,1773948939.495
114.0,112.0,114.0,112.0,1773948939.515
114.0,112.0,114.0,112.0,1773948939.535
114.0,112.0,114.0,112.0,1773948939.555
114.0,112.0,114.0,112.0,1773948939.575
114.0,112.0,114.0,112.0,1773948939.495
114.0,112.0,114.0,112.0,1773948939.515
114.0,112.0,114.0,112.0,1773948939.535
114.0,112.0,114.0,112.0,1773948939.555
114.0,112.0,114.0,112.0,1773948939.575
114.0,112.0,114.0,112.0,1773948939.495
114.0,112.0,114.0,112.0,1773948939.515
114.0,112.0,114.0,112.0,1773948939.535
114.0,112.0,114.0,112.0,1773948939.555
114.0,112.0,114.0,112.0,1773948939.575
114.0,112.0,114.0,112.0,1773948939.495
114.0,112.0,114.0,112.0,1773948939.515
114.0,112.0,114.0,112.0,1773948939.535
114.0,112.0,114.0,112.0,1773948939.555
114.0,112.0,114.0,112.0,1773948939.575
114.0,111.0,114.0,111.0,1773948940.018
114.0,111.0,114.0,111.0,1773948940.041
112.0,111.0,112.0,111.0,1773948940.063
112.0,111.0,112.0,111.0,1773948940.079
112.0,111.0,112.0,111.0,1773948940.095
114.0,111.0,114.0,111.0,1773948940.018
114.0,111.0,114.0,111.0,1773948940.041
112.0,111.0,112.0,111.0,1773948940.063
112.0,111.0,112.0,111.0,1773948940.079
112.0,111.0,112.0,111.0,1773948940.095
114.0,111.0,114.0,111.0,1773948940.018
114.0,111.0,114.0,111.0,1773948940.041
112.0,111.0,112.0,111.0,1773948940.063
112.0,111.0,112.0,111.0,1773948940.079
112.0,111.0,112.0,111.0,1773948940.095
108.0,109.0,108.0,109.0,1773948940.516
108.0,109.0,108.0,109.0,1773948940.535
108.0,109.0,108.0,109.0,1773948940.555
107.0,110.0,107.0,110.0,1773948940.575
107.0,110.0,107.0,110.0,1773948940.595
108.0,109.0,108.0,109.0,1773948940.516
108.0,109.0,108.0,109.0,1773948940.535
108.0,109.0,108.0,109.0,1773948940.555
107.0,110.0,107.0,110.0,1773948940.575
107.0,110.0,107.0,110.0,1773948940.595
108.0,109.0,108.0,109.0,1773948940.516
108.0,109.0,108.0,109.0,1773948940.535
108.0,109.0,108.0,109.0,1773948940.555
107.0,110.0,107.0,110.0,1773948940.575
107.0,110.0,107.0,110.0,1773948940.595
108.0,109.0,108.0,109.0,1773948940.516
108.0,109.0,108.0,109.0,1773948940.535
108.0,109.0,108.0,109.0,1773948940.555
107.0,110.0,107.0,110.0,1773948940.575
107.0,110.0,107.0,110.0,1773948940.595
106.0,111.0,106.0,111.0,1773948941.035
106.0,111.0,106.0,111.0,1773948941.055
106.0,111.0,106.0,111.0,1773948941.075
106.0,111.0,106.0,111.0,1773948941.096
106.0,111.0,106.0,111.0,1773948941.115
106.0,111.0,106.0,111.0,1773948941.035
106.0,111.0,106.0,111.0,1773948941.055
106.0,111.0,106.0,111.0,1773948941.075
106.0,111.0,106.0,111.0,1773948941.096
106.0,111.0,106.0,111.0,1773948941.115
110.0,114.0,110.0,114.0,1773948941.535
111.0,114.0,111.0,114.0,1773948941.555
111.0,114.0,111.0,114.0,1773948941.575
111.0,114.0,111.0,114.0,1773948941.595
111.0,114.0,111.0,114.0,1773948941.615
110.0,114.0,110.0,114.0,1773948941.535
111.0,114.0,111.0,114.0,1773948941.555
111.0,114.0,111.0,114.0,1773948941.575
111.0,114.0,111.0,114.0,1773948941.595
111.0,114.0,111.0,114.0,1773948941.615
104.0,109.0,104.0,109.0,1773948942.055
104.0,109.0,104.0,109.0,1773948942.075
100.0,107.0,100.0,107.0,1773948942.095
100.0,107.0,100.0,107.0,1773948942.116
100.0,107.0,100.0,107.0,1773948942.135
104.0,109.0,104.0,109.0,1773948942.055
104.0,109.0,104.0,109.0,1773948942.075
100.0,107.0,100.0,107.0,1773948942.095
100.0,107.0,100.0,107.0,1773948942.116
100.0,107.0,100.0,107.0,1773948942.135
104.0,109.0,104.0,109.0,1773948942.055
104.0,109.0,104.0,109.0,1773948942.075
100.0,107.0,100.0,107.0,1773948942.095
100.0,107.0,100.0,107.0,1773948942.116
100.0,107.0,100.0,107.0,1773948942.135
104.0,109.0,104.0,109.0,1773948942.055
104.0,109.0,104.0,109.0,1773948942.075
100.0,107.0,100.0,107.0,1773948942.095
100.0,107.0,100.0,107.0,1773948942.116
100.0,107.0,100.0,107.0,1773948942.135
85.0,101.0,85.0,101.0,1773948942.555
85.0,101.0,85.0,101.0,1773948942.575
85.0,101.0,85.0,101.0,1773948942.595
85.0,101.0,85.0,101.0,1773948942.615
84.0,102.0,84.0,102.0,1773948942.635
85.0,101.0,85.0,101.0,1773948942.555
85.0,101.0,85.0,101.0,1773948942.575
85.0,101.0,85.0,101.0,1773948942.595
85.0,101.0,85.0,101.0,1773948942.615
84.0,102.0,84.0,102.0,1773948942.635
85.0,101.0,85.0,101.0,1773948942.555
85.0,101.0,85.0,101.0,1773948942.575
85.0,101.0,85.0,101.0,1773948942.595
85.0,101.0,85.0,101.0,1773948942.615
84.0,102.0,84.0,102.0,1773948942.635
89.0,105.0,89.0,105.0,1773948943.075
89.0,105.0,89.0,105.0,1773948943.095
89.0,105.0,89.0,105.0,1773948943.115
89.0,105.0,89.0,105.0,1773948943.135
93.0,106.0,93.0,106.0,1773948943.155
89.0,105.0,89.0,105.0,1773948943.075
89.0,105.0,89.0,105.0,1773948943.095
89.0,105.0,89.0,105.0,1773948943.115
89.0,105.0,89.0,105.0,1773948943.135
93.0,106.0,93.0,106.0,1773948943.155
89.0,105.0,89.0,105.0,1773948943.075
89.0,105.0,89.0,105.0,1773948943.095
89.0,105.0,89.0,105.0,1773948943.115
89.0,105.0,89.0,105.0,1773948943.135
93.0,106.0,93.0,106.0,1773948943.155
89.0,105.0,89.0,105.0,1773948943.075
89.0,105.0,89.0,105.0,1773948943.095
89.0,105.0,89.0,105.0,1773948943.115
89.0,105.0,89.0,105.0,1773948943.135
93.0,106.0,93.0,106.0,1773948943.155
101.0,108.0,101.0,108.0,1773948943.575
100.0,109.0,100.0,109.0,1773948943.595
100.0,109.0,100.0,109.0,1773948943.615
100.0,109.0,100.0,109.0,1773948943.635
100.0,109.0,100.0,109.0,1773948943.655
101.0,108.0,101.0,108.0,1773948943.575
100.0,109.0,100.0,109.0,1773948943.595
100.0,109.0,100.0,109.0,1773948943.615
100.0,109.0,100.0,109.0,1773948943.635
100.0,109.0,100.0,109.0,1773948943.655
87.0,104.0,87.0,104.0,1773948944.095
87.0,104.0,87.0,104.0,1773948944.115
84.0,102.0,84.0,102.0,1773948944.135
84.0,102.0,84.0,102.0,1773948944.155
84.0,102.0,84.0,102.0,1773948944.175
87.0,104.0,87.0,104.0,1773948944.095
87.0,104.0,87.0,104.0,1773948944.115
84.0,102.0,84.0,102.0,1773948944.135
84.0,102.0,84.0,102.0,1773948944.155
84.0,102.0,84.0,102.0,1773948944.175
87.0,104.0,87.0,104.0,1773948944.095
87.0,104.0,87.0,104.0,1773948944.115
84.0,102.0,84.0,102.0,1773948944.135
84.0,102.0,84.0,102.0,1773948944.155
84.0,102.0,84.0,102.0,1773948944.175
77.0,101.0,77.0,101.0,1773948944.595
77.0,101.0,77.0,101.0,1773948944.615
77.0,101.0,77.0,101.0,1773948944.635
79.0,102.0,79.0,102.0,1773948944.655
79.0,102.0,79.0,102.0,1773948944.675
77.0,101.0,77.0,101.0,1773948944.595
77.0,101.0,77.0,101.0,1773948944.615
77.0,101.0,77.0,101.0,1773948944.635
79.0,102.0,79.0,102.0,1773948944.655
79.0,102.0,79.0,102.0,1773948944.675
77.0,101.0,77.0,101.0,1773948944.595
77.0,101.0,77.0,101.0,1773948944.615
77.0,101.0,77.0,101.0,1773948944.635
79.0,102.0,79.0,102.0,1773948944.655
79.0,102.0,79.0,102.0,1773948944.675
93.0,109.0,93.0,109.0,1773948945.115
93.0,109.0,93.0,109.0,1773948945.135
93.0,109.0,93.0,109.0,1773948945.155
93.0,109.0,93.0,109.0,1773948945.176
97.0,111.0,97.0,111.0,1773948945.196
93.0,109.0,93.0,109.0,1773948945.115
93.0,109.0,93.0,109.0,1773948945.135
93.0,109.0,93.0,109.0,1773948945.155
93.0,109.0,93.0,109.0,1773948945.176
97.0,111.0,97.0,111.0,1773948945.196
93.0,109.0,93.0,109.0,1773948945.115
93.0,109.0,93.0,109.0,1773948945.135
93.0,109.0,93.0,109.0,1773948945.155
93.0,109.0,93.0,109.0,1773948945.176
97.0,111.0,97.0,111.0,1773948945.196
93.0,109.0,93.0,109.0,1773948945.115
93.0,109.0,93.0,109.0,1773948945.135
93.0,109.0,93.0,109.0,1773948945.155
93.0,109.0,93.0,109.0,1773948945.176
97.0,111.0,97.0,111.0,1773948945.196
107.0,114.0,107.0,114.0,1773948945.615
108.0,115.0,108.0,115.0,1773948945.635
108.0,115.0,108.0,115.0,1773948945.655
108.0,115.0,108.0,115.0,1773948945.675
108.0,115.0,108.0,115.0,1773948945.695
107.0,114.0,107.0,114.0,1773948945.615
108.0,115.0,108.0,115.0,1773948945.635
108.0,115.0,108.0,115.0,1773948945.655
108.0,115.0,108.0,115.0,1773948945.675
108.0,115.0,108.0,115.0,1773948945.695
111.0,114.0,111.0,114.0,1773948946.136
111.0,114.0,111.0,114.0,1773948946.155
109.0,111.0,109.0,111.0,1773948946.175
109.0,111.0,109.0,111.0,1773948946.195
109.0,111.0,109.0,111.0,1773948946.216
111.0,114.0,111.0,114.0,1773948946.136
111.0,114.0,111.0,114.0,1773948946.155
109.0,111.0,109.0,111.0,1773948946.175
109.0,111.0,109.0,111.0,1773948946.195
109.0,111.0,109.0,111.0,1773948946.216
111.0,114.0,111.0,114.0,1773948946.136
111.0,114.0,111.0,114.0,1773948946.155
109.0,111.0,109.0,111.0,1773948946.175
109.0,111.0,109.0,111.0,1773948946.195
109.0,111.0,109.0,111.0,1773948946.216
102.0,96.0,102.0,96.0,1773948946.635
102.0,96.0,102.0,96.0,1773948946.655
102.0,96.0,102.0,96.0,1773948946.675
99.0,91.0,99.0,91.0,1773948946.695
99.0,91.0,99.0,91.0,1773948946.715
102.0,96.0,102.0,96.0,1773948946.635
102.0,96.0,102.0,96.0,1773948946.655
102.0,96.0,102.0,96.0,1773948946.675
99.0,91.0,99.0,91.0,1773948946.695
99.0,91.0,99.0,91.0,1773948946.715
102.0,96.0,102.0,96.0,1773948946.635
102.0,96.0,102.0,96.0,1773948946.655
102.0,96.0,102.0,96.0,1773948946.675
99.0,91.0,99.0,91.0,1773948946.695
99.0,91.0,99.0,91.0,1773948946.715
102.0,96.0,102.0,96.0,1773948946.635
102.0,96.0,102.0,96.0,1773948946.655
102.0,96.0,102.0,96.0,1773948946.675
99.0,91.0,99.0,91.0,1773948946.695
99.0,91.0,99.0,91.0,1773948946.715
93.0,73.0,93.0,73.0,1773948947.155
93.0,73.0,93.0,73.0,1773948947.175
93.0,73.0,93.0,73.0,1773948947.195
93.0,73.0,93.0,73.0,1773948947.215
92.0,69.0,92.0,69.0,1773948947.235
93.0,73.0,93.0,73.0,1773948947.155
93.0,73.0,93.0,73.0,1773948947.175
93.0,73.0,93.0,73.0,1773948947.195
93.0,73.0,93.0,73.0,1773948947.215
92.0,69.0,92.0,69.0,1773948947.235
93.0,73.0,93.0,73.0,1773948947.155
93.0,73.0,93.0,73.0,1773948947.175
93.0,73.0,93.0,73.0,1773948947.195
93.0,73.0,93.0,73.0,1773948947.215
92.0,69.0,92.0,69.0,1773948947.235
94.0,63.0,94.0,63.0,1773948947.655
94.0,63.0,94.0,63.0,1773948947.675
94.0,63.0,94.0,63.0,1773948947.695
94.0,63.0,94.0,63.0,1773948947.715
94.0,63.0,94.0,63.0,1773948947.736
94.0,63.0,94.0,63.0,1773948947.655
94.0,63.0,94.0,63.0,1773948947.675
94.0,63.0,94.0,63.0,1773948947.695
94.0,63.0,94.0,63.0,1773948947.715
94.0,63.0,94.0,63.0,1773948947.736
94.0,63.0,94.0,63.0,1773948947.655
94.0,63.0,94.0,63.0,1773948947.675
94.0,63.0,94.0,63.0,1773948947.695
94.0,63.0,94.0,63.0,1773948947.715
94.0,63.0,94.0,63.0,1773948947.736
94.0,58.0,94.0,58.0,1773948948.175
96.0,57.0,96.0,57.0,1773948948.195
96.0,57.0,96.0,57.0,1773948948.216
96.0,57.0,96.0,57.0,1773948948.235
96.0,57.0,96.0,57.0,1773948948.255
94.0,58.0,94.0,58.0,1773948948.175
96.0,57.0,96.0,57.0,1773948948.195
96.0,57.0,96.0,57.0,1773948948.216
96.0,57.0,96.0,57.0,1773948948.235
96.0,57.0,96.0,57.0,1773948948.255
94.0,58.0,94.0,58.0,1773948948.175
96.0,57.0,96.0,57.0,1773948948.195
96.0,57.0,96.0,57.0,1773948948.216
96.0,57.0,96.0,57.0,1773948948.235
96.0,57.0,96.0,57.0,1773948948.255
94.0,58.0,94.0,58.0,1773948948.175
96.0,57.0,96.0,57.0,1773948948.195
96.0,57.0,96.0,57.0,1773948948.216
96.0,57.0,96.0,57.0,1773948948.235
96.0,57.0,96.0,57.0,1773948948.255
100.0,66.0,100.0,66.0,1773948948.675
100.0,66.0,100.0,66.0,1773948948.695
100.0,66.0,100.0,66.0,1773948948.715
101.0,70.0,101.0,70.0,1773948948.736
101.0,70.0,101.0,70.0,1773948948.756
100.0,66.0,100.0,66.0,1773948948.675
100.0,66.0,100.0,66.0,1773948948.695
100.0,66.0,100.0,66.0,1773948948.715
101.0,70.0,101.0,70.0,1773948948.736
101.0,70.0,101.0,70.0,1773948948.756
109.0,90.0,109.0,90.0,1773948949.195
109.0,90.0,109.0,90.0,1773948949.216
109.0,90.0,109.0,90.0,1773948949.235
109.0,90.0,109.0,90.0,1773948949.255
110.0,96.0,110.0,96.0,1773948949.275
109.0,90.0,109.0,90.0,1773948949.195
109.0,90.0,109.0,90.0,1773948949.216
109.0,90.0,109.0,90.0,1773948949.235
109.0,90.0,109.0,90.0,1773948949.255
110.0,96.0,110.0,96.0,1773948949.275
109.0,90.0,109.0,90.0,1773948949.195
109.0,90.0,109.0,90.0,1773948949.216
109.0,90.0,109.0,90.0,1773948949.235
109.0,90.0,109.0,90.0,1773948949.255
110.0,96.0,110.0,96.0,1773948949.275
109.0,90.0,109.0,90.0,1773948949.195
109.0,90.0,109.0,90.0,1773948949.216
109.0,90.0,109.0,90.0,1773948949.235
109.0,90.0,109.0,90.0,1773948949.255
110.0,96.0,110.0,96.0,1773948949.275
113.0,106.0,113.0,106.0,1773948949.695
113.0,106.0,113.0,106.0,1773948949.715
113.0,106.0,113.0,106.0,1773948949.737
113.0,106.0,113.0,106.0,1773948949.755
113.0,106.0,113.0,106.0,1773948949.775
113.0,106.0,113.0,106.0,1773948949.695
113.0,106.0,113.0,106.0,1773948949.715
113.0,106.0,113.0,106.0,1773948949.737
113.0,106.0,113.0,106.0,1773948949.755
113.0,106.0,113.0,106.0,1773948949.775
113.0,106.0,113.0,106.0,1773948949.695
113.0,106.0,113.0,106.0,1773948949.715
113.0,106.0,113.0,106.0,1773948949.737
113.0,106.0,113.0,106.0,1773948949.755
113.0,106.0,113.0,106.0,1773948949.775
111.0,105.0,111.0,105.0,1773948950.216
111.0,105.0,111.0,105.0,1773948950.235
111.0,105.0,111.0,105.0,1773948950.255
111.0,105.0,111.0,105.0,1773948950.275
111.0,105.0,111.0,105.0,1773948950.295
111.0,105.0,111.0,105.0,1773948950.216
111.0,105.0,111.0,105.0,1773948950.235
111.0,105.0,111.0,105.0,1773948950.255
111.0,105.0,111.0,105.0,1773948950.275
111.0,105.0,111.0,105.0,1773948950.295
111.0,105.0,111.0,105.0,1773948950.216
111.0,105.0,111.0,105.0,1773948950.235
111.0,105.0,111.0,105.0,1773948950.255
111.0,105.0,111.0,105.0,1773948950.275
111.0,105.0,111.0,105.0,1773948950.295
111.0,106.0,111.0,106.0,1773948950.715
111.0,106.0,111.0,106.0,1773948950.736
111.0,106.0,111.0,106.0,1773948950.755
110.0,106.0,110.0,106.0,1773948950.776
110.0,106.0,110.0,106.0,1773948950.795
111.0,106.0,111.0,106.0,1773948950.715
111.0,106.0,111.0,106.0,1773948950.736
111.0,106.0,111.0,106.0,1773948950.755
110.0,106.0,110.0,106.0,1773948950.776
110.0,106.0,110.0,106.0,1773948950.795
111.0,106.0,111.0,106.0,1773948950.715
111.0,106.0,111.0,106.0,1773948950.736
111.0,106.0,111.0,106.0,1773948950.755
110.0,106.0,110.0,106.0,1773948950.776
110.0,106.0,110.0,106.0,1773948950.795
111.0,106.0,111.0,106.0,1773948950.715
111.0,106.0,111.0,106.0,1773948950.736
111.0,106.0,111.0,106.0,1773948950.755
110.0,106.0,110.0,106.0,1773948950.776
110.0,106.0,110.0,106.0,1773948950.795
111.0,111.0,111.0,111.0,1773948951.235
111.0,111.0,111.0,111.0,1773948951.255
111.0,111.0,111.0,111.0,1773948951.275
111.0,111.0,111.0,111.0,1773948951.295
112.0,112.0,112.0,112.0,1773948951.315
111.0,111.0,111.0,111.0,1773948951.235
111.0,111.0,111.0,111.0,1773948951.255
111.0,111.0,111.0,111.0,1773948951.275
111.0,111.0,111.0,111.0,1773948951.295
112.0,112.0,112.0,112.0,1773948951.315
111.0,111.0,111.0,111.0,1773948951.235
111.0,111.0,111.0,111.0,1773948951.255
111.0,111.0,111.0,111.0,1773948951.275
111.0,111.0,111.0,111.0,1773948951.295
112.0,112.0,112.0,112.0,1773948951.315
112.0,114.0,112.0,114.0,1773948951.737
111.0,114.0,111.0,114.0,1773948951.756
111.0,114.0,111.0,114.0,1773948951.775
111.0,114.0,111.0,114.0,1773948951.795
111.0,114.0,111.0,114.0,1773948951.815
112.0,114.0,112.0,114.0,1773948951.737
111.0,114.0,111.0,114.0,1773948951.756
111.0,114.0,111.0,114.0,1773948951.775
111.0,114.0,111.0,114.0,1773948951.795
111.0,114.0,111.0,114.0,1773948951.815
112.0,114.0,112.0,114.0,1773948951.737
111.0,114.0,111.0,114.0,1773948951.756
111.0,114.0,111.0,114.0,1773948951.775
111.0,114.0,111.0,114.0,1773948951.795
111.0,114.0,111.0,114.0,1773948951.815
112.0,112.0,112.0,112.0,1773948952.255
112.0,112.0,112.0,112.0,1773948952.276
114.0,113.0,114.0,113.0,1773948952.295
114.0,113.0,114.0,113.0,1773948952.315
114.0,113.0,114.0,113.0,1773948952.335
112.0,112.0,112.0,112.0,1773948952.255
112.0,112.0,112.0,112.0,1773948952.276
114.0,113.0,114.0,113.0,1773948952.295
114.0,113.0,114.0,113.0,1773948952.315
114.0,113.0,114.0,113.0,1773948952.335
112.0,112.0,112.0,112.0,1773948952.255
112.0,112.0,112.0,112.0,1773948952.276
114.0,113.0,114.0,113.0,1773948952.295
114.0,113.0,114.0,113.0,1773948952.315
114.0,113.0,114.0,113.0,1773948952.335
112.0,112.0,112.0,112.0,1773948952.255
112.0,112.0,112.0,112.0,1773948952.276
114.0,113.0,114.0,113.0,1773948952.295
114.0,113.0,114.0,113.0,1773948952.315
114.0,113.0,114.0,113.0,1773948952.335
115.0,111.0,115.0,111.0,1773948952.755
115.0,111.0,115.0,111.0,1773948952.775
115.0,111.0,115.0,111.0,1773948952.796
115.0,111.0,115.0,111.0,1773948952.816
115.0,112.0,115.0,112.0,1773948952.835
115.0,111.0,115.0,111.0,1773948952.755
115.0,111.0,115.0,111.0,1773948952.775
115.0,111.0,115.0,111.0,1773948952.796
115.0,111.0,115.0,111.0,1773948952.816
115.0,112.0,115.0,112.0,1773948952.835
115.0,111.0,115.0,111.0,1773948952.755
115.0,111.0,115.0,111.0,1773948952.775
115.0,111.0,115.0,111.0,1773948952.796
115.0,111.0,115.0,111.0,1773948952.816
115.0,112.0,115.0,112.0,1773948952.835
112.0,111.0,112.0,111.0,1773948953.275
112.0,111.0,112.0,111.0,1773948953.295
112.0,111.0,112.0,111.0,1773948953.315
112.0,111.0,112.0,111.0,1773948953.335
112.0,111.0,112.0,111.0,1773948953.355
112.0,111.0,112.0,111.0,1773948953.275
112.0,111.0,112.0,111.0,1773948953.295
112.0,111.0,112.0,111.0,1773948953.315
112.0,111.0,112.0,111.0,1773948953.335
112.0,111.0,112.0,111.0,1773948953.355
112.0,111.0,112.0,111.0,1773948953.275
112.0,111.0,112.0,111.0,1773948953.295
112.0,111.0,112.0,111.0,1773948953.315
112.0,111.0,112.0,111.0,1773948953.335
112.0,111.0,112.0,111.0,1773948953.355
112.0,111.0,112.0,111.0,1773948953.275
112.0,111.0,112.0,111.0,1773948953.295
112.0,111.0,112.0,111.0,1773948953.315
112.0,111.0,112.0,111.0,1773948953.335
112.0,111.0,112.0,111.0,1773948953.355
109.0,112.0,109.0,112.0,1773948953.775
108.0,111.0,108.0,111.0,1773948953.795
108.0,111.0,108.0,111.0,1773948953.818
108.0,111.0,108.0,111.0,1773948953.835
108.0,111.0,108.0,111.0,1773948953.855
109.0,112.0,109.0,112.0,1773948953.775
108.0,111.0,108.0,111.0,1773948953.795
108.0,111.0,108.0,111.0,1773948953.818
108.0,111.0,108.0,111.0,1773948953.835
108.0,111.0,108.0,111.0,1773948953.855
104.0,113.0,104.0,113.0,1773948954.295
104.0,113.0,104.0,113.0,1773948954.318
104.0,113.0,104.0,113.0,1773948954.335
104.0,113.0,104.0,113.0,1773948954.355
104.0,113.0,104.0,113.0,1773948954.376
104.0,113.0,104.0,113.0,1773948954.295
104.0,113.0,104.0,113.0,1773948954.318
104.0,113.0,104.0,113.0,1773948954.335
104.0,113.0,104.0,113.0,1773948954.355
104.0,113.0,104.0,113.0,1773948954.376
104.0,113.0,104.0,113.0,1773948954.295
104.0,113.0,104.0,113.0,1773948954.318
104.0,113.0,104.0,113.0,1773948954.335
104.0,113.0,104.0,113.0,1773948954.355
104.0,113.0,104.0,113.0,1773948954.376
102.0,111.0,102.0,111.0,1773948954.795
102.0,111.0,102.0,111.0,1773948954.816
102.0,111.0,102.0,111.0,1773948954.835
100.0,110.0,100.0,110.0,1773948954.855
100.0,110.0,100.0,110.0,1773948954.875
102.0,111.0,102.0,111.0,1773948954.795
102.0,111.0,102.0,111.0,1773948954.816
102.0,111.0,102.0,111.0,1773948954.835
100.0,110.0,100.0,110.0,1773948954.855
100.0,110.0,100.0,110.0,1773948954.875
102.0,111.0,102.0,111.0,1773948954.795
102.0,111.0,102.0,111.0,1773948954.816
102.0,111.0,102.0,111.0,1773948954.835
100.0,110.0,100.0,110.0,1773948954.855
100.0,110.0,100.0,110.0,1773948954.875
102.0,105.0,102.0,105.0,1773948955.315
102.0,105.0,102.0,105.0,1773948955.336
102.0,105.0,102.0,105.0,1773948955.355
102.0,105.0,102.0,105.0,1773948955.376
102.0,105.0,102.0,105.0,1773948955.395
102.0,105.0,102.0,105.0,1773948955.315
102.0,105.0,102.0,105.0,1773948955.336
102.0,105.0,102.0,105.0,1773948955.355
102.0,105.0,102.0,105.0,1773948955.376
102.0,105.0,102.0,105.0,1773948955.395
102.0,105.0,102.0,105.0,1773948955.315
102.0,105.0,102.0,105.0,1773948955.336
102.0,105.0,102.0,105.0,1773948955.355
102.0,105.0,102.0,105.0,1773948955.376
102.0,105.0,102.0,105.0,1773948955.395
102.0,105.0,102.0,105.0,1773948955.315
102.0,105.0,102.0,105.0,1773948955.336
102.0,105.0,102.0,105.0,1773948955.355
102.0,105.0,102.0,105.0,1773948955.376
102.0,105.0,102.0,105.0,1773948955.395
105.0,109.0,105.0,109.0,1773948955.816
107.0,109.0,107.0,109.0,1773948955.835
107.0,109.0,107.0,109.0,1773948955.855
107.0,109.0,107.0,109.0,1773948955.876
107.0,109.0,107.0,109.0,1773948955.895
105.0,109.0,105.0,109.0,1773948955.816
107.0,109.0,107.0,109.0,1773948955.835
107.0,109.0,107.0,109.0,1773948955.855
107.0,109.0,107.0,109.0,1773948955.876
107.0,109.0,107.0,109.0,1773948955.895
105.0,109.0,105.0,109.0,1773948955.816
107.0,109.0,107.0,109.0,1773948955.835
107.0,109.0,107.0,109.0,1773948955.855
107.0,109.0,107.0,109.0,1773948955.876
107.0,109.0,107.0,109.0,1773948955.895
113.0,111.0,113.0,111.0,1773948956.335
113.0,111.0,113.0,111.0,1773948956.355
113.0,112.0,113.0,112.0,1773948956.376
113.0,112.0,113.0,112.0,1773948956.395
113.0,112.0,113.0,112.0,1773948956.416
113.0,111.0,113.0,111.0,1773948956.335
113.0,111.0,113.0,111.0,1773948956.355
113.0,112.0,113.0,112.0,1773948956.376
113.0,112.0,113.0,112.0,1773948956.395
113.0,112.0,113.0,112.0,1773948956.416
113.0,111.0,113.0,111.0,1773948956.335
113.0,111.0,113.0,111.0,1773948956.355
113.0,112.0,113.0,112.0,1773948956.376
113.0,112.0,113.0,112.0,1773948956.395
113.0,112.0,113.0,112.0,1773948956.416
114.0,109.0,114.0,109.0,1773948956.855
114.0,109.0,114.0,109.0,1773948956.876
114.0,109.0,114.0,109.0,1773948956.895
114.0,110.0,114.0,110.0,1773948956.915
114.0,110.0,114.0,110.0,1773948956.935
114.0,109.0,114.0,109.0,1773948956.855
114.0,109.0,114.0,109.0,1773948956.876
114.0,109.0,114.0,109.0,1773948956.895
114.0,110.0,114.0,110.0,1773948956.915
114.0,110.0,114.0,110.0,1773948956.935
114.0,109.0,114.0,109.0,1773948956.855
114.0,109.0,114.0,109.0,1773948956.876
114.0,109.0,114.0,109.0,1773948956.895
114.0,110.0,114.0,110.0,1773948956.915
114.0,110.0,114.0,110.0,1773948956.935
114.0,109.0,114.0,109.0,1773948956.855
114.0,109.0,114.0,109.0,1773948956.876
114.0,109.0,114.0,109.0,1773948956.895
114.0,110.0,114.0,110.0,1773948956.915
114.0,110.0,114.0,110.0,1773948956.935
111.0,111.0,111.0,111.0,1773948957.355
111.0,111.0,111.0,111.0,1773948957.376
111.0,111.0,111.0,111.0,1773948957.395
111.0,111.0,111.0,111.0,1773948957.416
111.0,111.0,111.0,111.0,1773948957.435
111.0,111.0,111.0,111.0,1773948957.355
111.0,111.0,111.0,111.0,1773948957.376
111.0,111.0,111.0,111.0,1773948957.395
111.0,111.0,111.0,111.0,1773948957.416
111.0,111.0,111.0,111.0,1773948957.435
111.0,111.0,111.0,111.0,1773948957.355
111.0,111.0,111.0,111.0,1773948957.376
111.0,111.0,111.0,111.0,1773948957.395
111.0,111.0,111.0,111.0,1773948957.416
111.0,111.0,111.0,111.0,1773948957.435
115.0,115.0,115.0,115.0,1773948957.875
115.0,115.0,115.0,115.0,1773948957.895
115.0,115.0,115.0,115.0,1773948957.917
115.0,115.0,115.0,115.0,1773948957.935
115.0,115.0,115.0,115.0,1773948957.955
115.0,115.0,115.0,115.0,1773948957.875
115.0,115.0,115.0,115.0,1773948957.895
115.0,115.0,115.0,115.0,1773948957.917
115.0,115.0,115.0,115.0,1773948957.935
115.0,115.0,115.0,115.0,1773948957.955
115.0,115.0,115.0,115.0,1773948957.875
115.0,115.0,115.0,115.0,1773948957.895
115.0,115.0,115.0,115.0,1773948957.917
115.0,115.0,115.0,115.0,1773948957.935
115.0,115.0,115.0,115.0,1773948957.955
116.0,115.0,116.0,115.0,1773948958.375
116.0,115.0,116.0,115.0,1773948958.395
116.0,115.0,116.0,115.0,1773948958.416
116.0,115.0,116.0,115.0,1773948958.435
116.0,115.0,116.0,115.0,1773948958.455
116.0,115.0,116.0,115.0,1773948958.375
116.0,115.0,116.0,115.0,1773948958.395
116.0,115.0,116.0,115.0,1773948958.416
116.0,115.0,116.0,115.0,1773948958.435
116.0,115.0,116.0,115.0,1773948958.455
116.0,115.0,116.0,115.0,1773948958.375
116.0,115.0,116.0,115.0,1773948958.395
116.0,115.0,116.0,115.0,1773948958.416
116.0,115.0,116.0,115.0,1773948958.435
116.0,115.0,116.0,115.0,1773948958.455
115.0,114.0,115.0,114.0,1773948958.895
115.0,114.0,115.0,114.0,1773948958.915
115.0,114.0,115.0,114.0,1773948958.935
115.0,114.0,115.0,114.0,1773948958.955
115.0,114.0,115.0,114.0,1773948958.975
115.0,114.0,115.0,114.0,1773948958.895
115.0,114.0,115.0,114.0,1773948958.915
115.0,114.0,115.0,114.0,1773948958.935
115.0,114.0,115.0,114.0,1773948958.955
115.0,114.0,115.0,114.0,1773948958.975
115.0,114.0,115.0,114.0,1773948958.895
115.0,114.0,115.0,114.0,1773948958.915
115.0,114.0,115.0,114.0,1773948958.935
115.0,114.0,115.0,114.0,1773948958.955
115.0,114.0,115.0,114.0,1773948958.975
117.0,114.0,117.0,114.0,1773948959.395
117.0,114.0,117.0,114.0,1773948959.416
117.0,114.0,117.0,114.0,1773948959.435
117.0,114.0,117.0,114.0,1773948959.455
117.0,114.0,117.0,114.0,1773948959.475
117.0,114.0,117.0,114.0,1773948959.395
117.0,114.0,117.0,114.0,1773948959.416
117.0,114.0,117.0,114.0,1773948959.435
117.0,114.0,117.0,114.0,1773948959.455
117.0,114.0,117.0,114.0,1773948959.475
117.0,114.0,117.0,114.0,1773948959.395
117.0,114.0,117.0,114.0,1773948959.416
117.0,114.0,117.0,114.0,1773948959.435
117.0,114.0,117.0,114.0,1773948959.455
117.0,114.0,117.0,114.0,1773948959.475
115.0,115.0,115.0,115.0,1773948959.916
115.0,115.0,115.0,115.0,1773948959.935
115.0,115.0,115.0,115.0,1773948959.955
115.0,115.0,115.0,115.0,1773948959.975
115.0,115.0,115.0,115.0,1773948959.995
115.0,115.0,115.0,115.0,1773948959.916
115.0,115.0,115.0,115.0,1773948959.935
115.0,115.0,115.0,115.0,1773948959.955
115.0,115.0,115.0,115.0,1773948959.975
115.0,115.0,115.0,115.0,1773948959.995
115.0,115.0,115.0,115.0,1773948959.916
115.0,115.0,115.0,115.0,1773948959.935
115.0,115.0,115.0,115.0,1773948959.955
115.0,115.0,115.0,115.0,1773948959.975
115.0,115.0,115.0,115.0,1773948959.995
115.0,118.0,115.0,118.0,1773948960.416
115.0,118.0,115.0,118.0,1773948960.435
115.0,118.0,115.0,118.0,1773948960.455
115.0,117.0,115.0,117.0,1773948960.475
115.0,117.0,115.0,117.0,1773948960.495
115.0,118.0,115.0,118.0,1773948960.416
115.0,118.0,115.0,118.0,1773948960.435
115.0,118.0,115.0,118.0,1773948960.455
115.0,117.0,115.0,117.0,1773948960.475
115.0,117.0,115.0,117.0,1773948960.495
115.0,118.0,115.0,118.0,1773948960.416
115.0,118.0,115.0,118.0,1773948960.435
115.0,118.0,115.0,118.0,1773948960.455
115.0,117.0,115.0,117.0,1773948960.475
115.0,117.0,115.0,117.0,1773948960.495
117.0,117.0,117.0,117.0,1773948960.935
117.0,117.0,117.0,117.0,1773948960.955
117.0,117.0,117.0,117.0,1773948960.975
117.0,117.0,117.0,117.0,1773948960.995
118.0,117.0,118.0,117.0,1773948961.016
117.0,117.0,117.0,117.0,1773948960.935
117.0,117.0,117.0,117.0,1773948960.955
117.0,117.0,117.0,117.0,1773948960.975
117.0,117.0,117.0,117.0,1773948960.995
118.0,117.0,118.0,117.0,1773948961.016
117.0,117.0,117.0,117.0,1773948960.935
117.0,117.0,117.0,117.0,1773948960.955
117.0,117.0,117.0,117.0,1773948960.975
117.0,117.0,117.0,117.0,1773948960.995
118.0,117.0,118.0,117.0,1773948961.016
115.0,114.0,115.0,114.0,1773948961.435
115.0,114.0,115.0,114.0,1773948961.455
115.0,114.0,115.0,114.0,1773948961.475
115.0,114.0,115.0,114.0,1773948961.495
115.0,114.0,115.0,114.0,1773948961.516
115.0,114.0,115.0,114.0,1773948961.435
115.0,114.0,115.0,114.0,1773948961.455
115.0,114.0,115.0,114.0,1773948961.475
115.0,114.0,115.0,114.0,1773948961.495
115.0,114.0,115.0,114.0,1773948961.516
115.0,114.0,115.0,114.0,1773948961.435
115.0,114.0,115.0,114.0,1773948961.455
115.0,114.0,115.0,114.0,1773948961.475
115.0,114.0,115.0,114.0,1773948961.495
115.0,114.0,115.0,114.0,1773948961.516
115.0,114.0,115.0,114.0,1773948961.435
115.0,114.0,115.0,114.0,1773948961.455
115.0,114.0,115.0,114.0,1773948961.475
115.0,114.0,115.0,114.0,1773948961.495
115.0,114.0,115.0,114.0,1773948961.516
113.0,115.0,113.0,115.0,1773948961.955
112.0,115.0,112.0,115.0,1773948961.975
112.0,115.0,112.0,115.0,1773948961.995
112.0,115.0,112.0,115.0,1773948962.016
112.0,115.0,112.0,115.0,1773948962.035
113.0,115.0,113.0,115.0,1773948961.955
112.0,115.0,112.0,115.0,1773948961.975
112.0,115.0,112.0,115.0,1773948961.995
112.0,115.0,112.0,115.0,1773948962.016
112.0,115.0,112.0,115.0,1773948962.035
113.0,115.0,113.0,115.0,1773948961.955
112.0,115.0,112.0,115.0,1773948961.975
112.0,115.0,112.0,115.0,1773948961.995
112.0,115.0,112.0,115.0,1773948962.016
112.0,115.0,112.0,115.0,1773948962.035
113.0,115.0,113.0,115.0,1773948961.955
112.0,115.0,112.0,115.0,1773948961.975
112.0,115.0,112.0,115.0,1773948961.995
112.0,115.0,112.0,115.0,1773948962.016
112.0,115.0,112.0,115.0,1773948962.035
113.0,116.0,113.0,116.0,1773948962.455
113.0,116.0,113.0,116.0,1773948962.475
113.0,116.0,113.0,116.0,1773948962.495
114.0,115.0,114.0,115.0,1773948962.515
114.0,115.0,114.0,115.0,1773948962.535
113.0,116.0,113.0,116.0,1773948962.455
113.0,116.0,113.0,116.0,1773948962.475
113.0,116.0,113.0,116.0,1773948962.495
114.0,115.0,114.0,115.0,1773948962.515
114.0,115.0,114.0,115.0,1773948962.535
113.0,116.0,113.0,116.0,1773948962.455
113.0,116.0,113.0,116.0,1773948962.475
113.0,116.0,113.0,116.0,1773948962.495
114.0,115.0,114.0,115.0,1773948962.515
114.0,115.0,114.0,115.0,1773948962.535
113.0,114.0,113.0,114.0,1773948962.975
113.0,114.0,113.0,114.0,1773948962.995
113.0,114.0,113.0,114.0,1773948963.017
113.0,114.0,113.0,114.0,1773948963.035
113.0,113.0,113.0,113.0,1773948963.055
113.0,114.0,113.0,114.0,1773948962.975
113.0,114.0,113.0,114.0,1773948962.995
113.0,114.0,113.0,114.0,1773948963.017
113.0,114.0,113.0,114.0,1773948963.035
113.0,113.0,113.0,113.0,1773948963.055
113.0,114.0,113.0,114.0,1773948962.975
113.0,114.0,113.0,114.0,1773948962.995
113.0,114.0,113.0,114.0,1773948963.017
113.0,114.0,113.0,114.0,1773948963.035
113.0,113.0,113.0,113.0,1773948963.055
112.0,111.0,112.0,111.0,1773948963.475
112.0,111.0,112.0,111.0,1773948963.495
112.0,111.0,112.0,111.0,1773948963.515
112.0,111.0,112.0,111.0,1773948963.535
112.0,111.0,112.0,111.0,1773948963.555
112.0,111.0,112.0,111.0,1773948963.475
112.0,111.0,112.0,111.0,1773948963.495
112.0,111.0,112.0,111.0,1773948963.515
112.0,111.0,112.0,111.0,1773948963.535
112.0,111.0,112.0,111.0,1773948963.555
112.0,111.0,112.0,111.0,1773948963.475
112.0,111.0,112.0,111.0,1773948963.495
112.0,111.0,112.0,111.0,1773948963.515
112.0,111.0,112.0,111.0,1773948963.535
112.0,111.0,112.0,111.0,1773948963.555
114.0,111.0,114.0,111.0,1773948963.996
114.0,112.0,114.0,112.0,1773948964.016
114.0,112.0,114.0,112.0,1773948964.035
114.0,112.0,114.0,112.0,1773948964.055
114.0,112.0,114.0,112.0,1773948964.075
114.0,111.0,114.0,111.0,1773948963.996
114.0,112.0,114.0,112.0,1773948964.016
114.0,112.0,114.0,112.0,1773948964.035
114.0,112.0,114.0,112.0,1773948964.055
114.0,112.0,114.0,112.0,1773948964.075
0.0,0.0,0.0,0.0,1773948968.575
0.0,0.0,0.0,0.0,1773948968.598
0.0,0.0,0.0,0.0,1773948968.616
0.0,0.0,0.0,0.0,1773948968.636
0.0,0.0,0.0,0.0,1773948968.655
0.0,0.0,0.0,0.0,1773948968.575
0.0,0.0,0.0,0.0,1773948968.598
0.0,0.0,0.0,0.0,1773948968.616
0.0,0.0,0.0,0.0,1773948968.636
0.0,0.0,0.0,0.0,1773948968.655
0.0,0.0,0.0,0.0,1773948968.575
0.0,0.0,0.0,0.0,1773948968.598
0.0,0.0,0.0,0.0,1773948968.616
0.0,0.0,0.0,0.0,1773948968.636
0.0,0.0,0.0,0.0,1773948968.655
0.0,0.0,0.0,0.0,1773948968.575
0.0,0.0,0.0,0.0,1773948968.598
0.0,0.0,0.0,0.0,1773948968.616
0.0,0.0,0.0,0.0,1773948968.636
0.0,0.0,0.0,0.0,1773948968.655
0.0,0.0,0.0,0.0,1773948968.575
0.0,0.0,0.0,0.0,1773948968.598
0.0,0.0,0.0,0.0,1773948968.616
0.0,0.0,0.0,0.0,1773948968.636
0.0,0.0,0.0,0.0,1773948968.655
0.0,0.0,0.0,0.0,1773948968.575
0.0,0.0,0.0,0.0,1773948968.598
0.0,0.0,0.0,0.0,1773948968.616
0.0,0.0,0.0,0.0,1773948968.636
0.0,0.0,0.0,0.0,1773948968.655
0.0,0.0,0.0,0.0,1773948968.575
0.0,0.0,0.0,0.0,1773948968.598
0.0,0.0,0.0,0.0,1773948968.616
0.0,0.0,0.0,0.0,1773948968.636
0.0,0.0,0.0,0.0,1773948968.655
0.0,0.0,0.0,0.0,1773948968.575
0.0,0.0,0.0,0.0,1773948968.598
0.0,0.0,0.0,0.0,1773948968.616
0.0,0.0,0.0,0.0,1773948968.636
0.0,0.0,0.0,0.0,1773948968.655
0.0,0.0,0.0,0.0,1773948968.575
0.0,0.0,0.0,0.0,1773948968.598
0.0,0.0,0.0,0.0,1773948968.616
0.0,0.0,0.0,0.0,1773948968.636
0.0,0.0,0.0,0.0,1773948968.655
0.0,0.0,0.0,0.0,1773948968.575
0.0,0.0,0.0,0.0,1773948968.598
0.0,0.0,0.0,0.0,1773948968.616
0.0,0.0,0.0,0.0,1773948968.636
0.0,0.0,0.0,0.0,1773948968.655
0.0,0.0,0.0,0.0,1773948968.575
0.0,0.0,0.0,0.0,1773948968.598
0.0,0.0,0.0,0.0,1773948968.616
0.0,0.0,0.0,0.0,1773948968.636
0.0,0.0,0.0,0.0,1773948968.655
0.0,0.0,0.0,0.0,1773948968.575
0.0,0.0,0.0,0.0,1773948968.598
0.0,0.0,0.0,0.0,1773948968.616
0.0,0.0,0.0,0.0,1773948968.636
0.0,0.0,0.0,0.0,1773948968.655
0.0,0.0,0.0,0.0,1773948968.575
0.0,0.0,0.0,0.0,1773948968.598
0.0,0.0,0.0,0.0,1773948968.616
0.0,0.0,0.0,0.0,1773948968.636
0.0,0.0,0.0,0.0,1773948968.655
0.0,0.0,0.0,0.0,1773948968.575
0.0,0.0,0.0,0.0,1773948968.598
0.0,0.0,0.0,0.0,1773948968.616
0.0,0.0,0.0,0.0,1773948968.636
0.0,0.0,0.0,0.0,1773948968.655
0.0,0.0,0.0,0.0,1773948968.575
0.0,0.0,0.0,0.0,1773948968.598
0.0,0.0,0.0,0.0,1773948968.616
0.0,0.0,0.0,0.0,1773948968.636
0.0,0.0,0.0,0.0,1773948968.655
0.0,0.0,0.0,0.0,1773948968.575
0.0,0.0,0.0,0.0,1773948968.598
0.0,0.0,0.0,0.0,1773948968.616
0.0,0.0,0.0,0.0,1773948968.636
0.0,0.0,0.0,0.0,1773948968.655
0.0,0.0,0.0,0.0,1773948968.575
0.0,0.0,0.0,0.0,1773948968.598
0.0,0.0,0.0,0.0,1773948968.616
0.0,0.0,0.0,0.0,1773948968.636
0.0,0.0,0.0,0.0,1773948968.655
0.0,0.0,0.0,0.0,1773948968.575
0.0,0.0,0.0,0.0,1773948968.598
0.0,0.0,0.0,0.0,1773948968.616
0.0,0.0,0.0,0.0,1773948968.636
0.0,0.0,0.0,0.0,1773948968.655
0.0,0.0,0.0,0.0,1773948971.575
0.0,0.0,0.0,0.0,1773948971.595
0.0,0.0,0.0,0.0,1773948971.615
0.0,0.0,0.0,0.0,1773948971.635
0.0,0.0,0.0,0.0,1773948971.655
0.0,0.0,0.0,0.0,1773948971.575
0.0,0.0,0.0,0.0,1773948971.595
0.0,0.0,0.0,0.0,1773948971.615
0.0,0.0,0.0,0.0,1773948971.635
0.0,0.0,0.0,0.0,1773948971.655
0.0,0.0,0.0,0.0,1773948971.575
0.0,0.0,0.0,0.0,1773948971.595
0.0,0.0,0.0,0.0,1773948971.615
0.0,0.0,0.0,0.0,1773948971.635
0.0,0.0,0.0,0.0,1773948971.655
0.0,0.0,0.0,0.0,1773948971.575
0.0,0.0,0.0,0.0,1773948971.595
0.0,0.0,0.0,0.0,1773948971.615
0.0,0.0,0.0,0.0,1773948971.635
0.0,0.0,0.0,0.0,1773948971.655
0.0,0.0,0.0,0.0,1773948972.095
0.0,0.0,0.0,0.0,1773948972.115
0.0,0.0,0.0,0.0,1773948972.136
0.0,0.0,0.0,0.0,1773948972.156
0.0,0.0,0.0,0.0,1773948972.176
0.0,0.0,0.0,0.0,1773948972.095
0.0,0.0,0.0,0.0,1773948972.115
0.0,0.0,0.0,0.0,1773948972.136
0.0,0.0,0.0,0.0,1773948972.156
0.0,0.0,0.0,0.0,1773948972.176
0.0,0.0,0.0,0.0,1773948972.095
0.0,0.0,0.0,0.0,1773948972.115
0.0,0.0,0.0,0.0,1773948972.136
0.0,0.0,0.0,0.0,1773948972.156
0.0,0.0,0.0,0.0,1773948972.176
0.0,0.0,0.0,0.0,1773948972.596
0.0,0.0,0.0,0.0,1773948972.616
0.0,0.0,0.0,0.0,1773948972.636
0.0,0.0,0.0,0.0,1773948972.656
0.0,0.0,0.0,0.0,1773948972.676
0.0,0.0,0.0,0.0,1773948972.596
0.0,0.0,0.0,0.0,1773948972.616
0.0,0.0,0.0,0.0,1773948972.636
0.0,0.0,0.0,0.0,1773948972.656
0.0,0.0,0.0,0.0,1773948972.676
0.0,0.0,0.0,0.0,1773948972.596
0.0,0.0,0.0,0.0,1773948972.616
0.0,0.0,0.0,0.0,1773948972.636
0.0,0.0,0.0,0.0,1773948972.656
0.0,0.0,0.0,0.0,1773948972.676
0.0,0.0,0.0,0.0,1773948972.596
0.0,0.0,0.0,0.0,1773948972.616
0.0,0.0,0.0,0.0,1773948972.636
0.0,0.0,0.0,0.0,1773948972.656
0.0,0.0,0.0,0.0,1773948972.676
0.0,0.0,0.0,0.0,1773948973.116
0.0,0.0,0.0,0.0,1773948973.136
0.0,0.0,0.0,0.0,1773948973.156
0.0,0.0,0.0,0.0,1773948973.176
0.0,0.0,0.0,0.0,1773948973.196
0.0,0.0,0.0,0.0,1773948973.116
0.0,0.0,0.0,0.0,1773948973.136
0.0,0.0,0.0,0.0,1773948973.156
0.0,0.0,0.0,0.0,1773948973.176
0.0,0.0,0.0,0.0,1773948973.196
0.0,0.0,0.0,0.0,1773948973.616
0.0,0.0,0.0,0.0,1773948973.636
0.0,0.0,0.0,0.0,1773948973.656
0.0,0.0,0.0,0.0,1773948973.676
0.0,0.0,0.0,0.0,1773948973.697
0.0,0.0,0.0,0.0,1773948973.616
0.0,0.0,0.0,0.0,1773948973.636
0.0,0.0,0.0,0.0,1773948973.656
0.0,0.0,0.0,0.0,1773948973.676
0.0,0.0,0.0,0.0,1773948973.697
0.0,0.0,0.0,0.0,1773948974.136
0.0,0.0,0.0,0.0,1773948974.156
0.0,0.0,0.0,0.0,1773948974.176
0.0,0.0,0.0,0.0,1773948974.196
0.0,0.0,0.0,0.0,1773948974.216
0.0,0.0,0.0,0.0,1773948974.136
0.0,0.0,0.0,0.0,1773948974.156
0.0,0.0,0.0,0.0,1773948974.176
0.0,0.0,0.0,0.0,1773948974.196
0.0,0.0,0.0,0.0,1773948974.216
0.0,0.0,0.0,0.0,1773948974.136
0.0,0.0,0.0,0.0,1773948974.156
0.0,0.0,0.0,0.0,1773948974.176
0.0,0.0,0.0,0.0,1773948974.196
0.0,0.0,0.0,0.0,1773948974.216
0.0,0.0,0.0,0.0,1773948974.636
0.0,0.0,0.0,0.0,1773948974.658
0.0,0.0,0.0,0.0,1773948974.676
0.0,0.0,0.0,0.0,1773948974.697
0.0,0.0,0.0,0.0,1773948974.716
0.0,0.0,0.0,0.0,1773948974.636
0.0,0.0,0.0,0.0,1773948974.658
0.0,0.0,0.0,0.0,1773948974.676
0.0,0.0,0.0,0.0,1773948974.697
0.0,0.0,0.0,0.0,1773948974.716
0.0,0.0,0.0,0.0,1773948975.157
0.0,0.0,0.0,0.0,1773948975.176
0.0,0.0,0.0,0.0,1773948975.196
0.0,0.0,0.0,0.0,1773948975.216
0.0,0.0,0.0,0.0,1773948975.236
0.0,0.0,0.0,0.0,1773948975.157
0.0,0.0,0.0,0.0,1773948975.176
0.0,0.0,0.0,0.0,1773948975.196
0.0,0.0,0.0,0.0,1773948975.216
0.0,0.0,0.0,0.0,1773948975.236
0.0,0.0,0.0,0.0,1773948975.157
0.0,0.0,0.0,0.0,1773948975.176
0.0,0.0,0.0,0.0,1773948975.196
0.0,0.0,0.0,0.0,1773948975.216
0.0,0.0,0.0,0.0,1773948975.236
0.0,0.0,0.0,0.0,1773948975.656
0.0,0.0,0.0,0.0,1773948975.676
0.0,0.0,0.0,0.0,1773948975.697
0.0,0.0,0.0,0.0,1773948975.716
0.0,0.0,0.0,0.0,1773948975.736
0.0,0.0,0.0,0.0,1773948975.656
0.0,0.0,0.0,0.0,1773948975.676
0.0,0.0,0.0,0.0,1773948975.697
0.0,0.0,0.0,0.0,1773948975.716
0.0,0.0,0.0,0.0,1773948975.736
0.0,0.0,0.0,0.0,1773948975.656
0.0,0.0,0.0,0.0,1773948975.676
0.0,0.0,0.0,0.0,1773948975.697
0.0,0.0,0.0,0.0,1773948975.716
0.0,0.0,0.0,0.0,1773948975.736
0.0,0.0,0.0,0.0,1773948976.176
0.0,0.0,0.0,0.0,1773948976.196
0.0,0.0,0.0,0.0,1773948976.216
0.0,0.0,0.0,0.0,1773948976.236
0.0,0.0,0.0,0.0,1773948976.256
0.0,0.0,0.0,0.0,1773948976.176
0.0,0.0,0.0,0.0,1773948976.196
0.0,0.0,0.0,0.0,1773948976.216
0.0,0.0,0.0,0.0,1773948976.236
0.0,0.0,0.0,0.0,1773948976.256
4.0,6.0,4.0,6.0,1773948976.676
4.0,6.0,4.0,6.0,1773948976.697
4.0,6.0,4.0,6.0,1773948976.716
10.0,12.0,10.0,12.0,1773948976.736
10.0,12.0,10.0,12.0,1773948976.757
4.0,6.0,4.0,6.0,1773948976.676
4.0,6.0,4.0,6.0,1773948976.697
4.0,6.0,4.0,6.0,1773948976.716
10.0,12.0,10.0,12.0,1773948976.736
10.0,12.0,10.0,12.0,1773948976.757
47.0,49.0,47.0,49.0,1773948977.196
47.0,49.0,47.0,49.0,1773948977.216
47.0,49.0,47.0,49.0,1773948977.236
47.0,49.0,47.0,49.0,1773948977.256
58.0,61.0,58.0,61.0,1773948977.276
47.0,49.0,47.0,49.0,1773948977.196
47.0,49.0,47.0,49.0,1773948977.216
47.0,49.0,47.0,49.0,1773948977.236
47.0,49.0,47.0,49.0,1773948977.256
58.0,61.0,58.0,61.0,1773948977.276
47.0,49.0,47.0,49.0,1773948977.196
47.0,49.0,47.0,49.0,1773948977.216
47.0,49.0,47.0,49.0,1773948977.236
47.0,49.0,47.0,49.0,1773948977.256
58.0,61.0,58.0,61.0,1773948977.276
47.0,49.0,47.0,49.0,1773948977.196
47.0,49.0,47.0,49.0,1773948977.216
47.0,49.0,47.0,49.0,1773948977.236
47.0,49.0,47.0,49.0,1773948977.256
58.0,61.0,58.0,61.0,1773948977.276
98.0,97.0,98.0,97.0,1773948977.697
98.0,97.0,98.0,97.0,1773948977.716
98.0,97.0,98.0,97.0,1773948977.737
98.0,97.0,98.0,97.0,1773948977.756
98.0,97.0,98.0,97.0,1773948977.776
98.0,97.0,98.0,97.0,1773948977.697
98.0,97.0,98.0,97.0,1773948977.716
98.0,97.0,98.0,97.0,1773948977.737
98.0,97.0,98.0,97.0,1773948977.756
98.0,97.0,98.0,97.0,1773948977.776
98.0,97.0,98.0,97.0,1773948977.697
98.0,97.0,98.0,97.0,1773948977.716
98.0,97.0,98.0,97.0,1773948977.737
98.0,97.0,98.0,97.0,1773948977.756
98.0,97.0,98.0,97.0,1773948977.776
98.0,97.0,98.0,97.0,1773948977.697
98.0,97.0,98.0,97.0,1773948977.716
98.0,97.0,98.0,97.0,1773948977.737
98.0,97.0,98.0,97.0,1773948977.756
98.0,97.0,98.0,97.0,1773948977.776
111.0,108.0,111.0,108.0,1773948978.216
112.0,108.0,112.0,108.0,1773948978.236
112.0,108.0,112.0,108.0,1773948978.256
112.0,108.0,112.0,108.0,1773948978.276
112.0,108.0,112.0,108.0,1773948978.297
111.0,108.0,111.0,108.0,1773948978.216
112.0,108.0,112.0,108.0,1773948978.236
112.0,108.0,112.0,108.0,1773948978.256
112.0,108.0,112.0,108.0,1773948978.276
112.0,108.0,112.0,108.0,1773948978.297
111.0,108.0,111.0,108.0,1773948978.716
111.0,108.0,111.0,108.0,1773948978.736
111.0,108.0,111.0,108.0,1773948978.756
110.0,108.0,110.0,108.0,1773948978.776
110.0,108.0,110.0,108.0,1773948978.796
111.0,108.0,111.0,108.0,1773948978.716
111.0,108.0,111.0,108.0,1773948978.736
111.0,108.0,111.0,108.0,1773948978.756
110.0,108.0,110.0,108.0,1773948978.776
110.0,108.0,110.0,108.0,1773948978.796
111.0,108.0,111.0,108.0,1773948978.716
111.0,108.0,111.0,108.0,1773948978.736
111.0,108.0,111.0,108.0,1773948978.756
110.0,108.0,110.0,108.0,1773948978.776
110.0,108.0,110.0,108.0,1773948978.796
109.0,109.0,109.0,109.0,1773948979.236
109.0,109.0,109.0,109.0,1773948979.256
109.0,109.0,109.0,109.0,1773948979.276
109.0,109.0,109.0,109.0,1773948979.296
109.0,110.0,109.0,110.0,1773948979.316
109.0,109.0,109.0,109.0,1773948979.236
109.0,109.0,109.0,109.0,1773948979.256
109.0,109.0,109.0,109.0,1773948979.276
109.0,109.0,109.0,109.0,1773948979.296
109.0,110.0,109.0,110.0,1773948979.316
109.0,109.0,109.0,109.0,1773948979.236
109.0,109.0,109.0,109.0,1773948979.256
109.0,109.0,109.0,109.0,1773948979.276
109.0,109.0,109.0,109.0,1773948979.296
109.0,110.0,109.0,110.0,1773948979.316
111.0,111.0,111.0,111.0,1773948979.736
111.0,112.0,111.0,112.0,1773948979.756
111.0,112.0,111.0,112.0,1773948979.776
111.0,112.0,111.0,112.0,1773948979.797
111.0,112.0,111.0,112.0,1773948979.816
111.0,111.0,111.0,111.0,1773948979.736
111.0,112.0,111.0,112.0,1773948979.756
111.0,112.0,111.0,112.0,1773948979.776
111.0,112.0,111.0,112.0,1773948979.797
111.0,112.0,111.0,112.0,1773948979.816
112.0,113.0,112.0,113.0,1773948980.257
112.0,113.0,112.0,113.0,1773948980.276
111.0,112.0,111.0,112.0,1773948980.298
111.0,112.0,111.0,112.0,1773948980.316
111.0,112.0,111.0,112.0,1773948980.336
112.0,113.0,112.0,113.0,1773948980.257
112.0,113.0,112.0,113.0,1773948980.276
111.0,112.0,111.0,112.0,1773948980.298
111.0,112.0,111.0,112.0,1773948980.316
111.0,112.0,111.0,112.0,1773948980.336
112.0,113.0,112.0,113.0,1773948980.257
112.0,113.0,112.0,113.0,1773948980.276
111.0,112.0,111.0,112.0,1773948980.298
111.0,112.0,111.0,112.0,1773948980.316
111.0,112.0,111.0,112.0,1773948980.336
112.0,112.0,112.0,112.0,1773948980.756
112.0,112.0,112.0,112.0,1773948980.776
112.0,112.0,112.0,112.0,1773948980.796
112.0,112.0,112.0,112.0,1773948980.816
112.0,112.0,112.0,112.0,1773948980.836
112.0,112.0,112.0,112.0,1773948980.756
112.0,112.0,112.0,112.0,1773948980.776
112.0,112.0,112.0,112.0,1773948980.796
112.0,112.0,112.0,112.0,1773948980.816
112.0,112.0,112.0,112.0,1773948980.836
112.0,112.0,112.0,112.0,1773948980.756
112.0,112.0,112.0,112.0,1773948980.776
112.0,112.0,112.0,112.0,1773948980.796
112.0,112.0,112.0,112.0,1773948980.816
112.0,112.0,112.0,112.0,1773948980.836
112.0,112.0,112.0,112.0,1773948980.756
112.0,112.0,112.0,112.0,1773948980.776
112.0,112.0,112.0,112.0,1773948980.796
112.0,112.0,112.0,112.0,1773948980.816
112.0,112.0,112.0,112.0,1773948980.836
113.0,114.0,113.0,114.0,1773948981.276
113.0,114.0,113.0,114.0,1773948981.297
113.0,114.0,113.0,114.0,1773948981.316
113.0,114.0,113.0,114.0,1773948981.336
113.0,114.0,113.0,114.0,1773948981.356
113.0,114.0,113.0,114.0,1773948981.276
113.0,114.0,113.0,114.0,1773948981.297
113.0,114.0,113.0,114.0,1773948981.316
113.0,114.0,113.0,114.0,1773948981.336
113.0,114.0,113.0,114.0,1773948981.356
113.0,114.0,113.0,114.0,1773948981.276
113.0,114.0,113.0,114.0,1773948981.297
113.0,114.0,113.0,114.0,1773948981.316
113.0,114.0,113.0,114.0,1773948981.336
113.0,114.0,113.0,114.0,1773948981.356
116.0,115.0,116.0,115.0,1773948981.776
116.0,115.0,116.0,115.0,1773948981.797
117.0,115.0,117.0,115.0,1773948981.821
117.0,115.0,117.0,115.0,1773948981.836
117.0,115.0,117.0,115.0,1773948981.856
116.0,115.0,116.0,115.0,1773948981.776
116.0,115.0,116.0,115.0,1773948981.797
117.0,115.0,117.0,115.0,1773948981.821
117.0,115.0,117.0,115.0,1773948981.836
117.0,115.0,117.0,115.0,1773948981.856
116.0,115.0,116.0,115.0,1773948981.776
116.0,115.0,116.0,115.0,1773948981.797
117.0,115.0,117.0,115.0,1773948981.821
117.0,115.0,117.0,115.0,1773948981.836
117.0,115.0,117.0,115.0,1773948981.856
116.0,115.0,116.0,115.0,1773948981.776
116.0,115.0,116.0,115.0,1773948981.797
117.0,115.0,117.0,115.0,1773948981.821
117.0,115.0,117.0,115.0,1773948981.836
117.0,115.0,117.0,115.0,1773948981.856
115.0,115.0,115.0,115.0,1773948982.296
115.0,115.0,115.0,115.0,1773948982.316
115.0,115.0,115.0,115.0,1773948982.336
115.0,115.0,115.0,115.0,1773948982.356
115.0,115.0,115.0,115.0,1773948982.376
115.0,115.0,115.0,115.0,1773948982.296
115.0,115.0,115.0,115.0,1773948982.316
115.0,115.0,115.0,115.0,1773948982.336
115.0,115.0,115.0,115.0,1773948982.356
115.0,115.0,115.0,115.0,1773948982.376
115.0,115.0,115.0,115.0,1773948982.296
115.0,115.0,115.0,115.0,1773948982.316
115.0,115.0,115.0,115.0,1773948982.336
115.0,115.0,115.0,115.0,1773948982.356
115.0,115.0,115.0,115.0,1773948982.376
114.0,114.0,114.0,114.0,1773948982.797
114.0,114.0,114.0,114.0,1773948982.816
114.0,114.0,114.0,114.0,1773948982.836
114.0,114.0,114.0,114.0,1773948982.856
114.0,114.0,114.0,114.0,1773948982.876
114.0,114.0,114.0,114.0,1773948982.797
114.0,114.0,114.0,114.0,1773948982.816
114.0,114.0,114.0,114.0,1773948982.836
114.0,114.0,114.0,114.0,1773948982.856
114.0,114.0,114.0,114.0,1773948982.876
114.0,114.0,114.0,114.0,1773948982.797
114.0,114.0,114.0,114.0,1773948982.816
114.0,114.0,114.0,114.0,1773948982.836
114.0,114.0,114.0,114.0,1773948982.856
114.0,114.0,114.0,114.0,1773948982.876
114.0,114.0,114.0,114.0,1773948982.797
114.0,114.0,114.0,114.0,1773948982.816
114.0,114.0,114.0,114.0,1773948982.836
114.0,114.0,114.0,114.0,1773948982.856
114.0,114.0,114.0,114.0,1773948982.876
115.0,114.0,115.0,114.0,1773948983.316
114.0,114.0,114.0,114.0,1773948983.336
114.0,114.0,114.0,114.0,1773948983.356
114.0,114.0,114.0,114.0,1773948983.376
114.0,114.0,114.0,114.0,1773948983.398
115.0,114.0,115.0,114.0,1773948983.316
114.0,114.0,114.0,114.0,1773948983.336
114.0,114.0,114.0,114.0,1773948983.356
114.0,114.0,114.0,114.0,1773948983.376
114.0,114.0,114.0,114.0,1773948983.398
115.0,114.0,115.0,114.0,1773948983.316
114.0,114.0,114.0,114.0,1773948983.336
114.0,114.0,114.0,114.0,1773948983.356
114.0,114.0,114.0,114.0,1773948983.376
114.0,114.0,114.0,114.0,1773948983.398
115.0,114.0,115.0,114.0,1773948983.816
115.0,114.0,115.0,114.0,1773948983.836
115.0,114.0,115.0,114.0,1773948983.856
115.0,115.0,115.0,115.0,1773948983.876
115.0,115.0,115.0,115.0,1773948983.896
115.0,114.0,115.0,114.0,1773948983.816
115.0,114.0,115.0,114.0,1773948983.836
115.0,114.0,115.0,114.0,1773948983.856
115.0,115.0,115.0,115.0,1773948983.876
115.0,115.0,115.0,115.0,1773948983.896
115.0,115.0,115.0,115.0,1773948984.336
115.0,115.0,115.0,115.0,1773948984.356
115.0,115.0,115.0,115.0,1773948984.376
115.0,115.0,115.0,115.0,1773948984.396
117.0,115.0,117.0,115.0,1773948984.416
115.0,115.0,115.0,115.0,1773948984.336
115.0,115.0,115.0,115.0,1773948984.356
115.0,115.0,115.0,115.0,1773948984.376
115.0,115.0,115.0,115.0,1773948984.396
117.0,115.0,117.0,115.0,1773948984.416
115.0,115.0,115.0,115.0,1773948984.336
115.0,115.0,115.0,115.0,1773948984.356
115.0,115.0,115.0,115.0,1773948984.376
115.0,115.0,115.0,115.0,1773948984.396
117.0,115.0,117.0,115.0,1773948984.416
115.0,116.0,115.0,116.0,1773948984.84
115.0,116.0,115.0,116.0,1773948984.856
115.0,116.0,115.0,116.0,1773948984.876
115.0,116.0,115.0,116.0,1773948984.896
115.0,116.0,115.0,116.0,1773948984.916
115.0,116.0,115.0,116.0,1773948984.84
115.0,116.0,115.0,116.0,1773948984.856
115.0,116.0,115.0,116.0,1773948984.876
115.0,116.0,115.0,116.0,1773948984.896
115.0,116.0,115.0,116.0,1773948984.916
117.0,115.0,117.0,115.0,1773948985.336
117.0,115.0,117.0,115.0,1773948985.356
117.0,116.0,117.0,116.0,1773948985.376
117.0,116.0,117.0,116.0,1773948985.396
117.0,116.0,117.0,116.0,1773948985.416
117.0,115.0,117.0,115.0,1773948985.336
117.0,115.0,117.0,115.0,1773948985.356
117.0,116.0,117.0,116.0,1773948985.376
117.0,116.0,117.0,116.0,1773948985.396
117.0,116.0,117.0,116.0,1773948985.416
117.0,115.0,117.0,115.0,1773948985.336
117.0,115.0,117.0,115.0,1773948985.356
117.0,116.0,117.0,116.0,1773948985.376
117.0,116.0,117.0,116.0,1773948985.396
117.0,116.0,117.0,116.0,1773948985.416
114.0,115.0,114.0,115.0,1773948985.836
114.0,115.0,114.0,115.0,1773948985.856
114.0,115.0,114.0,115.0,1773948985.876
114.0,115.0,114.0,115.0,1773948985.896
114.0,114.0,114.0,114.0,1773948985.917
114.0,115.0,114.0,115.0,1773948985.836
114.0,115.0,114.0,115.0,1773948985.856
114.0,115.0,114.0,115.0,1773948985.876
114.0,115.0,114.0,115.0,1773948985.896
114.0,114.0,114.0,114.0,1773948985.917
114.0,115.0,114.0,115.0,1773948985.836
114.0,115.0,114.0,115.0,1773948985.856
114.0,115.0,114.0,115.0,1773948985.876
114.0,115.0,114.0,115.0,1773948985.896
114.0,114.0,114.0,114.0,1773948985.917
67.0,-68.0,67.0,-68.0,1773948986.356
67.0,-68.0,67.0,-68.0,1773948986.376
67.0,-68.0,67.0,-68.0,1773948986.396
67.0,-68.0,67.0,-68.0,1773948986.416
67.0,-68.0,67.0,-68.0,1773948986.436
67.0,-68.0,67.0,-68.0,1773948986.356
67.0,-68.0,67.0,-68.0,1773948986.376
67.0,-68.0,67.0,-68.0,1773948986.396
67.0,-68.0,67.0,-68.0,1773948986.416
67.0,-68.0,67.0,-68.0,1773948986.436
67.0,-68.0,67.0,-68.0,1773948986.356
67.0,-68.0,67.0,-68.0,1773948986.376
67.0,-68.0,67.0,-68.0,1773948986.396
67.0,-68.0,67.0,-68.0,1773948986.416
67.0,-68.0,67.0,-68.0,1773948986.436
21.0,-24.0,21.0,-24.0,1773948986.856
21.0,-24.0,21.0,-24.0,1773948986.88
11.0,-13.0,11.0,-13.0,1773948986.896
11.0,-13.0,11.0,-13.0,1773948986.916
11.0,-13.0,11.0,-13.0,1773948986.937
21.0,-24.0,21.0,-24.0,1773948986.856
21.0,-24.0,21.0,-24.0,1773948986.88
11.0,-13.0,11.0,-13.0,1773948986.896
11.0,-13.0,11.0,-13.0,1773948986.916
11.0,-13.0,11.0,-13.0,1773948986.937
21.0,-24.0,21.0,-24.0,1773948986.856
21.0,-24.0,21.0,-24.0,1773948986.88
11.0,-13.0,11.0,-13.0,1773948986.896
11.0,-13.0,11.0,-13.0,1773948986.916
11.0,-13.0,11.0,-13.0,1773948986.937
9.0,-10.0,9.0,-10.0,1773948987.376
9.0,-10.0,9.0,-10.0,1773948987.396
12.0,-12.0,12.0,-12.0,1773948987.416
12.0,-12.0,12.0,-12.0,1773948987.437
12.0,-12.0,12.0,-12.0,1773948987.456
9.0,-10.0,9.0,-10.0,1773948987.376
9.0,-10.0,9.0,-10.0,1773948987.396
12.0,-12.0,12.0,-12.0,1773948987.416
12.0,-12.0,12.0,-12.0,1773948987.437
12.0,-12.0,12.0,-12.0,1773948987.456
9.0,-10.0,9.0,-10.0,1773948987.376
9.0,-10.0,9.0,-10.0,1773948987.396
12.0,-12.0,12.0,-12.0,1773948987.416
12.0,-12.0,12.0,-12.0,1773948987.437
12.0,-12.0,12.0,-12.0,1773948987.456
21.0,-19.0,21.0,-19.0,1773948987.876
21.0,-19.0,21.0,-19.0,1773948987.896
21.0,-19.0,21.0,-19.0,1773948987.916
21.0,-19.0,21.0,-19.0,1773948987.937
21.0,-19.0,21.0,-19.0,1773948987.956
21.0,-19.0,21.0,-19.0,1773948987.876
21.0,-19.0,21.0,-19.0,1773948987.896
21.0,-19.0,21.0,-19.0,1773948987.916
21.0,-19.0,21.0,-19.0,1773948987.937
21.0,-19.0,21.0,-19.0,1773948987.956
21.0,-19.0,21.0,-19.0,1773948987.876
21.0,-19.0,21.0,-19.0,1773948987.896
21.0,-19.0,21.0,-19.0,1773948987.916
21.0,-19.0,21.0,-19.0,1773948987.937
21.0,-19.0,21.0,-19.0,1773948987.956
13.0,12.0,13.0,12.0,1773948988.396
13.0,12.0,13.0,12.0,1773948988.416
13.0,12.0,13.0,12.0,1773948988.437
13.0,12.0,13.0,12.0,1773948988.456
13.0,12.0,13.0,12.0,1773948988.476
13.0,12.0,13.0,12.0,1773948988.396
13.0,12.0,13.0,12.0,1773948988.416
13.0,12.0,13.0,12.0,1773948988.437
13.0,12.0,13.0,12.0,1773948988.456
13.0,12.0,13.0,12.0,1773948988.476
25.0,25.0,25.0,25.0,1773948988.896
32.0,33.0,32.0,33.0,1773948988.916
32.0,33.0,32.0,33.0,1773948988.937
32.0,33.0,32.0,33.0,1773948988.956
32.0,33.0,32.0,33.0,1773948988.976
25.0,25.0,25.0,25.0,1773948988.896
32.0,33.0,32.0,33.0,1773948988.916
32.0,33.0,32.0,33.0,1773948988.937
32.0,33.0,32.0,33.0,1773948988.956
32.0,33.0,32.0,33.0,1773948988.976
25.0,25.0,25.0,25.0,1773948988.896
32.0,33.0,32.0,33.0,1773948988.916
32.0,33.0,32.0,33.0,1773948988.937
32.0,33.0,32.0,33.0,1773948988.956
32.0,33.0,32.0,33.0,1773948988.976
25.0,25.0,25.0,25.0,1773948988.896
32.0,33.0,32.0,33.0,1773948988.916
32.0,33.0,32.0,33.0,1773948988.937
32.0,33.0,32.0,33.0,1773948988.956
32.0,33.0,32.0,33.0,1773948988.976
74.0,72.0,74.0,72.0,1773948989.416
74.0,72.0,74.0,72.0,1773948989.438
85.0,83.0,85.0,83.0,1773948989.456
85.0,83.0,85.0,83.0,1773948989.476
85.0,83.0,85.0,83.0,1773948989.496
74.0,72.0,74.0,72.0,1773948989.416
74.0,72.0,74.0,72.0,1773948989.438
85.0,83.0,85.0,83.0,1773948989.456
85.0,83.0,85.0,83.0,1773948989.476
85.0,83.0,85.0,83.0,1773948989.496
74.0,72.0,74.0,72.0,1773948989.416
74.0,72.0,74.0,72.0,1773948989.438
85.0,83.0,85.0,83.0,1773948989.456
85.0,83.0,85.0,83.0,1773948989.476
85.0,83.0,85.0,83.0,1773948989.496
108.0,106.0,108.0,106.0,1773948989.916
108.0,106.0,108.0,106.0,1773948989.937
108.0,106.0,108.0,106.0,1773948989.956
108.0,106.0,108.0,106.0,1773948989.976
109.0,108.0,109.0,108.0,1773948989.996
108.0,106.0,108.0,106.0,1773948989.916
108.0,106.0,108.0,106.0,1773948989.937
108.0,106.0,108.0,106.0,1773948989.956
108.0,106.0,108.0,106.0,1773948989.976
109.0,108.0,109.0,108.0,1773948989.996
108.0,106.0,108.0,106.0,1773948989.916
108.0,106.0,108.0,106.0,1773948989.937
108.0,106.0,108.0,106.0,1773948989.956
108.0,106.0,108.0,106.0,1773948989.976
109.0,108.0,109.0,108.0,1773948989.996
111.0,112.0,111.0,112.0,1773948990.438
111.0,112.0,111.0,112.0,1773948990.456
111.0,112.0,111.0,112.0,1773948990.477
111.0,112.0,111.0,112.0,1773948990.496
111.0,112.0,111.0,112.0,1773948990.516
111.0,112.0,111.0,112.0,1773948990.438
111.0,112.0,111.0,112.0,1773948990.456
111.0,112.0,111.0,112.0,1773948990.477
111.0,112.0,111.0,112.0,1773948990.496
111.0,112.0,111.0,112.0,1773948990.516
111.0,112.0,111.0,112.0,1773948990.438
111.0,112.0,111.0,112.0,1773948990.456
111.0,112.0,111.0,112.0,1773948990.477
111.0,112.0,111.0,112.0,1773948990.496
111.0,112.0,111.0,112.0,1773948990.516
114.0,112.0,114.0,112.0,1773948990.936
114.0,112.0,114.0,112.0,1773948990.957
114.0,112.0,114.0,112.0,1773948990.976
114.0,112.0,114.0,112.0,1773948990.996
114.0,112.0,114.0,112.0,1773948991.016
114.0,112.0,114.0,112.0,1773948990.936
114.0,112.0,114.0,112.0,1773948990.957
114.0,112.0,114.0,112.0,1773948990.976
114.0,112.0,114.0,112.0,1773948990.996
114.0,112.0,114.0,112.0,1773948991.016
114.0,112.0,114.0,112.0,1773948990.936
114.0,112.0,114.0,112.0,1773948990.957
114.0,112.0,114.0,112.0,1773948990.976
114.0,112.0,114.0,112.0,1773948990.996
114.0,112.0,114.0,112.0,1773948991.016
115.0,113.0,115.0,113.0,1773948991.456
115.0,113.0,115.0,113.0,1773948991.476
116.0,114.0,116.0,114.0,1773948991.496
116.0,114.0,116.0,114.0,1773948991.516
116.0,114.0,116.0,114.0,1773948991.536
115.0,113.0,115.0,113.0,1773948991.456
115.0,113.0,115.0,113.0,1773948991.476
116.0,114.0,116.0,114.0,1773948991.496
116.0,114.0,116.0,114.0,1773948991.516
116.0,114.0,116.0,114.0,1773948991.536
116.0,112.0,116.0,112.0,1773948991.956
116.0,112.0,116.0,112.0,1773948991.976
116.0,112.0,116.0,112.0,1773948991.996
116.0,112.0,116.0,112.0,1773948992.016
114.0,111.0,114.0,111.0,1773948992.036
116.0,112.0,116.0,112.0,1773948991.956
116.0,112.0,116.0,112.0,1773948991.976
116.0,112.0,116.0,112.0,1773948991.996
116.0,112.0,116.0,112.0,1773948992.016
114.0,111.0,114.0,111.0,1773948992.036
105.0,100.0,105.0,100.0,1773948992.476
105.0,100.0,105.0,100.0,1773948992.496
105.0,100.0,105.0,100.0,1773948992.516
105.0,100.0,105.0,100.0,1773948992.536
105.0,100.0,105.0,100.0,1773948992.556
105.0,100.0,105.0,100.0,1773948992.476
105.0,100.0,105.0,100.0,1773948992.496
105.0,100.0,105.0,100.0,1773948992.516
105.0,100.0,105.0,100.0,1773948992.536
105.0,100.0,105.0,100.0,1773948992.556
105.0,100.0,105.0,100.0,1773948992.476
105.0,100.0,105.0,100.0,1773948992.496
105.0,100.0,105.0,100.0,1773948992.516
105.0,100.0,105.0,100.0,1773948992.536
105.0,100.0,105.0,100.0,1773948992.556
97.0,82.0,97.0,82.0,1773948992.976
96.0,78.0,96.0,78.0,1773948992.996
96.0,78.0,96.0,78.0,1773948993.016
96.0,78.0,96.0,78.0,1773948993.037
96.0,78.0,96.0,78.0,1773948993.056
97.0,82.0,97.0,82.0,1773948992.976
96.0,78.0,96.0,78.0,1773948992.996
96.0,78.0,96.0,78.0,1773948993.016
96.0,78.0,96.0,78.0,1773948993.037
96.0,78.0,96.0,78.0,1773948993.056
97.0,82.0,97.0,82.0,1773948992.976
96.0,78.0,96.0,78.0,1773948992.996
96.0,78.0,96.0,78.0,1773948993.016
96.0,78.0,96.0,78.0,1773948993.037
96.0,78.0,96.0,78.0,1773948993.056
94.0,64.0,94.0,64.0,1773948993.496
94.0,64.0,94.0,64.0,1773948993.516
94.0,62.0,94.0,62.0,1773948993.536
94.0,62.0,94.0,62.0,1773948993.556
94.0,62.0,94.0,62.0,1773948993.576
94.0,64.0,94.0,64.0,1773948993.496
94.0,64.0,94.0,64.0,1773948993.516
94.0,62.0,94.0,62.0,1773948993.536
94.0,62.0,94.0,62.0,1773948993.556
94.0,62.0,94.0,62.0,1773948993.576
94.0,64.0,94.0,64.0,1773948993.496
94.0,64.0,94.0,64.0,1773948993.516
94.0,62.0,94.0,62.0,1773948993.536
94.0,62.0,94.0,62.0,1773948993.556
94.0,62.0,94.0,62.0,1773948993.576
97.0,60.0,97.0,60.0,1773948994.002
97.0,60.0,97.0,60.0,1773948994.019
97.0,60.0,97.0,60.0,1773948994.036
97.0,60.0,97.0,60.0,1773948994.056
96.0,58.0,96.0,58.0,1773948994.076
97.0,60.0,97.0,60.0,1773948994.002
97.0,60.0,97.0,60.0,1773948994.019
97.0,60.0,97.0,60.0,1773948994.036
97.0,60.0,97.0,60.0,1773948994.056
96.0,58.0,96.0,58.0,1773948994.076
97.0,60.0,97.0,60.0,1773948994.002
97.0,60.0,97.0,60.0,1773948994.019
97.0,60.0,97.0,60.0,1773948994.036
97.0,60.0,97.0,60.0,1773948994.056
96.0,58.0,96.0,58.0,1773948994.076
99.0,57.0,99.0,57.0,1773948994.516
99.0,57.0,99.0,57.0,1773948994.537
99.0,57.0,99.0,57.0,1773948994.556
99.0,57.0,99.0,57.0,1773948994.576
99.0,57.0,99.0,57.0,1773948994.596
99.0,57.0,99.0,57.0,1773948994.516
99.0,57.0,99.0,57.0,1773948994.537
99.0,57.0,99.0,57.0,1773948994.556
99.0,57.0,99.0,57.0,1773948994.576
99.0,57.0,99.0,57.0,1773948994.596
99.0,57.0,99.0,57.0,1773948994.516
99.0,57.0,99.0,57.0,1773948994.537
99.0,57.0,99.0,57.0,1773948994.556
99.0,57.0,99.0,57.0,1773948994.576
99.0,57.0,99.0,57.0,1773948994.596
100.0,60.0,100.0,60.0,1773948995.016
98.0,60.0,98.0,60.0,1773948995.036
98.0,60.0,98.0,60.0,1773948995.057
98.0,60.0,98.0,60.0,1773948995.077
98.0,60.0,98.0,60.0,1773948995.097
100.0,60.0,100.0,60.0,1773948995.016
98.0,60.0,98.0,60.0,1773948995.036
98.0,60.0,98.0,60.0,1773948995.057
98.0,60.0,98.0,60.0,1773948995.077
98.0,60.0,98.0,60.0,1773948995.097
100.0,60.0,100.0,60.0,1773948995.016
98.0,60.0,98.0,60.0,1773948995.036
98.0,60.0,98.0,60.0,1773948995.057
98.0,60.0,98.0,60.0,1773948995.077
98.0,60.0,98.0,60.0,1773948995.097
58.0,37.0,58.0,37.0,1773948995.536
58.0,37.0,58.0,37.0,1773948995.556
49.0,33.0,49.0,33.0,1773948995.577
49.0,33.0,49.0,33.0,1773948995.596
49.0,33.0,49.0,33.0,1773948995.616
58.0,37.0,58.0,37.0,1773948995.536
58.0,37.0,58.0,37.0,1773948995.556
49.0,33.0,49.0,33.0,1773948995.577
49.0,33.0,49.0,33.0,1773948995.596
49.0,33.0,49.0,33.0,1773948995.616
24.0,23.0,24.0,23.0,1773948996.056
24.0,23.0,24.0,23.0,1773948996.076
24.0,23.0,24.0,23.0,1773948996.096
23.0,25.0,23.0,25.0,1773948996.117
23.0,25.0,23.0,25.0,1773948996.136
24.0,23.0,24.0,23.0,1773948996.056
24.0,23.0,24.0,23.0,1773948996.076
24.0,23.0,24.0,23.0,1773948996.096
23.0,25.0,23.0,25.0,1773948996.117
23.0,25.0,23.0,25.0,1773948996.136
24.0,23.0,24.0,23.0,1773948996.056
24.0,23.0,24.0,23.0,1773948996.076
24.0,23.0,24.0,23.0,1773948996.096
23.0,25.0,23.0,25.0,1773948996.117
23.0,25.0,23.0,25.0,1773948996.136
24.0,23.0,24.0,23.0,1773948996.056
24.0,23.0,24.0,23.0,1773948996.076
24.0,23.0,24.0,23.0,1773948996.096
23.0,25.0,23.0,25.0,1773948996.117
23.0,25.0,23.0,25.0,1773948996.136
62.0,63.0,62.0,63.0,1773948996.556
62.0,63.0,62.0,63.0,1773948996.576
62.0,63.0,62.0,63.0,1773948996.596
62.0,63.0,62.0,63.0,1773948996.616
62.0,63.0,62.0,63.0,1773948996.636
99.0,98.0,99.0,98.0,1773948997.076
99.0,98.0,99.0,98.0,1773948997.096
99.0,98.0,99.0,98.0,1773948997.116
99.0,98.0,99.0,98.0,1773948997.136
99.0,98.0,99.0,98.0,1773948997.157
99.0,98.0,99.0,98.0,1773948997.076
99.0,98.0,99.0,98.0,1773948997.096
99.0,98.0,99.0,98.0,1773948997.116
99.0,98.0,99.0,98.0,1773948997.136
99.0,98.0,99.0,98.0,1773948997.157
99.0,98.0,99.0,98.0,1773948997.076
99.0,98.0,99.0,98.0,1773948997.096
99.0,98.0,99.0,98.0,1773948997.116
99.0,98.0,99.0,98.0,1773948997.136
99.0,98.0,99.0,98.0,1773948997.157
108.0,106.0,108.0,106.0,1773948997.576
108.0,106.0,108.0,106.0,1773948997.596
107.0,105.0,107.0,105.0,1773948997.616
107.0,105.0,107.0,105.0,1773948997.636
107.0,105.0,107.0,105.0,1773948997.657
108.0,106.0,108.0,106.0,1773948997.576
108.0,106.0,108.0,106.0,1773948997.596
107.0,105.0,107.0,105.0,1773948997.616
107.0,105.0,107.0,105.0,1773948997.636
107.0,105.0,107.0,105.0,1773948997.657
108.0,106.0,108.0,106.0,1773948997.576
108.0,106.0,108.0,106.0,1773948997.596
107.0,105.0,107.0,105.0,1773948997.616
107.0,105.0,107.0,105.0,1773948997.636
107.0,105.0,107.0,105.0,1773948997.657
100.0,102.0,100.0,102.0,1773948998.096
100.0,102.0,100.0,102.0,1773948998.116
100.0,102.0,100.0,102.0,1773948998.136
96.0,100.0,96.0,100.0,1773948998.157
96.0,100.0,96.0,100.0,1773948998.176
100.0,102.0,100.0,102.0,1773948998.096
100.0,102.0,100.0,102.0,1773948998.116
100.0,102.0,100.0,102.0,1773948998.136
96.0,100.0,96.0,100.0,1773948998.157
96.0,100.0,96.0,100.0,1773948998.176
100.0,102.0,100.0,102.0,1773948998.096
100.0,102.0,100.0,102.0,1773948998.116
100.0,102.0,100.0,102.0,1773948998.136
96.0,100.0,96.0,100.0,1773948998.157
96.0,100.0,96.0,100.0,1773948998.176
100.0,102.0,100.0,102.0,1773948998.096
100.0,102.0,100.0,102.0,1773948998.116
100.0,102.0,100.0,102.0,1773948998.136
96.0,100.0,96.0,100.0,1773948998.157
96.0,100.0,96.0,100.0,1773948998.176
80.0,98.0,80.0,98.0,1773948998.596
80.0,98.0,80.0,98.0,1773948998.616
80.0,98.0,80.0,98.0,1773948998.636
80.0,98.0,80.0,98.0,1773948998.657
80.0,98.0,80.0,98.0,1773948998.676
80.0,98.0,80.0,98.0,1773948998.596
80.0,98.0,80.0,98.0,1773948998.616
80.0,98.0,80.0,98.0,1773948998.636
80.0,98.0,80.0,98.0,1773948998.657
80.0,98.0,80.0,98.0,1773948998.676
80.0,98.0,80.0,98.0,1773948998.596
80.0,98.0,80.0,98.0,1773948998.616
80.0,98.0,80.0,98.0,1773948998.636
80.0,98.0,80.0,98.0,1773948998.657
80.0,98.0,80.0,98.0,1773948998.676
80.0,103.0,80.0,103.0,1773948999.116
81.0,103.0,81.0,103.0,1773948999.136
81.0,103.0,81.0,103.0,1773948999.157
81.0,103.0,81.0,103.0,1773948999.176
81.0,103.0,81.0,103.0,1773948999.197
80.0,103.0,80.0,103.0,1773948999.116
81.0,103.0,81.0,103.0,1773948999.136
81.0,103.0,81.0,103.0,1773948999.157
81.0,103.0,81.0,103.0,1773948999.176
81.0,103.0,81.0,103.0,1773948999.197
0.0,0.0,0.0,0.0,1773949004.716
0.0,0.0,0.0,0.0,1773949004.736
0.0,0.0,0.0,0.0,1773949004.756
0.0,0.0,0.0,0.0,1773949004.776
0.0,0.0,0.0,0.0,1773949004.796
0.0,0.0,0.0,0.0,1773949004.716
0.0,0.0,0.0,0.0,1773949004.736
0.0,0.0,0.0,0.0,1773949004.756
0.0,0.0,0.0,0.0,1773949004.776
0.0,0.0,0.0,0.0,1773949004.796
0.0,0.0,0.0,0.0,1773949004.716
0.0,0.0,0.0,0.0,1773949004.736
0.0,0.0,0.0,0.0,1773949004.756
0.0,0.0,0.0,0.0,1773949004.776
0.0,0.0,0.0,0.0,1773949004.796
0.0,0.0,0.0,0.0,1773949004.716
0.0,0.0,0.0,0.0,1773949004.736
0.0,0.0,0.0,0.0,1773949004.756
0.0,0.0,0.0,0.0,1773949004.776
0.0,0.0,0.0,0.0,1773949004.796
0.0,0.0,0.0,0.0,1773949004.716
0.0,0.0,0.0,0.0,1773949004.736
0.0,0.0,0.0,0.0,1773949004.756
0.0,0.0,0.0,0.0,1773949004.776
0.0,0.0,0.0,0.0,1773949004.796
0.0,0.0,0.0,0.0,1773949004.716
0.0,0.0,0.0,0.0,1773949004.736
0.0,0.0,0.0,0.0,1773949004.756
0.0,0.0,0.0,0.0,1773949004.776
0.0,0.0,0.0,0.0,1773949004.796
0.0,0.0,0.0,0.0,1773949004.716
0.0,0.0,0.0,0.0,1773949004.736
0.0,0.0,0.0,0.0,1773949004.756
0.0,0.0,0.0,0.0,1773949004.776
0.0,0.0,0.0,0.0,1773949004.796
0.0,0.0,0.0,0.0,1773949004.716
0.0,0.0,0.0,0.0,1773949004.736
0.0,0.0,0.0,0.0,1773949004.756
0.0,0.0,0.0,0.0,1773949004.776
0.0,0.0,0.0,0.0,1773949004.796
0.0,0.0,0.0,0.0,1773949004.716
0.0,0.0,0.0,0.0,1773949004.736
0.0,0.0,0.0,0.0,1773949004.756
0.0,0.0,0.0,0.0,1773949004.776
0.0,0.0,0.0,0.0,1773949004.796
0.0,0.0,0.0,0.0,1773949004.716
0.0,0.0,0.0,0.0,1773949004.736
0.0,0.0,0.0,0.0,1773949004.756
0.0,0.0,0.0,0.0,1773949004.776
0.0,0.0,0.0,0.0,1773949004.796
0.0,0.0,0.0,0.0,1773949004.716
0.0,0.0,0.0,0.0,1773949004.736
0.0,0.0,0.0,0.0,1773949004.756
0.0,0.0,0.0,0.0,1773949004.776
0.0,0.0,0.0,0.0,1773949004.796
0.0,0.0,0.0,0.0,1773949004.716
0.0,0.0,0.0,0.0,1773949004.736
0.0,0.0,0.0,0.0,1773949004.756
0.0,0.0,0.0,0.0,1773949004.776
0.0,0.0,0.0,0.0,1773949004.796
0.0,0.0,0.0,0.0,1773949004.716
0.0,0.0,0.0,0.0,1773949004.736
0.0,0.0,0.0,0.0,1773949004.756
0.0,0.0,0.0,0.0,1773949004.776
0.0,0.0,0.0,0.0,1773949004.796
0.0,0.0,0.0,0.0,1773949004.716
0.0,0.0,0.0,0.0,1773949004.736
0.0,0.0,0.0,0.0,1773949004.756
0.0,0.0,0.0,0.0,1773949004.776
0.0,0.0,0.0,0.0,1773949004.796
0.0,0.0,0.0,0.0,1773949004.716
0.0,0.0,0.0,0.0,1773949004.736
0.0,0.0,0.0,0.0,1773949004.756
0.0,0.0,0.0,0.0,1773949004.776
0.0,0.0,0.0,0.0,1773949004.796
0.0,0.0,0.0,0.0,1773949004.716
0.0,0.0,0.0,0.0,1773949004.736
0.0,0.0,0.0,0.0,1773949004.756
0.0,0.0,0.0,0.0,1773949004.776
0.0,0.0,0.0,0.0,1773949004.796
0.0,0.0,0.0,0.0,1773949011.957
0.0,0.0,0.0,0.0,1773949011.977
0.0,0.0,0.0,0.0,1773949011.997
0.0,0.0,0.0,0.0,1773949012.017
0.0,0.0,0.0,0.0,1773949012.037
0.0,0.0,0.0,0.0,1773949011.957
0.0,0.0,0.0,0.0,1773949011.977
0.0,0.0,0.0,0.0,1773949011.997
0.0,0.0,0.0,0.0,1773949012.017
0.0,0.0,0.0,0.0,1773949012.037
0.0,0.0,0.0,0.0,1773949011.957
0.0,0.0,0.0,0.0,1773949011.977
0.0,0.0,0.0,0.0,1773949011.997
0.0,0.0,0.0,0.0,1773949012.017
0.0,0.0,0.0,0.0,1773949012.037
0.0,0.0,0.0,0.0,1773949012.477
0.0,0.0,0.0,0.0,1773949012.497
0.0,0.0,0.0,0.0,1773949012.517
0.0,0.0,0.0,0.0,1773949012.537
0.0,0.0,0.0,0.0,1773949012.557
0.0,0.0,0.0,0.0,1773949012.477
0.0,0.0,0.0,0.0,1773949012.497
0.0,0.0,0.0,0.0,1773949012.517
0.0,0.0,0.0,0.0,1773949012.537
0.0,0.0,0.0,0.0,1773949012.557
0.0,0.0,0.0,0.0,1773949012.477
0.0,0.0,0.0,0.0,1773949012.497
0.0,0.0,0.0,0.0,1773949012.517
0.0,0.0,0.0,0.0,1773949012.537
0.0,0.0,0.0,0.0,1773949012.557
0.0,0.0,0.0,0.0,1773949012.477
0.0,0.0,0.0,0.0,1773949012.497
0.0,0.0,0.0,0.0,1773949012.517
0.0,0.0,0.0,0.0,1773949012.537
0.0,0.0,0.0,0.0,1773949012.557
0.0,0.0,0.0,0.0,1773949012.477
0.0,0.0,0.0,0.0,1773949012.497
0.0,0.0,0.0,0.0,1773949012.517
0.0,0.0,0.0,0.0,1773949012.537
0.0,0.0,0.0,0.0,1773949012.557
0.0,0.0,0.0,0.0,1773949017.577
0.0,0.0,0.0,0.0,1773949017.597
0.0,0.0,0.0,0.0,1773949017.617
0.0,0.0,0.0,0.0,1773949017.637
0.0,0.0,0.0,0.0,1773949017.657
0.0,0.0,0.0,0.0,1773949017.577
0.0,0.0,0.0,0.0,1773949017.597
0.0,0.0,0.0,0.0,1773949017.617
0.0,0.0,0.0,0.0,1773949017.637
0.0,0.0,0.0,0.0,1773949017.657
0.0,0.0,0.0,0.0,1773949017.577
0.0,0.0,0.0,0.0,1773949017.597
0.0,0.0,0.0,0.0,1773949017.617
0.0,0.0,0.0,0.0,1773949017.637
0.0,0.0,0.0,0.0,1773949017.657
0.0,0.0,0.0,0.0,1773949017.577
0.0,0.0,0.0,0.0,1773949017.597
0.0,0.0,0.0,0.0,1773949017.617
0.0,0.0,0.0,0.0,1773949017.637
0.0,0.0,0.0,0.0,1773949017.657
0.0,0.0,0.0,0.0,1773949017.577
0.0,0.0,0.0,0.0,1773949017.597
0.0,0.0,0.0,0.0,1773949017.617
0.0,0.0,0.0,0.0,1773949017.637
0.0,0.0,0.0,0.0,1773949017.657
0.0,0.0,0.0,0.0,1773949017.577
0.0,0.0,0.0,0.0,1773949017.597
0.0,0.0,0.0,0.0,1773949017.617
0.0,0.0,0.0,0.0,1773949017.637
0.0,0.0,0.0,0.0,1773949017.657
0.0,0.0,0.0,0.0,1773949017.577
0.0,0.0,0.0,0.0,1773949017.597
0.0,0.0,0.0,0.0,1773949017.617
0.0,0.0,0.0,0.0,1773949017.637
0.0,0.0,0.0,0.0,1773949017.657
0.0,0.0,0.0,0.0,1773949017.577
0.0,0.0,0.0,0.0,1773949017.597
0.0,0.0,0.0,0.0,1773949017.617
0.0,0.0,0.0,0.0,1773949017.637
0.0,0.0,0.0,0.0,1773949017.657
0.0,0.0,0.0,0.0,1773949017.577
0.0,0.0,0.0,0.0,1773949017.597
0.0,0.0,0.0,0.0,1773949017.617
0.0,0.0,0.0,0.0,1773949017.637
0.0,0.0,0.0,0.0,1773949017.657
0.0,0.0,0.0,0.0,1773949017.577
0.0,0.0,0.0,0.0,1773949017.597
0.0,0.0,0.0,0.0,1773949017.617
0.0,0.0,0.0,0.0,1773949017.637
0.0,0.0,0.0,0.0,1773949017.657
0.0,0.0,0.0,0.0,1773949017.577
0.0,0.0,0.0,0.0,1773949017.597
0.0,0.0,0.0,0.0,1773949017.617
0.0,0.0,0.0,0.0,1773949017.637
0.0,0.0,0.0,0.0,1773949017.657
0.0,0.0,0.0,0.0,1773949017.577
0.0,0.0,0.0,0.0,1773949017.597
0.0,0.0,0.0,0.0,1773949017.617
0.0,0.0,0.0,0.0,1773949017.637
0.0,0.0,0.0,0.0,1773949017.657
0.0,0.0,0.0,0.0,1773949017.577
0.0,0.0,0.0,0.0,1773949017.597
0.0,0.0,0.0,0.0,1773949017.617
0.0,0.0,0.0,0.0,1773949017.637
0.0,0.0,0.0,0.0,1773949017.657
0.0,0.0,0.0,0.0,1773949017.577
0.0,0.0,0.0,0.0,1773949017.597
0.0,0.0,0.0,0.0,1773949017.617
0.0,0.0,0.0,0.0,1773949017.637
0.0,0.0,0.0,0.0,1773949017.657
0.0,0.0,0.0,0.0,1773949017.577
0.0,0.0,0.0,0.0,1773949017.597
0.0,0.0,0.0,0.0,1773949017.617
0.0,0.0,0.0,0.0,1773949017.637
0.0,0.0,0.0,0.0,1773949017.657
0.0,0.0,0.0,0.0,1773949027.378
0.0,0.0,0.0,0.0,1773949027.397
0.0,0.0,0.0,0.0,1773949027.417
0.0,0.0,0.0,0.0,1773949027.437
0.0,0.0,0.0,0.0,1773949027.457
0.0,0.0,0.0,0.0,1773949027.877
0.0,0.0,0.0,0.0,1773949027.897
0.0,0.0,0.0,0.0,1773949027.918
0.0,0.0,0.0,0.0,1773949027.937
0.0,0.0,0.0,0.0,1773949027.957
0.0,0.0,0.0,0.0,1773949027.877
0.0,0.0,0.0,0.0,1773949027.897
0.0,0.0,0.0,0.0,1773949027.918
0.0,0.0,0.0,0.0,1773949027.937
0.0,0.0,0.0,0.0,1773949027.957
0.0,0.0,0.0,0.0,1773949027.877
0.0,0.0,0.0,0.0,1773949027.897
0.0,0.0,0.0,0.0,1773949027.918
0.0,0.0,0.0,0.0,1773949027.937
0.0,0.0,0.0,0.0,1773949027.957
0.0,0.0,0.0,0.0,1773949027.877
0.0,0.0,0.0,0.0,1773949027.897
0.0,0.0,0.0,0.0,1773949027.918
0.0,0.0,0.0,0.0,1773949027.937
0.0,0.0,0.0,0.0,1773949027.957
0.0,0.0,0.0,0.0,1773949027.877
0.0,0.0,0.0,0.0,1773949027.897
0.0,0.0,0.0,0.0,1773949027.918
0.0,0.0,0.0,0.0,1773949027.937
0.0,0.0,0.0,0.0,1773949027.957
0.0,0.0,0.0,0.0,1773949028.397
0.0,0.0,0.0,0.0,1773949028.417
0.0,0.0,0.0,0.0,1773949028.437
0.0,0.0,0.0,0.0,1773949028.457
0.0,0.0,0.0,0.0,1773949028.477
0.0,0.0,0.0,0.0,1773949028.397
0.0,0.0,0.0,0.0,1773949028.417
0.0,0.0,0.0,0.0,1773949028.437
0.0,0.0,0.0,0.0,1773949028.457
0.0,0.0,0.0,0.0,1773949028.477
0.0,0.0,0.0,0.0,1773949028.397
0.0,0.0,0.0,0.0,1773949028.417
0.0,0.0,0.0,0.0,1773949028.437
0.0,0.0,0.0,0.0,1773949028.457
0.0,0.0,0.0,0.0,1773949028.477
0.0,0.0,0.0,0.0,1773949028.397
0.0,0.0,0.0,0.0,1773949028.417
0.0,0.0,0.0,0.0,1773949028.437
0.0,0.0,0.0,0.0,1773949028.457
0.0,0.0,0.0,0.0,1773949028.477
0.0,0.0,0.0,0.0,1773949028.397
0.0,0.0,0.0,0.0,1773949028.417
0.0,0.0,0.0,0.0,1773949028.437
0.0,0.0,0.0,0.0,1773949028.457
0.0,0.0,0.0,0.0,1773949028.477
0.0,0.0,0.0,0.0,1773949028.897
0.0,0.0,0.0,0.0,1773949028.917
0.0,0.0,0.0,0.0,1773949028.937
0.0,0.0,0.0,0.0,1773949028.957
0.0,0.0,0.0,0.0,1773949028.977
0.0,0.0,0.0,0.0,1773949028.897
0.0,0.0,0.0,0.0,1773949028.917
0.0,0.0,0.0,0.0,1773949028.937
0.0,0.0,0.0,0.0,1773949028.957
0.0,0.0,0.0,0.0,1773949028.977
0.0,0.0,0.0,0.0,1773949028.897
0.0,0.0,0.0,0.0,1773949028.917
0.0,0.0,0.0,0.0,1773949028.937
0.0,0.0,0.0,0.0,1773949028.957
0.0,0.0,0.0,0.0,1773949028.977
52.0,44.0,52.0,44.0,1773949038.378
52.0,44.0,52.0,44.0,1773949038.397
52.0,44.0,52.0,44.0,1773949038.417
52.0,44.0,52.0,44.0,1773949038.437
52.0,44.0,52.0,44.0,1773949038.457
52.0,44.0,52.0,44.0,1773949038.378
52.0,44.0,52.0,44.0,1773949038.397
52.0,44.0,52.0,44.0,1773949038.417
52.0,44.0,52.0,44.0,1773949038.437
52.0,44.0,52.0,44.0,1773949038.457
91.0,93.0,91.0,93.0,1773949038.897
91.0,93.0,91.0,93.0,1773949038.917
91.0,93.0,91.0,93.0,1773949038.937
91.0,93.0,91.0,93.0,1773949038.957
91.0,93.0,91.0,93.0,1773949038.977
105.0,106.0,105.0,106.0,1773949039.397
105.0,106.0,105.0,106.0,1773949039.417
107.0,107.0,107.0,107.0,1773949039.437
107.0,107.0,107.0,107.0,1773949039.457
107.0,107.0,107.0,107.0,1773949039.477
105.0,106.0,105.0,106.0,1773949039.397
105.0,106.0,105.0,106.0,1773949039.417
107.0,107.0,107.0,107.0,1773949039.437
107.0,107.0,107.0,107.0,1773949039.457
107.0,107.0,107.0,107.0,1773949039.477
105.0,106.0,105.0,106.0,1773949039.397
105.0,106.0,105.0,106.0,1773949039.417
107.0,107.0,107.0,107.0,1773949039.437
107.0,107.0,107.0,107.0,1773949039.457
107.0,107.0,107.0,107.0,1773949039.477
105.0,106.0,105.0,106.0,1773949039.397
105.0,106.0,105.0,106.0,1773949039.417
107.0,107.0,107.0,107.0,1773949039.437
107.0,107.0,107.0,107.0,1773949039.457
107.0,107.0,107.0,107.0,1773949039.477
111.0,111.0,111.0,111.0,1773949039.918
111.0,111.0,111.0,111.0,1773949039.937
111.0,111.0,111.0,111.0,1773949039.957
112.0,112.0,112.0,112.0,1773949039.978
112.0,112.0,112.0,112.0,1773949039.997
111.0,111.0,111.0,111.0,1773949039.918
111.0,111.0,111.0,111.0,1773949039.937
111.0,111.0,111.0,111.0,1773949039.957
112.0,112.0,112.0,112.0,1773949039.978
112.0,112.0,112.0,112.0,1773949039.997
115.0,114.0,115.0,114.0,1773949040.418
115.0,114.0,115.0,114.0,1773949040.437
115.0,114.0,115.0,114.0,1773949040.458
115.0,114.0,115.0,114.0,1773949040.477
115.0,114.0,115.0,114.0,1773949040.497
115.0,114.0,115.0,114.0,1773949040.418
115.0,114.0,115.0,114.0,1773949040.437
115.0,114.0,115.0,114.0,1773949040.458
115.0,114.0,115.0,114.0,1773949040.477
115.0,114.0,115.0,114.0,1773949040.497
115.0,114.0,115.0,114.0,1773949040.418
115.0,114.0,115.0,114.0,1773949040.437
115.0,114.0,115.0,114.0,1773949040.458
115.0,114.0,115.0,114.0,1773949040.477
115.0,114.0,115.0,114.0,1773949040.497
115.0,112.0,115.0,112.0,1773949040.937
115.0,112.0,115.0,112.0,1773949040.957
115.0,112.0,115.0,112.0,1773949040.978
115.0,112.0,115.0,112.0,1773949040.997
115.0,112.0,115.0,112.0,1773949041.017
115.0,112.0,115.0,112.0,1773949040.937
115.0,112.0,115.0,112.0,1773949040.957
115.0,112.0,115.0,112.0,1773949040.978
115.0,112.0,115.0,112.0,1773949040.997
115.0,112.0,115.0,112.0,1773949041.017
115.0,112.0,115.0,112.0,1773949040.937
115.0,112.0,115.0,112.0,1773949040.957
115.0,112.0,115.0,112.0,1773949040.978
115.0,112.0,115.0,112.0,1773949040.997
115.0,112.0,115.0,112.0,1773949041.017
108.0,101.0,108.0,101.0,1773949041.458
106.0,98.0,106.0,98.0,1773949041.478
106.0,98.0,106.0,98.0,1773949041.497
106.0,98.0,106.0,98.0,1773949041.517
106.0,98.0,106.0,98.0,1773949041.537
108.0,101.0,108.0,101.0,1773949041.458
106.0,98.0,106.0,98.0,1773949041.478
106.0,98.0,106.0,98.0,1773949041.497
106.0,98.0,106.0,98.0,1773949041.517
106.0,98.0,106.0,98.0,1773949041.537
97.0,82.0,97.0,82.0,1773949041.957
97.0,82.0,97.0,82.0,1773949041.979
97.0,82.0,97.0,82.0,1773949041.998
97.0,76.0,97.0,76.0,1773949042.017
97.0,76.0,97.0,76.0,1773949042.037
97.0,82.0,97.0,82.0,1773949041.957
97.0,82.0,97.0,82.0,1773949041.979
97.0,82.0,97.0,82.0,1773949041.998
97.0,76.0,97.0,76.0,1773949042.017
97.0,76.0,97.0,76.0,1773949042.037
97.0,82.0,97.0,82.0,1773949041.957
97.0,82.0,97.0,82.0,1773949041.979
97.0,82.0,97.0,82.0,1773949041.998
97.0,76.0,97.0,76.0,1773949042.017
97.0,76.0,97.0,76.0,1773949042.037
94.0,65.0,94.0,65.0,1773949042.478
94.0,65.0,94.0,65.0,1773949042.498
94.0,65.0,94.0,65.0,1773949042.523
94.0,65.0,94.0,65.0,1773949042.54
95.0,64.0,95.0,64.0,1773949042.557
94.0,65.0,94.0,65.0,1773949042.478
94.0,65.0,94.0,65.0,1773949042.498
94.0,65.0,94.0,65.0,1773949042.523
94.0,65.0,94.0,65.0,1773949042.54
95.0,64.0,95.0,64.0,1773949042.557
99.0,70.0,99.0,70.0,1773949042.978
100.0,72.0,100.0,72.0,1773949042.997
100.0,72.0,100.0,72.0,1773949043.019
100.0,72.0,100.0,72.0,1773949043.037
100.0,72.0,100.0,72.0,1773949043.057
99.0,70.0,99.0,70.0,1773949042.978
100.0,72.0,100.0,72.0,1773949042.997
100.0,72.0,100.0,72.0,1773949043.019
100.0,72.0,100.0,72.0,1773949043.037
100.0,72.0,100.0,72.0,1773949043.057
99.0,70.0,99.0,70.0,1773949042.978
100.0,72.0,100.0,72.0,1773949042.997
100.0,72.0,100.0,72.0,1773949043.019
100.0,72.0,100.0,72.0,1773949043.037
100.0,72.0,100.0,72.0,1773949043.057
102.0,87.0,102.0,87.0,1773949043.497
100.0,88.0,100.0,88.0,1773949043.517
100.0,88.0,100.0,88.0,1773949043.539
100.0,88.0,100.0,88.0,1773949043.558
100.0,88.0,100.0,88.0,1773949043.578
102.0,87.0,102.0,87.0,1773949043.497
100.0,88.0,100.0,88.0,1773949043.517
100.0,88.0,100.0,88.0,1773949043.539
100.0,88.0,100.0,88.0,1773949043.558
100.0,88.0,100.0,88.0,1773949043.578
102.0,87.0,102.0,87.0,1773949043.497
100.0,88.0,100.0,88.0,1773949043.517
100.0,88.0,100.0,88.0,1773949043.539
100.0,88.0,100.0,88.0,1773949043.558
100.0,88.0,100.0,88.0,1773949043.578
88.0,90.0,88.0,90.0,1773949044.0
88.0,90.0,88.0,90.0,1773949044.018
88.0,90.0,88.0,90.0,1773949044.038
84.0,90.0,84.0,90.0,1773949044.058
84.0,90.0,84.0,90.0,1773949044.078
88.0,90.0,88.0,90.0,1773949044.0
88.0,90.0,88.0,90.0,1773949044.018
88.0,90.0,88.0,90.0,1773949044.038
84.0,90.0,84.0,90.0,1773949044.058
84.0,90.0,84.0,90.0,1773949044.078
78.0,93.0,78.0,93.0,1773949044.518
78.0,93.0,78.0,93.0,1773949044.538
78.0,93.0,78.0,93.0,1773949044.558
78.0,93.0,78.0,93.0,1773949044.579
78.0,93.0,78.0,93.0,1773949044.598
78.0,93.0,78.0,93.0,1773949044.518
78.0,93.0,78.0,93.0,1773949044.538
78.0,93.0,78.0,93.0,1773949044.558
78.0,93.0,78.0,93.0,1773949044.579
78.0,93.0,78.0,93.0,1773949044.598
78.0,93.0,78.0,93.0,1773949044.518
78.0,93.0,78.0,93.0,1773949044.538
78.0,93.0,78.0,93.0,1773949044.558
78.0,93.0,78.0,93.0,1773949044.579
78.0,93.0,78.0,93.0,1773949044.598
89.0,101.0,89.0,101.0,1773949045.018
93.0,103.0,93.0,103.0,1773949045.038
93.0,103.0,93.0,103.0,1773949045.058
93.0,103.0,93.0,103.0,1773949045.078
93.0,103.0,93.0,103.0,1773949045.098
89.0,101.0,89.0,101.0,1773949045.018
93.0,103.0,93.0,103.0,1773949045.038
93.0,103.0,93.0,103.0,1773949045.058
93.0,103.0,93.0,103.0,1773949045.078
93.0,103.0,93.0,103.0,1773949045.098
89.0,101.0,89.0,101.0,1773949045.018
93.0,103.0,93.0,103.0,1773949045.038
93.0,103.0,93.0,103.0,1773949045.058
93.0,103.0,93.0,103.0,1773949045.078
93.0,103.0,93.0,103.0,1773949045.098
104.0,108.0,104.0,108.0,1773949045.538
104.0,108.0,104.0,108.0,1773949045.558
105.0,106.0,105.0,106.0,1773949045.582
105.0,106.0,105.0,106.0,1773949045.6
105.0,106.0,105.0,106.0,1773949045.618
104.0,108.0,104.0,108.0,1773949045.538
104.0,108.0,104.0,108.0,1773949045.558
105.0,106.0,105.0,106.0,1773949045.582
105.0,106.0,105.0,106.0,1773949045.6
105.0,106.0,105.0,106.0,1773949045.618
100.0,96.0,100.0,96.0,1773949046.038
100.0,96.0,100.0,96.0,1773949046.058
100.0,96.0,100.0,96.0,1773949046.078
100.0,96.0,100.0,96.0,1773949046.098
99.0,92.0,99.0,92.0,1773949046.118
100.0,96.0,100.0,96.0,1773949046.038
100.0,96.0,100.0,96.0,1773949046.058
100.0,96.0,100.0,96.0,1773949046.078
100.0,96.0,100.0,96.0,1773949046.098
99.0,92.0,99.0,92.0,1773949046.118
94.0,75.0,94.0,75.0,1773949046.558
94.0,75.0,94.0,75.0,1773949046.578
94.0,75.0,94.0,75.0,1773949046.598
94.0,75.0,94.0,75.0,1773949046.618
93.0,73.0,93.0,73.0,1773949046.638
94.0,75.0,94.0,75.0,1773949046.558
94.0,75.0,94.0,75.0,1773949046.578
94.0,75.0,94.0,75.0,1773949046.598
94.0,75.0,94.0,75.0,1773949046.618
93.0,73.0,93.0,73.0,1773949046.638
97.0,77.0,97.0,77.0,1773949047.058
99.0,81.0,99.0,81.0,1773949047.078
99.0,81.0,99.0,81.0,1773949047.098
99.0,81.0,99.0,81.0,1773949047.118
99.0,81.0,99.0,81.0,1773949047.138
97.0,77.0,97.0,77.0,1773949047.058
99.0,81.0,99.0,81.0,1773949047.078
99.0,81.0,99.0,81.0,1773949047.098
99.0,81.0,99.0,81.0,1773949047.118
99.0,81.0,99.0,81.0,1773949047.138
97.0,77.0,97.0,77.0,1773949047.058
99.0,81.0,99.0,81.0,1773949047.078
99.0,81.0,99.0,81.0,1773949047.098
99.0,81.0,99.0,81.0,1773949047.118
99.0,81.0,99.0,81.0,1773949047.138
107.0,97.0,107.0,97.0,1773949047.578
107.0,97.0,107.0,97.0,1773949047.598
108.0,100.0,108.0,100.0,1773949047.618
108.0,100.0,108.0,100.0,1773949047.638
108.0,100.0,108.0,100.0,1773949047.658
107.0,97.0,107.0,97.0,1773949047.578
107.0,97.0,107.0,97.0,1773949047.598
108.0,100.0,108.0,100.0,1773949047.618
108.0,100.0,108.0,100.0,1773949047.638
108.0,100.0,108.0,100.0,1773949047.658
106.0,106.0,106.0,106.0,1773949048.078
106.0,106.0,106.0,106.0,1773949048.098
106.0,106.0,106.0,106.0,1773949048.118
106.0,106.0,106.0,106.0,1773949048.138
106.0,106.0,106.0,106.0,1773949048.158
106.0,106.0,106.0,106.0,1773949048.078
106.0,106.0,106.0,106.0,1773949048.098
106.0,106.0,106.0,106.0,1773949048.118
106.0,106.0,106.0,106.0,1773949048.138
106.0,106.0,106.0,106.0,1773949048.158
106.0,106.0,106.0,106.0,1773949048.598
106.0,106.0,106.0,106.0,1773949048.618
106.0,106.0,106.0,106.0,1773949048.638
106.0,106.0,106.0,106.0,1773949048.658
108.0,108.0,108.0,108.0,1773949048.678
106.0,106.0,106.0,106.0,1773949048.598
106.0,106.0,106.0,106.0,1773949048.618
106.0,106.0,106.0,106.0,1773949048.638
106.0,106.0,106.0,106.0,1773949048.658
108.0,108.0,108.0,108.0,1773949048.678
106.0,106.0,106.0,106.0,1773949048.598
106.0,106.0,106.0,106.0,1773949048.618
106.0,106.0,106.0,106.0,1773949048.638
106.0,106.0,106.0,106.0,1773949048.658
108.0,108.0,108.0,108.0,1773949048.678
112.0,110.0,112.0,110.0,1773949049.098
112.0,110.0,112.0,110.0,1773949049.118
112.0,110.0,112.0,110.0,1773949049.138
112.0,110.0,112.0,110.0,1773949049.158
112.0,110.0,112.0,110.0,1773949049.178
112.0,110.0,112.0,110.0,1773949049.098
112.0,110.0,112.0,110.0,1773949049.118
112.0,110.0,112.0,110.0,1773949049.138
112.0,110.0,112.0,110.0,1773949049.158
112.0,110.0,112.0,110.0,1773949049.178
106.0,108.0,106.0,108.0,1773949049.598
106.0,108.0,106.0,108.0,1773949049.618
102.0,107.0,102.0,107.0,1773949049.638
102.0,107.0,102.0,107.0,1773949049.658
102.0,107.0,102.0,107.0,1773949049.678
106.0,108.0,106.0,108.0,1773949049.598
106.0,108.0,106.0,108.0,1773949049.618
102.0,107.0,102.0,107.0,1773949049.638
102.0,107.0,102.0,107.0,1773949049.658
102.0,107.0,102.0,107.0,1773949049.678
83.0,98.0,83.0,98.0,1773949050.118
83.0,98.0,83.0,98.0,1773949050.138
83.0,98.0,83.0,98.0,1773949050.158
79.0,97.0,79.0,97.0,1773949050.178
79.0,97.0,79.0,97.0,1773949050.198
83.0,98.0,83.0,98.0,1773949050.118
83.0,98.0,83.0,98.0,1773949050.138
83.0,98.0,83.0,98.0,1773949050.158
79.0,97.0,79.0,97.0,1773949050.178
79.0,97.0,79.0,97.0,1773949050.198
67.0,94.0,67.0,94.0,1773949050.618
67.0,94.0,67.0,94.0,1773949050.638
67.0,94.0,67.0,94.0,1773949050.658
67.0,94.0,67.0,94.0,1773949050.678
66.0,95.0,66.0,95.0,1773949050.698
67.0,94.0,67.0,94.0,1773949050.618
67.0,94.0,67.0,94.0,1773949050.638
67.0,94.0,67.0,94.0,1773949050.658
67.0,94.0,67.0,94.0,1773949050.678
66.0,95.0,66.0,95.0,1773949050.698
67.0,100.0,67.0,100.0,1773949051.138
67.0,100.0,67.0,100.0,1773949051.158
67.0,100.0,67.0,100.0,1773949051.178
67.0,100.0,67.0,100.0,1773949051.198
67.0,100.0,67.0,100.0,1773949051.218
67.0,100.0,67.0,100.0,1773949051.138
67.0,100.0,67.0,100.0,1773949051.158
67.0,100.0,67.0,100.0,1773949051.178
67.0,100.0,67.0,100.0,1773949051.198
67.0,100.0,67.0,100.0,1773949051.218
81.0,108.0,81.0,108.0,1773949051.638
85.0,109.0,85.0,109.0,1773949051.658
85.0,109.0,85.0,109.0,1773949051.678
85.0,109.0,85.0,109.0,1773949051.698
85.0,109.0,85.0,109.0,1773949051.718
81.0,108.0,81.0,108.0,1773949051.638
85.0,109.0,85.0,109.0,1773949051.658
85.0,109.0,85.0,109.0,1773949051.678
85.0,109.0,85.0,109.0,1773949051.698
85.0,109.0,85.0,109.0,1773949051.718
81.0,108.0,81.0,108.0,1773949051.638
85.0,109.0,85.0,109.0,1773949051.658
85.0,109.0,85.0,109.0,1773949051.678
85.0,109.0,85.0,109.0,1773949051.698
85.0,109.0,85.0,109.0,1773949051.718
101.0,112.0,101.0,112.0,1773949052.158
101.0,112.0,101.0,112.0,1773949052.178
101.0,112.0,101.0,112.0,1773949052.198
103.0,112.0,103.0,112.0,1773949052.218
103.0,112.0,103.0,112.0,1773949052.238
101.0,112.0,101.0,112.0,1773949052.158
101.0,112.0,101.0,112.0,1773949052.178
101.0,112.0,101.0,112.0,1773949052.198
103.0,112.0,103.0,112.0,1773949052.218
103.0,112.0,103.0,112.0,1773949052.238
101.0,112.0,101.0,112.0,1773949052.158
101.0,112.0,101.0,112.0,1773949052.178
101.0,112.0,101.0,112.0,1773949052.198
103.0,112.0,103.0,112.0,1773949052.218
103.0,112.0,103.0,112.0,1773949052.238
99.0,100.0,99.0,100.0,1773949052.658
99.0,100.0,99.0,100.0,1773949052.678
99.0,100.0,99.0,100.0,1773949052.698
99.0,100.0,99.0,100.0,1773949052.718
99.0,100.0,99.0,100.0,1773949052.738
99.0,100.0,99.0,100.0,1773949052.658
99.0,100.0,99.0,100.0,1773949052.678
99.0,100.0,99.0,100.0,1773949052.698
99.0,100.0,99.0,100.0,1773949052.718
99.0,100.0,99.0,100.0,1773949052.738
90.0,78.0,90.0,78.0,1773949053.178
90.0,78.0,90.0,78.0,1773949053.198
90.0,78.0,90.0,78.0,1773949053.218
90.0,78.0,90.0,78.0,1773949053.238
90.0,78.0,90.0,78.0,1773949053.258
90.0,78.0,90.0,78.0,1773949053.178
90.0,78.0,90.0,78.0,1773949053.198
90.0,78.0,90.0,78.0,1773949053.218
90.0,78.0,90.0,78.0,1773949053.238
90.0,78.0,90.0,78.0,1773949053.258
90.0,78.0,90.0,78.0,1773949053.178
90.0,78.0,90.0,78.0,1773949053.198
90.0,78.0,90.0,78.0,1773949053.218
90.0,78.0,90.0,78.0,1773949053.238
90.0,78.0,90.0,78.0,1773949053.258
91.0,66.0,91.0,66.0,1773949053.678
91.0,66.0,91.0,66.0,1773949053.698
92.0,64.0,92.0,64.0,1773949053.718
92.0,64.0,92.0,64.0,1773949053.738
92.0,64.0,92.0,64.0,1773949053.758
91.0,66.0,91.0,66.0,1773949053.678
91.0,66.0,91.0,66.0,1773949053.698
92.0,64.0,92.0,64.0,1773949053.718
92.0,64.0,92.0,64.0,1773949053.738
92.0,64.0,92.0,64.0,1773949053.758
91.0,66.0,91.0,66.0,1773949053.678
91.0,66.0,91.0,66.0,1773949053.698
92.0,64.0,92.0,64.0,1773949053.718
92.0,64.0,92.0,64.0,1773949053.738
92.0,64.0,92.0,64.0,1773949053.758
97.0,60.0,97.0,60.0,1773949054.202
97.0,60.0,97.0,60.0,1773949054.221
97.0,60.0,97.0,60.0,1773949054.238
98.0,60.0,98.0,60.0,1773949054.258
98.0,60.0,98.0,60.0,1773949054.278
97.0,60.0,97.0,60.0,1773949054.202
97.0,60.0,97.0,60.0,1773949054.221
97.0,60.0,97.0,60.0,1773949054.238
98.0,60.0,98.0,60.0,1773949054.258
98.0,60.0,98.0,60.0,1773949054.278
99.0,61.0,99.0,61.0,1773949054.698
99.0,61.0,99.0,61.0,1773949054.718
99.0,61.0,99.0,61.0,1773949054.738
99.0,61.0,99.0,61.0,1773949054.758
99.0,61.0,99.0,61.0,1773949054.779
99.0,61.0,99.0,61.0,1773949054.698
99.0,61.0,99.0,61.0,1773949054.718
99.0,61.0,99.0,61.0,1773949054.738
99.0,61.0,99.0,61.0,1773949054.758
99.0,61.0,99.0,61.0,1773949054.779
102.0,75.0,102.0,75.0,1773949055.218
102.0,75.0,102.0,75.0,1773949055.238
102.0,75.0,102.0,75.0,1773949055.262
102.0,75.0,102.0,75.0,1773949055.28
102.0,75.0,102.0,75.0,1773949055.298
102.0,75.0,102.0,75.0,1773949055.218
102.0,75.0,102.0,75.0,1773949055.238
102.0,75.0,102.0,75.0,1773949055.262
102.0,75.0,102.0,75.0,1773949055.28
102.0,75.0,102.0,75.0,1773949055.298
102.0,75.0,102.0,75.0,1773949055.218
102.0,75.0,102.0,75.0,1773949055.238
102.0,75.0,102.0,75.0,1773949055.262
102.0,75.0,102.0,75.0,1773949055.28
102.0,75.0,102.0,75.0,1773949055.298
108.0,93.0,108.0,93.0,1773949055.718
108.0,93.0,108.0,93.0,1773949055.738
111.0,97.0,111.0,97.0,1773949055.758
111.0,97.0,111.0,97.0,1773949055.778
111.0,97.0,111.0,97.0,1773949055.798
108.0,93.0,108.0,93.0,1773949055.718
108.0,93.0,108.0,93.0,1773949055.738
111.0,97.0,111.0,97.0,1773949055.758
111.0,97.0,111.0,97.0,1773949055.778
111.0,97.0,111.0,97.0,1773949055.798
108.0,93.0,108.0,93.0,1773949055.718
108.0,93.0,108.0,93.0,1773949055.738
111.0,97.0,111.0,97.0,1773949055.758
111.0,97.0,111.0,97.0,1773949055.778
111.0,97.0,111.0,97.0,1773949055.798
112.0,106.0,112.0,106.0,1773949056.238
112.0,106.0,112.0,106.0,1773949056.258
112.0,106.0,112.0,106.0,1773949056.284
112.0,106.0,112.0,106.0,1773949056.301
112.0,106.0,112.0,106.0,1773949056.32
112.0,106.0,112.0,106.0,1773949056.238
112.0,106.0,112.0,106.0,1773949056.258
112.0,106.0,112.0,106.0,1773949056.284
112.0,106.0,112.0,106.0,1773949056.301
112.0,106.0,112.0,106.0,1773949056.32
109.0,106.0,109.0,106.0,1773949056.738
109.0,106.0,109.0,106.0,1773949056.758
109.0,106.0,109.0,106.0,1773949056.778
109.0,106.0,109.0,106.0,1773949056.798
109.0,106.0,109.0,106.0,1773949056.818
109.0,106.0,109.0,106.0,1773949056.738
109.0,106.0,109.0,106.0,1773949056.758
109.0,106.0,109.0,106.0,1773949056.778
109.0,106.0,109.0,106.0,1773949056.798
109.0,106.0,109.0,106.0,1773949056.818
109.0,106.0,109.0,106.0,1773949056.738
109.0,106.0,109.0,106.0,1773949056.758
109.0,106.0,109.0,106.0,1773949056.778
109.0,106.0,109.0,106.0,1773949056.798
109.0,106.0,109.0,106.0,1773949056.818
108.0,104.0,108.0,104.0,1773949057.258
108.0,104.0,108.0,104.0,1773949057.278
108.0,104.0,108.0,104.0,1773949057.298
108.0,104.0,108.0,104.0,1773949057.318
108.0,104.0,108.0,104.0,1773949057.338
108.0,104.0,108.0,104.0,1773949057.258
108.0,104.0,108.0,104.0,1773949057.278
108.0,104.0,108.0,104.0,1773949057.298
108.0,104.0,108.0,104.0,1773949057.318
108.0,104.0,108.0,104.0,1773949057.338
111.0,105.0,111.0,105.0,1773949057.758
111.0,105.0,111.0,105.0,1773949057.778
112.0,107.0,112.0,107.0,1773949057.798
112.0,107.0,112.0,107.0,1773949057.818
112.0,107.0,112.0,107.0,1773949057.838
111.0,105.0,111.0,105.0,1773949057.758
111.0,105.0,111.0,105.0,1773949057.778
112.0,107.0,112.0,107.0,1773949057.798
112.0,107.0,112.0,107.0,1773949057.818
112.0,107.0,112.0,107.0,1773949057.838
112.0,109.0,112.0,109.0,1773949058.278
112.0,109.0,112.0,109.0,1773949058.298
112.0,109.0,112.0,109.0,1773949058.318
107.0,107.0,107.0,107.0,1773949058.338
107.0,107.0,107.0,107.0,1773949058.358
112.0,109.0,112.0,109.0,1773949058.278
112.0,109.0,112.0,109.0,1773949058.298
112.0,109.0,112.0,109.0,1773949058.318
107.0,107.0,107.0,107.0,1773949058.338
107.0,107.0,107.0,107.0,1773949058.358
112.0,109.0,112.0,109.0,1773949058.278
112.0,109.0,112.0,109.0,1773949058.298
112.0,109.0,112.0,109.0,1773949058.318
107.0,107.0,107.0,107.0,1773949058.338
107.0,107.0,107.0,107.0,1773949058.358
90.0,100.0,90.0,100.0,1773949058.779
90.0,100.0,90.0,100.0,1773949058.798
90.0,100.0,90.0,100.0,1773949058.818
90.0,100.0,90.0,100.0,1773949058.838
90.0,100.0,90.0,100.0,1773949058.858
90.0,100.0,90.0,100.0,1773949058.779
90.0,100.0,90.0,100.0,1773949058.798
90.0,100.0,90.0,100.0,1773949058.818
90.0,100.0,90.0,100.0,1773949058.838
90.0,100.0,90.0,100.0,1773949058.858
90.0,100.0,90.0,100.0,1773949058.779
90.0,100.0,90.0,100.0,1773949058.798
90.0,100.0,90.0,100.0,1773949058.818
90.0,100.0,90.0,100.0,1773949058.838
90.0,100.0,90.0,100.0,1773949058.858
64.0,89.0,64.0,89.0,1773949059.298
64.0,89.0,64.0,89.0,1773949059.318
64.0,89.0,64.0,89.0,1773949059.338
64.0,89.0,64.0,89.0,1773949059.358
64.0,89.0,64.0,89.0,1773949059.379
64.0,89.0,64.0,89.0,1773949059.298
64.0,89.0,64.0,89.0,1773949059.318
64.0,89.0,64.0,89.0,1773949059.338
64.0,89.0,64.0,89.0,1773949059.358
64.0,89.0,64.0,89.0,1773949059.379
73.0,95.0,73.0,95.0,1773949059.798
73.0,95.0,73.0,95.0,1773949059.818
74.0,97.0,74.0,97.0,1773949059.838
74.0,97.0,74.0,97.0,1773949059.858
74.0,97.0,74.0,97.0,1773949059.878
73.0,95.0,73.0,95.0,1773949059.798
73.0,95.0,73.0,95.0,1773949059.818
74.0,97.0,74.0,97.0,1773949059.838
74.0,97.0,74.0,97.0,1773949059.858
74.0,97.0,74.0,97.0,1773949059.878
73.0,95.0,73.0,95.0,1773949059.798
73.0,95.0,73.0,95.0,1773949059.818
74.0,97.0,74.0,97.0,1773949059.838
74.0,97.0,74.0,97.0,1773949059.858
74.0,97.0,74.0,97.0,1773949059.878
69.0,79.0,69.0,79.0,1773949060.298
69.0,79.0,69.0,79.0,1773949060.318
69.0,79.0,69.0,79.0,1773949060.338
62.0,70.0,62.0,70.0,1773949060.358
62.0,70.0,62.0,70.0,1773949060.384
69.0,79.0,69.0,79.0,1773949060.298
69.0,79.0,69.0,79.0,1773949060.318
69.0,79.0,69.0,79.0,1773949060.338
62.0,70.0,62.0,70.0,1773949060.358
62.0,70.0,62.0,70.0,1773949060.384
69.0,79.0,69.0,79.0,1773949060.298
69.0,79.0,69.0,79.0,1773949060.318
69.0,79.0,69.0,79.0,1773949060.338
62.0,70.0,62.0,70.0,1773949060.358
62.0,70.0,62.0,70.0,1773949060.384
32.0,28.0,32.0,28.0,1773949060.818
32.0,28.0,32.0,28.0,1773949060.838
32.0,28.0,32.0,28.0,1773949060.858
32.0,28.0,32.0,28.0,1773949060.878
32.0,28.0,32.0,28.0,1773949060.898
32.0,28.0,32.0,28.0,1773949060.818
32.0,28.0,32.0,28.0,1773949060.838
32.0,28.0,32.0,28.0,1773949060.858
32.0,28.0,32.0,28.0,1773949060.878
32.0,28.0,32.0,28.0,1773949060.898
30.0,17.0,30.0,17.0,1773949061.338
30.0,17.0,30.0,17.0,1773949061.358
30.0,17.0,30.0,17.0,1773949061.382
30.0,17.0,30.0,17.0,1773949061.4
30.0,17.0,30.0,17.0,1773949061.418
30.0,17.0,30.0,17.0,1773949061.338
30.0,17.0,30.0,17.0,1773949061.358
30.0,17.0,30.0,17.0,1773949061.382
30.0,17.0,30.0,17.0,1773949061.4
30.0,17.0,30.0,17.0,1773949061.418
30.0,17.0,30.0,17.0,1773949061.338
30.0,17.0,30.0,17.0,1773949061.358
30.0,17.0,30.0,17.0,1773949061.382
30.0,17.0,30.0,17.0,1773949061.4
30.0,17.0,30.0,17.0,1773949061.418
63.0,52.0,63.0,52.0,1773949061.838
63.0,52.0,63.0,52.0,1773949061.858
64.0,61.0,64.0,61.0,1773949061.879
64.0,61.0,64.0,61.0,1773949061.898
64.0,61.0,64.0,61.0,1773949061.918
63.0,52.0,63.0,52.0,1773949061.838
63.0,52.0,63.0,52.0,1773949061.858
64.0,61.0,64.0,61.0,1773949061.879
64.0,61.0,64.0,61.0,1773949061.898
64.0,61.0,64.0,61.0,1773949061.918
54.0,61.0,54.0,61.0,1773949062.358
54.0,61.0,54.0,61.0,1773949062.383
47.0,53.0,47.0,53.0,1773949062.399
47.0,53.0,47.0,53.0,1773949062.418
47.0,53.0,47.0,53.0,1773949062.438
54.0,61.0,54.0,61.0,1773949062.358
54.0,61.0,54.0,61.0,1773949062.383
47.0,53.0,47.0,53.0,1773949062.399
47.0,53.0,47.0,53.0,1773949062.418
47.0,53.0,47.0,53.0,1773949062.438
54.0,61.0,54.0,61.0,1773949062.358
54.0,61.0,54.0,61.0,1773949062.383
47.0,53.0,47.0,53.0,1773949062.399
47.0,53.0,47.0,53.0,1773949062.418
47.0,53.0,47.0,53.0,1773949062.438
15.0,18.0,15.0,18.0,1773949062.858
15.0,18.0,15.0,18.0,1773949062.879
15.0,18.0,15.0,18.0,1773949062.898
15.0,18.0,15.0,18.0,1773949062.918
7.0,9.0,7.0,9.0,1773949062.938
15.0,18.0,15.0,18.0,1773949062.858
15.0,18.0,15.0,18.0,1773949062.879
15.0,18.0,15.0,18.0,1773949062.898
15.0,18.0,15.0,18.0,1773949062.918
7.0,9.0,7.0,9.0,1773949062.938
15.0,18.0,15.0,18.0,1773949062.858
15.0,18.0,15.0,18.0,1773949062.879
15.0,18.0,15.0,18.0,1773949062.898
15.0,18.0,15.0,18.0,1773949062.918
7.0,9.0,7.0,9.0,1773949062.938
0.0,0.0,0.0,0.0,1773949063.382
0.0,0.0,0.0,0.0,1773949063.4
0.0,0.0,0.0,0.0,1773949063.418
0.0,0.0,0.0,0.0,1773949063.438
0.0,0.0,0.0,0.0,1773949063.458
0.0,0.0,0.0,0.0,1773949063.382
0.0,0.0,0.0,0.0,1773949063.4
0.0,0.0,0.0,0.0,1773949063.418
0.0,0.0,0.0,0.0,1773949063.438
0.0,0.0,0.0,0.0,1773949063.458
0.0,0.0,0.0,0.0,1773949063.879
0.0,0.0,0.0,0.0,1773949063.898
0.0,0.0,0.0,0.0,1773949063.918
0.0,0.0,0.0,0.0,1773949063.938
0.0,0.0,0.0,0.0,1773949063.958
0.0,0.0,0.0,0.0,1773949063.879
0.0,0.0,0.0,0.0,1773949063.898
0.0,0.0,0.0,0.0,1773949063.918
0.0,0.0,0.0,0.0,1773949063.938
0.0,0.0,0.0,0.0,1773949063.958
1.0,-6.0,1.0,-6.0,1773949064.378
1.0,-6.0,1.0,-6.0,1773949064.398
1.0,-6.0,1.0,-6.0,1773949064.418
2.0,-8.0,2.0,-8.0,1773949064.438
2.0,-8.0,2.0,-8.0,1773949064.458
1.0,-6.0,1.0,-6.0,1773949064.378
1.0,-6.0,1.0,-6.0,1773949064.398
1.0,-6.0,1.0,-6.0,1773949064.418
2.0,-8.0,2.0,-8.0,1773949064.438
2.0,-8.0,2.0,-8.0,1773949064.458
1.0,-6.0,1.0,-6.0,1773949064.378
1.0,-6.0,1.0,-6.0,1773949064.398
1.0,-6.0,1.0,-6.0,1773949064.418
2.0,-8.0,2.0,-8.0,1773949064.438
2.0,-8.0,2.0,-8.0,1773949064.458
5.0,-15.0,5.0,-15.0,1773949064.898
5.0,-15.0,5.0,-15.0,1773949064.918
5.0,-15.0,5.0,-15.0,1773949064.938
7.0,-18.0,7.0,-18.0,1773949064.958
7.0,-18.0,7.0,-18.0,1773949064.984
5.0,-15.0,5.0,-15.0,1773949064.898
5.0,-15.0,5.0,-15.0,1773949064.918
5.0,-15.0,5.0,-15.0,1773949064.938
7.0,-18.0,7.0,-18.0,1773949064.958
7.0,-18.0,7.0,-18.0,1773949064.984
15.0,-21.0,15.0,-21.0,1773949065.418
15.0,-21.0,15.0,-21.0,1773949065.438
15.0,-21.0,15.0,-21.0,1773949065.458
15.0,-21.0,15.0,-21.0,1773949065.478
16.0,-20.0,16.0,-20.0,1773949065.498
15.0,-21.0,15.0,-21.0,1773949065.418
15.0,-21.0,15.0,-21.0,1773949065.438
15.0,-21.0,15.0,-21.0,1773949065.458
15.0,-21.0,15.0,-21.0,1773949065.478
16.0,-20.0,16.0,-20.0,1773949065.498
15.0,-21.0,15.0,-21.0,1773949065.418
15.0,-21.0,15.0,-21.0,1773949065.438
15.0,-21.0,15.0,-21.0,1773949065.458
15.0,-21.0,15.0,-21.0,1773949065.478
16.0,-20.0,16.0,-20.0,1773949065.498
21.0,-19.0,21.0,-19.0,1773949065.918
20.0,-18.0,20.0,-18.0,1773949065.938
20.0,-18.0,20.0,-18.0,1773949065.958
20.0,-18.0,20.0,-18.0,1773949065.978
20.0,-18.0,20.0,-18.0,1773949065.998
21.0,-19.0,21.0,-19.0,1773949065.918
20.0,-18.0,20.0,-18.0,1773949065.938
20.0,-18.0,20.0,-18.0,1773949065.958
20.0,-18.0,20.0,-18.0,1773949065.978
20.0,-18.0,20.0,-18.0,1773949065.998
21.0,-19.0,21.0,-19.0,1773949065.918
20.0,-18.0,20.0,-18.0,1773949065.938
20.0,-18.0,20.0,-18.0,1773949065.958
20.0,-18.0,20.0,-18.0,1773949065.978
20.0,-18.0,20.0,-18.0,1773949065.998
11.0,-10.0,11.0,-10.0,1773949066.438
9.0,-6.0,9.0,-6.0,1773949066.458
9.0,-6.0,9.0,-6.0,1773949066.478
9.0,-6.0,9.0,-6.0,1773949066.498
9.0,-6.0,9.0,-6.0,1773949066.518
11.0,-10.0,11.0,-10.0,1773949066.438
9.0,-6.0,9.0,-6.0,1773949066.458
9.0,-6.0,9.0,-6.0,1773949066.478
9.0,-6.0,9.0,-6.0,1773949066.498
9.0,-6.0,9.0,-6.0,1773949066.518
0.0,0.0,0.0,0.0,1773949066.938
0.0,0.0,0.0,0.0,1773949066.958
0.0,0.0,0.0,0.0,1773949066.978
0.0,0.0,0.0,0.0,1773949066.998
0.0,0.0,0.0,0.0,1773949067.018
0.0,0.0,0.0,0.0,1773949066.938
0.0,0.0,0.0,0.0,1773949066.958
0.0,0.0,0.0,0.0,1773949066.978
0.0,0.0,0.0,0.0,1773949066.998
0.0,0.0,0.0,0.0,1773949067.018
0.0,0.0,0.0,0.0,1773949066.938
0.0,0.0,0.0,0.0,1773949066.958
0.0,0.0,0.0,0.0,1773949066.978
0.0,0.0,0.0,0.0,1773949066.998
0.0,0.0,0.0,0.0,1773949067.018
0.0,0.0,0.0,0.0,1773949067.458
0.0,0.0,0.0,0.0,1773949067.478
0.0,0.0,0.0,0.0,1773949067.498
0.0,0.0,0.0,0.0,1773949067.52
0.0,0.0,0.0,0.0,1773949067.538
0.0,0.0,0.0,0.0,1773949067.458
0.0,0.0,0.0,0.0,1773949067.478
0.0,0.0,0.0,0.0,1773949067.498
0.0,0.0,0.0,0.0,1773949067.52
0.0,0.0,0.0,0.0,1773949067.538
0.0,0.0,0.0,0.0,1773949067.458
0.0,0.0,0.0,0.0,1773949067.478
0.0,0.0,0.0,0.0,1773949067.498
0.0,0.0,0.0,0.0,1773949067.52
0.0,0.0,0.0,0.0,1773949067.538
0.0,0.0,0.0,0.0,1773949067.962
0.0,0.0,0.0,0.0,1773949067.982
0.0,0.0,0.0,0.0,1773949067.999
0.0,0.0,0.0,0.0,1773949068.018
0.0,0.0,0.0,0.0,1773949068.038
0.0,0.0,0.0,0.0,1773949067.962
0.0,0.0,0.0,0.0,1773949067.982
0.0,0.0,0.0,0.0,1773949067.999
0.0,0.0,0.0,0.0,1773949068.018
0.0,0.0,0.0,0.0,1773949068.038
0.0,0.0,0.0,0.0,1773949068.478
0.0,0.0,0.0,0.0,1773949068.498
0.0,0.0,0.0,0.0,1773949068.518
0.0,0.0,0.0,0.0,1773949068.538
0.0,0.0,0.0,0.0,1773949068.558
0.0,0.0,0.0,0.0,1773949068.478
0.0,0.0,0.0,0.0,1773949068.498
0.0,0.0,0.0,0.0,1773949068.518
0.0,0.0,0.0,0.0,1773949068.538
0.0,0.0,0.0,0.0,1773949068.558
0.0,0.0,0.0,0.0,1773949068.478
0.0,0.0,0.0,0.0,1773949068.498
0.0,0.0,0.0,0.0,1773949068.518
0.0,0.0,0.0,0.0,1773949068.538
0.0,0.0,0.0,0.0,1773949068.558
6.0,3.0,6.0,3.0,1773949068.978
6.0,3.0,6.0,3.0,1773949069.005
6.0,3.0,6.0,3.0,1773949069.023
10.0,7.0,10.0,7.0,1773949069.041
10.0,7.0,10.0,7.0,1773949069.061
6.0,3.0,6.0,3.0,1773949068.978
6.0,3.0,6.0,3.0,1773949069.005
6.0,3.0,6.0,3.0,1773949069.023
10.0,7.0,10.0,7.0,1773949069.041
10.0,7.0,10.0,7.0,1773949069.061
44.0,41.0,44.0,41.0,1773949069.498
44.0,41.0,44.0,41.0,1773949069.519
44.0,41.0,44.0,41.0,1773949069.538
44.0,41.0,44.0,41.0,1773949069.558
55.0,51.0,55.0,51.0,1773949069.578
44.0,41.0,44.0,41.0,1773949069.498
44.0,41.0,44.0,41.0,1773949069.519
44.0,41.0,44.0,41.0,1773949069.538
44.0,41.0,44.0,41.0,1773949069.558
55.0,51.0,55.0,51.0,1773949069.578
44.0,41.0,44.0,41.0,1773949069.498
44.0,41.0,44.0,41.0,1773949069.519
44.0,41.0,44.0,41.0,1773949069.538
44.0,41.0,44.0,41.0,1773949069.558
55.0,51.0,55.0,51.0,1773949069.578
44.0,41.0,44.0,41.0,1773949069.498
44.0,41.0,44.0,41.0,1773949069.519
44.0,41.0,44.0,41.0,1773949069.538
44.0,41.0,44.0,41.0,1773949069.558
55.0,51.0,55.0,51.0,1773949069.578
92.0,93.0,92.0,93.0,1773949069.998
92.0,93.0,92.0,93.0,1773949070.019
92.0,93.0,92.0,93.0,1773949070.038
92.0,93.0,92.0,93.0,1773949070.058
92.0,93.0,92.0,93.0,1773949070.078
92.0,93.0,92.0,93.0,1773949069.998
92.0,93.0,92.0,93.0,1773949070.019
92.0,93.0,92.0,93.0,1773949070.038
92.0,93.0,92.0,93.0,1773949070.058
92.0,93.0,92.0,93.0,1773949070.078
92.0,93.0,92.0,93.0,1773949069.998
92.0,93.0,92.0,93.0,1773949070.019
92.0,93.0,92.0,93.0,1773949070.038
92.0,93.0,92.0,93.0,1773949070.058
92.0,93.0,92.0,93.0,1773949070.078
107.0,103.0,107.0,103.0,1773949070.519
109.0,105.0,109.0,105.0,1773949070.538
109.0,105.0,109.0,105.0,1773949070.558
109.0,105.0,109.0,105.0,1773949070.578
109.0,105.0,109.0,105.0,1773949070.598
107.0,103.0,107.0,103.0,1773949070.519
109.0,105.0,109.0,105.0,1773949070.538
109.0,105.0,109.0,105.0,1773949070.558
109.0,105.0,109.0,105.0,1773949070.578
109.0,105.0,109.0,105.0,1773949070.598
107.0,103.0,107.0,103.0,1773949070.519
109.0,105.0,109.0,105.0,1773949070.538
109.0,105.0,109.0,105.0,1773949070.558
109.0,105.0,109.0,105.0,1773949070.578
109.0,105.0,109.0,105.0,1773949070.598
77.0,74.0,77.0,74.0,1773949071.019
77.0,74.0,77.0,74.0,1773949071.038
77.0,74.0,77.0,74.0,1773949071.058
66.0,61.0,66.0,61.0,1773949071.078
66.0,61.0,66.0,61.0,1773949071.098
77.0,74.0,77.0,74.0,1773949071.019
77.0,74.0,77.0,74.0,1773949071.038
77.0,74.0,77.0,74.0,1773949071.058
66.0,61.0,66.0,61.0,1773949071.078
66.0,61.0,66.0,61.0,1773949071.098
77.0,74.0,77.0,74.0,1773949071.019
77.0,74.0,77.0,74.0,1773949071.038
77.0,74.0,77.0,74.0,1773949071.058
66.0,61.0,66.0,61.0,1773949071.078
66.0,61.0,66.0,61.0,1773949071.098
23.0,22.0,23.0,22.0,1773949071.521
23.0,22.0,23.0,22.0,1773949071.538
23.0,22.0,23.0,22.0,1773949071.558
23.0,22.0,23.0,22.0,1773949071.578
23.0,22.0,23.0,22.0,1773949071.598
23.0,22.0,23.0,22.0,1773949071.521
23.0,22.0,23.0,22.0,1773949071.538
23.0,22.0,23.0,22.0,1773949071.558
23.0,22.0,23.0,22.0,1773949071.578
23.0,22.0,23.0,22.0,1773949071.598
23.0,22.0,23.0,22.0,1773949071.521
23.0,22.0,23.0,22.0,1773949071.538
23.0,22.0,23.0,22.0,1773949071.558
23.0,22.0,23.0,22.0,1773949071.578
23.0,22.0,23.0,22.0,1773949071.598
0.0,0.0,0.0,0.0,1773949072.04
0.0,0.0,0.0,0.0,1773949072.058
0.0,0.0,0.0,0.0,1773949072.078
0.0,0.0,0.0,0.0,1773949072.098
0.0,0.0,0.0,0.0,1773949072.122
0.0,0.0,0.0,0.0,1773949072.04
0.0,0.0,0.0,0.0,1773949072.058
0.0,0.0,0.0,0.0,1773949072.078
0.0,0.0,0.0,0.0,1773949072.098
0.0,0.0,0.0,0.0,1773949072.122
0.0,0.0,0.0,0.0,1773949072.04
0.0,0.0,0.0,0.0,1773949072.058
0.0,0.0,0.0,0.0,1773949072.078
0.0,0.0,0.0,0.0,1773949072.098
0.0,0.0,0.0,0.0,1773949072.122
0.0,0.0,0.0,0.0,1773949072.559
0.0,0.0,0.0,0.0,1773949072.578
0.0,0.0,0.0,0.0,1773949072.6
0.0,0.0,0.0,0.0,1773949072.618
0.0,0.0,0.0,0.0,1773949072.638
0.0,0.0,0.0,0.0,1773949072.559
0.0,0.0,0.0,0.0,1773949072.578
0.0,0.0,0.0,0.0,1773949072.6
0.0,0.0,0.0,0.0,1773949072.618
0.0,0.0,0.0,0.0,1773949072.638
0.0,0.0,0.0,0.0,1773949072.559
0.0,0.0,0.0,0.0,1773949072.578
0.0,0.0,0.0,0.0,1773949072.6
0.0,0.0,0.0,0.0,1773949072.618
0.0,0.0,0.0,0.0,1773949072.638
0.0,0.0,0.0,0.0,1773949073.058
0.0,0.0,0.0,0.0,1773949073.078
0.0,0.0,0.0,0.0,1773949073.098
0.0,0.0,0.0,0.0,1773949073.118
0.0,0.0,0.0,0.0,1773949073.138
0.0,0.0,0.0,0.0,1773949073.058
0.0,0.0,0.0,0.0,1773949073.078
0.0,0.0,0.0,0.0,1773949073.098
0.0,0.0,0.0,0.0,1773949073.118
0.0,0.0,0.0,0.0,1773949073.138
0.0,0.0,0.0,0.0,1773949073.058
0.0,0.0,0.0,0.0,1773949073.078
0.0,0.0,0.0,0.0,1773949073.098
0.0,0.0,0.0,0.0,1773949073.118
0.0,0.0,0.0,0.0,1773949073.138
0.0,0.0,0.0,0.0,1773949073.578
0.0,0.0,0.0,0.0,1773949073.598
0.0,0.0,0.0,0.0,1773949073.618
0.0,0.0,0.0,0.0,1773949073.638
0.0,0.0,0.0,0.0,1773949073.658
0.0,0.0,0.0,0.0,1773949073.578
0.0,0.0,0.0,0.0,1773949073.598
0.0,0.0,0.0,0.0,1773949073.618
0.0,0.0,0.0,0.0,1773949073.638
0.0,0.0,0.0,0.0,1773949073.658
0.0,0.0,0.0,0.0,1773949073.578
0.0,0.0,0.0,0.0,1773949073.598
0.0,0.0,0.0,0.0,1773949073.618
0.0,0.0,0.0,0.0,1773949073.638
0.0,0.0,0.0,0.0,1773949073.658
-1.0,1.0,-1.0,1.0,1773949074.078
-1.0,1.0,-1.0,1.0,1773949074.098
-1.0,1.0,-1.0,1.0,1773949074.118
-1.0,1.0,-1.0,1.0,1773949074.138
-1.0,1.0,-1.0,1.0,1773949074.158
-1.0,1.0,-1.0,1.0,1773949074.078
-1.0,1.0,-1.0,1.0,1773949074.098
-1.0,1.0,-1.0,1.0,1773949074.118
-1.0,1.0,-1.0,1.0,1773949074.138
-1.0,1.0,-1.0,1.0,1773949074.158
-10.0,6.0,-10.0,6.0,1773949074.599
-10.0,6.0,-10.0,6.0,1773949074.618
-10.0,6.0,-10.0,6.0,1773949074.638
-10.0,6.0,-10.0,6.0,1773949074.658
-10.0,6.0,-10.0,6.0,1773949074.678
-10.0,6.0,-10.0,6.0,1773949074.599
-10.0,6.0,-10.0,6.0,1773949074.618
-10.0,6.0,-10.0,6.0,1773949074.638
-10.0,6.0,-10.0,6.0,1773949074.658
-10.0,6.0,-10.0,6.0,1773949074.678
-10.0,6.0,-10.0,6.0,1773949074.599
-10.0,6.0,-10.0,6.0,1773949074.618
-10.0,6.0,-10.0,6.0,1773949074.638
-10.0,6.0,-10.0,6.0,1773949074.658
-10.0,6.0,-10.0,6.0,1773949074.678
-18.0,14.0,-18.0,14.0,1773949075.101
-18.0,14.0,-18.0,14.0,1773949075.121
-20.0,16.0,-20.0,16.0,1773949075.138
-20.0,16.0,-20.0,16.0,1773949075.158
-20.0,16.0,-20.0,16.0,1773949075.179
-18.0,14.0,-18.0,14.0,1773949075.101
-18.0,14.0,-18.0,14.0,1773949075.121
-20.0,16.0,-20.0,16.0,1773949075.138
-20.0,16.0,-20.0,16.0,1773949075.158
-20.0,16.0,-20.0,16.0,1773949075.179
-18.0,14.0,-18.0,14.0,1773949075.101
-18.0,14.0,-18.0,14.0,1773949075.121
-20.0,16.0,-20.0,16.0,1773949075.138
-20.0,16.0,-20.0,16.0,1773949075.158
-20.0,16.0,-20.0,16.0,1773949075.179
-22.0,22.0,-22.0,22.0,1773949075.619
-22.0,22.0,-22.0,22.0,1773949075.638
-22.0,22.0,-22.0,22.0,1773949075.658
-22.0,21.0,-22.0,21.0,1773949075.679
-22.0,21.0,-22.0,21.0,1773949075.698
-22.0,22.0,-22.0,22.0,1773949075.619
-22.0,22.0,-22.0,22.0,1773949075.638
-22.0,22.0,-22.0,22.0,1773949075.658
-22.0,21.0,-22.0,21.0,1773949075.679
-22.0,21.0,-22.0,21.0,1773949075.698
-20.0,21.0,-20.0,21.0,1773949076.118
-20.0,21.0,-20.0,21.0,1773949076.138
-20.0,21.0,-20.0,21.0,1773949076.158
-20.0,21.0,-20.0,21.0,1773949076.182
-19.0,34.0,-19.0,34.0,1773949076.2
-20.0,21.0,-20.0,21.0,1773949076.118
-20.0,21.0,-20.0,21.0,1773949076.138
-20.0,21.0,-20.0,21.0,1773949076.158
-20.0,21.0,-20.0,21.0,1773949076.182
-19.0,34.0,-19.0,34.0,1773949076.2
-20.0,21.0,-20.0,21.0,1773949076.118
-20.0,21.0,-20.0,21.0,1773949076.138
-20.0,21.0,-20.0,21.0,1773949076.158
-20.0,21.0,-20.0,21.0,1773949076.182
-19.0,34.0,-19.0,34.0,1773949076.2
-10.0,25.0,-10.0,25.0,1773949076.64
-10.0,25.0,-10.0,25.0,1773949076.658
-10.0,25.0,-10.0,25.0,1773949076.678
-10.0,25.0,-10.0,25.0,1773949076.698
-10.0,25.0,-10.0,25.0,1773949076.718
-10.0,25.0,-10.0,25.0,1773949076.64
-10.0,25.0,-10.0,25.0,1773949076.658
-10.0,25.0,-10.0,25.0,1773949076.678
-10.0,25.0,-10.0,25.0,1773949076.698
-10.0,25.0,-10.0,25.0,1773949076.718
-2.0,16.0,-2.0,16.0,1773949077.138
-1.0,15.0,-1.0,15.0,1773949077.158
-1.0,15.0,-1.0,15.0,1773949077.178
-1.0,15.0,-1.0,15.0,1773949077.199
-1.0,15.0,-1.0,15.0,1773949077.218
-2.0,16.0,-2.0,16.0,1773949077.138
-1.0,15.0,-1.0,15.0,1773949077.158
-1.0,15.0,-1.0,15.0,1773949077.178
-1.0,15.0,-1.0,15.0,1773949077.199
-1.0,15.0,-1.0,15.0,1773949077.218
-2.0,16.0,-2.0,16.0,1773949077.138
-1.0,15.0,-1.0,15.0,1773949077.158
-1.0,15.0,-1.0,15.0,1773949077.178
-1.0,15.0,-1.0,15.0,1773949077.199
-1.0,15.0,-1.0,15.0,1773949077.218
0.0,0.0,0.0,0.0,1773949077.658
0.0,0.0,0.0,0.0,1773949077.678
0.0,0.0,0.0,0.0,1773949077.698
0.0,0.0,0.0,0.0,1773949077.718
0.0,0.0,0.0,0.0,1773949077.739
0.0,0.0,0.0,0.0,1773949077.658
0.0,0.0,0.0,0.0,1773949077.678
0.0,0.0,0.0,0.0,1773949077.698
0.0,0.0,0.0,0.0,1773949077.718
0.0,0.0,0.0,0.0,1773949077.739
3.0,3.0,3.0,3.0,1773949078.158
3.0,3.0,3.0,3.0,1773949078.183
3.0,3.0,3.0,3.0,1773949078.202
3.0,3.0,3.0,3.0,1773949078.22
7.0,7.0,7.0,7.0,1773949078.24
3.0,3.0,3.0,3.0,1773949078.158
3.0,3.0,3.0,3.0,1773949078.183
3.0,3.0,3.0,3.0,1773949078.202
3.0,3.0,3.0,3.0,1773949078.22
7.0,7.0,7.0,7.0,1773949078.24
3.0,3.0,3.0,3.0,1773949078.158
3.0,3.0,3.0,3.0,1773949078.183
3.0,3.0,3.0,3.0,1773949078.202
3.0,3.0,3.0,3.0,1773949078.22
7.0,7.0,7.0,7.0,1773949078.24
40.0,39.0,40.0,39.0,1773949078.678
40.0,39.0,40.0,39.0,1773949078.698
40.0,39.0,40.0,39.0,1773949078.718
40.0,39.0,40.0,39.0,1773949078.739
40.0,39.0,40.0,39.0,1773949078.758
40.0,39.0,40.0,39.0,1773949078.678
40.0,39.0,40.0,39.0,1773949078.698
40.0,39.0,40.0,39.0,1773949078.718
40.0,39.0,40.0,39.0,1773949078.739
40.0,39.0,40.0,39.0,1773949078.758
40.0,39.0,40.0,39.0,1773949078.678
40.0,39.0,40.0,39.0,1773949078.698
40.0,39.0,40.0,39.0,1773949078.718
40.0,39.0,40.0,39.0,1773949078.739
40.0,39.0,40.0,39.0,1773949078.758
81.0,80.0,81.0,80.0,1773949079.189
90.0,88.0,90.0,88.0,1773949079.2
90.0,88.0,90.0,88.0,1773949079.218
90.0,88.0,90.0,88.0,1773949079.239
90.0,88.0,90.0,88.0,1773949079.258
81.0,80.0,81.0,80.0,1773949079.189
90.0,88.0,90.0,88.0,1773949079.2
90.0,88.0,90.0,88.0,1773949079.218
90.0,88.0,90.0,88.0,1773949079.239
90.0,88.0,90.0,88.0,1773949079.258
106.0,106.0,106.0,106.0,1773949079.679
106.0,106.0,106.0,106.0,1773949079.699
106.0,106.0,106.0,106.0,1773949079.719
106.0,108.0,106.0,108.0,1773949079.739
106.0,108.0,106.0,108.0,1773949079.758
106.0,106.0,106.0,106.0,1773949079.679
106.0,106.0,106.0,106.0,1773949079.699
106.0,106.0,106.0,106.0,1773949079.719
106.0,108.0,106.0,108.0,1773949079.739
106.0,108.0,106.0,108.0,1773949079.758
106.0,106.0,106.0,106.0,1773949079.679
106.0,106.0,106.0,106.0,1773949079.699
106.0,106.0,106.0,106.0,1773949079.719
106.0,108.0,106.0,108.0,1773949079.739
106.0,108.0,106.0,108.0,1773949079.758
111.0,109.0,111.0,109.0,1773949080.199
111.0,109.0,111.0,109.0,1773949080.218
111.0,109.0,111.0,109.0,1773949080.239
111.0,109.0,111.0,109.0,1773949080.258
111.0,108.0,111.0,108.0,1773949080.279
111.0,109.0,111.0,109.0,1773949080.199
111.0,109.0,111.0,109.0,1773949080.218
111.0,109.0,111.0,109.0,1773949080.239
111.0,109.0,111.0,109.0,1773949080.258
111.0,108.0,111.0,108.0,1773949080.279
111.0,109.0,111.0,109.0,1773949080.199
111.0,109.0,111.0,109.0,1773949080.218
111.0,109.0,111.0,109.0,1773949080.239
111.0,109.0,111.0,109.0,1773949080.258
111.0,108.0,111.0,108.0,1773949080.279
112.0,111.0,112.0,111.0,1773949080.72
112.0,111.0,112.0,111.0,1773949080.74
112.0,111.0,112.0,111.0,1773949080.759
112.0,111.0,112.0,111.0,1773949080.779
114.0,111.0,114.0,111.0,1773949080.799
112.0,111.0,112.0,111.0,1773949080.72
112.0,111.0,112.0,111.0,1773949080.74
112.0,111.0,112.0,111.0,1773949080.759
112.0,111.0,112.0,111.0,1773949080.779
114.0,111.0,114.0,111.0,1773949080.799
112.0,111.0,112.0,111.0,1773949080.72
112.0,111.0,112.0,111.0,1773949080.74
112.0,111.0,112.0,111.0,1773949080.759
112.0,111.0,112.0,111.0,1773949080.779
114.0,111.0,114.0,111.0,1773949080.799
115.0,112.0,115.0,112.0,1773949081.219
115.0,114.0,115.0,114.0,1773949081.241
115.0,114.0,115.0,114.0,1773949081.266
115.0,114.0,115.0,114.0,1773949081.281
115.0,114.0,115.0,114.0,1773949081.299
115.0,112.0,115.0,112.0,1773949081.219
115.0,114.0,115.0,114.0,1773949081.241
115.0,114.0,115.0,114.0,1773949081.266
115.0,114.0,115.0,114.0,1773949081.281
115.0,114.0,115.0,114.0,1773949081.299
115.0,112.0,115.0,112.0,1773949081.219
115.0,114.0,115.0,114.0,1773949081.241
115.0,114.0,115.0,114.0,1773949081.266
115.0,114.0,115.0,114.0,1773949081.281
115.0,114.0,115.0,114.0,1773949081.299
118.0,117.0,118.0,117.0,1773949081.719
118.0,117.0,118.0,117.0,1773949081.739
118.0,118.0,118.0,118.0,1773949081.759
118.0,118.0,118.0,118.0,1773949081.782
118.0,118.0,118.0,118.0,1773949081.802
118.0,117.0,118.0,117.0,1773949081.719
118.0,117.0,118.0,117.0,1773949081.739
118.0,118.0,118.0,118.0,1773949081.759
118.0,118.0,118.0,118.0,1773949081.782
118.0,118.0,118.0,118.0,1773949081.802
118.0,117.0,118.0,117.0,1773949081.719
118.0,117.0,118.0,117.0,1773949081.739
118.0,118.0,118.0,118.0,1773949081.759
118.0,118.0,118.0,118.0,1773949081.782
118.0,118.0,118.0,118.0,1773949081.802
117.0,118.0,117.0,118.0,1773949082.239
117.0,118.0,117.0,118.0,1773949082.259
117.0,118.0,117.0,118.0,1773949082.279
117.0,117.0,117.0,117.0,1773949082.299
117.0,117.0,117.0,117.0,1773949082.319
117.0,118.0,117.0,118.0,1773949082.239
117.0,118.0,117.0,118.0,1773949082.259
117.0,118.0,117.0,118.0,1773949082.279
117.0,117.0,117.0,117.0,1773949082.299
117.0,117.0,117.0,117.0,1773949082.319
115.0,114.0,115.0,114.0,1773949082.739
115.0,114.0,115.0,114.0,1773949082.759
115.0,114.0,115.0,114.0,1773949082.786
115.0,114.0,115.0,114.0,1773949082.8
115.0,114.0,115.0,114.0,1773949082.823
115.0,114.0,115.0,114.0,1773949082.739
115.0,114.0,115.0,114.0,1773949082.759
115.0,114.0,115.0,114.0,1773949082.786
115.0,114.0,115.0,114.0,1773949082.8
115.0,114.0,115.0,114.0,1773949082.823
115.0,114.0,115.0,114.0,1773949082.739
115.0,114.0,115.0,114.0,1773949082.759
115.0,114.0,115.0,114.0,1773949082.786
115.0,114.0,115.0,114.0,1773949082.8
115.0,114.0,115.0,114.0,1773949082.823
114.0,114.0,114.0,114.0,1773949083.259
113.0,114.0,113.0,114.0,1773949083.279
113.0,114.0,113.0,114.0,1773949083.299
113.0,114.0,113.0,114.0,1773949083.319
113.0,114.0,113.0,114.0,1773949083.339
114.0,114.0,114.0,114.0,1773949083.259
113.0,114.0,113.0,114.0,1773949083.279
113.0,114.0,113.0,114.0,1773949083.299
113.0,114.0,113.0,114.0,1773949083.319
113.0,114.0,113.0,114.0,1773949083.339
114.0,114.0,114.0,114.0,1773949083.259
113.0,114.0,113.0,114.0,1773949083.279
113.0,114.0,113.0,114.0,1773949083.299
113.0,114.0,113.0,114.0,1773949083.319
113.0,114.0,113.0,114.0,1773949083.339
112.0,114.0,112.0,114.0,1773949083.759
112.0,114.0,112.0,114.0,1773949083.782
112.0,114.0,112.0,114.0,1773949083.8
113.0,115.0,113.0,115.0,1773949083.819
113.0,115.0,113.0,115.0,1773949083.846
112.0,114.0,112.0,114.0,1773949083.759
112.0,114.0,112.0,114.0,1773949083.782
112.0,114.0,112.0,114.0,1773949083.8
113.0,115.0,113.0,115.0,1773949083.819
113.0,115.0,113.0,115.0,1773949083.846
112.0,114.0,112.0,114.0,1773949083.759
112.0,114.0,112.0,114.0,1773949083.782
112.0,114.0,112.0,114.0,1773949083.8
113.0,115.0,113.0,115.0,1773949083.819
113.0,115.0,113.0,115.0,1773949083.846
113.0,116.0,113.0,116.0,1773949084.279
113.0,116.0,113.0,116.0,1773949084.299
113.0,116.0,113.0,116.0,1773949084.319
113.0,116.0,113.0,116.0,1773949084.339
113.0,116.0,113.0,116.0,1773949084.359
113.0,116.0,113.0,116.0,1773949084.279
113.0,116.0,113.0,116.0,1773949084.299
113.0,116.0,113.0,116.0,1773949084.319
113.0,116.0,113.0,116.0,1773949084.339
113.0,116.0,113.0,116.0,1773949084.359
113.0,116.0,113.0,116.0,1773949084.8
113.0,116.0,113.0,116.0,1773949084.819
113.0,116.0,113.0,116.0,1773949084.839
113.0,116.0,113.0,116.0,1773949084.86
113.0,116.0,113.0,116.0,1773949084.879
113.0,116.0,113.0,116.0,1773949084.8
113.0,116.0,113.0,116.0,1773949084.819
113.0,116.0,113.0,116.0,1773949084.839
113.0,116.0,113.0,116.0,1773949084.86
113.0,116.0,113.0,116.0,1773949084.879
113.0,116.0,113.0,116.0,1773949084.8
113.0,116.0,113.0,116.0,1773949084.819
113.0,116.0,113.0,116.0,1773949084.839
113.0,116.0,113.0,116.0,1773949084.86
113.0,116.0,113.0,116.0,1773949084.879
114.0,115.0,114.0,115.0,1773949085.299
114.0,115.0,114.0,115.0,1773949085.319
115.0,115.0,115.0,115.0,1773949085.339
115.0,115.0,115.0,115.0,1773949085.359
115.0,115.0,115.0,115.0,1773949085.381
114.0,115.0,114.0,115.0,1773949085.299
114.0,115.0,114.0,115.0,1773949085.319
115.0,115.0,115.0,115.0,1773949085.339
115.0,115.0,115.0,115.0,1773949085.359
115.0,115.0,115.0,115.0,1773949085.381
114.0,115.0,114.0,115.0,1773949085.299
114.0,115.0,114.0,115.0,1773949085.319
115.0,115.0,115.0,115.0,1773949085.339
115.0,115.0,115.0,115.0,1773949085.359
115.0,115.0,115.0,115.0,1773949085.381
115.0,112.0,115.0,112.0,1773949085.819
115.0,112.0,115.0,112.0,1773949085.839
115.0,112.0,115.0,112.0,1773949085.859
115.0,113.0,115.0,113.0,1773949085.879
115.0,113.0,115.0,113.0,1773949085.899
115.0,112.0,115.0,112.0,1773949085.819
115.0,112.0,115.0,112.0,1773949085.839
115.0,112.0,115.0,112.0,1773949085.859
115.0,113.0,115.0,113.0,1773949085.879
115.0,113.0,115.0,113.0,1773949085.899
115.0,112.0,115.0,112.0,1773949085.819
115.0,112.0,115.0,112.0,1773949085.839
115.0,112.0,115.0,112.0,1773949085.859
115.0,113.0,115.0,113.0,1773949085.879
115.0,113.0,115.0,113.0,1773949085.899
114.0,115.0,114.0,115.0,1773949086.319
114.0,115.0,114.0,115.0,1773949086.339
114.0,115.0,114.0,115.0,1773949086.359
114.0,115.0,114.0,115.0,1773949086.384
114.0,115.0,114.0,115.0,1773949086.399
114.0,115.0,114.0,115.0,1773949086.319
114.0,115.0,114.0,115.0,1773949086.339
114.0,115.0,114.0,115.0,1773949086.359
114.0,115.0,114.0,115.0,1773949086.384
114.0,115.0,114.0,115.0,1773949086.399
114.0,115.0,114.0,115.0,1773949086.319
114.0,115.0,114.0,115.0,1773949086.339
114.0,115.0,114.0,115.0,1773949086.359
114.0,115.0,114.0,115.0,1773949086.384
114.0,115.0,114.0,115.0,1773949086.399
115.0,114.0,115.0,114.0,1773949086.842
115.0,114.0,115.0,114.0,1773949086.86
115.0,114.0,115.0,114.0,1773949086.879
115.0,114.0,115.0,114.0,1773949086.899
115.0,114.0,115.0,114.0,1773949086.919
115.0,114.0,115.0,114.0,1773949086.842
115.0,114.0,115.0,114.0,1773949086.86
115.0,114.0,115.0,114.0,1773949086.879
115.0,114.0,115.0,114.0,1773949086.899
115.0,114.0,115.0,114.0,1773949086.919
116.0,114.0,116.0,114.0,1773949087.339
116.0,114.0,116.0,114.0,1773949087.359
115.0,114.0,115.0,114.0,1773949087.383
115.0,114.0,115.0,114.0,1773949087.4
115.0,114.0,115.0,114.0,1773949087.419
116.0,114.0,116.0,114.0,1773949087.339
116.0,114.0,116.0,114.0,1773949087.359
115.0,114.0,115.0,114.0,1773949087.383
115.0,114.0,115.0,114.0,1773949087.4
115.0,114.0,115.0,114.0,1773949087.419
116.0,114.0,116.0,114.0,1773949087.339
116.0,114.0,116.0,114.0,1773949087.359
115.0,114.0,115.0,114.0,1773949087.383
115.0,114.0,115.0,114.0,1773949087.4
115.0,114.0,115.0,114.0,1773949087.419
116.0,114.0,116.0,114.0,1773949087.339
116.0,114.0,116.0,114.0,1773949087.359
115.0,114.0,115.0,114.0,1773949087.383
115.0,114.0,115.0,114.0,1773949087.4
115.0,114.0,115.0,114.0,1773949087.419
110.0,110.0,110.0,110.0,1773949087.859
110.0,110.0,110.0,110.0,1773949087.879
110.0,110.0,110.0,110.0,1773949087.899
108.0,109.0,108.0,109.0,1773949087.919
108.0,109.0,108.0,109.0,1773949087.939
110.0,110.0,110.0,110.0,1773949087.859
110.0,110.0,110.0,110.0,1773949087.879
110.0,110.0,110.0,110.0,1773949087.899
108.0,109.0,108.0,109.0,1773949087.919
108.0,109.0,108.0,109.0,1773949087.939
100.0,102.0,100.0,102.0,1773949088.359
100.0,102.0,100.0,102.0,1773949088.383
100.0,102.0,100.0,102.0,1773949088.399
100.0,102.0,100.0,102.0,1773949088.419
100.0,102.0,100.0,102.0,1773949088.439
100.0,102.0,100.0,102.0,1773949088.359
100.0,102.0,100.0,102.0,1773949088.383
100.0,102.0,100.0,102.0,1773949088.399
100.0,102.0,100.0,102.0,1773949088.419
100.0,102.0,100.0,102.0,1773949088.439
100.0,102.0,100.0,102.0,1773949088.359
100.0,102.0,100.0,102.0,1773949088.383
100.0,102.0,100.0,102.0,1773949088.399
100.0,102.0,100.0,102.0,1773949088.419
100.0,102.0,100.0,102.0,1773949088.439
100.0,102.0,100.0,102.0,1773949088.359
100.0,102.0,100.0,102.0,1773949088.383
100.0,102.0,100.0,102.0,1773949088.399
100.0,102.0,100.0,102.0,1773949088.419
100.0,102.0,100.0,102.0,1773949088.439
101.0,102.0,101.0,102.0,1773949088.879
101.0,102.0,101.0,102.0,1773949088.899
101.0,102.0,101.0,102.0,1773949088.919
101.0,102.0,101.0,102.0,1773949088.939
101.0,102.0,101.0,102.0,1773949088.959
101.0,102.0,101.0,102.0,1773949088.879
101.0,102.0,101.0,102.0,1773949088.899
101.0,102.0,101.0,102.0,1773949088.919
101.0,102.0,101.0,102.0,1773949088.939
101.0,102.0,101.0,102.0,1773949088.959
109.0,108.0,109.0,108.0,1773949089.382
109.0,108.0,109.0,108.0,1773949089.4
109.0,109.0,109.0,109.0,1773949089.419
109.0,109.0,109.0,109.0,1773949089.439
109.0,109.0,109.0,109.0,1773949089.459
109.0,108.0,109.0,108.0,1773949089.382
109.0,108.0,109.0,108.0,1773949089.4
109.0,109.0,109.0,109.0,1773949089.419
109.0,109.0,109.0,109.0,1773949089.439
109.0,109.0,109.0,109.0,1773949089.459
109.0,108.0,109.0,108.0,1773949089.382
109.0,108.0,109.0,108.0,1773949089.4
109.0,109.0,109.0,109.0,1773949089.419
109.0,109.0,109.0,109.0,1773949089.439
109.0,109.0,109.0,109.0,1773949089.459
111.0,110.0,111.0,110.0,1773949089.879
111.0,110.0,111.0,110.0,1773949089.899
111.0,110.0,111.0,110.0,1773949089.919
111.0,110.0,111.0,110.0,1773949089.939
110.0,111.0,110.0,111.0,1773949089.959
111.0,110.0,111.0,110.0,1773949089.879
111.0,110.0,111.0,110.0,1773949089.899
111.0,110.0,111.0,110.0,1773949089.919
111.0,110.0,111.0,110.0,1773949089.939
110.0,111.0,110.0,111.0,1773949089.959
111.0,110.0,111.0,110.0,1773949089.879
111.0,110.0,111.0,110.0,1773949089.899
111.0,110.0,111.0,110.0,1773949089.919
111.0,110.0,111.0,110.0,1773949089.939
110.0,111.0,110.0,111.0,1773949089.959
97.0,98.0,97.0,98.0,1773949090.399
97.0,98.0,97.0,98.0,1773949090.419
97.0,98.0,97.0,98.0,1773949090.439
97.0,98.0,97.0,98.0,1773949090.459
97.0,98.0,97.0,98.0,1773949090.479
97.0,98.0,97.0,98.0,1773949090.399
97.0,98.0,97.0,98.0,1773949090.419
97.0,98.0,97.0,98.0,1773949090.439
97.0,98.0,97.0,98.0,1773949090.459
97.0,98.0,97.0,98.0,1773949090.479
97.0,98.0,97.0,98.0,1773949090.399
97.0,98.0,97.0,98.0,1773949090.419
97.0,98.0,97.0,98.0,1773949090.439
97.0,98.0,97.0,98.0,1773949090.459
97.0,98.0,97.0,98.0,1773949090.479
-54.0,56.0,-54.0,56.0,1773949090.899
-42.0,45.0,-42.0,45.0,1773949090.919
-42.0,45.0,-42.0,45.0,1773949090.939
-42.0,45.0,-42.0,45.0,1773949090.959
-42.0,45.0,-42.0,45.0,1773949090.981
-54.0,56.0,-54.0,56.0,1773949090.899
-42.0,45.0,-42.0,45.0,1773949090.919
-42.0,45.0,-42.0,45.0,1773949090.939
-42.0,45.0,-42.0,45.0,1773949090.959
-42.0,45.0,-42.0,45.0,1773949090.981
-3.0,4.0,-3.0,4.0,1773949091.419
-3.0,4.0,-3.0,4.0,1773949091.44
-3.0,4.0,-3.0,4.0,1773949091.459
-3.0,4.0,-3.0,4.0,1773949091.479
-3.0,4.0,-3.0,4.0,1773949091.499
-3.0,4.0,-3.0,4.0,1773949091.419
-3.0,4.0,-3.0,4.0,1773949091.44
-3.0,4.0,-3.0,4.0,1773949091.459
-3.0,4.0,-3.0,4.0,1773949091.479
-3.0,4.0,-3.0,4.0,1773949091.499
-3.0,4.0,-3.0,4.0,1773949091.419
-3.0,4.0,-3.0,4.0,1773949091.44
-3.0,4.0,-3.0,4.0,1773949091.459
-3.0,4.0,-3.0,4.0,1773949091.479
-3.0,4.0,-3.0,4.0,1773949091.499
-3.0,2.0,-3.0,2.0,1773949091.939
-3.0,2.0,-3.0,2.0,1773949091.959
-3.0,2.0,-3.0,2.0,1773949091.984
-3.0,2.0,-3.0,2.0,1773949092.0
-3.0,2.0,-3.0,2.0,1773949092.019
-3.0,2.0,-3.0,2.0,1773949091.939
-3.0,2.0,-3.0,2.0,1773949091.959
-3.0,2.0,-3.0,2.0,1773949091.984
-3.0,2.0,-3.0,2.0,1773949092.0
-3.0,2.0,-3.0,2.0,1773949092.019
-3.0,2.0,-3.0,2.0,1773949091.939
-3.0,2.0,-3.0,2.0,1773949091.959
-3.0,2.0,-3.0,2.0,1773949091.984
-3.0,2.0,-3.0,2.0,1773949092.0
-3.0,2.0,-3.0,2.0,1773949092.019
0.0,28.0,0.0,28.0,1773949092.439
0.0,28.0,0.0,28.0,1773949092.459
0.0,28.0,0.0,28.0,1773949092.479
0.0,28.0,0.0,28.0,1773949092.499
0.0,28.0,0.0,28.0,1773949092.519
0.0,28.0,0.0,28.0,1773949092.439
0.0,28.0,0.0,28.0,1773949092.459
0.0,28.0,0.0,28.0,1773949092.479
0.0,28.0,0.0,28.0,1773949092.499
0.0,28.0,0.0,28.0,1773949092.519
0.0,28.0,0.0,28.0,1773949092.439
0.0,28.0,0.0,28.0,1773949092.459
0.0,28.0,0.0,28.0,1773949092.479
0.0,28.0,0.0,28.0,1773949092.499
0.0,28.0,0.0,28.0,1773949092.519
10.0,36.0,10.0,36.0,1773949092.939
16.0,42.0,16.0,42.0,1773949092.959
16.0,42.0,16.0,42.0,1773949092.982
16.0,42.0,16.0,42.0,1773949093.003
16.0,42.0,16.0,42.0,1773949093.02
10.0,36.0,10.0,36.0,1773949092.939
16.0,42.0,16.0,42.0,1773949092.959
16.0,42.0,16.0,42.0,1773949092.982
16.0,42.0,16.0,42.0,1773949093.003
16.0,42.0,16.0,42.0,1773949093.02
54.0,78.0,54.0,78.0,1773949093.459
54.0,78.0,54.0,78.0,1773949093.479
65.0,61.0,65.0,61.0,1773949093.499
65.0,61.0,65.0,61.0,1773949093.519
65.0,61.0,65.0,61.0,1773949093.539
54.0,78.0,54.0,78.0,1773949093.459
54.0,78.0,54.0,78.0,1773949093.479
65.0,61.0,65.0,61.0,1773949093.499
65.0,61.0,65.0,61.0,1773949093.519
65.0,61.0,65.0,61.0,1773949093.539
54.0,78.0,54.0,78.0,1773949093.459
54.0,78.0,54.0,78.0,1773949093.479
65.0,61.0,65.0,61.0,1773949093.499
65.0,61.0,65.0,61.0,1773949093.519
65.0,61.0,65.0,61.0,1773949093.539
86.0,86.0,86.0,86.0,1773949093.981
86.0,86.0,86.0,86.0,1773949093.999
86.0,86.0,86.0,86.0,1773949094.019
79.0,79.0,79.0,79.0,1773949094.039
79.0,79.0,79.0,79.0,1773949094.059
86.0,86.0,86.0,86.0,1773949093.981
86.0,86.0,86.0,86.0,1773949093.999
86.0,86.0,86.0,86.0,1773949094.019
79.0,79.0,79.0,79.0,1773949094.039
79.0,79.0,79.0,79.0,1773949094.059
86.0,86.0,86.0,86.0,1773949093.981
86.0,86.0,86.0,86.0,1773949093.999
86.0,86.0,86.0,86.0,1773949094.019
79.0,79.0,79.0,79.0,1773949094.039
79.0,79.0,79.0,79.0,1773949094.059
51.0,54.0,51.0,54.0,1773949094.479
51.0,54.0,51.0,54.0,1773949094.5
51.0,54.0,51.0,54.0,1773949094.519
51.0,54.0,51.0,54.0,1773949094.539
51.0,54.0,51.0,54.0,1773949094.559
51.0,54.0,51.0,54.0,1773949094.479
51.0,54.0,51.0,54.0,1773949094.5
51.0,54.0,51.0,54.0,1773949094.519
51.0,54.0,51.0,54.0,1773949094.539
51.0,54.0,51.0,54.0,1773949094.559
51.0,54.0,51.0,54.0,1773949094.479
51.0,54.0,51.0,54.0,1773949094.5
51.0,54.0,51.0,54.0,1773949094.519
51.0,54.0,51.0,54.0,1773949094.539
51.0,54.0,51.0,54.0,1773949094.559
40.0,43.0,40.0,43.0,1773949095.0
45.0,47.0,45.0,47.0,1773949095.019
45.0,47.0,45.0,47.0,1773949095.04
45.0,47.0,45.0,47.0,1773949095.059
45.0,47.0,45.0,47.0,1773949095.079
40.0,43.0,40.0,43.0,1773949095.0
45.0,47.0,45.0,47.0,1773949095.019
45.0,47.0,45.0,47.0,1773949095.04
45.0,47.0,45.0,47.0,1773949095.059
45.0,47.0,45.0,47.0,1773949095.079
82.0,83.0,82.0,83.0,1773949095.504
82.0,83.0,82.0,83.0,1773949095.52
82.0,83.0,82.0,83.0,1773949095.539
90.0,90.0,90.0,90.0,1773949095.559
90.0,90.0,90.0,90.0,1773949095.581
82.0,83.0,82.0,83.0,1773949095.504
82.0,83.0,82.0,83.0,1773949095.52
82.0,83.0,82.0,83.0,1773949095.539
90.0,90.0,90.0,90.0,1773949095.559
90.0,90.0,90.0,90.0,1773949095.581
82.0,83.0,82.0,83.0,1773949095.504
82.0,83.0,82.0,83.0,1773949095.52
82.0,83.0,82.0,83.0,1773949095.539
90.0,90.0,90.0,90.0,1773949095.559
90.0,90.0,90.0,90.0,1773949095.581
108.0,109.0,108.0,109.0,1773949096.02
108.0,109.0,108.0,109.0,1773949096.041
108.0,109.0,108.0,109.0,1773949096.059
108.0,109.0,108.0,109.0,1773949096.079
109.0,111.0,109.0,111.0,1773949096.099
108.0,109.0,108.0,109.0,1773949096.02
108.0,109.0,108.0,109.0,1773949096.041
108.0,109.0,108.0,109.0,1773949096.059
108.0,109.0,108.0,109.0,1773949096.079
109.0,111.0,109.0,111.0,1773949096.099
108.0,109.0,108.0,109.0,1773949096.02
108.0,109.0,108.0,109.0,1773949096.041
108.0,109.0,108.0,109.0,1773949096.059
108.0,109.0,108.0,109.0,1773949096.079
109.0,111.0,109.0,111.0,1773949096.099
111.0,113.0,111.0,113.0,1773949096.519
111.0,113.0,111.0,113.0,1773949096.539
111.0,113.0,111.0,113.0,1773949096.56
111.0,113.0,111.0,113.0,1773949096.582
111.0,113.0,111.0,113.0,1773949096.6
111.0,113.0,111.0,113.0,1773949096.519
111.0,113.0,111.0,113.0,1773949096.539
111.0,113.0,111.0,113.0,1773949096.56
111.0,113.0,111.0,113.0,1773949096.582
111.0,113.0,111.0,113.0,1773949096.6
111.0,113.0,111.0,113.0,1773949096.519
111.0,113.0,111.0,113.0,1773949096.539
111.0,113.0,111.0,113.0,1773949096.56
111.0,113.0,111.0,113.0,1773949096.582
111.0,113.0,111.0,113.0,1773949096.6
109.0,108.0,109.0,108.0,1773949097.019
109.0,108.0,109.0,108.0,1773949097.041
109.0,106.0,109.0,106.0,1773949097.059
109.0,106.0,109.0,106.0,1773949097.079
109.0,106.0,109.0,106.0,1773949097.099
109.0,108.0,109.0,108.0,1773949097.019
109.0,108.0,109.0,108.0,1773949097.041
109.0,106.0,109.0,106.0,1773949097.059
109.0,106.0,109.0,106.0,1773949097.079
109.0,106.0,109.0,106.0,1773949097.099
111.0,106.0,111.0,106.0,1773949097.539
111.0,106.0,111.0,106.0,1773949097.559
111.0,106.0,111.0,106.0,1773949097.584
111.0,106.0,111.0,106.0,1773949097.6
111.0,106.0,111.0,106.0,1773949097.619
111.0,106.0,111.0,106.0,1773949097.539
111.0,106.0,111.0,106.0,1773949097.559
111.0,106.0,111.0,106.0,1773949097.584
111.0,106.0,111.0,106.0,1773949097.6
111.0,106.0,111.0,106.0,1773949097.619
111.0,106.0,111.0,106.0,1773949097.539
111.0,106.0,111.0,106.0,1773949097.559
111.0,106.0,111.0,106.0,1773949097.584
111.0,106.0,111.0,106.0,1773949097.6
111.0,106.0,111.0,106.0,1773949097.619
114.0,111.0,114.0,111.0,1773949098.043
114.0,111.0,114.0,111.0,1773949098.06
114.0,111.0,114.0,111.0,1773949098.079
114.0,111.0,114.0,111.0,1773949098.099
114.0,111.0,114.0,111.0,1773949098.119
114.0,111.0,114.0,111.0,1773949098.043
114.0,111.0,114.0,111.0,1773949098.06
114.0,111.0,114.0,111.0,1773949098.079
114.0,111.0,114.0,111.0,1773949098.099
114.0,111.0,114.0,111.0,1773949098.119
114.0,111.0,114.0,111.0,1773949098.043
114.0,111.0,114.0,111.0,1773949098.06
114.0,111.0,114.0,111.0,1773949098.079
114.0,111.0,114.0,111.0,1773949098.099
114.0,111.0,114.0,111.0,1773949098.119
112.0,110.0,112.0,110.0,1773949098.56
112.0,110.0,112.0,110.0,1773949098.584
112.0,110.0,112.0,110.0,1773949098.6
112.0,110.0,112.0,110.0,1773949098.619
112.0,110.0,112.0,110.0,1773949098.64
112.0,110.0,112.0,110.0,1773949098.56
112.0,110.0,112.0,110.0,1773949098.584
112.0,110.0,112.0,110.0,1773949098.6
112.0,110.0,112.0,110.0,1773949098.619
112.0,110.0,112.0,110.0,1773949098.64
112.0,110.0,112.0,110.0,1773949098.56
112.0,110.0,112.0,110.0,1773949098.584
112.0,110.0,112.0,110.0,1773949098.6
112.0,110.0,112.0,110.0,1773949098.619
112.0,110.0,112.0,110.0,1773949098.64
111.0,108.0,111.0,108.0,1773949099.059
111.0,108.0,111.0,108.0,1773949099.079
110.0,108.0,110.0,108.0,1773949099.099
110.0,108.0,110.0,108.0,1773949099.119
110.0,108.0,110.0,108.0,1773949099.141
111.0,108.0,111.0,108.0,1773949099.059
111.0,108.0,111.0,108.0,1773949099.079
110.0,108.0,110.0,108.0,1773949099.099
110.0,108.0,110.0,108.0,1773949099.119
110.0,108.0,110.0,108.0,1773949099.141
111.0,108.0,111.0,108.0,1773949099.059
111.0,108.0,111.0,108.0,1773949099.079
110.0,108.0,110.0,108.0,1773949099.099
110.0,108.0,110.0,108.0,1773949099.119
110.0,108.0,110.0,108.0,1773949099.141
106.0,100.0,106.0,100.0,1773949099.584
106.0,100.0,106.0,100.0,1773949099.599
106.0,100.0,106.0,100.0,1773949099.619
106.0,100.0,106.0,100.0,1773949099.642
106.0,100.0,106.0,100.0,1773949099.66
106.0,100.0,106.0,100.0,1773949099.584
106.0,100.0,106.0,100.0,1773949099.599
106.0,100.0,106.0,100.0,1773949099.619
106.0,100.0,106.0,100.0,1773949099.642
106.0,100.0,106.0,100.0,1773949099.66
109.0,100.0,109.0,100.0,1773949100.079
109.0,100.0,109.0,100.0,1773949100.099
109.0,100.0,109.0,100.0,1773949100.119
109.0,100.0,109.0,100.0,1773949100.142
109.0,100.0,109.0,100.0,1773949100.159
109.0,100.0,109.0,100.0,1773949100.079
109.0,100.0,109.0,100.0,1773949100.099
109.0,100.0,109.0,100.0,1773949100.119
109.0,100.0,109.0,100.0,1773949100.142
109.0,100.0,109.0,100.0,1773949100.159
109.0,100.0,109.0,100.0,1773949100.079
109.0,100.0,109.0,100.0,1773949100.099
109.0,100.0,109.0,100.0,1773949100.119
109.0,100.0,109.0,100.0,1773949100.142
109.0,100.0,109.0,100.0,1773949100.159
111.0,104.0,111.0,104.0,1773949100.599
111.0,103.0,111.0,103.0,1773949100.619
111.0,103.0,111.0,103.0,1773949100.641
111.0,103.0,111.0,103.0,1773949100.659
111.0,103.0,111.0,103.0,1773949100.681
111.0,104.0,111.0,104.0,1773949100.599
111.0,103.0,111.0,103.0,1773949100.619
111.0,103.0,111.0,103.0,1773949100.641
111.0,103.0,111.0,103.0,1773949100.659
111.0,103.0,111.0,103.0,1773949100.681
98.0,89.0,98.0,89.0,1773949101.119
98.0,89.0,98.0,89.0,1773949101.141
95.0,85.0,95.0,85.0,1773949101.16
95.0,85.0,95.0,85.0,1773949101.181
95.0,85.0,95.0,85.0,1773949101.199
98.0,89.0,98.0,89.0,1773949101.119
98.0,89.0,98.0,89.0,1773949101.141
95.0,85.0,95.0,85.0,1773949101.16
95.0,85.0,95.0,85.0,1773949101.181
95.0,85.0,95.0,85.0,1773949101.199
98.0,89.0,98.0,89.0,1773949101.119
98.0,89.0,98.0,89.0,1773949101.141
95.0,85.0,95.0,85.0,1773949101.16
95.0,85.0,95.0,85.0,1773949101.181
95.0,85.0,95.0,85.0,1773949101.199
98.0,89.0,98.0,89.0,1773949101.119
98.0,89.0,98.0,89.0,1773949101.141
95.0,85.0,95.0,85.0,1773949101.16
95.0,85.0,95.0,85.0,1773949101.181
95.0,85.0,95.0,85.0,1773949101.199
91.0,82.0,91.0,82.0,1773949101.619
91.0,82.0,91.0,82.0,1773949101.643
91.0,82.0,91.0,82.0,1773949101.66
93.0,84.0,93.0,84.0,1773949101.679
93.0,84.0,93.0,84.0,1773949101.702
91.0,82.0,91.0,82.0,1773949101.619
91.0,82.0,91.0,82.0,1773949101.643
91.0,82.0,91.0,82.0,1773949101.66
93.0,84.0,93.0,84.0,1773949101.679
93.0,84.0,93.0,84.0,1773949101.702
105.0,99.0,105.0,99.0,1773949102.119
105.0,99.0,105.0,99.0,1773949102.143
105.0,99.0,105.0,99.0,1773949102.16
105.0,99.0,105.0,99.0,1773949102.182
105.0,99.0,105.0,99.0,1773949102.2
105.0,99.0,105.0,99.0,1773949102.119
105.0,99.0,105.0,99.0,1773949102.143
105.0,99.0,105.0,99.0,1773949102.16
105.0,99.0,105.0,99.0,1773949102.182
105.0,99.0,105.0,99.0,1773949102.2
105.0,99.0,105.0,99.0,1773949102.119
105.0,99.0,105.0,99.0,1773949102.143
105.0,99.0,105.0,99.0,1773949102.16
105.0,99.0,105.0,99.0,1773949102.182
105.0,99.0,105.0,99.0,1773949102.2
112.0,109.0,112.0,109.0,1773949102.639
112.0,111.0,112.0,111.0,1773949102.659
112.0,111.0,112.0,111.0,1773949102.679
112.0,111.0,112.0,111.0,1773949102.701
112.0,111.0,112.0,111.0,1773949102.72
112.0,109.0,112.0,109.0,1773949102.639
112.0,111.0,112.0,111.0,1773949102.659
112.0,111.0,112.0,111.0,1773949102.679
112.0,111.0,112.0,111.0,1773949102.701
112.0,111.0,112.0,111.0,1773949102.72
112.0,109.0,112.0,109.0,1773949102.639
112.0,111.0,112.0,111.0,1773949102.659
112.0,111.0,112.0,111.0,1773949102.679
112.0,111.0,112.0,111.0,1773949102.701
112.0,111.0,112.0,111.0,1773949102.72
113.0,112.0,113.0,112.0,1773949103.142
113.0,112.0,113.0,112.0,1773949103.159
113.0,112.0,113.0,112.0,1773949103.181
113.0,112.0,113.0,112.0,1773949103.2
113.0,112.0,113.0,112.0,1773949103.22
113.0,112.0,113.0,112.0,1773949103.142
113.0,112.0,113.0,112.0,1773949103.159
113.0,112.0,113.0,112.0,1773949103.181
113.0,112.0,113.0,112.0,1773949103.2
113.0,112.0,113.0,112.0,1773949103.22
113.0,112.0,113.0,112.0,1773949103.142
113.0,112.0,113.0,112.0,1773949103.159
113.0,112.0,113.0,112.0,1773949103.181
113.0,112.0,113.0,112.0,1773949103.2
113.0,112.0,113.0,112.0,1773949103.22
114.0,111.0,114.0,111.0,1773949103.641
114.0,111.0,114.0,111.0,1773949103.659
114.0,111.0,114.0,111.0,1773949103.68
114.0,111.0,114.0,111.0,1773949103.701
114.0,111.0,114.0,111.0,1773949103.719
114.0,111.0,114.0,111.0,1773949103.641
114.0,111.0,114.0,111.0,1773949103.659
114.0,111.0,114.0,111.0,1773949103.68
114.0,111.0,114.0,111.0,1773949103.701
114.0,111.0,114.0,111.0,1773949103.719
114.0,110.0,114.0,110.0,1773949104.16
114.0,110.0,114.0,110.0,1773949104.183
114.0,110.0,114.0,110.0,1773949104.2
114.0,110.0,114.0,110.0,1773949104.221
114.0,110.0,114.0,110.0,1773949104.24
114.0,110.0,114.0,110.0,1773949104.16
114.0,110.0,114.0,110.0,1773949104.183
114.0,110.0,114.0,110.0,1773949104.2
114.0,110.0,114.0,110.0,1773949104.221
114.0,110.0,114.0,110.0,1773949104.24
114.0,110.0,114.0,110.0,1773949104.16
114.0,110.0,114.0,110.0,1773949104.183
114.0,110.0,114.0,110.0,1773949104.2
114.0,110.0,114.0,110.0,1773949104.221
114.0,110.0,114.0,110.0,1773949104.24
114.0,112.0,114.0,112.0,1773949104.66
114.0,112.0,114.0,112.0,1773949104.681
113.0,113.0,113.0,113.0,1773949104.704
113.0,113.0,113.0,113.0,1773949104.72
113.0,113.0,113.0,113.0,1773949104.741
114.0,112.0,114.0,112.0,1773949104.66
114.0,112.0,114.0,112.0,1773949104.681
113.0,113.0,113.0,113.0,1773949104.704
113.0,113.0,113.0,113.0,1773949104.72
113.0,113.0,113.0,113.0,1773949104.741
114.0,112.0,114.0,112.0,1773949104.66
114.0,112.0,114.0,112.0,1773949104.681
113.0,113.0,113.0,113.0,1773949104.704
113.0,113.0,113.0,113.0,1773949104.72
113.0,113.0,113.0,113.0,1773949104.741
114.0,114.0,114.0,114.0,1773949105.182
114.0,114.0,114.0,114.0,1773949105.2
114.0,114.0,114.0,114.0,1773949105.22
114.0,115.0,114.0,115.0,1773949105.243
114.0,115.0,114.0,115.0,1773949105.26
114.0,114.0,114.0,114.0,1773949105.182
114.0,114.0,114.0,114.0,1773949105.2
114.0,114.0,114.0,114.0,1773949105.22
114.0,115.0,114.0,115.0,1773949105.243
114.0,115.0,114.0,115.0,1773949105.26
114.0,117.0,114.0,117.0,1773949105.701
114.0,117.0,114.0,117.0,1773949105.721
114.0,117.0,114.0,117.0,1773949105.741
114.0,116.0,114.0,116.0,1773949105.76
114.0,116.0,114.0,116.0,1773949105.785
114.0,117.0,114.0,117.0,1773949105.701
114.0,117.0,114.0,117.0,1773949105.721
114.0,117.0,114.0,117.0,1773949105.741
114.0,116.0,114.0,116.0,1773949105.76
114.0,116.0,114.0,116.0,1773949105.785
114.0,117.0,114.0,117.0,1773949105.701
114.0,117.0,114.0,117.0,1773949105.721
114.0,117.0,114.0,117.0,1773949105.741
114.0,116.0,114.0,116.0,1773949105.76
114.0,116.0,114.0,116.0,1773949105.785
115.0,115.0,115.0,115.0,1773949106.2
115.0,115.0,115.0,115.0,1773949106.22
115.0,115.0,115.0,115.0,1773949106.24
115.0,115.0,115.0,115.0,1773949106.26
115.0,115.0,115.0,115.0,1773949106.282
115.0,115.0,115.0,115.0,1773949106.2
115.0,115.0,115.0,115.0,1773949106.22
115.0,115.0,115.0,115.0,1773949106.24
115.0,115.0,115.0,115.0,1773949106.26
115.0,115.0,115.0,115.0,1773949106.282
115.0,115.0,115.0,115.0,1773949106.723
116.0,114.0,116.0,114.0,1773949106.74
116.0,114.0,116.0,114.0,1773949106.76
116.0,114.0,116.0,114.0,1773949106.782
116.0,114.0,116.0,114.0,1773949106.8
115.0,115.0,115.0,115.0,1773949106.723
116.0,114.0,116.0,114.0,1773949106.74
116.0,114.0,116.0,114.0,1773949106.76
116.0,114.0,116.0,114.0,1773949106.782
116.0,114.0,116.0,114.0,1773949106.8
115.0,115.0,115.0,115.0,1773949106.723
116.0,114.0,116.0,114.0,1773949106.74
116.0,114.0,116.0,114.0,1773949106.76
116.0,114.0,116.0,114.0,1773949106.782
116.0,114.0,116.0,114.0,1773949106.8
116.0,114.0,116.0,114.0,1773949107.22
116.0,114.0,116.0,114.0,1773949107.239
116.0,114.0,116.0,114.0,1773949107.259
116.0,113.0,116.0,113.0,1773949107.28
116.0,113.0,116.0,113.0,1773949107.3
116.0,114.0,116.0,114.0,1773949107.22
116.0,114.0,116.0,114.0,1773949107.239
116.0,114.0,116.0,114.0,1773949107.259
116.0,113.0,116.0,113.0,1773949107.28
116.0,113.0,116.0,113.0,1773949107.3
116.0,114.0,116.0,114.0,1773949107.22
116.0,114.0,116.0,114.0,1773949107.239
116.0,114.0,116.0,114.0,1773949107.259
116.0,113.0,116.0,113.0,1773949107.28
116.0,113.0,116.0,113.0,1773949107.3
80.0,78.0,80.0,78.0,1773949107.74
80.0,78.0,80.0,78.0,1773949107.76
80.0,78.0,80.0,78.0,1773949107.79
68.0,66.0,68.0,66.0,1773949107.8
68.0,66.0,68.0,66.0,1773949107.821
80.0,78.0,80.0,78.0,1773949107.74
80.0,78.0,80.0,78.0,1773949107.76
80.0,78.0,80.0,78.0,1773949107.79
68.0,66.0,68.0,66.0,1773949107.8
68.0,66.0,68.0,66.0,1773949107.821
80.0,78.0,80.0,78.0,1773949107.74
80.0,78.0,80.0,78.0,1773949107.76
80.0,78.0,80.0,78.0,1773949107.79
68.0,66.0,68.0,66.0,1773949107.8
68.0,66.0,68.0,66.0,1773949107.821
22.0,21.0,22.0,21.0,1773949108.241
22.0,21.0,22.0,21.0,1773949108.26
22.0,21.0,22.0,21.0,1773949108.28
22.0,21.0,22.0,21.0,1773949108.301
22.0,21.0,22.0,21.0,1773949108.319
22.0,21.0,22.0,21.0,1773949108.241
22.0,21.0,22.0,21.0,1773949108.26
22.0,21.0,22.0,21.0,1773949108.28
22.0,21.0,22.0,21.0,1773949108.301
22.0,21.0,22.0,21.0,1773949108.319
22.0,21.0,22.0,21.0,1773949108.241
22.0,21.0,22.0,21.0,1773949108.26
22.0,21.0,22.0,21.0,1773949108.28
22.0,21.0,22.0,21.0,1773949108.301
22.0,21.0,22.0,21.0,1773949108.319
0.0,0.0,0.0,0.0,1773949108.759
1.0,0.0,1.0,0.0,1773949108.783
1.0,0.0,1.0,0.0,1773949108.8
1.0,0.0,1.0,0.0,1773949108.82
1.0,0.0,1.0,0.0,1773949108.841
0.0,0.0,0.0,0.0,1773949108.759
1.0,0.0,1.0,0.0,1773949108.783
1.0,0.0,1.0,0.0,1773949108.8
1.0,0.0,1.0,0.0,1773949108.82
1.0,0.0,1.0,0.0,1773949108.841
0.0,0.0,0.0,0.0,1773949108.759
1.0,0.0,1.0,0.0,1773949108.783
1.0,0.0,1.0,0.0,1773949108.8
1.0,0.0,1.0,0.0,1773949108.82
1.0,0.0,1.0,0.0,1773949108.841
4.0,-4.0,4.0,-4.0,1773949109.27
4.0,-4.0,4.0,-4.0,1773949109.282
6.0,-6.0,6.0,-6.0,1773949109.303
6.0,-6.0,6.0,-6.0,1773949109.321
6.0,-6.0,6.0,-6.0,1773949109.34
4.0,-4.0,4.0,-4.0,1773949109.27
4.0,-4.0,4.0,-4.0,1773949109.282
6.0,-6.0,6.0,-6.0,1773949109.303
6.0,-6.0,6.0,-6.0,1773949109.321
6.0,-6.0,6.0,-6.0,1773949109.34
16.0,-14.0,16.0,-14.0,1773949109.784
16.0,-14.0,16.0,-14.0,1773949109.802
16.0,-14.0,16.0,-14.0,1773949109.82
16.0,-16.0,16.0,-16.0,1773949109.84
16.0,-16.0,16.0,-16.0,1773949109.86
16.0,-14.0,16.0,-14.0,1773949109.784
16.0,-14.0,16.0,-14.0,1773949109.802
16.0,-14.0,16.0,-14.0,1773949109.82
16.0,-16.0,16.0,-16.0,1773949109.84
16.0,-16.0,16.0,-16.0,1773949109.86
21.0,-21.0,21.0,-21.0,1773949110.283
21.0,-21.0,21.0,-21.0,1773949110.302
21.0,-21.0,21.0,-21.0,1773949110.326
21.0,-21.0,21.0,-21.0,1773949110.345
21.0,-21.0,21.0,-21.0,1773949110.362
21.0,-21.0,21.0,-21.0,1773949110.283
21.0,-21.0,21.0,-21.0,1773949110.302
21.0,-21.0,21.0,-21.0,1773949110.326
21.0,-21.0,21.0,-21.0,1773949110.345
21.0,-21.0,21.0,-21.0,1773949110.362
21.0,-21.0,21.0,-21.0,1773949110.283
21.0,-21.0,21.0,-21.0,1773949110.302
21.0,-21.0,21.0,-21.0,1773949110.326
21.0,-21.0,21.0,-21.0,1773949110.345
21.0,-21.0,21.0,-21.0,1773949110.362
22.0,-22.0,22.0,-22.0,1773949110.8
22.0,-21.0,22.0,-21.0,1773949110.821
22.0,-21.0,22.0,-21.0,1773949110.841
22.0,-21.0,22.0,-21.0,1773949110.866
22.0,-21.0,22.0,-21.0,1773949110.88
22.0,-22.0,22.0,-22.0,1773949110.8
22.0,-21.0,22.0,-21.0,1773949110.821
22.0,-21.0,22.0,-21.0,1773949110.841
22.0,-21.0,22.0,-21.0,1773949110.866
22.0,-21.0,22.0,-21.0,1773949110.88
22.0,-22.0,22.0,-22.0,1773949110.8
22.0,-21.0,22.0,-21.0,1773949110.821
22.0,-21.0,22.0,-21.0,1773949110.841
22.0,-21.0,22.0,-21.0,1773949110.866
22.0,-21.0,22.0,-21.0,1773949110.88
21.0,-20.0,21.0,-20.0,1773949111.301
21.0,-20.0,21.0,-20.0,1773949111.32
18.0,18.0,18.0,18.0,1773949111.343
18.0,18.0,18.0,18.0,1773949111.36
18.0,18.0,18.0,18.0,1773949111.384
21.0,-20.0,21.0,-20.0,1773949111.301
21.0,-20.0,21.0,-20.0,1773949111.32
18.0,18.0,18.0,18.0,1773949111.343
18.0,18.0,18.0,18.0,1773949111.36
18.0,18.0,18.0,18.0,1773949111.384
21.0,-20.0,21.0,-20.0,1773949111.301
21.0,-20.0,21.0,-20.0,1773949111.32
18.0,18.0,18.0,18.0,1773949111.343
18.0,18.0,18.0,18.0,1773949111.36
18.0,18.0,18.0,18.0,1773949111.384
9.0,9.0,9.0,9.0,1773949111.82
9.0,9.0,9.0,9.0,1773949111.839
9.0,9.0,9.0,9.0,1773949111.861
7.0,8.0,7.0,8.0,1773949111.88
7.0,8.0,7.0,8.0,1773949111.901
9.0,9.0,9.0,9.0,1773949111.82
9.0,9.0,9.0,9.0,1773949111.839
9.0,9.0,9.0,9.0,1773949111.861
7.0,8.0,7.0,8.0,1773949111.88
7.0,8.0,7.0,8.0,1773949111.901
25.0,25.0,25.0,25.0,1773949112.32
25.0,25.0,25.0,25.0,1773949112.341
25.0,25.0,25.0,25.0,1773949112.36
25.0,25.0,25.0,25.0,1773949112.382
25.0,25.0,25.0,25.0,1773949112.402
25.0,25.0,25.0,25.0,1773949112.32
25.0,25.0,25.0,25.0,1773949112.341
25.0,25.0,25.0,25.0,1773949112.36
25.0,25.0,25.0,25.0,1773949112.382
25.0,25.0,25.0,25.0,1773949112.402
25.0,25.0,25.0,25.0,1773949112.32
25.0,25.0,25.0,25.0,1773949112.341
25.0,25.0,25.0,25.0,1773949112.36
25.0,25.0,25.0,25.0,1773949112.382
25.0,25.0,25.0,25.0,1773949112.402
78.0,77.0,78.0,77.0,1773949112.84
78.0,77.0,78.0,77.0,1773949112.861
78.0,77.0,78.0,77.0,1773949112.882
78.0,77.0,78.0,77.0,1773949112.901
78.0,77.0,78.0,77.0,1773949112.92
78.0,77.0,78.0,77.0,1773949112.84
78.0,77.0,78.0,77.0,1773949112.861
78.0,77.0,78.0,77.0,1773949112.882
78.0,77.0,78.0,77.0,1773949112.901
78.0,77.0,78.0,77.0,1773949112.92
106.0,103.0,106.0,103.0,1773949113.339
106.0,103.0,106.0,103.0,1773949113.36
108.0,105.0,108.0,105.0,1773949113.384
108.0,105.0,108.0,105.0,1773949113.4
108.0,105.0,108.0,105.0,1773949113.42
106.0,103.0,106.0,103.0,1773949113.339
106.0,103.0,106.0,103.0,1773949113.36
108.0,105.0,108.0,105.0,1773949113.384
108.0,105.0,108.0,105.0,1773949113.4
108.0,105.0,108.0,105.0,1773949113.42
106.0,103.0,106.0,103.0,1773949113.339
106.0,103.0,106.0,103.0,1773949113.36
108.0,105.0,108.0,105.0,1773949113.384
108.0,105.0,108.0,105.0,1773949113.4
108.0,105.0,108.0,105.0,1773949113.42
97.0,94.0,97.0,94.0,1773949113.86
97.0,94.0,97.0,94.0,1773949113.883
97.0,94.0,97.0,94.0,1773949113.902
85.0,82.0,85.0,82.0,1773949113.92
85.0,82.0,85.0,82.0,1773949113.947
97.0,94.0,97.0,94.0,1773949113.86
97.0,94.0,97.0,94.0,1773949113.883
97.0,94.0,97.0,94.0,1773949113.902
85.0,82.0,85.0,82.0,1773949113.92
85.0,82.0,85.0,82.0,1773949113.947
97.0,94.0,97.0,94.0,1773949113.86
97.0,94.0,97.0,94.0,1773949113.883
97.0,94.0,97.0,94.0,1773949113.902
85.0,82.0,85.0,82.0,1773949113.92
85.0,82.0,85.0,82.0,1773949113.947
40.0,40.0,40.0,40.0,1773949114.365
40.0,40.0,40.0,40.0,1773949114.382
40.0,40.0,40.0,40.0,1773949114.4
40.0,40.0,40.0,40.0,1773949114.425
40.0,40.0,40.0,40.0,1773949114.44
40.0,40.0,40.0,40.0,1773949114.365
40.0,40.0,40.0,40.0,1773949114.382
40.0,40.0,40.0,40.0,1773949114.4
40.0,40.0,40.0,40.0,1773949114.425
40.0,40.0,40.0,40.0,1773949114.44
0.0,0.0,0.0,0.0,1773949114.88
0.0,0.0,0.0,0.0,1773949114.901
0.0,0.0,0.0,0.0,1773949114.921
0.0,0.0,0.0,0.0,1773949114.94
0.0,0.0,0.0,0.0,1773949114.959
0.0,0.0,0.0,0.0,1773949114.88
0.0,0.0,0.0,0.0,1773949114.901
0.0,0.0,0.0,0.0,1773949114.921
0.0,0.0,0.0,0.0,1773949114.94
0.0,0.0,0.0,0.0,1773949114.959
0.0,0.0,0.0,0.0,1773949114.88
0.0,0.0,0.0,0.0,1773949114.901
0.0,0.0,0.0,0.0,1773949114.921
0.0,0.0,0.0,0.0,1773949114.94
0.0,0.0,0.0,0.0,1773949114.959
0.0,1.0,0.0,1.0,1773949115.384
0.0,1.0,0.0,1.0,1773949115.4
-1.0,2.0,-1.0,2.0,1773949115.42
-1.0,2.0,-1.0,2.0,1773949115.44
-1.0,2.0,-1.0,2.0,1773949115.46
0.0,1.0,0.0,1.0,1773949115.384
0.0,1.0,0.0,1.0,1773949115.4
-1.0,2.0,-1.0,2.0,1773949115.42
-1.0,2.0,-1.0,2.0,1773949115.44
-1.0,2.0,-1.0,2.0,1773949115.46
-9.0,10.0,-9.0,10.0,1773949115.902
-9.0,10.0,-9.0,10.0,1773949115.92
-9.0,10.0,-9.0,10.0,1773949115.94
-11.0,12.0,-11.0,12.0,1773949115.96
-11.0,12.0,-11.0,12.0,1773949115.98
-9.0,10.0,-9.0,10.0,1773949115.902
-9.0,10.0,-9.0,10.0,1773949115.92
-9.0,10.0,-9.0,10.0,1773949115.94
-11.0,12.0,-11.0,12.0,1773949115.96
-11.0,12.0,-11.0,12.0,1773949115.98
-19.0,19.0,-19.0,19.0,1773949116.4
-19.0,19.0,-19.0,19.0,1773949116.421
-19.0,19.0,-19.0,19.0,1773949116.441
-19.0,19.0,-19.0,19.0,1773949116.461
-19.0,19.0,-19.0,19.0,1773949116.48
-19.0,19.0,-19.0,19.0,1773949116.4
-19.0,19.0,-19.0,19.0,1773949116.421
-19.0,19.0,-19.0,19.0,1773949116.441
-19.0,19.0,-19.0,19.0,1773949116.461
-19.0,19.0,-19.0,19.0,1773949116.48
-19.0,19.0,-19.0,19.0,1773949116.4
-19.0,19.0,-19.0,19.0,1773949116.421
-19.0,19.0,-19.0,19.0,1773949116.441
-19.0,19.0,-19.0,19.0,1773949116.461
-19.0,19.0,-19.0,19.0,1773949116.48
11.0,10.0,11.0,10.0,1773949116.92
11.0,10.0,11.0,10.0,1773949116.941
11.0,10.0,11.0,10.0,1773949116.961
11.0,10.0,11.0,10.0,1773949116.981
11.0,10.0,11.0,10.0,1773949117.0
11.0,10.0,11.0,10.0,1773949116.92
11.0,10.0,11.0,10.0,1773949116.941
11.0,10.0,11.0,10.0,1773949116.961
11.0,10.0,11.0,10.0,1773949116.981
11.0,10.0,11.0,10.0,1773949117.0
4.0,1.0,4.0,1.0,1773949117.42
4.0,1.0,4.0,1.0,1773949117.44
6.0,3.0,6.0,3.0,1773949117.46
6.0,3.0,6.0,3.0,1773949117.48
6.0,3.0,6.0,3.0,1773949117.503
4.0,1.0,4.0,1.0,1773949117.42
4.0,1.0,4.0,1.0,1773949117.44
6.0,3.0,6.0,3.0,1773949117.46
6.0,3.0,6.0,3.0,1773949117.48
6.0,3.0,6.0,3.0,1773949117.503
36.0,32.0,36.0,32.0,1773949117.941
36.0,32.0,36.0,32.0,1773949117.96
36.0,32.0,36.0,32.0,1773949117.983
45.0,42.0,45.0,42.0,1773949118.0
45.0,42.0,45.0,42.0,1773949118.02
36.0,32.0,36.0,32.0,1773949117.941
36.0,32.0,36.0,32.0,1773949117.96
36.0,32.0,36.0,32.0,1773949117.983
45.0,42.0,45.0,42.0,1773949118.0
45.0,42.0,45.0,42.0,1773949118.02
36.0,32.0,36.0,32.0,1773949117.941
36.0,32.0,36.0,32.0,1773949117.96
36.0,32.0,36.0,32.0,1773949117.983
45.0,42.0,45.0,42.0,1773949118.0
45.0,42.0,45.0,42.0,1773949118.02
85.0,83.0,85.0,83.0,1773949118.441
85.0,83.0,85.0,83.0,1773949118.463
85.0,83.0,85.0,83.0,1773949118.48
85.0,83.0,85.0,83.0,1773949118.502
85.0,83.0,85.0,83.0,1773949118.521
85.0,83.0,85.0,83.0,1773949118.441
85.0,83.0,85.0,83.0,1773949118.463
85.0,83.0,85.0,83.0,1773949118.48
85.0,83.0,85.0,83.0,1773949118.502
85.0,83.0,85.0,83.0,1773949118.521
85.0,83.0,85.0,83.0,1773949118.441
85.0,83.0,85.0,83.0,1773949118.463
85.0,83.0,85.0,83.0,1773949118.48
85.0,83.0,85.0,83.0,1773949118.502
85.0,83.0,85.0,83.0,1773949118.521
85.0,83.0,85.0,83.0,1773949118.441
85.0,83.0,85.0,83.0,1773949118.463
85.0,83.0,85.0,83.0,1773949118.48
85.0,83.0,85.0,83.0,1773949118.502
85.0,83.0,85.0,83.0,1773949118.521
107.0,106.0,107.0,106.0,1773949118.96
107.0,106.0,107.0,106.0,1773949118.981
107.0,106.0,107.0,106.0,1773949119.002
107.0,106.0,107.0,106.0,1773949119.02
107.0,106.0,107.0,106.0,1773949119.04
111.0,110.0,111.0,110.0,1773949119.46
111.0,110.0,111.0,110.0,1773949119.481
112.0,111.0,112.0,111.0,1773949119.502
112.0,111.0,112.0,111.0,1773949119.52
112.0,111.0,112.0,111.0,1773949119.541
111.0,110.0,111.0,110.0,1773949119.46
111.0,110.0,111.0,110.0,1773949119.481
112.0,111.0,112.0,111.0,1773949119.502
112.0,111.0,112.0,111.0,1773949119.52
112.0,111.0,112.0,111.0,1773949119.541
111.0,110.0,111.0,110.0,1773949119.46
111.0,110.0,111.0,110.0,1773949119.481
112.0,111.0,112.0,111.0,1773949119.502
112.0,111.0,112.0,111.0,1773949119.52
112.0,111.0,112.0,111.0,1773949119.541
111.0,110.0,111.0,110.0,1773949119.46
111.0,110.0,111.0,110.0,1773949119.481
112.0,111.0,112.0,111.0,1773949119.502
112.0,111.0,112.0,111.0,1773949119.52
112.0,111.0,112.0,111.0,1773949119.541
112.0,111.0,112.0,111.0,1773949119.98
112.0,111.0,112.0,111.0,1773949120.0
112.0,111.0,112.0,111.0,1773949120.021
112.0,111.0,112.0,111.0,1773949120.045
112.0,111.0,112.0,111.0,1773949120.06
112.0,111.0,112.0,111.0,1773949119.98
112.0,111.0,112.0,111.0,1773949120.0
112.0,111.0,112.0,111.0,1773949120.021
112.0,111.0,112.0,111.0,1773949120.045
112.0,111.0,112.0,111.0,1773949120.06
114.0,111.0,114.0,111.0,1773949120.48
114.0,111.0,114.0,111.0,1773949120.503
114.0,111.0,114.0,111.0,1773949120.52
114.0,111.0,114.0,111.0,1773949120.541
113.0,111.0,113.0,111.0,1773949120.56
114.0,111.0,114.0,111.0,1773949120.48
114.0,111.0,114.0,111.0,1773949120.503
114.0,111.0,114.0,111.0,1773949120.52
114.0,111.0,114.0,111.0,1773949120.541
113.0,111.0,113.0,111.0,1773949120.56
114.0,111.0,114.0,111.0,1773949120.48
114.0,111.0,114.0,111.0,1773949120.503
114.0,111.0,114.0,111.0,1773949120.52
114.0,111.0,114.0,111.0,1773949120.541
113.0,111.0,113.0,111.0,1773949120.56
111.0,109.0,111.0,109.0,1773949121.0
111.0,109.0,111.0,109.0,1773949121.02
111.0,109.0,111.0,109.0,1773949121.043
111.0,109.0,111.0,109.0,1773949121.06
111.0,109.0,111.0,109.0,1773949121.08
111.0,109.0,111.0,109.0,1773949121.0
111.0,109.0,111.0,109.0,1773949121.02
111.0,109.0,111.0,109.0,1773949121.043
111.0,109.0,111.0,109.0,1773949121.06
111.0,109.0,111.0,109.0,1773949121.08
107.0,105.0,107.0,105.0,1773949121.504
107.0,105.0,107.0,105.0,1773949121.524
106.0,103.0,106.0,103.0,1773949121.541
106.0,103.0,106.0,103.0,1773949121.56
106.0,103.0,106.0,103.0,1773949121.581
107.0,105.0,107.0,105.0,1773949121.504
107.0,105.0,107.0,105.0,1773949121.524
106.0,103.0,106.0,103.0,1773949121.541
106.0,103.0,106.0,103.0,1773949121.56
106.0,103.0,106.0,103.0,1773949121.581
107.0,105.0,107.0,105.0,1773949121.504
107.0,105.0,107.0,105.0,1773949121.524
106.0,103.0,106.0,103.0,1773949121.541
106.0,103.0,106.0,103.0,1773949121.56
106.0,103.0,106.0,103.0,1773949121.581
104.0,92.0,104.0,92.0,1773949122.022
104.0,92.0,104.0,92.0,1773949122.042
104.0,92.0,104.0,92.0,1773949122.062
104.0,88.0,104.0,88.0,1773949122.08
104.0,88.0,104.0,88.0,1773949122.1
104.0,92.0,104.0,92.0,1773949122.022
104.0,92.0,104.0,92.0,1773949122.042
104.0,92.0,104.0,92.0,1773949122.062
104.0,88.0,104.0,88.0,1773949122.08
104.0,88.0,104.0,88.0,1773949122.1
104.0,92.0,104.0,92.0,1773949122.022
104.0,92.0,104.0,92.0,1773949122.042
104.0,92.0,104.0,92.0,1773949122.062
104.0,88.0,104.0,88.0,1773949122.08
104.0,88.0,104.0,88.0,1773949122.1
105.0,81.0,105.0,81.0,1773949122.52
105.0,81.0,105.0,81.0,1773949122.54
105.0,81.0,105.0,81.0,1773949122.56
105.0,81.0,105.0,81.0,1773949122.581
106.0,82.0,106.0,82.0,1773949122.6
105.0,81.0,105.0,81.0,1773949122.52
105.0,81.0,105.0,81.0,1773949122.54
105.0,81.0,105.0,81.0,1773949122.56
105.0,81.0,105.0,81.0,1773949122.581
106.0,82.0,106.0,82.0,1773949122.6
85.0,69.0,85.0,69.0,1773949123.04
85.0,69.0,85.0,69.0,1773949123.062
85.0,69.0,85.0,69.0,1773949123.082
85.0,69.0,85.0,69.0,1773949123.104
85.0,69.0,85.0,69.0,1773949123.121
85.0,69.0,85.0,69.0,1773949123.04
85.0,69.0,85.0,69.0,1773949123.062
85.0,69.0,85.0,69.0,1773949123.082
85.0,69.0,85.0,69.0,1773949123.104
85.0,69.0,85.0,69.0,1773949123.121
85.0,69.0,85.0,69.0,1773949123.04
85.0,69.0,85.0,69.0,1773949123.062
85.0,69.0,85.0,69.0,1773949123.082
85.0,69.0,85.0,69.0,1773949123.104
85.0,69.0,85.0,69.0,1773949123.121
63.0,50.0,63.0,50.0,1773949123.541
63.0,50.0,63.0,50.0,1773949123.561
54.0,43.0,54.0,43.0,1773949123.581
54.0,43.0,54.0,43.0,1773949123.602
54.0,43.0,54.0,43.0,1773949123.62
63.0,50.0,63.0,50.0,1773949123.541
63.0,50.0,63.0,50.0,1773949123.561
54.0,43.0,54.0,43.0,1773949123.581
54.0,43.0,54.0,43.0,1773949123.602
54.0,43.0,54.0,43.0,1773949123.62
52.0,42.0,52.0,42.0,1773949124.061
52.0,42.0,52.0,42.0,1773949124.08
52.0,42.0,52.0,42.0,1773949124.101
61.0,52.0,61.0,52.0,1773949124.126
61.0,52.0,61.0,52.0,1773949124.143
52.0,42.0,52.0,42.0,1773949124.061
52.0,42.0,52.0,42.0,1773949124.08
52.0,42.0,52.0,42.0,1773949124.101
61.0,52.0,61.0,52.0,1773949124.126
61.0,52.0,61.0,52.0,1773949124.143
52.0,42.0,52.0,42.0,1773949124.061
52.0,42.0,52.0,42.0,1773949124.08
52.0,42.0,52.0,42.0,1773949124.101
61.0,52.0,61.0,52.0,1773949124.126
61.0,52.0,61.0,52.0,1773949124.143
83.0,85.0,83.0,85.0,1773949124.56
83.0,85.0,83.0,85.0,1773949124.581
83.0,85.0,83.0,85.0,1773949124.603
83.0,85.0,83.0,85.0,1773949124.621
83.0,85.0,83.0,85.0,1773949124.64
83.0,85.0,83.0,85.0,1773949124.56
83.0,85.0,83.0,85.0,1773949124.581
83.0,85.0,83.0,85.0,1773949124.603
83.0,85.0,83.0,85.0,1773949124.621
83.0,85.0,83.0,85.0,1773949124.64
83.0,85.0,83.0,85.0,1773949124.56
83.0,85.0,83.0,85.0,1773949124.581
83.0,85.0,83.0,85.0,1773949124.603
83.0,85.0,83.0,85.0,1773949124.621
83.0,85.0,83.0,85.0,1773949124.64
104.0,106.0,104.0,106.0,1773949125.08
105.0,106.0,105.0,106.0,1773949125.104
105.0,106.0,105.0,106.0,1773949125.12
105.0,106.0,105.0,106.0,1773949125.14
105.0,106.0,105.0,106.0,1773949125.16
104.0,106.0,104.0,106.0,1773949125.08
105.0,106.0,105.0,106.0,1773949125.104
105.0,106.0,105.0,106.0,1773949125.12
105.0,106.0,105.0,106.0,1773949125.14
105.0,106.0,105.0,106.0,1773949125.16
102.0,102.0,102.0,102.0,1773949125.584
102.0,102.0,102.0,102.0,1773949125.6
100.0,100.0,100.0,100.0,1773949125.62
100.0,100.0,100.0,100.0,1773949125.641
100.0,100.0,100.0,100.0,1773949125.66
102.0,102.0,102.0,102.0,1773949125.584
102.0,102.0,102.0,102.0,1773949125.6
100.0,100.0,100.0,100.0,1773949125.62
100.0,100.0,100.0,100.0,1773949125.641
100.0,100.0,100.0,100.0,1773949125.66
102.0,102.0,102.0,102.0,1773949125.584
102.0,102.0,102.0,102.0,1773949125.6
100.0,100.0,100.0,100.0,1773949125.62
100.0,100.0,100.0,100.0,1773949125.641
100.0,100.0,100.0,100.0,1773949125.66
102.0,99.0,102.0,99.0,1773949126.105
102.0,99.0,102.0,99.0,1773949126.12
102.0,99.0,102.0,99.0,1773949126.141
103.0,100.0,103.0,100.0,1773949126.16
103.0,100.0,103.0,100.0,1773949126.182
102.0,99.0,102.0,99.0,1773949126.105
102.0,99.0,102.0,99.0,1773949126.12
102.0,99.0,102.0,99.0,1773949126.141
103.0,100.0,103.0,100.0,1773949126.16
103.0,100.0,103.0,100.0,1773949126.182
102.0,99.0,102.0,99.0,1773949126.105
102.0,99.0,102.0,99.0,1773949126.12
102.0,99.0,102.0,99.0,1773949126.141
103.0,100.0,103.0,100.0,1773949126.16
103.0,100.0,103.0,100.0,1773949126.182
108.0,105.0,108.0,105.0,1773949126.604
108.0,105.0,108.0,105.0,1773949126.62
108.0,105.0,108.0,105.0,1773949126.64
108.0,105.0,108.0,105.0,1773949126.661
108.0,105.0,108.0,105.0,1773949126.68
108.0,105.0,108.0,105.0,1773949126.604
108.0,105.0,108.0,105.0,1773949126.62
108.0,105.0,108.0,105.0,1773949126.64
108.0,105.0,108.0,105.0,1773949126.661
108.0,105.0,108.0,105.0,1773949126.68
109.0,106.0,109.0,106.0,1773949127.131
109.0,106.0,109.0,106.0,1773949127.142
109.0,106.0,109.0,106.0,1773949127.161
109.0,106.0,109.0,106.0,1773949127.182
109.0,106.0,109.0,106.0,1773949127.204
109.0,106.0,109.0,106.0,1773949127.131
109.0,106.0,109.0,106.0,1773949127.142
109.0,106.0,109.0,106.0,1773949127.161
109.0,106.0,109.0,106.0,1773949127.182
109.0,106.0,109.0,106.0,1773949127.204
109.0,106.0,109.0,106.0,1773949127.131
109.0,106.0,109.0,106.0,1773949127.142
109.0,106.0,109.0,106.0,1773949127.161
109.0,106.0,109.0,106.0,1773949127.182
109.0,106.0,109.0,106.0,1773949127.204
111.0,106.0,111.0,106.0,1773949127.621
111.0,106.0,111.0,106.0,1773949127.64
112.0,106.0,112.0,106.0,1773949127.66
112.0,106.0,112.0,106.0,1773949127.68
112.0,106.0,112.0,106.0,1773949127.702
111.0,106.0,111.0,106.0,1773949127.621
111.0,106.0,111.0,106.0,1773949127.64
112.0,106.0,112.0,106.0,1773949127.66
112.0,106.0,112.0,106.0,1773949127.68
112.0,106.0,112.0,106.0,1773949127.702
111.0,106.0,111.0,106.0,1773949127.621
111.0,106.0,111.0,106.0,1773949127.64
112.0,106.0,112.0,106.0,1773949127.66
112.0,106.0,112.0,106.0,1773949127.68
112.0,106.0,112.0,106.0,1773949127.702
115.0,108.0,115.0,108.0,1773949128.141
115.0,108.0,115.0,108.0,1773949128.16
114.0,109.0,114.0,109.0,1773949128.181
114.0,109.0,114.0,109.0,1773949128.2
114.0,109.0,114.0,109.0,1773949128.22
115.0,108.0,115.0,108.0,1773949128.141
115.0,108.0,115.0,108.0,1773949128.16
114.0,109.0,114.0,109.0,1773949128.181
114.0,109.0,114.0,109.0,1773949128.2
114.0,109.0,114.0,109.0,1773949128.22
114.0,110.0,114.0,110.0,1773949128.641
114.0,110.0,114.0,110.0,1773949128.66
114.0,110.0,114.0,110.0,1773949128.68
114.0,110.0,114.0,110.0,1773949128.705
114.0,111.0,114.0,111.0,1773949128.72
114.0,110.0,114.0,110.0,1773949128.641
114.0,110.0,114.0,110.0,1773949128.66
114.0,110.0,114.0,110.0,1773949128.68
114.0,110.0,114.0,110.0,1773949128.705
114.0,111.0,114.0,111.0,1773949128.72
114.0,110.0,114.0,110.0,1773949128.641
114.0,110.0,114.0,110.0,1773949128.66
114.0,110.0,114.0,110.0,1773949128.68
114.0,110.0,114.0,110.0,1773949128.705
114.0,111.0,114.0,111.0,1773949128.72
114.0,111.0,114.0,111.0,1773949129.161
114.0,111.0,114.0,111.0,1773949129.184
114.0,111.0,114.0,111.0,1773949129.2
114.0,111.0,114.0,111.0,1773949129.221
114.0,111.0,114.0,111.0,1773949129.243
114.0,111.0,114.0,111.0,1773949129.161
114.0,111.0,114.0,111.0,1773949129.184
114.0,111.0,114.0,111.0,1773949129.2
114.0,111.0,114.0,111.0,1773949129.221
114.0,111.0,114.0,111.0,1773949129.243
114.0,111.0,114.0,111.0,1773949129.161
114.0,111.0,114.0,111.0,1773949129.184
114.0,111.0,114.0,111.0,1773949129.2
114.0,111.0,114.0,111.0,1773949129.221
114.0,111.0,114.0,111.0,1773949129.243
113.0,112.0,113.0,112.0,1773949129.68
112.0,112.0,112.0,112.0,1773949129.701
112.0,112.0,112.0,112.0,1773949129.72
112.0,112.0,112.0,112.0,1773949129.74
112.0,112.0,112.0,112.0,1773949129.76
113.0,112.0,113.0,112.0,1773949129.68
112.0,112.0,112.0,112.0,1773949129.701
112.0,112.0,112.0,112.0,1773949129.72
112.0,112.0,112.0,112.0,1773949129.74
112.0,112.0,112.0,112.0,1773949129.76
113.0,112.0,113.0,112.0,1773949130.181
113.0,112.0,113.0,112.0,1773949130.2
114.0,114.0,114.0,114.0,1773949130.221
114.0,114.0,114.0,114.0,1773949130.24
114.0,114.0,114.0,114.0,1773949130.261
113.0,112.0,113.0,112.0,1773949130.181
113.0,112.0,113.0,112.0,1773949130.2
114.0,114.0,114.0,114.0,1773949130.221
114.0,114.0,114.0,114.0,1773949130.24
114.0,114.0,114.0,114.0,1773949130.261
113.0,112.0,113.0,112.0,1773949130.181
113.0,112.0,113.0,112.0,1773949130.2
114.0,114.0,114.0,114.0,1773949130.221
114.0,114.0,114.0,114.0,1773949130.24
114.0,114.0,114.0,114.0,1773949130.261
112.0,112.0,112.0,112.0,1773949130.702
112.0,112.0,112.0,112.0,1773949130.724
112.0,112.0,112.0,112.0,1773949130.741
114.0,113.0,114.0,113.0,1773949130.76
114.0,113.0,114.0,113.0,1773949130.789
112.0,112.0,112.0,112.0,1773949130.702
112.0,112.0,112.0,112.0,1773949130.724
112.0,112.0,112.0,112.0,1773949130.741
114.0,113.0,114.0,113.0,1773949130.76
114.0,113.0,114.0,113.0,1773949130.789
112.0,112.0,112.0,112.0,1773949130.702
112.0,112.0,112.0,112.0,1773949130.724
112.0,112.0,112.0,112.0,1773949130.741
114.0,113.0,114.0,113.0,1773949130.76
114.0,113.0,114.0,113.0,1773949130.789
112.0,114.0,112.0,114.0,1773949131.2
112.0,114.0,112.0,114.0,1773949131.22
112.0,114.0,112.0,114.0,1773949131.24
112.0,114.0,112.0,114.0,1773949131.26
112.0,114.0,112.0,114.0,1773949131.28
112.0,114.0,112.0,114.0,1773949131.2
112.0,114.0,112.0,114.0,1773949131.22
112.0,114.0,112.0,114.0,1773949131.24
112.0,114.0,112.0,114.0,1773949131.26
112.0,114.0,112.0,114.0,1773949131.28
113.0,115.0,113.0,115.0,1773949131.721
115.0,114.0,115.0,114.0,1773949131.74
115.0,114.0,115.0,114.0,1773949131.76
115.0,114.0,115.0,114.0,1773949131.784
115.0,114.0,115.0,114.0,1773949131.802
113.0,115.0,113.0,115.0,1773949131.721
115.0,114.0,115.0,114.0,1773949131.74
115.0,114.0,115.0,114.0,1773949131.76
115.0,114.0,115.0,114.0,1773949131.784
115.0,114.0,115.0,114.0,1773949131.802
113.0,115.0,113.0,115.0,1773949131.721
115.0,114.0,115.0,114.0,1773949131.74
115.0,114.0,115.0,114.0,1773949131.76
115.0,114.0,115.0,114.0,1773949131.784
115.0,114.0,115.0,114.0,1773949131.802
115.0,115.0,115.0,115.0,1773949132.22
115.0,115.0,115.0,115.0,1773949132.24
115.0,115.0,115.0,115.0,1773949132.262
116.0,115.0,116.0,115.0,1773949132.281
116.0,115.0,116.0,115.0,1773949132.305
115.0,115.0,115.0,115.0,1773949132.22
115.0,115.0,115.0,115.0,1773949132.24
115.0,115.0,115.0,115.0,1773949132.262
116.0,115.0,116.0,115.0,1773949132.281
116.0,115.0,116.0,115.0,1773949132.305
115.0,115.0,115.0,115.0,1773949132.22
115.0,115.0,115.0,115.0,1773949132.24
115.0,115.0,115.0,115.0,1773949132.262
116.0,115.0,116.0,115.0,1773949132.281
116.0,115.0,116.0,115.0,1773949132.305
116.0,115.0,116.0,115.0,1773949132.741
116.0,115.0,116.0,115.0,1773949132.76
116.0,115.0,116.0,115.0,1773949132.783
115.0,117.0,115.0,117.0,1773949132.801
115.0,117.0,115.0,117.0,1773949132.821
116.0,115.0,116.0,115.0,1773949132.741
116.0,115.0,116.0,115.0,1773949132.76
116.0,115.0,116.0,115.0,1773949132.783
115.0,117.0,115.0,117.0,1773949132.801
115.0,117.0,115.0,117.0,1773949132.821
116.0,115.0,116.0,115.0,1773949132.741
116.0,115.0,116.0,115.0,1773949132.76
116.0,115.0,116.0,115.0,1773949132.783
115.0,117.0,115.0,117.0,1773949132.801
115.0,117.0,115.0,117.0,1773949132.821
117.0,116.0,117.0,116.0,1773949133.24
117.0,116.0,117.0,116.0,1773949133.26
117.0,116.0,117.0,116.0,1773949133.28
117.0,116.0,117.0,116.0,1773949133.305
117.0,116.0,117.0,116.0,1773949133.32
117.0,116.0,117.0,116.0,1773949133.24
117.0,116.0,117.0,116.0,1773949133.26
117.0,116.0,117.0,116.0,1773949133.28
117.0,116.0,117.0,116.0,1773949133.305
117.0,116.0,117.0,116.0,1773949133.32
116.0,114.0,116.0,114.0,1773949133.76
117.0,114.0,117.0,114.0,1773949133.781
117.0,114.0,117.0,114.0,1773949133.8
117.0,114.0,117.0,114.0,1773949133.82
117.0,114.0,117.0,114.0,1773949133.84
116.0,114.0,116.0,114.0,1773949133.76
117.0,114.0,117.0,114.0,1773949133.781
117.0,114.0,117.0,114.0,1773949133.8
117.0,114.0,117.0,114.0,1773949133.82
117.0,114.0,117.0,114.0,1773949133.84
116.0,114.0,116.0,114.0,1773949133.76
117.0,114.0,117.0,114.0,1773949133.781
117.0,114.0,117.0,114.0,1773949133.8
117.0,114.0,117.0,114.0,1773949133.82
117.0,114.0,117.0,114.0,1773949133.84
117.0,116.0,117.0,116.0,1773949134.262
117.0,116.0,117.0,116.0,1773949134.28
117.0,116.0,117.0,116.0,1773949134.303
117.0,116.0,117.0,116.0,1773949134.32
117.0,116.0,117.0,116.0,1773949134.34
117.0,116.0,117.0,116.0,1773949134.262
117.0,116.0,117.0,116.0,1773949134.28
117.0,116.0,117.0,116.0,1773949134.303
117.0,116.0,117.0,116.0,1773949134.32
117.0,116.0,117.0,116.0,1773949134.34
116.0,115.0,116.0,115.0,1773949134.782
116.0,115.0,116.0,115.0,1773949134.806
116.0,115.0,116.0,115.0,1773949134.82
116.0,115.0,116.0,115.0,1773949134.84
115.0,116.0,115.0,116.0,1773949134.861
116.0,115.0,116.0,115.0,1773949134.782
116.0,115.0,116.0,115.0,1773949134.806
116.0,115.0,116.0,115.0,1773949134.82
116.0,115.0,116.0,115.0,1773949134.84
115.0,116.0,115.0,116.0,1773949134.861
116.0,115.0,116.0,115.0,1773949134.782
116.0,115.0,116.0,115.0,1773949134.806
116.0,115.0,116.0,115.0,1773949134.82
116.0,115.0,116.0,115.0,1773949134.84
115.0,116.0,115.0,116.0,1773949134.861
115.0,113.0,115.0,113.0,1773949135.28
114.0,112.0,114.0,112.0,1773949135.303
114.0,112.0,114.0,112.0,1773949135.32
114.0,112.0,114.0,112.0,1773949135.34
114.0,112.0,114.0,112.0,1773949135.36
115.0,113.0,115.0,113.0,1773949135.28
114.0,112.0,114.0,112.0,1773949135.303
114.0,112.0,114.0,112.0,1773949135.32
114.0,112.0,114.0,112.0,1773949135.34
114.0,112.0,114.0,112.0,1773949135.36
115.0,113.0,115.0,113.0,1773949135.28
114.0,112.0,114.0,112.0,1773949135.303
114.0,112.0,114.0,112.0,1773949135.32
114.0,112.0,114.0,112.0,1773949135.34
114.0,112.0,114.0,112.0,1773949135.36
114.0,112.0,114.0,112.0,1773949135.808
114.0,112.0,114.0,112.0,1773949135.822
114.0,112.0,114.0,112.0,1773949135.84
114.0,112.0,114.0,112.0,1773949135.861
114.0,112.0,114.0,112.0,1773949135.88
114.0,112.0,114.0,112.0,1773949135.808
114.0,112.0,114.0,112.0,1773949135.822
114.0,112.0,114.0,112.0,1773949135.84
114.0,112.0,114.0,112.0,1773949135.861
114.0,112.0,114.0,112.0,1773949135.88
114.0,112.0,114.0,112.0,1773949135.808
114.0,112.0,114.0,112.0,1773949135.822
114.0,112.0,114.0,112.0,1773949135.84
114.0,112.0,114.0,112.0,1773949135.861
114.0,112.0,114.0,112.0,1773949135.88
115.0,114.0,115.0,114.0,1773949136.303
115.0,114.0,115.0,114.0,1773949136.32
115.0,114.0,115.0,114.0,1773949136.341
115.0,114.0,115.0,114.0,1773949136.36
116.0,114.0,116.0,114.0,1773949136.381
115.0,114.0,115.0,114.0,1773949136.303
115.0,114.0,115.0,114.0,1773949136.32
115.0,114.0,115.0,114.0,1773949136.341
115.0,114.0,115.0,114.0,1773949136.36
116.0,114.0,116.0,114.0,1773949136.381
118.0,115.0,118.0,115.0,1773949136.821
118.0,115.0,118.0,115.0,1773949136.842
118.0,115.0,118.0,115.0,1773949136.864
118.0,115.0,118.0,115.0,1773949136.881
118.0,115.0,118.0,115.0,1773949136.902
118.0,115.0,118.0,115.0,1773949136.821
118.0,115.0,118.0,115.0,1773949136.842
118.0,115.0,118.0,115.0,1773949136.864
118.0,115.0,118.0,115.0,1773949136.881
118.0,115.0,118.0,115.0,1773949136.902
118.0,115.0,118.0,115.0,1773949137.32
118.0,115.0,118.0,115.0,1773949137.34
118.0,115.0,118.0,115.0,1773949137.361
118.0,115.0,118.0,115.0,1773949137.38
118.0,115.0,118.0,115.0,1773949137.404
118.0,115.0,118.0,115.0,1773949137.32
118.0,115.0,118.0,115.0,1773949137.34
118.0,115.0,118.0,115.0,1773949137.361
118.0,115.0,118.0,115.0,1773949137.38
118.0,115.0,118.0,115.0,1773949137.404
118.0,115.0,118.0,115.0,1773949137.32
118.0,115.0,118.0,115.0,1773949137.34
118.0,115.0,118.0,115.0,1773949137.361
118.0,115.0,118.0,115.0,1773949137.38
118.0,115.0,118.0,115.0,1773949137.404
118.0,115.0,118.0,115.0,1773949137.841
118.0,115.0,118.0,115.0,1773949137.861
117.0,115.0,117.0,115.0,1773949137.88
117.0,115.0,117.0,115.0,1773949137.907
117.0,115.0,117.0,115.0,1773949137.922
118.0,115.0,118.0,115.0,1773949137.841
118.0,115.0,118.0,115.0,1773949137.861
117.0,115.0,117.0,115.0,1773949137.88
117.0,115.0,117.0,115.0,1773949137.907
117.0,115.0,117.0,115.0,1773949137.922
117.0,116.0,117.0,116.0,1773949138.34
117.0,116.0,117.0,116.0,1773949138.36
117.0,116.0,117.0,116.0,1773949138.381
117.0,116.0,117.0,116.0,1773949138.403
116.0,117.0,116.0,117.0,1773949138.421
117.0,116.0,117.0,116.0,1773949138.34
117.0,116.0,117.0,116.0,1773949138.36
117.0,116.0,117.0,116.0,1773949138.381
117.0,116.0,117.0,116.0,1773949138.403
116.0,117.0,116.0,117.0,1773949138.421
117.0,116.0,117.0,116.0,1773949138.34
117.0,116.0,117.0,116.0,1773949138.36
117.0,116.0,117.0,116.0,1773949138.381
117.0,116.0,117.0,116.0,1773949138.403
116.0,117.0,116.0,117.0,1773949138.421
114.0,117.0,114.0,117.0,1773949138.86
114.0,117.0,114.0,117.0,1773949138.88
114.0,117.0,114.0,117.0,1773949138.906
114.0,117.0,114.0,117.0,1773949138.92
114.0,117.0,114.0,117.0,1773949138.94
114.0,117.0,114.0,117.0,1773949138.86
114.0,117.0,114.0,117.0,1773949138.88
114.0,117.0,114.0,117.0,1773949138.906
114.0,117.0,114.0,117.0,1773949138.92
114.0,117.0,114.0,117.0,1773949138.94
115.0,115.0,115.0,115.0,1773949139.36
115.0,114.0,115.0,114.0,1773949139.382
115.0,114.0,115.0,114.0,1773949139.404
115.0,114.0,115.0,114.0,1773949139.421
115.0,114.0,115.0,114.0,1773949139.44
115.0,115.0,115.0,115.0,1773949139.36
115.0,114.0,115.0,114.0,1773949139.382
115.0,114.0,115.0,114.0,1773949139.404
115.0,114.0,115.0,114.0,1773949139.421
115.0,114.0,115.0,114.0,1773949139.44
115.0,115.0,115.0,115.0,1773949139.36
115.0,114.0,115.0,114.0,1773949139.382
115.0,114.0,115.0,114.0,1773949139.404
115.0,114.0,115.0,114.0,1773949139.421
115.0,114.0,115.0,114.0,1773949139.44
115.0,115.0,115.0,115.0,1773949139.881
115.0,115.0,115.0,115.0,1773949139.903
116.0,115.0,116.0,115.0,1773949139.92
116.0,115.0,116.0,115.0,1773949139.94
116.0,115.0,116.0,115.0,1773949139.96
115.0,115.0,115.0,115.0,1773949139.881
115.0,115.0,115.0,115.0,1773949139.903
116.0,115.0,116.0,115.0,1773949139.92
116.0,115.0,116.0,115.0,1773949139.94
116.0,115.0,116.0,115.0,1773949139.96
115.0,117.0,115.0,117.0,1773949140.384
115.0,117.0,115.0,117.0,1773949140.4
115.0,117.0,115.0,117.0,1773949140.42
115.0,117.0,115.0,117.0,1773949140.441
115.0,118.0,115.0,118.0,1773949140.46
115.0,117.0,115.0,117.0,1773949140.384
115.0,117.0,115.0,117.0,1773949140.4
115.0,117.0,115.0,117.0,1773949140.42
115.0,117.0,115.0,117.0,1773949140.441
115.0,118.0,115.0,118.0,1773949140.46
115.0,117.0,115.0,117.0,1773949140.384
115.0,117.0,115.0,117.0,1773949140.4
115.0,117.0,115.0,117.0,1773949140.42
115.0,117.0,115.0,117.0,1773949140.441
115.0,118.0,115.0,118.0,1773949140.46
116.0,115.0,116.0,115.0,1773949140.901
116.0,115.0,116.0,115.0,1773949140.921
116.0,115.0,116.0,115.0,1773949140.94
116.0,115.0,116.0,115.0,1773949140.96
117.0,115.0,117.0,115.0,1773949140.981
116.0,115.0,116.0,115.0,1773949140.901
116.0,115.0,116.0,115.0,1773949140.921
116.0,115.0,116.0,115.0,1773949140.94
116.0,115.0,116.0,115.0,1773949140.96
117.0,115.0,117.0,115.0,1773949140.981
116.0,115.0,116.0,115.0,1773949140.901
116.0,115.0,116.0,115.0,1773949140.921
116.0,115.0,116.0,115.0,1773949140.94
116.0,115.0,116.0,115.0,1773949140.96
117.0,115.0,117.0,115.0,1773949140.981
117.0,114.0,117.0,114.0,1773949141.42
117.0,114.0,117.0,114.0,1773949141.44
117.0,114.0,117.0,114.0,1773949141.46
117.0,114.0,117.0,114.0,1773949141.48
117.0,114.0,117.0,114.0,1773949141.505
117.0,114.0,117.0,114.0,1773949141.42
117.0,114.0,117.0,114.0,1773949141.44
117.0,114.0,117.0,114.0,1773949141.46
117.0,114.0,117.0,114.0,1773949141.48
117.0,114.0,117.0,114.0,1773949141.505
117.0,114.0,117.0,114.0,1773949141.42
117.0,114.0,117.0,114.0,1773949141.44
117.0,114.0,117.0,114.0,1773949141.46
117.0,114.0,117.0,114.0,1773949141.48
117.0,114.0,117.0,114.0,1773949141.505
115.0,114.0,115.0,114.0,1773949141.92
115.0,114.0,115.0,114.0,1773949141.941
115.0,115.0,115.0,115.0,1773949141.96
115.0,115.0,115.0,115.0,1773949141.981
115.0,115.0,115.0,115.0,1773949142.003
115.0,114.0,115.0,114.0,1773949141.92
115.0,114.0,115.0,114.0,1773949141.941
115.0,115.0,115.0,115.0,1773949141.96
115.0,115.0,115.0,115.0,1773949141.981
115.0,115.0,115.0,115.0,1773949142.003
115.0,114.0,115.0,114.0,1773949141.92
115.0,114.0,115.0,114.0,1773949141.941
115.0,115.0,115.0,115.0,1773949141.96
115.0,115.0,115.0,115.0,1773949141.981
115.0,115.0,115.0,115.0,1773949142.003
117.0,116.0,117.0,116.0,1773949142.442
117.0,116.0,117.0,116.0,1773949142.462
117.0,116.0,117.0,116.0,1773949142.481
117.0,114.0,117.0,114.0,1773949142.501
117.0,114.0,117.0,114.0,1773949142.52
117.0,116.0,117.0,116.0,1773949142.442
117.0,116.0,117.0,116.0,1773949142.462
117.0,116.0,117.0,116.0,1773949142.481
117.0,114.0,117.0,114.0,1773949142.501
117.0,114.0,117.0,114.0,1773949142.52
117.0,116.0,117.0,116.0,1773949142.442
117.0,116.0,117.0,116.0,1773949142.462
117.0,116.0,117.0,116.0,1773949142.481
117.0,114.0,117.0,114.0,1773949142.501
117.0,114.0,117.0,114.0,1773949142.52
118.0,114.0,118.0,114.0,1773949142.941
118.0,114.0,118.0,114.0,1773949142.96
118.0,114.0,118.0,114.0,1773949142.981
118.0,114.0,118.0,114.0,1773949143.003
118.0,114.0,118.0,114.0,1773949143.021
118.0,114.0,118.0,114.0,1773949142.941
118.0,114.0,118.0,114.0,1773949142.96
118.0,114.0,118.0,114.0,1773949142.981
118.0,114.0,118.0,114.0,1773949143.003
118.0,114.0,118.0,114.0,1773949143.021
116.0,113.0,116.0,113.0,1773949143.461
116.0,113.0,116.0,113.0,1773949143.482
116.0,113.0,116.0,113.0,1773949143.501
116.0,113.0,116.0,113.0,1773949143.52
116.0,113.0,116.0,113.0,1773949143.542
116.0,113.0,116.0,113.0,1773949143.461
116.0,113.0,116.0,113.0,1773949143.482
116.0,113.0,116.0,113.0,1773949143.501
116.0,113.0,116.0,113.0,1773949143.52
116.0,113.0,116.0,113.0,1773949143.542
116.0,113.0,116.0,113.0,1773949143.461
116.0,113.0,116.0,113.0,1773949143.482
116.0,113.0,116.0,113.0,1773949143.501
116.0,113.0,116.0,113.0,1773949143.52
116.0,113.0,116.0,113.0,1773949143.542
116.0,114.0,116.0,114.0,1773949143.96
116.0,114.0,116.0,114.0,1773949143.982
115.0,113.0,115.0,113.0,1773949144.001
115.0,113.0,115.0,113.0,1773949144.02
115.0,113.0,115.0,113.0,1773949144.041
116.0,114.0,116.0,114.0,1773949143.96
116.0,114.0,116.0,114.0,1773949143.982
115.0,113.0,115.0,113.0,1773949144.001
115.0,113.0,115.0,113.0,1773949144.02
115.0,113.0,115.0,113.0,1773949144.041
116.0,114.0,116.0,114.0,1773949143.96
116.0,114.0,116.0,114.0,1773949143.982
115.0,113.0,115.0,113.0,1773949144.001
115.0,113.0,115.0,113.0,1773949144.02
115.0,113.0,115.0,113.0,1773949144.041
113.0,113.0,113.0,113.0,1773949144.48
113.0,113.0,113.0,113.0,1773949144.501
113.0,113.0,113.0,113.0,1773949144.52
113.0,113.0,113.0,113.0,1773949144.541
113.0,113.0,113.0,113.0,1773949144.56
113.0,113.0,113.0,113.0,1773949144.48
113.0,113.0,113.0,113.0,1773949144.501
113.0,113.0,113.0,113.0,1773949144.52
113.0,113.0,113.0,113.0,1773949144.541
113.0,113.0,113.0,113.0,1773949144.56
112.0,114.0,112.0,114.0,1773949144.984
112.0,114.0,112.0,114.0,1773949145.002
112.0,114.0,112.0,114.0,1773949145.021
112.0,114.0,112.0,114.0,1773949145.041
112.0,114.0,112.0,114.0,1773949145.061
112.0,114.0,112.0,114.0,1773949144.984
112.0,114.0,112.0,114.0,1773949145.002
112.0,114.0,112.0,114.0,1773949145.021
112.0,114.0,112.0,114.0,1773949145.041
112.0,114.0,112.0,114.0,1773949145.061
112.0,114.0,112.0,114.0,1773949144.984
112.0,114.0,112.0,114.0,1773949145.002
112.0,114.0,112.0,114.0,1773949145.021
112.0,114.0,112.0,114.0,1773949145.041
112.0,114.0,112.0,114.0,1773949145.061
115.0,115.0,115.0,115.0,1773949145.501
115.0,115.0,115.0,115.0,1773949145.526
115.0,115.0,115.0,115.0,1773949145.542
115.0,115.0,115.0,115.0,1773949145.561
115.0,115.0,115.0,115.0,1773949145.583
115.0,115.0,115.0,115.0,1773949145.501
115.0,115.0,115.0,115.0,1773949145.526
115.0,115.0,115.0,115.0,1773949145.542
115.0,115.0,115.0,115.0,1773949145.561
115.0,115.0,115.0,115.0,1773949145.583
114.0,115.0,114.0,115.0,1773949146.0
114.0,115.0,114.0,115.0,1773949146.021
115.0,115.0,115.0,115.0,1773949146.041
115.0,115.0,115.0,115.0,1773949146.06
115.0,115.0,115.0,115.0,1773949146.08
114.0,115.0,114.0,115.0,1773949146.0
114.0,115.0,114.0,115.0,1773949146.021
115.0,115.0,115.0,115.0,1773949146.041
115.0,115.0,115.0,115.0,1773949146.06
115.0,115.0,115.0,115.0,1773949146.08
114.0,115.0,114.0,115.0,1773949146.52
114.0,115.0,114.0,115.0,1773949146.541
114.0,115.0,114.0,115.0,1773949146.56
114.0,115.0,114.0,115.0,1773949146.581
114.0,115.0,114.0,115.0,1773949146.604
114.0,115.0,114.0,115.0,1773949146.52
114.0,115.0,114.0,115.0,1773949146.541
114.0,115.0,114.0,115.0,1773949146.56
114.0,115.0,114.0,115.0,1773949146.581
114.0,115.0,114.0,115.0,1773949146.604
114.0,115.0,114.0,115.0,1773949146.52
114.0,115.0,114.0,115.0,1773949146.541
114.0,115.0,114.0,115.0,1773949146.56
114.0,115.0,114.0,115.0,1773949146.581
114.0,115.0,114.0,115.0,1773949146.604
115.0,113.0,115.0,113.0,1773949147.022
115.0,113.0,115.0,113.0,1773949147.04
115.0,113.0,115.0,113.0,1773949147.061
115.0,113.0,115.0,113.0,1773949147.082
115.0,113.0,115.0,113.0,1773949147.102
115.0,113.0,115.0,113.0,1773949147.022
115.0,113.0,115.0,113.0,1773949147.04
115.0,113.0,115.0,113.0,1773949147.061
115.0,113.0,115.0,113.0,1773949147.082
115.0,113.0,115.0,113.0,1773949147.102
115.0,113.0,115.0,113.0,1773949147.022
115.0,113.0,115.0,113.0,1773949147.04
115.0,113.0,115.0,113.0,1773949147.061
115.0,113.0,115.0,113.0,1773949147.082
115.0,113.0,115.0,113.0,1773949147.102
111.0,109.0,111.0,109.0,1773949147.54
111.0,109.0,111.0,109.0,1773949147.56
111.0,109.0,111.0,109.0,1773949147.581
111.0,109.0,111.0,109.0,1773949147.6
111.0,109.0,111.0,109.0,1773949147.621
111.0,109.0,111.0,109.0,1773949147.54
111.0,109.0,111.0,109.0,1773949147.56
111.0,109.0,111.0,109.0,1773949147.581
111.0,109.0,111.0,109.0,1773949147.6
111.0,109.0,111.0,109.0,1773949147.621
111.0,109.0,111.0,109.0,1773949147.54
111.0,109.0,111.0,109.0,1773949147.56
111.0,109.0,111.0,109.0,1773949147.581
111.0,109.0,111.0,109.0,1773949147.6
111.0,109.0,111.0,109.0,1773949147.621
109.0,108.0,109.0,108.0,1773949148.043
109.0,108.0,109.0,108.0,1773949148.062
108.0,107.0,108.0,107.0,1773949148.08
108.0,107.0,108.0,107.0,1773949148.11
108.0,107.0,108.0,107.0,1773949148.124
109.0,108.0,109.0,108.0,1773949148.043
109.0,108.0,109.0,108.0,1773949148.062
108.0,107.0,108.0,107.0,1773949148.08
108.0,107.0,108.0,107.0,1773949148.11
108.0,107.0,108.0,107.0,1773949148.124
109.0,108.0,109.0,108.0,1773949148.043
109.0,108.0,109.0,108.0,1773949148.062
108.0,107.0,108.0,107.0,1773949148.08
108.0,107.0,108.0,107.0,1773949148.11
108.0,107.0,108.0,107.0,1773949148.124
109.0,108.0,109.0,108.0,1773949148.56
109.0,108.0,109.0,108.0,1773949148.582
109.0,108.0,109.0,108.0,1773949148.601
109.0,108.0,109.0,108.0,1773949148.62
109.0,108.0,109.0,108.0,1773949148.644
109.0,108.0,109.0,108.0,1773949148.56
109.0,108.0,109.0,108.0,1773949148.582
109.0,108.0,109.0,108.0,1773949148.601
109.0,108.0,109.0,108.0,1773949148.62
109.0,108.0,109.0,108.0,1773949148.644
108.0,102.0,108.0,102.0,1773949149.062
108.0,102.0,108.0,102.0,1773949149.081
108.0,102.0,108.0,102.0,1773949149.102
108.0,102.0,108.0,102.0,1773949149.12
108.0,102.0,108.0,102.0,1773949149.14
108.0,102.0,108.0,102.0,1773949149.062
108.0,102.0,108.0,102.0,1773949149.081
108.0,102.0,108.0,102.0,1773949149.102
108.0,102.0,108.0,102.0,1773949149.12
108.0,102.0,108.0,102.0,1773949149.14
108.0,102.0,108.0,102.0,1773949149.062
108.0,102.0,108.0,102.0,1773949149.081
108.0,102.0,108.0,102.0,1773949149.102
108.0,102.0,108.0,102.0,1773949149.12
108.0,102.0,108.0,102.0,1773949149.14
109.0,100.0,109.0,100.0,1773949149.585
109.0,100.0,109.0,100.0,1773949149.602
109.0,100.0,109.0,100.0,1773949149.621
109.0,100.0,109.0,100.0,1773949149.642
109.0,100.0,109.0,100.0,1773949149.661
109.0,100.0,109.0,100.0,1773949149.585
109.0,100.0,109.0,100.0,1773949149.602
109.0,100.0,109.0,100.0,1773949149.621
109.0,100.0,109.0,100.0,1773949149.642
109.0,100.0,109.0,100.0,1773949149.661
112.0,108.0,112.0,108.0,1773949150.081
112.0,108.0,112.0,108.0,1773949150.101
112.0,108.0,112.0,108.0,1773949150.121
112.0,108.0,112.0,108.0,1773949150.141
112.0,108.0,112.0,108.0,1773949150.161
112.0,108.0,112.0,108.0,1773949150.081
112.0,108.0,112.0,108.0,1773949150.101
112.0,108.0,112.0,108.0,1773949150.121
112.0,108.0,112.0,108.0,1773949150.141
112.0,108.0,112.0,108.0,1773949150.161
112.0,108.0,112.0,108.0,1773949150.081
112.0,108.0,112.0,108.0,1773949150.101
112.0,108.0,112.0,108.0,1773949150.121
112.0,108.0,112.0,108.0,1773949150.141
112.0,108.0,112.0,108.0,1773949150.161
114.0,111.0,114.0,111.0,1773949150.603
114.0,111.0,114.0,111.0,1773949150.621
114.0,111.0,114.0,111.0,1773949150.641
115.0,111.0,115.0,111.0,1773949150.662
115.0,111.0,115.0,111.0,1773949150.681
114.0,111.0,114.0,111.0,1773949150.603
114.0,111.0,114.0,111.0,1773949150.621
114.0,111.0,114.0,111.0,1773949150.641
115.0,111.0,115.0,111.0,1773949150.662
115.0,111.0,115.0,111.0,1773949150.681
114.0,111.0,114.0,111.0,1773949150.603
114.0,111.0,114.0,111.0,1773949150.621
114.0,111.0,114.0,111.0,1773949150.641
115.0,111.0,115.0,111.0,1773949150.662
115.0,111.0,115.0,111.0,1773949150.681
113.0,111.0,113.0,111.0,1773949151.102
113.0,111.0,113.0,111.0,1773949151.12
113.0,111.0,113.0,111.0,1773949151.141
113.0,111.0,113.0,111.0,1773949151.161
113.0,111.0,113.0,111.0,1773949151.181
113.0,111.0,113.0,111.0,1773949151.102
113.0,111.0,113.0,111.0,1773949151.12
113.0,111.0,113.0,111.0,1773949151.141
113.0,111.0,113.0,111.0,1773949151.161
113.0,111.0,113.0,111.0,1773949151.181
112.0,111.0,112.0,111.0,1773949151.621
111.0,110.0,111.0,110.0,1773949151.643
111.0,110.0,111.0,110.0,1773949151.662
111.0,110.0,111.0,110.0,1773949151.681
111.0,110.0,111.0,110.0,1773949151.703
112.0,111.0,112.0,111.0,1773949151.621
111.0,110.0,111.0,110.0,1773949151.643
111.0,110.0,111.0,110.0,1773949151.662
111.0,110.0,111.0,110.0,1773949151.681
111.0,110.0,111.0,110.0,1773949151.703
112.0,111.0,112.0,111.0,1773949151.621
111.0,110.0,111.0,110.0,1773949151.643
111.0,110.0,111.0,110.0,1773949151.662
111.0,110.0,111.0,110.0,1773949151.681
111.0,110.0,111.0,110.0,1773949151.703
109.0,109.0,109.0,109.0,1773949152.122
109.0,109.0,109.0,109.0,1773949152.141
109.0,109.0,109.0,109.0,1773949152.161
109.0,109.0,109.0,109.0,1773949152.187
109.0,109.0,109.0,109.0,1773949152.201
109.0,109.0,109.0,109.0,1773949152.122
109.0,109.0,109.0,109.0,1773949152.141
109.0,109.0,109.0,109.0,1773949152.161
109.0,109.0,109.0,109.0,1773949152.187
109.0,109.0,109.0,109.0,1773949152.201
109.0,109.0,109.0,109.0,1773949152.641
109.0,109.0,109.0,109.0,1773949152.661
109.0,109.0,109.0,109.0,1773949152.681
109.0,109.0,109.0,109.0,1773949152.702
111.0,109.0,111.0,109.0,1773949152.721
109.0,109.0,109.0,109.0,1773949152.641
109.0,109.0,109.0,109.0,1773949152.661
109.0,109.0,109.0,109.0,1773949152.681
109.0,109.0,109.0,109.0,1773949152.702
111.0,109.0,111.0,109.0,1773949152.721
114.0,111.0,114.0,111.0,1773949153.149
113.0,111.0,113.0,111.0,1773949153.161
113.0,111.0,113.0,111.0,1773949153.181
113.0,111.0,113.0,111.0,1773949153.202
113.0,111.0,113.0,111.0,1773949153.221
114.0,111.0,114.0,111.0,1773949153.149
113.0,111.0,113.0,111.0,1773949153.161
113.0,111.0,113.0,111.0,1773949153.181
113.0,111.0,113.0,111.0,1773949153.202
113.0,111.0,113.0,111.0,1773949153.221
114.0,111.0,114.0,111.0,1773949153.149
113.0,111.0,113.0,111.0,1773949153.161
113.0,111.0,113.0,111.0,1773949153.181
113.0,111.0,113.0,111.0,1773949153.202
113.0,111.0,113.0,111.0,1773949153.221
114.0,111.0,114.0,111.0,1773949153.149
113.0,111.0,113.0,111.0,1773949153.161
113.0,111.0,113.0,111.0,1773949153.181
113.0,111.0,113.0,111.0,1773949153.202
113.0,111.0,113.0,111.0,1773949153.221
114.0,111.0,114.0,111.0,1773949153.149
113.0,111.0,113.0,111.0,1773949153.161
113.0,111.0,113.0,111.0,1773949153.181
113.0,111.0,113.0,111.0,1773949153.202
113.0,111.0,113.0,111.0,1773949153.221
114.0,111.0,114.0,111.0,1773949153.149
113.0,111.0,113.0,111.0,1773949153.161
113.0,111.0,113.0,111.0,1773949153.181
113.0,111.0,113.0,111.0,1773949153.202
113.0,111.0,113.0,111.0,1773949153.221
114.0,112.0,114.0,112.0,1773949153.662
115.0,112.0,115.0,112.0,1773949153.681
115.0,112.0,115.0,112.0,1773949153.701
115.0,112.0,115.0,112.0,1773949153.721
115.0,112.0,115.0,112.0,1773949153.741
114.0,114.0,114.0,114.0,1773949154.161
114.0,114.0,114.0,114.0,1773949154.182
114.0,114.0,114.0,114.0,1773949154.202
115.0,114.0,115.0,114.0,1773949154.221
115.0,114.0,115.0,114.0,1773949154.241
114.0,114.0,114.0,114.0,1773949154.161
114.0,114.0,114.0,114.0,1773949154.182
114.0,114.0,114.0,114.0,1773949154.202
115.0,114.0,115.0,114.0,1773949154.221
115.0,114.0,115.0,114.0,1773949154.241
114.0,114.0,114.0,114.0,1773949154.161
114.0,114.0,114.0,114.0,1773949154.182
114.0,114.0,114.0,114.0,1773949154.202
115.0,114.0,115.0,114.0,1773949154.221
115.0,114.0,115.0,114.0,1773949154.241
111.0,112.0,111.0,112.0,1773949154.661
111.0,112.0,111.0,112.0,1773949154.681
111.0,112.0,111.0,112.0,1773949154.702
111.0,112.0,111.0,112.0,1773949154.721
111.0,112.0,111.0,112.0,1773949154.741
111.0,112.0,111.0,112.0,1773949154.661
111.0,112.0,111.0,112.0,1773949154.681
111.0,112.0,111.0,112.0,1773949154.702
111.0,112.0,111.0,112.0,1773949154.721
111.0,112.0,111.0,112.0,1773949154.741
111.0,109.0,111.0,109.0,1773949155.162
111.0,110.0,111.0,110.0,1773949155.182
111.0,110.0,111.0,110.0,1773949155.201
111.0,110.0,111.0,110.0,1773949155.221
111.0,110.0,111.0,110.0,1773949155.243
111.0,109.0,111.0,109.0,1773949155.162
111.0,110.0,111.0,110.0,1773949155.182
111.0,110.0,111.0,110.0,1773949155.201
111.0,110.0,111.0,110.0,1773949155.221
111.0,110.0,111.0,110.0,1773949155.243
112.0,109.0,112.0,109.0,1773949155.681
112.0,109.0,112.0,109.0,1773949155.701
113.0,110.0,113.0,110.0,1773949155.721
113.0,110.0,113.0,110.0,1773949155.742
113.0,110.0,113.0,110.0,1773949155.761
112.0,109.0,112.0,109.0,1773949155.681
112.0,109.0,112.0,109.0,1773949155.701
113.0,110.0,113.0,110.0,1773949155.721
113.0,110.0,113.0,110.0,1773949155.742
113.0,110.0,113.0,110.0,1773949155.761
112.0,109.0,112.0,109.0,1773949155.681
112.0,109.0,112.0,109.0,1773949155.701
113.0,110.0,113.0,110.0,1773949155.721
113.0,110.0,113.0,110.0,1773949155.742
113.0,110.0,113.0,110.0,1773949155.761
112.0,111.0,112.0,111.0,1773949156.182
112.0,111.0,112.0,111.0,1773949156.202
112.0,111.0,112.0,111.0,1773949156.221
112.0,111.0,112.0,111.0,1773949156.241
113.0,111.0,113.0,111.0,1773949156.261
112.0,111.0,112.0,111.0,1773949156.182
112.0,111.0,112.0,111.0,1773949156.202
112.0,111.0,112.0,111.0,1773949156.221
112.0,111.0,112.0,111.0,1773949156.241
113.0,111.0,113.0,111.0,1773949156.261
112.0,111.0,112.0,111.0,1773949156.182
112.0,111.0,112.0,111.0,1773949156.202
112.0,111.0,112.0,111.0,1773949156.221
112.0,111.0,112.0,111.0,1773949156.241
113.0,111.0,113.0,111.0,1773949156.261
112.0,112.0,112.0,112.0,1773949156.681
111.0,111.0,111.0,111.0,1773949156.703
111.0,111.0,111.0,111.0,1773949156.721
111.0,111.0,111.0,111.0,1773949156.742
111.0,111.0,111.0,111.0,1773949156.761
112.0,112.0,112.0,112.0,1773949156.681
111.0,111.0,111.0,111.0,1773949156.703
111.0,111.0,111.0,111.0,1773949156.721
111.0,111.0,111.0,111.0,1773949156.742
111.0,111.0,111.0,111.0,1773949156.761
100.0,103.0,100.0,103.0,1773949157.202
100.0,103.0,100.0,103.0,1773949157.221
96.0,100.0,96.0,100.0,1773949157.244
96.0,100.0,96.0,100.0,1773949157.262
96.0,100.0,96.0,100.0,1773949157.281
100.0,103.0,100.0,103.0,1773949157.202
100.0,103.0,100.0,103.0,1773949157.221
96.0,100.0,96.0,100.0,1773949157.244
96.0,100.0,96.0,100.0,1773949157.262
96.0,100.0,96.0,100.0,1773949157.281
100.0,103.0,100.0,103.0,1773949157.202
100.0,103.0,100.0,103.0,1773949157.221
96.0,100.0,96.0,100.0,1773949157.244
96.0,100.0,96.0,100.0,1773949157.262
96.0,100.0,96.0,100.0,1773949157.281
83.0,96.0,83.0,96.0,1773949157.702
83.0,96.0,83.0,96.0,1773949157.721
83.0,96.0,83.0,96.0,1773949157.741
82.0,96.0,82.0,96.0,1773949157.761
82.0,96.0,82.0,96.0,1773949157.781
83.0,96.0,83.0,96.0,1773949157.702
83.0,96.0,83.0,96.0,1773949157.721
83.0,96.0,83.0,96.0,1773949157.741
82.0,96.0,82.0,96.0,1773949157.761
82.0,96.0,82.0,96.0,1773949157.781
90.0,105.0,90.0,105.0,1773949158.221
90.0,105.0,90.0,105.0,1773949158.241
90.0,105.0,90.0,105.0,1773949158.261
90.0,105.0,90.0,105.0,1773949158.281
94.0,109.0,94.0,109.0,1773949158.303
90.0,105.0,90.0,105.0,1773949158.221
90.0,105.0,90.0,105.0,1773949158.241
90.0,105.0,90.0,105.0,1773949158.261
90.0,105.0,90.0,105.0,1773949158.281
94.0,109.0,94.0,109.0,1773949158.303
105.0,114.0,105.0,114.0,1773949158.721
108.0,115.0,108.0,115.0,1773949158.741
108.0,115.0,108.0,115.0,1773949158.763
108.0,115.0,108.0,115.0,1773949158.782
108.0,115.0,108.0,115.0,1773949158.802
105.0,114.0,105.0,114.0,1773949158.721
108.0,115.0,108.0,115.0,1773949158.741
108.0,115.0,108.0,115.0,1773949158.763
108.0,115.0,108.0,115.0,1773949158.782
108.0,115.0,108.0,115.0,1773949158.802
105.0,114.0,105.0,114.0,1773949158.721
108.0,115.0,108.0,115.0,1773949158.741
108.0,115.0,108.0,115.0,1773949158.763
108.0,115.0,108.0,115.0,1773949158.782
108.0,115.0,108.0,115.0,1773949158.802
110.0,113.0,110.0,113.0,1773949159.241
111.0,112.0,111.0,112.0,1773949159.262
111.0,112.0,111.0,112.0,1773949159.281
111.0,112.0,111.0,112.0,1773949159.302
111.0,112.0,111.0,112.0,1773949159.321
110.0,113.0,110.0,113.0,1773949159.241
111.0,112.0,111.0,112.0,1773949159.262
111.0,112.0,111.0,112.0,1773949159.281
111.0,112.0,111.0,112.0,1773949159.302
111.0,112.0,111.0,112.0,1773949159.321
110.0,111.0,110.0,111.0,1773949159.741
110.0,111.0,110.0,111.0,1773949159.761
110.0,111.0,110.0,111.0,1773949159.781
109.0,109.0,109.0,109.0,1773949159.804
109.0,109.0,109.0,109.0,1773949159.821
110.0,111.0,110.0,111.0,1773949159.741
110.0,111.0,110.0,111.0,1773949159.761
110.0,111.0,110.0,111.0,1773949159.781
109.0,109.0,109.0,109.0,1773949159.804
109.0,109.0,109.0,109.0,1773949159.821
110.0,111.0,110.0,111.0,1773949159.741
110.0,111.0,110.0,111.0,1773949159.761
110.0,111.0,110.0,111.0,1773949159.781
109.0,109.0,109.0,109.0,1773949159.804
109.0,109.0,109.0,109.0,1773949159.821
104.0,101.0,104.0,101.0,1773949160.261
104.0,101.0,104.0,101.0,1773949160.281
104.0,101.0,104.0,101.0,1773949160.301
104.0,101.0,104.0,101.0,1773949160.321
102.0,97.0,102.0,97.0,1773949160.341
104.0,101.0,104.0,101.0,1773949160.261
104.0,101.0,104.0,101.0,1773949160.281
104.0,101.0,104.0,101.0,1773949160.301
104.0,101.0,104.0,101.0,1773949160.321
102.0,97.0,102.0,97.0,1773949160.341
94.0,78.0,94.0,78.0,1773949160.761
94.0,78.0,94.0,78.0,1773949160.781
94.0,78.0,94.0,78.0,1773949160.802
94.0,78.0,94.0,78.0,1773949160.822
94.0,78.0,94.0,78.0,1773949160.841
94.0,78.0,94.0,78.0,1773949160.761
94.0,78.0,94.0,78.0,1773949160.781
94.0,78.0,94.0,78.0,1773949160.802
94.0,78.0,94.0,78.0,1773949160.822
94.0,78.0,94.0,78.0,1773949160.841
93.0,64.0,93.0,64.0,1773949161.281
93.0,64.0,93.0,64.0,1773949161.301
94.0,62.0,94.0,62.0,1773949161.322
94.0,62.0,94.0,62.0,1773949161.341
94.0,62.0,94.0,62.0,1773949161.361
93.0,64.0,93.0,64.0,1773949161.281
93.0,64.0,93.0,64.0,1773949161.301
94.0,62.0,94.0,62.0,1773949161.322
94.0,62.0,94.0,62.0,1773949161.341
94.0,62.0,94.0,62.0,1773949161.361
96.0,59.0,96.0,59.0,1773949161.782
96.0,59.0,96.0,59.0,1773949161.802
96.0,59.0,96.0,59.0,1773949161.821
97.0,61.0,97.0,61.0,1773949161.841
97.0,61.0,97.0,61.0,1773949161.861
96.0,59.0,96.0,59.0,1773949161.782
96.0,59.0,96.0,59.0,1773949161.802
96.0,59.0,96.0,59.0,1773949161.821
97.0,61.0,97.0,61.0,1773949161.841
97.0,61.0,97.0,61.0,1773949161.861
103.0,78.0,103.0,78.0,1773949162.318
103.0,78.0,103.0,78.0,1773949162.33
103.0,78.0,103.0,78.0,1773949162.344
103.0,78.0,103.0,78.0,1773949162.362
105.0,82.0,105.0,82.0,1773949162.383
103.0,78.0,103.0,78.0,1773949162.318
103.0,78.0,103.0,78.0,1773949162.33
103.0,78.0,103.0,78.0,1773949162.344
103.0,78.0,103.0,78.0,1773949162.362
105.0,82.0,105.0,82.0,1773949162.383
114.0,102.0,114.0,102.0,1773949162.801
114.0,102.0,114.0,102.0,1773949162.821
114.0,102.0,114.0,102.0,1773949162.841
114.0,102.0,114.0,102.0,1773949162.861
114.0,102.0,114.0,102.0,1773949162.881
114.0,102.0,114.0,102.0,1773949162.801
114.0,102.0,114.0,102.0,1773949162.821
114.0,102.0,114.0,102.0,1773949162.841
114.0,102.0,114.0,102.0,1773949162.861
114.0,102.0,114.0,102.0,1773949162.881
115.0,108.0,115.0,108.0,1773949163.321
116.0,108.0,116.0,108.0,1773949163.341
116.0,108.0,116.0,108.0,1773949163.361
116.0,108.0,116.0,108.0,1773949163.386
116.0,108.0,116.0,108.0,1773949163.402
115.0,108.0,115.0,108.0,1773949163.321
116.0,108.0,116.0,108.0,1773949163.341
116.0,108.0,116.0,108.0,1773949163.361
116.0,108.0,116.0,108.0,1773949163.386
116.0,108.0,116.0,108.0,1773949163.402
-92.0,88.0,-92.0,88.0,1773949163.821
-92.0,88.0,-92.0,88.0,1773949163.841
-92.0,88.0,-92.0,88.0,1773949163.861
-80.0,76.0,-80.0,76.0,1773949163.881
-80.0,76.0,-80.0,76.0,1773949163.901
-92.0,88.0,-92.0,88.0,1773949163.821
-92.0,88.0,-92.0,88.0,1773949163.841
-92.0,88.0,-92.0,88.0,1773949163.861
-80.0,76.0,-80.0,76.0,1773949163.881
-80.0,76.0,-80.0,76.0,1773949163.901
-34.0,33.0,-34.0,33.0,1773949164.341
-34.0,33.0,-34.0,33.0,1773949164.361
-34.0,33.0,-34.0,33.0,1773949164.381
-34.0,33.0,-34.0,33.0,1773949164.401
-22.0,21.0,-22.0,21.0,1773949164.422
-34.0,33.0,-34.0,33.0,1773949164.341
-34.0,33.0,-34.0,33.0,1773949164.361
-34.0,33.0,-34.0,33.0,1773949164.381
-34.0,33.0,-34.0,33.0,1773949164.401
-22.0,21.0,-22.0,21.0,1773949164.422
-4.0,0.0,-4.0,0.0,1773949164.841
-6.0,2.0,-6.0,2.0,1773949164.863
-6.0,2.0,-6.0,2.0,1773949164.881
-6.0,2.0,-6.0,2.0,1773949164.902
-6.0,2.0,-6.0,2.0,1773949164.922
-4.0,0.0,-4.0,0.0,1773949164.841
-6.0,2.0,-6.0,2.0,1773949164.863
-6.0,2.0,-6.0,2.0,1773949164.881
-6.0,2.0,-6.0,2.0,1773949164.902
-6.0,2.0,-6.0,2.0,1773949164.922
-4.0,0.0,-4.0,0.0,1773949164.841
-6.0,2.0,-6.0,2.0,1773949164.863
-6.0,2.0,-6.0,2.0,1773949164.881
-6.0,2.0,-6.0,2.0,1773949164.902
-6.0,2.0,-6.0,2.0,1773949164.922
-13.0,9.0,-13.0,9.0,1773949165.362
-16.0,12.0,-16.0,12.0,1773949165.382
-16.0,12.0,-16.0,12.0,1773949165.403
-16.0,12.0,-16.0,12.0,1773949165.421
-16.0,12.0,-16.0,12.0,1773949165.441
-13.0,9.0,-13.0,9.0,1773949165.362
-16.0,12.0,-16.0,12.0,1773949165.382
-16.0,12.0,-16.0,12.0,1773949165.403
-16.0,12.0,-16.0,12.0,1773949165.421
-16.0,12.0,-16.0,12.0,1773949165.441
-16.0,12.0,-16.0,12.0,1773949165.861
-16.0,12.0,-16.0,12.0,1773949165.881
-16.0,12.0,-16.0,12.0,1773949165.903
14.0,9.0,14.0,9.0,1773949165.921
14.0,9.0,14.0,9.0,1773949165.941
28.0,7.0,28.0,7.0,1773949166.381
28.0,7.0,28.0,7.0,1773949166.402
28.0,7.0,28.0,7.0,1773949166.421
28.0,7.0,28.0,7.0,1773949166.441
31.0,11.0,31.0,11.0,1773949166.461
28.0,7.0,28.0,7.0,1773949166.381
28.0,7.0,28.0,7.0,1773949166.402
28.0,7.0,28.0,7.0,1773949166.421
28.0,7.0,28.0,7.0,1773949166.441
31.0,11.0,31.0,11.0,1773949166.461
57.0,42.0,57.0,42.0,1773949166.881
57.0,42.0,57.0,42.0,1773949166.901
57.0,42.0,57.0,42.0,1773949166.922
57.0,42.0,57.0,42.0,1773949166.941
57.0,42.0,57.0,42.0,1773949166.961
57.0,42.0,57.0,42.0,1773949166.881
57.0,42.0,57.0,42.0,1773949166.901
57.0,42.0,57.0,42.0,1773949166.922
57.0,42.0,57.0,42.0,1773949166.941
57.0,42.0,57.0,42.0,1773949166.961
82.0,83.0,82.0,83.0,1773949167.406
88.0,90.0,88.0,90.0,1773949167.426
88.0,90.0,88.0,90.0,1773949167.441
88.0,90.0,88.0,90.0,1773949167.461
88.0,90.0,88.0,90.0,1773949167.481
82.0,83.0,82.0,83.0,1773949167.406
88.0,90.0,88.0,90.0,1773949167.426
88.0,90.0,88.0,90.0,1773949167.441
88.0,90.0,88.0,90.0,1773949167.461
88.0,90.0,88.0,90.0,1773949167.481
106.0,109.0,106.0,109.0,1773949167.902
106.0,109.0,106.0,109.0,1773949167.923
106.0,109.0,106.0,109.0,1773949167.941
108.0,110.0,108.0,110.0,1773949167.962
108.0,110.0,108.0,110.0,1773949167.987
106.0,109.0,106.0,109.0,1773949167.902
106.0,109.0,106.0,109.0,1773949167.923
106.0,109.0,106.0,109.0,1773949167.941
108.0,110.0,108.0,110.0,1773949167.962
108.0,110.0,108.0,110.0,1773949167.987
110.0,111.0,110.0,111.0,1773949168.421
110.0,111.0,110.0,111.0,1773949168.441
110.0,111.0,110.0,111.0,1773949168.463
110.0,111.0,110.0,111.0,1773949168.481
111.0,111.0,111.0,111.0,1773949168.501
110.0,111.0,110.0,111.0,1773949168.421
110.0,111.0,110.0,111.0,1773949168.441
110.0,111.0,110.0,111.0,1773949168.463
110.0,111.0,110.0,111.0,1773949168.481
111.0,111.0,111.0,111.0,1773949168.501
112.0,109.0,112.0,109.0,1773949168.923
112.0,109.0,112.0,109.0,1773949168.942
112.0,109.0,112.0,109.0,1773949168.961
112.0,109.0,112.0,109.0,1773949168.981
112.0,109.0,112.0,109.0,1773949169.003
82.0,81.0,82.0,81.0,1773949169.441
82.0,81.0,82.0,81.0,1773949169.462
71.0,70.0,71.0,70.0,1773949169.481
71.0,70.0,71.0,70.0,1773949169.502
71.0,70.0,71.0,70.0,1773949169.522
82.0,81.0,82.0,81.0,1773949169.441
82.0,81.0,82.0,81.0,1773949169.462
71.0,70.0,71.0,70.0,1773949169.481
71.0,70.0,71.0,70.0,1773949169.502
71.0,70.0,71.0,70.0,1773949169.522
26.0,-25.0,26.0,-25.0,1773949169.941
26.0,-25.0,26.0,-25.0,1773949169.961
26.0,-25.0,26.0,-25.0,1773949169.981
26.0,-25.0,26.0,-25.0,1773949170.001
15.0,-16.0,15.0,-16.0,1773949170.021
26.0,-25.0,26.0,-25.0,1773949169.941
26.0,-25.0,26.0,-25.0,1773949169.961
26.0,-25.0,26.0,-25.0,1773949169.981
26.0,-25.0,26.0,-25.0,1773949170.001
15.0,-16.0,15.0,-16.0,1773949170.021
1.0,-6.0,1.0,-6.0,1773949170.462
1.0,-6.0,1.0,-6.0,1773949170.481
1.0,-6.0,1.0,-6.0,1773949170.502
1.0,-6.0,1.0,-6.0,1773949170.523
1.0,-6.0,1.0,-6.0,1773949170.541
11.0,-16.0,11.0,-16.0,1773949170.982
11.0,-16.0,11.0,-16.0,1773949171.003
11.0,-16.0,11.0,-16.0,1773949171.021
11.0,-16.0,11.0,-16.0,1773949171.041
11.0,-16.0,11.0,-16.0,1773949171.062
11.0,-16.0,11.0,-16.0,1773949170.982
11.0,-16.0,11.0,-16.0,1773949171.003
11.0,-16.0,11.0,-16.0,1773949171.021
11.0,-16.0,11.0,-16.0,1773949171.041
11.0,-16.0,11.0,-16.0,1773949171.062
19.0,-21.0,19.0,-21.0,1773949171.482
19.0,-21.0,19.0,-21.0,1773949171.501
19.0,-21.0,19.0,-21.0,1773949171.521
19.0,-21.0,19.0,-21.0,1773949171.541
19.0,-21.0,19.0,-21.0,1773949171.561
19.0,-21.0,19.0,-21.0,1773949171.482
19.0,-21.0,19.0,-21.0,1773949171.501
19.0,-21.0,19.0,-21.0,1773949171.521
19.0,-21.0,19.0,-21.0,1773949171.541
19.0,-21.0,19.0,-21.0,1773949171.561
15.0,-17.0,15.0,-17.0,1773949171.981
15.0,-17.0,15.0,-17.0,1773949172.001
15.0,-17.0,15.0,-17.0,1773949172.021
15.0,-17.0,15.0,-17.0,1773949172.041
15.0,-15.0,15.0,-15.0,1773949172.062
15.0,-17.0,15.0,-17.0,1773949171.981
15.0,-17.0,15.0,-17.0,1773949172.001
15.0,-17.0,15.0,-17.0,1773949172.021
15.0,-17.0,15.0,-17.0,1773949172.041
15.0,-15.0,15.0,-15.0,1773949172.062
7.0,6.0,7.0,6.0,1773949172.503
7.0,6.0,7.0,6.0,1773949172.521
7.0,6.0,7.0,6.0,1773949172.541
7.0,6.0,7.0,6.0,1773949172.562
7.0,6.0,7.0,6.0,1773949172.581
7.0,6.0,7.0,6.0,1773949172.503
7.0,6.0,7.0,6.0,1773949172.521
7.0,6.0,7.0,6.0,1773949172.541
7.0,6.0,7.0,6.0,1773949172.562
7.0,6.0,7.0,6.0,1773949172.581
26.0,2.0,26.0,2.0,1773949173.004
31.0,7.0,31.0,7.0,1773949173.021
31.0,7.0,31.0,7.0,1773949173.041
31.0,7.0,31.0,7.0,1773949173.062
31.0,7.0,31.0,7.0,1773949173.081
26.0,2.0,26.0,2.0,1773949173.004
31.0,7.0,31.0,7.0,1773949173.021
31.0,7.0,31.0,7.0,1773949173.041
31.0,7.0,31.0,7.0,1773949173.062
31.0,7.0,31.0,7.0,1773949173.081
66.0,40.0,66.0,40.0,1773949173.521
66.0,40.0,66.0,40.0,1773949173.541
76.0,51.0,76.0,51.0,1773949173.562
76.0,51.0,76.0,51.0,1773949173.581
76.0,51.0,76.0,51.0,1773949173.602
66.0,40.0,66.0,40.0,1773949173.521
66.0,40.0,66.0,40.0,1773949173.541
76.0,51.0,76.0,51.0,1773949173.562
76.0,51.0,76.0,51.0,1773949173.581
76.0,51.0,76.0,51.0,1773949173.602
66.0,-63.0,66.0,-63.0,1773949174.022
66.0,-63.0,66.0,-63.0,1773949174.042
66.0,-63.0,66.0,-63.0,1773949174.062
66.0,-63.0,66.0,-63.0,1773949174.081
61.0,-58.0,61.0,-58.0,1773949174.102
66.0,-63.0,66.0,-63.0,1773949174.022
66.0,-63.0,66.0,-63.0,1773949174.042
66.0,-63.0,66.0,-63.0,1773949174.062
66.0,-63.0,66.0,-63.0,1773949174.081
61.0,-58.0,61.0,-58.0,1773949174.102
27.0,-26.0,27.0,-26.0,1773949174.541
27.0,-26.0,27.0,-26.0,1773949174.562
27.0,-26.0,27.0,-26.0,1773949174.581
27.0,-26.0,27.0,-26.0,1773949174.603
27.0,-26.0,27.0,-26.0,1773949174.621
27.0,-26.0,27.0,-26.0,1773949174.541
27.0,-26.0,27.0,-26.0,1773949174.562
27.0,-26.0,27.0,-26.0,1773949174.581
27.0,-26.0,27.0,-26.0,1773949174.603
27.0,-26.0,27.0,-26.0,1773949174.621
6.0,-10.0,6.0,-10.0,1773949175.041
9.0,-12.0,9.0,-12.0,1773949175.064
9.0,-12.0,9.0,-12.0,1773949175.083
9.0,-12.0,9.0,-12.0,1773949175.102
9.0,-12.0,9.0,-12.0,1773949175.121
6.0,-10.0,6.0,-10.0,1773949175.041
9.0,-12.0,9.0,-12.0,1773949175.064
9.0,-12.0,9.0,-12.0,1773949175.083
9.0,-12.0,9.0,-12.0,1773949175.102
9.0,-12.0,9.0,-12.0,1773949175.121
15.0,-20.0,15.0,-20.0,1773949175.562
15.0,-20.0,15.0,-20.0,1773949175.582
15.0,19.0,15.0,19.0,1773949175.602
15.0,19.0,15.0,19.0,1773949175.621
15.0,19.0,15.0,19.0,1773949175.642
15.0,-20.0,15.0,-20.0,1773949175.562
15.0,-20.0,15.0,-20.0,1773949175.582
15.0,19.0,15.0,19.0,1773949175.602
15.0,19.0,15.0,19.0,1773949175.621
15.0,19.0,15.0,19.0,1773949175.642
10.0,10.0,10.0,10.0,1773949176.061
10.0,10.0,10.0,10.0,1773949176.081
10.0,10.0,10.0,10.0,1773949176.102
10.0,10.0,10.0,10.0,1773949176.128
7.0,8.0,7.0,8.0,1773949176.142
10.0,10.0,10.0,10.0,1773949176.061
10.0,10.0,10.0,10.0,1773949176.081
10.0,10.0,10.0,10.0,1773949176.102
10.0,10.0,10.0,10.0,1773949176.128
7.0,8.0,7.0,8.0,1773949176.142
33.0,22.0,33.0,22.0,1773949176.584
33.0,22.0,33.0,22.0,1773949176.603
33.0,22.0,33.0,22.0,1773949176.621
33.0,22.0,33.0,22.0,1773949176.641
33.0,22.0,33.0,22.0,1773949176.661
33.0,22.0,33.0,22.0,1773949176.584
33.0,22.0,33.0,22.0,1773949176.603
33.0,22.0,33.0,22.0,1773949176.621
33.0,22.0,33.0,22.0,1773949176.641
33.0,22.0,33.0,22.0,1773949176.661
33.0,22.0,33.0,22.0,1773949176.584
33.0,22.0,33.0,22.0,1773949176.603
33.0,22.0,33.0,22.0,1773949176.621
33.0,22.0,33.0,22.0,1773949176.641
33.0,22.0,33.0,22.0,1773949176.661
72.0,61.0,72.0,61.0,1773949177.082
83.0,73.0,83.0,73.0,1773949177.102
83.0,73.0,83.0,73.0,1773949177.121
83.0,73.0,83.0,73.0,1773949177.141
83.0,73.0,83.0,73.0,1773949177.161
72.0,61.0,72.0,61.0,1773949177.082
83.0,73.0,83.0,73.0,1773949177.102
83.0,73.0,83.0,73.0,1773949177.121
83.0,73.0,83.0,73.0,1773949177.141
83.0,73.0,83.0,73.0,1773949177.161
101.0,103.0,101.0,103.0,1773949177.602
101.0,103.0,101.0,103.0,1773949177.621
104.0,105.0,104.0,105.0,1773949177.641
104.0,105.0,104.0,105.0,1773949177.661
104.0,105.0,104.0,105.0,1773949177.681
101.0,103.0,101.0,103.0,1773949177.602
101.0,103.0,101.0,103.0,1773949177.621
104.0,105.0,104.0,105.0,1773949177.641
104.0,105.0,104.0,105.0,1773949177.661
104.0,105.0,104.0,105.0,1773949177.681
109.0,109.0,109.0,109.0,1773949178.121
109.0,109.0,109.0,109.0,1773949178.142
109.0,109.0,109.0,109.0,1773949178.161
108.0,108.0,108.0,108.0,1773949178.181
108.0,108.0,108.0,108.0,1773949178.204
109.0,109.0,109.0,109.0,1773949178.121
109.0,109.0,109.0,109.0,1773949178.142
109.0,109.0,109.0,109.0,1773949178.161
108.0,108.0,108.0,108.0,1773949178.181
108.0,108.0,108.0,108.0,1773949178.204
108.0,106.0,108.0,106.0,1773949178.621
108.0,106.0,108.0,106.0,1773949178.641
108.0,106.0,108.0,106.0,1773949178.663
108.0,106.0,108.0,106.0,1773949178.681
108.0,106.0,108.0,106.0,1773949178.702
108.0,106.0,108.0,106.0,1773949178.621
108.0,106.0,108.0,106.0,1773949178.641
108.0,106.0,108.0,106.0,1773949178.663
108.0,106.0,108.0,106.0,1773949178.681
108.0,106.0,108.0,106.0,1773949178.702
106.0,108.0,106.0,108.0,1773949179.121
106.0,108.0,106.0,108.0,1773949179.141
106.0,109.0,106.0,109.0,1773949179.161
106.0,109.0,106.0,109.0,1773949179.182
106.0,109.0,106.0,109.0,1773949179.201
106.0,108.0,106.0,108.0,1773949179.121
106.0,108.0,106.0,108.0,1773949179.141
106.0,109.0,106.0,109.0,1773949179.161
106.0,109.0,106.0,109.0,1773949179.182
106.0,109.0,106.0,109.0,1773949179.201
109.0,113.0,109.0,113.0,1773949179.641
109.0,113.0,109.0,113.0,1773949179.661
109.0,113.0,109.0,113.0,1773949179.681
109.0,114.0,109.0,114.0,1773949179.703
109.0,114.0,109.0,114.0,1773949179.721
109.0,113.0,109.0,113.0,1773949179.641
109.0,113.0,109.0,113.0,1773949179.661
109.0,113.0,109.0,113.0,1773949179.681
109.0,114.0,109.0,114.0,1773949179.703
109.0,114.0,109.0,114.0,1773949179.721
112.0,111.0,112.0,111.0,1773949180.141
112.0,111.0,112.0,111.0,1773949180.161
112.0,111.0,112.0,111.0,1773949180.182
112.0,111.0,112.0,111.0,1773949180.202
112.0,112.0,112.0,112.0,1773949180.221
112.0,111.0,112.0,111.0,1773949180.141
112.0,111.0,112.0,111.0,1773949180.161
112.0,111.0,112.0,111.0,1773949180.182
112.0,111.0,112.0,111.0,1773949180.202
112.0,112.0,112.0,112.0,1773949180.221
112.0,112.0,112.0,112.0,1773949180.661
112.0,112.0,112.0,112.0,1773949180.681
112.0,112.0,112.0,112.0,1773949180.703
112.0,112.0,112.0,112.0,1773949180.721
112.0,112.0,112.0,112.0,1773949180.741
112.0,112.0,112.0,112.0,1773949180.661
112.0,112.0,112.0,112.0,1773949180.681
112.0,112.0,112.0,112.0,1773949180.703
112.0,112.0,112.0,112.0,1773949180.721
112.0,112.0,112.0,112.0,1773949180.741
109.0,110.0,109.0,110.0,1773949181.161
109.0,110.0,109.0,110.0,1773949181.182
107.0,109.0,107.0,109.0,1773949181.203
107.0,109.0,107.0,109.0,1773949181.222
107.0,109.0,107.0,109.0,1773949181.241
109.0,110.0,109.0,110.0,1773949181.161
109.0,110.0,109.0,110.0,1773949181.182
107.0,109.0,107.0,109.0,1773949181.203
107.0,109.0,107.0,109.0,1773949181.222
107.0,109.0,107.0,109.0,1773949181.241
95.0,100.0,95.0,100.0,1773949181.681
95.0,100.0,95.0,100.0,1773949181.702
93.0,98.0,93.0,98.0,1773949181.721
93.0,98.0,93.0,98.0,1773949181.741
93.0,98.0,93.0,98.0,1773949181.761
95.0,100.0,95.0,100.0,1773949181.681
95.0,100.0,95.0,100.0,1773949181.702
93.0,98.0,93.0,98.0,1773949181.721
93.0,98.0,93.0,98.0,1773949181.741
93.0,98.0,93.0,98.0,1773949181.761
95.0,100.0,95.0,100.0,1773949181.681
95.0,100.0,95.0,100.0,1773949181.702
93.0,98.0,93.0,98.0,1773949181.721
93.0,98.0,93.0,98.0,1773949181.741
93.0,98.0,93.0,98.0,1773949181.761
88.0,99.0,88.0,99.0,1773949182.182
88.0,99.0,88.0,99.0,1773949182.203
88.0,99.0,88.0,99.0,1773949182.221
88.0,99.0,88.0,99.0,1773949182.241
90.0,100.0,90.0,100.0,1773949182.262
99.0,106.0,99.0,106.0,1773949182.703
99.0,106.0,99.0,106.0,1773949182.721
99.0,106.0,99.0,106.0,1773949182.741
99.0,106.0,99.0,106.0,1773949182.762
99.0,106.0,99.0,106.0,1773949182.782
99.0,106.0,99.0,106.0,1773949182.703
99.0,106.0,99.0,106.0,1773949182.721
99.0,106.0,99.0,106.0,1773949182.741
99.0,106.0,99.0,106.0,1773949182.762
99.0,106.0,99.0,106.0,1773949182.782
99.0,106.0,99.0,106.0,1773949182.703
99.0,106.0,99.0,106.0,1773949182.721
99.0,106.0,99.0,106.0,1773949182.741
99.0,106.0,99.0,106.0,1773949182.762
99.0,106.0,99.0,106.0,1773949182.782
106.0,112.0,106.0,112.0,1773949183.202
107.0,112.0,107.0,112.0,1773949183.223
107.0,112.0,107.0,112.0,1773949183.241
107.0,112.0,107.0,112.0,1773949183.262
107.0,112.0,107.0,112.0,1773949183.281
107.0,113.0,107.0,113.0,1773949183.722
107.0,113.0,107.0,113.0,1773949183.741
109.0,114.0,109.0,114.0,1773949183.761
109.0,114.0,109.0,114.0,1773949183.782
109.0,114.0,109.0,114.0,1773949183.802
107.0,113.0,107.0,113.0,1773949183.722
107.0,113.0,107.0,113.0,1773949183.741
109.0,114.0,109.0,114.0,1773949183.761
109.0,114.0,109.0,114.0,1773949183.782
109.0,114.0,109.0,114.0,1773949183.802
111.0,113.0,111.0,113.0,1773949184.221
111.0,113.0,111.0,113.0,1773949184.241
111.0,113.0,111.0,113.0,1773949184.261
111.0,113.0,111.0,113.0,1773949184.281
111.0,112.0,111.0,112.0,1773949184.302
111.0,113.0,111.0,113.0,1773949184.221
111.0,113.0,111.0,113.0,1773949184.241
111.0,113.0,111.0,113.0,1773949184.261
111.0,113.0,111.0,113.0,1773949184.281
111.0,112.0,111.0,112.0,1773949184.302
114.0,112.0,114.0,112.0,1773949184.741
114.0,112.0,114.0,112.0,1773949184.762
114.0,112.0,114.0,112.0,1773949184.782
114.0,112.0,114.0,112.0,1773949184.803
114.0,112.0,114.0,112.0,1773949184.821
114.0,112.0,114.0,112.0,1773949184.741
114.0,112.0,114.0,112.0,1773949184.762
114.0,112.0,114.0,112.0,1773949184.782
114.0,112.0,114.0,112.0,1773949184.803
114.0,112.0,114.0,112.0,1773949184.821
111.0,110.0,111.0,110.0,1773949185.242
111.0,109.0,111.0,109.0,1773949185.262
111.0,109.0,111.0,109.0,1773949185.281
111.0,109.0,111.0,109.0,1773949185.303
111.0,109.0,111.0,109.0,1773949185.322
111.0,110.0,111.0,110.0,1773949185.242
111.0,109.0,111.0,109.0,1773949185.262
111.0,109.0,111.0,109.0,1773949185.281
111.0,109.0,111.0,109.0,1773949185.303
111.0,109.0,111.0,109.0,1773949185.322
109.0,107.0,109.0,107.0,1773949185.761
109.0,107.0,109.0,107.0,1773949185.782
109.0,107.0,109.0,107.0,1773949185.803
109.0,107.0,109.0,107.0,1773949185.822
109.0,107.0,109.0,107.0,1773949185.841
109.0,107.0,109.0,107.0,1773949185.761
109.0,107.0,109.0,107.0,1773949185.782
109.0,107.0,109.0,107.0,1773949185.803
109.0,107.0,109.0,107.0,1773949185.822
109.0,107.0,109.0,107.0,1773949185.841
111.0,106.0,111.0,106.0,1773949186.261
111.0,106.0,111.0,106.0,1773949186.282
111.0,106.0,111.0,106.0,1773949186.303
111.0,106.0,111.0,106.0,1773949186.322
111.0,106.0,111.0,106.0,1773949186.341
111.0,106.0,111.0,106.0,1773949186.261
111.0,106.0,111.0,106.0,1773949186.282
111.0,106.0,111.0,106.0,1773949186.303
111.0,106.0,111.0,106.0,1773949186.322
111.0,106.0,111.0,106.0,1773949186.341
108.0,100.0,108.0,100.0,1773949186.782
108.0,100.0,108.0,100.0,1773949186.802
108.0,100.0,108.0,100.0,1773949186.822
108.0,100.0,108.0,100.0,1773949186.842
108.0,100.0,108.0,100.0,1773949186.862
105.0,87.0,105.0,87.0,1773949187.282
105.0,86.0,105.0,86.0,1773949187.303
105.0,86.0,105.0,86.0,1773949187.322
105.0,86.0,105.0,86.0,1773949187.342
105.0,86.0,105.0,86.0,1773949187.362
105.0,87.0,105.0,87.0,1773949187.282
105.0,86.0,105.0,86.0,1773949187.303
105.0,86.0,105.0,86.0,1773949187.322
105.0,86.0,105.0,86.0,1773949187.342
105.0,86.0,105.0,86.0,1773949187.362
108.0,88.0,108.0,88.0,1773949187.804
108.0,88.0,108.0,88.0,1773949187.824
109.0,90.0,109.0,90.0,1773949187.842
109.0,90.0,109.0,90.0,1773949187.862
109.0,90.0,109.0,90.0,1773949187.882
108.0,88.0,108.0,88.0,1773949187.804
108.0,88.0,108.0,88.0,1773949187.824
109.0,90.0,109.0,90.0,1773949187.842
109.0,90.0,109.0,90.0,1773949187.862
109.0,90.0,109.0,90.0,1773949187.882
112.0,100.0,112.0,100.0,1773949188.302
112.0,100.0,112.0,100.0,1773949188.322
112.0,100.0,112.0,100.0,1773949188.345
112.0,100.0,112.0,100.0,1773949188.362
111.0,102.0,111.0,102.0,1773949188.382
112.0,100.0,112.0,100.0,1773949188.302
112.0,100.0,112.0,100.0,1773949188.322
112.0,100.0,112.0,100.0,1773949188.345
112.0,100.0,112.0,100.0,1773949188.362
111.0,102.0,111.0,102.0,1773949188.382
108.0,104.0,108.0,104.0,1773949188.826
108.0,104.0,108.0,104.0,1773949188.842
108.0,104.0,108.0,104.0,1773949188.863
108.0,104.0,108.0,104.0,1773949188.885
108.0,104.0,108.0,104.0,1773949188.902
102.0,103.0,102.0,103.0,1773949189.323
100.0,103.0,100.0,103.0,1773949189.342
100.0,103.0,100.0,103.0,1773949189.362
100.0,103.0,100.0,103.0,1773949189.382
100.0,103.0,100.0,103.0,1773949189.402
102.0,103.0,102.0,103.0,1773949189.323
100.0,103.0,100.0,103.0,1773949189.342
100.0,103.0,100.0,103.0,1773949189.362
100.0,103.0,100.0,103.0,1773949189.382
100.0,103.0,100.0,103.0,1773949189.402
100.0,107.0,100.0,107.0,1773949189.842
100.0,107.0,100.0,107.0,1773949189.862
100.0,108.0,100.0,108.0,1773949189.882
100.0,108.0,100.0,108.0,1773949189.904
100.0,108.0,100.0,108.0,1773949189.922
100.0,107.0,100.0,107.0,1773949189.842
100.0,107.0,100.0,107.0,1773949189.862
100.0,108.0,100.0,108.0,1773949189.882
100.0,108.0,100.0,108.0,1773949189.904
100.0,108.0,100.0,108.0,1773949189.922
103.0,111.0,103.0,111.0,1773949190.342
103.0,111.0,103.0,111.0,1773949190.363
103.0,111.0,103.0,111.0,1773949190.383
103.0,111.0,103.0,111.0,1773949190.402
103.0,112.0,103.0,112.0,1773949190.422
103.0,111.0,103.0,111.0,1773949190.342
103.0,111.0,103.0,111.0,1773949190.363
103.0,111.0,103.0,111.0,1773949190.383
103.0,111.0,103.0,111.0,1773949190.402
103.0,112.0,103.0,112.0,1773949190.422
106.0,111.0,106.0,111.0,1773949190.862
106.0,111.0,106.0,111.0,1773949190.882
106.0,111.0,106.0,111.0,1773949190.902
106.0,111.0,106.0,111.0,1773949190.922
106.0,111.0,106.0,111.0,1773949190.945
106.0,111.0,106.0,111.0,1773949190.862
106.0,111.0,106.0,111.0,1773949190.882
106.0,111.0,106.0,111.0,1773949190.902
106.0,111.0,106.0,111.0,1773949190.922
106.0,111.0,106.0,111.0,1773949190.945
109.0,110.0,109.0,110.0,1773949191.362
109.0,110.0,109.0,110.0,1773949191.382
109.0,110.0,109.0,110.0,1773949191.402
109.0,110.0,109.0,110.0,1773949191.422
109.0,110.0,109.0,110.0,1773949191.442
109.0,110.0,109.0,110.0,1773949191.362
109.0,110.0,109.0,110.0,1773949191.382
109.0,110.0,109.0,110.0,1773949191.402
109.0,110.0,109.0,110.0,1773949191.422
109.0,110.0,109.0,110.0,1773949191.442
111.0,112.0,111.0,112.0,1773949191.882
111.0,112.0,111.0,112.0,1773949191.902
112.0,112.0,112.0,112.0,1773949191.922
112.0,112.0,112.0,112.0,1773949191.942
112.0,112.0,112.0,112.0,1773949191.962
111.0,112.0,111.0,112.0,1773949191.882
111.0,112.0,111.0,112.0,1773949191.902
112.0,112.0,112.0,112.0,1773949191.922
112.0,112.0,112.0,112.0,1773949191.942
112.0,112.0,112.0,112.0,1773949191.962
111.0,111.0,111.0,111.0,1773949192.382
111.0,111.0,111.0,111.0,1773949192.402
111.0,111.0,111.0,111.0,1773949192.422
111.0,111.0,111.0,111.0,1773949192.442
112.0,112.0,112.0,112.0,1773949192.462
111.0,111.0,111.0,111.0,1773949192.382
111.0,111.0,111.0,111.0,1773949192.402
111.0,111.0,111.0,111.0,1773949192.422
111.0,111.0,111.0,111.0,1773949192.442
112.0,112.0,112.0,112.0,1773949192.462
115.0,116.0,115.0,116.0,1773949192.902
115.0,116.0,115.0,116.0,1773949192.922
115.0,116.0,115.0,116.0,1773949192.942
115.0,116.0,115.0,116.0,1773949192.962
115.0,115.0,115.0,115.0,1773949192.983
116.0,115.0,116.0,115.0,1773949193.423
116.0,115.0,116.0,115.0,1773949193.442
116.0,115.0,116.0,115.0,1773949193.47
116.0,115.0,116.0,115.0,1773949193.49
116.0,115.0,116.0,115.0,1773949193.502
116.0,115.0,116.0,115.0,1773949193.423
116.0,115.0,116.0,115.0,1773949193.442
116.0,115.0,116.0,115.0,1773949193.47
116.0,115.0,116.0,115.0,1773949193.49
116.0,115.0,116.0,115.0,1773949193.502
114.0,113.0,114.0,113.0,1773949193.922
114.0,113.0,114.0,113.0,1773949193.942
114.0,113.0,114.0,113.0,1773949193.962
114.0,113.0,114.0,113.0,1773949193.982
114.0,113.0,114.0,113.0,1773949194.002
114.0,113.0,114.0,113.0,1773949193.922
114.0,113.0,114.0,113.0,1773949193.942
114.0,113.0,114.0,113.0,1773949193.962
114.0,113.0,114.0,113.0,1773949193.982
114.0,113.0,114.0,113.0,1773949194.002
115.0,115.0,115.0,115.0,1773949194.422
115.0,115.0,115.0,115.0,1773949194.442
115.0,115.0,115.0,115.0,1773949194.462
115.0,114.0,115.0,114.0,1773949194.482
115.0,114.0,115.0,114.0,1773949194.502
115.0,115.0,115.0,115.0,1773949194.422
115.0,115.0,115.0,115.0,1773949194.442
115.0,115.0,115.0,115.0,1773949194.462
115.0,114.0,115.0,114.0,1773949194.482
115.0,114.0,115.0,114.0,1773949194.502
115.0,113.0,115.0,113.0,1773949194.942
115.0,113.0,115.0,113.0,1773949194.962
115.0,113.0,115.0,113.0,1773949194.982
115.0,113.0,115.0,113.0,1773949195.002
114.0,111.0,114.0,111.0,1773949195.022
115.0,113.0,115.0,113.0,1773949194.942
115.0,113.0,115.0,113.0,1773949194.962
115.0,113.0,115.0,113.0,1773949194.982
115.0,113.0,115.0,113.0,1773949195.002
114.0,111.0,114.0,111.0,1773949195.022
112.0,109.0,112.0,109.0,1773949195.442
112.0,109.0,112.0,109.0,1773949195.465
112.0,109.0,112.0,109.0,1773949195.482
112.0,109.0,112.0,109.0,1773949195.502
112.0,109.0,112.0,109.0,1773949195.522
112.0,109.0,112.0,109.0,1773949195.442
112.0,109.0,112.0,109.0,1773949195.465
112.0,109.0,112.0,109.0,1773949195.482
112.0,109.0,112.0,109.0,1773949195.502
112.0,109.0,112.0,109.0,1773949195.522
111.0,108.0,111.0,108.0,1773949195.962
111.0,108.0,111.0,108.0,1773949195.982
111.0,109.0,111.0,109.0,1773949196.002
111.0,109.0,111.0,109.0,1773949196.022
111.0,109.0,111.0,109.0,1773949196.042
111.0,108.0,111.0,108.0,1773949195.962
111.0,108.0,111.0,108.0,1773949195.982
111.0,109.0,111.0,109.0,1773949196.002
111.0,109.0,111.0,109.0,1773949196.022
111.0,109.0,111.0,109.0,1773949196.042
112.0,111.0,112.0,111.0,1773949196.462
112.0,111.0,112.0,111.0,1773949196.482
112.0,111.0,112.0,111.0,1773949196.502
112.0,111.0,112.0,111.0,1773949196.522
113.0,112.0,113.0,112.0,1773949196.542
112.0,111.0,112.0,111.0,1773949196.462
112.0,111.0,112.0,111.0,1773949196.482
112.0,111.0,112.0,111.0,1773949196.502
112.0,111.0,112.0,111.0,1773949196.522
113.0,112.0,113.0,112.0,1773949196.542
112.0,113.0,112.0,113.0,1773949196.986
112.0,113.0,112.0,113.0,1773949197.002
112.0,113.0,112.0,113.0,1773949197.022
112.0,113.0,112.0,113.0,1773949197.042
112.0,113.0,112.0,113.0,1773949197.062
110.0,111.0,110.0,111.0,1773949197.482
111.0,111.0,111.0,111.0,1773949197.502
111.0,111.0,111.0,111.0,1773949197.522
111.0,111.0,111.0,111.0,1773949197.542
111.0,111.0,111.0,111.0,1773949197.562
110.0,111.0,110.0,111.0,1773949197.482
111.0,111.0,111.0,111.0,1773949197.502
111.0,111.0,111.0,111.0,1773949197.522
111.0,111.0,111.0,111.0,1773949197.542
111.0,111.0,111.0,111.0,1773949197.562
110.0,108.0,110.0,108.0,1773949198.002
110.0,108.0,110.0,108.0,1773949198.022
110.0,107.0,110.0,107.0,1773949198.042
110.0,107.0,110.0,107.0,1773949198.062
110.0,107.0,110.0,107.0,1773949198.082
110.0,108.0,110.0,108.0,1773949198.002
110.0,108.0,110.0,108.0,1773949198.022
110.0,107.0,110.0,107.0,1773949198.042
110.0,107.0,110.0,107.0,1773949198.062
110.0,107.0,110.0,107.0,1773949198.082
111.0,109.0,111.0,109.0,1773949198.511
111.0,109.0,111.0,109.0,1773949198.522
111.0,109.0,111.0,109.0,1773949198.542
111.0,109.0,111.0,109.0,1773949198.562
110.0,110.0,110.0,110.0,1773949198.583
111.0,112.0,111.0,112.0,1773949199.022
111.0,112.0,111.0,112.0,1773949199.044
111.0,112.0,111.0,112.0,1773949199.062
111.0,112.0,111.0,112.0,1773949199.082
112.0,115.0,112.0,115.0,1773949199.102
111.0,112.0,111.0,112.0,1773949199.022
111.0,112.0,111.0,112.0,1773949199.044
111.0,112.0,111.0,112.0,1773949199.062
111.0,112.0,111.0,112.0,1773949199.082
112.0,115.0,112.0,115.0,1773949199.102
112.0,114.0,112.0,114.0,1773949199.522
112.0,114.0,112.0,114.0,1773949199.542
112.0,114.0,112.0,114.0,1773949199.562
112.0,114.0,112.0,114.0,1773949199.584
112.0,114.0,112.0,114.0,1773949199.602
112.0,114.0,112.0,114.0,1773949199.522
112.0,114.0,112.0,114.0,1773949199.542
112.0,114.0,112.0,114.0,1773949199.562
112.0,114.0,112.0,114.0,1773949199.584
112.0,114.0,112.0,114.0,1773949199.602
112.0,115.0,112.0,115.0,1773949200.042
112.0,115.0,112.0,115.0,1773949200.063
112.0,115.0,112.0,115.0,1773949200.082
112.0,115.0,112.0,115.0,1773949200.102
112.0,115.0,112.0,115.0,1773949200.122
112.0,115.0,112.0,115.0,1773949200.042
112.0,115.0,112.0,115.0,1773949200.063
112.0,115.0,112.0,115.0,1773949200.082
112.0,115.0,112.0,115.0,1773949200.102
112.0,115.0,112.0,115.0,1773949200.122
113.0,117.0,113.0,117.0,1773949200.542
113.0,117.0,113.0,117.0,1773949200.562
113.0,117.0,113.0,117.0,1773949200.582
114.0,117.0,114.0,117.0,1773949200.602
114.0,117.0,114.0,117.0,1773949200.622
113.0,117.0,113.0,117.0,1773949200.542
113.0,117.0,113.0,117.0,1773949200.562
113.0,117.0,113.0,117.0,1773949200.582
114.0,117.0,114.0,117.0,1773949200.602
114.0,117.0,114.0,117.0,1773949200.622
115.0,118.0,115.0,118.0,1773949201.062
115.0,118.0,115.0,118.0,1773949201.082
115.0,118.0,115.0,118.0,1773949201.102
115.0,118.0,115.0,118.0,1773949201.122
117.0,118.0,117.0,118.0,1773949201.142
117.0,118.0,117.0,118.0,1773949201.563
117.0,118.0,117.0,118.0,1773949201.583
117.0,118.0,117.0,118.0,1773949201.602
117.0,118.0,117.0,118.0,1773949201.622
117.0,118.0,117.0,118.0,1773949201.642
117.0,118.0,117.0,118.0,1773949201.563
117.0,118.0,117.0,118.0,1773949201.583
117.0,118.0,117.0,118.0,1773949201.602
117.0,118.0,117.0,118.0,1773949201.622
117.0,118.0,117.0,118.0,1773949201.642
117.0,115.0,117.0,115.0,1773949202.082
117.0,115.0,117.0,115.0,1773949202.103
117.0,115.0,117.0,115.0,1773949202.122
117.0,115.0,117.0,115.0,1773949202.142
117.0,115.0,117.0,115.0,1773949202.162
117.0,115.0,117.0,115.0,1773949202.082
117.0,115.0,117.0,115.0,1773949202.103
117.0,115.0,117.0,115.0,1773949202.122
117.0,115.0,117.0,115.0,1773949202.142
117.0,115.0,117.0,115.0,1773949202.162
115.0,115.0,115.0,115.0,1773949202.605
115.0,115.0,115.0,115.0,1773949202.623
115.0,115.0,115.0,115.0,1773949202.642
115.0,115.0,115.0,115.0,1773949202.662
115.0,115.0,115.0,115.0,1773949202.682
115.0,115.0,115.0,115.0,1773949202.605
115.0,115.0,115.0,115.0,1773949202.623
115.0,115.0,115.0,115.0,1773949202.642
115.0,115.0,115.0,115.0,1773949202.662
115.0,115.0,115.0,115.0,1773949202.682
113.0,115.0,113.0,115.0,1773949203.102
113.0,115.0,113.0,115.0,1773949203.122
113.0,115.0,113.0,115.0,1773949203.142
113.0,115.0,113.0,115.0,1773949203.162
112.0,114.0,112.0,114.0,1773949203.183
113.0,115.0,113.0,115.0,1773949203.102
113.0,115.0,113.0,115.0,1773949203.122
113.0,115.0,113.0,115.0,1773949203.142
113.0,115.0,113.0,115.0,1773949203.162
112.0,114.0,112.0,114.0,1773949203.183
113.0,112.0,113.0,112.0,1773949203.622
113.0,112.0,113.0,112.0,1773949203.642
113.0,112.0,113.0,112.0,1773949203.662
113.0,112.0,113.0,112.0,1773949203.682
113.0,112.0,113.0,112.0,1773949203.702
113.0,112.0,113.0,112.0,1773949203.622
113.0,112.0,113.0,112.0,1773949203.642
113.0,112.0,113.0,112.0,1773949203.662
113.0,112.0,113.0,112.0,1773949203.682
113.0,112.0,113.0,112.0,1773949203.702
113.0,114.0,113.0,114.0,1773949204.122
113.0,114.0,113.0,114.0,1773949204.142
112.0,114.0,112.0,114.0,1773949204.165
112.0,114.0,112.0,114.0,1773949204.183
112.0,114.0,112.0,114.0,1773949204.204
113.0,114.0,113.0,114.0,1773949204.122
113.0,114.0,113.0,114.0,1773949204.142
112.0,114.0,112.0,114.0,1773949204.165
112.0,114.0,112.0,114.0,1773949204.183
112.0,114.0,112.0,114.0,1773949204.204
113.0,114.0,113.0,114.0,1773949204.642
113.0,114.0,113.0,114.0,1773949204.662
113.0,115.0,113.0,115.0,1773949204.682
113.0,115.0,113.0,115.0,1773949204.702
113.0,115.0,113.0,115.0,1773949204.727
113.0,114.0,113.0,114.0,1773949204.642
113.0,114.0,113.0,114.0,1773949204.662
113.0,115.0,113.0,115.0,1773949204.682
113.0,115.0,113.0,115.0,1773949204.702
113.0,115.0,113.0,115.0,1773949204.727
114.0,116.0,114.0,116.0,1773949205.162
114.0,116.0,114.0,116.0,1773949205.183
114.0,116.0,114.0,116.0,1773949205.202
115.0,116.0,115.0,116.0,1773949205.223
115.0,116.0,115.0,116.0,1773949205.242
114.0,116.0,114.0,116.0,1773949205.162
114.0,116.0,114.0,116.0,1773949205.183
114.0,116.0,114.0,116.0,1773949205.202
115.0,116.0,115.0,116.0,1773949205.223
115.0,116.0,115.0,116.0,1773949205.242
115.0,117.0,115.0,117.0,1773949205.662
115.0,117.0,115.0,117.0,1773949205.682
115.0,117.0,115.0,117.0,1773949205.702
115.0,117.0,115.0,117.0,1773949205.722
115.0,117.0,115.0,117.0,1773949205.742
115.0,117.0,115.0,117.0,1773949205.662
115.0,117.0,115.0,117.0,1773949205.682
115.0,117.0,115.0,117.0,1773949205.702
115.0,117.0,115.0,117.0,1773949205.722
115.0,117.0,115.0,117.0,1773949205.742
112.0,114.0,112.0,114.0,1773949206.183
112.0,114.0,112.0,114.0,1773949206.202
112.0,114.0,112.0,114.0,1773949206.222
112.0,114.0,112.0,114.0,1773949206.242
112.0,114.0,112.0,114.0,1773949206.262
112.0,114.0,112.0,114.0,1773949206.183
112.0,114.0,112.0,114.0,1773949206.202
112.0,114.0,112.0,114.0,1773949206.222
112.0,114.0,112.0,114.0,1773949206.242
112.0,114.0,112.0,114.0,1773949206.262
114.0,114.0,114.0,114.0,1773949206.682
114.0,114.0,114.0,114.0,1773949206.702
114.0,114.0,114.0,114.0,1773949206.722
114.0,114.0,114.0,114.0,1773949206.742
114.0,114.0,114.0,114.0,1773949206.762
114.0,114.0,114.0,114.0,1773949206.682
114.0,114.0,114.0,114.0,1773949206.702
114.0,114.0,114.0,114.0,1773949206.722
114.0,114.0,114.0,114.0,1773949206.742
114.0,114.0,114.0,114.0,1773949206.762
114.0,118.0,114.0,118.0,1773949207.202
114.0,118.0,114.0,118.0,1773949207.223
114.0,118.0,114.0,118.0,1773949207.242
115.0,118.0,115.0,118.0,1773949207.262
115.0,118.0,115.0,118.0,1773949207.282
115.0,117.0,115.0,117.0,1773949207.702
115.0,117.0,115.0,117.0,1773949207.722
115.0,117.0,115.0,117.0,1773949207.742
115.0,117.0,115.0,117.0,1773949207.762
115.0,117.0,115.0,117.0,1773949207.784
115.0,117.0,115.0,117.0,1773949207.702
115.0,117.0,115.0,117.0,1773949207.722
115.0,117.0,115.0,117.0,1773949207.742
115.0,117.0,115.0,117.0,1773949207.762
115.0,117.0,115.0,117.0,1773949207.784
115.0,114.0,115.0,114.0,1773949208.223
115.0,114.0,115.0,114.0,1773949208.242
115.0,114.0,115.0,114.0,1773949208.262
115.0,114.0,115.0,114.0,1773949208.284
115.0,114.0,115.0,114.0,1773949208.302
115.0,114.0,115.0,114.0,1773949208.223
115.0,114.0,115.0,114.0,1773949208.242
115.0,114.0,115.0,114.0,1773949208.262
115.0,114.0,115.0,114.0,1773949208.284
115.0,114.0,115.0,114.0,1773949208.302
115.0,115.0,115.0,115.0,1773949208.722
115.0,115.0,115.0,115.0,1773949208.742
115.0,115.0,115.0,115.0,1773949208.766
114.0,115.0,114.0,115.0,1773949208.782
114.0,115.0,114.0,115.0,1773949208.802
115.0,115.0,115.0,115.0,1773949208.722
115.0,115.0,115.0,115.0,1773949208.742
115.0,115.0,115.0,115.0,1773949208.766
114.0,115.0,114.0,115.0,1773949208.782
114.0,115.0,114.0,115.0,1773949208.802
114.0,116.0,114.0,116.0,1773949209.223
114.0,116.0,114.0,116.0,1773949209.242
114.0,116.0,114.0,116.0,1773949209.262
114.0,116.0,114.0,116.0,1773949209.282
114.0,117.0,114.0,117.0,1773949209.303
114.0,116.0,114.0,116.0,1773949209.223
114.0,116.0,114.0,116.0,1773949209.242
114.0,116.0,114.0,116.0,1773949209.262
114.0,116.0,114.0,116.0,1773949209.282
114.0,117.0,114.0,117.0,1773949209.303
113.0,116.0,113.0,116.0,1773949209.722
113.0,115.0,113.0,115.0,1773949209.742
113.0,115.0,113.0,115.0,1773949209.762
113.0,115.0,113.0,115.0,1773949209.782
113.0,115.0,113.0,115.0,1773949209.802
113.0,116.0,113.0,116.0,1773949209.722
113.0,115.0,113.0,115.0,1773949209.742
113.0,115.0,113.0,115.0,1773949209.762
113.0,115.0,113.0,115.0,1773949209.782
113.0,115.0,113.0,115.0,1773949209.802
115.0,115.0,115.0,115.0,1773949210.242
115.0,116.0,115.0,116.0,1773949210.262
115.0,116.0,115.0,116.0,1773949210.282
115.0,116.0,115.0,116.0,1773949210.302
115.0,116.0,115.0,116.0,1773949210.322
115.0,115.0,115.0,115.0,1773949210.242
115.0,116.0,115.0,116.0,1773949210.262
115.0,116.0,115.0,116.0,1773949210.282
115.0,116.0,115.0,116.0,1773949210.302
115.0,116.0,115.0,116.0,1773949210.322
115.0,116.0,115.0,116.0,1773949210.742
115.0,116.0,115.0,116.0,1773949210.762
115.0,116.0,115.0,116.0,1773949210.782
114.0,116.0,114.0,116.0,1773949210.802
114.0,116.0,114.0,116.0,1773949210.823
115.0,116.0,115.0,116.0,1773949210.742
115.0,116.0,115.0,116.0,1773949210.762
115.0,116.0,115.0,116.0,1773949210.782
114.0,116.0,114.0,116.0,1773949210.802
114.0,116.0,114.0,116.0,1773949210.823
114.0,115.0,114.0,115.0,1773949211.242
114.0,115.0,114.0,115.0,1773949211.262
114.0,115.0,114.0,115.0,1773949211.282
114.0,115.0,114.0,115.0,1773949211.302
114.0,115.0,114.0,115.0,1773949211.322
114.0,115.0,114.0,115.0,1773949211.242
114.0,115.0,114.0,115.0,1773949211.262
114.0,115.0,114.0,115.0,1773949211.282
114.0,115.0,114.0,115.0,1773949211.302
114.0,115.0,114.0,115.0,1773949211.322
112.0,109.0,112.0,109.0,1773949211.762
112.0,109.0,112.0,109.0,1773949211.782
112.0,109.0,112.0,109.0,1773949211.802
112.0,109.0,112.0,109.0,1773949211.824
112.0,109.0,112.0,109.0,1773949211.842
112.0,109.0,112.0,109.0,1773949211.762
112.0,109.0,112.0,109.0,1773949211.782
112.0,109.0,112.0,109.0,1773949211.802
112.0,109.0,112.0,109.0,1773949211.824
112.0,109.0,112.0,109.0,1773949211.842
112.0,106.0,112.0,106.0,1773949212.264
112.0,106.0,112.0,106.0,1773949212.282
112.0,106.0,112.0,106.0,1773949212.302
112.0,106.0,112.0,106.0,1773949212.326
112.0,106.0,112.0,106.0,1773949212.342
112.0,106.0,112.0,106.0,1773949212.264
112.0,106.0,112.0,106.0,1773949212.282
112.0,106.0,112.0,106.0,1773949212.302
112.0,106.0,112.0,106.0,1773949212.326
112.0,106.0,112.0,106.0,1773949212.342
114.0,109.0,114.0,109.0,1773949212.782
114.0,109.0,114.0,109.0,1773949212.802
114.0,109.0,114.0,109.0,1773949212.824
114.0,111.0,114.0,111.0,1773949212.842
114.0,111.0,114.0,111.0,1773949212.862
114.0,109.0,114.0,109.0,1773949212.782
114.0,109.0,114.0,109.0,1773949212.802
114.0,109.0,114.0,109.0,1773949212.824
114.0,111.0,114.0,111.0,1773949212.842
114.0,111.0,114.0,111.0,1773949212.862
113.0,112.0,113.0,112.0,1773949213.282
113.0,112.0,113.0,112.0,1773949213.303
113.0,112.0,113.0,112.0,1773949213.324
113.0,112.0,113.0,112.0,1773949213.342
112.0,113.0,112.0,113.0,1773949213.362
113.0,112.0,113.0,112.0,1773949213.282
113.0,112.0,113.0,112.0,1773949213.303
113.0,112.0,113.0,112.0,1773949213.324
113.0,112.0,113.0,112.0,1773949213.342
112.0,113.0,112.0,113.0,1773949213.362
113.0,111.0,113.0,111.0,1773949213.803
113.0,111.0,113.0,111.0,1773949213.823
113.0,111.0,113.0,111.0,1773949213.842
113.0,111.0,113.0,111.0,1773949213.862
113.0,111.0,113.0,111.0,1773949213.882
113.0,111.0,113.0,111.0,1773949213.803
113.0,111.0,113.0,111.0,1773949213.823
113.0,111.0,113.0,111.0,1773949213.842
113.0,111.0,113.0,111.0,1773949213.862
113.0,111.0,113.0,111.0,1773949213.882
113.0,109.0,113.0,109.0,1773949214.302
114.0,110.0,114.0,110.0,1773949214.322
114.0,110.0,114.0,110.0,1773949214.342
114.0,110.0,114.0,110.0,1773949214.362
114.0,110.0,114.0,110.0,1773949214.382
113.0,109.0,113.0,109.0,1773949214.302
114.0,110.0,114.0,110.0,1773949214.322
114.0,110.0,114.0,110.0,1773949214.342
114.0,110.0,114.0,110.0,1773949214.362
114.0,110.0,114.0,110.0,1773949214.382
114.0,111.0,114.0,111.0,1773949214.822
114.0,111.0,114.0,111.0,1773949214.842
113.0,112.0,113.0,112.0,1773949214.862
113.0,112.0,113.0,112.0,1773949214.882
113.0,112.0,113.0,112.0,1773949214.902
114.0,111.0,114.0,111.0,1773949214.822
114.0,111.0,114.0,111.0,1773949214.842
113.0,112.0,113.0,112.0,1773949214.862
113.0,112.0,113.0,112.0,1773949214.882
113.0,112.0,113.0,112.0,1773949214.902
115.0,112.0,115.0,112.0,1773949215.331
115.0,112.0,115.0,112.0,1773949215.343
115.0,112.0,115.0,112.0,1773949215.362
115.0,112.0,115.0,112.0,1773949215.382
115.0,112.0,115.0,112.0,1773949215.403
115.0,112.0,115.0,112.0,1773949215.331
115.0,112.0,115.0,112.0,1773949215.343
115.0,112.0,115.0,112.0,1773949215.362
115.0,112.0,115.0,112.0,1773949215.382
115.0,112.0,115.0,112.0,1773949215.403
116.0,114.0,116.0,114.0,1773949215.842
116.0,114.0,116.0,114.0,1773949215.862
116.0,114.0,116.0,114.0,1773949215.882
116.0,114.0,116.0,114.0,1773949215.902
116.0,114.0,116.0,114.0,1773949215.923
116.0,114.0,116.0,114.0,1773949215.842
116.0,114.0,116.0,114.0,1773949215.862
116.0,114.0,116.0,114.0,1773949215.882
116.0,114.0,116.0,114.0,1773949215.902
116.0,114.0,116.0,114.0,1773949215.923
116.0,117.0,116.0,117.0,1773949216.342
116.0,117.0,116.0,117.0,1773949216.362
115.0,116.0,115.0,116.0,1773949216.384
115.0,116.0,115.0,116.0,1773949216.407
115.0,116.0,115.0,116.0,1773949216.422
116.0,117.0,116.0,117.0,1773949216.342
116.0,117.0,116.0,117.0,1773949216.362
115.0,116.0,115.0,116.0,1773949216.384
115.0,116.0,115.0,116.0,1773949216.407
115.0,116.0,115.0,116.0,1773949216.422
114.0,116.0,114.0,116.0,1773949216.862
114.0,116.0,114.0,116.0,1773949216.882
114.0,116.0,114.0,116.0,1773949216.902
114.0,115.0,114.0,115.0,1773949216.922
114.0,115.0,114.0,115.0,1773949216.945
114.0,116.0,114.0,116.0,1773949216.862
114.0,116.0,114.0,116.0,1773949216.882
114.0,116.0,114.0,116.0,1773949216.902
114.0,115.0,114.0,115.0,1773949216.922
114.0,115.0,114.0,115.0,1773949216.945
114.0,114.0,114.0,114.0,1773949217.362
114.0,114.0,114.0,114.0,1773949217.383
114.0,114.0,114.0,114.0,1773949217.402
114.0,114.0,114.0,114.0,1773949217.424
114.0,114.0,114.0,114.0,1773949217.442
114.0,114.0,114.0,114.0,1773949217.362
114.0,114.0,114.0,114.0,1773949217.383
114.0,114.0,114.0,114.0,1773949217.402
114.0,114.0,114.0,114.0,1773949217.424
114.0,114.0,114.0,114.0,1773949217.442
114.0,114.0,114.0,114.0,1773949217.882
114.0,114.0,114.0,114.0,1773949217.903
114.0,114.0,114.0,114.0,1773949217.922
114.0,114.0,114.0,114.0,1773949217.942
114.0,114.0,114.0,114.0,1773949217.962
114.0,114.0,114.0,114.0,1773949217.882
114.0,114.0,114.0,114.0,1773949217.903
114.0,114.0,114.0,114.0,1773949217.922
114.0,114.0,114.0,114.0,1773949217.942
114.0,114.0,114.0,114.0,1773949217.962
114.0,114.0,114.0,114.0,1773949218.382
114.0,114.0,114.0,114.0,1773949218.402
114.0,115.0,114.0,115.0,1773949218.422
114.0,115.0,114.0,115.0,1773949218.442
114.0,115.0,114.0,115.0,1773949218.463
114.0,114.0,114.0,114.0,1773949218.382
114.0,114.0,114.0,114.0,1773949218.402
114.0,115.0,114.0,115.0,1773949218.422
114.0,115.0,114.0,115.0,1773949218.442
114.0,115.0,114.0,115.0,1773949218.463
117.0,115.0,117.0,115.0,1773949218.902
117.0,115.0,117.0,115.0,1773949218.924
117.0,115.0,117.0,115.0,1773949218.942
116.0,115.0,116.0,115.0,1773949218.963
116.0,115.0,116.0,115.0,1773949218.983
117.0,115.0,117.0,115.0,1773949218.902
117.0,115.0,117.0,115.0,1773949218.924
117.0,115.0,117.0,115.0,1773949218.942
116.0,115.0,116.0,115.0,1773949218.963
116.0,115.0,116.0,115.0,1773949218.983
117.0,115.0,117.0,115.0,1773949219.402
117.0,115.0,117.0,115.0,1773949219.422
117.0,115.0,117.0,115.0,1773949219.442
117.0,115.0,117.0,115.0,1773949219.463
117.0,115.0,117.0,115.0,1773949219.482
117.0,115.0,117.0,115.0,1773949219.402
117.0,115.0,117.0,115.0,1773949219.422
117.0,115.0,117.0,115.0,1773949219.442
117.0,115.0,117.0,115.0,1773949219.463
117.0,115.0,117.0,115.0,1773949219.482
116.0,114.0,116.0,114.0,1773949219.922
116.0,114.0,116.0,114.0,1773949219.942
116.0,114.0,116.0,114.0,1773949219.963
116.0,114.0,116.0,114.0,1773949219.982
116.0,114.0,116.0,114.0,1773949220.002
116.0,114.0,116.0,114.0,1773949219.922
116.0,114.0,116.0,114.0,1773949219.942
116.0,114.0,116.0,114.0,1773949219.963
116.0,114.0,116.0,114.0,1773949219.982
116.0,114.0,116.0,114.0,1773949220.002
115.0,113.0,115.0,113.0,1773949220.423
115.0,113.0,115.0,113.0,1773949220.443
115.0,114.0,115.0,114.0,1773949220.464
115.0,114.0,115.0,114.0,1773949220.482
115.0,114.0,115.0,114.0,1773949220.503
115.0,113.0,115.0,113.0,1773949220.423
115.0,113.0,115.0,113.0,1773949220.443
115.0,114.0,115.0,114.0,1773949220.464
115.0,114.0,115.0,114.0,1773949220.482
115.0,114.0,115.0,114.0,1773949220.503
115.0,117.0,115.0,117.0,1773949220.942
115.0,117.0,115.0,117.0,1773949220.963
115.0,117.0,115.0,117.0,1773949220.987
115.0,117.0,115.0,117.0,1773949221.002
115.0,117.0,115.0,117.0,1773949221.023
115.0,117.0,115.0,117.0,1773949220.942
115.0,117.0,115.0,117.0,1773949220.963
115.0,117.0,115.0,117.0,1773949220.987
115.0,117.0,115.0,117.0,1773949221.002
115.0,117.0,115.0,117.0,1773949221.023
114.0,117.0,114.0,117.0,1773949221.442
114.0,117.0,114.0,117.0,1773949221.464
114.0,117.0,114.0,117.0,1773949221.483
114.0,117.0,114.0,117.0,1773949221.503
114.0,117.0,114.0,117.0,1773949221.522
114.0,117.0,114.0,117.0,1773949221.442
114.0,117.0,114.0,117.0,1773949221.464
114.0,117.0,114.0,117.0,1773949221.483
114.0,117.0,114.0,117.0,1773949221.503
114.0,117.0,114.0,117.0,1773949221.522
116.0,115.0,116.0,115.0,1773949221.962
116.0,115.0,116.0,115.0,1773949221.983
116.0,115.0,116.0,115.0,1773949222.002
116.0,115.0,116.0,115.0,1773949222.023
116.0,115.0,116.0,115.0,1773949222.043
116.0,115.0,116.0,115.0,1773949221.962
116.0,115.0,116.0,115.0,1773949221.983
116.0,115.0,116.0,115.0,1773949222.002
116.0,115.0,116.0,115.0,1773949222.023
116.0,115.0,116.0,115.0,1773949222.043
118.0,116.0,118.0,116.0,1773949222.463
118.0,116.0,118.0,116.0,1773949222.483
118.0,116.0,118.0,116.0,1773949222.503
118.0,116.0,118.0,116.0,1773949222.523
118.0,116.0,118.0,116.0,1773949222.543
118.0,116.0,118.0,116.0,1773949222.463
118.0,116.0,118.0,116.0,1773949222.483
118.0,116.0,118.0,116.0,1773949222.503
118.0,116.0,118.0,116.0,1773949222.523
118.0,116.0,118.0,116.0,1773949222.543
117.0,115.0,117.0,115.0,1773949222.983
117.0,115.0,117.0,115.0,1773949223.003
117.0,115.0,117.0,115.0,1773949223.023
117.0,115.0,117.0,115.0,1773949223.042
117.0,115.0,117.0,115.0,1773949223.062
117.0,115.0,117.0,115.0,1773949222.983
117.0,115.0,117.0,115.0,1773949223.003
117.0,115.0,117.0,115.0,1773949223.023
117.0,115.0,117.0,115.0,1773949223.042
117.0,115.0,117.0,115.0,1773949223.062
115.0,114.0,115.0,114.0,1773949223.483
115.0,114.0,115.0,114.0,1773949223.504
115.0,114.0,115.0,114.0,1773949223.522
115.0,114.0,115.0,114.0,1773949223.542
115.0,114.0,115.0,114.0,1773949223.563
115.0,114.0,115.0,114.0,1773949223.483
115.0,114.0,115.0,114.0,1773949223.504
115.0,114.0,115.0,114.0,1773949223.522
115.0,114.0,115.0,114.0,1773949223.542
115.0,114.0,115.0,114.0,1773949223.563
113.0,113.0,113.0,113.0,1773949224.003
114.0,112.0,114.0,112.0,1773949224.023
114.0,112.0,114.0,112.0,1773949224.043
114.0,112.0,114.0,112.0,1773949224.063
114.0,112.0,114.0,112.0,1773949224.083
113.0,113.0,113.0,113.0,1773949224.003
114.0,112.0,114.0,112.0,1773949224.023
114.0,112.0,114.0,112.0,1773949224.043
114.0,112.0,114.0,112.0,1773949224.063
114.0,112.0,114.0,112.0,1773949224.083
114.0,113.0,114.0,113.0,1773949224.51
114.0,113.0,114.0,113.0,1773949224.523
114.0,113.0,114.0,113.0,1773949224.543
115.0,114.0,115.0,114.0,1773949224.563
115.0,114.0,115.0,114.0,1773949224.583
114.0,113.0,114.0,113.0,1773949224.51
114.0,113.0,114.0,113.0,1773949224.523
114.0,113.0,114.0,113.0,1773949224.543
115.0,114.0,115.0,114.0,1773949224.563
115.0,114.0,115.0,114.0,1773949224.583
114.0,114.0,114.0,114.0,1773949225.023
114.0,114.0,114.0,114.0,1773949225.043
114.0,114.0,114.0,114.0,1773949225.063
114.0,114.0,114.0,114.0,1773949225.083
102.0,103.0,102.0,103.0,1773949225.103
114.0,114.0,114.0,114.0,1773949225.023
114.0,114.0,114.0,114.0,1773949225.043
114.0,114.0,114.0,114.0,1773949225.063
114.0,114.0,114.0,114.0,1773949225.083
102.0,103.0,102.0,103.0,1773949225.103
78.0,79.0,78.0,79.0,1773949225.523
73.0,73.0,73.0,73.0,1773949225.543
73.0,73.0,73.0,73.0,1773949225.563
73.0,73.0,73.0,73.0,1773949225.583
73.0,73.0,73.0,73.0,1773949225.603
78.0,79.0,78.0,79.0,1773949225.523
73.0,73.0,73.0,73.0,1773949225.543
73.0,73.0,73.0,73.0,1773949225.563
73.0,73.0,73.0,73.0,1773949225.583
73.0,73.0,73.0,73.0,1773949225.603
58.0,57.0,58.0,57.0,1773949226.043
58.0,57.0,58.0,57.0,1773949226.063
59.0,57.0,59.0,57.0,1773949226.083
59.0,57.0,59.0,57.0,1773949226.103
59.0,57.0,59.0,57.0,1773949226.123
58.0,57.0,58.0,57.0,1773949226.043
58.0,57.0,58.0,57.0,1773949226.063
59.0,57.0,59.0,57.0,1773949226.083
59.0,57.0,59.0,57.0,1773949226.103
59.0,57.0,59.0,57.0,1773949226.123
58.0,57.0,58.0,57.0,1773949226.043
58.0,57.0,58.0,57.0,1773949226.063
59.0,57.0,59.0,57.0,1773949226.083
59.0,57.0,59.0,57.0,1773949226.103
59.0,57.0,59.0,57.0,1773949226.123
91.0,89.0,91.0,89.0,1773949226.543
91.0,89.0,91.0,89.0,1773949226.563
91.0,89.0,91.0,89.0,1773949226.584
91.0,89.0,91.0,89.0,1773949226.603
96.0,94.0,96.0,94.0,1773949226.623
91.0,89.0,91.0,89.0,1773949226.543
91.0,89.0,91.0,89.0,1773949226.563
91.0,89.0,91.0,89.0,1773949226.584
91.0,89.0,91.0,89.0,1773949226.603
96.0,94.0,96.0,94.0,1773949226.623
110.0,108.0,110.0,108.0,1773949227.063
110.0,108.0,110.0,108.0,1773949227.083
110.0,108.0,110.0,108.0,1773949227.103
110.0,108.0,110.0,108.0,1773949227.123
110.0,108.0,110.0,108.0,1773949227.143
110.0,108.0,110.0,108.0,1773949227.063
110.0,108.0,110.0,108.0,1773949227.083
110.0,108.0,110.0,108.0,1773949227.103
110.0,108.0,110.0,108.0,1773949227.123
110.0,108.0,110.0,108.0,1773949227.143
112.0,109.0,112.0,109.0,1773949227.563
111.0,110.0,111.0,110.0,1773949227.583
111.0,110.0,111.0,110.0,1773949227.603
111.0,110.0,111.0,110.0,1773949227.623
111.0,110.0,111.0,110.0,1773949227.643
112.0,109.0,112.0,109.0,1773949227.563
111.0,110.0,111.0,110.0,1773949227.583
111.0,110.0,111.0,110.0,1773949227.603
111.0,110.0,111.0,110.0,1773949227.623
111.0,110.0,111.0,110.0,1773949227.643
98.0,99.0,98.0,99.0,1773949228.083
98.0,99.0,98.0,99.0,1773949228.103
87.0,87.0,87.0,87.0,1773949228.123
87.0,87.0,87.0,87.0,1773949228.144
87.0,87.0,87.0,87.0,1773949228.163
98.0,99.0,98.0,99.0,1773949228.083
98.0,99.0,98.0,99.0,1773949228.103
87.0,87.0,87.0,87.0,1773949228.123
87.0,87.0,87.0,87.0,1773949228.144
87.0,87.0,87.0,87.0,1773949228.163
42.0,44.0,42.0,44.0,1773949228.583
42.0,44.0,42.0,44.0,1773949228.603
42.0,44.0,42.0,44.0,1773949228.623
42.0,44.0,42.0,44.0,1773949228.643
32.0,33.0,32.0,33.0,1773949228.663
42.0,44.0,42.0,44.0,1773949228.583
42.0,44.0,42.0,44.0,1773949228.603
42.0,44.0,42.0,44.0,1773949228.623
42.0,44.0,42.0,44.0,1773949228.643
32.0,33.0,32.0,33.0,1773949228.663
42.0,44.0,42.0,44.0,1773949228.583
42.0,44.0,42.0,44.0,1773949228.603
42.0,44.0,42.0,44.0,1773949228.623
42.0,44.0,42.0,44.0,1773949228.643
32.0,33.0,32.0,33.0,1773949228.663
0.0,0.0,0.0,0.0,1773949229.108
0.0,0.0,0.0,0.0,1773949229.123
0.0,0.0,0.0,0.0,1773949229.143
0.0,0.0,0.0,0.0,1773949229.163
0.0,0.0,0.0,0.0,1773949229.184
0.0,0.0,0.0,0.0,1773949229.108
0.0,0.0,0.0,0.0,1773949229.123
0.0,0.0,0.0,0.0,1773949229.143
0.0,0.0,0.0,0.0,1773949229.163
0.0,0.0,0.0,0.0,1773949229.184
6.0,9.0,6.0,9.0,1773949229.623
6.0,9.0,6.0,9.0,1773949229.643
6.0,9.0,6.0,9.0,1773949229.663
6.0,9.0,6.0,9.0,1773949229.683
6.0,9.0,6.0,9.0,1773949229.704
6.0,9.0,6.0,9.0,1773949229.623
6.0,9.0,6.0,9.0,1773949229.643
6.0,9.0,6.0,9.0,1773949229.663
6.0,9.0,6.0,9.0,1773949229.683
6.0,9.0,6.0,9.0,1773949229.704
31.0,34.0,31.0,34.0,1773949230.123
31.0,34.0,31.0,34.0,1773949230.143
41.0,43.0,41.0,43.0,1773949230.164
41.0,43.0,41.0,43.0,1773949230.185
41.0,43.0,41.0,43.0,1773949230.204
31.0,34.0,31.0,34.0,1773949230.123
31.0,34.0,31.0,34.0,1773949230.143
41.0,43.0,41.0,43.0,1773949230.164
41.0,43.0,41.0,43.0,1773949230.185
41.0,43.0,41.0,43.0,1773949230.204
78.0,77.0,78.0,77.0,1773949230.623
78.0,77.0,78.0,77.0,1773949230.643
78.0,77.0,78.0,77.0,1773949230.663
78.0,77.0,78.0,77.0,1773949230.684
87.0,85.0,87.0,85.0,1773949230.703
78.0,77.0,78.0,77.0,1773949230.623
78.0,77.0,78.0,77.0,1773949230.643
78.0,77.0,78.0,77.0,1773949230.663
78.0,77.0,78.0,77.0,1773949230.684
87.0,85.0,87.0,85.0,1773949230.703
105.0,104.0,105.0,104.0,1773949231.143
105.0,104.0,105.0,104.0,1773949231.163
105.0,104.0,105.0,104.0,1773949231.183
105.0,104.0,105.0,104.0,1773949231.203
105.0,104.0,105.0,104.0,1773949231.227
105.0,104.0,105.0,104.0,1773949231.143
105.0,104.0,105.0,104.0,1773949231.163
105.0,104.0,105.0,104.0,1773949231.183
105.0,104.0,105.0,104.0,1773949231.203
105.0,104.0,105.0,104.0,1773949231.227
108.0,112.0,108.0,112.0,1773949231.663
108.0,112.0,108.0,112.0,1773949231.683
108.0,112.0,108.0,112.0,1773949231.703
108.0,112.0,108.0,112.0,1773949231.723
108.0,112.0,108.0,112.0,1773949231.743
108.0,112.0,108.0,112.0,1773949231.663
108.0,112.0,108.0,112.0,1773949231.683
108.0,112.0,108.0,112.0,1773949231.703
108.0,112.0,108.0,112.0,1773949231.723
108.0,112.0,108.0,112.0,1773949231.743
111.0,114.0,111.0,114.0,1773949232.163
111.0,114.0,111.0,114.0,1773949232.183
111.0,115.0,111.0,115.0,1773949232.204
111.0,115.0,111.0,115.0,1773949232.223
111.0,115.0,111.0,115.0,1773949232.243
111.0,114.0,111.0,114.0,1773949232.163
111.0,114.0,111.0,114.0,1773949232.183
111.0,115.0,111.0,115.0,1773949232.204
111.0,115.0,111.0,115.0,1773949232.223
111.0,115.0,111.0,115.0,1773949232.243
112.0,114.0,112.0,114.0,1773949232.683
112.0,114.0,112.0,114.0,1773949232.703
112.0,114.0,112.0,114.0,1773949232.723
112.0,114.0,112.0,114.0,1773949232.743
112.0,114.0,112.0,114.0,1773949232.763
112.0,112.0,112.0,112.0,1773949233.187
112.0,112.0,112.0,112.0,1773949233.203
112.0,112.0,112.0,112.0,1773949233.224
112.0,112.0,112.0,112.0,1773949233.243
112.0,112.0,112.0,112.0,1773949233.263
112.0,112.0,112.0,112.0,1773949233.187
112.0,112.0,112.0,112.0,1773949233.203
112.0,112.0,112.0,112.0,1773949233.224
112.0,112.0,112.0,112.0,1773949233.243
112.0,112.0,112.0,112.0,1773949233.263
112.0,112.0,112.0,112.0,1773949233.187
112.0,112.0,112.0,112.0,1773949233.203
112.0,112.0,112.0,112.0,1773949233.224
112.0,112.0,112.0,112.0,1773949233.243
112.0,112.0,112.0,112.0,1773949233.263
114.0,111.0,114.0,111.0,1773949233.703
114.0,111.0,114.0,111.0,1773949233.724
114.0,111.0,114.0,111.0,1773949233.743
114.0,111.0,114.0,111.0,1773949233.763
114.0,111.0,114.0,111.0,1773949233.784
115.0,111.0,115.0,111.0,1773949234.203
115.0,111.0,115.0,111.0,1773949234.223
115.0,111.0,115.0,111.0,1773949234.243
115.0,111.0,115.0,111.0,1773949234.263
115.0,111.0,115.0,111.0,1773949234.283
115.0,111.0,115.0,111.0,1773949234.203
115.0,111.0,115.0,111.0,1773949234.223
115.0,111.0,115.0,111.0,1773949234.243
115.0,111.0,115.0,111.0,1773949234.263
115.0,111.0,115.0,111.0,1773949234.283
116.0,111.0,116.0,111.0,1773949234.723
116.0,111.0,116.0,111.0,1773949234.743
116.0,111.0,116.0,111.0,1773949234.763
115.0,112.0,115.0,112.0,1773949234.783
115.0,112.0,115.0,112.0,1773949234.803
116.0,111.0,116.0,111.0,1773949234.723
116.0,111.0,116.0,111.0,1773949234.743
116.0,111.0,116.0,111.0,1773949234.763
115.0,112.0,115.0,112.0,1773949234.783
115.0,112.0,115.0,112.0,1773949234.803
114.0,110.0,114.0,110.0,1773949235.223
114.0,110.0,114.0,110.0,1773949235.243
114.0,110.0,114.0,110.0,1773949235.263
114.0,110.0,114.0,110.0,1773949235.283
114.0,110.0,114.0,110.0,1773949235.303
114.0,110.0,114.0,110.0,1773949235.223
114.0,110.0,114.0,110.0,1773949235.243
114.0,110.0,114.0,110.0,1773949235.263
114.0,110.0,114.0,110.0,1773949235.283
114.0,110.0,114.0,110.0,1773949235.303
114.0,111.0,114.0,111.0,1773949235.743
114.0,111.0,114.0,111.0,1773949235.763
114.0,111.0,114.0,111.0,1773949235.783
114.0,111.0,114.0,111.0,1773949235.803
114.0,111.0,114.0,111.0,1773949235.823
114.0,111.0,114.0,111.0,1773949235.743
114.0,111.0,114.0,111.0,1773949235.763
114.0,111.0,114.0,111.0,1773949235.783
114.0,111.0,114.0,111.0,1773949235.803
114.0,111.0,114.0,111.0,1773949235.823
112.0,110.0,112.0,110.0,1773949236.243
112.0,110.0,112.0,110.0,1773949236.263
111.0,109.0,111.0,109.0,1773949236.283
111.0,109.0,111.0,109.0,1773949236.303
111.0,109.0,111.0,109.0,1773949236.323
112.0,110.0,112.0,110.0,1773949236.243
112.0,110.0,112.0,110.0,1773949236.263
111.0,109.0,111.0,109.0,1773949236.283
111.0,109.0,111.0,109.0,1773949236.303
111.0,109.0,111.0,109.0,1773949236.323
107.0,103.0,107.0,103.0,1773949236.763
107.0,103.0,107.0,103.0,1773949236.783
107.0,103.0,107.0,103.0,1773949236.803
107.0,103.0,107.0,103.0,1773949236.824
107.0,103.0,107.0,103.0,1773949236.843
107.0,103.0,107.0,103.0,1773949236.763
107.0,103.0,107.0,103.0,1773949236.783
107.0,103.0,107.0,103.0,1773949236.803
107.0,103.0,107.0,103.0,1773949236.824
107.0,103.0,107.0,103.0,1773949236.843
109.0,103.0,109.0,103.0,1773949237.263
109.0,103.0,109.0,103.0,1773949237.283
109.0,103.0,109.0,103.0,1773949237.303
109.0,103.0,109.0,103.0,1773949237.323
109.0,104.0,109.0,104.0,1773949237.343
109.0,103.0,109.0,103.0,1773949237.263
109.0,103.0,109.0,103.0,1773949237.283
109.0,103.0,109.0,103.0,1773949237.303
109.0,103.0,109.0,103.0,1773949237.323
109.0,104.0,109.0,104.0,1773949237.343
112.0,109.0,112.0,109.0,1773949237.783
112.0,109.0,112.0,109.0,1773949237.803
112.0,109.0,112.0,109.0,1773949237.823
112.0,109.0,112.0,109.0,1773949237.843
112.0,109.0,112.0,109.0,1773949237.863
112.0,109.0,112.0,109.0,1773949237.783
112.0,109.0,112.0,109.0,1773949237.803
112.0,109.0,112.0,109.0,1773949237.823
112.0,109.0,112.0,109.0,1773949237.843
112.0,109.0,112.0,109.0,1773949237.863
113.0,112.0,113.0,112.0,1773949238.283
113.0,112.0,113.0,112.0,1773949238.303
113.0,112.0,113.0,112.0,1773949238.323
113.0,112.0,113.0,112.0,1773949238.343
113.0,112.0,113.0,112.0,1773949238.363
113.0,112.0,113.0,112.0,1773949238.283
113.0,112.0,113.0,112.0,1773949238.303
113.0,112.0,113.0,112.0,1773949238.323
113.0,112.0,113.0,112.0,1773949238.343
113.0,112.0,113.0,112.0,1773949238.363
111.0,111.0,111.0,111.0,1773949238.783
111.0,111.0,111.0,111.0,1773949238.803
111.0,111.0,111.0,111.0,1773949238.823
111.0,111.0,111.0,111.0,1773949238.861
111.0,111.0,111.0,111.0,1773949238.871
111.0,111.0,111.0,111.0,1773949238.783
111.0,111.0,111.0,111.0,1773949238.803
111.0,111.0,111.0,111.0,1773949238.823
111.0,111.0,111.0,111.0,1773949238.861
111.0,111.0,111.0,111.0,1773949238.871
111.0,111.0,111.0,111.0,1773949238.783
111.0,111.0,111.0,111.0,1773949238.803
111.0,111.0,111.0,111.0,1773949238.823
111.0,111.0,111.0,111.0,1773949238.861
111.0,111.0,111.0,111.0,1773949238.871
111.0,108.0,111.0,108.0,1773949239.303
111.0,108.0,111.0,108.0,1773949239.323
111.0,108.0,111.0,108.0,1773949239.343
111.0,108.0,111.0,108.0,1773949239.363
111.0,108.0,111.0,108.0,1773949239.383
111.0,108.0,111.0,108.0,1773949239.303
111.0,108.0,111.0,108.0,1773949239.323
111.0,108.0,111.0,108.0,1773949239.343
111.0,108.0,111.0,108.0,1773949239.363
111.0,108.0,111.0,108.0,1773949239.383
113.0,112.0,113.0,112.0,1773949239.823
113.0,112.0,113.0,112.0,1773949239.843
113.0,112.0,113.0,112.0,1773949239.863
113.0,112.0,113.0,112.0,1773949239.884
113.0,112.0,113.0,112.0,1773949239.903
113.0,112.0,113.0,112.0,1773949239.823
113.0,112.0,113.0,112.0,1773949239.843
113.0,112.0,113.0,112.0,1773949239.863
113.0,112.0,113.0,112.0,1773949239.884
113.0,112.0,113.0,112.0,1773949239.903
114.0,112.0,114.0,112.0,1773949240.323
114.0,112.0,114.0,112.0,1773949240.343
114.0,113.0,114.0,113.0,1773949240.363
114.0,113.0,114.0,113.0,1773949240.383
114.0,113.0,114.0,113.0,1773949240.403
114.0,112.0,114.0,112.0,1773949240.323
114.0,112.0,114.0,112.0,1773949240.343
114.0,113.0,114.0,113.0,1773949240.363
114.0,113.0,114.0,113.0,1773949240.383
114.0,113.0,114.0,113.0,1773949240.403
116.0,112.0,116.0,112.0,1773949240.843
116.0,112.0,116.0,112.0,1773949240.863
115.0,112.0,115.0,112.0,1773949240.883
115.0,112.0,115.0,112.0,1773949240.903
115.0,112.0,115.0,112.0,1773949240.923
116.0,112.0,116.0,112.0,1773949240.843
116.0,112.0,116.0,112.0,1773949240.863
115.0,112.0,115.0,112.0,1773949240.883
115.0,112.0,115.0,112.0,1773949240.903
115.0,112.0,115.0,112.0,1773949240.923
116.0,115.0,116.0,115.0,1773949241.343
116.0,115.0,116.0,115.0,1773949241.363
116.0,115.0,116.0,115.0,1773949241.383
116.0,115.0,116.0,115.0,1773949241.403
117.0,115.0,117.0,115.0,1773949241.423
116.0,115.0,116.0,115.0,1773949241.343
116.0,115.0,116.0,115.0,1773949241.363
116.0,115.0,116.0,115.0,1773949241.383
116.0,115.0,116.0,115.0,1773949241.403
117.0,115.0,117.0,115.0,1773949241.423
115.0,113.0,115.0,113.0,1773949241.863
115.0,113.0,115.0,113.0,1773949241.883
115.0,113.0,115.0,113.0,1773949241.903
115.0,113.0,115.0,113.0,1773949241.923
115.0,113.0,115.0,113.0,1773949241.943
115.0,113.0,115.0,113.0,1773949241.863
115.0,113.0,115.0,113.0,1773949241.883
115.0,113.0,115.0,113.0,1773949241.903
115.0,113.0,115.0,113.0,1773949241.923
115.0,113.0,115.0,113.0,1773949241.943
114.0,113.0,114.0,113.0,1773949242.363
114.0,114.0,114.0,114.0,1773949242.384
114.0,114.0,114.0,114.0,1773949242.403
114.0,114.0,114.0,114.0,1773949242.423
114.0,114.0,114.0,114.0,1773949242.443
114.0,113.0,114.0,113.0,1773949242.363
114.0,114.0,114.0,114.0,1773949242.384
114.0,114.0,114.0,114.0,1773949242.403
114.0,114.0,114.0,114.0,1773949242.423
114.0,114.0,114.0,114.0,1773949242.443
114.0,113.0,114.0,113.0,1773949242.363
114.0,114.0,114.0,114.0,1773949242.384
114.0,114.0,114.0,114.0,1773949242.403
114.0,114.0,114.0,114.0,1773949242.423
114.0,114.0,114.0,114.0,1773949242.443
114.0,114.0,114.0,114.0,1773949242.884
114.0,114.0,114.0,114.0,1773949242.903
115.0,115.0,115.0,115.0,1773949242.923
115.0,115.0,115.0,115.0,1773949242.947
115.0,115.0,115.0,115.0,1773949242.963
114.0,114.0,114.0,114.0,1773949242.884
114.0,114.0,114.0,114.0,1773949242.903
115.0,115.0,115.0,115.0,1773949242.923
115.0,115.0,115.0,115.0,1773949242.947
115.0,115.0,115.0,115.0,1773949242.963
114.0,114.0,114.0,114.0,1773949243.383
114.0,114.0,114.0,114.0,1773949243.403
114.0,114.0,114.0,114.0,1773949243.423
114.0,114.0,114.0,114.0,1773949243.443
114.0,114.0,114.0,114.0,1773949243.463
114.0,114.0,114.0,114.0,1773949243.383
114.0,114.0,114.0,114.0,1773949243.403
114.0,114.0,114.0,114.0,1773949243.423
114.0,114.0,114.0,114.0,1773949243.443
114.0,114.0,114.0,114.0,1773949243.463
114.0,114.0,114.0,114.0,1773949243.383
114.0,114.0,114.0,114.0,1773949243.403
114.0,114.0,114.0,114.0,1773949243.423
114.0,114.0,114.0,114.0,1773949243.443
114.0,114.0,114.0,114.0,1773949243.463
113.0,112.0,113.0,112.0,1773949243.903
113.0,112.0,113.0,112.0,1773949243.923
113.0,112.0,113.0,112.0,1773949243.946
113.0,112.0,113.0,112.0,1773949243.963
113.0,112.0,113.0,112.0,1773949243.988
113.0,112.0,113.0,112.0,1773949243.903
113.0,112.0,113.0,112.0,1773949243.923
113.0,112.0,113.0,112.0,1773949243.946
113.0,112.0,113.0,112.0,1773949243.963
113.0,112.0,113.0,112.0,1773949243.988
114.0,113.0,114.0,113.0,1773949244.403
113.0,114.0,113.0,114.0,1773949244.423
113.0,114.0,113.0,114.0,1773949244.443
113.0,114.0,113.0,114.0,1773949244.463
113.0,114.0,113.0,114.0,1773949244.483
114.0,113.0,114.0,113.0,1773949244.403
113.0,114.0,113.0,114.0,1773949244.423
113.0,114.0,113.0,114.0,1773949244.443
113.0,114.0,113.0,114.0,1773949244.463
113.0,114.0,113.0,114.0,1773949244.483
115.0,117.0,115.0,117.0,1773949244.923
115.0,117.0,115.0,117.0,1773949244.944
115.0,117.0,115.0,117.0,1773949244.963
115.0,117.0,115.0,117.0,1773949244.995
115.0,117.0,115.0,117.0,1773949245.01
115.0,117.0,115.0,117.0,1773949244.923
115.0,117.0,115.0,117.0,1773949244.944
115.0,117.0,115.0,117.0,1773949244.963
115.0,117.0,115.0,117.0,1773949244.995
115.0,117.0,115.0,117.0,1773949245.01
115.0,117.0,115.0,117.0,1773949244.923
115.0,117.0,115.0,117.0,1773949244.944
115.0,117.0,115.0,117.0,1773949244.963
115.0,117.0,115.0,117.0,1773949244.995
115.0,117.0,115.0,117.0,1773949245.01
112.0,111.0,112.0,111.0,1773949245.423
112.0,111.0,112.0,111.0,1773949245.443
112.0,111.0,112.0,111.0,1773949245.463
112.0,111.0,112.0,111.0,1773949245.483
111.0,108.0,111.0,108.0,1773949245.503
112.0,111.0,112.0,111.0,1773949245.423
112.0,111.0,112.0,111.0,1773949245.443
112.0,111.0,112.0,111.0,1773949245.463
112.0,111.0,112.0,111.0,1773949245.483
111.0,108.0,111.0,108.0,1773949245.503
104.0,97.0,104.0,97.0,1773949245.943
104.0,97.0,104.0,97.0,1773949245.964
104.0,97.0,104.0,97.0,1773949245.985
104.0,97.0,104.0,97.0,1773949246.003
103.0,96.0,103.0,96.0,1773949246.023
104.0,97.0,104.0,97.0,1773949245.943
104.0,97.0,104.0,97.0,1773949245.964
104.0,97.0,104.0,97.0,1773949245.985
104.0,97.0,104.0,97.0,1773949246.003
103.0,96.0,103.0,96.0,1773949246.023
106.0,97.0,106.0,97.0,1773949246.443
108.0,99.0,108.0,99.0,1773949246.463
108.0,99.0,108.0,99.0,1773949246.483
108.0,99.0,108.0,99.0,1773949246.503
108.0,99.0,108.0,99.0,1773949246.523
106.0,97.0,106.0,97.0,1773949246.443
108.0,99.0,108.0,99.0,1773949246.463
108.0,99.0,108.0,99.0,1773949246.483
108.0,99.0,108.0,99.0,1773949246.503
108.0,99.0,108.0,99.0,1773949246.523
111.0,108.0,111.0,108.0,1773949246.963
111.0,108.0,111.0,108.0,1773949246.983
111.0,108.0,111.0,108.0,1773949247.003
112.0,110.0,112.0,110.0,1773949247.023
112.0,110.0,112.0,110.0,1773949247.043
111.0,108.0,111.0,108.0,1773949246.963
111.0,108.0,111.0,108.0,1773949246.983
111.0,108.0,111.0,108.0,1773949247.003
112.0,110.0,112.0,110.0,1773949247.023
112.0,110.0,112.0,110.0,1773949247.043
111.0,112.0,111.0,112.0,1773949247.463
111.0,112.0,111.0,112.0,1773949247.483
111.0,112.0,111.0,112.0,1773949247.503
111.0,112.0,111.0,112.0,1773949247.523
111.0,114.0,111.0,114.0,1773949247.543
111.0,112.0,111.0,112.0,1773949247.463
111.0,112.0,111.0,112.0,1773949247.483
111.0,112.0,111.0,112.0,1773949247.503
111.0,112.0,111.0,112.0,1773949247.523
111.0,114.0,111.0,114.0,1773949247.543
111.0,112.0,111.0,112.0,1773949247.463
111.0,112.0,111.0,112.0,1773949247.483
111.0,112.0,111.0,112.0,1773949247.503
111.0,112.0,111.0,112.0,1773949247.523
111.0,114.0,111.0,114.0,1773949247.543
112.0,113.0,112.0,113.0,1773949247.986
112.0,113.0,112.0,113.0,1773949248.003
112.0,113.0,112.0,113.0,1773949248.023
112.0,113.0,112.0,113.0,1773949248.043
112.0,113.0,112.0,113.0,1773949248.063
112.0,113.0,112.0,113.0,1773949247.986
112.0,113.0,112.0,113.0,1773949248.003
112.0,113.0,112.0,113.0,1773949248.023
112.0,113.0,112.0,113.0,1773949248.043
112.0,113.0,112.0,113.0,1773949248.063
111.0,112.0,111.0,112.0,1773949248.484
111.0,112.0,111.0,112.0,1773949248.503
111.0,112.0,111.0,112.0,1773949248.523
111.0,112.0,111.0,112.0,1773949248.543
111.0,112.0,111.0,112.0,1773949248.563
111.0,112.0,111.0,112.0,1773949248.484
111.0,112.0,111.0,112.0,1773949248.503
111.0,112.0,111.0,112.0,1773949248.523
111.0,112.0,111.0,112.0,1773949248.543
111.0,112.0,111.0,112.0,1773949248.563
111.0,114.0,111.0,114.0,1773949249.003
111.0,114.0,111.0,114.0,1773949249.023
111.0,114.0,111.0,114.0,1773949249.043
111.0,114.0,111.0,114.0,1773949249.064
111.0,114.0,111.0,114.0,1773949249.084
111.0,114.0,111.0,114.0,1773949249.003
111.0,114.0,111.0,114.0,1773949249.023
111.0,114.0,111.0,114.0,1773949249.043
111.0,114.0,111.0,114.0,1773949249.064
111.0,114.0,111.0,114.0,1773949249.084
114.0,116.0,114.0,116.0,1773949249.504
114.0,116.0,114.0,116.0,1773949249.523
114.0,116.0,114.0,116.0,1773949249.543
114.0,116.0,114.0,116.0,1773949249.563
114.0,116.0,114.0,116.0,1773949249.584
114.0,116.0,114.0,116.0,1773949249.504
114.0,116.0,114.0,116.0,1773949249.523
114.0,116.0,114.0,116.0,1773949249.543
114.0,116.0,114.0,116.0,1773949249.563
114.0,116.0,114.0,116.0,1773949249.584
115.0,115.0,115.0,115.0,1773949250.023
115.0,115.0,115.0,115.0,1773949250.043
115.0,115.0,115.0,115.0,1773949250.063
115.0,115.0,115.0,115.0,1773949250.083
115.0,115.0,115.0,115.0,1773949250.103
115.0,115.0,115.0,115.0,1773949250.023
115.0,115.0,115.0,115.0,1773949250.043
115.0,115.0,115.0,115.0,1773949250.063
115.0,115.0,115.0,115.0,1773949250.083
115.0,115.0,115.0,115.0,1773949250.103
114.0,115.0,114.0,115.0,1773949250.523
114.0,115.0,114.0,115.0,1773949250.543
115.0,114.0,115.0,114.0,1773949250.563
115.0,114.0,115.0,114.0,1773949250.583
115.0,114.0,115.0,114.0,1773949250.603
114.0,115.0,114.0,115.0,1773949250.523
114.0,115.0,114.0,115.0,1773949250.543
115.0,114.0,115.0,114.0,1773949250.563
115.0,114.0,115.0,114.0,1773949250.583
115.0,114.0,115.0,114.0,1773949250.603
114.0,115.0,114.0,115.0,1773949250.523
114.0,115.0,114.0,115.0,1773949250.543
115.0,114.0,115.0,114.0,1773949250.563
115.0,114.0,115.0,114.0,1773949250.583
115.0,114.0,115.0,114.0,1773949250.603
114.0,112.0,114.0,112.0,1773949251.043
114.0,112.0,114.0,112.0,1773949251.063
114.0,112.0,114.0,112.0,1773949251.084
115.0,113.0,115.0,113.0,1773949251.103
115.0,113.0,115.0,113.0,1773949251.123
112.0,111.0,112.0,111.0,1773949251.543
112.0,111.0,112.0,111.0,1773949251.563
112.0,111.0,112.0,111.0,1773949251.586
112.0,111.0,112.0,111.0,1773949251.603
112.0,111.0,112.0,111.0,1773949251.623
112.0,111.0,112.0,111.0,1773949251.543
112.0,111.0,112.0,111.0,1773949251.563
112.0,111.0,112.0,111.0,1773949251.586
112.0,111.0,112.0,111.0,1773949251.603
112.0,111.0,112.0,111.0,1773949251.623
112.0,111.0,112.0,111.0,1773949251.543
112.0,111.0,112.0,111.0,1773949251.563
112.0,111.0,112.0,111.0,1773949251.586
112.0,111.0,112.0,111.0,1773949251.603
112.0,111.0,112.0,111.0,1773949251.623
103.0,109.0,103.0,109.0,1773949252.063
103.0,109.0,103.0,109.0,1773949252.083
103.0,109.0,103.0,109.0,1773949252.103
103.0,109.0,103.0,109.0,1773949252.123
103.0,109.0,103.0,109.0,1773949252.143
101.0,109.0,101.0,109.0,1773949252.563
101.0,109.0,101.0,109.0,1773949252.583
102.0,109.0,102.0,109.0,1773949252.603
102.0,109.0,102.0,109.0,1773949252.623
102.0,109.0,102.0,109.0,1773949252.643
101.0,109.0,101.0,109.0,1773949252.563
101.0,109.0,101.0,109.0,1773949252.583
102.0,109.0,102.0,109.0,1773949252.603
102.0,109.0,102.0,109.0,1773949252.623
102.0,109.0,102.0,109.0,1773949252.643
108.0,111.0,108.0,111.0,1773949253.083
108.0,111.0,108.0,111.0,1773949253.103
108.0,111.0,108.0,111.0,1773949253.123
109.0,112.0,109.0,112.0,1773949253.143
109.0,112.0,109.0,112.0,1773949253.163
108.0,111.0,108.0,111.0,1773949253.083
108.0,111.0,108.0,111.0,1773949253.103
108.0,111.0,108.0,111.0,1773949253.123
109.0,112.0,109.0,112.0,1773949253.143
109.0,112.0,109.0,112.0,1773949253.163
112.0,112.0,112.0,112.0,1773949253.584
112.0,112.0,112.0,112.0,1773949253.603
112.0,112.0,112.0,112.0,1773949253.624
112.0,112.0,112.0,112.0,1773949253.644
112.0,112.0,112.0,112.0,1773949253.663
112.0,112.0,112.0,112.0,1773949253.584
112.0,112.0,112.0,112.0,1773949253.603
112.0,112.0,112.0,112.0,1773949253.624
112.0,112.0,112.0,112.0,1773949253.644
112.0,112.0,112.0,112.0,1773949253.663
112.0,112.0,112.0,112.0,1773949253.584
112.0,112.0,112.0,112.0,1773949253.603
112.0,112.0,112.0,112.0,1773949253.624
112.0,112.0,112.0,112.0,1773949253.644
112.0,112.0,112.0,112.0,1773949253.663
111.0,112.0,111.0,112.0,1773949254.103
111.0,112.0,111.0,112.0,1773949254.123
111.0,112.0,111.0,112.0,1773949254.143
111.0,112.0,111.0,112.0,1773949254.163
111.0,112.0,111.0,112.0,1773949254.186
105.0,102.0,105.0,102.0,1773949254.604
105.0,102.0,105.0,102.0,1773949254.623
103.0,100.0,103.0,100.0,1773949254.643
103.0,100.0,103.0,100.0,1773949254.663
103.0,100.0,103.0,100.0,1773949254.683
105.0,102.0,105.0,102.0,1773949254.604
105.0,102.0,105.0,102.0,1773949254.623
103.0,100.0,103.0,100.0,1773949254.643
103.0,100.0,103.0,100.0,1773949254.663
103.0,100.0,103.0,100.0,1773949254.683
105.0,102.0,105.0,102.0,1773949254.604
105.0,102.0,105.0,102.0,1773949254.623
103.0,100.0,103.0,100.0,1773949254.643
103.0,100.0,103.0,100.0,1773949254.663
103.0,100.0,103.0,100.0,1773949254.683
101.0,93.0,101.0,93.0,1773949255.124
101.0,93.0,101.0,93.0,1773949255.143
101.0,93.0,101.0,93.0,1773949255.163
103.0,93.0,103.0,93.0,1773949255.183
103.0,93.0,103.0,93.0,1773949255.203
111.0,102.0,111.0,102.0,1773949255.624
111.0,102.0,111.0,102.0,1773949255.644
111.0,102.0,111.0,102.0,1773949255.663
111.0,102.0,111.0,102.0,1773949255.683
111.0,104.0,111.0,104.0,1773949255.703
111.0,102.0,111.0,102.0,1773949255.624
111.0,102.0,111.0,102.0,1773949255.644
111.0,102.0,111.0,102.0,1773949255.663
111.0,102.0,111.0,102.0,1773949255.683
111.0,104.0,111.0,104.0,1773949255.703
88.0,84.0,88.0,84.0,1773949256.143
88.0,84.0,88.0,84.0,1773949256.163
88.0,84.0,88.0,84.0,1773949256.183
88.0,84.0,88.0,84.0,1773949256.203
88.0,84.0,88.0,84.0,1773949256.224
88.0,84.0,88.0,84.0,1773949256.143
88.0,84.0,88.0,84.0,1773949256.163
88.0,84.0,88.0,84.0,1773949256.183
88.0,84.0,88.0,84.0,1773949256.203
88.0,84.0,88.0,84.0,1773949256.224
41.0,39.0,41.0,39.0,1773949256.643
29.0,28.0,29.0,28.0,1773949256.666
29.0,28.0,29.0,28.0,1773949256.684
29.0,28.0,29.0,28.0,1773949256.706
29.0,28.0,29.0,28.0,1773949256.724
41.0,39.0,41.0,39.0,1773949256.643
29.0,28.0,29.0,28.0,1773949256.666
29.0,28.0,29.0,28.0,1773949256.684
29.0,28.0,29.0,28.0,1773949256.706
29.0,28.0,29.0,28.0,1773949256.724
41.0,39.0,41.0,39.0,1773949256.643
29.0,28.0,29.0,28.0,1773949256.666
29.0,28.0,29.0,28.0,1773949256.684
29.0,28.0,29.0,28.0,1773949256.706
29.0,28.0,29.0,28.0,1773949256.724
0.0,0.0,0.0,0.0,1773949257.163
0.0,0.0,0.0,0.0,1773949257.184
0.0,0.0,0.0,0.0,1773949257.204
0.0,0.0,0.0,0.0,1773949257.224
0.0,0.0,0.0,0.0,1773949257.244
0.0,0.0,0.0,0.0,1773949257.163
0.0,0.0,0.0,0.0,1773949257.184
0.0,0.0,0.0,0.0,1773949257.204
0.0,0.0,0.0,0.0,1773949257.224
0.0,0.0,0.0,0.0,1773949257.244
0.0,0.0,0.0,0.0,1773949257.663
0.0,0.0,0.0,0.0,1773949257.683
0.0,0.0,0.0,0.0,1773949257.703
0.0,0.0,0.0,0.0,1773949257.725
0.0,0.0,0.0,0.0,1773949257.748
0.0,0.0,0.0,0.0,1773949257.663
0.0,0.0,0.0,0.0,1773949257.683
0.0,0.0,0.0,0.0,1773949257.703
0.0,0.0,0.0,0.0,1773949257.725
0.0,0.0,0.0,0.0,1773949257.748
0.0,0.0,0.0,0.0,1773949258.183
0.0,0.0,0.0,0.0,1773949258.204
0.0,0.0,0.0,0.0,1773949258.224
0.0,0.0,0.0,0.0,1773949258.243
0.0,0.0,0.0,0.0,1773949258.264
0.0,0.0,0.0,0.0,1773949258.183
0.0,0.0,0.0,0.0,1773949258.204
0.0,0.0,0.0,0.0,1773949258.224
0.0,0.0,0.0,0.0,1773949258.243
0.0,0.0,0.0,0.0,1773949258.264
0.0,0.0,0.0,0.0,1773949258.684
0.0,0.0,0.0,0.0,1773949258.703
0.0,0.0,0.0,0.0,1773949258.723
0.0,0.0,0.0,0.0,1773949258.743
0.0,0.0,0.0,0.0,1773949258.764
