timestamp,battery,signal_level,orientation,lamp,speed,gps_signal,latitude,longitude,vibration
1773948828.075,53.0,5.0,64.0,0,0.0,0.0,1000.0,1000.0,0.0
1773948828.075,53.0,5.0,64.0,0,0.0,0.0,1000.0,1000.0,0.0
1773948828.613,53.0,5.0,64.0,0,0.0,0.0,1000.0,1000.0,0.0
1773948828.613,53.0,5.0,64.0,0,0.0,0.0,1000.0,1000.0,0.0
1773948829.124,53.0,5.0,64.0,0,0.0,0.0,1000.0,1000.0,0.0
1773948829.124,53.0,5.0,64.0,0,0.0,0.0,1000.0,1000.0,0.0
1773948829.614,53.0,5.0,64.0,0,0.0,0.0,1000.0,1000.0,0.0
1773948829.614,53.0,5.0,64.0,0,0.0,0.0,1000.0,1000.0,0.0
1773948830.117,53.0,5.0,64.0,0,0.0,0.0,1000.0,1000.0,0.0
1773948830.117,53.0,5.0,64.0,0,0.0,0.0,1000.0,1000.0,0.0
1773948830.623,53.0,5.0,65.0,0,0.0,0.0,1000.0,1000.0,0.0
1773948830.623,53.0,5.0,65.0,0,0.0,0.0,1000.0,1000.0,0.0
1773948830.623,53.0,5.0,65.0,0,0.0,0.0,1000.0,1000.0,0.0
1773948831.207,53.0,5.0,65.0,0,0.0,0.0,1000.0,1000.0,0.0
1773948831.207,53.0,5.0,65.0,0,0.0,0.0,1000.0,1000.0,0.0
1773948831.622,53.0,5.0,64.0,0,0.0,0.0,1000.0,1000.0,0.0
1773948831.622,53.0,5.0,64.0,0,0.0,0.0,1000.0,1000.0,0.0
1773948831.622,53.0,5.0,64.0,0,0.0,0.0,1000.0,1000.0,0.0
1773948832.141,53.0,5.0,65.0,0,0.0,0.0,1000.0,1000.0,0.0
1773948832.141,53.0,5.0,65.0,0,0.0,0.0,1000.0,1000.0,0.0
1773948832.689,53.0,5.0,66.0,0,0.029999999329447746,0.0,1000.0,1000.0,0.0
1773948832.689,53.0,5.0,66.0,0,0.029999999329447746,0.0,1000.0,1000.0,0.0
1773948833.147,53.0,5.0,61.0,0,0.36000001430511475,0.0,1000.0,1000.0,0.0
1773948833.147,53.0,5.0,61.0,0,0.36000001430511475,0.0,1000.0,1000.0,0.0
1773948833.649,53.0,5.0,34.0,0,1.2000000476837158,0.0,1000.0,1000.0,0.0
1773948833.649,53.0,5.0,34.0,0,1.2000000476837158,0.0,1000.0,1000.0,0.0
1773948833.649,53.0,5.0,34.0,0,1.2000000476837158,0.0,1000.0,1000.0,0.0
1773948834.224,52.0,5.0,23.0,0,1.4500000476837158,0.0,1000.0,1000.0,0.0
1773948834.224,52.0,5.0,23.0,0,1.4500000476837158,0.0,1000.0,1000.0,0.0
1773948834.738,52.0,5.0,30.0,0,0.9800000190734863,0.0,1000.0,1000.0,0.0
1773948834.738,52.0,5.0,30.0,0,0.9800000190734863,0.0,1000.0,1000.0,0.0
1773948834.738,52.0,5.0,30.0,0,0.9800000190734863,0.0,1000.0,1000.0,0.0
1773948835.189,52.0,5.0,35.0,0,0.7599999904632568,0.0,1000.0,1000.0,0.0
1773948835.189,52.0,5.0,35.0,0,0.7599999904632568,0.0,1000.0,1000.0,0.0
1773948835.793,52.0,5.0,36.0,0,1.4800000190734863,0.0,1000.0,1000.0,0.0
1773948835.793,52.0,5.0,36.0,0,1.4800000190734863,0.0,1000.0,1000.0,0.0
1773948836.476,52.0,5.0,41.0,0,1.809999942779541,0.0,1000.0,1000.0,0.0
1773948836.73,52.0,5.0,48.0,0,1.8799999952316284,0.0,1000.0,1000.0,0.0
1773948836.73,52.0,5.0,48.0,0,1.8799999952316284,0.0,1000.0,1000.0,0.0
1773948836.73,52.0,5.0,48.0,0,1.8799999952316284,0.0,1000.0,1000.0,0.0
1773948837.182,52.0,5.0,54.0,0,1.8700000047683716,0.0,1000.0,1000.0,0.0
1773948837.182,52.0,5.0,54.0,0,1.8700000047683716,0.0,1000.0,1000.0,0.0
1773948837.751,52.0,5.0,54.0,0,1.7400000095367432,0.0,1000.0,1000.0,0.0
1773948837.751,52.0,5.0,54.0,0,1.7400000095367432,0.0,1000.0,1000.0,0.0
1773948837.751,52.0,5.0,54.0,0,1.7400000095367432,0.0,1000.0,1000.0,0.0
1773948838.272,52.0,5.0,59.0,0,1.0299999713897705,0.0,1000.0,1000.0,0.0
1773948838.272,52.0,5.0,59.0,0,1.0299999713897705,0.0,1000.0,1000.0,0.0
1773948838.696,52.0,5.0,68.0,0,0.27000001072883606,0.0,1000.0,1000.0,0.0
1773948838.696,52.0,5.0,68.0,0,0.27000001072883606,0.0,1000.0,1000.0,0.0
1773948838.696,52.0,5.0,68.0,0,0.27000001072883606,0.0,1000.0,1000.0,0.0
1773948839.2,53.0,5.0,65.0,0,0.009999999776482582,0.0,1000.0,1000.0,0.0
1773948839.2,53.0,5.0,65.0,0,0.009999999776482582,0.0,1000.0,1000.0,0.0
1773948839.2,53.0,5.0,65.0,0,0.009999999776482582,0.0,1000.0,1000.0,0.0
1773948839.794,53.0,5.0,67.0,0,0.05000000074505806,0.0,1000.0,1000.0,0.0
1773948839.794,53.0,5.0,67.0,0,0.05000000074505806,0.0,1000.0,1000.0,0.0
1773948840.267,53.0,5.0,75.0,0,0.09000000357627869,0.0,1000.0,1000.0,0.0
1773948840.267,53.0,5.0,75.0,0,0.09000000357627869,0.0,1000.0,1000.0,0.0
1773948840.267,53.0,5.0,75.0,0,0.09000000357627869,0.0,1000.0,1000.0,0.0
1773948840.74,52.0,5.0,78.0,0,0.699999988079071,0.0,1000.0,1000.0,0.0
1773948840.74,52.0,5.0,78.0,0,0.699999988079071,0.0,1000.0,1000.0,0.0
1773948841.242,52.0,5.0,77.0,0,0.009999999776482582,0.0,1000.0,1000.0,0.0
1773948841.242,52.0,5.0,77.0,0,0.009999999776482582,0.0,1000.0,1000.0,0.0
1773948841.777,52.0,5.0,88.0,0,0.09000000357627869,0.0,1000.0,1000.0,0.0
1773948841.777,52.0,5.0,88.0,0,0.09000000357627869,0.0,1000.0,1000.0,0.0
1773948842.308,52.0,5.0,74.0,0,0.10999999940395355,0.0,1000.0,1000.0,0.0
1773948842.308,52.0,5.0,74.0,0,0.10999999940395355,0.0,1000.0,1000.0,0.0
1773948842.807,52.0,5.0,56.0,0,0.019999999552965164,0.0,1000.0,1000.0,0.0
1773948842.807,52.0,5.0,56.0,0,0.019999999552965164,0.0,1000.0,1000.0,0.0
1773948842.807,52.0,5.0,56.0,0,0.019999999552965164,0.0,1000.0,1000.0,0.0
1773948842.807,52.0,5.0,56.0,0,0.019999999552965164,0.0,1000.0,1000.0,0.0
1773948843.305,52.0,5.0,39.0,0,0.019999999552965164,0.0,1000.0,1000.0,0.0
1773948843.305,52.0,5.0,39.0,0,0.019999999552965164,0.0,1000.0,1000.0,0.0
1773948843.801,52.0,5.0,37.0,0,0.009999999776482582,0.0,1000.0,1000.0,0.0
1773948843.801,52.0,5.0,37.0,0,0.009999999776482582,0.0,1000.0,1000.0,0.0
1773948843.801,52.0,5.0,37.0,0,0.009999999776482582,0.0,1000.0,1000.0,0.0
1773948843.801,52.0,5.0,37.0,0,0.009999999776482582,0.0,1000.0,1000.0,0.0
1773948844.413,52.0,5.0,37.0,0,0.009999999776482582,0.0,1000.0,1000.0,0.0
1773948844.413,52.0,5.0,37.0,0,0.009999999776482582,0.0,1000.0,1000.0,0.0
1773948844.823,52.0,5.0,45.0,0,0.05999999865889549,0.0,1000.0,1000.0,0.0
1773948844.823,52.0,5.0,45.0,0,0.05999999865889549,0.0,1000.0,1000.0,0.0
1773948844.823,52.0,5.0,45.0,0,0.05999999865889549,0.0,1000.0,1000.0,0.0
1773948844.823,52.0,5.0,45.0,0,0.05999999865889549,0.0,1000.0,1000.0,0.0
1773948845.39,52.0,5.0,64.0,0,0.03999999910593033,0.0,1000.0,1000.0,0.0
1773948845.39,52.0,5.0,64.0,0,0.03999999910593033,0.0,1000.0,1000.0,0.0
1773948845.958,52.0,5.0,80.0,0,0.009999999776482582,0.0,1000.0,1000.0,0.0
1773948845.958,52.0,5.0,80.0,0,0.009999999776482582,0.0,1000.0,1000.0,0.0
1773948845.958,52.0,5.0,80.0,0,0.009999999776482582,0.0,1000.0,1000.0,0.0
1773948846.344,52.0,5.0,92.0,0,0.019999999552965164,0.0,1000.0,1000.0,0.0
1773948846.865,52.0,5.0,104.0,0,0.0,0.0,1000.0,1000.0,0.0
1773948846.865,52.0,5.0,104.0,0,0.0,0.0,1000.0,1000.0,0.0
1773948847.38,52.0,5.0,110.0,0,0.10999999940395355,0.0,1000.0,1000.0,0.0
1773948847.38,52.0,5.0,110.0,0,0.10999999940395355,0.0,1000.0,1000.0,0.0
1773948847.934,52.0,5.0,124.0,0,0.6100000143051147,0.0,1000.0,1000.0,0.0
1773948847.934,52.0,5.0,124.0,0,0.6100000143051147,0.0,1000.0,1000.0,0.0
1773948848.427,52.0,5.0,147.0,0,1.3200000524520874,0.0,1000.0,1000.0,0.0
1773948848.427,52.0,5.0,147.0,0,1.3200000524520874,0.0,1000.0,1000.0,0.0
1773948848.916,52.0,5.0,159.0,0,1.809999942779541,0.0,1000.0,1000.0,0.0
1773948848.916,52.0,5.0,159.0,0,1.809999942779541,0.0,1000.0,1000.0,0.0
1773948848.916,52.0,5.0,159.0,0,1.809999942779541,0.0,1000.0,1000.0,0.0
1773948849.544,52.0,5.0,149.0,0,1.8300000429153442,0.0,1000.0,1000.0,0.0
1773948849.544,52.0,5.0,149.0,0,1.8300000429153442,0.0,1000.0,1000.0,0.0
1773948849.544,52.0,5.0,149.0,0,1.8300000429153442,0.0,1000.0,1000.0,0.0
1773948849.936,52.0,5.0,120.0,0,1.7799999713897705,0.0,1000.0,1000.0,0.0
1773948849.936,52.0,5.0,120.0,0,1.7799999713897705,0.0,1000.0,1000.0,0.0
1773948850.417,52.0,5.0,99.0,0,1.7899999618530273,0.0,1000.0,1000.0,0.0
1773948850.417,52.0,5.0,99.0,0,1.7899999618530273,0.0,1000.0,1000.0,0.0
1773948851.059,52.0,5.0,85.0,0,1.840000033378601,0.0,1000.0,1000.0,0.0
1773948851.059,52.0,5.0,85.0,0,1.840000033378601,0.0,1000.0,1000.0,0.0
1773948851.455,52.0,5.0,80.0,0,1.7699999809265137,0.0,1000.0,1000.0,0.0
1773948851.455,52.0,5.0,80.0,0,1.7699999809265137,0.0,1000.0,1000.0,0.0
1773948851.455,52.0,5.0,80.0,0,1.7699999809265137,0.0,1000.0,1000.0,0.0
1773948852.063,52.0,5.0,85.0,0,1.7799999713897705,0.0,1000.0,1000.0,0.0
1773948852.063,52.0,5.0,85.0,0,1.7799999713897705,0.0,1000.0,1000.0,0.0
1773948852.518,52.0,5.0,102.0,0,1.8899999856948853,0.0,1000.0,1000.0,0.0
1773948852.518,52.0,5.0,102.0,0,1.8899999856948853,0.0,1000.0,1000.0,0.0
1773948852.518,52.0,5.0,102.0,0,1.8899999856948853,0.0,1000.0,1000.0,0.0
1773948852.977,52.0,5.0,126.0,0,1.899999976158142,0.0,1000.0,1000.0,0.0
1773948852.977,52.0,5.0,126.0,0,1.899999976158142,0.0,1000.0,1000.0,0.0
1773948852.977,52.0,5.0,126.0,0,1.899999976158142,0.0,1000.0,1000.0,0.0
1773948852.977,52.0,5.0,126.0,0,1.899999976158142,0.0,1000.0,1000.0,0.0
1773948853.686,52.0,5.0,138.0,0,1.8899999856948853,0.0,1000.0,1000.0,0.0
1773948853.686,52.0,5.0,138.0,0,1.8899999856948853,0.0,1000.0,1000.0,0.0
1773948854.079,52.0,5.0,139.0,0,1.8700000047683716,0.0,1000.0,1000.0,0.0
1773948854.079,52.0,5.0,139.0,0,1.8700000047683716,0.0,1000.0,1000.0,0.0
1773948854.079,52.0,5.0,139.0,0,1.8700000047683716,0.0,1000.0,1000.0,0.0
1773948854.731,52.0,5.0,135.0,0,1.8799999952316284,0.0,1000.0,1000.0,0.0
1773948854.731,52.0,5.0,135.0,0,1.8799999952316284,0.0,1000.0,1000.0,0.0
1773948855.122,52.0,5.0,130.0,0,1.8300000429153442,0.0,1000.0,1000.0,0.0
1773948855.122,52.0,5.0,130.0,0,1.8300000429153442,0.0,1000.0,1000.0,0.0
1773948855.549,52.0,5.0,119.0,0,1.7899999618530273,0.0,1000.0,1000.0,0.0
1773948855.549,52.0,5.0,119.0,0,1.7899999618530273,0.0,1000.0,1000.0,0.0
1773948855.549,52.0,5.0,119.0,0,1.7899999618530273,0.0,1000.0,1000.0,0.0
1773948856.084,52.0,5.0,109.0,0,1.8300000429153442,0.0,1000.0,1000.0,0.0
1773948856.084,52.0,5.0,109.0,0,1.8300000429153442,0.0,1000.0,1000.0,0.0
1773948856.084,52.0,5.0,109.0,0,1.8300000429153442,0.0,1000.0,1000.0,0.0
1773948856.561,52.0,5.0,104.0,0,1.7899999618530273,0.0,1000.0,1000.0,0.0
1773948856.561,52.0,5.0,104.0,0,1.7899999618530273,0.0,1000.0,1000.0,0.0
1773948857.171,52.0,5.0,103.0,0,1.8200000524520874,0.0,1000.0,1000.0,0.0
1773948857.171,52.0,5.0,103.0,0,1.8200000524520874,0.0,1000.0,1000.0,0.0
1773948857.65,52.0,5.0,89.0,0,1.899999976158142,0.0,1000.0,1000.0,0.0
1773948857.65,52.0,5.0,89.0,0,1.899999976158142,0.0,1000.0,1000.0,0.0
1773948858.145,52.0,5.0,77.0,0,1.909999966621399,0.0,1000.0,1000.0,0.0
1773948858.145,52.0,5.0,77.0,0,1.909999966621399,0.0,1000.0,1000.0,0.0
1773948858.594,52.0,5.0,78.0,0,1.899999976158142,0.0,1000.0,1000.0,0.0
1773948858.594,52.0,5.0,78.0,0,1.899999976158142,0.0,1000.0,1000.0,0.0
1773948858.594,52.0,5.0,78.0,0,1.899999976158142,0.0,1000.0,1000.0,0.0
1773948859.242,52.0,5.0,76.0,0,1.8300000429153442,0.0,1000.0,1000.0,0.0
1773948859.242,52.0,5.0,76.0,0,1.8300000429153442,0.0,1000.0,1000.0,0.0
1773948859.686,52.0,5.0,67.0,0,1.7400000095367432,0.0,1000.0,1000.0,0.0
1773948859.686,52.0,5.0,67.0,0,1.7400000095367432,0.0,1000.0,1000.0,0.0
1773948860.209,52.0,5.0,60.0,0,1.7300000190734863,0.0,1000.0,1000.0,0.0
1773948860.209,52.0,5.0,60.0,0,1.7300000190734863,0.0,1000.0,1000.0,0.0
1773948860.209,52.0,5.0,60.0,0,1.7300000190734863,0.0,1000.0,1000.0,0.0
1773948860.209,52.0,5.0,60.0,0,1.7300000190734863,0.0,1000.0,1000.0,0.0
1773948860.209,52.0,5.0,60.0,0,1.7300000190734863,0.0,1000.0,1000.0,0.0
1773948861.344,52.0,5.0,95.0,0,1.8600000143051147,0.0,1000.0,1000.0,0.0
1773948861.344,52.0,5.0,95.0,0,1.8600000143051147,0.0,1000.0,1000.0,0.0
1773948861.788,52.0,5.0,85.0,0,1.8300000429153442,0.0,1000.0,1000.0,0.0
1773948861.788,52.0,5.0,85.0,0,1.8300000429153442,0.0,1000.0,1000.0,0.0
1773948862.26,52.0,5.0,68.0,0,1.7899999618530273,0.0,1000.0,1000.0,0.0
1773948862.26,52.0,5.0,68.0,0,1.7899999618530273,0.0,1000.0,1000.0,0.0
1773948862.729,52.0,5.0,68.0,0,1.7100000381469727,0.0,1000.0,1000.0,0.0
1773948862.729,52.0,5.0,68.0,0,1.7100000381469727,0.0,1000.0,1000.0,0.0
1773948862.729,52.0,5.0,68.0,0,1.7100000381469727,0.0,1000.0,1000.0,0.0
1773948863.208,52.0,5.0,68.0,0,1.7300000190734863,0.0,1000.0,1000.0,0.0
1773948863.716,52.0,5.0,59.0,0,1.809999942779541,0.0,1000.0,1000.0,0.0
1773948863.716,52.0,5.0,59.0,0,1.809999942779541,0.0,1000.0,1000.0,0.0
1773948863.716,52.0,5.0,59.0,0,1.809999942779541,0.0,1000.0,1000.0,0.0
1773948864.313,52.0,5.0,54.0,0,1.8600000143051147,0.0,1000.0,1000.0,0.0
1773948864.313,52.0,5.0,54.0,0,1.8600000143051147,0.0,1000.0,1000.0,0.0
1773948864.793,52.0,5.0,64.0,0,1.809999942779541,0.0,1000.0,1000.0,0.0
1773948864.793,52.0,5.0,64.0,0,1.809999942779541,0.0,1000.0,1000.0,0.0
1773948864.793,52.0,5.0,64.0,0,1.809999942779541,0.0,1000.0,1000.0,0.0
1773948865.233,52.0,5.0,86.0,0,1.8300000429153442,0.0,1000.0,1000.0,0.0
1773948865.233,52.0,5.0,86.0,0,1.8300000429153442,0.0,1000.0,1000.0,0.0
1773948865.888,52.0,5.0,81.0,0,1.909999966621399,0.0,1000.0,1000.0,0.0
1773948865.888,52.0,5.0,81.0,0,1.909999966621399,0.0,1000.0,1000.0,0.0
1773948866.319,52.0,5.0,81.0,0,1.940000057220459,0.0,1000.0,1000.0,0.0
1773948866.319,52.0,5.0,81.0,0,1.940000057220459,0.0,1000.0,1000.0,0.0
1773948866.844,52.0,5.0,87.0,0,1.9299999475479126,0.0,1000.0,1000.0,0.0
1773948866.844,52.0,5.0,87.0,0,1.9299999475479126,0.0,1000.0,1000.0,0.0
1773948866.844,52.0,5.0,87.0,0,1.9299999475479126,0.0,1000.0,1000.0,0.0
1773948867.467,52.0,5.0,88.0,0,1.909999966621399,0.0,1000.0,1000.0,0.0
1773948867.467,52.0,5.0,88.0,0,1.909999966621399,0.0,1000.0,1000.0,0.0
1773948867.764,52.0,5.0,78.0,0,1.909999966621399,0.0,1000.0,1000.0,0.0
1773948868.273,52.0,5.0,78.0,0,1.9600000381469727,0.0,1000.0,1000.0,0.0
1773948868.273,52.0,5.0,78.0,0,1.9600000381469727,0.0,1000.0,1000.0,0.0
1773948868.273,52.0,5.0,78.0,0,1.9600000381469727,0.0,1000.0,1000.0,0.0
1773948868.93,52.0,5.0,103.0,0,1.9600000381469727,0.0,1000.0,1000.0,0.0
1773948868.93,52.0,5.0,103.0,0,1.9600000381469727,0.0,1000.0,1000.0,0.0
1773948869.373,52.0,5.0,134.0,0,1.9600000381469727,0.0,1000.0,1000.0,0.0
1773948869.373,52.0,5.0,134.0,0,1.9600000381469727,0.0,1000.0,1000.0,0.0
1773948869.883,52.0,5.0,129.0,0,1.9299999475479126,0.0,1000.0,1000.0,0.0
1773948869.883,52.0,5.0,129.0,0,1.9299999475479126,0.0,1000.0,1000.0,0.0
1773948870.383,52.0,5.0,132.0,0,1.9299999475479126,0.0,1000.0,1000.0,0.0
1773948870.383,52.0,5.0,132.0,0,1.9299999475479126,0.0,1000.0,1000.0,0.0
1773948870.383,52.0,5.0,132.0,0,1.9299999475479126,0.0,1000.0,1000.0,0.0
1773948871.013,52.0,5.0,152.0,0,1.8799999952316284,0.0,1000.0,1000.0,0.0
1773948871.013,52.0,5.0,152.0,0,1.8799999952316284,0.0,1000.0,1000.0,0.0
1773948871.44,52.0,5.0,169.0,0,1.7000000476837158,0.0,1000.0,1000.0,0.0
1773948871.44,52.0,5.0,169.0,0,1.7000000476837158,0.0,1000.0,1000.0,0.0
1773948871.923,52.0,5.0,195.0,0,1.5499999523162842,0.0,1000.0,1000.0,0.0
1773948871.923,52.0,5.0,195.0,0,1.5499999523162842,0.0,1000.0,1000.0,0.0
1773948872.4,52.0,5.0,200.0,0,1.6699999570846558,0.0,1000.0,1000.0,0.0
1773948872.4,52.0,5.0,200.0,0,1.6699999570846558,0.0,1000.0,1000.0,0.0
1773948872.863,52.0,5.0,188.0,0,0.029999999329447746,0.0,1000.0,1000.0,0.0
1773948872.863,52.0,5.0,188.0,0,0.029999999329447746,0.0,1000.0,1000.0,0.0
1773948872.863,52.0,5.0,188.0,0,0.029999999329447746,0.0,1000.0,1000.0,0.0
1773948873.393,52.0,5.0,170.0,0,0.019999999552965164,0.0,1000.0,1000.0,0.0
1773948873.393,52.0,5.0,170.0,0,0.019999999552965164,0.0,1000.0,1000.0,0.0
1773948873.393,52.0,5.0,170.0,0,0.019999999552965164,0.0,1000.0,1000.0,0.0
1773948873.879,52.0,5.0,144.0,0,0.009999999776482582,0.0,1000.0,1000.0,0.0
1773948873.879,52.0,5.0,144.0,0,0.009999999776482582,0.0,1000.0,1000.0,0.0
1773948874.439,52.0,5.0,151.0,0,0.20000000298023224,0.0,1000.0,1000.0,0.0
1773948874.439,52.0,5.0,151.0,0,0.20000000298023224,0.0,1000.0,1000.0,0.0
1773948874.902,52.0,5.0,126.0,0,0.4399999976158142,0.0,1000.0,1000.0,0.0
1773948874.902,52.0,5.0,126.0,0,0.4399999976158142,0.0,1000.0,1000.0,0.0
1773948880.322,53.0,5.0,58.0,0,0.0,0.0,1000.0,1000.0,0.0
1773948880.322,53.0,5.0,58.0,0,0.0,0.0,1000.0,1000.0,0.0
1773948880.322,53.0,5.0,58.0,0,0.0,0.0,1000.0,1000.0,0.0
1773948880.322,53.0,5.0,58.0,0,0.0,0.0,1000.0,1000.0,0.0
1773948880.322,53.0,5.0,58.0,0,0.0,0.0,1000.0,1000.0,0.0
1773948880.322,53.0,5.0,58.0,0,0.0,0.0,1000.0,1000.0,0.0
1773948880.322,53.0,5.0,58.0,0,0.0,0.0,1000.0,1000.0,0.0
1773948880.322,53.0,5.0,58.0,0,0.0,0.0,1000.0,1000.0,0.0
1773948880.322,53.0,5.0,58.0,0,0.0,0.0,1000.0,1000.0,0.0
1773948882.419,53.0,5.0,58.0,0,0.0,0.0,1000.0,1000.0,0.0
1773948882.419,53.0,5.0,58.0,0,0.0,0.0,1000.0,1000.0,0.0
1773948882.919,53.0,5.0,58.0,0,0.0,0.0,1000.0,1000.0,0.0
1773948882.919,53.0,5.0,58.0,0,0.0,0.0,1000.0,1000.0,0.0
1773948883.427,53.0,5.0,58.0,0,0.0,0.0,1000.0,1000.0,0.0
1773948883.427,53.0,5.0,58.0,0,0.0,0.0,1000.0,1000.0,0.0
1773948883.938,53.0,5.0,58.0,0,0.0,0.0,1000.0,1000.0,0.0
1773948883.938,53.0,5.0,58.0,0,0.0,0.0,1000.0,1000.0,0.0
1773948883.938,53.0,5.0,58.0,0,0.0,0.0,1000.0,1000.0,0.0
1773948884.519,53.0,5.0,58.0,0,0.0,0.0,1000.0,1000.0,0.0
1773948884.995,53.0,5.0,58.0,0,0.0,0.0,1000.0,1000.0,0.0
1773948884.995,53.0,5.0,58.0,0,0.0,0.0,1000.0,1000.0,0.0
1773948885.521,53.0,5.0,58.0,0,0.0,0.0,1000.0,1000.0,0.0
1773948885.521,53.0,5.0,58.0,0,0.0,0.0,1000.0,1000.0,0.0
1773948885.994,53.0,5.0,58.0,0,0.0,0.0,1000.0,1000.0,0.0
1773948885.994,53.0,5.0,58.0,0,0.0,0.0,1000.0,1000.0,0.0
1773948886.611,53.0,5.0,58.0,0,0.0,0.0,1000.0,1000.0,0.0
1773948886.611,53.0,5.0,58.0,0,0.0,0.0,1000.0,1000.0,0.0
1773948887.144,53.0,5.0,58.0,0,0.0,0.0,1000.0,1000.0,0.0
1773948887.144,53.0,5.0,58.0,0,0.0,0.0,1000.0,1000.0,0.0
1773948887.621,53.0,5.0,58.0,0,0.0,0.0,1000.0,1000.0,0.0
1773948887.621,53.0,5.0,58.0,0,0.0,0.0,1000.0,1000.0,0.0
1773948888.033,53.0,5.0,58.0,0,0.0,0.0,1000.0,1000.0,0.0
1773948888.536,53.0,5.0,58.0,0,0.0,0.0,1000.0,1000.0,0.0
1773948888.536,53.0,5.0,58.0,0,0.0,0.0,1000.0,1000.0,0.0
1773948889.168,53.0,5.0,58.0,0,0.0,0.0,1000.0,1000.0,0.0
1773948889.168,53.0,5.0,58.0,0,0.0,0.0,1000.0,1000.0,0.0
1773948889.559,53.0,5.0,58.0,0,0.0,0.0,1000.0,1000.0,0.0
1773948890.06,53.0,5.0,58.0,0,0.0,0.0,1000.0,1000.0,0.0
1773948890.06,53.0,5.0,58.0,0,0.0,0.0,1000.0,1000.0,0.0
1773948890.618,53.0,5.0,58.0,0,0.0,0.0,1000.0,1000.0,0.0
1773948890.618,53.0,5.0,58.0,0,0.0,0.0,1000.0,1000.0,0.0
1773948891.108,53.0,5.0,58.0,0,0.0,0.0,1000.0,1000.0,0.0
1773948891.108,53.0,5.0,58.0,0,0.0,0.0,1000.0,1000.0,0.0
1773948891.588,53.0,5.0,58.0,0,0.0,0.0,1000.0,1000.0,0.0
1773948891.588,53.0,5.0,58.0,0,0.0,0.0,1000.0,1000.0,0.0
1773948891.588,53.0,5.0,58.0,0,0.0,0.0,1000.0,1000.0,0.0
1773948892.111,53.0,5.0,58.0,0,0.0,0.0,1000.0,1000.0,0.0
1773948892.111,53.0,5.0,58.0,0,0.0,0.0,1000.0,1000.0,0.0
1773948892.766,53.0,5.0,62.0,0,0.029999999329447746,0.0,1000.0,1000.0,0.0
1773948892.766,53.0,5.0,62.0,0,0.029999999329447746,0.0,1000.0,1000.0,0.0
1773948893.212,53.0,5.0,57.0,0,0.6100000143051147,0.0,1000.0,1000.0,0.0
1773948893.212,53.0,5.0,57.0,0,0.6100000143051147,0.0,1000.0,1000.0,0.0
1773948893.678,52.0,5.0,53.0,0,1.440000057220459,0.0,1000.0,1000.0,0.0
1773948893.678,52.0,5.0,53.0,0,1.440000057220459,0.0,1000.0,1000.0,0.0
1773948894.231,52.0,5.0,56.0,0,1.3200000524520874,0.0,1000.0,1000.0,0.0
1773948894.231,52.0,5.0,56.0,0,1.3200000524520874,0.0,1000.0,1000.0,0.0
1773948894.231,52.0,5.0,56.0,0,1.3200000524520874,0.0,1000.0,1000.0,0.0
1773948894.655,52.0,5.0,61.0,0,0.46000000834465027,0.0,1000.0,1000.0,0.0
1773948894.655,52.0,5.0,61.0,0,0.46000000834465027,0.0,1000.0,1000.0,0.0
1773948895.168,52.0,5.0,61.0,0,0.05000000074505806,0.0,1000.0,1000.0,0.0
1773948895.168,52.0,5.0,61.0,0,0.05000000074505806,0.0,1000.0,1000.0,0.0
1773948895.755,52.0,5.0,59.0,0,0.03999999910593033,0.0,1000.0,1000.0,0.0
1773948895.755,52.0,5.0,59.0,0,0.03999999910593033,0.0,1000.0,1000.0,0.0
1773948896.248,52.0,5.0,44.0,0,0.07000000029802322,0.0,1000.0,1000.0,0.0
1773948896.248,52.0,5.0,44.0,0,0.07000000029802322,0.0,1000.0,1000.0,0.0
1773948896.248,52.0,5.0,44.0,0,0.07000000029802322,0.0,1000.0,1000.0,0.0
1773948896.726,52.0,5.0,27.0,0,0.25,0.0,1000.0,1000.0,0.0
1773948897.189,52.0,5.0,26.0,0,0.1899999976158142,0.0,1000.0,1000.0,0.0
1773948897.189,52.0,5.0,26.0,0,0.1899999976158142,0.0,1000.0,1000.0,0.0
1773948897.189,52.0,5.0,26.0,0,0.1899999976158142,0.0,1000.0,1000.0,0.0
1773948897.912,52.0,5.0,29.0,0,0.33000001311302185,0.0,1000.0,1000.0,0.0
1773948897.912,52.0,5.0,29.0,0,0.33000001311302185,0.0,1000.0,1000.0,0.0
1773948898.255,52.0,5.0,31.0,0,1.0399999618530273,0.0,1000.0,1000.0,0.0
1773948898.255,52.0,5.0,31.0,0,1.0399999618530273,0.0,1000.0,1000.0,0.0
1773948898.806,52.0,5.0,35.0,0,1.6399999856948853,0.0,1000.0,1000.0,0.0
1773948898.806,52.0,5.0,35.0,0,1.6399999856948853,0.0,1000.0,1000.0,0.0
1773948899.275,52.0,4.0,50.0,0,1.850000023841858,0.0,1000.0,1000.0,0.0
1773948899.275,52.0,4.0,50.0,0,1.850000023841858,0.0,1000.0,1000.0,0.0
1773948899.79,52.0,4.0,61.0,0,1.8799999952316284,0.0,1000.0,1000.0,0.0
1773948899.79,52.0,4.0,61.0,0,1.8799999952316284,0.0,1000.0,1000.0,0.0
1773948899.79,52.0,4.0,61.0,0,1.8799999952316284,0.0,1000.0,1000.0,0.0
1773948900.287,52.0,5.0,66.0,0,1.9199999570846558,0.0,1000.0,1000.0,0.0
1773948900.287,52.0,5.0,66.0,0,1.9199999570846558,0.0,1000.0,1000.0,0.0
1773948900.906,52.0,5.0,80.0,0,1.909999966621399,0.0,1000.0,1000.0,0.0
1773948900.906,52.0,5.0,80.0,0,1.909999966621399,0.0,1000.0,1000.0,0.0
1773948901.354,52.0,5.0,85.0,0,1.7200000286102295,0.0,1000.0,1000.0,0.0
1773948901.354,52.0,5.0,85.0,0,1.7200000286102295,0.0,1000.0,1000.0,0.0
1773948901.354,52.0,5.0,85.0,0,1.7200000286102295,0.0,1000.0,1000.0,0.0
1773948901.95,52.0,5.0,84.0,0,1.4900000095367432,0.0,1000.0,1000.0,0.0
1773948901.95,52.0,5.0,84.0,0,1.4900000095367432,0.0,1000.0,1000.0,0.0
1773948902.42,52.0,4.0,80.0,0,1.4700000286102295,0.0,1000.0,1000.0,0.0
1773948902.42,52.0,4.0,80.0,0,1.4700000286102295,0.0,1000.0,1000.0,0.0
1773948902.42,52.0,4.0,80.0,0,1.4700000286102295,0.0,1000.0,1000.0,0.0
1773948902.985,52.0,4.0,80.0,0,1.5,0.0,1000.0,1000.0,0.0
1773948902.985,52.0,4.0,80.0,0,1.5,0.0,1000.0,1000.0,0.0
1773948903.366,51.0,4.0,85.0,0,1.4800000190734863,0.0,1000.0,1000.0,0.0
1773948903.366,51.0,4.0,85.0,0,1.4800000190734863,0.0,1000.0,1000.0,0.0
1773948903.366,51.0,4.0,85.0,0,1.4800000190734863,0.0,1000.0,1000.0,0.0
1773948903.966,52.0,4.0,91.0,0,1.4199999570846558,0.0,1000.0,1000.0,0.0
1773948903.966,52.0,4.0,91.0,0,1.4199999570846558,0.0,1000.0,1000.0,0.0
1773948904.423,52.0,4.0,104.0,0,1.350000023841858,0.0,1000.0,1000.0,0.0
1773948904.423,52.0,4.0,104.0,0,1.350000023841858,0.0,1000.0,1000.0,0.0
1773948904.423,52.0,4.0,104.0,0,1.350000023841858,0.0,1000.0,1000.0,0.0
1773948904.909,52.0,4.0,122.0,0,1.3300000429153442,0.0,1000.0,1000.0,0.0
1773948904.909,52.0,4.0,122.0,0,1.3300000429153442,0.0,1000.0,1000.0,0.0
1773948904.909,52.0,4.0,122.0,0,1.3300000429153442,0.0,1000.0,1000.0,0.0
1773948905.407,51.0,4.0,140.0,0,1.5099999904632568,0.0,1000.0,1000.0,0.0
1773948905.407,51.0,4.0,140.0,0,1.5099999904632568,0.0,1000.0,1000.0,0.0
1773948905.979,51.0,4.0,167.0,0,1.7599999904632568,0.0,1000.0,1000.0,0.0
1773948905.979,51.0,4.0,167.0,0,1.7599999904632568,0.0,1000.0,1000.0,0.0
1773948905.979,51.0,4.0,167.0,0,1.7599999904632568,0.0,1000.0,1000.0,0.0
1773948906.455,51.0,4.0,172.0,0,1.7799999713897705,0.0,1000.0,1000.0,0.0
1773948906.455,51.0,4.0,172.0,0,1.7799999713897705,0.0,1000.0,1000.0,0.0
1773948906.891,51.0,4.0,150.0,0,1.7300000190734863,0.0,1000.0,1000.0,0.0
1773948906.891,51.0,4.0,150.0,0,1.7300000190734863,0.0,1000.0,1000.0,0.0
1773948906.891,51.0,4.0,150.0,0,1.7300000190734863,0.0,1000.0,1000.0,0.0
1773948907.455,51.0,4.0,177.0,0,1.559999942779541,0.0,1000.0,1000.0,0.0
1773948907.455,51.0,4.0,177.0,0,1.559999942779541,0.0,1000.0,1000.0,0.0
1773948907.455,51.0,4.0,177.0,0,1.559999942779541,0.0,1000.0,1000.0,0.0
1773948907.945,51.0,4.0,177.0,0,1.5099999904632568,0.0,1000.0,1000.0,0.0
1773948907.945,51.0,4.0,177.0,0,1.5099999904632568,0.0,1000.0,1000.0,0.0
1773948908.463,50.0,4.0,223.0,0,1.5299999713897705,0.0,1000.0,1000.0,0.0
1773948908.463,50.0,4.0,223.0,0,1.5299999713897705,0.0,1000.0,1000.0,0.0
1773948908.463,50.0,4.0,223.0,0,1.5299999713897705,0.0,1000.0,1000.0,0.0
1773948908.994,50.0,4.0,232.0,0,0.9900000095367432,0.0,1000.0,1000.0,0.0
1773948908.994,50.0,4.0,232.0,0,0.9900000095367432,0.0,1000.0,1000.0,0.0
1773948908.994,50.0,4.0,232.0,0,0.9900000095367432,0.0,1000.0,1000.0,0.0
1773948909.545,50.0,4.0,233.0,0,0.25999999046325684,0.0,1000.0,1000.0,0.0
1773948909.545,50.0,4.0,233.0,0,0.25999999046325684,0.0,1000.0,1000.0,0.0
1773948909.545,50.0,4.0,233.0,0,0.25999999046325684,0.0,1000.0,1000.0,0.0
1773948910.099,51.0,4.0,232.0,0,0.0,0.0,1000.0,1000.0,0.0
1773948910.099,51.0,4.0,232.0,0,0.0,0.0,1000.0,1000.0,0.0
1773948910.552,52.0,4.0,223.0,0,0.1899999976158142,0.0,1000.0,1000.0,0.0
1773948910.552,52.0,4.0,223.0,0,0.1899999976158142,0.0,1000.0,1000.0,0.0
1773948916.095,53.0,5.0,199.0,0,0.0,0.0,1000.0,1000.0,0.0
1773948916.095,53.0,5.0,199.0,0,0.0,0.0,1000.0,1000.0,0.0
1773948916.62,53.0,5.0,198.0,0,0.0,0.0,1000.0,1000.0,0.0
1773948916.62,53.0,5.0,198.0,0,0.0,0.0,1000.0,1000.0,0.0
1773948916.62,53.0,5.0,198.0,0,0.0,0.0,1000.0,1000.0,0.0
1773948916.62,53.0,5.0,198.0,0,0.0,0.0,1000.0,1000.0,0.0
1773948916.62,53.0,5.0,198.0,0,0.0,0.0,1000.0,1000.0,0.0
1773948916.62,53.0,5.0,198.0,0,0.0,0.0,1000.0,1000.0,0.0
1773948916.62,53.0,5.0,198.0,0,0.0,0.0,1000.0,1000.0,0.0
1773948916.62,53.0,5.0,198.0,0,0.0,0.0,1000.0,1000.0,0.0
1773948916.62,53.0,5.0,198.0,0,0.0,0.0,1000.0,1000.0,0.0
1773948916.62,53.0,5.0,198.0,0,0.0,0.0,1000.0,1000.0,0.0
1773948916.62,53.0,5.0,198.0,0,0.0,0.0,1000.0,1000.0,0.0
1773948916.62,53.0,5.0,198.0,0,0.0,0.0,1000.0,1000.0,0.0
1773948916.62,53.0,5.0,198.0,0,0.0,0.0,1000.0,1000.0,0.0
1773948916.62,53.0,5.0,198.0,0,0.0,0.0,1000.0,1000.0,0.0
1773948916.62,53.0,5.0,198.0,0,0.0,0.0,1000.0,1000.0,0.0
1773948916.62,53.0,5.0,198.0,0,0.0,0.0,1000.0,1000.0,0.0
1773948916.62,53.0,5.0,198.0,0,0.0,0.0,1000.0,1000.0,0.0
1773948916.62,53.0,5.0,198.0,0,0.0,0.0,1000.0,1000.0,0.0
1773948916.62,53.0,5.0,198.0,0,0.0,0.0,1000.0,1000.0,0.0
1773948916.62,53.0,5.0,198.0,0,0.0,0.0,1000.0,1000.0,0.0
1773948916.62,53.0,5.0,198.0,0,0.0,0.0,1000.0,1000.0,0.0
1773948916.62,53.0,5.0,198.0,0,0.0,0.0,1000.0,1000.0,0.0
1773948916.62,53.0,5.0,198.0,0,0.0,0.0,1000.0,1000.0,0.0
1773948916.62,53.0,5.0,198.0,0,0.0,0.0,1000.0,1000.0,0.0
1773948916.62,53.0,5.0,198.0,0,0.0,0.0,1000.0,1000.0,0.0
1773948916.62,53.0,5.0,198.0,0,0.0,0.0,1000.0,1000.0,0.0
1773948916.62,53.0,5.0,198.0,0,0.0,0.0,1000.0,1000.0,0.0
1773948916.62,53.0,5.0,198.0,0,0.0,0.0,1000.0,1000.0,0.0
1773948916.62,53.0,5.0,198.0,0,0.0,0.0,1000.0,1000.0,0.0
1773948916.62,53.0,5.0,198.0,0,0.0,0.0,1000.0,1000.0,0.0
1773948916.62,53.0,5.0,198.0,0,0.0,0.0,1000.0,1000.0,0.0
1773948916.62,53.0,5.0,198.0,0,0.0,0.0,1000.0,1000.0,0.0
1773948916.62,53.0,5.0,198.0,0,0.0,0.0,1000.0,1000.0,0.0
1773948916.62,53.0,5.0,198.0,0,0.0,0.0,1000.0,1000.0,0.0
1773948916.62,53.0,5.0,198.0,0,0.0,0.0,1000.0,1000.0,0.0
1773948916.62,53.0,5.0,198.0,0,0.0,0.0,1000.0,1000.0,0.0
1773948916.62,53.0,5.0,198.0,0,0.0,0.0,1000.0,1000.0,0.0
1773948921.22,53.0,5.0,199.0,0,0.0,0.0,1000.0,1000.0,0.0
1773948921.22,53.0,5.0,199.0,0,0.0,0.0,1000.0,1000.0,0.0
1773948921.22,53.0,5.0,199.0,0,0.0,0.0,1000.0,1000.0,0.0
1773948921.22,53.0,5.0,199.0,0,0.0,0.0,1000.0,1000.0,0.0
1773948921.22,53.0,5.0,199.0,0,0.0,0.0,1000.0,1000.0,0.0
1773948921.715,53.0,5.0,198.0,0,0.0,0.0,1000.0,1000.0,0.0
1773948921.715,53.0,5.0,198.0,0,0.0,0.0,1000.0,1000.0,0.0
1773948921.715,53.0,5.0,198.0,0,0.0,0.0,1000.0,1000.0,0.0
1773948921.715,53.0,5.0,198.0,0,0.0,0.0,1000.0,1000.0,0.0
1773948922.255,53.0,5.0,199.0,0,0.0,0.0,1000.0,1000.0,0.0
1773948922.255,53.0,5.0,199.0,0,0.0,0.0,1000.0,1000.0,0.0
1773948922.255,53.0,5.0,199.0,0,0.0,0.0,1000.0,1000.0,0.0
1773948922.255,53.0,5.0,199.0,0,0.0,0.0,1000.0,1000.0,0.0
1773948922.255,53.0,5.0,199.0,0,0.0,0.0,1000.0,1000.0,0.0
1773948922.78,53.0,5.0,199.0,0,0.0,0.0,1000.0,1000.0,0.0
1773948922.78,53.0,5.0,199.0,0,0.0,0.0,1000.0,1000.0,0.0
1773948922.78,53.0,5.0,199.0,0,0.0,0.0,1000.0,1000.0,0.0
1773948922.78,53.0,5.0,199.0,0,0.0,0.0,1000.0,1000.0,0.0
1773948922.78,53.0,5.0,199.0,0,0.0,0.0,1000.0,1000.0,0.0
1773948923.297,53.0,5.0,198.0,0,0.0,0.0,1000.0,1000.0,0.0
1773948923.297,53.0,5.0,198.0,0,0.0,0.0,1000.0,1000.0,0.0
1773948923.297,53.0,5.0,198.0,0,0.0,0.0,1000.0,1000.0,0.0
1773948923.297,53.0,5.0,198.0,0,0.0,0.0,1000.0,1000.0,0.0
1773948923.817,53.0,5.0,189.0,0,0.029999999329447746,0.0,1000.0,1000.0,0.0
1773948923.817,53.0,5.0,189.0,0,0.029999999329447746,0.0,1000.0,1000.0,0.0
1773948923.817,53.0,5.0,189.0,0,0.029999999329447746,0.0,1000.0,1000.0,0.0
1773948923.817,53.0,5.0,189.0,0,0.029999999329447746,0.0,1000.0,1000.0,0.0
1773948924.349,52.0,5.0,170.0,0,0.0,0.0,1000.0,1000.0,0.0
1773948924.349,52.0,5.0,170.0,0,0.0,0.0,1000.0,1000.0,0.0
1773948924.78,52.0,5.0,145.0,0,0.029999999329447746,0.0,1000.0,1000.0,0.0
1773948924.78,52.0,5.0,145.0,0,0.029999999329447746,0.0,1000.0,1000.0,0.0
1773948924.78,52.0,5.0,145.0,0,0.029999999329447746,0.0,1000.0,1000.0,0.0
1773948925.347,52.0,4.0,140.0,0,0.23999999463558197,0.0,1000.0,1000.0,0.0
1773948925.347,52.0,4.0,140.0,0,0.23999999463558197,0.0,1000.0,1000.0,0.0
1773948925.347,52.0,4.0,140.0,0,0.23999999463558197,0.0,1000.0,1000.0,0.0
1773948925.932,52.0,4.0,136.0,0,0.25,0.0,1000.0,1000.0,0.0
1773948925.932,52.0,4.0,136.0,0,0.25,0.0,1000.0,1000.0,0.0
1773948926.338,52.0,4.0,136.0,0,0.7400000095367432,0.0,1000.0,1000.0,0.0
1773948926.338,52.0,4.0,136.0,0,0.7400000095367432,0.0,1000.0,1000.0,0.0
1773948926.338,52.0,4.0,136.0,0,0.7400000095367432,0.0,1000.0,1000.0,0.0
1773948926.814,52.0,4.0,134.0,0,1.5399999618530273,0.0,1000.0,1000.0,0.0
1773948926.814,52.0,4.0,134.0,0,1.5399999618530273,0.0,1000.0,1000.0,0.0
1773948927.401,52.0,4.0,123.0,0,1.7899999618530273,0.0,1000.0,1000.0,0.0
1773948927.401,52.0,4.0,123.0,0,1.7899999618530273,0.0,1000.0,1000.0,0.0
1773948927.401,52.0,4.0,123.0,0,1.7899999618530273,0.0,1000.0,1000.0,0.0
1773948927.838,52.0,4.0,120.0,0,1.5299999713897705,0.0,1000.0,1000.0,0.0
1773948927.838,52.0,4.0,120.0,0,1.5299999713897705,0.0,1000.0,1000.0,0.0
1773948928.399,52.0,4.0,113.0,0,0.8100000023841858,0.0,1000.0,1000.0,0.0
1773948928.399,52.0,4.0,113.0,0,0.8100000023841858,0.0,1000.0,1000.0,0.0
1773948928.399,52.0,4.0,113.0,0,0.8100000023841858,0.0,1000.0,1000.0,0.0
1773948928.878,52.0,4.0,109.0,0,0.0,0.0,1000.0,1000.0,0.0
1773948928.878,52.0,4.0,109.0,0,0.0,0.0,1000.0,1000.0,0.0
1773948929.408,52.0,4.0,94.0,0,0.029999999329447746,0.0,1000.0,1000.0,0.0
1773948929.408,52.0,4.0,94.0,0,0.029999999329447746,0.0,1000.0,1000.0,0.0
1773948929.408,52.0,4.0,94.0,0,0.029999999329447746,0.0,1000.0,1000.0,0.0
1773948929.924,52.0,4.0,90.0,0,0.029999999329447746,0.0,1000.0,1000.0,0.0
1773948929.924,52.0,4.0,90.0,0,0.029999999329447746,0.0,1000.0,1000.0,0.0
1773948930.44,52.0,4.0,95.0,0,0.07000000029802322,0.0,1000.0,1000.0,0.0
1773948930.44,52.0,4.0,95.0,0,0.07000000029802322,0.0,1000.0,1000.0,0.0
1773948930.44,52.0,4.0,95.0,0,0.07000000029802322,0.0,1000.0,1000.0,0.0
1773948930.96,52.0,4.0,84.0,0,0.30000001192092896,0.0,1000.0,1000.0,0.0
1773948930.96,52.0,4.0,84.0,0,0.30000001192092896,0.0,1000.0,1000.0,0.0
1773948930.96,52.0,4.0,84.0,0,0.30000001192092896,0.0,1000.0,1000.0,0.0
1773948931.402,52.0,4.0,69.0,0,1.1100000143051147,0.0,1000.0,1000.0,0.0
1773948931.402,52.0,4.0,69.0,0,1.1100000143051147,0.0,1000.0,1000.0,0.0
1773948931.938,52.0,4.0,45.0,0,0.019999999552965164,0.0,1000.0,1000.0,0.0
1773948931.938,52.0,4.0,45.0,0,0.019999999552965164,0.0,1000.0,1000.0,0.0
1773948931.938,52.0,4.0,45.0,0,0.019999999552965164,0.0,1000.0,1000.0,0.0
1773948931.938,52.0,4.0,45.0,0,0.019999999552965164,0.0,1000.0,1000.0,0.0
1773948932.575,52.0,4.0,37.0,0,0.019999999552965164,0.0,1000.0,1000.0,0.0
1773948932.575,52.0,4.0,37.0,0,0.019999999552965164,0.0,1000.0,1000.0,0.0
1773948933.044,52.0,4.0,22.0,0,0.009999999776482582,0.0,1000.0,1000.0,0.0
1773948933.044,52.0,4.0,22.0,0,0.009999999776482582,0.0,1000.0,1000.0,0.0
1773948933.044,52.0,4.0,22.0,0,0.009999999776482582,0.0,1000.0,1000.0,0.0
1773948933.584,52.0,4.0,353.0,0,0.029999999329447746,0.0,1000.0,1000.0,0.0
1773948933.584,52.0,4.0,353.0,0,0.029999999329447746,0.0,1000.0,1000.0,0.0
1773948934.01,52.0,4.0,337.0,0,0.1599999964237213,0.0,1000.0,1000.0,0.0
1773948934.01,52.0,4.0,337.0,0,0.1599999964237213,0.0,1000.0,1000.0,0.0
1773948934.01,52.0,4.0,337.0,0,0.1599999964237213,0.0,1000.0,1000.0,0.0
1773948934.58,52.0,4.0,354.0,0,0.23000000417232513,0.0,1000.0,1000.0,0.0
1773948934.58,52.0,4.0,354.0,0,0.23000000417232513,0.0,1000.0,1000.0,0.0
1773948934.989,52.0,4.0,38.0,0,0.9800000190734863,0.0,1000.0,1000.0,0.0
1773948934.989,52.0,4.0,38.0,0,0.9800000190734863,0.0,1000.0,1000.0,0.0
1773948934.989,52.0,4.0,38.0,0,0.9800000190734863,0.0,1000.0,1000.0,0.0
1773948935.506,52.0,4.0,55.0,0,1.7000000476837158,0.0,1000.0,1000.0,0.0
1773948935.506,52.0,4.0,55.0,0,1.7000000476837158,0.0,1000.0,1000.0,0.0
1773948936.066,52.0,4.0,38.0,0,1.840000033378601,0.0,1000.0,1000.0,0.0
1773948936.066,52.0,4.0,38.0,0,1.840000033378601,0.0,1000.0,1000.0,0.0
1773948936.066,52.0,4.0,38.0,0,1.840000033378601,0.0,1000.0,1000.0,0.0
1773948936.538,52.0,4.0,43.0,0,1.75,0.0,1000.0,1000.0,0.0
1773948936.538,52.0,4.0,43.0,0,1.75,0.0,1000.0,1000.0,0.0
1773948937.082,52.0,4.0,67.0,0,1.4900000095367432,0.0,1000.0,1000.0,0.0
1773948937.082,52.0,4.0,67.0,0,1.4900000095367432,0.0,1000.0,1000.0,0.0
1773948937.082,52.0,4.0,67.0,0,1.4900000095367432,0.0,1000.0,1000.0,0.0
1773948937.605,52.0,4.0,95.0,0,1.350000023841858,0.0,1000.0,1000.0,0.0
1773948937.605,52.0,4.0,95.0,0,1.350000023841858,0.0,1000.0,1000.0,0.0
1773948938.058,51.0,4.0,99.0,0,1.399999976158142,0.0,1000.0,1000.0,0.0
1773948938.058,51.0,4.0,99.0,0,1.399999976158142,0.0,1000.0,1000.0,0.0
1773948938.058,51.0,4.0,99.0,0,1.399999976158142,0.0,1000.0,1000.0,0.0
1773948938.539,51.0,4.0,116.0,0,1.6100000143051147,0.0,1000.0,1000.0,0.0
1773948938.539,51.0,4.0,116.0,0,1.6100000143051147,0.0,1000.0,1000.0,0.0
1773948939.046,51.0,4.0,138.0,0,1.850000023841858,0.0,1000.0,1000.0,0.0
1773948939.046,51.0,4.0,138.0,0,1.850000023841858,0.0,1000.0,1000.0,0.0
1773948939.046,51.0,4.0,138.0,0,1.850000023841858,0.0,1000.0,1000.0,0.0
1773948939.046,51.0,4.0,138.0,0,1.850000023841858,0.0,1000.0,1000.0,0.0
1773948939.56,51.0,4.0,146.0,0,1.899999976158142,0.0,1000.0,1000.0,0.0
1773948939.56,51.0,4.0,146.0,0,1.899999976158142,0.0,1000.0,1000.0,0.0
1773948939.56,51.0,4.0,146.0,0,1.899999976158142,0.0,1000.0,1000.0,0.0
1773948940.11,51.0,4.0,156.0,0,1.909999966621399,0.0,1000.0,1000.0,0.0
1773948940.11,51.0,4.0,156.0,0,1.909999966621399,0.0,1000.0,1000.0,0.0
1773948940.11,51.0,4.0,156.0,0,1.909999966621399,0.0,1000.0,1000.0,0.0
1773948940.59,51.0,4.0,152.0,0,1.9199999570846558,0.0,1000.0,1000.0,0.0
1773948940.59,51.0,4.0,152.0,0,1.9199999570846558,0.0,1000.0,1000.0,0.0
1773948940.59,51.0,4.0,152.0,0,1.9199999570846558,0.0,1000.0,1000.0,0.0
1773948940.59,51.0,4.0,152.0,0,1.9199999570846558,0.0,1000.0,1000.0,0.0
1773948941.118,52.0,4.0,130.0,0,1.8899999856948853,0.0,1000.0,1000.0,0.0
1773948941.118,52.0,4.0,130.0,0,1.8899999856948853,0.0,1000.0,1000.0,0.0
1773948941.118,52.0,4.0,130.0,0,1.8899999856948853,0.0,1000.0,1000.0,0.0
1773948941.694,52.0,4.0,105.0,0,1.840000033378601,0.0,1000.0,1000.0,0.0
1773948941.694,52.0,4.0,105.0,0,1.840000033378601,0.0,1000.0,1000.0,0.0
1773948941.694,52.0,4.0,105.0,0,1.840000033378601,0.0,1000.0,1000.0,0.0
1773948941.694,52.0,4.0,105.0,0,1.840000033378601,0.0,1000.0,1000.0,0.0
1773948942.226,52.0,4.0,100.0,0,1.840000033378601,0.0,1000.0,1000.0,0.0
1773948942.226,52.0,4.0,100.0,0,1.840000033378601,0.0,1000.0,1000.0,0.0
1773948942.71,52.0,4.0,68.0,0,1.909999966621399,0.0,1000.0,1000.0,0.0
1773948942.71,52.0,4.0,68.0,0,1.909999966621399,0.0,1000.0,1000.0,0.0
1773948943.119,52.0,4.0,39.0,0,1.75,0.0,1000.0,1000.0,0.0
1773948943.119,52.0,4.0,39.0,0,1.75,0.0,1000.0,1000.0,0.0
1773948943.119,52.0,4.0,39.0,0,1.75,0.0,1000.0,1000.0,0.0
1773948943.119,52.0,4.0,39.0,0,1.75,0.0,1000.0,1000.0,0.0
1773948943.698,51.0,4.0,29.0,0,1.5800000429153442,0.0,1000.0,1000.0,0.0
1773948943.698,51.0,4.0,29.0,0,1.5800000429153442,0.0,1000.0,1000.0,0.0
1773948943.698,51.0,4.0,29.0,0,1.5800000429153442,0.0,1000.0,1000.0,0.0
1773948944.229,51.0,4.0,23.0,0,1.690000057220459,0.0,1000.0,1000.0,0.0
1773948944.229,51.0,4.0,23.0,0,1.690000057220459,0.0,1000.0,1000.0,0.0
1773948944.229,51.0,4.0,23.0,0,1.690000057220459,0.0,1000.0,1000.0,0.0
1773948944.229,51.0,4.0,23.0,0,1.690000057220459,0.0,1000.0,1000.0,0.0
1773948944.759,51.0,4.0,19.0,0,1.7699999809265137,0.0,1000.0,1000.0,0.0
1773948944.759,51.0,4.0,19.0,0,1.7699999809265137,0.0,1000.0,1000.0,0.0
1773948945.155,51.0,4.0,8.0,0,1.5800000429153442,0.0,1000.0,1000.0,0.0
1773948945.155,51.0,4.0,8.0,0,1.5800000429153442,0.0,1000.0,1000.0,0.0
1773948945.155,51.0,4.0,8.0,0,1.5800000429153442,0.0,1000.0,1000.0,0.0
1773948945.751,51.0,4.0,350.0,0,1.5299999713897705,0.0,1000.0,1000.0,0.0
1773948945.751,51.0,4.0,350.0,0,1.5299999713897705,0.0,1000.0,1000.0,0.0
1773948945.751,51.0,4.0,350.0,0,1.5299999713897705,0.0,1000.0,1000.0,0.0
1773948946.283,51.0,4.0,307.0,0,1.7599999904632568,0.0,1000.0,1000.0,0.0
1773948946.283,51.0,4.0,307.0,0,1.7599999904632568,0.0,1000.0,1000.0,0.0
1773948946.283,51.0,4.0,307.0,0,1.7599999904632568,0.0,1000.0,1000.0,0.0
1773948946.283,51.0,4.0,307.0,0,1.7599999904632568,0.0,1000.0,1000.0,0.0
1773948946.773,51.0,4.0,256.0,0,1.8899999856948853,0.0,1000.0,1000.0,0.0
1773948946.773,51.0,4.0,256.0,0,1.8899999856948853,0.0,1000.0,1000.0,0.0
1773948947.203,51.0,4.0,255.0,0,1.8700000047683716,0.0,1000.0,1000.0,0.0
1773948947.203,51.0,4.0,255.0,0,1.8700000047683716,0.0,1000.0,1000.0,0.0
1773948947.203,51.0,4.0,255.0,0,1.8700000047683716,0.0,1000.0,1000.0,0.0
1773948947.717,51.0,4.0,262.0,0,1.6100000143051147,0.0,1000.0,1000.0,0.0
1773948947.717,51.0,4.0,262.0,0,1.6100000143051147,0.0,1000.0,1000.0,0.0
1773948947.717,51.0,4.0,262.0,0,1.6100000143051147,0.0,1000.0,1000.0,0.0
1773948947.717,51.0,4.0,262.0,0,1.6100000143051147,0.0,1000.0,1000.0,0.0
1773948948.247,51.0,4.0,278.0,0,1.3600000143051147,0.0,1000.0,1000.0,0.0
1773948948.247,51.0,4.0,278.0,0,1.3600000143051147,0.0,1000.0,1000.0,0.0
1773948948.247,51.0,4.0,278.0,0,1.3600000143051147,0.0,1000.0,1000.0,0.0
1773948948.788,51.0,4.0,297.0,0,1.3300000429153442,0.0,1000.0,1000.0,0.0
1773948948.788,51.0,4.0,297.0,0,1.3300000429153442,0.0,1000.0,1000.0,0.0
1773948948.788,51.0,4.0,297.0,0,1.3300000429153442,0.0,1000.0,1000.0,0.0
1773948949.289,51.0,4.0,313.0,0,1.2999999523162842,0.0,1000.0,1000.0,0.0
1773948949.289,51.0,4.0,313.0,0,1.2999999523162842,0.0,1000.0,1000.0,0.0
1773948949.289,51.0,4.0,313.0,0,1.2999999523162842,0.0,1000.0,1000.0,0.0
1773948949.289,51.0,4.0,313.0,0,1.2999999523162842,0.0,1000.0,1000.0,0.0
1773948949.796,51.0,4.0,317.0,0,1.4500000476837158,0.0,1000.0,1000.0,0.0
1773948949.796,51.0,4.0,317.0,0,1.4500000476837158,0.0,1000.0,1000.0,0.0
1773948950.308,51.0,4.0,319.0,0,1.75,0.0,1000.0,1000.0,0.0
1773948950.308,51.0,4.0,319.0,0,1.75,0.0,1000.0,1000.0,0.0
1773948950.308,51.0,4.0,319.0,0,1.75,0.0,1000.0,1000.0,0.0
1773948950.308,51.0,4.0,319.0,0,1.75,0.0,1000.0,1000.0,0.0
1773948950.807,51.0,4.0,327.0,0,1.8600000143051147,0.0,1000.0,1000.0,0.0
1773948950.807,51.0,4.0,327.0,0,1.8600000143051147,0.0,1000.0,1000.0,0.0
1773948950.807,51.0,4.0,327.0,0,1.8600000143051147,0.0,1000.0,1000.0,0.0
1773948951.376,51.0,4.0,335.0,0,1.8300000429153442,0.0,1000.0,1000.0,0.0
1773948951.376,51.0,4.0,335.0,0,1.8300000429153442,0.0,1000.0,1000.0,0.0
1773948951.376,51.0,4.0,335.0,0,1.8300000429153442,0.0,1000.0,1000.0,0.0
1773948951.838,51.0,4.0,348.0,0,1.8300000429153442,0.0,1000.0,1000.0,0.0
1773948951.838,51.0,4.0,348.0,0,1.8300000429153442,0.0,1000.0,1000.0,0.0
1773948951.838,51.0,4.0,348.0,0,1.8300000429153442,0.0,1000.0,1000.0,0.0
1773948951.838,51.0,4.0,348.0,0,1.8300000429153442,0.0,1000.0,1000.0,0.0
1773948952.347,51.0,4.0,5.0,0,1.899999976158142,0.0,1000.0,1000.0,0.0
1773948952.347,51.0,4.0,5.0,0,1.899999976158142,0.0,1000.0,1000.0,0.0
1773948952.347,51.0,4.0,5.0,0,1.899999976158142,0.0,1000.0,1000.0,0.0
1773948952.886,51.0,4.0,20.0,0,1.909999966621399,0.0,1000.0,1000.0,0.0
1773948952.886,51.0,4.0,20.0,0,1.909999966621399,0.0,1000.0,1000.0,0.0
1773948952.886,51.0,4.0,20.0,0,1.909999966621399,0.0,1000.0,1000.0,0.0
1773948953.35,51.0,4.0,36.0,0,1.9199999570846558,0.0,1000.0,1000.0,0.0
1773948953.35,51.0,4.0,36.0,0,1.9199999570846558,0.0,1000.0,1000.0,0.0
1773948953.35,51.0,4.0,36.0,0,1.9199999570846558,0.0,1000.0,1000.0,0.0
1773948953.35,51.0,4.0,36.0,0,1.9199999570846558,0.0,1000.0,1000.0,0.0
1773948953.859,51.0,4.0,42.0,0,1.9199999570846558,0.0,1000.0,1000.0,0.0
1773948953.859,51.0,4.0,42.0,0,1.9199999570846558,0.0,1000.0,1000.0,0.0
1773948953.859,51.0,4.0,42.0,0,1.9199999570846558,0.0,1000.0,1000.0,0.0
1773948954.356,51.0,4.0,41.0,0,1.8899999856948853,0.0,1000.0,1000.0,0.0
1773948954.356,51.0,4.0,41.0,0,1.8899999856948853,0.0,1000.0,1000.0,0.0
1773948954.356,51.0,4.0,41.0,0,1.8899999856948853,0.0,1000.0,1000.0,0.0
1773948954.356,51.0,4.0,41.0,0,1.8899999856948853,0.0,1000.0,1000.0,0.0
1773948955.032,52.0,4.0,35.0,0,1.8600000143051147,0.0,1000.0,1000.0,0.0
1773948955.032,52.0,4.0,35.0,0,1.8600000143051147,0.0,1000.0,1000.0,0.0
1773948955.398,51.0,3.0,43.0,0,1.840000033378601,0.0,1000.0,1000.0,0.0
1773948955.398,51.0,3.0,43.0,0,1.840000033378601,0.0,1000.0,1000.0,0.0
1773948955.398,51.0,3.0,43.0,0,1.840000033378601,0.0,1000.0,1000.0,0.0
1773948955.953,51.0,3.0,43.0,0,1.7799999713897705,0.0,1000.0,1000.0,0.0
1773948955.953,51.0,3.0,43.0,0,1.7799999713897705,0.0,1000.0,1000.0,0.0
1773948955.953,51.0,3.0,43.0,0,1.7799999713897705,0.0,1000.0,1000.0,0.0
1773948956.387,51.0,3.0,39.0,0,1.75,0.0,1000.0,1000.0,0.0
1773948956.387,51.0,3.0,39.0,0,1.75,0.0,1000.0,1000.0,0.0
1773948956.387,51.0,3.0,39.0,0,1.75,0.0,1000.0,1000.0,0.0
1773948956.387,51.0,3.0,39.0,0,1.75,0.0,1000.0,1000.0,0.0
1773948956.906,51.0,3.0,59.0,0,1.8300000429153442,0.0,1000.0,1000.0,0.0
1773948956.906,51.0,3.0,59.0,0,1.8300000429153442,0.0,1000.0,1000.0,0.0
1773948956.906,51.0,3.0,59.0,0,1.8300000429153442,0.0,1000.0,1000.0,0.0
1773948957.482,51.0,4.0,69.0,0,1.909999966621399,0.0,1000.0,1000.0,0.0
1773948957.482,51.0,4.0,69.0,0,1.909999966621399,0.0,1000.0,1000.0,0.0
1773948957.482,51.0,4.0,69.0,0,1.909999966621399,0.0,1000.0,1000.0,0.0
1773948957.986,51.0,4.0,61.0,0,1.899999976158142,0.0,1000.0,1000.0,0.0
1773948957.986,51.0,4.0,61.0,0,1.899999976158142,0.0,1000.0,1000.0,0.0
1773948957.986,51.0,4.0,61.0,0,1.899999976158142,0.0,1000.0,1000.0,0.0
1773948957.986,51.0,4.0,61.0,0,1.899999976158142,0.0,1000.0,1000.0,0.0
1773948958.568,51.0,3.0,48.0,0,1.8799999952316284,0.0,1000.0,1000.0,0.0
1773948958.568,51.0,3.0,48.0,0,1.8799999952316284,0.0,1000.0,1000.0,0.0
1773948958.568,51.0,3.0,48.0,0,1.8799999952316284,0.0,1000.0,1000.0,0.0
1773948959.063,52.0,3.0,49.0,0,1.9500000476837158,0.0,1000.0,1000.0,0.0
1773948959.063,52.0,3.0,49.0,0,1.9500000476837158,0.0,1000.0,1000.0,0.0
1773948959.063,52.0,3.0,49.0,0,1.9500000476837158,0.0,1000.0,1000.0,0.0
1773948959.499,51.0,3.0,63.0,0,1.9600000381469727,0.0,1000.0,1000.0,0.0
1773948959.499,51.0,3.0,63.0,0,1.9600000381469727,0.0,1000.0,1000.0,0.0
1773948959.499,51.0,3.0,63.0,0,1.9600000381469727,0.0,1000.0,1000.0,0.0
1773948960.023,51.0,3.0,76.0,0,1.940000057220459,0.0,1000.0,1000.0,0.0
1773948960.023,51.0,3.0,76.0,0,1.940000057220459,0.0,1000.0,1000.0,0.0
1773948960.023,51.0,3.0,76.0,0,1.940000057220459,0.0,1000.0,1000.0,0.0
1773948960.538,52.0,3.0,71.0,0,1.9600000381469727,0.0,1000.0,1000.0,0.0
1773948960.538,52.0,3.0,71.0,0,1.9600000381469727,0.0,1000.0,1000.0,0.0
1773948960.538,52.0,3.0,71.0,0,1.9600000381469727,0.0,1000.0,1000.0,0.0
1773948961.003,52.0,3.0,70.0,0,1.9500000476837158,0.0,1000.0,1000.0,0.0
1773948961.003,52.0,3.0,70.0,0,1.9500000476837158,0.0,1000.0,1000.0,0.0
1773948961.003,52.0,3.0,70.0,0,1.9500000476837158,0.0,1000.0,1000.0,0.0
1773948961.54,52.0,4.0,63.0,0,1.9700000286102295,0.0,1000.0,1000.0,0.0
1773948961.54,52.0,4.0,63.0,0,1.9700000286102295,0.0,1000.0,1000.0,0.0
1773948961.54,52.0,4.0,63.0,0,1.9700000286102295,0.0,1000.0,1000.0,0.0
1773948962.037,52.0,4.0,56.0,0,1.9900000095367432,0.0,1000.0,1000.0,0.0
1773948962.037,52.0,4.0,56.0,0,1.9900000095367432,0.0,1000.0,1000.0,0.0
1773948962.037,52.0,4.0,56.0,0,1.9900000095367432,0.0,1000.0,1000.0,0.0
1773948962.546,52.0,4.0,53.0,0,1.940000057220459,0.0,1000.0,1000.0,0.0
1773948962.546,52.0,4.0,53.0,0,1.940000057220459,0.0,1000.0,1000.0,0.0
1773948962.546,52.0,4.0,53.0,0,1.940000057220459,0.0,1000.0,1000.0,0.0
1773948962.546,52.0,4.0,53.0,0,1.940000057220459,0.0,1000.0,1000.0,0.0
1773948963.047,52.0,4.0,58.0,0,1.9199999570846558,0.0,1000.0,1000.0,0.0
1773948963.047,52.0,4.0,58.0,0,1.9199999570846558,0.0,1000.0,1000.0,0.0
1773948963.047,52.0,4.0,58.0,0,1.9199999570846558,0.0,1000.0,1000.0,0.0
1773948963.047,52.0,4.0,58.0,0,1.9199999570846558,0.0,1000.0,1000.0,0.0
1773948963.666,52.0,4.0,79.0,0,1.940000057220459,0.0,1000.0,1000.0,0.0
1773948963.666,52.0,4.0,79.0,0,1.940000057220459,0.0,1000.0,1000.0,0.0
1773948963.666,52.0,4.0,79.0,0,1.940000057220459,0.0,1000.0,1000.0,0.0
1773948964.167,52.0,4.0,54.0,0,1.9199999570846558,0.0,1000.0,1000.0,0.0
1773948964.167,52.0,4.0,54.0,0,1.9199999570846558,0.0,1000.0,1000.0,0.0
1773948964.167,52.0,4.0,54.0,0,1.9199999570846558,0.0,1000.0,1000.0,0.0
1773948964.546,52.0,4.0,52.0,0,1.8899999856948853,0.0,1000.0,1000.0,0.0
1773948964.546,52.0,4.0,52.0,0,1.8899999856948853,0.0,1000.0,1000.0,0.0
1773948964.546,52.0,4.0,52.0,0,1.8899999856948853,0.0,1000.0,1000.0,0.0
1773948965.107,52.0,4.0,55.0,0,1.9199999570846558,0.0,1000.0,1000.0,0.0
1773948965.107,52.0,4.0,55.0,0,1.9199999570846558,0.0,1000.0,1000.0,0.0
1773948969.972,52.0,4.0,61.0,0,0.0,0.0,1000.0,1000.0,0.0
1773948969.972,52.0,4.0,61.0,0,0.0,0.0,1000.0,1000.0,0.0
1773948969.972,52.0,4.0,61.0,0,0.0,0.0,1000.0,1000.0,0.0
1773948969.972,52.0,4.0,61.0,0,0.0,0.0,1000.0,1000.0,0.0
1773948969.972,52.0,4.0,61.0,0,0.0,0.0,1000.0,1000.0,0.0
1773948969.972,52.0,4.0,61.0,0,0.0,0.0,1000.0,1000.0,0.0
1773948969.972,52.0,4.0,61.0,0,0.0,0.0,1000.0,1000.0,0.0
1773948969.972,52.0,4.0,61.0,0,0.0,0.0,1000.0,1000.0,0.0
1773948969.972,52.0,4.0,61.0,0,0.0,0.0,1000.0,1000.0,0.0
1773948969.972,52.0,4.0,61.0,0,0.0,0.0,1000.0,1000.0,0.0
1773948969.972,52.0,4.0,61.0,0,0.0,0.0,1000.0,1000.0,0.0
1773948969.972,52.0,4.0,61.0,0,0.0,0.0,1000.0,1000.0,0.0
1773948969.972,52.0,4.0,61.0,0,0.0,0.0,1000.0,1000.0,0.0
1773948969.972,52.0,4.0,61.0,0,0.0,0.0,1000.0,1000.0,0.0
1773948969.972,52.0,4.0,61.0,0,0.0,0.0,1000.0,1000.0,0.0
1773948969.972,52.0,4.0,61.0,0,0.0,0.0,1000.0,1000.0,0.0
1773948969.972,52.0,4.0,61.0,0,0.0,0.0,1000.0,1000.0,0.0
1773948969.972,52.0,4.0,61.0,0,0.0,0.0,1000.0,1000.0,0.0
1773948972.638,53.0,4.0,61.0,0,0.0,0.0,1000.0,1000.0,0.0
1773948972.638,53.0,4.0,61.0,0,0.0,0.0,1000.0,1000.0,0.0
1773948972.638,53.0,4.0,61.0,0,0.0,0.0,1000.0,1000.0,0.0
1773948972.638,53.0,4.0,61.0,0,0.0,0.0,1000.0,1000.0,0.0
1773948973.163,53.0,4.0,61.0,0,0.0,0.0,1000.0,1000.0,0.0
1773948973.163,53.0,4.0,61.0,0,0.0,0.0,1000.0,1000.0,0.0
1773948973.163,53.0,4.0,61.0,0,0.0,0.0,1000.0,1000.0,0.0
1773948973.669,53.0,4.0,61.0,0,0.0,0.0,1000.0,1000.0,0.0
1773948973.669,53.0,4.0,61.0,0,0.0,0.0,1000.0,1000.0,0.0
1773948973.669,53.0,4.0,61.0,0,0.0,0.0,1000.0,1000.0,0.0
1773948973.669,53.0,4.0,61.0,0,0.0,0.0,1000.0,1000.0,0.0
1773948974.224,52.0,4.0,61.0,0,0.0,0.0,1000.0,1000.0,0.0
1773948974.224,52.0,4.0,61.0,0,0.0,0.0,1000.0,1000.0,0.0
1773948974.735,52.0,4.0,61.0,0,0.0,0.0,1000.0,1000.0,0.0
1773948974.735,52.0,4.0,61.0,0,0.0,0.0,1000.0,1000.0,0.0
1773948975.207,52.0,4.0,61.0,0,0.0,0.0,1000.0,1000.0,0.0
1773948975.207,52.0,4.0,61.0,0,0.0,0.0,1000.0,1000.0,0.0
1773948975.207,52.0,4.0,61.0,0,0.0,0.0,1000.0,1000.0,0.0
1773948975.718,53.0,4.0,61.0,0,0.0,0.0,1000.0,1000.0,0.0
1773948975.718,53.0,4.0,61.0,0,0.0,0.0,1000.0,1000.0,0.0
1773948976.295,53.0,4.0,61.0,0,0.0,0.0,1000.0,1000.0,0.0
1773948976.295,53.0,4.0,61.0,0,0.0,0.0,1000.0,1000.0,0.0
1773948976.295,53.0,4.0,61.0,0,0.0,0.0,1000.0,1000.0,0.0
1773948976.726,53.0,4.0,61.0,0,0.0,0.0,1000.0,1000.0,0.0
1773948976.726,53.0,4.0,61.0,0,0.0,0.0,1000.0,1000.0,0.0
1773948976.726,53.0,4.0,61.0,0,0.0,0.0,1000.0,1000.0,0.0
1773948977.337,53.0,4.0,61.0,0,0.0,0.0,1000.0,1000.0,0.0
1773948977.337,53.0,4.0,61.0,0,0.0,0.0,1000.0,1000.0,0.0
1773948977.813,52.0,4.0,70.0,0,0.1899999976158142,0.0,1000.0,1000.0,0.0
1773948977.813,52.0,4.0,70.0,0,0.1899999976158142,0.0,1000.0,1000.0,0.0
1773948978.286,52.0,4.0,74.0,0,1.0099999904632568,0.0,1000.0,1000.0,0.0
1773948978.286,52.0,4.0,74.0,0,1.0099999904632568,0.0,1000.0,1000.0,0.0
1773948978.286,52.0,4.0,74.0,0,1.0099999904632568,0.0,1000.0,1000.0,0.0
1773948978.286,52.0,4.0,74.0,0,1.0099999904632568,0.0,1000.0,1000.0,0.0
1773948978.85,52.0,4.0,81.0,0,1.649999976158142,0.0,1000.0,1000.0,0.0
1773948978.85,52.0,4.0,81.0,0,1.649999976158142,0.0,1000.0,1000.0,0.0
1773948978.85,52.0,4.0,81.0,0,1.649999976158142,0.0,1000.0,1000.0,0.0
1773948978.85,52.0,4.0,81.0,0,1.649999976158142,0.0,1000.0,1000.0,0.0
1773948979.336,52.0,5.0,81.0,0,1.8700000047683716,0.0,1000.0,1000.0,0.0
1773948979.336,52.0,5.0,81.0,0,1.8700000047683716,0.0,1000.0,1000.0,0.0
1773948979.822,52.0,5.0,74.0,0,1.850000023841858,0.0,1000.0,1000.0,0.0
1773948979.822,52.0,5.0,74.0,0,1.850000023841858,0.0,1000.0,1000.0,0.0
1773948979.822,52.0,5.0,74.0,0,1.850000023841858,0.0,1000.0,1000.0,0.0
1773948980.402,51.0,4.0,70.0,0,1.8600000143051147,0.0,1000.0,1000.0,0.0
1773948980.402,51.0,4.0,70.0,0,1.8600000143051147,0.0,1000.0,1000.0,0.0
1773948980.402,51.0,4.0,70.0,0,1.8600000143051147,0.0,1000.0,1000.0,0.0
1773948980.863,51.0,4.0,62.0,0,1.8899999856948853,0.0,1000.0,1000.0,0.0
1773948980.863,51.0,4.0,62.0,0,1.8899999856948853,0.0,1000.0,1000.0,0.0
1773948981.321,52.0,4.0,60.0,0,1.8899999856948853,0.0,1000.0,1000.0,0.0
1773948981.321,52.0,4.0,60.0,0,1.8899999856948853,0.0,1000.0,1000.0,0.0
1773948981.321,52.0,4.0,60.0,0,1.8899999856948853,0.0,1000.0,1000.0,0.0
1773948981.823,52.0,4.0,52.0,0,1.899999976158142,0.0,1000.0,1000.0,0.0
1773948981.823,52.0,4.0,52.0,0,1.899999976158142,0.0,1000.0,1000.0,0.0
1773948981.823,52.0,4.0,52.0,0,1.899999976158142,0.0,1000.0,1000.0,0.0
1773948981.823,52.0,4.0,52.0,0,1.899999976158142,0.0,1000.0,1000.0,0.0
1773948982.37,52.0,4.0,39.0,0,1.9199999570846558,0.0,1000.0,1000.0,0.0
1773948982.37,52.0,4.0,39.0,0,1.9199999570846558,0.0,1000.0,1000.0,0.0
1773948982.37,52.0,4.0,39.0,0,1.9199999570846558,0.0,1000.0,1000.0,0.0
1773948982.865,52.0,4.0,29.0,0,1.9700000286102295,0.0,1000.0,1000.0,0.0
1773948982.865,52.0,4.0,29.0,0,1.9700000286102295,0.0,1000.0,1000.0,0.0
1773948982.865,52.0,4.0,29.0,0,1.9700000286102295,0.0,1000.0,1000.0,0.0
1773948982.865,52.0,4.0,29.0,0,1.9700000286102295,0.0,1000.0,1000.0,0.0
1773948983.37,52.0,5.0,29.0,0,1.9500000476837158,0.0,1000.0,1000.0,0.0
1773948983.37,52.0,5.0,29.0,0,1.9500000476837158,0.0,1000.0,1000.0,0.0
1773948983.37,52.0,5.0,29.0,0,1.9500000476837158,0.0,1000.0,1000.0,0.0
1773948983.903,52.0,5.0,36.0,0,1.9299999475479126,0.0,1000.0,1000.0,0.0
1773948983.903,52.0,5.0,36.0,0,1.9299999475479126,0.0,1000.0,1000.0,0.0
1773948983.903,52.0,5.0,36.0,0,1.9299999475479126,0.0,1000.0,1000.0,0.0
1773948983.903,52.0,5.0,36.0,0,1.9299999475479126,0.0,1000.0,1000.0,0.0
1773948984.394,52.0,5.0,44.0,0,1.9299999475479126,0.0,1000.0,1000.0,0.0
1773948984.394,52.0,5.0,44.0,0,1.9299999475479126,0.0,1000.0,1000.0,0.0
1773948984.394,52.0,5.0,44.0,0,1.9299999475479126,0.0,1000.0,1000.0,0.0
1773948984.889,52.0,5.0,38.0,0,1.9500000476837158,0.0,1000.0,1000.0,0.0
1773948984.889,52.0,5.0,38.0,0,1.9500000476837158,0.0,1000.0,1000.0,0.0
1773948985.474,51.0,5.0,25.0,0,1.9700000286102295,0.0,1000.0,1000.0,0.0
1773948985.474,51.0,5.0,25.0,0,1.9700000286102295,0.0,1000.0,1000.0,0.0
1773948985.474,51.0,5.0,25.0,0,1.9700000286102295,0.0,1000.0,1000.0,0.0
1773948985.998,51.0,5.0,9.0,0,1.9600000381469727,0.0,1000.0,1000.0,0.0
1773948985.998,51.0,5.0,9.0,0,1.9600000381469727,0.0,1000.0,1000.0,0.0
1773948986.489,52.0,5.0,356.0,0,1.9800000190734863,0.0,1000.0,1000.0,0.0
1773948986.489,52.0,5.0,356.0,0,1.9800000190734863,0.0,1000.0,1000.0,0.0
1773948986.489,52.0,5.0,356.0,0,1.9800000190734863,0.0,1000.0,1000.0,0.0
1773948987.008,52.0,5.0,348.0,0,1.9299999475479126,0.0,1000.0,1000.0,0.0
1773948987.008,52.0,5.0,348.0,0,1.9299999475479126,0.0,1000.0,1000.0,0.0
1773948987.008,52.0,5.0,348.0,0,1.9299999475479126,0.0,1000.0,1000.0,0.0
1773948987.513,52.0,5.0,337.0,0,0.009999999776482582,0.0,1000.0,1000.0,0.0
1773948987.513,52.0,5.0,337.0,0,0.009999999776482582,0.0,1000.0,1000.0,0.0
1773948987.513,52.0,5.0,337.0,0,0.009999999776482582,0.0,1000.0,1000.0,0.0
1773948988.038,52.0,5.0,340.0,0,0.019999999552965164,0.0,1000.0,1000.0,0.0
1773948988.038,52.0,5.0,340.0,0,0.019999999552965164,0.0,1000.0,1000.0,0.0
1773948988.038,52.0,5.0,340.0,0,0.019999999552965164,0.0,1000.0,1000.0,0.0
1773948988.449,52.0,5.0,1.0,0,0.0,0.0,1000.0,1000.0,0.0
1773948988.449,52.0,5.0,1.0,0,0.0,0.0,1000.0,1000.0,0.0
1773948988.449,52.0,5.0,1.0,0,0.0,0.0,1000.0,1000.0,0.0
1773948989.082,52.0,5.0,19.0,0,0.019999999552965164,0.0,1000.0,1000.0,0.0
1773948989.082,52.0,5.0,19.0,0,0.019999999552965164,0.0,1000.0,1000.0,0.0
1773948989.082,52.0,5.0,19.0,0,0.019999999552965164,0.0,1000.0,1000.0,0.0
1773948989.577,52.0,5.0,13.0,0,0.20999999344348907,0.0,1000.0,1000.0,0.0
1773948989.577,52.0,5.0,13.0,0,0.20999999344348907,0.0,1000.0,1000.0,0.0
1773948989.977,52.0,5.0,18.0,0,0.550000011920929,0.0,1000.0,1000.0,0.0
1773948989.977,52.0,5.0,18.0,0,0.550000011920929,0.0,1000.0,1000.0,0.0
1773948989.977,52.0,5.0,18.0,0,0.550000011920929,0.0,1000.0,1000.0,0.0
1773948989.977,52.0,5.0,18.0,0,0.550000011920929,0.0,1000.0,1000.0,0.0
1773948990.496,52.0,5.0,28.0,0,1.4199999570846558,0.0,1000.0,1000.0,0.0
1773948990.496,52.0,5.0,28.0,0,1.4199999570846558,0.0,1000.0,1000.0,0.0
1773948990.496,52.0,5.0,28.0,0,1.4199999570846558,0.0,1000.0,1000.0,0.0
1773948991.109,52.0,5.0,43.0,0,1.840000033378601,0.0,1000.0,1000.0,0.0
1773948991.109,52.0,5.0,43.0,0,1.840000033378601,0.0,1000.0,1000.0,0.0
1773948991.109,52.0,5.0,43.0,0,1.840000033378601,0.0,1000.0,1000.0,0.0
1773948991.529,52.0,5.0,56.0,0,1.8899999856948853,0.0,1000.0,1000.0,0.0
1773948991.529,52.0,5.0,56.0,0,1.8899999856948853,0.0,1000.0,1000.0,0.0
1773948991.529,52.0,5.0,56.0,0,1.8899999856948853,0.0,1000.0,1000.0,0.0
1773948992.005,52.0,5.0,75.0,0,1.9199999570846558,0.0,1000.0,1000.0,0.0
1773948992.005,52.0,5.0,75.0,0,1.9199999570846558,0.0,1000.0,1000.0,0.0
1773948992.005,52.0,5.0,75.0,0,1.9199999570846558,0.0,1000.0,1000.0,0.0
1773948992.527,52.0,5.0,98.0,0,1.9500000476837158,0.0,1000.0,1000.0,0.0
1773948992.527,52.0,5.0,98.0,0,1.9500000476837158,0.0,1000.0,1000.0,0.0
1773948993.03,52.0,5.0,100.0,0,1.909999966621399,0.0,1000.0,1000.0,0.0
1773948993.03,52.0,5.0,100.0,0,1.909999966621399,0.0,1000.0,1000.0,0.0
1773948993.591,52.0,5.0,92.0,0,1.7400000095367432,0.0,1000.0,1000.0,0.0
1773948993.591,52.0,5.0,92.0,0,1.7400000095367432,0.0,1000.0,1000.0,0.0
1773948993.591,52.0,5.0,92.0,0,1.7400000095367432,0.0,1000.0,1000.0,0.0
1773948994.076,52.0,5.0,96.0,0,1.4800000190734863,0.0,1000.0,1000.0,0.0
1773948994.076,52.0,5.0,96.0,0,1.4800000190734863,0.0,1000.0,1000.0,0.0
1773948994.076,52.0,5.0,96.0,0,1.4800000190734863,0.0,1000.0,1000.0,0.0
1773948994.616,51.0,5.0,110.0,0,1.3200000524520874,0.0,1000.0,1000.0,0.0
1773948994.616,51.0,5.0,110.0,0,1.3200000524520874,0.0,1000.0,1000.0,0.0
1773948994.616,51.0,5.0,110.0,0,1.3200000524520874,0.0,1000.0,1000.0,0.0
1773948995.16,51.0,5.0,125.0,0,1.309999942779541,0.0,1000.0,1000.0,0.0
1773948995.16,51.0,5.0,125.0,0,1.309999942779541,0.0,1000.0,1000.0,0.0
1773948995.16,51.0,5.0,125.0,0,1.309999942779541,0.0,1000.0,1000.0,0.0
1773948995.586,51.0,5.0,128.0,0,1.3200000524520874,0.0,1000.0,1000.0,0.0
1773948995.586,51.0,5.0,128.0,0,1.3200000524520874,0.0,1000.0,1000.0,0.0
1773948995.586,51.0,5.0,128.0,0,1.3200000524520874,0.0,1000.0,1000.0,0.0
1773948996.18,51.0,5.0,119.0,0,1.340000033378601,0.0,1000.0,1000.0,0.0
1773948996.18,51.0,5.0,119.0,0,1.340000033378601,0.0,1000.0,1000.0,0.0
1773948996.18,51.0,5.0,119.0,0,1.340000033378601,0.0,1000.0,1000.0,0.0
1773948996.645,51.0,5.0,116.0,0,0.699999988079071,0.0,1000.0,1000.0,0.0
1773948996.645,51.0,5.0,116.0,0,0.699999988079071,0.0,1000.0,1000.0,0.0
1773948997.187,52.0,5.0,94.0,0,0.4099999964237213,0.0,1000.0,1000.0,0.0
1773948997.187,52.0,5.0,94.0,0,0.4099999964237213,0.0,1000.0,1000.0,0.0
1773948997.187,52.0,5.0,94.0,0,0.4099999964237213,0.0,1000.0,1000.0,0.0
1773948997.187,52.0,5.0,94.0,0,0.4099999964237213,0.0,1000.0,1000.0,0.0
1773948997.753,52.0,5.0,92.0,0,1.059999942779541,0.0,1000.0,1000.0,0.0
1773948998.213,52.0,5.0,103.0,0,1.6699999570846558,0.0,1000.0,1000.0,0.0
1773948998.213,52.0,5.0,103.0,0,1.6699999570846558,0.0,1000.0,1000.0,0.0
1773948998.213,52.0,5.0,103.0,0,1.6699999570846558,0.0,1000.0,1000.0,0.0
1773948998.714,52.0,5.0,96.0,0,1.7999999523162842,0.0,1000.0,1000.0,0.0
1773948998.714,52.0,5.0,96.0,0,1.7999999523162842,0.0,1000.0,1000.0,0.0
1773948998.714,52.0,5.0,96.0,0,1.7999999523162842,0.0,1000.0,1000.0,0.0
1773948999.167,51.0,5.0,84.0,0,1.659999966621399,0.0,1000.0,1000.0,0.0
1773948999.167,51.0,5.0,84.0,0,1.659999966621399,0.0,1000.0,1000.0,0.0
1773948999.167,51.0,5.0,84.0,0,1.659999966621399,0.0,1000.0,1000.0,0.0
1773948999.167,51.0,5.0,84.0,0,1.659999966621399,0.0,1000.0,1000.0,0.0
1773948999.785,51.0,5.0,78.0,0,1.5099999904632568,0.0,1000.0,1000.0,0.0
1773948999.785,51.0,5.0,78.0,0,1.5099999904632568,0.0,1000.0,1000.0,0.0
1773948999.785,51.0,5.0,78.0,0,1.5099999904632568,0.0,1000.0,1000.0,0.0
1773949000.278,51.0,5.0,67.0,0,1.559999942779541,0.0,1000.0,1000.0,0.0
1773949000.278,51.0,5.0,67.0,0,1.559999942779541,0.0,1000.0,1000.0,0.0
1773949005.783,52.0,5.0,47.0,0,0.0,0.0,1000.0,1000.0,0.0
1773949005.783,52.0,5.0,47.0,0,0.0,0.0,1000.0,1000.0,0.0
1773949005.783,52.0,5.0,47.0,0,0.0,0.0,1000.0,1000.0,0.0
1773949005.783,52.0,5.0,47.0,0,0.0,0.0,1000.0,1000.0,0.0
1773949005.783,52.0,5.0,47.0,0,0.0,0.0,1000.0,1000.0,0.0
1773949005.783,52.0,5.0,47.0,0,0.0,0.0,1000.0,1000.0,0.0
1773949005.783,52.0,5.0,47.0,0,0.0,0.0,1000.0,1000.0,0.0
1773949005.783,52.0,5.0,47.0,0,0.0,0.0,1000.0,1000.0,0.0
1773949005.783,52.0,5.0,47.0,0,0.0,0.0,1000.0,1000.0,0.0
1773949005.783,52.0,5.0,47.0,0,0.0,0.0,1000.0,1000.0,0.0
1773949005.783,52.0,5.0,47.0,0,0.0,0.0,1000.0,1000.0,0.0
1773949005.783,52.0,5.0,47.0,0,0.0,0.0,1000.0,1000.0,0.0
1773949005.783,52.0,5.0,47.0,0,0.0,0.0,1000.0,1000.0,0.0
1773949005.783,52.0,5.0,47.0,0,0.0,0.0,1000.0,1000.0,0.0
1773949005.783,52.0,5.0,47.0,0,0.0,0.0,1000.0,1000.0,0.0
1773949005.783,52.0,5.0,47.0,0,0.0,0.0,1000.0,1000.0,0.0
1773949013.082,52.0,5.0,47.0,0,0.0,0.0,1000.0,1000.0,0.0
1773949013.082,52.0,5.0,47.0,0,0.0,0.0,1000.0,1000.0,0.0
1773949013.082,52.0,5.0,47.0,0,0.0,0.0,1000.0,1000.0,0.0
1773949013.546,52.0,5.0,47.0,0,0.0,0.0,1000.0,1000.0,0.0
1773949013.546,52.0,5.0,47.0,0,0.0,0.0,1000.0,1000.0,0.0
1773949013.546,52.0,5.0,47.0,0,0.0,0.0,1000.0,1000.0,0.0
1773949013.546,52.0,5.0,47.0,0,0.0,0.0,1000.0,1000.0,0.0
1773949013.546,52.0,5.0,47.0,0,0.0,0.0,1000.0,1000.0,0.0
1773949019.001,53.0,5.0,47.0,0,0.0,0.0,1000.0,1000.0,0.0
1773949019.001,53.0,5.0,47.0,0,0.0,0.0,1000.0,1000.0,0.0
1773949019.001,53.0,5.0,47.0,0,0.0,0.0,1000.0,1000.0,0.0
1773949019.001,53.0,5.0,47.0,0,0.0,0.0,1000.0,1000.0,0.0
1773949019.001,53.0,5.0,47.0,0,0.0,0.0,1000.0,1000.0,0.0
1773949019.001,53.0,5.0,47.0,0,0.0,0.0,1000.0,1000.0,0.0
1773949019.001,53.0,5.0,47.0,0,0.0,0.0,1000.0,1000.0,0.0
1773949019.001,53.0,5.0,47.0,0,0.0,0.0,1000.0,1000.0,0.0
1773949019.001,53.0,5.0,47.0,0,0.0,0.0,1000.0,1000.0,0.0
1773949019.001,53.0,5.0,47.0,0,0.0,0.0,1000.0,1000.0,0.0
1773949019.001,53.0,5.0,47.0,0,0.0,0.0,1000.0,1000.0,0.0
1773949019.001,53.0,5.0,47.0,0,0.0,0.0,1000.0,1000.0,0.0
1773949019.001,53.0,5.0,47.0,0,0.0,0.0,1000.0,1000.0,0.0
1773949019.001,53.0,5.0,47.0,0,0.0,0.0,1000.0,1000.0,0.0
1773949019.001,53.0,5.0,47.0,0,0.0,0.0,1000.0,1000.0,0.0
1773949026.3093581,,,,0,,,,,
1773949026.394052,,,,0,,,,,
1773949026.506698,,,,0,,,,,
1773949026.6056843,,,,0,,,,,
1773949026.70574,,,,0,,,,,
1773949026.81034,,,,0,,,,,
1773949026.906579,,,,0,,,,,
1773949027.0075376,,,,0,,,,,
1773949027.0943055,,,,0,,,,,
1773949027.2044227,,,,0,,,,,
1773949027.2945256,,,,0,,,,,
1773949027.4114532,,,,0,,,,,
1773949027.495793,,,,0,,,,,
1773949027.596672,,,,0,,,,,
1773949027.6949427,,,,0,,,,,
1773949027.7971935,,,,0,,,,,
1773949027.8977447,,,,0,,,,,
1773949027.9953752,,,,0,,,,,
1773949028.096342,,,,0,,,,,
1773949028.1967354,,,,0,,,,,
1773949028.2978895,,,,0,,,,,
1773949028.396104,,,,0,,,,,
1773949028.497034,,,,0,,,,,
1773949028.6014547,,,,0,,,,,
1773949028.78,53.0,5.0,47.0,0,0.0,0.0,1000.0,1000.0,0.0
1773949028.96,53.0,5.0,47.0,0,0.0,0.0,1000.0,1000.0,0.0
1773949028.96,53.0,5.0,47.0,0,0.0,0.0,1000.0,1000.0,0.0
1773949028.96,53.0,5.0,47.0,0,0.0,0.0,1000.0,1000.0,0.0
1773949028.96,53.0,5.0,47.0,0,0.0,0.0,1000.0,1000.0,0.0
1773949028.96,53.0,5.0,47.0,0,0.0,0.0,1000.0,1000.0,0.0
1773949029.466,53.0,5.0,47.0,0,0.0,0.0,1000.0,1000.0,0.0
1773949029.466,53.0,5.0,47.0,0,0.0,0.0,1000.0,1000.0,0.0
1773949029.466,53.0,5.0,47.0,0,0.0,0.0,1000.0,1000.0,0.0
1773949029.466,53.0,5.0,47.0,0,0.0,0.0,1000.0,1000.0,0.0
1773949029.466,53.0,5.0,47.0,0,0.0,0.0,1000.0,1000.0,0.0
1773949029.985,52.0,5.0,47.0,0,0.0,0.0,1000.0,1000.0,0.0
1773949029.985,52.0,5.0,47.0,0,0.0,0.0,1000.0,1000.0,0.0
1773949029.985,52.0,5.0,47.0,0,0.0,0.0,1000.0,1000.0,0.0
1773949038.2428002,,,,0,,,,,
1773949038.341951,,,,0,,,,,
1773949038.4458241,,,,0,,,,,
1773949038.5743337,,,,0,,,,,
1773949038.6486242,,,,0,,,,,
1773949038.7593122,,,,0,,,,,
1773949038.8587646,,,,0,,,,,
1773949038.9607332,,,,0,,,,,
1773949039.043677,,,,0,,,,,
1773949039.1405153,,,,0,,,,,
1773949039.2568305,,,,0,,,,,
1773949039.355092,,,,0,,,,,
1773949039.4410193,,,,0,,,,,
1773949039.5752192,,,,0,,,,,
1773949039.7793026,,,,0,,,,,
1773949039.826,52.0,5.0,64.0,0,0.8100000023841858,0.0,1000.0,1000.0,0.0
1773949039.826,52.0,5.0,64.0,0,0.8100000023841858,0.0,1000.0,1000.0,0.0
1773949040.15,52.0,5.0,76.0,0,1.559999942779541,0.0,1000.0,1000.0,0.0
1773949040.47,52.0,5.0,110.0,0,1.809999942779541,0.0,1000.0,1000.0,0.0
1773949040.47,52.0,5.0,110.0,0,1.809999942779541,0.0,1000.0,1000.0,0.0
1773949040.47,52.0,5.0,110.0,0,1.809999942779541,0.0,1000.0,1000.0,0.0
1773949040.47,52.0,5.0,110.0,0,1.809999942779541,0.0,1000.0,1000.0,0.0
1773949041.058,52.0,5.0,126.0,0,1.899999976158142,0.0,1000.0,1000.0,0.0
1773949041.058,52.0,5.0,126.0,0,1.899999976158142,0.0,1000.0,1000.0,0.0
1773949041.533,52.0,5.0,138.0,0,1.940000057220459,0.0,1000.0,1000.0,0.0
1773949041.533,52.0,5.0,138.0,0,1.940000057220459,0.0,1000.0,1000.0,0.0
1773949041.533,52.0,5.0,138.0,0,1.940000057220459,0.0,1000.0,1000.0,0.0
1773949042.115,52.0,5.0,146.0,0,1.9199999570846558,0.0,1000.0,1000.0,0.0
1773949042.115,52.0,5.0,146.0,0,1.9199999570846558,0.0,1000.0,1000.0,0.0
1773949042.115,52.0,5.0,146.0,0,1.9199999570846558,0.0,1000.0,1000.0,0.0
1773949042.565,52.0,5.0,136.0,0,1.7300000190734863,0.0,1000.0,1000.0,0.0
1773949042.565,52.0,5.0,136.0,0,1.7300000190734863,0.0,1000.0,1000.0,0.0
1773949043.051,52.0,5.0,137.0,0,1.4700000286102295,0.0,1000.0,1000.0,0.0
1773949043.051,52.0,5.0,137.0,0,1.4700000286102295,0.0,1000.0,1000.0,0.0
1773949043.051,52.0,5.0,137.0,0,1.4700000286102295,0.0,1000.0,1000.0,0.0
1773949043.635,51.0,5.0,127.0,0,1.350000023841858,0.0,1000.0,1000.0,0.0
1773949043.635,51.0,5.0,127.0,0,1.350000023841858,0.0,1000.0,1000.0,0.0
1773949044.069,51.0,5.0,120.0,0,1.4600000381469727,0.0,1000.0,1000.0,0.0
1773949044.069,51.0,5.0,120.0,0,1.4600000381469727,0.0,1000.0,1000.0,0.0
1773949044.069,51.0,5.0,120.0,0,1.4600000381469727,0.0,1000.0,1000.0,0.0
1773949044.568,51.0,5.0,91.0,0,1.590000033378601,0.0,1000.0,1000.0,0.0
1773949044.568,51.0,5.0,91.0,0,1.590000033378601,0.0,1000.0,1000.0,0.0
1773949044.568,51.0,5.0,91.0,0,1.590000033378601,0.0,1000.0,1000.0,0.0
1773949045.087,51.0,5.0,46.0,0,1.4800000190734863,0.0,1000.0,1000.0,0.0
1773949045.087,51.0,5.0,46.0,0,1.4800000190734863,0.0,1000.0,1000.0,0.0
1773949045.644,51.0,5.0,30.0,0,1.4500000476837158,0.0,1000.0,1000.0,0.0
1773949045.644,51.0,5.0,30.0,0,1.4500000476837158,0.0,1000.0,1000.0,0.0
1773949045.644,51.0,5.0,30.0,0,1.4500000476837158,0.0,1000.0,1000.0,0.0
1773949046.136,51.0,5.0,20.0,0,1.659999966621399,0.0,1000.0,1000.0,0.0
1773949046.136,51.0,5.0,20.0,0,1.659999966621399,0.0,1000.0,1000.0,0.0
1773949046.136,51.0,5.0,20.0,0,1.659999966621399,0.0,1000.0,1000.0,0.0
1773949046.729,51.0,5.0,14.0,0,1.7899999618530273,0.0,1000.0,1000.0,0.0
1773949046.729,51.0,5.0,14.0,0,1.7899999618530273,0.0,1000.0,1000.0,0.0
1773949047.153,51.0,5.0,17.0,0,1.6200000047683716,0.0,1000.0,1000.0,0.0
1773949047.153,51.0,5.0,17.0,0,1.6200000047683716,0.0,1000.0,1000.0,0.0
1773949047.679,51.0,5.0,25.0,0,1.409999966621399,0.0,1000.0,1000.0,0.0
1773949047.679,51.0,5.0,25.0,0,1.409999966621399,0.0,1000.0,1000.0,0.0
1773949048.167,51.0,5.0,22.0,0,1.5299999713897705,0.0,1000.0,1000.0,0.0
1773949048.167,51.0,5.0,22.0,0,1.5299999713897705,0.0,1000.0,1000.0,0.0
1773949048.167,51.0,5.0,22.0,0,1.5299999713897705,0.0,1000.0,1000.0,0.0
1773949048.773,51.0,5.0,18.0,0,1.7599999904632568,0.0,1000.0,1000.0,0.0
1773949048.773,51.0,5.0,18.0,0,1.7599999904632568,0.0,1000.0,1000.0,0.0
1773949049.204,51.0,5.0,16.0,0,1.7999999523162842,0.0,1000.0,1000.0,0.0
1773949049.204,51.0,5.0,16.0,0,1.7999999523162842,0.0,1000.0,1000.0,0.0
1773949049.707,51.0,5.0,19.0,0,1.8300000429153442,0.0,1000.0,1000.0,0.0
1773949049.707,51.0,5.0,19.0,0,1.8300000429153442,0.0,1000.0,1000.0,0.0
1773949049.707,51.0,5.0,19.0,0,1.8300000429153442,0.0,1000.0,1000.0,0.0
1773949050.201,51.0,5.0,23.0,0,1.8799999952316284,0.0,1000.0,1000.0,0.0
1773949050.201,51.0,5.0,23.0,0,1.8799999952316284,0.0,1000.0,1000.0,0.0
1773949050.796,52.0,5.0,117.0,0,1.7699999809265137,0.0,1000.0,1000.0,0.0
1773949050.796,52.0,5.0,117.0,0,1.7699999809265137,0.0,1000.0,1000.0,0.0
1773949051.178,51.0,5.0,134.0,0,1.4900000095367432,0.0,1000.0,1000.0,0.0
1773949051.178,51.0,5.0,134.0,0,1.4900000095367432,0.0,1000.0,1000.0,0.0
1773949051.728,51.0,5.0,113.0,0,1.3600000143051147,0.0,1000.0,1000.0,0.0
1773949051.728,51.0,5.0,113.0,0,1.3600000143051147,0.0,1000.0,1000.0,0.0
1773949052.199,51.0,5.0,107.0,0,1.4199999570846558,0.0,1000.0,1000.0,0.0
1773949052.199,51.0,5.0,107.0,0,1.4199999570846558,0.0,1000.0,1000.0,0.0
1773949052.711,51.0,5.0,122.0,0,1.6399999856948853,0.0,1000.0,1000.0,0.0
1773949052.711,51.0,5.0,122.0,0,1.6399999856948853,0.0,1000.0,1000.0,0.0
1773949052.711,51.0,5.0,122.0,0,1.6399999856948853,0.0,1000.0,1000.0,0.0
1773949053.277,51.0,5.0,135.0,0,1.8200000524520874,0.0,1000.0,1000.0,0.0
1773949053.277,51.0,5.0,135.0,0,1.8200000524520874,0.0,1000.0,1000.0,0.0
1773949053.277,51.0,5.0,135.0,0,1.8200000524520874,0.0,1000.0,1000.0,0.0
1773949053.727,51.0,5.0,151.0,0,1.690000057220459,0.0,1000.0,1000.0,0.0
1773949053.727,51.0,5.0,151.0,0,1.690000057220459,0.0,1000.0,1000.0,0.0
1773949054.271,51.0,5.0,169.0,0,1.4199999570846558,0.0,1000.0,1000.0,0.0
1773949054.271,51.0,5.0,169.0,0,1.4199999570846558,0.0,1000.0,1000.0,0.0
1773949054.271,51.0,5.0,169.0,0,1.4199999570846558,0.0,1000.0,1000.0,0.0
1773949054.817,51.0,5.0,181.0,0,1.3200000524520874,0.0,1000.0,1000.0,0.0
1773949054.817,51.0,5.0,181.0,0,1.3200000524520874,0.0,1000.0,1000.0,0.0
1773949054.817,51.0,5.0,181.0,0,1.3200000524520874,0.0,1000.0,1000.0,0.0
1773949055.313,51.0,5.0,172.0,0,1.340000033378601,0.0,1000.0,1000.0,0.0
1773949055.313,51.0,5.0,172.0,0,1.340000033378601,0.0,1000.0,1000.0,0.0
1773949055.845,51.0,5.0,104.0,0,1.3600000143051147,0.0,1000.0,1000.0,0.0
1773949055.845,51.0,5.0,104.0,0,1.3600000143051147,0.0,1000.0,1000.0,0.0
1773949056.31,51.0,5.0,78.0,0,1.5,0.0,1000.0,1000.0,0.0
1773949056.31,51.0,5.0,78.0,0,1.5,0.0,1000.0,1000.0,0.0
1773949056.31,51.0,5.0,78.0,0,1.5,0.0,1000.0,1000.0,0.0
1773949056.857,51.0,5.0,74.0,0,1.7599999904632568,0.0,1000.0,1000.0,0.0
1773949056.857,51.0,5.0,74.0,0,1.7599999904632568,0.0,1000.0,1000.0,0.0
1773949056.857,51.0,5.0,74.0,0,1.7599999904632568,0.0,1000.0,1000.0,0.0
1773949057.296,51.0,5.0,75.0,0,1.850000023841858,0.0,1000.0,1000.0,0.0
1773949057.296,51.0,5.0,75.0,0,1.850000023841858,0.0,1000.0,1000.0,0.0
1773949057.829,51.0,5.0,84.0,0,1.8200000524520874,0.0,1000.0,1000.0,0.0
1773949057.829,51.0,5.0,84.0,0,1.8200000524520874,0.0,1000.0,1000.0,0.0
1773949057.829,51.0,5.0,84.0,0,1.8200000524520874,0.0,1000.0,1000.0,0.0
1773949058.359,51.0,5.0,103.0,0,1.7999999523162842,0.0,1000.0,1000.0,0.0
1773949058.359,51.0,5.0,103.0,0,1.7999999523162842,0.0,1000.0,1000.0,0.0
1773949058.936,51.0,5.0,133.0,0,1.8600000143051147,0.0,1000.0,1000.0,0.0
1773949058.936,51.0,5.0,133.0,0,1.8600000143051147,0.0,1000.0,1000.0,0.0
1773949059.4,51.0,5.0,157.0,0,1.809999942779541,0.0,1000.0,1000.0,0.0
1773949059.4,51.0,5.0,157.0,0,1.809999942779541,0.0,1000.0,1000.0,0.0
1773949059.4,51.0,5.0,157.0,0,1.809999942779541,0.0,1000.0,1000.0,0.0
1773949059.943,51.0,5.0,146.0,0,1.6100000143051147,0.0,1000.0,1000.0,0.0
1773949059.943,51.0,5.0,146.0,0,1.6100000143051147,0.0,1000.0,1000.0,0.0
1773949059.943,51.0,5.0,146.0,0,1.6100000143051147,0.0,1000.0,1000.0,0.0
1773949060.388,50.0,4.0,147.0,0,1.2999999523162842,0.0,1000.0,1000.0,0.0
1773949060.388,50.0,4.0,147.0,0,1.2999999523162842,0.0,1000.0,1000.0,0.0
1773949060.892,50.0,4.0,150.0,0,1.4500000476837158,0.0,1000.0,1000.0,0.0
1773949060.892,50.0,4.0,150.0,0,1.4500000476837158,0.0,1000.0,1000.0,0.0
1773949060.892,50.0,4.0,150.0,0,1.4500000476837158,0.0,1000.0,1000.0,0.0
1773949061.436,49.0,5.0,155.0,0,1.1200000047683716,0.0,1000.0,1000.0,0.0
1773949061.436,49.0,5.0,155.0,0,1.1200000047683716,0.0,1000.0,1000.0,0.0
1773949061.436,49.0,5.0,155.0,0,1.1200000047683716,0.0,1000.0,1000.0,0.0
1773949062.049,49.0,5.0,153.0,0,0.5099999904632568,0.0,1000.0,1000.0,0.0
1773949062.049,49.0,5.0,153.0,0,0.5099999904632568,0.0,1000.0,1000.0,0.0
1773949062.442,50.0,5.0,154.0,0,0.4000000059604645,0.0,1000.0,1000.0,0.0
1773949062.442,50.0,5.0,154.0,0,0.4000000059604645,0.0,1000.0,1000.0,0.0
1773949062.442,50.0,5.0,154.0,0,0.4000000059604645,0.0,1000.0,1000.0,0.0
1773949062.963,50.0,5.0,153.0,0,1.059999942779541,0.0,1000.0,1000.0,0.0
1773949062.963,50.0,5.0,153.0,0,1.059999942779541,0.0,1000.0,1000.0,0.0
1773949063.414,51.0,5.0,158.0,0,0.8500000238418579,0.0,1000.0,1000.0,0.0
1773949063.414,51.0,5.0,158.0,0,0.8500000238418579,0.0,1000.0,1000.0,0.0
1773949063.414,51.0,5.0,158.0,0,0.8500000238418579,0.0,1000.0,1000.0,0.0
1773949063.987,51.0,5.0,158.0,0,0.14000000059604645,0.0,1000.0,1000.0,0.0
1773949063.987,51.0,5.0,158.0,0,0.14000000059604645,0.0,1000.0,1000.0,0.0
1773949063.987,51.0,5.0,158.0,0,0.14000000059604645,0.0,1000.0,1000.0,0.0
1773949064.496,51.0,5.0,157.0,0,0.0,0.0,1000.0,1000.0,0.0
1773949064.496,51.0,5.0,157.0,0,0.0,0.0,1000.0,1000.0,0.0
1773949065.034,51.0,5.0,156.0,0,0.0,0.0,1000.0,1000.0,0.0
1773949065.034,51.0,5.0,156.0,0,0.0,0.0,1000.0,1000.0,0.0
1773949065.47,52.0,5.0,162.0,0,0.05000000074505806,0.0,1000.0,1000.0,0.0
1773949065.47,52.0,5.0,162.0,0,0.05000000074505806,0.0,1000.0,1000.0,0.0
1773949065.47,52.0,5.0,162.0,0,0.05000000074505806,0.0,1000.0,1000.0,0.0
1773949065.973,52.0,5.0,168.0,0,0.09000000357627869,0.0,1000.0,1000.0,0.0
1773949065.973,52.0,5.0,168.0,0,0.09000000357627869,0.0,1000.0,1000.0,0.0
1773949066.514,51.0,5.0,183.0,0,0.029999999329447746,0.0,1000.0,1000.0,0.0
1773949066.514,51.0,5.0,183.0,0,0.029999999329447746,0.0,1000.0,1000.0,0.0
1773949066.514,51.0,5.0,183.0,0,0.029999999329447746,0.0,1000.0,1000.0,0.0
1773949067.088,51.0,5.0,205.0,0,0.019999999552965164,0.0,1000.0,1000.0,0.0
1773949067.088,51.0,5.0,205.0,0,0.019999999552965164,0.0,1000.0,1000.0,0.0
1773949067.088,51.0,5.0,205.0,0,0.019999999552965164,0.0,1000.0,1000.0,0.0
1773949067.512,51.0,5.0,205.0,0,0.029999999329447746,0.0,1000.0,1000.0,0.0
1773949067.512,51.0,5.0,205.0,0,0.029999999329447746,0.0,1000.0,1000.0,0.0
1773949068.023,51.0,5.0,204.0,0,0.0,0.0,1000.0,1000.0,0.0
1773949068.023,51.0,5.0,204.0,0,0.0,0.0,1000.0,1000.0,0.0
1773949068.023,51.0,5.0,204.0,0,0.0,0.0,1000.0,1000.0,0.0
1773949068.557,52.0,5.0,204.0,0,0.0,0.0,1000.0,1000.0,0.0
1773949068.557,52.0,5.0,204.0,0,0.0,0.0,1000.0,1000.0,0.0
1773949068.557,52.0,5.0,204.0,0,0.0,0.0,1000.0,1000.0,0.0
1773949069.033,52.0,5.0,204.0,0,0.0,0.0,1000.0,1000.0,0.0
1773949069.033,52.0,5.0,204.0,0,0.0,0.0,1000.0,1000.0,0.0
1773949069.593,52.0,5.0,204.0,0,0.0,0.0,1000.0,1000.0,0.0
1773949069.593,52.0,5.0,204.0,0,0.0,0.0,1000.0,1000.0,0.0
1773949069.593,52.0,5.0,204.0,0,0.0,0.0,1000.0,1000.0,0.0
1773949070.072,52.0,5.0,205.0,0,0.14000000059604645,0.0,1000.0,1000.0,0.0
1773949070.072,52.0,5.0,205.0,0,0.14000000059604645,0.0,1000.0,1000.0,0.0
1773949070.594,52.0,5.0,221.0,0,0.8999999761581421,0.0,1000.0,1000.0,0.0
1773949070.594,52.0,5.0,221.0,0,0.8999999761581421,0.0,1000.0,1000.0,0.0
1773949070.594,52.0,5.0,221.0,0,0.8999999761581421,0.0,1000.0,1000.0,0.0
1773949070.594,52.0,5.0,221.0,0,0.8999999761581421,0.0,1000.0,1000.0,0.0
1773949071.152,52.0,5.0,201.0,0,1.5700000524520874,0.0,1000.0,1000.0,0.0
1773949071.152,52.0,5.0,201.0,0,1.5700000524520874,0.0,1000.0,1000.0,0.0
1773949071.152,52.0,5.0,201.0,0,1.5700000524520874,0.0,1000.0,1000.0,0.0
1773949071.656,51.0,5.0,241.0,0,1.809999942779541,0.0,1000.0,1000.0,0.0
1773949071.656,51.0,5.0,241.0,0,1.809999942779541,0.0,1000.0,1000.0,0.0
1773949071.656,51.0,5.0,241.0,0,1.809999942779541,0.0,1000.0,1000.0,0.0
1773949072.082,50.0,5.0,238.0,0,1.0800000429153442,0.0,1000.0,1000.0,0.0
1773949072.082,50.0,5.0,238.0,0,1.0800000429153442,0.0,1000.0,1000.0,0.0
1773949072.082,50.0,5.0,238.0,0,1.0800000429153442,0.0,1000.0,1000.0,0.0
1773949072.632,50.0,5.0,238.0,0,0.3799999952316284,0.0,1000.0,1000.0,0.0
1773949072.632,50.0,5.0,238.0,0,0.3799999952316284,0.0,1000.0,1000.0,0.0
1773949072.632,50.0,5.0,238.0,0,0.3799999952316284,0.0,1000.0,1000.0,0.0
1773949073.104,51.0,5.0,237.0,0,0.0,0.0,1000.0,1000.0,0.0
1773949073.104,51.0,5.0,237.0,0,0.0,0.0,1000.0,1000.0,0.0
1773949073.104,51.0,5.0,237.0,0,0.0,0.0,1000.0,1000.0,0.0
1773949073.626,51.0,5.0,238.0,0,0.0,0.0,1000.0,1000.0,0.0
1773949073.626,51.0,5.0,238.0,0,0.0,0.0,1000.0,1000.0,0.0
1773949073.626,51.0,5.0,238.0,0,0.0,0.0,1000.0,1000.0,0.0
1773949074.138,52.0,5.0,238.0,0,0.0,0.0,1000.0,1000.0,0.0
1773949074.138,52.0,5.0,238.0,0,0.0,0.0,1000.0,1000.0,0.0
1773949074.138,52.0,5.0,238.0,0,0.0,0.0,1000.0,1000.0,0.0
1773949074.675,52.0,5.0,238.0,0,0.0,0.0,1000.0,1000.0,0.0
1773949074.675,52.0,5.0,238.0,0,0.0,0.0,1000.0,1000.0,0.0
1773949074.675,52.0,5.0,238.0,0,0.0,0.0,1000.0,1000.0,0.0
1773949075.305,52.0,5.0,235.0,0,0.0,0.0,1000.0,1000.0,0.0
1773949075.305,52.0,5.0,235.0,0,0.0,0.0,1000.0,1000.0,0.0
1773949075.708,52.0,5.0,218.0,0,0.029999999329447746,0.0,1000.0,1000.0,0.0
1773949075.708,52.0,5.0,218.0,0,0.029999999329447746,0.0,1000.0,1000.0,0.0
1773949075.708,52.0,5.0,218.0,0,0.029999999329447746,0.0,1000.0,1000.0,0.0
1773949076.168,52.0,5.0,194.0,0,0.029999999329447746,0.0,1000.0,1000.0,0.0
1773949076.168,52.0,5.0,194.0,0,0.029999999329447746,0.0,1000.0,1000.0,0.0
1773949076.168,52.0,5.0,194.0,0,0.029999999329447746,0.0,1000.0,1000.0,0.0
1773949076.695,51.0,5.0,167.0,0,0.009999999776482582,0.0,1000.0,1000.0,0.0
1773949076.695,51.0,5.0,167.0,0,0.009999999776482582,0.0,1000.0,1000.0,0.0
1773949077.251,51.0,5.0,141.0,0,0.12999999523162842,0.0,1000.0,1000.0,0.0
1773949077.251,51.0,5.0,141.0,0,0.12999999523162842,0.0,1000.0,1000.0,0.0
1773949077.251,51.0,5.0,141.0,0,0.12999999523162842,0.0,1000.0,1000.0,0.0
1773949077.703,51.0,5.0,145.0,0,0.12999999523162842,0.0,1000.0,1000.0,0.0
1773949077.703,51.0,5.0,145.0,0,0.12999999523162842,0.0,1000.0,1000.0,0.0
1773949078.244,51.0,5.0,145.0,0,0.11999999731779099,0.0,1000.0,1000.0,0.0
1773949078.244,51.0,5.0,145.0,0,0.11999999731779099,0.0,1000.0,1000.0,0.0
1773949078.244,51.0,5.0,145.0,0,0.11999999731779099,0.0,1000.0,1000.0,0.0
1773949078.735,52.0,5.0,145.0,0,0.0,0.0,1000.0,1000.0,0.0
1773949078.735,52.0,5.0,145.0,0,0.0,0.0,1000.0,1000.0,0.0
1773949079.267,52.0,5.0,146.0,0,0.11999999731779099,0.0,1000.0,1000.0,0.0
1773949079.267,52.0,5.0,146.0,0,0.11999999731779099,0.0,1000.0,1000.0,0.0
1773949079.267,52.0,5.0,146.0,0,0.11999999731779099,0.0,1000.0,1000.0,0.0
1773949079.85,52.0,5.0,155.0,0,0.6700000166893005,0.0,1000.0,1000.0,0.0
1773949079.85,52.0,5.0,155.0,0,0.6700000166893005,0.0,1000.0,1000.0,0.0
1773949079.85,52.0,5.0,155.0,0,0.6700000166893005,0.0,1000.0,1000.0,0.0
1773949080.268,52.0,5.0,162.0,0,1.5099999904632568,0.0,1000.0,1000.0,0.0
1773949080.268,52.0,5.0,162.0,0,1.5099999904632568,0.0,1000.0,1000.0,0.0
1773949080.787,51.0,5.0,151.0,0,1.809999942779541,0.0,1000.0,1000.0,0.0
1773949080.787,51.0,5.0,151.0,0,1.809999942779541,0.0,1000.0,1000.0,0.0
1773949080.787,51.0,5.0,151.0,0,1.809999942779541,0.0,1000.0,1000.0,0.0
1773949081.307,51.0,5.0,104.0,0,1.8600000143051147,0.0,1000.0,1000.0,0.0
1773949081.307,51.0,5.0,104.0,0,1.8600000143051147,0.0,1000.0,1000.0,0.0
1773949081.307,51.0,5.0,104.0,0,1.8600000143051147,0.0,1000.0,1000.0,0.0
1773949081.884,51.0,5.0,78.0,0,1.909999966621399,0.0,1000.0,1000.0,0.0
1773949081.884,51.0,5.0,78.0,0,1.909999966621399,0.0,1000.0,1000.0,0.0
1773949081.884,51.0,5.0,78.0,0,1.909999966621399,0.0,1000.0,1000.0,0.0
1773949082.286,51.0,5.0,52.0,0,1.940000057220459,0.0,1000.0,1000.0,0.0
1773949082.286,51.0,5.0,52.0,0,1.940000057220459,0.0,1000.0,1000.0,0.0
1773949082.286,51.0,5.0,52.0,0,1.940000057220459,0.0,1000.0,1000.0,0.0
1773949082.809,51.0,5.0,41.0,0,2.0,0.0,1000.0,1000.0,0.0
1773949082.809,51.0,5.0,41.0,0,2.0,0.0,1000.0,1000.0,0.0
1773949082.809,51.0,5.0,41.0,0,2.0,0.0,1000.0,1000.0,0.0
1773949083.34,51.0,5.0,31.0,0,1.9800000190734863,0.0,1000.0,1000.0,0.0
1773949083.34,51.0,5.0,31.0,0,1.9800000190734863,0.0,1000.0,1000.0,0.0
1773949083.828,51.0,5.0,33.0,0,1.940000057220459,0.0,1000.0,1000.0,0.0
1773949083.828,51.0,5.0,33.0,0,1.940000057220459,0.0,1000.0,1000.0,0.0
1773949083.828,51.0,5.0,33.0,0,1.940000057220459,0.0,1000.0,1000.0,0.0
1773949084.394,51.0,5.0,43.0,0,1.9199999570846558,0.0,1000.0,1000.0,0.0
1773949084.394,51.0,5.0,43.0,0,1.9199999570846558,0.0,1000.0,1000.0,0.0
1773949084.394,51.0,5.0,43.0,0,1.9199999570846558,0.0,1000.0,1000.0,0.0
1773949084.849,51.0,5.0,55.0,0,1.9299999475479126,0.0,1000.0,1000.0,0.0
1773949084.849,51.0,5.0,55.0,0,1.9299999475479126,0.0,1000.0,1000.0,0.0
1773949084.849,51.0,5.0,55.0,0,1.9299999475479126,0.0,1000.0,1000.0,0.0
1773949085.381,51.0,5.0,46.0,0,1.940000057220459,0.0,1000.0,1000.0,0.0
1773949085.381,51.0,5.0,46.0,0,1.940000057220459,0.0,1000.0,1000.0,0.0
1773949085.856,51.0,5.0,63.0,0,1.940000057220459,0.0,1000.0,1000.0,0.0
1773949085.856,51.0,5.0,63.0,0,1.940000057220459,0.0,1000.0,1000.0,0.0
1773949085.856,51.0,5.0,63.0,0,1.940000057220459,0.0,1000.0,1000.0,0.0
1773949086.388,51.0,5.0,54.0,0,1.9500000476837158,0.0,1000.0,1000.0,0.0
1773949086.388,51.0,5.0,54.0,0,1.9500000476837158,0.0,1000.0,1000.0,0.0
1773949086.388,51.0,5.0,54.0,0,1.9500000476837158,0.0,1000.0,1000.0,0.0
1773949086.914,51.0,5.0,61.0,0,1.9299999475479126,0.0,1000.0,1000.0,0.0
1773949086.914,51.0,5.0,61.0,0,1.9299999475479126,0.0,1000.0,1000.0,0.0
1773949086.914,51.0,5.0,61.0,0,1.9299999475479126,0.0,1000.0,1000.0,0.0
1773949087.508,51.0,5.0,69.0,0,1.940000057220459,0.0,1000.0,1000.0,0.0
1773949087.508,51.0,5.0,69.0,0,1.940000057220459,0.0,1000.0,1000.0,0.0
1773949087.508,51.0,5.0,69.0,0,1.940000057220459,0.0,1000.0,1000.0,0.0
1773949087.909,51.0,5.0,54.0,0,1.940000057220459,0.0,1000.0,1000.0,0.0
1773949087.909,51.0,5.0,54.0,0,1.940000057220459,0.0,1000.0,1000.0,0.0
1773949088.454,51.0,5.0,36.0,0,1.940000057220459,0.0,1000.0,1000.0,0.0
1773949088.454,51.0,5.0,36.0,0,1.940000057220459,0.0,1000.0,1000.0,0.0
1773949088.454,51.0,5.0,36.0,0,1.940000057220459,0.0,1000.0,1000.0,0.0
1773949088.454,51.0,5.0,36.0,0,1.940000057220459,0.0,1000.0,1000.0,0.0
1773949088.962,51.0,5.0,31.0,0,1.840000033378601,0.0,1000.0,1000.0,0.0
1773949088.962,51.0,5.0,31.0,0,1.840000033378601,0.0,1000.0,1000.0,0.0
1773949089.527,51.0,5.0,35.0,0,1.7100000381469727,0.0,1000.0,1000.0,0.0
1773949089.527,51.0,5.0,35.0,0,1.7100000381469727,0.0,1000.0,1000.0,0.0
1773949089.527,51.0,5.0,35.0,0,1.7100000381469727,0.0,1000.0,1000.0,0.0
1773949089.527,51.0,5.0,35.0,0,1.7100000381469727,0.0,1000.0,1000.0,0.0
1773949090.08,51.0,5.0,39.0,0,1.7200000286102295,0.0,1000.0,1000.0,0.0
1773949090.08,51.0,5.0,39.0,0,1.7200000286102295,0.0,1000.0,1000.0,0.0
1773949090.539,51.0,5.0,50.0,0,1.850000023841858,0.0,1000.0,1000.0,0.0
1773949090.539,51.0,5.0,50.0,0,1.850000023841858,0.0,1000.0,1000.0,0.0
1773949090.539,51.0,5.0,50.0,0,1.850000023841858,0.0,1000.0,1000.0,0.0
1773949091.061,51.0,5.0,64.0,0,1.8700000047683716,0.0,1000.0,1000.0,0.0
1773949091.061,51.0,5.0,64.0,0,1.8700000047683716,0.0,1000.0,1000.0,0.0
1773949091.061,51.0,5.0,64.0,0,1.8700000047683716,0.0,1000.0,1000.0,0.0
1773949091.508,51.0,5.0,86.0,0,1.649999976158142,0.0,1000.0,1000.0,0.0
1773949091.508,51.0,5.0,86.0,0,1.649999976158142,0.0,1000.0,1000.0,0.0
1773949091.508,51.0,5.0,86.0,0,1.649999976158142,0.0,1000.0,1000.0,0.0
1773949091.987,51.0,5.0,119.0,0,0.029999999329447746,0.0,1000.0,1000.0,0.0
1773949091.987,51.0,5.0,119.0,0,0.029999999329447746,0.0,1000.0,1000.0,0.0
1773949092.536,51.0,5.0,134.0,0,0.009999999776482582,0.0,1000.0,1000.0,0.0
1773949092.536,51.0,5.0,134.0,0,0.009999999776482582,0.0,1000.0,1000.0,0.0
1773949092.536,51.0,5.0,134.0,0,0.009999999776482582,0.0,1000.0,1000.0,0.0
1773949092.995,52.0,5.0,143.0,0,0.009999999776482582,0.0,1000.0,1000.0,0.0
1773949092.995,52.0,5.0,143.0,0,0.009999999776482582,0.0,1000.0,1000.0,0.0
1773949092.995,52.0,5.0,143.0,0,0.009999999776482582,0.0,1000.0,1000.0,0.0
1773949093.543,52.0,5.0,144.0,0,0.23999999463558197,0.0,1000.0,1000.0,0.0
1773949093.543,52.0,5.0,144.0,0,0.23999999463558197,0.0,1000.0,1000.0,0.0
1773949093.543,52.0,5.0,144.0,0,0.23999999463558197,0.0,1000.0,1000.0,0.0
1773949094.055,52.0,5.0,149.0,0,0.49000000953674316,0.0,1000.0,1000.0,0.0
1773949094.055,52.0,5.0,149.0,0,0.49000000953674316,0.0,1000.0,1000.0,0.0
1773949094.554,52.0,5.0,145.0,0,1.0700000524520874,0.0,1000.0,1000.0,0.0
1773949094.554,52.0,5.0,145.0,0,1.0700000524520874,0.0,1000.0,1000.0,0.0
1773949094.554,52.0,5.0,145.0,0,1.0700000524520874,0.0,1000.0,1000.0,0.0
1773949095.102,52.0,5.0,126.0,0,1.340000033378601,0.0,1000.0,1000.0,0.0
1773949095.102,52.0,5.0,126.0,0,1.340000033378601,0.0,1000.0,1000.0,0.0
1773949095.102,52.0,5.0,126.0,0,1.340000033378601,0.0,1000.0,1000.0,0.0
1773949095.61,52.0,5.0,129.0,0,0.8899999856948853,0.0,1000.0,1000.0,0.0
1773949095.61,52.0,5.0,129.0,0,0.8899999856948853,0.0,1000.0,1000.0,0.0
1773949095.61,52.0,5.0,129.0,0,0.8899999856948853,0.0,1000.0,1000.0,0.0
1773949096.132,52.0,5.0,134.0,0,0.7799999713897705,0.0,1000.0,1000.0,0.0
1773949096.132,52.0,5.0,134.0,0,0.7799999713897705,0.0,1000.0,1000.0,0.0
1773949096.566,51.0,5.0,142.0,0,1.5299999713897705,0.0,1000.0,1000.0,0.0
1773949096.566,51.0,5.0,142.0,0,1.5299999713897705,0.0,1000.0,1000.0,0.0
1773949096.566,51.0,5.0,142.0,0,1.5299999713897705,0.0,1000.0,1000.0,0.0
1773949097.076,51.0,5.0,157.0,0,1.8700000047683716,0.0,1000.0,1000.0,0.0
1773949097.076,51.0,5.0,157.0,0,1.8700000047683716,0.0,1000.0,1000.0,0.0
1773949097.076,51.0,5.0,157.0,0,1.8700000047683716,0.0,1000.0,1000.0,0.0
1773949097.602,51.0,5.0,148.0,0,1.899999976158142,0.0,1000.0,1000.0,0.0
1773949097.602,51.0,5.0,148.0,0,1.899999976158142,0.0,1000.0,1000.0,0.0
1773949097.602,51.0,5.0,148.0,0,1.899999976158142,0.0,1000.0,1000.0,0.0
1773949098.179,51.0,5.0,151.0,0,1.8200000524520874,0.0,1000.0,1000.0,0.0
1773949098.179,51.0,5.0,151.0,0,1.8200000524520874,0.0,1000.0,1000.0,0.0
1773949098.616,51.0,5.0,147.0,0,1.840000033378601,0.0,1000.0,1000.0,0.0
1773949098.616,51.0,5.0,147.0,0,1.840000033378601,0.0,1000.0,1000.0,0.0
1773949098.616,51.0,5.0,147.0,0,1.840000033378601,0.0,1000.0,1000.0,0.0
1773949099.163,51.0,5.0,144.0,0,1.909999966621399,0.0,1000.0,1000.0,0.0
1773949099.163,51.0,5.0,144.0,0,1.909999966621399,0.0,1000.0,1000.0,0.0
1773949099.163,51.0,5.0,144.0,0,1.909999966621399,0.0,1000.0,1000.0,0.0
1773949099.696,51.0,5.0,150.0,0,1.8799999952316284,0.0,1000.0,1000.0,0.0
1773949099.696,51.0,5.0,150.0,0,1.8799999952316284,0.0,1000.0,1000.0,0.0
1773949099.696,51.0,5.0,150.0,0,1.8799999952316284,0.0,1000.0,1000.0,0.0
1773949100.246,51.0,5.0,142.0,0,1.850000023841858,0.0,1000.0,1000.0,0.0
1773949100.246,51.0,5.0,142.0,0,1.850000023841858,0.0,1000.0,1000.0,0.0
1773949100.246,51.0,5.0,142.0,0,1.850000023841858,0.0,1000.0,1000.0,0.0
1773949100.652,51.0,5.0,127.0,0,1.75,0.0,1000.0,1000.0,0.0
1773949100.652,51.0,5.0,127.0,0,1.75,0.0,1000.0,1000.0,0.0
1773949101.188,51.0,5.0,132.0,0,1.7699999809265137,0.0,1000.0,1000.0,0.0
1773949101.188,51.0,5.0,132.0,0,1.7699999809265137,0.0,1000.0,1000.0,0.0
1773949101.188,51.0,5.0,132.0,0,1.7699999809265137,0.0,1000.0,1000.0,0.0
1773949101.675,51.0,5.0,124.0,0,1.809999942779541,0.0,1000.0,1000.0,0.0
1773949101.675,51.0,5.0,124.0,0,1.809999942779541,0.0,1000.0,1000.0,0.0
1773949102.173,51.0,5.0,100.0,0,1.5299999713897705,0.0,1000.0,1000.0,0.0
1773949102.173,51.0,5.0,100.0,0,1.5299999713897705,0.0,1000.0,1000.0,0.0
1773949102.173,51.0,5.0,100.0,0,1.5299999713897705,0.0,1000.0,1000.0,0.0
1773949102.173,51.0,5.0,100.0,0,1.5299999713897705,0.0,1000.0,1000.0,0.0
1773949102.714,51.0,5.0,72.0,0,1.5,0.0,1000.0,1000.0,0.0
1773949102.714,51.0,5.0,72.0,0,1.5,0.0,1000.0,1000.0,0.0
1773949103.229,51.0,5.0,57.0,0,1.7300000190734863,0.0,1000.0,1000.0,0.0
1773949103.229,51.0,5.0,57.0,0,1.7300000190734863,0.0,1000.0,1000.0,0.0
1773949103.229,51.0,5.0,57.0,0,1.7300000190734863,0.0,1000.0,1000.0,0.0
1773949103.745,51.0,5.0,49.0,0,1.8899999856948853,0.0,1000.0,1000.0,0.0
1773949103.745,51.0,5.0,49.0,0,1.8899999856948853,0.0,1000.0,1000.0,0.0
1773949103.745,51.0,5.0,49.0,0,1.8899999856948853,0.0,1000.0,1000.0,0.0
1773949104.282,51.0,5.0,50.0,0,1.909999966621399,0.0,1000.0,1000.0,0.0
1773949104.282,51.0,5.0,50.0,0,1.909999966621399,0.0,1000.0,1000.0,0.0
1773949104.282,51.0,5.0,50.0,0,1.909999966621399,0.0,1000.0,1000.0,0.0
1773949104.815,51.0,5.0,56.0,0,1.909999966621399,0.0,1000.0,1000.0,0.0
1773949104.815,51.0,5.0,56.0,0,1.909999966621399,0.0,1000.0,1000.0,0.0
1773949105.276,51.0,5.0,75.0,0,1.899999976158142,0.0,1000.0,1000.0,0.0
1773949105.276,51.0,5.0,75.0,0,1.899999976158142,0.0,1000.0,1000.0,0.0
1773949105.276,51.0,5.0,75.0,0,1.899999976158142,0.0,1000.0,1000.0,0.0
1773949105.801,51.0,5.0,95.0,0,1.9199999570846558,0.0,1000.0,1000.0,0.0
1773949105.801,51.0,5.0,95.0,0,1.9199999570846558,0.0,1000.0,1000.0,0.0
1773949105.801,51.0,5.0,95.0,0,1.9199999570846558,0.0,1000.0,1000.0,0.0
1773949106.271,51.0,5.0,122.0,0,1.940000057220459,0.0,1000.0,1000.0,0.0
1773949106.271,51.0,5.0,122.0,0,1.940000057220459,0.0,1000.0,1000.0,0.0
1773949106.787,51.0,5.0,137.0,0,1.9500000476837158,0.0,1000.0,1000.0,0.0
1773949106.787,51.0,5.0,137.0,0,1.9500000476837158,0.0,1000.0,1000.0,0.0
1773949106.787,51.0,5.0,137.0,0,1.9500000476837158,0.0,1000.0,1000.0,0.0
1773949107.307,51.0,5.0,129.0,0,1.9500000476837158,0.0,1000.0,1000.0,0.0
1773949107.307,51.0,5.0,129.0,0,1.9500000476837158,0.0,1000.0,1000.0,0.0
1773949107.825,51.0,5.0,125.0,0,1.9500000476837158,0.0,1000.0,1000.0,0.0
1773949107.825,51.0,5.0,125.0,0,1.9500000476837158,0.0,1000.0,1000.0,0.0
1773949107.825,51.0,5.0,125.0,0,1.9500000476837158,0.0,1000.0,1000.0,0.0
1773949108.392,51.0,5.0,118.0,0,1.940000057220459,0.0,1000.0,1000.0,0.0
1773949108.392,51.0,5.0,118.0,0,1.940000057220459,0.0,1000.0,1000.0,0.0
1773949108.392,51.0,5.0,118.0,0,1.940000057220459,0.0,1000.0,1000.0,0.0
1773949108.883,51.0,5.0,112.0,0,1.1399999856948853,0.0,1000.0,1000.0,0.0
1773949108.883,51.0,5.0,112.0,0,1.1399999856948853,0.0,1000.0,1000.0,0.0
1773949108.883,51.0,5.0,112.0,0,1.1399999856948853,0.0,1000.0,1000.0,0.0
1773949109.382,51.0,5.0,112.0,0,0.36000001430511475,0.0,1000.0,1000.0,0.0
1773949109.382,51.0,5.0,112.0,0,0.36000001430511475,0.0,1000.0,1000.0,0.0
1773949109.382,51.0,5.0,112.0,0,0.36000001430511475,0.0,1000.0,1000.0,0.0
1773949109.918,52.0,5.0,112.0,0,0.009999999776482582,0.0,1000.0,1000.0,0.0
1773949109.918,52.0,5.0,112.0,0,0.009999999776482582,0.0,1000.0,1000.0,0.0
1773949109.918,52.0,5.0,112.0,0,0.009999999776482582,0.0,1000.0,1000.0,0.0
1773949110.377,52.0,5.0,127.0,0,0.0,0.0,1000.0,1000.0,0.0
1773949110.377,52.0,5.0,127.0,0,0.0,0.0,1000.0,1000.0,0.0
1773949110.84,52.0,5.0,151.0,0,0.0,0.0,1000.0,1000.0,0.0
1773949110.84,52.0,5.0,151.0,0,0.0,0.0,1000.0,1000.0,0.0
1773949111.359,51.0,5.0,173.0,0,0.0,0.0,1000.0,1000.0,0.0
1773949111.359,51.0,5.0,173.0,0,0.0,0.0,1000.0,1000.0,0.0
1773949111.359,51.0,5.0,173.0,0,0.0,0.0,1000.0,1000.0,0.0
1773949111.903,51.0,5.0,198.0,0,0.009999999776482582,0.0,1000.0,1000.0,0.0
1773949111.903,51.0,5.0,198.0,0,0.009999999776482582,0.0,1000.0,1000.0,0.0
1773949111.903,51.0,5.0,198.0,0,0.009999999776482582,0.0,1000.0,1000.0,0.0
1773949112.498,51.0,5.0,213.0,0,0.3100000023841858,0.0,1000.0,1000.0,0.0
1773949112.498,51.0,5.0,213.0,0,0.3100000023841858,0.0,1000.0,1000.0,0.0
1773949112.498,51.0,5.0,213.0,0,0.3100000023841858,0.0,1000.0,1000.0,0.0
1773949112.946,51.0,5.0,214.0,0,0.12999999523162842,0.0,1000.0,1000.0,0.0
1773949112.946,51.0,5.0,214.0,0,0.12999999523162842,0.0,1000.0,1000.0,0.0
1773949113.462,51.0,5.0,215.0,0,0.41999998688697815,0.0,1000.0,1000.0,0.0
1773949113.462,51.0,5.0,215.0,0,0.41999998688697815,0.0,1000.0,1000.0,0.0
1773949113.462,51.0,5.0,215.0,0,0.41999998688697815,0.0,1000.0,1000.0,0.0
1773949113.907,51.0,5.0,221.0,0,1.309999942779541,0.0,1000.0,1000.0,0.0
1773949113.907,51.0,5.0,221.0,0,1.309999942779541,0.0,1000.0,1000.0,0.0
1773949114.473,51.0,5.0,233.0,0,1.809999942779541,0.0,1000.0,1000.0,0.0
1773949114.473,51.0,5.0,233.0,0,1.809999942779541,0.0,1000.0,1000.0,0.0
1773949114.473,51.0,5.0,233.0,0,1.809999942779541,0.0,1000.0,1000.0,0.0
1773949115.017,51.0,5.0,238.0,0,1.4199999570846558,0.0,1000.0,1000.0,0.0
1773949115.017,51.0,5.0,238.0,0,1.4199999570846558,0.0,1000.0,1000.0,0.0
1773949115.017,51.0,5.0,238.0,0,1.4199999570846558,0.0,1000.0,1000.0,0.0
1773949115.478,51.0,5.0,247.0,0,0.6800000071525574,0.0,1000.0,1000.0,0.0
1773949115.478,51.0,5.0,247.0,0,0.6800000071525574,0.0,1000.0,1000.0,0.0
1773949115.997,52.0,5.0,247.0,0,0.0,0.0,1000.0,1000.0,0.0
1773949115.997,52.0,5.0,247.0,0,0.0,0.0,1000.0,1000.0,0.0
1773949115.997,52.0,5.0,247.0,0,0.0,0.0,1000.0,1000.0,0.0
1773949116.488,52.0,5.0,245.0,0,0.009999999776482582,0.0,1000.0,1000.0,0.0
1773949116.488,52.0,5.0,245.0,0,0.009999999776482582,0.0,1000.0,1000.0,0.0
1773949116.964,52.0,5.0,226.0,0,0.009999999776482582,0.0,1000.0,1000.0,0.0
1773949116.964,52.0,5.0,226.0,0,0.009999999776482582,0.0,1000.0,1000.0,0.0
1773949117.549,52.0,5.0,209.0,0,0.0,0.0,1000.0,1000.0,0.0
1773949117.549,52.0,5.0,209.0,0,0.0,0.0,1000.0,1000.0,0.0
1773949117.549,52.0,5.0,209.0,0,0.0,0.0,1000.0,1000.0,0.0
1773949117.989,51.0,5.0,210.0,0,0.18000000715255737,0.0,1000.0,1000.0,0.0
1773949117.989,51.0,5.0,210.0,0,0.18000000715255737,0.0,1000.0,1000.0,0.0
1773949118.499,51.0,5.0,213.0,0,0.07999999821186066,0.0,1000.0,1000.0,0.0
1773949118.499,51.0,5.0,213.0,0,0.07999999821186066,0.0,1000.0,1000.0,0.0
1773949119.059,51.0,5.0,215.0,0,0.7400000095367432,0.0,1000.0,1000.0,0.0
1773949119.059,51.0,5.0,215.0,0,0.7400000095367432,0.0,1000.0,1000.0,0.0
1773949119.059,51.0,5.0,215.0,0,0.7400000095367432,0.0,1000.0,1000.0,0.0
1773949119.524,51.0,5.0,223.0,0,1.4199999570846558,0.0,1000.0,1000.0,0.0
1773949119.524,51.0,5.0,223.0,0,1.4199999570846558,0.0,1000.0,1000.0,0.0
1773949119.524,51.0,5.0,223.0,0,1.4199999570846558,0.0,1000.0,1000.0,0.0
1773949119.524,51.0,5.0,223.0,0,1.4199999570846558,0.0,1000.0,1000.0,0.0
1773949120.245,51.0,5.0,235.0,0,1.809999942779541,0.0,1000.0,1000.0,0.0
1773949120.536,51.0,5.0,49.0,0,1.8899999856948853,0.0,1000.0,1000.0,0.0
1773949120.536,51.0,5.0,49.0,0,1.8899999856948853,0.0,1000.0,1000.0,0.0
1773949120.536,51.0,5.0,49.0,0,1.8899999856948853,0.0,1000.0,1000.0,0.0
1773949120.536,51.0,5.0,49.0,0,1.8899999856948853,0.0,1000.0,1000.0,0.0
1773949121.218,51.0,5.0,49.0,0,1.8899999856948853,0.0,1000.0,1000.0,0.0
1773949121.218,51.0,5.0,49.0,0,1.8899999856948853,0.0,1000.0,1000.0,0.0
1773949121.587,51.0,5.0,56.0,0,1.899999976158142,0.0,1000.0,1000.0,0.0
1773949121.587,51.0,5.0,56.0,0,1.899999976158142,0.0,1000.0,1000.0,0.0
1773949121.587,51.0,5.0,56.0,0,1.899999976158142,0.0,1000.0,1000.0,0.0
1773949122.086,51.0,5.0,86.0,0,1.8700000047683716,0.0,1000.0,1000.0,0.0
1773949122.086,51.0,5.0,86.0,0,1.8700000047683716,0.0,1000.0,1000.0,0.0
1773949122.609,51.0,5.0,194.0,0,1.7699999809265137,0.0,1000.0,1000.0,0.0
1773949122.609,51.0,5.0,194.0,0,1.7699999809265137,0.0,1000.0,1000.0,0.0
1773949122.609,51.0,5.0,194.0,0,1.7699999809265137,0.0,1000.0,1000.0,0.0
1773949123.16,51.0,5.0,220.0,0,1.6299999952316284,0.0,1000.0,1000.0,0.0
1773949123.16,51.0,5.0,220.0,0,1.6299999952316284,0.0,1000.0,1000.0,0.0
1773949123.16,51.0,5.0,220.0,0,1.6299999952316284,0.0,1000.0,1000.0,0.0
1773949123.596,51.0,5.0,258.0,0,1.590000033378601,0.0,1000.0,1000.0,0.0
1773949123.596,51.0,5.0,258.0,0,1.590000033378601,0.0,1000.0,1000.0,0.0
1773949124.144,51.0,5.0,278.0,0,1.309999942779541,0.0,1000.0,1000.0,0.0
1773949124.144,51.0,5.0,278.0,0,1.309999942779541,0.0,1000.0,1000.0,0.0
1773949124.144,51.0,5.0,278.0,0,1.309999942779541,0.0,1000.0,1000.0,0.0
1773949124.609,51.0,5.0,275.0,0,0.8199999928474426,0.0,1000.0,1000.0,0.0
1773949124.609,51.0,5.0,275.0,0,0.8199999928474426,0.0,1000.0,1000.0,0.0
1773949125.122,51.0,5.0,280.0,0,0.9599999785423279,0.0,1000.0,1000.0,0.0
1773949125.122,51.0,5.0,280.0,0,0.9599999785423279,0.0,1000.0,1000.0,0.0
1773949125.122,51.0,5.0,280.0,0,0.9599999785423279,0.0,1000.0,1000.0,0.0
1773949125.68,51.0,5.0,274.0,0,1.4199999570846558,0.0,1000.0,1000.0,0.0
1773949125.68,51.0,5.0,274.0,0,1.4199999570846558,0.0,1000.0,1000.0,0.0
1773949125.68,51.0,5.0,274.0,0,1.4199999570846558,0.0,1000.0,1000.0,0.0
1773949126.184,51.0,5.0,264.0,0,1.7899999618530273,0.0,1000.0,1000.0,0.0
1773949126.184,51.0,5.0,264.0,0,1.7899999618530273,0.0,1000.0,1000.0,0.0
1773949126.69,51.0,5.0,253.0,0,1.7000000476837158,0.0,1000.0,1000.0,0.0
1773949126.69,51.0,5.0,253.0,0,1.7000000476837158,0.0,1000.0,1000.0,0.0
1773949126.69,51.0,5.0,253.0,0,1.7000000476837158,0.0,1000.0,1000.0,0.0
1773949127.238,51.0,5.0,249.0,0,1.7200000286102295,0.0,1000.0,1000.0,0.0
1773949127.238,51.0,5.0,249.0,0,1.7200000286102295,0.0,1000.0,1000.0,0.0
1773949127.238,51.0,5.0,249.0,0,1.7200000286102295,0.0,1000.0,1000.0,0.0
1773949127.679,51.0,5.0,253.0,0,1.809999942779541,0.0,1000.0,1000.0,0.0
1773949127.679,51.0,5.0,253.0,0,1.809999942779541,0.0,1000.0,1000.0,0.0
1773949128.183,51.0,5.0,264.0,0,1.8200000524520874,0.0,1000.0,1000.0,0.0
1773949128.183,51.0,5.0,264.0,0,1.8200000524520874,0.0,1000.0,1000.0,0.0
1773949128.183,51.0,5.0,264.0,0,1.8200000524520874,0.0,1000.0,1000.0,0.0
1773949128.731,51.0,5.0,266.0,0,1.850000023841858,0.0,1000.0,1000.0,0.0
1773949128.731,51.0,5.0,266.0,0,1.850000023841858,0.0,1000.0,1000.0,0.0
1773949128.731,51.0,5.0,266.0,0,1.850000023841858,0.0,1000.0,1000.0,0.0
1773949129.302,51.0,5.0,254.0,0,1.8899999856948853,0.0,1000.0,1000.0,0.0
1773949129.302,51.0,5.0,254.0,0,1.8899999856948853,0.0,1000.0,1000.0,0.0
1773949129.717,51.0,5.0,262.0,0,1.909999966621399,0.0,1000.0,1000.0,0.0
1773949129.717,51.0,5.0,262.0,0,1.909999966621399,0.0,1000.0,1000.0,0.0
1773949129.717,51.0,5.0,262.0,0,1.909999966621399,0.0,1000.0,1000.0,0.0
1773949130.259,51.0,5.0,281.0,0,1.909999966621399,0.0,1000.0,1000.0,0.0
1773949130.259,51.0,5.0,281.0,0,1.909999966621399,0.0,1000.0,1000.0,0.0
1773949130.259,51.0,5.0,281.0,0,1.909999966621399,0.0,1000.0,1000.0,0.0
1773949130.748,51.0,5.0,301.0,0,1.899999976158142,0.0,1000.0,1000.0,0.0
1773949130.748,51.0,5.0,301.0,0,1.899999976158142,0.0,1000.0,1000.0,0.0
1773949131.287,51.0,5.0,301.0,0,1.9299999475479126,0.0,1000.0,1000.0,0.0
1773949131.287,51.0,5.0,301.0,0,1.9299999475479126,0.0,1000.0,1000.0,0.0
1773949131.287,51.0,5.0,301.0,0,1.9299999475479126,0.0,1000.0,1000.0,0.0
1773949131.766,51.0,5.0,286.0,0,1.9199999570846558,0.0,1000.0,1000.0,0.0
1773949131.766,51.0,5.0,286.0,0,1.9199999570846558,0.0,1000.0,1000.0,0.0
1773949131.766,51.0,5.0,286.0,0,1.9199999570846558,0.0,1000.0,1000.0,0.0
1773949132.294,51.0,5.0,264.0,0,1.9199999570846558,0.0,1000.0,1000.0,0.0
1773949132.294,51.0,5.0,264.0,0,1.9199999570846558,0.0,1000.0,1000.0,0.0
1773949132.804,51.0,5.0,241.0,0,1.940000057220459,0.0,1000.0,1000.0,0.0
1773949132.804,51.0,5.0,241.0,0,1.940000057220459,0.0,1000.0,1000.0,0.0
1773949132.804,51.0,5.0,241.0,0,1.940000057220459,0.0,1000.0,1000.0,0.0
1773949133.341,51.0,5.0,235.0,0,1.9600000381469727,0.0,1000.0,1000.0,0.0
1773949133.341,51.0,5.0,235.0,0,1.9600000381469727,0.0,1000.0,1000.0,0.0
1773949133.341,51.0,5.0,235.0,0,1.9600000381469727,0.0,1000.0,1000.0,0.0
1773949133.898,51.0,5.0,227.0,0,1.9700000286102295,0.0,1000.0,1000.0,0.0
1773949133.898,51.0,5.0,227.0,0,1.9700000286102295,0.0,1000.0,1000.0,0.0
1773949133.898,51.0,5.0,227.0,0,1.9700000286102295,0.0,1000.0,1000.0,0.0
1773949134.472,51.0,5.0,215.0,0,1.9800000190734863,0.0,1000.0,1000.0,0.0
1773949134.472,51.0,5.0,215.0,0,1.9800000190734863,0.0,1000.0,1000.0,0.0
1773949134.879,51.0,5.0,204.0,0,1.9600000381469727,0.0,1000.0,1000.0,0.0
1773949134.879,51.0,5.0,204.0,0,1.9600000381469727,0.0,1000.0,1000.0,0.0
1773949134.879,51.0,5.0,204.0,0,1.9600000381469727,0.0,1000.0,1000.0,0.0
1773949135.339,51.0,5.0,190.0,0,1.9800000190734863,0.0,1000.0,1000.0,0.0
1773949135.339,51.0,5.0,190.0,0,1.9800000190734863,0.0,1000.0,1000.0,0.0
1773949135.867,51.0,5.0,192.0,0,1.9600000381469727,0.0,1000.0,1000.0,0.0
1773949135.867,51.0,5.0,192.0,0,1.9600000381469727,0.0,1000.0,1000.0,0.0
1773949135.867,51.0,5.0,192.0,0,1.9600000381469727,0.0,1000.0,1000.0,0.0
1773949136.405,51.0,5.0,187.0,0,1.9199999570846558,0.0,1000.0,1000.0,0.0
1773949136.405,51.0,5.0,187.0,0,1.9199999570846558,0.0,1000.0,1000.0,0.0
1773949136.405,51.0,5.0,187.0,0,1.9199999570846558,0.0,1000.0,1000.0,0.0
1773949136.951,51.0,5.0,188.0,0,1.9199999570846558,0.0,1000.0,1000.0,0.0
1773949136.951,51.0,5.0,188.0,0,1.9199999570846558,0.0,1000.0,1000.0,0.0
1773949136.951,51.0,5.0,188.0,0,1.9199999570846558,0.0,1000.0,1000.0,0.0
1773949137.434,51.0,5.0,194.0,0,1.9500000476837158,0.0,1000.0,1000.0,0.0
1773949137.434,51.0,5.0,194.0,0,1.9500000476837158,0.0,1000.0,1000.0,0.0
1773949137.894,51.0,5.0,194.0,0,1.9800000190734863,0.0,1000.0,1000.0,0.0
1773949137.894,51.0,5.0,194.0,0,1.9800000190734863,0.0,1000.0,1000.0,0.0
1773949138.45,51.0,5.0,195.0,0,1.9800000190734863,0.0,1000.0,1000.0,0.0
1773949138.45,51.0,5.0,195.0,0,1.9800000190734863,0.0,1000.0,1000.0,0.0
1773949138.45,51.0,5.0,195.0,0,1.9800000190734863,0.0,1000.0,1000.0,0.0
1773949138.947,51.0,5.0,196.0,0,1.9700000286102295,0.0,1000.0,1000.0,0.0
1773949138.947,51.0,5.0,196.0,0,1.9700000286102295,0.0,1000.0,1000.0,0.0
1773949139.534,51.0,5.0,199.0,0,1.9800000190734863,0.0,1000.0,1000.0,0.0
1773949139.534,51.0,5.0,199.0,0,1.9800000190734863,0.0,1000.0,1000.0,0.0
1773949139.534,51.0,5.0,199.0,0,1.9800000190734863,0.0,1000.0,1000.0,0.0
1773949140.08,51.0,5.0,207.0,0,1.9600000381469727,0.0,1000.0,1000.0,0.0
1773949140.08,51.0,5.0,207.0,0,1.9600000381469727,0.0,1000.0,1000.0,0.0
1773949140.515,51.0,5.0,220.0,0,1.940000057220459,0.0,1000.0,1000.0,0.0
1773949140.515,51.0,5.0,220.0,0,1.940000057220459,0.0,1000.0,1000.0,0.0
1773949140.515,51.0,5.0,220.0,0,1.940000057220459,0.0,1000.0,1000.0,0.0
1773949140.959,51.0,5.0,229.0,0,1.9600000381469727,0.0,1000.0,1000.0,0.0
1773949140.959,51.0,5.0,229.0,0,1.9600000381469727,0.0,1000.0,1000.0,0.0
1773949141.489,51.0,5.0,235.0,0,1.9800000190734863,0.0,1000.0,1000.0,0.0
1773949141.489,51.0,5.0,235.0,0,1.9800000190734863,0.0,1000.0,1000.0,0.0
1773949141.489,51.0,5.0,235.0,0,1.9800000190734863,0.0,1000.0,1000.0,0.0
1773949142.022,51.0,5.0,244.0,0,1.9700000286102295,0.0,1000.0,1000.0,0.0
1773949142.022,51.0,5.0,244.0,0,1.9700000286102295,0.0,1000.0,1000.0,0.0
1773949142.022,51.0,5.0,244.0,0,1.9700000286102295,0.0,1000.0,1000.0,0.0
1773949142.538,51.0,4.0,251.0,0,1.9600000381469727,0.0,1000.0,1000.0,0.0
1773949142.538,51.0,4.0,251.0,0,1.9600000381469727,0.0,1000.0,1000.0,0.0
1773949142.538,51.0,4.0,251.0,0,1.9600000381469727,0.0,1000.0,1000.0,0.0
1773949143.084,51.0,4.0,250.0,0,1.9500000476837158,0.0,1000.0,1000.0,0.0
1773949143.084,51.0,4.0,250.0,0,1.9500000476837158,0.0,1000.0,1000.0,0.0
1773949143.084,51.0,4.0,250.0,0,1.9500000476837158,0.0,1000.0,1000.0,0.0
1773949143.517,51.0,5.0,253.0,0,1.9600000381469727,0.0,1000.0,1000.0,0.0
1773949143.517,51.0,5.0,253.0,0,1.9600000381469727,0.0,1000.0,1000.0,0.0
1773949143.517,51.0,5.0,253.0,0,1.9600000381469727,0.0,1000.0,1000.0,0.0
1773949144.019,51.0,5.0,255.0,0,1.9700000286102295,0.0,1000.0,1000.0,0.0
1773949144.019,51.0,5.0,255.0,0,1.9700000286102295,0.0,1000.0,1000.0,0.0
1773949144.555,51.0,5.0,252.0,0,1.940000057220459,0.0,1000.0,1000.0,0.0
1773949144.555,51.0,5.0,252.0,0,1.940000057220459,0.0,1000.0,1000.0,0.0
1773949144.555,51.0,5.0,252.0,0,1.940000057220459,0.0,1000.0,1000.0,0.0
1773949145.09,51.0,5.0,250.0,0,1.9299999475479126,0.0,1000.0,1000.0,0.0
1773949145.09,51.0,5.0,250.0,0,1.9299999475479126,0.0,1000.0,1000.0,0.0
1773949145.09,51.0,5.0,250.0,0,1.9299999475479126,0.0,1000.0,1000.0,0.0
1773949145.597,51.0,4.0,256.0,0,1.9199999570846558,0.0,1000.0,1000.0,0.0
1773949145.597,51.0,4.0,256.0,0,1.9199999570846558,0.0,1000.0,1000.0,0.0
1773949146.11,51.0,4.0,252.0,0,1.9199999570846558,0.0,1000.0,1000.0,0.0
1773949146.11,51.0,4.0,252.0,0,1.9199999570846558,0.0,1000.0,1000.0,0.0
1773949146.11,51.0,4.0,252.0,0,1.9199999570846558,0.0,1000.0,1000.0,0.0
1773949146.61,51.0,4.0,254.0,0,1.9500000476837158,0.0,1000.0,1000.0,0.0
1773949146.61,51.0,4.0,254.0,0,1.9500000476837158,0.0,1000.0,1000.0,0.0
1773949147.124,51.0,4.0,261.0,0,1.9500000476837158,0.0,1000.0,1000.0,0.0
1773949147.124,51.0,4.0,261.0,0,1.9500000476837158,0.0,1000.0,1000.0,0.0
1773949147.584,51.0,5.0,251.0,0,1.940000057220459,0.0,1000.0,1000.0,0.0
1773949147.584,51.0,5.0,251.0,0,1.940000057220459,0.0,1000.0,1000.0,0.0
1773949147.584,51.0,5.0,251.0,0,1.940000057220459,0.0,1000.0,1000.0,0.0
1773949148.129,51.0,5.0,246.0,0,1.9299999475479126,0.0,1000.0,1000.0,0.0
1773949148.129,51.0,5.0,246.0,0,1.9299999475479126,0.0,1000.0,1000.0,0.0
1773949148.129,51.0,5.0,246.0,0,1.9299999475479126,0.0,1000.0,1000.0,0.0
1773949148.698,51.0,4.0,250.0,0,1.8700000047683716,0.0,1000.0,1000.0,0.0
1773949148.698,51.0,4.0,250.0,0,1.8700000047683716,0.0,1000.0,1000.0,0.0
1773949148.698,51.0,4.0,250.0,0,1.8700000047683716,0.0,1000.0,1000.0,0.0
1773949149.116,51.0,4.0,253.0,0,1.8200000524520874,0.0,1000.0,1000.0,0.0
1773949149.116,51.0,4.0,253.0,0,1.8200000524520874,0.0,1000.0,1000.0,0.0
1773949149.116,51.0,4.0,253.0,0,1.8200000524520874,0.0,1000.0,1000.0,0.0
1773949149.672,51.0,4.0,250.0,0,1.840000033378601,0.0,1000.0,1000.0,0.0
1773949149.672,51.0,4.0,250.0,0,1.840000033378601,0.0,1000.0,1000.0,0.0
1773949150.165,51.0,4.0,256.0,0,1.7799999713897705,0.0,1000.0,1000.0,0.0
1773949150.165,51.0,4.0,256.0,0,1.7799999713897705,0.0,1000.0,1000.0,0.0
1773949150.165,51.0,4.0,256.0,0,1.7799999713897705,0.0,1000.0,1000.0,0.0
1773949150.715,51.0,4.0,261.0,0,1.7699999809265137,0.0,1000.0,1000.0,0.0
1773949150.715,51.0,4.0,261.0,0,1.7699999809265137,0.0,1000.0,1000.0,0.0
1773949151.156,51.0,4.0,248.0,0,1.8700000047683716,0.0,1000.0,1000.0,0.0
1773949151.156,51.0,4.0,248.0,0,1.8700000047683716,0.0,1000.0,1000.0,0.0
1773949151.156,51.0,4.0,248.0,0,1.8700000047683716,0.0,1000.0,1000.0,0.0
1773949151.708,51.0,4.0,249.0,0,1.9199999570846558,0.0,1000.0,1000.0,0.0
1773949151.708,51.0,4.0,249.0,0,1.9199999570846558,0.0,1000.0,1000.0,0.0
1773949151.708,51.0,4.0,249.0,0,1.9199999570846558,0.0,1000.0,1000.0,0.0
1773949152.179,51.0,4.0,251.0,0,1.899999976158142,0.0,1000.0,1000.0,0.0
1773949152.179,51.0,4.0,251.0,0,1.899999976158142,0.0,1000.0,1000.0,0.0
1773949152.706,51.0,4.0,239.0,0,1.8700000047683716,0.0,1000.0,1000.0,0.0
1773949152.706,51.0,4.0,239.0,0,1.8700000047683716,0.0,1000.0,1000.0,0.0
1773949152.706,51.0,4.0,239.0,0,1.8700000047683716,0.0,1000.0,1000.0,0.0
1773949153.335,51.0,4.0,234.0,0,1.850000023841858,0.0,1000.0,1000.0,0.0
1773949153.335,51.0,4.0,234.0,0,1.850000023841858,0.0,1000.0,1000.0,0.0
1773949153.793,51.0,4.0,242.0,0,1.8700000047683716,0.0,1000.0,1000.0,0.0
1773949153.793,51.0,4.0,242.0,0,1.8700000047683716,0.0,1000.0,1000.0,0.0
1773949154.254,51.0,4.0,238.0,0,1.899999976158142,0.0,1000.0,1000.0,0.0
1773949154.254,51.0,4.0,238.0,0,1.899999976158142,0.0,1000.0,1000.0,0.0
1773949154.254,51.0,4.0,238.0,0,1.899999976158142,0.0,1000.0,1000.0,0.0
1773949154.254,51.0,4.0,238.0,0,1.899999976158142,0.0,1000.0,1000.0,0.0
1773949154.254,51.0,4.0,238.0,0,1.899999976158142,0.0,1000.0,1000.0,0.0
1773949154.254,51.0,4.0,238.0,0,1.899999976158142,0.0,1000.0,1000.0,0.0
1773949155.101,51.0,4.0,247.0,0,1.9199999570846558,0.0,1000.0,1000.0,0.0
1773949155.331,51.0,4.0,248.0,0,1.940000057220459,0.0,1000.0,1000.0,0.0
1773949155.331,51.0,4.0,248.0,0,1.940000057220459,0.0,1000.0,1000.0,0.0
1773949155.331,51.0,4.0,248.0,0,1.940000057220459,0.0,1000.0,1000.0,0.0
1773949155.794,51.0,4.0,257.0,0,1.8899999856948853,0.0,1000.0,1000.0,0.0
1773949155.794,51.0,4.0,257.0,0,1.8899999856948853,0.0,1000.0,1000.0,0.0
1773949156.364,51.0,4.0,295.0,0,1.8700000047683716,0.0,1000.0,1000.0,0.0
1773949156.364,51.0,4.0,295.0,0,1.8700000047683716,0.0,1000.0,1000.0,0.0
1773949156.748,51.0,4.0,334.0,0,1.8899999856948853,0.0,1000.0,1000.0,0.0
1773949156.748,51.0,4.0,334.0,0,1.8899999856948853,0.0,1000.0,1000.0,0.0
1773949156.748,51.0,4.0,334.0,0,1.8899999856948853,0.0,1000.0,1000.0,0.0
1773949157.319,51.0,4.0,359.0,0,1.899999976158142,0.0,1000.0,1000.0,0.0
1773949157.319,51.0,4.0,359.0,0,1.899999976158142,0.0,1000.0,1000.0,0.0
1773949157.319,51.0,4.0,359.0,0,1.899999976158142,0.0,1000.0,1000.0,0.0
1773949157.77,51.0,4.0,18.0,0,1.8799999952316284,0.0,1000.0,1000.0,0.0
1773949157.77,51.0,4.0,18.0,0,1.8799999952316284,0.0,1000.0,1000.0,0.0
1773949158.322,51.0,4.0,23.0,0,1.659999966621399,0.0,1000.0,1000.0,0.0
1773949158.322,51.0,4.0,23.0,0,1.659999966621399,0.0,1000.0,1000.0,0.0
1773949158.322,51.0,4.0,23.0,0,1.659999966621399,0.0,1000.0,1000.0,0.0
1773949158.803,51.0,4.0,22.0,0,1.5099999904632568,0.0,1000.0,1000.0,0.0
1773949158.803,51.0,4.0,22.0,0,1.5099999904632568,0.0,1000.0,1000.0,0.0
1773949159.353,51.0,4.0,28.0,0,1.7200000286102295,0.0,1000.0,1000.0,0.0
1773949159.353,51.0,4.0,28.0,0,1.7200000286102295,0.0,1000.0,1000.0,0.0
1773949159.829,51.0,5.0,36.0,0,1.8899999856948853,0.0,1000.0,1000.0,0.0
1773949159.829,51.0,5.0,36.0,0,1.8899999856948853,0.0,1000.0,1000.0,0.0
1773949159.829,51.0,5.0,36.0,0,1.8899999856948853,0.0,1000.0,1000.0,0.0
1773949160.419,51.0,5.0,53.0,0,1.8899999856948853,0.0,1000.0,1000.0,0.0
1773949160.419,51.0,5.0,53.0,0,1.8899999856948853,0.0,1000.0,1000.0,0.0
1773949160.888,51.0,5.0,76.0,0,1.850000023841858,0.0,1000.0,1000.0,0.0
1773949160.888,51.0,5.0,76.0,0,1.850000023841858,0.0,1000.0,1000.0,0.0
1773949160.888,51.0,5.0,76.0,0,1.850000023841858,0.0,1000.0,1000.0,0.0
1773949161.379,51.0,5.0,103.0,0,1.690000057220459,0.0,1000.0,1000.0,0.0
1773949161.379,51.0,5.0,103.0,0,1.690000057220459,0.0,1000.0,1000.0,0.0
1773949161.992,51.0,5.0,143.0,0,1.4600000381469727,0.0,1000.0,1000.0,0.0
1773949161.992,51.0,5.0,143.0,0,1.4600000381469727,0.0,1000.0,1000.0,0.0
1773949162.349,51.0,5.0,207.0,0,1.3200000524520874,0.0,1000.0,1000.0,0.0
1773949162.349,51.0,5.0,207.0,0,1.3200000524520874,0.0,1000.0,1000.0,0.0
1773949162.874,51.0,5.0,246.0,0,1.340000033378601,0.0,1000.0,1000.0,0.0
1773949162.874,51.0,5.0,246.0,0,1.340000033378601,0.0,1000.0,1000.0,0.0
1773949163.367,51.0,5.0,279.0,0,1.590000033378601,0.0,1000.0,1000.0,0.0
1773949163.367,51.0,5.0,279.0,0,1.590000033378601,0.0,1000.0,1000.0,0.0
1773949163.898,51.0,5.0,293.0,0,1.8300000429153442,0.0,1000.0,1000.0,0.0
1773949163.898,51.0,5.0,293.0,0,1.8300000429153442,0.0,1000.0,1000.0,0.0
1773949164.396,51.0,5.0,304.0,0,1.899999976158142,0.0,1000.0,1000.0,0.0
1773949164.396,51.0,5.0,304.0,0,1.899999976158142,0.0,1000.0,1000.0,0.0
1773949164.897,51.0,5.0,317.0,0,0.029999999329447746,0.0,1000.0,1000.0,0.0
1773949164.897,51.0,5.0,317.0,0,0.029999999329447746,0.0,1000.0,1000.0,0.0
1773949165.518,51.0,5.0,329.0,0,0.009999999776482582,0.0,1000.0,1000.0,0.0
1773949165.518,51.0,5.0,329.0,0,0.009999999776482582,0.0,1000.0,1000.0,0.0
1773949165.951,51.0,5.0,348.0,0,0.029999999329447746,0.0,1000.0,1000.0,0.0
1773949165.951,51.0,5.0,348.0,0,0.029999999329447746,0.0,1000.0,1000.0,0.0
1773949165.951,51.0,5.0,348.0,0,0.029999999329447746,0.0,1000.0,1000.0,0.0
1773949166.458,51.0,5.0,39.0,0,0.029999999329447746,0.0,1000.0,1000.0,0.0
1773949166.458,51.0,5.0,39.0,0,0.029999999329447746,0.0,1000.0,1000.0,0.0
1773949167.004,51.0,5.0,79.0,0,0.1899999976158142,0.0,1000.0,1000.0,0.0
1773949167.483,51.0,5.0,94.0,0,0.36000001430511475,0.0,1000.0,1000.0,0.0
1773949167.483,51.0,5.0,94.0,0,0.36000001430511475,0.0,1000.0,1000.0,0.0
1773949168.024,51.0,5.0,98.0,0,0.8399999737739563,0.0,1000.0,1000.0,0.0
1773949168.024,51.0,5.0,98.0,0,0.8399999737739563,0.0,1000.0,1000.0,0.0
1773949168.561,51.0,5.0,103.0,0,1.5099999904632568,0.0,1000.0,1000.0,0.0
1773949168.561,51.0,5.0,103.0,0,1.5099999904632568,0.0,1000.0,1000.0,0.0
1773949169.136,51.0,5.0,108.0,0,1.850000023841858,0.0,1000.0,1000.0,0.0
1773949169.136,51.0,5.0,108.0,0,1.850000023841858,0.0,1000.0,1000.0,0.0
1773949169.71,51.0,5.0,100.0,0,1.8799999952316284,0.0,1000.0,1000.0,0.0
1773949169.71,51.0,5.0,100.0,0,1.8799999952316284,0.0,1000.0,1000.0,0.0
1773949170.057,51.0,5.0,84.0,0,1.8700000047683716,0.0,1000.0,1000.0,0.0
1773949170.592,51.0,5.0,66.0,0,1.2000000476837158,0.0,1000.0,1000.0,0.0
1773949170.592,51.0,5.0,66.0,0,1.2000000476837158,0.0,1000.0,1000.0,0.0
1773949171.135,51.0,5.0,61.0,0,0.009999999776482582,0.0,1000.0,1000.0,0.0
1773949171.135,51.0,5.0,61.0,0,0.009999999776482582,0.0,1000.0,1000.0,0.0
1773949171.528,51.0,5.0,70.0,0,0.03999999910593033,0.0,1000.0,1000.0,0.0
1773949172.034,51.0,5.0,85.0,0,0.03999999910593033,0.0,1000.0,1000.0,0.0
1773949172.034,51.0,5.0,85.0,0,0.03999999910593033,0.0,1000.0,1000.0,0.0
1773949172.614,51.0,5.0,96.0,0,0.019999999552965164,0.0,1000.0,1000.0,0.0
1773949172.614,51.0,5.0,96.0,0,0.019999999552965164,0.0,1000.0,1000.0,0.0
1773949173.167,51.0,5.0,99.0,0,0.0,0.0,1000.0,1000.0,0.0
1773949173.167,51.0,5.0,99.0,0,0.0,0.0,1000.0,1000.0,0.0
1773949173.686,51.0,5.0,93.0,0,0.10999999940395355,0.0,1000.0,1000.0,0.0
1773949173.686,51.0,5.0,93.0,0,0.10999999940395355,0.0,1000.0,1000.0,0.0
1773949174.2,51.0,5.0,93.0,0,0.3199999928474426,0.0,1000.0,1000.0,0.0
1773949174.2,51.0,5.0,93.0,0,0.3199999928474426,0.0,1000.0,1000.0,0.0
1773949174.706,51.0,5.0,104.0,0,1.0800000429153442,0.0,1000.0,1000.0,0.0
1773949174.706,51.0,5.0,104.0,0,1.0800000429153442,0.0,1000.0,1000.0,0.0
1773949175.221,51.0,5.0,120.0,0,0.029999999329447746,0.0,1000.0,1000.0,0.0
1773949175.221,51.0,5.0,120.0,0,0.029999999329447746,0.0,1000.0,1000.0,0.0
1773949175.724,52.0,5.0,135.0,0,0.009999999776482582,0.0,1000.0,1000.0,0.0
1773949175.724,52.0,5.0,135.0,0,0.009999999776482582,0.0,1000.0,1000.0,0.0
1773949176.247,51.0,5.0,158.0,0,0.029999999329447746,0.0,1000.0,1000.0,0.0
1773949176.247,51.0,5.0,158.0,0,0.029999999329447746,0.0,1000.0,1000.0,0.0
1773949176.725,51.0,5.0,181.0,0,0.28999999165534973,0.0,1000.0,1000.0,0.0
1773949176.725,51.0,5.0,181.0,0,0.28999999165534973,0.0,1000.0,1000.0,0.0
1773949177.174,51.0,5.0,186.0,0,0.12999999523162842,0.0,1000.0,1000.0,0.0
1773949177.174,51.0,5.0,186.0,0,0.12999999523162842,0.0,1000.0,1000.0,0.0
1773949177.655,51.0,5.0,182.0,0,0.4699999988079071,0.0,1000.0,1000.0,0.0
1773949177.655,51.0,5.0,182.0,0,0.4699999988079071,0.0,1000.0,1000.0,0.0
1773949177.655,51.0,5.0,182.0,0,0.4699999988079071,0.0,1000.0,1000.0,0.0
1773949178.215,51.0,5.0,185.0,0,1.3200000524520874,0.0,1000.0,1000.0,0.0
1773949178.215,51.0,5.0,185.0,0,1.3200000524520874,0.0,1000.0,1000.0,0.0
1773949178.705,51.0,5.0,193.0,0,1.7699999809265137,0.0,1000.0,1000.0,0.0
1773949178.705,51.0,5.0,193.0,0,1.7699999809265137,0.0,1000.0,1000.0,0.0
1773949179.23,51.0,5.0,251.0,0,1.8300000429153442,0.0,1000.0,1000.0,0.0
1773949179.23,51.0,5.0,251.0,0,1.8300000429153442,0.0,1000.0,1000.0,0.0
1773949179.743,51.0,5.0,348.0,0,1.809999942779541,0.0,1000.0,1000.0,0.0
1773949179.743,51.0,5.0,348.0,0,1.809999942779541,0.0,1000.0,1000.0,0.0
1773949180.271,51.0,5.0,11.0,0,1.8200000524520874,0.0,1000.0,1000.0,0.0
1773949180.271,51.0,5.0,11.0,0,1.8200000524520874,0.0,1000.0,1000.0,0.0
1773949180.861,51.0,5.0,31.0,0,1.8899999856948853,0.0,1000.0,1000.0,0.0
1773949180.861,51.0,5.0,31.0,0,1.8899999856948853,0.0,1000.0,1000.0,0.0
1773949181.332,51.0,5.0,64.0,0,1.899999976158142,0.0,1000.0,1000.0,0.0
1773949181.332,51.0,5.0,64.0,0,1.899999976158142,0.0,1000.0,1000.0,0.0
1773949181.799,51.0,5.0,113.0,0,1.899999976158142,0.0,1000.0,1000.0,0.0
1773949181.799,51.0,5.0,113.0,0,1.899999976158142,0.0,1000.0,1000.0,0.0
1773949182.267,51.0,5.0,129.0,0,1.8300000429153442,0.0,1000.0,1000.0,0.0
1773949182.267,51.0,5.0,129.0,0,1.8300000429153442,0.0,1000.0,1000.0,0.0
1773949182.775,51.0,5.0,124.0,0,1.6200000047683716,0.0,1000.0,1000.0,0.0
1773949182.775,51.0,5.0,124.0,0,1.6200000047683716,0.0,1000.0,1000.0,0.0
1773949182.775,51.0,5.0,124.0,0,1.6200000047683716,0.0,1000.0,1000.0,0.0
1773949183.336,51.0,5.0,115.0,0,1.6100000143051147,0.0,1000.0,1000.0,0.0
1773949183.783,51.0,5.0,113.0,0,1.7400000095367432,0.0,1000.0,1000.0,0.0
1773949183.783,51.0,5.0,113.0,0,1.7400000095367432,0.0,1000.0,1000.0,0.0
1773949183.783,51.0,5.0,113.0,0,1.7400000095367432,0.0,1000.0,1000.0,0.0
1773949184.377,51.0,5.0,27.0,0,1.8600000143051147,0.0,1000.0,1000.0,0.0
1773949184.828,51.0,5.0,2.0,0,1.8899999856948853,0.0,1000.0,1000.0,0.0
1773949184.828,51.0,5.0,2.0,0,1.8899999856948853,0.0,1000.0,1000.0,0.0
1773949185.374,51.0,5.0,356.0,0,1.8899999856948853,0.0,1000.0,1000.0,0.0
1773949185.374,51.0,5.0,356.0,0,1.8899999856948853,0.0,1000.0,1000.0,0.0
1773949185.917,51.0,5.0,359.0,0,1.9199999570846558,0.0,1000.0,1000.0,0.0
1773949185.917,51.0,5.0,359.0,0,1.9199999570846558,0.0,1000.0,1000.0,0.0
1773949186.46,51.0,5.0,5.0,0,1.8700000047683716,0.0,1000.0,1000.0,0.0
1773949186.46,51.0,5.0,5.0,0,1.8700000047683716,0.0,1000.0,1000.0,0.0
1773949186.966,51.0,5.0,12.0,0,1.8300000429153442,0.0,1000.0,1000.0,0.0
1773949186.966,51.0,5.0,12.0,0,1.8300000429153442,0.0,1000.0,1000.0,0.0
1773949187.344,51.0,5.0,15.0,0,1.840000033378601,0.0,1000.0,1000.0,0.0
1773949187.344,51.0,5.0,15.0,0,1.840000033378601,0.0,1000.0,1000.0,0.0
1773949187.839,51.0,5.0,19.0,0,1.7599999904632568,0.0,1000.0,1000.0,0.0
1773949188.369,51.0,5.0,25.0,0,1.6200000047683716,0.0,1000.0,1000.0,0.0
1773949188.369,51.0,5.0,25.0,0,1.6200000047683716,0.0,1000.0,1000.0,0.0
1773949188.95,51.0,5.0,26.0,0,1.690000057220459,0.0,1000.0,1000.0,0.0
1773949188.95,51.0,5.0,26.0,0,1.690000057220459,0.0,1000.0,1000.0,0.0
1773949189.385,51.0,5.0,12.0,0,1.809999942779541,0.0,1000.0,1000.0,0.0
1773949189.385,51.0,5.0,12.0,0,1.809999942779541,0.0,1000.0,1000.0,0.0
1773949189.946,51.0,5.0,4.0,0,1.7999999523162842,0.0,1000.0,1000.0,0.0
1773949190.473,51.0,5.0,1.0,0,1.7200000286102295,0.0,1000.0,1000.0,0.0
1773949190.473,51.0,5.0,1.0,0,1.7200000286102295,0.0,1000.0,1000.0,0.0
1773949190.929,51.0,5.0,353.0,0,1.7599999904632568,0.0,1000.0,1000.0,0.0
1773949190.929,51.0,5.0,353.0,0,1.7599999904632568,0.0,1000.0,1000.0,0.0
1773949191.48,51.0,5.0,346.0,0,1.8200000524520874,0.0,1000.0,1000.0,0.0
1773949191.48,51.0,5.0,346.0,0,1.8200000524520874,0.0,1000.0,1000.0,0.0
1773949191.962,51.0,5.0,346.0,0,1.840000033378601,0.0,1000.0,1000.0,0.0
1773949191.962,51.0,5.0,346.0,0,1.840000033378601,0.0,1000.0,1000.0,0.0
1773949192.515,51.0,4.0,351.0,0,1.8600000143051147,0.0,1000.0,1000.0,0.0
1773949192.515,51.0,4.0,351.0,0,1.8600000143051147,0.0,1000.0,1000.0,0.0
1773949193.022,51.0,4.0,3.0,0,1.899999976158142,0.0,1000.0,1000.0,0.0
1773949193.022,51.0,4.0,3.0,0,1.899999976158142,0.0,1000.0,1000.0,0.0
1773949193.611,51.0,5.0,9.0,0,1.899999976158142,0.0,1000.0,1000.0,0.0
1773949193.611,51.0,5.0,9.0,0,1.899999976158142,0.0,1000.0,1000.0,0.0
1773949193.977,51.0,5.0,4.0,0,1.9500000476837158,0.0,1000.0,1000.0,0.0
1773949194.496,51.0,5.0,311.0,0,1.9600000381469727,0.0,1000.0,1000.0,0.0
1773949194.496,51.0,5.0,311.0,0,1.9600000381469727,0.0,1000.0,1000.0,0.0
1773949195.023,51.0,5.0,239.0,0,1.9199999570846558,0.0,1000.0,1000.0,0.0
1773949195.023,51.0,5.0,239.0,0,1.9199999570846558,0.0,1000.0,1000.0,0.0
1773949195.59,51.0,5.0,234.0,0,1.940000057220459,0.0,1000.0,1000.0,0.0
1773949195.59,51.0,5.0,234.0,0,1.940000057220459,0.0,1000.0,1000.0,0.0
1773949196.137,51.0,5.0,264.0,0,1.909999966621399,0.0,1000.0,1000.0,0.0
1773949196.137,51.0,5.0,264.0,0,1.909999966621399,0.0,1000.0,1000.0,0.0
1773949196.651,51.0,5.0,291.0,0,1.8700000047683716,0.0,1000.0,1000.0,0.0
1773949196.651,51.0,5.0,291.0,0,1.8700000047683716,0.0,1000.0,1000.0,0.0
1773949197.215,51.0,5.0,299.0,0,1.8700000047683716,0.0,1000.0,1000.0,0.0
1773949197.215,51.0,5.0,299.0,0,1.8700000047683716,0.0,1000.0,1000.0,0.0
1773949197.728,51.0,5.0,332.0,0,1.909999966621399,0.0,1000.0,1000.0,0.0
1773949197.728,51.0,5.0,332.0,0,1.909999966621399,0.0,1000.0,1000.0,0.0
1773949198.055,51.0,4.0,8.0,0,1.909999966621399,0.0,1000.0,1000.0,0.0
1773949198.583,51.0,4.0,13.0,0,1.8799999952316284,0.0,1000.0,1000.0,0.0
1773949198.583,51.0,4.0,13.0,0,1.8799999952316284,0.0,1000.0,1000.0,0.0
1773949199.128,51.0,4.0,24.0,0,1.840000033378601,0.0,1000.0,1000.0,0.0
1773949199.128,51.0,4.0,24.0,0,1.840000033378601,0.0,1000.0,1000.0,0.0
1773949199.585,51.0,4.0,42.0,0,1.8700000047683716,0.0,1000.0,1000.0,0.0
1773949200.098,51.0,5.0,42.0,0,1.9199999570846558,0.0,1000.0,1000.0,0.0
1773949200.098,51.0,5.0,42.0,0,1.9199999570846558,0.0,1000.0,1000.0,0.0
1773949200.683,51.0,5.0,48.0,0,1.9199999570846558,0.0,1000.0,1000.0,0.0
1773949200.683,51.0,5.0,48.0,0,1.9199999570846558,0.0,1000.0,1000.0,0.0
1773949201.213,51.0,5.0,57.0,0,1.9199999570846558,0.0,1000.0,1000.0,0.0
1773949201.213,51.0,5.0,57.0,0,1.9199999570846558,0.0,1000.0,1000.0,0.0
1773949201.732,51.0,5.0,32.0,0,1.9600000381469727,0.0,1000.0,1000.0,0.0
1773949201.732,51.0,5.0,32.0,0,1.9600000381469727,0.0,1000.0,1000.0,0.0
1773949202.137,51.0,4.0,35.0,0,1.9900000095367432,0.0,1000.0,1000.0,0.0
1773949202.664,51.0,4.0,50.0,0,1.9900000095367432,0.0,1000.0,1000.0,0.0
1773949202.664,51.0,4.0,50.0,0,1.9900000095367432,0.0,1000.0,1000.0,0.0
1773949203.174,51.0,5.0,65.0,0,1.9700000286102295,0.0,1000.0,1000.0,0.0
1773949203.174,51.0,5.0,65.0,0,1.9700000286102295,0.0,1000.0,1000.0,0.0
1773949203.687,51.0,5.0,70.0,0,1.9500000476837158,0.0,1000.0,1000.0,0.0
1773949203.687,51.0,5.0,70.0,0,1.9500000476837158,0.0,1000.0,1000.0,0.0
1773949204.231,51.0,5.0,89.0,0,1.9199999570846558,0.0,1000.0,1000.0,0.0
1773949204.231,51.0,5.0,89.0,0,1.9199999570846558,0.0,1000.0,1000.0,0.0
1773949204.77,51.0,5.0,75.0,0,1.909999966621399,0.0,1000.0,1000.0,0.0
1773949204.77,51.0,5.0,75.0,0,1.909999966621399,0.0,1000.0,1000.0,0.0
1773949205.316,51.0,4.0,73.0,0,1.9199999570846558,0.0,1000.0,1000.0,0.0
1773949205.316,51.0,4.0,73.0,0,1.9199999570846558,0.0,1000.0,1000.0,0.0
1773949205.858,51.0,4.0,69.0,0,1.9299999475479126,0.0,1000.0,1000.0,0.0
1773949205.858,51.0,4.0,69.0,0,1.9299999475479126,0.0,1000.0,1000.0,0.0
1773949206.383,51.0,5.0,65.0,0,1.9600000381469727,0.0,1000.0,1000.0,0.0
1773949206.383,51.0,5.0,65.0,0,1.9600000381469727,0.0,1000.0,1000.0,0.0
1773949206.744,51.0,5.0,62.0,0,1.9700000286102295,0.0,1000.0,1000.0,0.0
1773949206.744,51.0,5.0,62.0,0,1.9700000286102295,0.0,1000.0,1000.0,0.0
1773949207.295,51.0,5.0,65.0,0,1.9199999570846558,0.0,1000.0,1000.0,0.0
1773949207.295,51.0,5.0,65.0,0,1.9199999570846558,0.0,1000.0,1000.0,0.0
1773949207.816,51.0,5.0,66.0,0,1.9299999475479126,0.0,1000.0,1000.0,0.0
1773949207.816,51.0,5.0,66.0,0,1.9299999475479126,0.0,1000.0,1000.0,0.0
1773949208.313,51.0,5.0,65.0,0,1.9800000190734863,0.0,1000.0,1000.0,0.0
1773949208.785,51.0,5.0,63.0,0,1.9700000286102295,0.0,1000.0,1000.0,0.0
1773949208.785,51.0,5.0,63.0,0,1.9700000286102295,0.0,1000.0,1000.0,0.0
1773949209.332,51.0,5.0,63.0,0,1.940000057220459,0.0,1000.0,1000.0,0.0
1773949209.332,51.0,5.0,63.0,0,1.940000057220459,0.0,1000.0,1000.0,0.0
1773949209.875,51.0,5.0,65.0,0,1.940000057220459,0.0,1000.0,1000.0,0.0
1773949209.875,51.0,5.0,65.0,0,1.940000057220459,0.0,1000.0,1000.0,0.0
1773949210.424,51.0,5.0,58.0,0,1.9600000381469727,0.0,1000.0,1000.0,0.0
1773949210.424,51.0,5.0,58.0,0,1.9600000381469727,0.0,1000.0,1000.0,0.0
1773949210.931,51.0,5.0,40.0,0,1.9299999475479126,0.0,1000.0,1000.0,0.0
1773949210.931,51.0,5.0,40.0,0,1.9299999475479126,0.0,1000.0,1000.0,0.0
1773949211.444,51.0,5.0,24.0,0,1.9600000381469727,0.0,1000.0,1000.0,0.0
1773949211.444,51.0,5.0,24.0,0,1.9600000381469727,0.0,1000.0,1000.0,0.0
1773949211.905,51.0,5.0,15.0,0,1.9500000476837158,0.0,1000.0,1000.0,0.0
1773949211.905,51.0,5.0,15.0,0,1.9500000476837158,0.0,1000.0,1000.0,0.0
1773949212.424,51.0,5.0,357.0,0,1.940000057220459,0.0,1000.0,1000.0,0.0
1773949212.424,51.0,5.0,357.0,0,1.940000057220459,0.0,1000.0,1000.0,0.0
1773949212.942,51.0,5.0,331.0,0,1.8700000047683716,0.0,1000.0,1000.0,0.0
1773949212.942,51.0,5.0,331.0,0,1.8700000047683716,0.0,1000.0,1000.0,0.0
1773949213.46,51.0,5.0,311.0,0,1.850000023841858,0.0,1000.0,1000.0,0.0
1773949213.46,51.0,5.0,311.0,0,1.850000023841858,0.0,1000.0,1000.0,0.0
1773949213.903,51.0,5.0,302.0,0,1.909999966621399,0.0,1000.0,1000.0,0.0
1773949213.903,51.0,5.0,302.0,0,1.909999966621399,0.0,1000.0,1000.0,0.0
1773949214.393,51.0,5.0,302.0,0,1.909999966621399,0.0,1000.0,1000.0,0.0
1773949214.393,51.0,5.0,302.0,0,1.909999966621399,0.0,1000.0,1000.0,0.0
1773949214.899,51.0,5.0,291.0,0,1.899999976158142,0.0,1000.0,1000.0,0.0
1773949214.899,51.0,5.0,291.0,0,1.899999976158142,0.0,1000.0,1000.0,0.0
1773949215.421,51.0,5.0,279.0,0,1.899999976158142,0.0,1000.0,1000.0,0.0
1773949215.421,51.0,5.0,279.0,0,1.899999976158142,0.0,1000.0,1000.0,0.0
1773949215.94,51.0,5.0,289.0,0,1.909999966621399,0.0,1000.0,1000.0,0.0
1773949215.94,51.0,5.0,289.0,0,1.909999966621399,0.0,1000.0,1000.0,0.0
1773949216.524,51.0,5.0,301.0,0,1.9199999570846558,0.0,1000.0,1000.0,0.0
1773949216.524,51.0,5.0,301.0,0,1.9199999570846558,0.0,1000.0,1000.0,0.0
1773949217.005,51.0,5.0,316.0,0,1.9500000476837158,0.0,1000.0,1000.0,0.0
1773949217.005,51.0,5.0,316.0,0,1.9500000476837158,0.0,1000.0,1000.0,0.0
1773949217.529,51.0,5.0,330.0,0,1.9600000381469727,0.0,1000.0,1000.0,0.0
1773949217.529,51.0,5.0,330.0,0,1.9600000381469727,0.0,1000.0,1000.0,0.0
1773949218.078,51.0,5.0,347.0,0,1.940000057220459,0.0,1000.0,1000.0,0.0
1773949218.078,51.0,5.0,347.0,0,1.940000057220459,0.0,1000.0,1000.0,0.0
1773949218.621,51.0,5.0,355.0,0,1.9299999475479126,0.0,1000.0,1000.0,0.0
1773949218.621,51.0,5.0,355.0,0,1.9299999475479126,0.0,1000.0,1000.0,0.0
1773949218.945,51.0,5.0,353.0,0,1.9299999475479126,0.0,1000.0,1000.0,0.0
1773949218.945,51.0,5.0,353.0,0,1.9299999475479126,0.0,1000.0,1000.0,0.0
1773949219.475,51.0,5.0,352.0,0,1.940000057220459,0.0,1000.0,1000.0,0.0
1773949219.475,51.0,5.0,352.0,0,1.940000057220459,0.0,1000.0,1000.0,0.0
1773949220.166,51.0,5.0,351.0,0,1.9600000381469727,0.0,1000.0,1000.0,0.0
1773949220.166,51.0,5.0,351.0,0,1.9600000381469727,0.0,1000.0,1000.0,0.0
1773949220.645,51.0,5.0,351.0,0,1.9700000286102295,0.0,1000.0,1000.0,0.0
1773949220.645,51.0,5.0,351.0,0,1.9700000286102295,0.0,1000.0,1000.0,0.0
1773949221.11,51.0,5.0,348.0,0,1.9500000476837158,0.0,1000.0,1000.0,0.0
1773949221.11,51.0,5.0,348.0,0,1.9500000476837158,0.0,1000.0,1000.0,0.0
1773949221.621,51.0,5.0,312.0,0,1.940000057220459,0.0,1000.0,1000.0,0.0
1773949221.621,51.0,5.0,312.0,0,1.940000057220459,0.0,1000.0,1000.0,0.0
1773949222.098,51.0,5.0,191.0,0,1.9700000286102295,0.0,1000.0,1000.0,0.0
1773949222.098,51.0,5.0,191.0,0,1.9700000286102295,0.0,1000.0,1000.0,0.0
1773949222.644,51.0,5.0,190.0,0,1.9600000381469727,0.0,1000.0,1000.0,0.0
1773949222.644,51.0,5.0,190.0,0,1.9600000381469727,0.0,1000.0,1000.0,0.0
1773949223.116,51.0,5.0,201.0,0,1.9600000381469727,0.0,1000.0,1000.0,0.0
1773949223.116,51.0,5.0,201.0,0,1.9600000381469727,0.0,1000.0,1000.0,0.0
1773949223.638,51.0,5.0,216.0,0,1.9800000190734863,0.0,1000.0,1000.0,0.0
1773949223.638,51.0,5.0,216.0,0,1.9800000190734863,0.0,1000.0,1000.0,0.0
1773949224.161,51.0,5.0,239.0,0,1.9700000286102295,0.0,1000.0,1000.0,0.0
1773949224.161,51.0,5.0,239.0,0,1.9700000286102295,0.0,1000.0,1000.0,0.0
1773949224.56,51.0,5.0,260.0,0,1.940000057220459,0.0,1000.0,1000.0,0.0
1773949224.56,51.0,5.0,260.0,0,1.940000057220459,0.0,1000.0,1000.0,0.0
1773949225.239,51.0,5.0,276.0,0,1.9199999570846558,0.0,1000.0,1000.0,0.0
1773949225.239,51.0,5.0,276.0,0,1.9199999570846558,0.0,1000.0,1000.0,0.0
1773949225.677,51.0,5.0,299.0,0,1.940000057220459,0.0,1000.0,1000.0,0.0
1773949225.677,51.0,5.0,299.0,0,1.940000057220459,0.0,1000.0,1000.0,0.0
1773949226.212,51.0,5.0,325.0,0,1.7400000095367432,0.0,1000.0,1000.0,0.0
1773949226.212,51.0,5.0,325.0,0,1.7400000095367432,0.0,1000.0,1000.0,0.0
1773949226.663,51.0,5.0,319.0,0,1.2400000095367432,0.0,1000.0,1000.0,0.0
1773949226.663,51.0,5.0,319.0,0,1.2400000095367432,0.0,1000.0,1000.0,0.0
1773949227.103,51.0,5.0,315.0,0,0.9800000190734863,0.0,1000.0,1000.0,0.0
1773949227.103,51.0,5.0,315.0,0,0.9800000190734863,0.0,1000.0,1000.0,0.0
1773949227.103,51.0,5.0,315.0,0,0.9800000190734863,0.0,1000.0,1000.0,0.0
1773949227.76,51.0,5.0,306.0,0,1.6100000143051147,0.0,1000.0,1000.0,0.0
1773949227.76,51.0,5.0,306.0,0,1.6100000143051147,0.0,1000.0,1000.0,0.0
1773949228.244,51.0,5.0,279.0,0,1.850000023841858,0.0,1000.0,1000.0,0.0
1773949228.244,51.0,5.0,279.0,0,1.850000023841858,0.0,1000.0,1000.0,0.0
1773949228.741,51.0,5.0,236.0,0,1.8700000047683716,0.0,1000.0,1000.0,0.0
1773949228.741,51.0,5.0,236.0,0,1.8700000047683716,0.0,1000.0,1000.0,0.0
1773949229.235,51.0,5.0,231.0,0,1.4800000190734863,0.0,1000.0,1000.0,0.0
1773949229.235,51.0,5.0,231.0,0,1.4800000190734863,0.0,1000.0,1000.0,0.0
1773949229.673,51.0,5.0,222.0,0,0.550000011920929,0.0,1000.0,1000.0,0.0
1773949229.673,51.0,5.0,222.0,0,0.550000011920929,0.0,1000.0,1000.0,0.0
1773949229.673,51.0,5.0,222.0,0,0.550000011920929,0.0,1000.0,1000.0,0.0
1773949230.362,51.0,5.0,222.0,0,0.0,0.0,1000.0,1000.0,0.0
1773949230.362,51.0,5.0,222.0,0,0.0,0.0,1000.0,1000.0,0.0
1773949230.824,52.0,5.0,214.0,0,0.12999999523162842,0.0,1000.0,1000.0,0.0
1773949230.824,52.0,5.0,214.0,0,0.12999999523162842,0.0,1000.0,1000.0,0.0
1773949231.19,52.0,5.0,212.0,0,0.7099999785423279,0.0,1000.0,1000.0,0.0
1773949231.19,52.0,5.0,212.0,0,0.7099999785423279,0.0,1000.0,1000.0,0.0
1773949231.735,52.0,5.0,220.0,0,1.4600000381469727,0.0,1000.0,1000.0,0.0
1773949231.735,52.0,5.0,220.0,0,1.4600000381469727,0.0,1000.0,1000.0,0.0
1773949232.421,51.0,5.0,240.0,0,1.7699999809265137,0.0,1000.0,1000.0,0.0
1773949232.421,51.0,5.0,240.0,0,1.7699999809265137,0.0,1000.0,1000.0,0.0
1773949232.736,51.0,5.0,269.0,0,1.8700000047683716,0.0,1000.0,1000.0,0.0
1773949232.736,51.0,5.0,269.0,0,1.8700000047683716,0.0,1000.0,1000.0,0.0
1773949233.28,51.0,5.0,303.0,0,1.9199999570846558,0.0,1000.0,1000.0,0.0
1773949233.28,51.0,5.0,303.0,0,1.9199999570846558,0.0,1000.0,1000.0,0.0
1773949233.824,51.0,5.0,328.0,0,1.9199999570846558,0.0,1000.0,1000.0,0.0
1773949234.296,51.0,5.0,333.0,0,1.899999976158142,0.0,1000.0,1000.0,0.0
1773949234.296,51.0,5.0,333.0,0,1.899999976158142,0.0,1000.0,1000.0,0.0
1773949234.296,51.0,5.0,333.0,0,1.899999976158142,0.0,1000.0,1000.0,0.0
1773949234.873,51.0,5.0,333.0,0,1.909999966621399,0.0,1000.0,1000.0,0.0
1773949235.308,51.0,5.0,336.0,0,1.9199999570846558,0.0,1000.0,1000.0,0.0
1773949235.308,51.0,5.0,336.0,0,1.9199999570846558,0.0,1000.0,1000.0,0.0
1773949235.816,51.0,5.0,344.0,0,1.9199999570846558,0.0,1000.0,1000.0,0.0
1773949235.816,51.0,5.0,344.0,0,1.9199999570846558,0.0,1000.0,1000.0,0.0
1773949236.346,51.0,5.0,345.0,0,1.899999976158142,0.0,1000.0,1000.0,0.0
1773949236.346,51.0,5.0,345.0,0,1.899999976158142,0.0,1000.0,1000.0,0.0
1773949236.887,51.0,5.0,339.0,0,1.909999966621399,0.0,1000.0,1000.0,0.0
1773949236.887,51.0,5.0,339.0,0,1.909999966621399,0.0,1000.0,1000.0,0.0
1773949237.375,51.0,5.0,324.0,0,1.8700000047683716,0.0,1000.0,1000.0,0.0
1773949237.375,51.0,5.0,324.0,0,1.8700000047683716,0.0,1000.0,1000.0,0.0
1773949237.898,51.0,5.0,311.0,0,1.7799999713897705,0.0,1000.0,1000.0,0.0
1773949237.898,51.0,5.0,311.0,0,1.7799999713897705,0.0,1000.0,1000.0,0.0
1773949238.403,51.0,5.0,293.0,0,1.809999942779541,0.0,1000.0,1000.0,0.0
1773949238.403,51.0,5.0,293.0,0,1.809999942779541,0.0,1000.0,1000.0,0.0
1773949238.901,51.0,5.0,258.0,0,1.8700000047683716,0.0,1000.0,1000.0,0.0
1773949238.901,51.0,5.0,258.0,0,1.8700000047683716,0.0,1000.0,1000.0,0.0
1773949239.432,51.0,5.0,225.0,0,1.909999966621399,0.0,1000.0,1000.0,0.0
1773949239.432,51.0,5.0,225.0,0,1.909999966621399,0.0,1000.0,1000.0,0.0
1773949239.891,51.0,5.0,208.0,0,1.8799999952316284,0.0,1000.0,1000.0,0.0
1773949239.891,51.0,5.0,208.0,0,1.8799999952316284,0.0,1000.0,1000.0,0.0
1773949239.891,51.0,5.0,208.0,0,1.8799999952316284,0.0,1000.0,1000.0,0.0
1773949240.419,51.0,5.0,206.0,0,1.8600000143051147,0.0,1000.0,1000.0,0.0
1773949240.419,51.0,5.0,206.0,0,1.8600000143051147,0.0,1000.0,1000.0,0.0
1773949241.11,51.0,5.0,214.0,0,1.909999966621399,0.0,1000.0,1000.0,0.0
1773949241.11,51.0,5.0,214.0,0,1.909999966621399,0.0,1000.0,1000.0,0.0
1773949241.412,51.0,5.0,239.0,0,1.9199999570846558,0.0,1000.0,1000.0,0.0
1773949241.412,51.0,5.0,239.0,0,1.9199999570846558,0.0,1000.0,1000.0,0.0
1773949242.083,51.0,5.0,264.0,0,1.9199999570846558,0.0,1000.0,1000.0,0.0
1773949242.083,51.0,5.0,264.0,0,1.9199999570846558,0.0,1000.0,1000.0,0.0
1773949242.428,51.0,5.0,268.0,0,1.9700000286102295,0.0,1000.0,1000.0,0.0
1773949242.428,51.0,5.0,268.0,0,1.9700000286102295,0.0,1000.0,1000.0,0.0
1773949243.003,51.0,5.0,270.0,0,1.9299999475479126,0.0,1000.0,1000.0,0.0
1773949243.003,51.0,5.0,270.0,0,1.9299999475479126,0.0,1000.0,1000.0,0.0
1773949243.432,51.0,5.0,292.0,0,1.9299999475479126,0.0,1000.0,1000.0,0.0
1773949243.432,51.0,5.0,292.0,0,1.9299999475479126,0.0,1000.0,1000.0,0.0
1773949243.432,51.0,5.0,292.0,0,1.9299999475479126,0.0,1000.0,1000.0,0.0
1773949243.943,51.0,5.0,324.0,0,1.9500000476837158,0.0,1000.0,1000.0,0.0
1773949243.943,51.0,5.0,324.0,0,1.9500000476837158,0.0,1000.0,1000.0,0.0
1773949244.506,51.0,5.0,321.0,0,1.9299999475479126,0.0,1000.0,1000.0,0.0
1773949244.506,51.0,5.0,321.0,0,1.9299999475479126,0.0,1000.0,1000.0,0.0
1773949244.506,51.0,5.0,321.0,0,1.9299999475479126,0.0,1000.0,1000.0,0.0
1773949245.02,51.0,5.0,289.0,0,1.909999966621399,0.0,1000.0,1000.0,0.0
1773949245.02,51.0,5.0,289.0,0,1.909999966621399,0.0,1000.0,1000.0,0.0
1773949245.57,51.0,5.0,252.0,0,1.9199999570846558,0.0,1000.0,1000.0,0.0
1773949245.57,51.0,5.0,252.0,0,1.9199999570846558,0.0,1000.0,1000.0,0.0
1773949246.029,51.0,5.0,252.0,0,1.9700000286102295,0.0,1000.0,1000.0,0.0
1773949246.029,51.0,5.0,252.0,0,1.9700000286102295,0.0,1000.0,1000.0,0.0
1773949246.029,51.0,5.0,252.0,0,1.9700000286102295,0.0,1000.0,1000.0,0.0
1773949246.559,51.0,5.0,258.0,0,1.8600000143051147,0.0,1000.0,1000.0,0.0
1773949246.559,51.0,5.0,258.0,0,1.8600000143051147,0.0,1000.0,1000.0,0.0
1773949247.139,51.0,5.0,260.0,0,1.690000057220459,0.0,1000.0,1000.0,0.0
1773949247.139,51.0,5.0,260.0,0,1.690000057220459,0.0,1000.0,1000.0,0.0
1773949247.578,51.0,5.0,256.0,0,1.75,0.0,1000.0,1000.0,0.0
1773949247.578,51.0,5.0,256.0,0,1.75,0.0,1000.0,1000.0,0.0
1773949248.039,51.0,5.0,255.0,0,1.8799999952316284,0.0,1000.0,1000.0,0.0
1773949248.039,51.0,5.0,255.0,0,1.8799999952316284,0.0,1000.0,1000.0,0.0
1773949248.559,51.0,5.0,259.0,0,1.909999966621399,0.0,1000.0,1000.0,0.0
1773949248.559,51.0,5.0,259.0,0,1.909999966621399,0.0,1000.0,1000.0,0.0
1773949248.559,51.0,5.0,259.0,0,1.909999966621399,0.0,1000.0,1000.0,0.0
1773949249.086,51.0,5.0,276.0,0,1.909999966621399,0.0,1000.0,1000.0,0.0
1773949249.086,51.0,5.0,276.0,0,1.909999966621399,0.0,1000.0,1000.0,0.0
1773949249.67,51.0,5.0,295.0,0,1.8899999856948853,0.0,1000.0,1000.0,0.0
1773949249.67,51.0,5.0,295.0,0,1.8899999856948853,0.0,1000.0,1000.0,0.0
1773949250.147,51.0,5.0,308.0,0,1.909999966621399,0.0,1000.0,1000.0,0.0
1773949250.147,51.0,5.0,308.0,0,1.909999966621399,0.0,1000.0,1000.0,0.0
1773949250.634,51.0,5.0,322.0,0,1.9500000476837158,0.0,1000.0,1000.0,0.0
1773949250.634,51.0,5.0,322.0,0,1.9500000476837158,0.0,1000.0,1000.0,0.0
1773949251.107,51.0,5.0,321.0,0,1.9500000476837158,0.0,1000.0,1000.0,0.0
1773949251.107,51.0,5.0,321.0,0,1.9500000476837158,0.0,1000.0,1000.0,0.0
1773949251.602,51.0,5.0,322.0,0,1.940000057220459,0.0,1000.0,1000.0,0.0
1773949251.602,51.0,5.0,322.0,0,1.940000057220459,0.0,1000.0,1000.0,0.0
1773949251.602,51.0,5.0,322.0,0,1.940000057220459,0.0,1000.0,1000.0,0.0
1773949252.2,51.0,5.0,322.0,0,1.9299999475479126,0.0,1000.0,1000.0,0.0
1773949252.668,51.0,5.0,292.0,0,1.8899999856948853,0.0,1000.0,1000.0,0.0
1773949252.668,51.0,5.0,292.0,0,1.8899999856948853,0.0,1000.0,1000.0,0.0
1773949252.668,51.0,5.0,292.0,0,1.8899999856948853,0.0,1000.0,1000.0,0.0
1773949253.19,51.0,5.0,257.0,0,1.7999999523162842,0.0,1000.0,1000.0,0.0
1773949253.66,51.0,5.0,251.0,0,1.7899999618530273,0.0,1000.0,1000.0,0.0
1773949253.66,51.0,5.0,251.0,0,1.7899999618530273,0.0,1000.0,1000.0,0.0
1773949254.167,51.0,5.0,267.0,0,1.8700000047683716,0.0,1000.0,1000.0,0.0
1773949254.167,51.0,5.0,267.0,0,1.8700000047683716,0.0,1000.0,1000.0,0.0
1773949254.696,51.0,5.0,294.0,0,1.899999976158142,0.0,1000.0,1000.0,0.0
1773949254.696,51.0,5.0,294.0,0,1.899999976158142,0.0,1000.0,1000.0,0.0
1773949254.696,51.0,5.0,294.0,0,1.899999976158142,0.0,1000.0,1000.0,0.0
1773949255.264,51.0,5.0,327.0,0,1.8899999856948853,0.0,1000.0,1000.0,0.0
1773949255.676,51.0,5.0,341.0,0,1.7200000286102295,0.0,1000.0,1000.0,0.0
1773949255.676,51.0,5.0,341.0,0,1.7200000286102295,0.0,1000.0,1000.0,0.0
1773949255.676,51.0,5.0,341.0,0,1.7200000286102295,0.0,1000.0,1000.0,0.0
1773949256.258,51.0,5.0,344.0,0,1.659999966621399,0.0,1000.0,1000.0,0.0
1773949256.718,51.0,5.0,334.0,0,1.8200000524520874,0.0,1000.0,1000.0,0.0
1773949256.718,51.0,5.0,334.0,0,1.8200000524520874,0.0,1000.0,1000.0,0.0
1773949257.2,51.0,5.0,313.0,0,1.4600000381469727,0.0,1000.0,1000.0,0.0
1773949257.2,51.0,5.0,313.0,0,1.4600000381469727,0.0,1000.0,1000.0,0.0
1773949257.711,51.0,5.0,291.0,0,0.47999998927116394,0.0,1000.0,1000.0,0.0
1773949257.711,51.0,5.0,291.0,0,0.47999998927116394,0.0,1000.0,1000.0,0.0
1773949257.711,51.0,5.0,291.0,0,0.47999998927116394,0.0,1000.0,1000.0,0.0
1773949258.354,51.0,5.0,281.0,0,0.0,0.0,1000.0,1000.0,0.0
1773949258.354,51.0,5.0,281.0,0,0.0,0.0,1000.0,1000.0,0.0
1773949258.819,52.0,5.0,277.0,0,0.0,0.0,1000.0,1000.0,0.0
1773949258.819,52.0,5.0,277.0,0,0.0,0.0,1000.0,1000.0,0.0
1773949259.31,52.0,5.0,276.0,0,0.0,0.0,1000.0,1000.0,0.0
1773949259.31,52.0,5.0,276.0,0,0.0,0.0,1000.0,1000.0,0.0
1773949259.834,52.0,5.0,276.0,0,0.0,0.0,1000.0,1000.0,0.0
