x,y,z,t
2.072999954223633,6.828999996185303,15.305000305175781,1776885834.276
2.072999954223633,6.828999996185303,15.305000305175781,1776885834.29
2.072999954223633,6.828999996185303,15.305000305175781,1776885834.316
2.072999954223633,6.828999996185303,15.305000305175781,1776885834.33
-41.88999938964844,-23.292999267578125,-7.683000087738037,1776885834.356
-7.072999954223633,1.8289999961853027,-1.2799999713897705,1776885835.276
-7.072999954223633,1.8289999961853027,-1.2799999713897705,1776885835.29
-7.072999954223633,1.8289999961853027,-1.2799999713897705,1776885835.317
-7.01200008392334,-3.5980000495910645,-5.427000045776367,1776885835.33
5.671000003814697,0.7319999933242798,-3.5980000495910645,1776885835.356
-0.061000000685453415,0.3050000071525574,-1.5240000486373901,1776885837.77
0.0,0.3050000071525574,-1.5240000486373901,1776885837.796
0.0,0.3050000071525574,-1.5240000486373901,1776885837.81
0.0,0.3050000071525574,-1.5850000381469727,1776885837.837
0.0,0.18299999833106995,-1.4630000591278076,1776885837.85
-0.9760000109672546,-14.02400016784668,1.0980000495910645,1776885838.79
3.109999895095825,-0.9150000214576721,0.5490000247955322,1776885838.816
0.061000000685453415,0.24400000274181366,-2.621999979019165,1776885838.832
0.0,0.7319999933242798,-1.4630000591278076,1776885838.858
0.5490000247955322,0.12200000137090683,-2.01200008392334,1776885838.87
0.0,0.24400000274181366,-1.5850000381469727,1776885840.29
0.0,0.3050000071525574,-1.5240000486373901,1776885840.318
0.0,0.3050000071525574,-1.6460000276565552,1776885840.33
0.12200000137090683,0.24400000274181366,-1.5240000486373901,1776885840.356
-0.061000000685453415,0.24400000274181366,-1.5240000486373901,1776885840.37
0.0,0.4269999861717224,-1.5850000381469727,1776885841.79
0.061000000685453415,0.3050000071525574,-1.5240000486373901,1776885841.816
-0.061000000685453415,0.18299999833106995,-17.072999954223633,1776885841.86
-0.061000000685453415,0.3659999966621399,-1.5850000381469727,1776885841.871
0.0,0.24400000274181366,-1.4019999504089355,1776885841.881
0.061000000685453415,0.4269999861717224,-1.5240000486373901,1776885842.796
0.0,0.24400000274181366,-1.5850000381469727,1776885842.811
0.0,0.24400000274181366,-1.5850000381469727,1776885842.838
0.0,0.24400000274181366,-1.5240000486373901,1776885842.85
0.0,0.3050000071525574,-1.4630000591278076,1776885842.878
-0.061000000685453415,0.24400000274181366,-1.5240000486373901,1776885843.296
0.0,0.3659999966621399,-1.5240000486373901,1776885843.31
-0.061000000685453415,0.24400000274181366,-1.5240000486373901,1776885843.338
0.061000000685453415,0.3050000071525574,-1.5850000381469727,1776885843.352
0.061000000685453415,0.3050000071525574,-1.4630000591278076,1776885843.378
-0.061000000685453415,0.3050000071525574,-1.5240000486373901,1776885844.79
0.061000000685453415,0.24400000274181366,-1.5240000486373901,1776885844.816
0.0,0.24400000274181366,-1.4630000591278076,1776885844.83
0.0,0.24400000274181366,-1.5850000381469727,1776885844.856
0.0,0.3050000071525574,-1.5850000381469727,1776885844.87
0.12200000137090683,0.3050000071525574,-1.5240000486373901,1776885845.75
0.0,0.3659999966621399,-1.340999960899353,1776885845.776
-0.061000000685453415,0.24400000274181366,-1.4630000591278076,1776885845.79
0.061000000685453415,0.18299999833106995,-1.4630000591278076,1776885845.817
0.0,0.24400000274181366,-1.5850000381469727,1776885845.886
0.0,0.24400000274181366,-1.5240000486373901,1776885846.816
0.0,0.3659999966621399,-1.5850000381469727,1776885846.831
-0.061000000685453415,0.3050000071525574,-1.4630000591278076,1776885846.857
0.0,0.24400000274181366,-1.5240000486373901,1776885846.87
0.0,0.24400000274181366,-1.5240000486373901,1776885846.897
0.061000000685453415,0.18299999833106995,-1.5240000486373901,1776885847.81
0.061000000685453415,0.3659999966621399,-1.340999960899353,1776885847.863
0.061000000685453415,0.3050000071525574,-1.6460000276565552,1776885847.873
0.0,0.18299999833106995,-1.4630000591278076,1776885847.884
0.0,0.3050000071525574,-1.5850000381469727,1776885847.895
0.0,0.3050000071525574,-1.5240000486373901,1776885848.81
0.0,0.24400000274181366,-1.5850000381469727,1776885848.842
0.061000000685453415,0.3050000071525574,-1.4630000591278076,1776885848.853
0.0,0.3050000071525574,-1.5240000486373901,1776885848.87
0.061000000685453415,0.3050000071525574,-1.4630000591278076,1776885848.896
0.0,0.24400000274181366,-1.4630000591278076,1776885849.81
-0.061000000685453415,0.24400000274181366,-1.5240000486373901,1776885849.861
0.0,0.4269999861717224,-1.4630000591278076,1776885849.871
0.12200000137090683,0.3050000071525574,-1.4630000591278076,1776885849.882
0.061000000685453415,0.3050000071525574,-1.5240000486373901,1776885849.892
0.0,0.3050000071525574,-1.5850000381469727,1776885851.81
0.0,0.3050000071525574,-1.5850000381469727,1776885851.859
0.0,0.3050000071525574,-1.5850000381469727,1776885851.87
0.061000000685453415,0.3050000071525574,-1.5240000486373901,1776885851.88
0.061000000685453415,0.24400000274181366,-1.5240000486373901,1776885851.891
0.0,0.24400000274181366,-1.5240000486373901,1776885857.862
0.061000000685453415,0.3050000071525574,-1.5850000381469727,1776885857.873
0.061000000685453415,0.3050000071525574,-1.6460000276565552,1776885857.883
-0.061000000685453415,0.3659999966621399,-1.5240000486373901,1776885857.894
0.0,0.3659999966621399,-1.4630000591278076,1776885857.91
0.0,0.3050000071525574,-1.5240000486373901,1776885859.331
0.061000000685453415,0.24400000274181366,-1.5240000486373901,1776885859.356
0.061000000685453415,0.24400000274181366,-1.5240000486373901,1776885859.37
0.061000000685453415,0.3050000071525574,-1.4630000591278076,1776885859.398
-0.061000000685453415,0.24400000274181366,-1.4630000591278076,1776885859.41
-0.061000000685453415,0.3659999966621399,-1.5240000486373901,1776885860.356
0.12200000137090683,0.3050000071525574,-1.4630000591278076,1776885860.37
0.0,0.18299999833106995,-1.340999960899353,1776885860.396
0.0,0.3050000071525574,-1.5240000486373901,1776885860.41
0.0,0.3050000071525574,-1.4630000591278076,1776885860.436
0.0,0.18299999833106995,-1.5240000486373901,1776885861.883
0.0,0.24400000274181366,-1.4630000591278076,1776885861.895
0.0,0.24400000274181366,-1.5850000381469727,1776885861.905
0.061000000685453415,0.24400000274181366,-1.5240000486373901,1776885861.916
0.0,0.18299999833106995,-1.4630000591278076,1776885861.93
0.0,0.3050000071525574,-1.5240000486373901,1776885863.359
0.0,0.24400000274181366,-1.5850000381469727,1776885863.371
0.0,0.24400000274181366,-1.4630000591278076,1776885863.399
0.061000000685453415,0.18299999833106995,-1.4630000591278076,1776885863.411
0.061000000685453415,0.3659999966621399,-1.4630000591278076,1776885863.437
-0.061000000685453415,0.18299999833106995,-1.4630000591278076,1776885864.856
0.061000000685453415,0.4269999861717224,-1.5240000486373901,1776885864.87
0.0,0.24400000274181366,-1.5850000381469727,1776885864.896
0.0,0.24400000274181366,-1.5240000486373901,1776885864.911
0.0,0.3050000071525574,-1.5850000381469727,1776885864.936
0.0,0.24400000274181366,-1.4630000591278076,1776885875.031
0.061000000685453415,0.3659999966621399,-1.5850000381469727,1776885875.057
0.0,0.24400000274181366,-1.5850000381469727,1776885875.071
0.12200000137090683,0.24400000274181366,-1.5240000486373901,1776885875.097
0.0,0.3050000071525574,-1.5240000486373901,1776885875.111
0.0,0.24400000274181366,-1.4630000591278076,1776885881.519
-0.12200000137090683,0.3050000071525574,-1.5850000381469727,1776885881.531
-0.12200000137090683,0.3050000071525574,-1.5850000381469727,1776885881.56
-0.12200000137090683,0.3050000071525574,-1.5850000381469727,1776885881.571
0.061000000685453415,0.24400000274181366,-1.5240000486373901,1776885881.606
3.7200000286102295,-8.47599983215332,-3.7200000286102295,1776885882.717
0.0,-7.439000129699707,-5.183000087738037,1776885882.746
-2.74399995803833,0.061000000685453415,-0.6100000143051147,1776885882.759
1.6460000276565552,0.9150000214576721,-1.7680000066757202,1776885882.771
2.927000045776367,4.877999782562256,-3.4760000705718994,1776885882.797
0.12200000137090683,0.24400000274181366,-1.5240000486373901,1776885883.718
0.12200000137090683,0.3659999966621399,-1.4630000591278076,1776885883.731
0.0,0.24400000274181366,-1.5240000486373901,1776885883.757
0.12200000137090683,0.24400000274181366,-1.5850000381469727,1776885883.771
0.0,0.3050000071525574,-1.4630000591278076,1776885883.798
0.061000000685453415,0.3659999966621399,-1.4630000591278076,1776885884.14
0.0,0.24400000274181366,-1.4630000591278076,1776885884.151
0.0,0.24400000274181366,-1.4630000591278076,1776885884.177
0.0,0.24400000274181366,-1.4630000591278076,1776885884.191
0.0,0.24400000274181366,-1.5850000381469727,1776885884.217
0.0,0.24400000274181366,-1.4630000591278076,1776885885.22
0.0,0.24400000274181366,-1.4630000591278076,1776885885.231
0.0,0.18299999833106995,-1.4630000591278076,1776885885.257
0.061000000685453415,0.24400000274181366,-1.4630000591278076,1776885885.273
0.0,0.3050000071525574,-1.5240000486373901,1776885885.293
0.0,0.3050000071525574,-1.4630000591278076,1776885885.731
0.0,0.3050000071525574,-1.5240000486373901,1776885885.757
0.0,0.3050000071525574,-1.4630000591278076,1776885885.771
0.0,0.3050000071525574,-1.4630000591278076,1776885885.8
0.0,0.3050000071525574,-1.4630000591278076,1776885885.811
0.061000000685453415,0.24400000274181366,-1.5240000486373901,1776885886.157
0.0,0.3659999966621399,-1.5240000486373901,1776885886.171
0.061000000685453415,0.24400000274181366,-1.5240000486373901,1776885886.199
0.0,0.3050000071525574,-1.5240000486373901,1776885886.211
0.061000000685453415,0.3050000071525574,-1.4630000591278076,1776885886.237
0.061000000685453415,0.3050000071525574,-1.5850000381469727,1776885886.731
0.0,0.12200000137090683,-1.5240000486373901,1776885886.757
0.061000000685453415,0.24400000274181366,14.085000038146973,1776885886.771
0.0,0.12200000137090683,-1.5240000486373901,1776885886.798
0.061000000685453415,0.3659999966621399,-1.5850000381469727,1776885886.811
0.061000000685453415,0.24400000274181366,-1.4630000591278076,1776885887.251
0.0,0.3050000071525574,-1.5850000381469727,1776885887.279
0.061000000685453415,0.24400000274181366,-17.072999954223633,1776885887.291
0.061000000685453415,0.3050000071525574,-1.5850000381469727,1776885887.32
0.061000000685453415,0.3659999966621399,-1.5240000486373901,1776885887.332
0.061000000685453415,0.18299999833106995,-1.4630000591278076,1776885888.231
0.061000000685453415,0.3050000071525574,-1.5850000381469727,1776885888.257
-0.061000000685453415,0.24400000274181366,-1.5240000486373901,1776885888.31
0.0,0.24400000274181366,-1.5850000381469727,1776885888.321
-0.061000000685453415,0.3050000071525574,-1.5850000381469727,1776885888.332
0.061000000685453415,0.24400000274181366,-1.5850000381469727,1776885888.751
0.0,0.18299999833106995,-1.5240000486373901,1776885888.777
0.0,0.3050000071525574,-1.5850000381469727,1776885888.792
0.0,0.18299999833106995,-1.5240000486373901,1776885888.814
0.061000000685453415,0.3659999966621399,-1.5240000486373901,1776885888.839
0.061000000685453415,0.3659999966621399,-1.5240000486373901,1776885889.252
0.061000000685453415,0.3050000071525574,-1.5240000486373901,1776885889.279
0.0,0.24400000274181366,-1.5240000486373901,1776885889.291
0.0,0.3050000071525574,-1.5240000486373901,1776885889.317
0.0,0.18299999833106995,-1.5850000381469727,1776885889.331
0.061000000685453415,0.24400000274181366,-1.5850000381469727,1776885889.751
0.0,0.3050000071525574,-1.5240000486373901,1776885889.777
0.0,0.24400000274181366,-1.5240000486373901,1776885889.791
0.0,0.3050000071525574,-1.4630000591278076,1776885889.817
0.0,0.3659999966621399,-1.5850000381469727,1776885889.831
0.061000000685453415,0.18299999833106995,-1.5850000381469727,1776885890.171
0.0,0.18299999833106995,-1.6460000276565552,1776885890.197
0.061000000685453415,0.3050000071525574,-1.5240000486373901,1776885890.211
0.061000000685453415,0.18299999833106995,-1.5240000486373901,1776885890.239
0.0,0.3050000071525574,-1.5850000381469727,1776885890.251
0.0,0.3050000071525574,-1.4630000591278076,1776885892.777
0.0,0.3050000071525574,-1.4630000591278076,1776885892.791
0.061000000685453415,0.3659999966621399,-1.5240000486373901,1776885892.817
0.0,0.24400000274181366,-1.4630000591278076,1776885892.831
-0.061000000685453415,0.24400000274181366,-1.5850000381469727,1776885892.857
0.0,0.18299999833106995,-1.5850000381469727,1776885893.271
0.0,0.3050000071525574,-1.4630000591278076,1776885893.297
0.12200000137090683,0.24400000274181366,-1.5240000486373901,1776885893.311
0.0,0.24400000274181366,-1.5850000381469727,1776885893.338
0.0,0.3659999966621399,-1.4630000591278076,1776885893.351
0.12200000137090683,0.3050000071525574,-1.5240000486373901,1776885893.772
0.12200000137090683,0.24400000274181366,-1.5240000486373901,1776885893.791
0.12200000137090683,0.24400000274181366,-1.5240000486373901,1776885893.812
0.12200000137090683,0.24400000274181366,-1.5240000486373901,1776885893.839
0.061000000685453415,0.3659999966621399,-1.4630000591278076,1776885893.851
0.061000000685453415,0.3659999966621399,-1.4630000591278076,1776885894.271
0.061000000685453415,0.3050000071525574,-1.5240000486373901,1776885894.304
0.12200000137090683,0.3050000071525574,-1.4630000591278076,1776885894.321
0.061000000685453415,0.24400000274181366,-1.4630000591278076,1776885894.332
0.061000000685453415,0.24400000274181366,-1.5850000381469727,1776885894.358
-0.4880000054836273,2.01200008392334,-2.621999979019165,1776885894.778
3.4760000705718994,16.82900047302246,4.695000171661377,1776885894.791
-4.939000129699707,2.5,0.7929999828338623,1776885894.817
-4.939000129699707,2.5,0.7929999828338623,1776885894.831
-4.939000129699707,2.5,0.7929999828338623,1776885894.857
40.487998962402344,41.52399826049805,22.072999954223633,1776885895.777
47.25600051879883,58.231998443603516,20.365999221801758,1776885895.792
-6.76800012588501,-10.670999526977539,1.7680000066757202,1776885895.818
6.0980000495910645,-16.645999908447266,-12.866000175476074,1776885895.831
4.328999996185303,-1.5850000381469727,-1.8289999961853027,1776885895.857
3.3540000915527344,-4.451000213623047,-6.4629998207092285,1776885896.271
-3.4149999618530273,-5.304999828338623,-2.194999933242798,1776885896.298
0.4269999861717224,7.804999828338623,2.194999933242798,1776885896.311
-0.6710000038146973,0.4880000054836273,1.6460000276565552,1776885896.337
-5.671000003814697,2.5,-1.8289999961853027,1776885896.351
2.621999979019165,-2.01200008392334,-4.451000213623047,1776885896.778
-1.2200000286102295,-1.0369999408721924,-2.316999912261963,1776885896.791
-0.24400000274181366,4.389999866485596,4.145999908447266,1776885896.819
2.805000066757202,-2.683000087738037,0.7319999933242798,1776885896.831
-1.159000039100647,-4.085000038146973,0.9150000214576721,1776885896.853
0.061000000685453415,0.3050000071525574,-1.5850000381469727,1776885898.791
0.061000000685453415,0.24400000274181366,-1.4630000591278076,1776885898.817
0.061000000685453415,0.3050000071525574,-1.4630000591278076,1776885898.831
0.0,0.3659999966621399,-1.4630000591278076,1776885898.857
0.0,0.3050000071525574,-1.5240000486373901,1776885898.871
0.0,0.3659999966621399,-1.5240000486373901,1776885899.291
0.061000000685453415,0.24400000274181366,-1.5240000486373901,1776885899.312
0.061000000685453415,0.24400000274181366,-1.4630000591278076,1776885899.337
-0.061000000685453415,0.3050000071525574,-1.5850000381469727,1776885899.351
0.0,0.3050000071525574,-1.5240000486373901,1776885899.377
0.0,0.24400000274181366,-1.4630000591278076,1776885899.792
0.0,0.3050000071525574,-1.5240000486373901,1776885899.817
0.0,0.3659999966621399,-1.5240000486373901,1776885899.831
0.061000000685453415,0.3659999966621399,-1.4019999504089355,1776885899.857
0.0,0.3050000071525574,-1.5850000381469727,1776885899.871
0.0,0.24400000274181366,-1.4630000591278076,1776885900.291
-0.12200000137090683,0.3050000071525574,14.085000038146973,1776885900.318
0.061000000685453415,0.3050000071525574,-1.5240000486373901,1776885900.331
-0.061000000685453415,0.3050000071525574,-1.4630000591278076,1776885900.357
0.061000000685453415,0.24400000274181366,-1.5240000486373901,1776885900.371
0.0,0.3050000071525574,-1.4630000591278076,1776885900.791
0.061000000685453415,0.3659999966621399,-1.5240000486373901,1776885900.817
0.061000000685453415,0.18299999833106995,-1.5240000486373901,1776885900.831
0.0,0.24400000274181366,-1.5240000486373901,1776885900.857
0.061000000685453415,0.24400000274181366,-1.5240000486373901,1776885900.872
-2.194999933242798,-0.3659999966621399,1.159000039100647,1776885901.297
1.4019999504089355,-2.134000062942505,3.8410000801086426,1776885901.311
-1.4630000591278076,16.82900047302246,2.98799991607666,1776885901.337
0.7929999828338623,-0.7929999828338623,-2.316999912261963,1776885901.352
-0.4269999861717224,-0.3659999966621399,-0.4880000054836273,1776885901.378
4.085000038146973,6.341000080108643,34.512001037597656,1776885901.798
-5.427000045776367,0.12200000137090683,27.743999481201172,1776885901.812
3.6589999198913574,-0.4880000054836273,31.280000686645508,1776885901.839
-0.061000000685453415,0.6100000143051147,39.87799835205078,1776885901.851
-6.951000213623047,-3.7799999713897705,30.243999481201172,1776885901.879
21.82900047302246,3.1710000038146973,20.73200035095215,1776885902.291
20.0,10.914999961853027,38.902000427246094,1776885902.318
-19.69499969482422,-6.0980000495910645,26.951000213623047,1776885902.331
25.97599983215332,4.26800012588501,32.37799835205078,1776885902.358
10.244000434875488,10.060999870300293,49.45100021362305,1776885902.371
-7.195000171661377,4.02400016784668,40.12200164794922,1776885902.799
-7.01200008392334,-13.293000221252441,28.17099952697754,1776885902.811
22.19499969482422,16.159000396728516,31.159000396728516,1776885902.838
-27.5,-12.194999694824219,41.52399826049805,1776885902.851
-0.6100000143051147,-8.47599983215332,32.43899917602539,1776885902.879
20.30500030517578,9.02400016784668,29.816999435424805,1776885903.292
13.048999786376953,6.341000080108643,39.207000732421875,1776885903.318
-8.414999961853027,-4.085000038146973,37.68299865722656,1776885903.331
24.511999130249023,9.633999824523926,32.86600112915039,1776885903.352
5.0,9.267999649047852,42.5,1776885903.378
6.828999996185303,-3.2929999828338623,30.915000915527344,1776885903.791
27.80500030517578,9.51200008392334,38.04899978637695,1776885903.817
-24.572999954223633,-13.048999786376953,36.707000732421875,1776885903.831
14.451000213623047,9.206999778747559,43.17100143432617,1776885903.858
4.572999954223633,9.145999908447266,38.597999572753906,1776885903.871
-0.18299999833106995,0.7319999933242798,-0.3659999966621399,1776885904.817
-0.9150000214576721,-0.18299999833106995,-4.328999996185303,1776885904.831
1.159000039100647,0.5490000247955322,-4.939000129699707,1776885904.857
-1.0369999408721924,0.12200000137090683,-0.9760000109672546,1776885904.872
0.24400000274181366,0.18299999833106995,-2.316999912261963,1776885904.898
0.0,0.24400000274181366,-1.340999960899353,1776885905.318
0.0,0.18299999833106995,-1.5240000486373901,1776885905.332
0.061000000685453415,0.3050000071525574,-1.4630000591278076,1776885905.359
-0.061000000685453415,0.18299999833106995,-1.5240000486373901,1776885905.372
-0.061000000685453415,0.3659999966621399,-1.4630000591278076,1776885905.392
0.12200000137090683,0.24400000274181366,-1.4019999504089355,1776885905.811
0.0,0.3050000071525574,-1.5240000486373901,1776885905.838
0.061000000685453415,0.24400000274181366,-1.5850000381469727,1776885905.852
0.061000000685453415,0.3050000071525574,-1.4019999504089355,1776885905.877
0.0,0.3659999966621399,-1.5240000486373901,1776885905.891
0.061000000685453415,0.24400000274181366,-1.4630000591278076,1776885906.311
-0.061000000685453415,0.3050000071525574,-1.5850000381469727,1776885906.337
0.0,0.3050000071525574,-1.5240000486373901,1776885906.352
0.061000000685453415,0.18299999833106995,-1.4630000591278076,1776885906.377
0.061000000685453415,0.3050000071525574,-1.5240000486373901,1776885906.392
0.0,0.3050000071525574,-1.4630000591278076,1776885906.818
0.12200000137090683,0.3050000071525574,-1.5850000381469727,1776885906.832
0.0,0.3050000071525574,-1.5240000486373901,1776885906.858
0.12200000137090683,0.3050000071525574,-1.5240000486373901,1776885906.871
0.0,0.3659999966621399,-1.5240000486373901,1776885906.897
-0.061000000685453415,0.24400000274181366,-17.072999954223633,1776885907.312
-0.061000000685453415,0.24400000274181366,-17.072999954223633,1776885907.338
-0.061000000685453415,0.3050000071525574,-1.5240000486373901,1776885907.351
-0.061000000685453415,0.3050000071525574,-1.4630000591278076,1776885907.377
0.061000000685453415,0.12200000137090683,-1.5240000486373901,1776885907.392
0.0,0.3050000071525574,-1.4630000591278076,1776885907.817
0.061000000685453415,0.18299999833106995,-1.5240000486373901,1776885907.832
0.061000000685453415,0.3659999966621399,-1.5240000486373901,1776885907.858
0.061000000685453415,0.3050000071525574,-1.5240000486373901,1776885907.872
0.0,0.3659999966621399,-1.5240000486373901,1776885907.899
-3.3540000915527344,-3.5980000495910645,-67.13400268554688,1776885908.817
3.4760000705718994,-3.2320001125335693,-28.23200035095215,1776885908.832
-0.9150000214576721,-4.939000129699707,-61.95100021362305,1776885908.858
-7.622000217437744,9.206999778747559,-37.012001037597656,1776885908.872
2.134000062942505,-8.048999786376953,-56.402000427246094,1776885908.9
-5.304999828338623,0.3659999966621399,-30.427000045776367,1776885909.838
-9.694999694824219,1.4630000591278076,-67.25599670410156,1776885909.852
10.48799991607666,-3.7200000286102295,-27.865999221801758,1776885909.873
3.2320001125335693,-5.793000221252441,-57.13399887084961,1776885909.899
-4.816999912261963,4.389999866485596,-37.25600051879883,1776885909.912
0.8539999723434448,4.51200008392334,-8.536999702453613,1776885910.312
-4.695000171661377,-7.560999870300293,-37.43899917602539,1776885910.339
-2.01200008392334,9.145999908447266,18.292999267578125,1776885910.352
-2.01200008392334,9.145999908447266,18.292999267578125,1776885910.378
-2.01200008392334,9.145999908447266,18.292999267578125,1776885910.392
0.061000000685453415,0.24400000274181366,-1.5240000486373901,1776885911.338
-0.061000000685453415,0.24400000274181366,-1.4630000591278076,1776885911.352
0.0,0.3050000071525574,-1.5240000486373901,1776885911.377
0.061000000685453415,0.3659999966621399,-1.4630000591278076,1776885911.392
0.0,0.24400000274181366,-1.5240000486373901,1776885911.418
0.0,0.24400000274181366,-1.4630000591278076,1776885911.817
0.12200000137090683,0.18299999833106995,-1.5240000486373901,1776885911.837
0.12200000137090683,0.24400000274181366,-1.5240000486373901,1776885911.852
0.0,0.3050000071525574,-1.5240000486373901,1776885911.878
0.0,0.24400000274181366,-1.5850000381469727,1776885911.892
0.0,0.12200000137090683,-1.4019999504089355,1776885912.337
0.12200000137090683,0.18299999833106995,-1.4630000591278076,1776885912.352
0.061000000685453415,0.3659999966621399,-1.5850000381469727,1776885912.373
0.061000000685453415,0.3050000071525574,-1.5850000381469727,1776885912.399
0.0,0.3050000071525574,-1.4630000591278076,1776885912.412
0.061000000685453415,0.3659999966621399,-1.4630000591278076,1776885912.832
0.061000000685453415,0.24400000274181366,-1.4630000591278076,1776885912.857
0.0,0.3050000071525574,-1.7680000066757202,1776885912.872
0.061000000685453415,0.24400000274181366,-1.6460000276565552,1776885912.904
-0.12200000137090683,0.061000000685453415,-2.561000108718872,1776885912.914
-0.9150000214576721,3.2929999828338623,-15.732000350952148,1776885913.34
0.6710000038146973,-0.8539999723434448,-20.97599983215332,1776885913.352
-3.5369999408721924,2.194999933242798,-22.256000518798828,1776885913.378
3.4760000705718994,1.8899999856948853,-21.52400016784668,1776885913.392
2.072999954223633,2.5,-24.02400016784668,1776885913.418
-0.24400000274181366,-2.805000066757202,-62.13399887084961,1776885914.338
9.755999565124512,-3.6589999198913574,-26.645999908447266,1776885914.352
-3.5369999408721924,0.7929999828338623,-68.53700256347656,1776885914.378
1.5240000486373901,0.8539999723434448,-19.756000518798828,1776885914.392
-0.18299999833106995,3.5369999408721924,-23.659000396728516,1776885914.418
-0.24400000274181366,5.0,-71.95099639892578,1776885914.832
-0.24400000274181366,-4.389999866485596,-22.683000564575195,1776885914.858
-0.9760000109672546,-0.7929999828338623,-62.926998138427734,1776885914.872
-3.9019999504089355,0.3659999966621399,-35.12200164794922,1776885914.898
0.6710000038146973,-6.889999866485596,-54.45100021362305,1776885914.912
-6.52400016784668,-1.7680000066757202,-54.268001556396484,1776885915.332
-2.438999891281128,-2.072999954223633,-39.512001037597656,1776885915.358
-5.48799991607666,8.414999961853027,-69.26799774169922,1776885915.378
7.804999828338623,0.24400000274181366,-29.69499969482422,1776885915.392
7.560999870300293,-1.5850000381469727,-44.69499969482422,1776885915.418
7.560999870300293,7.316999912261963,-23.659000396728516,1776885915.832
-10.182999610900879,6.21999979019165,-62.74399948120117,1776885915.858
6.0370001792907715,5.304999828338623,-26.46299934387207,1776885915.872
10.182999610900879,-9.02400016784668,-39.63399887084961,1776885915.897
-4.75600004196167,0.6100000143051147,-26.951000213623047,1776885915.912
-14.939000129699707,1.6460000276565552,-26.889999389648438,1776885916.338
-3.1710000038146973,-3.4149999618530273,-62.86600112915039,1776885916.352
0.8539999723434448,1.8899999856948853,-28.110000610351562,1776885916.378
-5.427000045776367,-1.2200000286102295,-42.80500030517578,1776885916.392
-5.24399995803833,-1.5850000381469727,-63.292999267578125,1776885916.419
6.4019999504089355,-5.122000217437744,-18.23200035095215,1776885917.352
-6.4019999504089355,-4.451000213623047,-62.74399948120117,1776885917.378
-0.061000000685453415,0.9760000109672546,-33.720001220703125,1776885917.392
7.377999782562256,3.4760000705718994,-26.584999084472656,1776885917.418
-6.4629998207092285,8.963000297546387,-58.17100143432617,1776885917.432
-11.645999908447266,1.0980000495910645,-62.86600112915039,1776885917.832
-5.73199987411499,-8.536999702453613,-22.621999740600586,1776885917.858
-6.645999908447266,-9.572999954223633,-31.03700065612793,1776885917.873
-7.683000087738037,4.633999824523926,11.645999908447266,1776885917.9
1.8289999961853027,-2.134000062942505,19.207000732421875,1776885917.912
-0.12200000137090683,0.18299999833106995,-1.7070000171661377,1776885918.352
0.18299999833106995,0.3659999966621399,-1.4019999504089355,1776885918.377
0.18299999833106995,0.3050000071525574,-1.340999960899353,1776885918.392
-0.12200000137090683,0.18299999833106995,-1.7070000171661377,1776885918.421
-0.12200000137090683,0.18299999833106995,-1.5850000381469727,1776885918.432
0.061000000685453415,0.3659999966621399,-1.4630000591278076,1776885918.858
0.0,0.3050000071525574,-1.4630000591278076,1776885918.872
0.0,0.3659999966621399,-1.5850000381469727,1776885918.905
0.0,0.24400000274181366,-1.4630000591278076,1776885918.915
0.0,0.3659999966621399,-1.4630000591278076,1776885918.932
0.0,0.3050000071525574,-1.4630000591278076,1776885919.352
0.061000000685453415,0.3050000071525574,-1.5850000381469727,1776885919.378
0.0,0.24400000274181366,-1.4630000591278076,1776885919.392
0.0,0.3659999966621399,-1.5240000486373901,1776885919.419
0.061000000685453415,0.24400000274181366,-1.5240000486373901,1776885919.432
0.0,0.24400000274181366,-1.5240000486373901,1776885919.858
0.061000000685453415,0.24400000274181366,-1.4630000591278076,1776885919.872
0.0,0.3050000071525574,-1.5240000486373901,1776885919.898
0.061000000685453415,0.24400000274181366,-1.5850000381469727,1776885919.912
0.0,0.18299999833106995,-1.4630000591278076,1776885919.938
0.061000000685453415,0.24400000274181366,-1.5240000486373901,1776885920.352
0.061000000685453415,0.3050000071525574,-1.5240000486373901,1776885920.378
0.0,0.24400000274181366,-1.4630000591278076,1776885920.392
0.0,0.24400000274181366,-1.4630000591278076,1776885920.418
0.0,0.18299999833106995,-1.4630000591278076,1776885920.432
-0.061000000685453415,0.18299999833106995,-1.5850000381469727,1776885920.852
-0.061000000685453415,0.3050000071525574,-1.5240000486373901,1776885920.881
0.0,0.3050000071525574,-1.5240000486373901,1776885920.892
0.061000000685453415,0.3050000071525574,-1.4630000591278076,1776885920.918
0.0,0.24400000274181366,-1.5240000486373901,1776885920.932
0.0,0.24400000274181366,-1.5240000486373901,1776885921.358
0.0,0.24400000274181366,-1.4630000591278076,1776885921.372
0.061000000685453415,0.3050000071525574,-1.4630000591278076,1776885921.4
0.061000000685453415,0.3050000071525574,-1.6460000276565552,1776885921.412
0.061000000685453415,0.24400000274181366,14.085000038146973,1776885921.44
-0.12200000137090683,0.3659999966621399,-0.3659999966621399,1776885921.872
-1.7680000066757202,1.7070000171661377,4.328999996185303,1776885921.898
0.5490000247955322,-0.4269999861717224,5.183000087738037,1776885921.912
1.7070000171661377,0.12200000137090683,-1.9509999752044678,1776885921.938
-2.927000045776367,-0.7319999933242798,4.085000038146973,1776885921.952
-11.645999908447266,-3.1710000038146973,23.415000915527344,1776885922.352
20.610000610351562,9.085000038146973,24.451000213623047,1776885922.38
-19.816999435424805,-20.06100082397461,23.53700065612793,1776885922.392
-7.377999782562256,-0.7319999933242798,27.378000259399414,1776885922.418
22.011999130249023,5.24399995803833,35.24399948120117,1776885922.432
5.48799991607666,-3.6589999198913574,16.402000427246094,1776885922.872
17.683000564575195,11.890000343322754,21.82900047302246,1776885922.899
-18.110000610351562,-15.914999961853027,17.256000518798828,1776885922.912
10.305000305175781,7.439000129699707,16.645999908447266,1776885922.939
14.390000343322754,6.76800012588501,27.072999954223633,1776885922.952
-22.011999130249023,-11.279999732971191,20.06100082397461,1776885923.372
13.47599983215332,5.060999870300293,9.694999694824219,1776885923.4
-1.7680000066757202,-8.963000297546387,36.279998779296875,1776885923.412
-3.109999895095825,-5.671000003814697,21.280000686645508,1776885923.438
12.439000129699707,4.206999778747559,24.451000213623047,1776885923.452
0.6710000038146973,7.377999782562256,43.597999572753906,1776885923.878
-13.354000091552734,-12.439000129699707,21.46299934387207,1776885923.892
0.6710000038146973,0.3659999966621399,17.072999954223633,1776885923.92
-2.683000087738037,2.927000045776367,44.207000732421875,1776885923.933
-18.659000396728516,-0.5490000247955322,17.316999435424805,1776885923.952
-17.621999740600586,-12.378000259399414,32.926998138427734,1776885924.352
6.645999908447266,1.2799999713897705,32.926998138427734,1776885924.379
16.402000427246094,9.329000473022461,30.243999481201172,1776885924.392
-14.02400016784668,-6.706999778747559,21.402000427246094,1776885924.418
5.854000091552734,-0.061000000685453415,28.17099952697754,1776885924.432
-9.755999565124512,0.9150000214576721,36.95100021362305,1776885924.872
12.378000259399414,-1.4630000591278076,26.52400016784668,1776885924.899
22.683000564575195,12.805000305175781,36.279998779296875,1776885924.913
-16.46299934387207,-5.671000003814697,35.792999267578125,1776885924.94
-19.93899917602539,-13.902000427246094,28.354000091552734,1776885924.952
22.927000045776367,11.159000396728516,24.084999084472656,1776885925.378
-26.645999908447266,-21.097999572753906,29.511999130249023,1776885925.399
0.24400000274181366,1.159000039100647,11.890000343322754,1776885925.412
17.316999435424805,10.305000305175781,19.389999389648438,1776885925.44
-13.232000350952148,-4.939000129699707,29.145999908447266,1776885925.452
-21.280000686645508,-10.244000434875488,41.645999908447266,1776885925.88
-21.280000686645508,-10.244000434875488,41.645999908447266,1776885925.892
-28.110000610351562,-12.621999740600586,16.340999603271484,1776885925.92
26.76799964904785,20.854000091552734,23.53700065612793,1776885925.939
-5.304999828338623,-1.7070000171661377,22.988000869750977,1776885925.952
-13.414999961853027,-6.951000213623047,24.451000213623047,1776885926.373
-3.8410000801086426,3.3540000915527344,71.58499908447266,1776885926.393
-2.01200008392334,3.109999895095825,24.145999908447266,1776885926.419
5.060999870300293,0.8539999723434448,24.389999389648438,1776885926.433
-5.0,-4.633999824523926,33.231998443603516,1776885926.452
0.061000000685453415,0.3050000071525574,-1.5240000486373901,1776885927.38
0.0,0.18299999833106995,-1.4630000591278076,1776885927.395
0.12200000137090683,0.3050000071525574,-1.5850000381469727,1776885927.413
0.061000000685453415,0.3659999966621399,-1.5240000486373901,1776885927.439
0.0,0.24400000274181366,-1.5240000486373901,1776885927.452
-0.3659999966621399,-0.3659999966621399,5.48799991607666,1776885927.892
-0.3659999966621399,-0.3659999966621399,5.48799991607666,1776885927.918
-0.3659999966621399,-0.3659999966621399,5.48799991607666,1776885927.932
-0.24400000274181366,0.3050000071525574,0.9760000109672546,1776885927.958
14.572999954223633,0.3050000071525574,3.5980000495910645,1776885927.973
4.816999912261963,-0.7319999933242798,24.451000213623047,1776885928.373
12.255999565124512,10.609999656677246,46.82899856567383,1776885928.4
-8.170999526977539,-8.170999526977539,23.47599983215332,1776885928.412
12.194999694824219,2.194999933242798,35.30500030517578,1776885928.44
12.194999694824219,2.194999933242798,35.30500030517578,1776885928.452
6.341000080108643,2.134000062942505,31.951000213623047,1776885928.892
18.292999267578125,10.427000045776367,42.62200164794922,1776885928.918
-14.755999565124512,-12.621999740600586,34.084999084472656,1776885928.932
13.293000221252441,4.085000038146973,37.25600051879883,1776885928.961
6.21999979019165,12.317000389099121,42.74399948120117,1776885928.972
-21.340999603271484,-11.463000297546387,41.645999908447266,1776885929.392
-12.5,-6.0980000495910645,27.5,1776885929.418
18.597999572753906,8.109999656677246,46.768001556396484,1776885929.432
18.597999572753906,8.109999656677246,46.768001556396484,1776885929.458
18.597999572753906,8.109999656677246,46.768001556396484,1776885929.472
-1.5240000486373901,-1.0369999408721924,19.207000732421875,1776885929.892
-1.4630000591278076,0.6710000038146973,21.584999084472656,1776885929.919
-0.12200000137090683,2.438999891281128,20.915000915527344,1776885929.932
-2.561000108718872,-0.8539999723434448,18.110000610351562,1776885929.959
-1.0980000495910645,-0.7929999828338623,29.451000213623047,1776885929.972
10.366000175476074,8.597999572753906,41.220001220703125,1776885930.392
-17.56100082397461,-16.280000686645508,42.987998962402344,1776885930.422
15.366000175476074,-1.2200000286102295,22.683000564575195,1776885930.432
2.683000087738037,12.927000045776367,44.145999908447266,1776885930.458
2.683000087738037,12.927000045776367,44.145999908447266,1776885930.472
7.74399995803833,6.645999908447266,3.2929999828338623,1776885930.898
4.328999996185303,2.194999933242798,-9.633999824523926,1776885930.912
-6.828999996185303,0.4880000054836273,-19.145999908447266,1776885930.94
1.0369999408721924,2.316999912261963,7.98799991607666,1776885930.953
0.5490000247955322,0.5490000247955322,8.170999526977539,1776885930.979
-0.061000000685453415,0.3050000071525574,-1.5850000381469727,1776885931.392
0.0,0.3659999966621399,-1.340999960899353,1776885931.418
0.12200000137090683,0.3050000071525574,-1.5240000486373901,1776885931.432
0.12200000137090683,0.3050000071525574,-1.5850000381469727,1776885931.458
0.061000000685453415,0.3659999966621399,-1.4019999504089355,1776885931.472
0.0,0.3050000071525574,-1.4630000591278076,1776885932.399
0.061000000685453415,0.3050000071525574,-1.5850000381469727,1776885932.412
0.061000000685453415,0.3050000071525574,-1.5850000381469727,1776885932.438
0.061000000685453415,0.3050000071525574,-1.4630000591278076,1776885932.452
0.061000000685453415,0.4269999861717224,-1.4630000591278076,1776885932.478
0.061000000685453415,0.3050000071525574,-1.5850000381469727,1776885932.892
0.0,0.24400000274181366,-1.5240000486373901,1776885932.918
0.0,0.3659999966621399,-1.6460000276565552,1776885932.932
0.0,0.24400000274181366,-1.5850000381469727,1776885932.958
0.061000000685453415,0.3050000071525574,-1.5240000486373901,1776885932.977
0.0,0.24400000274181366,-1.5240000486373901,1776885933.401
0.0,0.3050000071525574,-1.5850000381469727,1776885933.412
-0.061000000685453415,0.3050000071525574,-1.5240000486373901,1776885933.44
0.061000000685453415,0.3050000071525574,-1.5240000486373901,1776885933.455
0.12200000137090683,0.18299999833106995,-1.7070000171661377,1776885933.481
-1.5850000381469727,0.12200000137090683,-4.51200008392334,1776885933.918
0.12200000137090683,6.645999908447266,-1.9509999752044678,1776885933.935
-1.5850000381469727,-5.0,1.5850000381469727,1776885933.952
0.7929999828338623,6.951000213623047,0.7319999933242798,1776885933.978
0.5490000247955322,10.0,-0.24400000274181366,1776885933.992
2.621999979019165,1.0980000495910645,-4.939000129699707,1776885934.418
13.840999603271484,-6.951000213623047,1.6460000276565552,1776885934.432
-1.8289999961853027,3.6589999198913574,-2.194999933242798,1776885934.452
-4.02400016784668,-8.293000221252441,13.414999961853027,1776885934.478
4.877999782562256,-8.048999786376953,0.3050000071525574,1776885934.492
-5.73199987411499,-1.5240000486373901,-1.7070000171661377,1776885934.912
1.0980000495910645,2.865999937057495,3.7799999713897705,1776885934.938
5.548999786376953,10.182999610900879,-0.4269999861717224,1776885934.953
-10.793000221252441,-4.328999996185303,0.6100000143051147,1776885934.979
4.572999954223633,6.76800012588501,-0.18299999833106995,1776885934.993
0.4269999861717224,-0.3050000071525574,-2.316999912261963,1776885935.392
-0.061000000685453415,0.6710000038146973,-1.340999960899353,1776885935.42
1.0369999408721924,1.2200000286102295,0.8539999723434448,1776885935.432
-0.12200000137090683,0.061000000685453415,-0.9760000109672546,1776885935.462
-0.7319999933242798,-0.12200000137090683,-2.316999912261963,1776885935.472
0.0,0.24400000274181366,-1.5240000486373901,1776885935.912
0.0,0.3050000071525574,-1.5240000486373901,1776885935.94
0.12200000137090683,0.24400000274181366,-1.5850000381469727,1776885935.952
0.0,0.24400000274181366,-1.4630000591278076,1776885935.978
0.061000000685453415,0.24400000274181366,-1.5240000486373901,1776885935.992
-0.7929999828338623,0.6710000038146973,-6.645999908447266,1776885936.412
-1.4019999504089355,0.18299999833106995,-8.170999526977539,1776885936.44
0.8539999723434448,1.5850000381469727,-7.560999870300293,1776885936.452
-0.7929999828338623,0.4269999861717224,-9.451000213623047,1776885936.479
2.98799991607666,-0.12200000137090683,-6.158999919891357,1776885936.495
-7.377999782562256,0.9150000214576721,-65.6709976196289,1776885937.412
8.414999961853027,0.9760000109672546,-22.865999221801758,1776885937.438
6.951000213623047,-0.4880000054836273,-31.280000686645508,1776885937.456
3.7200000286102295,1.159000039100647,-20.792999267578125,1776885937.472
0.4880000054836273,3.6589999198913574,-14.878000259399414,1776885937.499
-0.5490000247955322,-7.01200008392334,-51.340999603271484,1776885937.912
-1.7680000066757202,5.793000221252441,-50.426998138427734,1776885937.938
5.854000091552734,-2.621999979019165,-20.97599983215332,1776885937.952
-4.451000213623047,-0.3659999966621399,-47.56100082397461,1776885937.979
11.220000267028809,2.316999912261963,-30.792999267578125,1776885937.992
-0.24400000274181366,2.561000108718872,1.0980000495910645,1776885938.418
0.4269999861717224,-0.7319999933242798,-2.072999954223633,1776885938.432
-0.18299999833106995,-1.2799999713897705,-1.7070000171661377,1776885938.458
-0.4269999861717224,1.0980000495910645,-0.7319999933242798,1776885938.472
0.061000000685453415,0.18299999833106995,-1.7680000066757202,1776885938.501
0.061000000685453415,0.24400000274181366,-1.4630000591278076,1776885938.912
0.0,0.3050000071525574,-1.4630000591278076,1776885938.934
-0.061000000685453415,0.24400000274181366,-1.5240000486373901,1776885938.959
0.0,0.24400000274181366,-1.5850000381469727,1776885938.972
0.12200000137090683,0.24400000274181366,14.085000038146973,1776885938.998
0.0,0.3050000071525574,-1.5850000381469727,1776885939.418
0.061000000685453415,0.3050000071525574,-1.5850000381469727,1776885939.432
0.0,0.3050000071525574,-1.5240000486373901,1776885939.458
0.12200000137090683,0.18299999833106995,-1.4630000591278076,1776885939.472
0.12200000137090683,0.24400000274181366,-1.5240000486373901,1776885939.499
0.0,0.3050000071525574,-1.5240000486373901,1776885939.92
-0.061000000685453415,0.24400000274181366,-1.2200000286102295,1776885939.932
0.061000000685453415,0.24400000274181366,-1.5240000486373901,1776885939.96
0.061000000685453415,0.24400000274181366,-1.159000039100647,1776885939.973
-0.061000000685453415,0.18299999833106995,-0.7319999933242798,1776885939.999
-2.74399995803833,3.2320001125335693,6.158999919891357,1776885940.418
1.4019999504089355,-2.25600004196167,4.572999954223633,1776885940.432
-1.4630000591278076,-10.854000091552734,9.633999824523926,1776885940.458
0.4880000054836273,0.3659999966621399,12.072999954223633,1776885940.473
1.8899999856948853,2.072999954223633,8.659000396728516,1776885940.499
-15.060999870300293,-15.854000091552734,28.659000396728516,1776885940.918
15.914999961853027,6.76800012588501,2.621999979019165,1776885940.932
9.51200008392334,3.4760000705718994,10.793000221252441,1776885940.964
-11.036999702453613,-3.4760000705718994,-27.316999435424805,1776885940.975
0.5490000247955322,1.0369999408721924,-0.7319999933242798,1776885941.001
0.24400000274181366,0.3050000071525574,-1.4630000591278076,1776885941.422
0.12200000137090683,0.4880000054836273,-1.7680000066757202,1776885941.432
-0.12200000137090683,0.18299999833106995,-1.2799999713897705,1776885941.459
0.0,0.24400000274181366,-1.5850000381469727,1776885941.472
0.12200000137090683,0.24400000274181366,-1.4630000591278076,1776885941.496
0.0,0.3050000071525574,-1.4630000591278076,1776885941.912
0.061000000685453415,0.24400000274181366,-1.4630000591278076,1776885941.94
0.0,0.24400000274181366,-1.5240000486373901,1776885941.952
0.061000000685453415,0.24400000274181366,-1.5240000486373901,1776885941.981
0.0,0.3050000071525574,-1.5240000486373901,1776885941.995
0.0,0.24400000274181366,-1.5240000486373901,1776885942.425
0.0,0.3050000071525574,-1.5850000381469727,1776885942.436
0.061000000685453415,0.18299999833106995,-1.5850000381469727,1776885942.452
-0.061000000685453415,0.18299999833106995,-1.5240000486373901,1776885942.478
0.0,0.3050000071525574,-1.5240000486373901,1776885942.492
0.0,0.3050000071525574,-1.5240000486373901,1776885942.932
0.0,0.24400000274181366,-1.5850000381469727,1776885942.959
0.061000000685453415,0.3050000071525574,-1.4630000591278076,1776885942.972
0.0,0.3659999966621399,-1.4019999504089355,1776885942.999
0.0,0.3050000071525574,-1.5850000381469727,1776885943.012
1.5850000381469727,10.060999870300293,6.4629998207092285,1776885943.439
-5.366000175476074,-2.438999891281128,3.7799999713897705,1776885943.452
-0.7929999828338623,1.340999960899353,-2.01200008392334,1776885943.479
-2.621999979019165,-0.12200000137090683,-0.18299999833106995,1776885943.493
2.194999933242798,3.5980000495910645,-0.7929999828338623,1776885943.52
-4.085000038146973,3.2929999828338623,0.8539999723434448,1776885943.938
1.0980000495910645,-1.340999960899353,-4.085000038146973,1776885943.952
-5.24399995803833,-0.6710000038146973,-4.389999866485596,1776885943.984
-1.7070000171661377,-6.0980000495910645,0.7319999933242798,1776885944.003
6.28000020980835,13.232000350952148,0.8539999723434448,1776885944.014
-0.061000000685453415,3.2320001125335693,-2.01200008392334,1776885944.434
0.24400000274181366,0.5490000247955322,-1.8289999961853027,1776885944.452
0.7929999828338623,4.816999912261963,-1.0980000495910645,1776885944.478
-2.621999979019165,-3.5980000495910645,-4.816999912261963,1776885944.494
2.25600004196167,-3.2929999828338623,-1.8289999961853027,1776885944.52
-0.061000000685453415,0.18299999833106995,-1.5850000381469727,1776885944.952
-0.061000000685453415,0.18299999833106995,-1.5850000381469727,1776885944.98
-0.061000000685453415,0.18299999833106995,-1.5850000381469727,1776885944.993
-0.061000000685453415,0.18299999833106995,-1.6460000276565552,1776885945.013
-0.061000000685453415,0.3050000071525574,-1.5240000486373901,1776885945.038
0.061000000685453415,0.3050000071525574,-1.5240000486373901,1776885945.439
0.061000000685453415,0.24400000274181366,-1.5850000381469727,1776885945.457
0.0,0.24400000274181366,-1.5850000381469727,1776885945.473
0.12200000137090683,0.3050000071525574,-1.6460000276565552,1776885945.499
0.6710000038146973,0.7929999828338623,-2.621999979019165,1776885945.512
0.12200000137090683,0.3050000071525574,-1.5240000486373901,1776885945.952
0.12200000137090683,0.3050000071525574,-1.5240000486373901,1776885945.979
0.12200000137090683,0.3050000071525574,-1.5240000486373901,1776885945.993
-0.061000000685453415,0.24400000274181366,-1.5240000486373901,1776885946.019
0.12200000137090683,0.3659999966621399,-1.4630000591278076,1776885946.032
-2.683000087738037,-0.6710000038146973,-0.3659999966621399,1776885946.458
3.7799999713897705,2.134000062942505,0.0,1776885946.472
0.3659999966621399,0.18299999833106995,-3.4760000705718994,1776885946.498
1.9509999752044678,1.7680000066757202,-1.7680000066757202,1776885946.512
1.9509999752044678,1.7680000066757202,-1.7680000066757202,1776885946.538
0.6100000143051147,-6.585000038146973,-0.4880000054836273,1776885947.453
6.828999996185303,5.97599983215332,-2.378000020980835,1776885947.478
1.159000039100647,-8.109999656677246,3.5369999408721924,1776885947.492
4.085000038146973,-9.572999954223633,0.5490000247955322,1776885947.52
4.085000038146973,-9.572999954223633,0.5490000247955322,1776885947.536
-0.6710000038146973,-3.7799999713897705,1.5240000486373901,1776885947.953
-3.4760000705718994,6.889999866485596,3.3540000915527344,1776885947.978
4.695000171661377,0.3659999966621399,-4.206999778747559,1776885947.993
1.8289999961853027,5.97599983215332,-2.805000066757202,1776885948.019
-6.4019999504089355,-5.793000221252441,-1.5240000486373901,1776885948.033
-0.6100000143051147,0.5490000247955322,-2.194999933242798,1776885948.453
-0.3050000071525574,0.18299999833106995,-1.5850000381469727,1776885948.478
-0.3659999966621399,0.18299999833106995,-0.5490000247955322,1776885948.495
-0.061000000685453415,0.4880000054836273,-2.134000062942505,1776885948.521
0.3050000071525574,0.3659999966621399,-1.159000039100647,1776885948.533
0.0,0.24400000274181366,-1.4630000591278076,1776885948.953
0.061000000685453415,0.3659999966621399,-1.5240000486373901,1776885948.979
0.0,0.3050000071525574,-1.5240000486373901,1776885948.993
0.0,0.3050000071525574,-1.6460000276565552,1776885949.018
0.061000000685453415,0.3659999966621399,-1.5240000486373901,1776885949.033
0.061000000685453415,0.24400000274181366,-1.5850000381469727,1776885949.453
0.0,0.3050000071525574,-1.5850000381469727,1776885949.473
0.061000000685453415,0.3050000071525574,-1.4630000591278076,1776885949.494
-0.061000000685453415,0.18299999833106995,-1.5850000381469727,1776885949.52
0.12200000137090683,0.3659999966621399,-1.5240000486373901,1776885949.534
-5.548999786376953,-5.122000217437744,21.340999603271484,1776885950.453
2.561000108718872,0.061000000685453415,5.854000091552734,1776885950.479
-2.438999891281128,3.7200000286102295,30.73200035095215,1776885950.493
-6.585000038146973,-8.232000350952148,15.121999740600586,1776885950.521
5.24399995803833,3.9630000591278076,10.182999610900879,1776885950.533
-16.097999572753906,-7.927000045776367,31.159000396728516,1776885950.953
0.18299999833106995,-11.52400016784668,18.048999786376953,1776885950.978
17.988000869750977,18.53700065612793,21.707000732421875,1776885950.993
-19.32900047302246,-4.633999824523926,28.048999786376953,1776885951.018
-12.744000434875488,-9.817000389099121,24.69499969482422,1776885951.033
-0.6100000143051147,0.3659999966621399,-2.561000108718872,1776885951.454
0.12200000137090683,-0.9760000109672546,-0.9760000109672546,1776885951.48
0.18299999833106995,0.7929999828338623,-1.8289999961853027,1776885951.493
0.0,0.6710000038146973,-1.0369999408721924,1776885951.523
0.0,-0.12200000137090683,-1.5850000381469727,1776885951.536
0.0,0.3050000071525574,-1.5240000486373901,1776885951.953
-0.061000000685453415,0.24400000274181366,-1.4630000591278076,1776885951.984
0.0,0.3050000071525574,-1.5240000486373901,1776885951.995
-0.061000000685453415,0.3050000071525574,-1.5240000486373901,1776885952.021
0.0,0.24400000274181366,-1.5240000486373901,1776885952.033
-0.061000000685453415,0.3050000071525574,-1.5240000486373901,1776885952.473
0.061000000685453415,0.24400000274181366,-1.5240000486373901,1776885952.5
0.061000000685453415,0.18299999833106995,-1.6460000276565552,1776885952.513
0.0,0.24400000274181366,-1.4630000591278076,1776885952.538
-0.061000000685453415,0.3050000071525574,-1.5240000486373901,1776885952.553
-0.3050000071525574,-0.4269999861717224,-0.8539999723434448,1776885952.98
0.7319999933242798,0.12200000137090683,-2.683000087738037,1776885952.993
0.0,0.061000000685453415,-1.8899999856948853,1776885953.021
1.8289999961853027,0.5490000247955322,-2.683000087738037,1776885953.033
2.01200008392334,1.0980000495910645,-1.340999960899353,1776885953.059
1.8289999961853027,5.610000133514404,-0.4269999861717224,1776885953.973
-2.01200008392334,-1.8899999856948853,-15.793000221252441,1776885954.003
4.26800012588501,-2.01200008392334,-1.159000039100647,1776885954.015
-5.610000133514404,-11.951000213623047,-1.5850000381469727,1776885954.041
3.4760000705718994,3.109999895095825,1.0980000495910645,1776885954.053
-0.6100000143051147,0.3050000071525574,1.4019999504089355,1776885954.473
-0.24400000274181366,0.0,-3.3540000915527344,1776885954.499
-0.24400000274181366,0.7929999828338623,-1.159000039100647,1776885954.513
0.061000000685453415,0.3659999966621399,-0.5490000247955322,1776885954.539
0.24400000274181366,0.061000000685453415,-2.194999933242798,1776885954.553
0.0,0.3050000071525574,-1.5240000486373901,1776885954.973
0.0,0.3050000071525574,-1.5850000381469727,1776885954.999
0.0,0.24400000274181366,-1.4630000591278076,1776885955.013
0.061000000685453415,0.24400000274181366,-1.4630000591278076,1776885955.038
0.0,0.24400000274181366,-1.5240000486373901,1776885955.055
0.061000000685453415,0.3050000071525574,-1.4630000591278076,1776885955.473
0.0,0.3050000071525574,-1.5240000486373901,1776885955.499
0.0,0.3659999966621399,-1.5240000486373901,1776885955.513
0.0,0.3050000071525574,-1.5850000381469727,1776885955.541
0.0,0.3050000071525574,-1.4630000591278076,1776885955.555
1.0369999408721924,-0.7929999828338623,0.12200000137090683,1776885955.973
5.122000217437744,2.316999912261963,-0.12200000137090683,1776885956.003
3.109999895095825,1.5850000381469727,-3.6589999198913574,1776885956.018
1.2799999713897705,2.805000066757202,-1.8289999961853027,1776885956.034
0.3050000071525574,-0.12200000137090683,-2.316999912261963,1776885956.061
-1.7680000066757202,11.52400016784668,-4.02400016784668,1776885956.993
2.865999937057495,-2.378000020980835,-4.451000213623047,1776885957.018
-2.561000108718872,-8.720000267028809,-0.4880000054836273,1776885957.033
-8.902000427246094,8.109999656677246,0.9150000214576721,1776885957.058
-2.683000087738037,6.645999908447266,-5.548999786376953,1776885957.073
7.560999870300293,-0.061000000685453415,0.3659999966621399,1776885957.481
2.134000062942505,-1.8289999961853027,-3.5980000495910645,1776885957.493
-2.072999954223633,1.4019999504089355,2.438999891281128,1776885957.519
-3.5369999408721924,1.4630000591278076,-3.6589999198913574,1776885957.538
-0.6710000038146973,-0.7319999933242798,-5.854000091552734,1776885957.553
0.061000000685453415,0.24400000274181366,-1.4630000591278076,1776885957.993
0.0,0.3050000071525574,-1.4630000591278076,1776885958.02
0.0,0.3050000071525574,-1.4630000591278076,1776885958.033
0.061000000685453415,0.4269999861717224,-1.340999960899353,1776885958.058
0.061000000685453415,0.24400000274181366,-1.5240000486373901,1776885958.074
0.12200000137090683,0.18299999833106995,-1.5240000486373901,1776885958.481
0.0,0.3050000071525574,-1.5850000381469727,1776885958.494
0.0,0.3050000071525574,-1.5850000381469727,1776885958.52
0.0,0.3050000071525574,-1.5850000381469727,1776885958.533
0.12200000137090683,0.24400000274181366,-1.5240000486373901,1776885958.559
0.0,0.4269999861717224,-1.5240000486373901,1776885958.993
0.0,0.3050000071525574,-1.5240000486373901,1776885959.022
0.0,0.3050000071525574,-1.4019999504089355,1776885959.033
0.0,0.24400000274181366,-1.5850000381469727,1776885959.059
0.061000000685453415,0.3659999966621399,-1.5240000486373901,1776885959.073
0.0,0.24400000274181366,-1.5240000486373901,1776885959.493
0.0,0.24400000274181366,-1.5850000381469727,1776885959.519
0.061000000685453415,0.18299999833106995,14.085000038146973,1776885959.535
0.061000000685453415,0.18299999833106995,14.085000038146973,1776885959.561
0.061000000685453415,0.18299999833106995,14.085000038146973,1776885959.573
-0.061000000685453415,0.3050000071525574,-1.4630000591278076,1776885959.993
0.0,0.24400000274181366,-1.5240000486373901,1776885960.019
0.0,0.3050000071525574,-1.5850000381469727,1776885960.033
0.061000000685453415,0.24400000274181366,-1.5240000486373901,1776885960.061
0.061000000685453415,0.3050000071525574,-1.5240000486373901,1776885960.073
0.061000000685453415,0.24400000274181366,-1.5850000381469727,1776885960.499
0.0,0.24400000274181366,-1.5850000381469727,1776885960.513
0.0,0.3050000071525574,-1.5240000486373901,1776885960.538
0.061000000685453415,0.3050000071525574,-1.6460000276565552,1776885960.553
0.061000000685453415,0.3050000071525574,-1.6460000276565552,1776885960.573
0.061000000685453415,0.24400000274181366,-1.5850000381469727,1776885960.993
0.061000000685453415,0.24400000274181366,-1.5240000486373901,1776885961.013
0.12200000137090683,0.24400000274181366,-1.5240000486373901,1776885961.039
0.0,0.24400000274181366,-1.5850000381469727,1776885961.054
0.061000000685453415,0.18299999833106995,-1.5240000486373901,1776885961.08
-0.061000000685453415,0.3659999966621399,-1.5240000486373901,1776885961.499
0.0,0.12200000137090683,-1.4630000591278076,1776885961.513
0.0,0.12200000137090683,-1.5850000381469727,1776885961.539
0.0,0.24400000274181366,-1.5850000381469727,1776885961.553
0.061000000685453415,0.24400000274181366,-1.4630000591278076,1776885961.586
0.0,0.3050000071525574,-1.5850000381469727,1776885963.014
0.12200000137090683,0.18299999833106995,-1.5240000486373901,1776885963.04
0.0,0.24400000274181366,-1.4630000591278076,1776885963.053
0.0,0.3050000071525574,-1.5240000486373901,1776885963.073
0.061000000685453415,0.24400000274181366,-1.5240000486373901,1776885963.099
0.061000000685453415,0.3050000071525574,-1.5850000381469727,1776885963.513
0.061000000685453415,0.24400000274181366,-1.6460000276565552,1776885963.539
0.061000000685453415,0.3050000071525574,-1.5240000486373901,1776885963.553
0.061000000685453415,0.24400000274181366,-1.5240000486373901,1776885963.58
0.061000000685453415,0.3050000071525574,-1.5240000486373901,1776885963.593
0.12200000137090683,0.24400000274181366,-1.5850000381469727,1776885964.019
0.061000000685453415,0.3050000071525574,-1.5850000381469727,1776885964.033
0.061000000685453415,0.3050000071525574,-1.5850000381469727,1776885964.06
0.0,0.24400000274181366,-1.5850000381469727,1776885964.073
0.061000000685453415,0.3050000071525574,-1.5240000486373901,1776885964.099
0.061000000685453415,0.24400000274181366,-1.5240000486373901,1776885965.013
0.061000000685453415,0.24400000274181366,-1.5240000486373901,1776885965.043
0.0,0.3659999966621399,-1.5240000486373901,1776885965.053
-0.061000000685453415,0.3050000071525574,-1.5850000381469727,1776885965.08
0.061000000685453415,0.24400000274181366,-17.072999954223633,1776885965.093
0.061000000685453415,0.24400000274181366,-1.5850000381469727,1776885965.519
0.0,0.3050000071525574,-1.5240000486373901,1776885965.537
0.061000000685453415,0.18299999833106995,-1.5850000381469727,1776885965.553
0.061000000685453415,0.3050000071525574,-1.5240000486373901,1776885965.579
0.061000000685453415,0.3659999966621399,-1.4630000591278076,1776885965.593
0.061000000685453415,0.3050000071525574,-1.5240000486373901,1776885966.513
-0.061000000685453415,0.24400000274181366,-1.5850000381469727,1776885966.539
-0.061000000685453415,0.3050000071525574,-1.5850000381469727,1776885966.553
0.0,0.24400000274181366,-1.4630000591278076,1776885966.579
0.061000000685453415,0.3050000071525574,-1.5850000381469727,1776885966.593
0.061000000685453415,0.24400000274181366,-1.4630000591278076,1776885967.021
0.0,0.3050000071525574,-1.5240000486373901,1776885967.033
0.0,0.3659999966621399,-1.4630000591278076,1776885967.059
0.061000000685453415,0.24400000274181366,-1.5240000486373901,1776885967.073
0.061000000685453415,0.3050000071525574,-1.5240000486373901,1776885967.094
0.0,0.3050000071525574,-1.4630000591278076,1776885967.513
0.061000000685453415,0.24400000274181366,-1.5240000486373901,1776885967.539
0.0,0.3659999966621399,-1.5850000381469727,1776885967.553
0.0,0.3659999966621399,-1.6460000276565552,1776885967.581
0.061000000685453415,0.3659999966621399,-1.5850000381469727,1776885967.593
0.061000000685453415,0.3050000071525574,-1.5850000381469727,1776885968.033
0.0,0.24400000274181366,-1.5850000381469727,1776885968.062
0.061000000685453415,0.3659999966621399,-1.4630000591278076,1776885968.073
0.0,0.24400000274181366,-1.5850000381469727,1776885968.099
0.061000000685453415,0.24400000274181366,-1.5850000381469727,1776885968.113
0.0,0.24400000274181366,-1.5240000486373901,1776885968.539
0.061000000685453415,0.24400000274181366,-1.4630000591278076,1776885968.553
0.061000000685453415,0.18299999833106995,14.085000038146973,1776885968.579
0.0,0.24400000274181366,-1.5850000381469727,1776885968.593
0.061000000685453415,0.24400000274181366,-1.5240000486373901,1776885968.622
0.0,0.3659999966621399,-3.109999895095825,1776885969.033
1.0369999408721924,0.4880000054836273,-2.865999937057495,1776885969.062
0.5490000247955322,0.7319999933242798,-3.109999895095825,1776885969.073
0.4880000054836273,-0.4880000054836273,-8.414999961853027,1776885969.099
0.4269999861717224,0.24400000274181366,-3.0490000247955322,1776885969.113
-0.9150000214576721,0.3050000071525574,-16.280000686645508,1776885969.533
-0.7319999933242798,-1.6460000276565552,-18.354000091552734,1776885969.559
-4.206999778747559,-1.7680000066757202,-40.854000091552734,1776885969.573
0.24400000274181366,2.561000108718872,-44.63399887084961,1776885969.601
2.621999979019165,-4.145999908447266,-47.073001861572266,1776885969.615
-20.792999267578125,3.9630000591278076,-53.720001220703125,1776885970.033
5.0,5.122000217437744,-36.279998779296875,1776885970.059
11.159000396728516,-7.133999824523926,-51.768001556396484,1776885970.073
-10.0,6.0370001792907715,-32.5,1776885970.099
5.548999786376953,-2.072999954223633,-38.292999267578125,1776885970.113
-0.4269999861717224,-0.4880000054836273,1.2200000286102295,1776885971.034
0.12200000137090683,0.3050000071525574,-1.0369999408721924,1776885971.06
-0.3659999966621399,0.3659999966621399,-1.0980000495910645,1776885971.073
0.061000000685453415,-0.24400000274181366,-0.9150000214576721,1776885971.099
-0.18299999833106995,0.0,-2.438999891281128,1776885971.113
0.0,0.3050000071525574,-1.4630000591278076,1776885971.539
0.0,0.3050000071525574,-1.4630000591278076,1776885971.553
0.0,0.3050000071525574,-1.4630000591278076,1776885971.581
0.061000000685453415,0.4269999861717224,-1.4630000591278076,1776885971.593
0.0,0.3659999966621399,-1.5850000381469727,1776885971.62
0.061000000685453415,0.12200000137090683,-1.4630000591278076,1776885972.035
0.0,0.24400000274181366,-1.4630000591278076,1776885972.062
-0.061000000685453415,0.24400000274181366,-1.5240000486373901,1776885972.073
0.12200000137090683,0.24400000274181366,-1.5850000381469727,1776885972.099
0.061000000685453415,0.24400000274181366,-1.6460000276565552,1776885972.113
1.9509999752044678,0.3050000071525574,-4.26800012588501,1776885972.533
0.7319999933242798,0.7929999828338623,-3.2320001125335693,1776885972.56
3.4760000705718994,0.6710000038146973,-0.8539999723434448,1776885972.574
3.4760000705718994,0.6710000038146973,-0.8539999723434448,1776885972.6
3.4760000705718994,0.6710000038146973,-0.8539999723434448,1776885972.613
-2.74399995803833,-3.7799999713897705,-0.6710000038146973,1776885973.059
0.9150000214576721,-2.316999912261963,-1.5240000486373901,1776885973.073
8.170999526977539,9.633999824523926,1.159000039100647,1776885973.101
1.159000039100647,8.109999656677246,-1.159000039100647,1776885973.113
2.25600004196167,2.74399995803833,0.3659999966621399,1776885973.139
-2.072999954223633,-3.8410000801086426,0.7929999828338623,1776885973.554
1.340999960899353,6.0370001792907715,-1.6460000276565552,1776885973.581
0.061000000685453415,5.24399995803833,-1.2200000286102295,1776885973.593
0.061000000685453415,5.24399995803833,-1.2200000286102295,1776885973.619
0.061000000685453415,5.24399995803833,-1.2200000286102295,1776885973.633
-4.451000213623047,-10.366000175476074,-3.3540000915527344,1776885974.053
4.572999954223633,-3.5980000495910645,-2.194999933242798,1776885974.079
-0.4880000054836273,-5.73199987411499,-2.927000045776367,1776885974.095
-0.4880000054836273,1.7680000066757202,-1.340999960899353,1776885974.121
2.865999937057495,-4.206999778747559,-4.939000129699707,1776885974.134
0.12200000137090683,0.12200000137090683,-1.4630000591278076,1776885974.56
-0.061000000685453415,0.24400000274181366,-1.8289999961853027,1776885974.577
-0.12200000137090683,0.3659999966621399,-1.5240000486373901,1776885974.593
0.12200000137090683,0.12200000137090683,-1.7070000171661377,1776885974.62
0.12200000137090683,0.12200000137090683,-1.7070000171661377,1776885974.633
-5.73199987411499,-10.854000091552734,24.878000259399414,1776885975.553
14.694999694824219,13.293000221252441,27.072999954223633,1776885975.583
-22.743999481201172,-16.52400016784668,41.768001556396484,1776885975.6
-0.24400000274181366,-2.865999937057495,34.69499969482422,1776885975.616
24.207000732421875,15.121999740600586,36.645999908447266,1776885975.642
0.4269999861717224,-11.52400016784668,42.37799835205078,1776885976.059
11.097999572753906,-2.438999891281128,19.084999084472656,1776885976.073
13.902000427246094,15.48799991607666,42.74399948120117,1776885976.1
-14.329000473022461,-9.390000343322754,21.889999389648438,1776885976.113
14.390000343322754,2.865999937057495,33.840999603271484,1776885976.141
0.0,0.4880000054836273,-1.2799999713897705,1776885977.064
0.061000000685453415,0.061000000685453415,-1.5850000381469727,1776885977.075
0.0,0.061000000685453415,-1.4019999504089355,1776885977.101
0.0,0.5490000247955322,-1.5240000486373901,1776885977.113
0.061000000685453415,0.3659999966621399,-1.2799999713897705,1776885977.145
3.0490000247955322,0.12200000137090683,-0.9150000214576721,1776885978.054
0.8539999723434448,0.3659999966621399,0.9760000109672546,1776885978.08
-1.0980000495910645,3.2929999828338623,-2.134000062942505,1776885978.095
14.939000129699707,-2.683000087738037,-6.76800012588501,1776885978.121
-0.4269999861717224,4.939000129699707,-1.6460000276565552,1776885978.134
1.340999960899353,3.5980000495910645,-1.340999960899353,1776885978.559
2.072999954223633,5.97599983215332,-4.75600004196167,1776885978.576
5.366000175476074,-4.75600004196167,-5.548999786376953,1776885978.601
1.0980000495910645,-5.854000091552734,0.24400000274181366,1776885978.614
0.4880000054836273,1.5850000381469727,-1.159000039100647,1776885978.639
2.683000087738037,0.5490000247955322,-4.145999908447266,1776885979.074
5.0,3.2929999828338623,-4.695000171661377,1776885979.101
-2.194999933242798,3.6589999198913574,-2.378000020980835,1776885979.113
0.9150000214576721,-4.451000213623047,-1.7680000066757202,1776885979.139
6.4629998207092285,-2.865999937057495,-0.061000000685453415,1776885979.154
-6.4019999504089355,0.6100000143051147,0.24400000274181366,1776885979.56
-14.878000259399414,-2.98799991607666,-1.4019999504089355,1776885979.573
2.865999937057495,4.389999866485596,-2.805000066757202,1776885979.601
-6.76800012588501,-1.0369999408721924,-4.145999908447266,1776885979.613
2.01200008392334,-0.061000000685453415,13.354000091552734,1776885979.635
0.18299999833106995,0.3659999966621399,-1.8289999961853027,1776885980.053
0.18299999833106995,0.18299999833106995,-1.2799999713897705,1776885980.08
0.061000000685453415,0.3050000071525574,-1.4019999504089355,1776885980.095
0.0,0.24400000274181366,-1.4019999504089355,1776885980.121
0.12200000137090683,0.24400000274181366,-1.340999960899353,1776885980.133
0.0,0.3050000071525574,-1.5240000486373901,1776885980.575
0.0,0.24400000274181366,-1.5850000381469727,1776885980.601
-0.061000000685453415,0.24400000274181366,-1.5240000486373901,1776885980.613
0.0,0.3050000071525574,-1.5850000381469727,1776885980.639
0.061000000685453415,0.3659999966621399,-1.5240000486373901,1776885980.656
3.1710000038146973,9.939000129699707,-4.695000171661377,1776885981.581
-2.194999933242798,6.341000080108643,-4.695000171661377,1776885981.593
2.74399995803833,-7.072999954223633,-3.1710000038146973,1776885981.619
3.4149999618530273,-3.9019999504089355,-4.328999996185303,1776885981.633
3.4149999618530273,8.232000350952148,1.9509999752044678,1776885981.662
-2.316999912261963,4.328999996185303,-3.5369999408721924,1776885982.08
2.378000020980835,-0.3050000071525574,-6.4019999504089355,1776885982.096
0.12200000137090683,-4.695000171661377,-4.145999908447266,1776885982.123
1.7680000066757202,4.877999782562256,-1.2200000286102295,1776885982.133
0.9760000109672546,5.548999786376953,-0.5490000247955322,1776885982.159
0.18299999833106995,0.3050000071525574,-1.5240000486373901,1776885983.073
0.061000000685453415,0.3659999966621399,-1.4630000591278076,1776885983.093
0.061000000685453415,0.24400000274181366,-1.5850000381469727,1776885983.12
-0.061000000685453415,0.3050000071525574,-1.5850000381469727,1776885983.135
0.12200000137090683,0.18299999833106995,-1.4630000591278076,1776885983.16
-0.061000000685453415,0.3050000071525574,-1.5850000381469727,1776885983.573
0.061000000685453415,0.3050000071525574,-1.4630000591278076,1776885983.601
0.0,0.24400000274181366,-1.4630000591278076,1776885983.613
0.061000000685453415,0.4269999861717224,-1.5240000486373901,1776885983.639
0.0,0.3050000071525574,-1.5850000381469727,1776885983.653
0.0,0.3050000071525574,-1.5240000486373901,1776885984.079
0.061000000685453415,0.3659999966621399,-1.4630000591278076,1776885984.097
-0.8539999723434448,0.12200000137090683,-3.0490000247955322,1776885984.113
0.9760000109672546,0.0,-2.378000020980835,1776885984.139
0.0,0.9760000109672546,-0.4880000054836273,1776885984.153
1.5240000486373901,-1.6460000276565552,-12.866000175476074,1776885984.58
4.328999996185303,-1.2200000286102295,-12.866000175476074,1776885984.593
-6.0980000495910645,-3.0490000247955322,-19.511999130249023,1776885984.62
6.0370001792907715,2.683000087738037,-18.53700065612793,1776885984.633
-3.4149999618530273,-6.21999979019165,-30.427000045776367,1776885984.661
-0.061000000685453415,0.3659999966621399,-1.4019999504089355,1776885985.584
0.0,0.3659999966621399,-1.5240000486373901,1776885985.595
0.12200000137090683,0.3050000071525574,-1.5240000486373901,1776885985.62
0.061000000685453415,0.3050000071525574,-1.5850000381469727,1776885985.633
-0.061000000685453415,0.3050000071525574,-1.340999960899353,1776885985.659
0.061000000685453415,0.24400000274181366,-1.5240000486373901,1776885986.594
0.061000000685453415,0.18299999833106995,-1.5850000381469727,1776885986.621
0.061000000685453415,0.3050000071525574,-1.5240000486373901,1776885986.633
0.0,0.24400000274181366,-1.5850000381469727,1776885986.659
0.0,0.18299999833106995,-1.5240000486373901,1776885986.674
1.5240000486373901,0.4269999861717224,-1.8289999961853027,1776885987.101
-0.4269999861717224,-0.24400000274181366,-1.4630000591278076,1776885987.114
-0.7319999933242798,0.24400000274181366,-0.18299999833106995,1776885987.136
0.4269999861717224,0.24400000274181366,3.4149999618530273,1776885987.162
-0.24400000274181366,2.805000066757202,9.878000259399414,1776885987.173
-15.366000175476074,-2.98799991607666,44.45100021362305,1776885987.6
-20.06100082397461,-14.390000343322754,26.889999389648438,1776885987.615
3.0490000247955322,-2.561000108718872,18.597999572753906,1776885987.641
7.01200008392334,12.805000305175781,32.74399948120117,1776885987.654
-24.572999954223633,-11.706999778747559,24.69499969482422,1776885987.69
4.51200008392334,4.939000129699707,-31.82900047302246,1776885988.099
0.18299999833106995,-4.633999824523926,-3.9630000591278076,1776885988.113
-1.8289999961853027,3.2320001125335693,13.779999732971191,1776885988.142
0.061000000685453415,1.340999960899353,-8.902000427246094,1776885988.153
0.3050000071525574,-2.5,-10.609999656677246,1776885988.179
0.061000000685453415,0.18299999833106995,-1.7070000171661377,1776885988.596
0.061000000685453415,0.18299999833106995,-1.7070000171661377,1776885988.622
0.061000000685453415,0.18299999833106995,-1.7070000171661377,1776885988.633
0.12200000137090683,0.3050000071525574,-1.5240000486373901,1776885988.659
-0.061000000685453415,0.3050000071525574,-1.4630000591278076,1776885988.673
0.061000000685453415,0.3050000071525574,-1.4630000591278076,1776885989.101
0.061000000685453415,0.3050000071525574,-1.5240000486373901,1776885989.114
0.0,0.3050000071525574,-17.072999954223633,1776885989.14
0.0,0.3659999966621399,-1.4630000591278076,1776885989.154
0.0,0.3659999966621399,-1.4630000591278076,1776885989.181
0.0,0.3050000071525574,-1.5240000486373901,1776885989.6
0.0,0.3050000071525574,-1.5240000486373901,1776885989.622
0.061000000685453415,0.24400000274181366,-1.5240000486373901,1776885989.634
0.0,0.3659999966621399,-1.4630000591278076,1776885989.661
0.0,0.24400000274181366,-1.4630000591278076,1776885989.674
0.061000000685453415,0.24400000274181366,-17.072999954223633,1776885990.113
0.0,0.24400000274181366,-1.5240000486373901,1776885990.139
0.061000000685453415,0.3050000071525574,-1.5240000486373901,1776885990.154
0.0,0.24400000274181366,-1.5240000486373901,1776885990.179
0.061000000685453415,0.3050000071525574,-1.5240000486373901,1776885990.194
0.061000000685453415,0.3659999966621399,-1.5240000486373901,1776885990.626
0.0,0.3050000071525574,-1.5850000381469727,1776885990.637
0.0,0.3050000071525574,-1.4630000591278076,1776885990.654
0.0,0.24400000274181366,-1.4630000591278076,1776885990.679
0.0,0.3050000071525574,-1.5240000486373901,1776885990.694
0.12200000137090683,0.3050000071525574,14.085000038146973,1776885991.113
0.0,0.18299999833106995,-1.5240000486373901,1776885991.139
0.0,0.18299999833106995,-1.5240000486373901,1776885991.154
0.061000000685453415,0.24400000274181366,-1.5240000486373901,1776885991.181
0.0,0.3050000071525574,-1.4630000591278076,1776885991.194
0.0,0.24400000274181366,-1.4630000591278076,1776885991.616
0.0,0.24400000274181366,-1.4630000591278076,1776885991.641
0.061000000685453415,0.24400000274181366,-1.5240000486373901,1776885991.654
0.061000000685453415,0.3050000071525574,-1.4019999504089355,1776885991.679
0.0,0.3050000071525574,-1.4630000591278076,1776885991.698
0.0,0.18299999833106995,-1.5240000486373901,1776885992.114
0.0,0.3050000071525574,-1.5240000486373901,1776885992.14
-0.061000000685453415,0.24400000274181366,-1.4630000591278076,1776885992.154
0.061000000685453415,0.24400000274181366,-1.4630000591278076,1776885992.18
0.0,0.3050000071525574,-1.5240000486373901,1776885992.194
0.12200000137090683,0.24400000274181366,-1.5240000486373901,1776885992.626
0.061000000685453415,0.24400000274181366,-1.5240000486373901,1776885992.636
0.0,0.3050000071525574,-1.5240000486373901,1776885992.662
0.061000000685453415,0.24400000274181366,-1.5240000486373901,1776885992.674
0.061000000685453415,0.18299999833106995,-1.4630000591278076,1776885992.699
0.0,0.24400000274181366,-1.5240000486373901,1776885993.114
0.061000000685453415,0.3050000071525574,-1.5240000486373901,1776885993.139
0.0,0.3050000071525574,-1.4630000591278076,1776885993.154
0.12200000137090683,0.18299999833106995,-1.5240000486373901,1776885993.182
0.0,0.24400000274181366,-1.6460000276565552,1776885993.194
0.061000000685453415,0.3659999966621399,-1.5850000381469727,1776885993.62
0.0,0.24400000274181366,-1.5850000381469727,1776885993.634
0.0,0.24400000274181366,-1.5240000486373901,1776885993.654
-0.061000000685453415,0.24400000274181366,-1.4019999504089355,1776885993.679
0.0,0.18299999833106995,-1.4630000591278076,1776885993.695
0.061000000685453415,0.24400000274181366,-1.5240000486373901,1776885994.121
-0.061000000685453415,0.24400000274181366,-1.5240000486373901,1776885994.134
0.0,0.3659999966621399,-1.4630000591278076,1776885994.16
0.0,0.3050000071525574,-1.4019999504089355,1776885994.175
0.0,0.3050000071525574,-1.4630000591278076,1776885994.194
0.12200000137090683,0.3050000071525574,-1.5240000486373901,1776885994.639
0.0,0.3659999966621399,-1.4630000591278076,1776885994.658
0.12200000137090683,0.3050000071525574,-1.5240000486373901,1776885994.674
0.061000000685453415,0.18299999833106995,-1.5240000486373901,1776885994.7
0.061000000685453415,0.3659999966621399,-1.4630000591278076,1776885994.714
0.061000000685453415,0.3050000071525574,-1.6460000276565552,1776885995.141
0.061000000685453415,0.3050000071525574,-1.5240000486373901,1776885995.154
0.12200000137090683,0.3050000071525574,-1.4019999504089355,1776885995.181
0.061000000685453415,0.24400000274181366,-1.5240000486373901,1776885995.194
0.061000000685453415,0.24400000274181366,-1.5240000486373901,1776885995.22
0.0,0.3050000071525574,-1.4019999504089355,1776885995.634
0.061000000685453415,0.24400000274181366,-1.5240000486373901,1776885995.661
0.0,0.24400000274181366,-1.5850000381469727,1776885995.674
0.061000000685453415,0.24400000274181366,-1.4630000591278076,1776885995.699
0.061000000685453415,0.3659999966621399,-1.5240000486373901,1776885995.714
0.061000000685453415,0.3050000071525574,-1.5240000486373901,1776885996.142
-0.061000000685453415,0.24400000274181366,-1.5850000381469727,1776885996.154
0.0,0.24400000274181366,14.085000038146973,1776885996.181
0.0,0.3659999966621399,-1.4630000591278076,1776885996.194
0.061000000685453415,0.18299999833106995,-1.4630000591278076,1776885996.221
0.061000000685453415,0.18299999833106995,-1.5240000486373901,1776885996.634
-0.061000000685453415,0.24400000274181366,-1.5240000486373901,1776885996.66
0.061000000685453415,0.3659999966621399,-1.5240000486373901,1776885996.674
0.061000000685453415,0.3050000071525574,-1.5240000486373901,1776885996.701
0.0,0.3050000071525574,-1.4630000591278076,1776885996.714
0.0,0.4269999861717224,-1.5240000486373901,1776885997.141
-0.061000000685453415,0.18299999833106995,-1.4630000591278076,1776885997.154
0.0,0.24400000274181366,-1.4019999504089355,1776885997.18
0.0,0.3050000071525574,-1.5240000486373901,1776885997.194
0.12200000137090683,0.3050000071525574,-1.5240000486373901,1776885997.227
0.0,0.24400000274181366,-1.5850000381469727,1776885997.634
0.061000000685453415,0.24400000274181366,-1.4630000591278076,1776885997.66
0.061000000685453415,0.3659999966621399,-1.5240000486373901,1776885997.674
0.061000000685453415,0.24400000274181366,-1.5240000486373901,1776885997.694
0.0,0.18299999833106995,-1.5240000486373901,1776885997.719
0.0,0.24400000274181366,-1.4630000591278076,1776885998.143
0.0,0.24400000274181366,-1.4630000591278076,1776885998.154
0.0,0.3050000071525574,-1.5240000486373901,1776885998.18
0.0,0.3659999966621399,-1.4630000591278076,1776885998.194
0.0,0.18299999833106995,-1.4630000591278076,1776885998.22
0.061000000685453415,0.24400000274181366,-1.5240000486373901,1776885998.634
0.061000000685453415,0.24400000274181366,-1.5240000486373901,1776885998.66
0.0,0.18299999833106995,-1.4630000591278076,1776885998.674
0.12200000137090683,0.24400000274181366,-1.4630000591278076,1776885998.701
0.12200000137090683,0.3050000071525574,-1.5240000486373901,1776885998.714
0.061000000685453415,0.24400000274181366,-1.4630000591278076,1776885999.135
0.061000000685453415,0.24400000274181366,-1.4630000591278076,1776885999.16
0.061000000685453415,0.24400000274181366,-1.4630000591278076,1776885999.174
0.061000000685453415,0.24400000274181366,-1.4630000591278076,1776885999.199
0.12200000137090683,0.3050000071525574,-1.5850000381469727,1776885999.215
0.0,0.3050000071525574,-1.5240000486373901,1776885999.634
0.0,0.3050000071525574,-1.4630000591278076,1776885999.662
0.061000000685453415,0.24400000274181366,-1.5240000486373901,1776885999.674
0.061000000685453415,0.24400000274181366,-17.072999954223633,1776885999.7
0.0,0.24400000274181366,-1.4630000591278076,1776885999.714
0.061000000685453415,0.18299999833106995,-1.4630000591278076,1776886000.134
0.0,0.18299999833106995,-1.5240000486373901,1776886000.161
0.0,0.3050000071525574,-1.5240000486373901,1776886000.175
0.0,0.24400000274181366,-17.072999954223633,1776886000.201
0.0,0.24400000274181366,-17.072999954223633,1776886000.214
0.061000000685453415,0.24400000274181366,-1.5240000486373901,1776886000.655
0.0,0.3050000071525574,-1.5240000486373901,1776886000.681
0.061000000685453415,0.3050000071525574,-1.340999960899353,1776886000.694
0.061000000685453415,0.3050000071525574,-1.5240000486373901,1776886000.72
-0.061000000685453415,0.3050000071525574,-1.5240000486373901,1776886000.735
0.0,0.3659999966621399,-1.5240000486373901,1776886001.154
0.0,0.24400000274181366,-1.5850000381469727,1776886001.182
-0.061000000685453415,0.18299999833106995,-1.5850000381469727,1776886001.194
0.061000000685453415,0.3050000071525574,-1.5240000486373901,1776886001.22
0.0,0.3050000071525574,-1.4630000591278076,1776886001.234
0.061000000685453415,0.3050000071525574,-17.072999954223633,1776886001.654
0.0,0.3659999966621399,-1.5850000381469727,1776886001.68
0.12200000137090683,0.24400000274181366,-1.5240000486373901,1776886001.695
0.061000000685453415,0.24400000274181366,-1.5240000486373901,1776886001.716
0.061000000685453415,0.3050000071525574,-1.4630000591278076,1776886001.741
0.0,0.3659999966621399,-1.5240000486373901,1776886002.166
0.0,0.3050000071525574,-1.5240000486373901,1776886002.177
0.0,0.3659999966621399,-1.5240000486373901,1776886002.202
0.061000000685453415,0.24400000274181366,-1.5850000381469727,1776886002.214
0.0,0.24400000274181366,-1.4630000591278076,1776886002.24
0.061000000685453415,0.24400000274181366,-1.5850000381469727,1776886002.655
0.0,0.24400000274181366,-1.4630000591278076,1776886002.68
0.061000000685453415,0.3659999966621399,-1.5240000486373901,1776886002.694
0.061000000685453415,0.24400000274181366,-1.5240000486373901,1776886002.72
0.061000000685453415,0.3659999966621399,-1.5850000381469727,1776886002.736
0.18299999833106995,0.24400000274181366,-2.683000087738037,1776886003.161
-0.4269999861717224,0.12200000137090683,-5.24399995803833,1776886003.174
0.7319999933242798,-0.3659999966621399,-3.4149999618530273,1776886003.2
1.6460000276565552,0.0,-10.609999656677246,1776886003.215
0.4880000054836273,-0.5490000247955322,-11.279999732971191,1776886003.241
-3.4149999618530273,3.8410000801086426,-17.683000564575195,1776886003.66
-9.329000473022461,-9.329000473022461,-61.645999908447266,1776886003.674
3.0490000247955322,0.9760000109672546,-25.183000564575195,1776886003.7
-4.389999866485596,7.072999954223633,-49.69499969482422,1776886003.714
1.159000039100647,-5.48799991607666,-61.4630012512207,1776886003.743
6.52400016784668,1.340999960899353,-20.0,1776886004.16
-7.560999870300293,0.24400000274181366,-65.24400329589844,1776886004.182
0.7319999933242798,2.01200008392334,-23.780000686645508,1776886004.194
8.232000350952148,2.927000045776367,-29.634000778198242,1776886004.22
-1.340999960899353,1.9509999752044678,-30.915000915527344,1776886004.234
3.7799999713897705,1.7680000066757202,-22.256000518798828,1776886004.656
-5.122000217437744,-1.4630000591278076,-64.69499969482422,1776886004.682
3.2320001125335693,1.7680000066757202,-28.292999267578125,1776886004.694
0.5490000247955322,-7.804999828338623,-60.854000091552734,1776886004.722
-2.927000045776367,1.8899999856948853,-54.81700134277344,1776886004.736
0.24400000274181366,0.3659999966621399,-0.18299999833106995,1776886005.154
0.12200000137090683,0.12200000137090683,-2.561000108718872,1776886005.175
-0.18299999833106995,0.061000000685453415,-0.8539999723434448,1776886005.201
-0.061000000685453415,0.6710000038146973,-0.9760000109672546,1776886005.216
0.12200000137090683,0.18299999833106995,-1.2799999713897705,1776886005.242
-0.061000000685453415,0.3050000071525574,-1.5240000486373901,1776886005.66
0.0,0.3050000071525574,-1.4630000591278076,1776886005.674
0.061000000685453415,0.3050000071525574,-1.5240000486373901,1776886005.7
0.0,0.3050000071525574,-1.5240000486373901,1776886005.714
0.0,0.3050000071525574,-1.5240000486373901,1776886005.745
-0.061000000685453415,0.3050000071525574,-1.5240000486373901,1776886006.161
0.0,0.18299999833106995,-1.5850000381469727,1776886006.176
0.061000000685453415,0.3050000071525574,-1.5240000486373901,1776886006.195
0.061000000685453415,0.3659999966621399,-1.5240000486373901,1776886006.22
0.061000000685453415,0.3659999966621399,-1.5240000486373901,1776886006.234
0.0,0.24400000274181366,-1.4630000591278076,1776886006.654
0.0,0.18299999833106995,-1.4630000591278076,1776886006.68
0.0,0.24400000274181366,-1.5240000486373901,1776886006.694
0.061000000685453415,0.24400000274181366,-1.5850000381469727,1776886006.726
0.0,0.3050000071525574,-1.4630000591278076,1776886006.736
-2.805000066757202,8.720000267028809,-1.4630000591278076,1776886007.162
-2.74399995803833,4.328999996185303,0.12200000137090683,1776886007.174
-5.060999870300293,-5.671000003814697,-1.7680000066757202,1776886007.2
-2.561000108718872,-6.52400016784668,-3.8410000801086426,1776886007.217
3.2929999828338623,6.0980000495910645,-3.1710000038146973,1776886007.234
2.25600004196167,-11.52400016784668,-1.6460000276565552,1776886007.674
3.109999895095825,-4.02400016784668,-3.109999895095825,1776886007.7
-0.7929999828338623,7.74399995803833,-3.3540000915527344,1776886007.714
-3.4149999618530273,5.854000091552734,-2.25600004196167,1776886007.741
-1.8899999856948853,1.340999960899353,-1.7680000066757202,1776886007.756
-4.51200008392334,-1.6460000276565552,-4.75600004196167,1776886008.175
3.9630000591278076,9.633999824523926,-6.0370001792907715,1776886008.201
-2.5,-2.561000108718872,-2.805000066757202,1776886008.214
0.7929999828338623,-2.98799991607666,-0.8539999723434448,1776886008.24
-1.340999960899353,3.7799999713897705,-1.8899999856948853,1776886008.255
1.2200000286102295,-7.804999828338623,-2.378000020980835,1776886008.674
-2.072999954223633,0.4880000054836273,1.5850000381469727,1776886008.702
1.5850000381469727,1.0980000495910645,-1.8899999856948853,1776886008.714
-4.75600004196167,4.389999866485596,-1.8899999856948853,1776886008.74
-15.244000434875488,2.134000062942505,0.8539999723434448,1776886008.754
-0.12200000137090683,0.3659999966621399,-1.159000039100647,1776886009.181
0.12200000137090683,0.24400000274181366,-1.5850000381469727,1776886009.194
0.12200000137090683,0.3050000071525574,-1.2200000286102295,1776886009.22
-0.061000000685453415,0.3050000071525574,-1.5240000486373901,1776886009.234
-0.061000000685453415,0.18299999833106995,-1.2200000286102295,1776886009.262
0.061000000685453415,0.3050000071525574,-1.5850000381469727,1776886009.68
0.0,0.3050000071525574,-1.5240000486373901,1776886009.696
0.061000000685453415,0.24400000274181366,-1.4630000591278076,1776886009.721
0.0,0.18299999833106995,-1.5240000486373901,1776886009.734
0.061000000685453415,0.3050000071525574,-1.6460000276565552,1776886009.76
2.5,9.329000473022461,0.0,1776886010.175
1.2799999713897705,-4.389999866485596,-1.4630000591278076,1776886010.201
-1.2200000286102295,-6.0980000495910645,1.2200000286102295,1776886010.214
1.5240000486373901,11.340999603271484,1.0980000495910645,1776886010.24
0.12200000137090683,6.951000213623047,-2.683000087738037,1776886010.255
-0.7319999933242798,-3.6589999198913574,0.6710000038146973,1776886010.674
-0.7319999933242798,-3.6589999198913574,0.6710000038146973,1776886010.701
-0.7319999933242798,-3.6589999198913574,0.6710000038146973,1776886010.714
3.2320001125335693,6.0980000495910645,-1.9509999752044678,1776886010.74
1.2200000286102295,1.8289999961853027,-0.7319999933242798,1776886010.754
-0.24400000274181366,6.76800012588501,-0.8539999723434448,1776886011.2
2.621999979019165,-10.427000045776367,2.438999891281128,1776886011.218
-2.98799991607666,-3.4149999618530273,-1.0980000495910645,1776886011.234
3.6589999198913574,4.085000038146973,-2.378000020980835,1776886011.254
1.4019999504089355,7.316999912261963,-2.134000062942505,1776886011.28
-2.01200008392334,3.9630000591278076,-2.865999937057495,1776886011.704
-2.01200008392334,3.9630000591278076,-2.865999937057495,1776886011.714
2.74399995803833,-15.793000221252441,-13.109999656677246,1776886011.741
-1.0980000495910645,-2.74399995803833,2.01200008392334,1776886011.754
-0.3050000071525574,13.109999656677246,0.3659999966621399,1776886011.78
-0.3050000071525574,0.0,-2.01200008392334,1776886012.194
1.2799999713897705,0.3050000071525574,-1.4630000591278076,1776886012.221
-0.061000000685453415,0.24400000274181366,-1.4019999504089355,1776886012.234
-1.5850000381469727,0.24400000274181366,-1.4630000591278076,1776886012.26
0.0,0.7929999828338623,-1.6460000276565552,1776886012.274
0.0,0.18299999833106995,-1.5240000486373901,1776886012.701
0.061000000685453415,0.3659999966621399,-1.4630000591278076,1776886012.714
0.061000000685453415,0.3659999966621399,-1.4630000591278076,1776886012.741
0.061000000685453415,0.3659999966621399,-1.4630000591278076,1776886012.754
0.061000000685453415,0.24400000274181366,-1.6460000276565552,1776886012.781
0.0,0.3050000071525574,-1.5850000381469727,1776886013.2
0.12200000137090683,0.3659999966621399,-1.5850000381469727,1776886013.217
0.0,0.24400000274181366,-1.5240000486373901,1776886013.234
-0.061000000685453415,0.24400000274181366,-1.4630000591278076,1776886013.261
0.0,0.18299999833106995,-1.5240000486373901,1776886013.274
1.4630000591278076,-1.0369999408721924,0.3050000071525574,1776886013.7
0.6710000038146973,-0.3659999966621399,-2.194999933242798,1776886013.714
-0.6710000038146973,-4.389999866485596,-5.48799991607666,1776886013.741
0.12200000137090683,-5.427000045776367,-2.378000020980835,1776886013.754
0.12200000137090683,-5.427000045776367,-2.378000020980835,1776886013.78
-1.4630000591278076,-4.695000171661377,-0.9150000214576721,1776886014.194
2.5,13.048999786376953,-2.072999954223633,1776886014.221
1.9509999752044678,9.145999908447266,-2.378000020980835,1776886014.234
0.6710000038146973,-9.817000389099121,-3.6589999198913574,1776886014.26
3.3540000915527344,5.548999786376953,-0.7319999933242798,1776886014.274
-1.4630000591278076,7.866000175476074,-2.438999891281128,1776886014.694
-2.438999891281128,-5.793000221252441,0.8539999723434448,1776886014.72
0.0,-3.1710000038146973,0.9760000109672546,1776886014.738
2.194999933242798,0.4269999861717224,0.3050000071525574,1776886014.754
2.194999933242798,0.4269999861717224,0.3050000071525574,1776886014.774
0.6100000143051147,7.622000217437744,-2.865999937057495,1776886015.194
-9.145999908447266,3.3540000915527344,-0.3659999966621399,1776886015.22
7.377999782562256,-12.621999740600586,-10.48799991607666,1776886015.234
5.73199987411499,0.3659999966621399,6.21999979019165,1776886015.261
-3.109999895095825,5.97599983215332,-0.7929999828338623,1776886015.281
0.9760000109672546,0.12200000137090683,1.159000039100647,1776886015.7
0.7319999933242798,0.4880000054836273,-2.316999912261963,1776886015.714
-0.3659999966621399,0.061000000685453415,-2.74399995803833,1776886015.734
0.061000000685453415,0.12200000137090683,-1.5240000486373901,1776886015.76
0.4269999861717224,0.4880000054836273,-1.0369999408721924,1776886015.78
0.061000000685453415,0.24400000274181366,-1.5850000381469727,1776886016.194
-0.061000000685453415,0.3050000071525574,-1.5850000381469727,1776886016.221
0.0,0.3050000071525574,-1.5850000381469727,1776886016.234
0.061000000685453415,0.18299999833106995,-1.5240000486373901,1776886016.261
0.061000000685453415,0.3659999966621399,-1.4630000591278076,1776886016.274
-0.3050000071525574,0.3050000071525574,-2.5,1776886016.701
-0.24400000274181366,-1.0980000495910645,-4.572999954223633,1776886016.714
-1.7070000171661377,-0.4880000054836273,-2.438999891281128,1776886016.74
2.561000108718872,1.2799999713897705,-3.4760000705718994,1776886016.754
-0.5490000247955322,-1.5240000486373901,-5.610000133514404,1776886016.781
-5.183000087738037,0.4880000054836273,-17.378000259399414,1776886017.194
4.02400016784668,0.7929999828338623,-10.060999870300293,1776886017.221
2.98799991607666,-1.2799999713897705,-23.659000396728516,1776886017.234
2.5,-0.6710000038146973,-19.878000259399414,1776886017.262
-5.304999828338623,2.74399995803833,-19.878000259399414,1776886017.274
7.866000175476074,0.6710000038146973,-32.43899917602539,1776886017.714
-11.036999702453613,-2.805000066757202,-52.073001861572266,1776886017.741
5.304999828338623,-2.683000087738037,-22.988000869750977,1776886017.755
1.5850000381469727,17.072999954223633,-37.43899917602539,1776886017.78
-3.4760000705718994,-1.159000039100647,-63.292999267578125,1776886017.794
-10.914999961853027,3.2320001125335693,-70.85399627685547,1776886018.194
13.293000221252441,-3.7799999713897705,-22.19499969482422,1776886018.223
9.329000473022461,-0.9760000109672546,-35.12200164794922,1776886018.234
-3.2320001125335693,10.244000434875488,-52.926998138427734,1776886018.26
11.829000473022461,-6.76800012588501,-22.43899917602539,1776886018.274
-2.805000066757202,3.5980000495910645,-38.779998779296875,1776886018.714
-12.98799991607666,-3.2929999828338623,-70.73200225830078,1776886018.74
3.8410000801086426,-4.02400016784668,-30.915000915527344,1776886018.754
-10.182999610900879,-0.24400000274181366,-59.207000732421875,1776886018.782
3.4760000705718994,-1.4019999504089355,-46.402000427246094,1776886018.795
-7.804999828338623,5.366000175476074,-55.97600173950195,1776886019.221
12.866000175476074,-8.536999702453613,-40.61000061035156,1776886019.235
6.0370001792907715,4.451000213623047,-40.06100082397461,1776886019.26
-15.97599983215332,-1.5240000486373901,-65.18299865722656,1776886019.274
11.279999732971191,0.061000000685453415,-32.37799835205078,1776886019.3
-2.01200008392334,6.21999979019165,-60.792999267578125,1776886019.696
4.633999824523926,-0.061000000685453415,-27.19499969482422,1776886019.723
-4.26800012588501,-7.195000171661377,-69.02400207519531,1776886019.735
4.939000129699707,2.865999937057495,-15.548999786376953,1776886019.761
0.9150000214576721,-1.2799999713897705,-20.183000564575195,1776886019.776
12.378000259399414,4.389999866485596,-21.584999084472656,1776886020.214
-0.9760000109672546,-10.914999961853027,-46.4630012512207,1776886020.241
-10.48799991607666,10.182999610900879,-35.24399948120117,1776886020.256
-0.12200000137090683,2.98799991607666,-26.52400016784668,1776886020.282
-5.122000217437744,-1.2799999713897705,-59.75600051879883,1776886020.294
-0.3050000071525574,0.4269999861717224,-2.805000066757202,1776886020.715
-0.24400000274181366,-0.4269999861717224,-0.061000000685453415,1776886020.74
0.24400000274181366,0.5490000247955322,-2.805000066757202,1776886020.754
0.3050000071525574,0.7319999933242798,-0.6710000038146973,1776886020.78
0.0,0.061000000685453415,-1.159000039100647,1776886020.794
0.061000000685453415,0.24400000274181366,-1.5850000381469727,1776886021.22
0.0,0.24400000274181366,-1.4630000591278076,1776886021.234
0.0,0.24400000274181366,-1.4630000591278076,1776886021.261
0.0,0.18299999833106995,-1.6460000276565552,1776886021.274
0.061000000685453415,0.24400000274181366,-1.4630000591278076,1776886021.3
0.061000000685453415,0.3659999966621399,-1.5850000381469727,1776886021.714
0.0,0.18299999833106995,-1.5240000486373901,1776886021.742
0.061000000685453415,0.18299999833106995,-1.4630000591278076,1776886021.755
0.061000000685453415,0.3050000071525574,-1.4630000591278076,1776886021.78
-0.061000000685453415,0.24400000274181366,-1.5240000486373901,1776886021.794
0.5490000247955322,0.8539999723434448,0.12200000137090683,1776886022.222
0.9150000214576721,-0.9760000109672546,4.572999954223633,1776886022.234
-1.2200000286102295,0.24400000274181366,2.74399995803833,1776886022.26
-14.145999908447266,-2.561000108718872,2.25600004196167,1776886022.274
-4.085000038146973,4.145999908447266,17.988000869750977,1776886022.302
4.572999954223633,-5.97599983215332,-0.4269999861717224,1776886022.714
-5.97599983215332,-6.645999908447266,-0.12200000137090683,1776886022.74
0.4269999861717224,7.01200008392334,-3.3540000915527344,1776886022.754
1.4630000591278076,10.182999610900879,-2.621999979019165,1776886022.781
-0.4269999861717224,-6.889999866485596,-4.02400016784668,1776886022.794
4.633999824523926,11.767999649047852,-0.18299999833106995,1776886023.216
-1.6460000276565552,8.170999526977539,-5.060999870300293,1776886023.242
0.4269999861717224,-9.51200008392334,-3.1710000038146973,1776886023.254
-4.206999778747559,-3.7799999713897705,-1.4019999504089355,1776886023.283
-2.072999954223633,9.939000129699707,13.536999702453613,1776886023.297
-0.061000000685453415,-6.0980000495910645,-1.340999960899353,1776886023.721
-1.7680000066757202,0.061000000685453415,-1.8899999856948853,1776886023.734
2.072999954223633,0.24400000274181366,-0.8539999723434448,1776886023.76
-4.695000171661377,4.26800012588501,-3.4149999618530273,1776886023.776
0.6100000143051147,-3.4760000705718994,-4.389999866485596,1776886023.801
-0.24400000274181366,0.3050000071525574,-1.5850000381469727,1776886024.221
0.061000000685453415,0.24400000274181366,-1.4630000591278076,1776886024.234
0.12200000137090683,0.24400000274181366,-1.2799999713897705,1776886024.26
0.18299999833106995,0.3050000071525574,-1.5850000381469727,1776886024.275
0.0,0.24400000274181366,-1.4630000591278076,1776886024.306
-0.7319999933242798,0.5490000247955322,-1.9509999752044678,1776886024.714
1.159000039100647,-0.6710000038146973,-0.8539999723434448,1776886024.74
1.5850000381469727,-1.5850000381469727,1.4019999504089355,1776886024.754
-3.9019999504089355,2.98799991607666,0.5490000247955322,1776886024.781
0.0,-2.621999979019165,-0.061000000685453415,1776886024.794
25.427000045776367,17.072999954223633,34.02399826049805,1776886025.216
2.378000020980835,8.170999526977539,49.93899917602539,1776886025.242
-22.19499969482422,-11.279999732971191,36.4630012512207,1776886025.254
23.292999267578125,10.366000175476074,39.512001037597656,1776886025.28
1.4630000591278076,-8.414999961853027,35.06100082397461,1776886025.297
-0.18299999833106995,0.0,-1.2799999713897705,1776886025.714
0.12200000137090683,0.0,-2.01200008392334,1776886025.74
0.12200000137090683,0.4269999861717224,-1.0980000495910645,1776886025.755
-0.12200000137090683,0.18299999833106995,-1.8289999961853027,1776886025.781
0.0,0.061000000685453415,-1.7680000066757202,1776886025.795
0.061000000685453415,0.3050000071525574,-1.5240000486373901,1776886026.214
0.0,0.24400000274181366,-1.5240000486373901,1776886026.24
0.061000000685453415,0.24400000274181366,-1.5850000381469727,1776886026.256
0.0,0.3659999966621399,-1.5850000381469727,1776886026.282
0.0,0.24400000274181366,-1.4630000591278076,1776886026.294
0.7319999933242798,0.9760000109672546,-2.072999954223633,1776886026.74
1.9509999752044678,2.134000062942505,-3.2320001125335693,1776886026.754
2.438999891281128,1.2799999713897705,-3.5980000495910645,1776886026.781
1.2799999713897705,-0.8539999723434448,-4.695000171661377,1776886026.806
-0.3050000071525574,2.98799991607666,-3.4760000705718994,1776886026.817
1.5240000486373901,3.109999895095825,0.3050000071525574,1776886027.246
7.439000129699707,1.2200000286102295,-2.5,1776886027.257
0.18299999833106995,-4.51200008392334,-0.9760000109672546,1776886027.283
1.4630000591278076,-5.548999786376953,-4.26800012588501,1776886027.296
16.707000732421875,2.01200008392334,-10.670999526977539,1776886027.321
0.5490000247955322,-0.18299999833106995,-0.5490000247955322,1776886027.741
-0.12200000137090683,2.5,1.7070000171661377,1776886027.76
0.061000000685453415,0.3659999966621399,-3.9630000591278076,1776886027.776
-0.3050000071525574,-0.8539999723434448,-2.927000045776367,1776886027.801
0.061000000685453415,0.5490000247955322,-0.3050000071525574,1776886027.814
-0.061000000685453415,0.3050000071525574,-1.5850000381469727,1776886028.235
-0.061000000685453415,0.3050000071525574,-1.5850000381469727,1776886028.261
-0.061000000685453415,0.3659999966621399,-17.072999954223633,1776886028.275
0.0,0.24400000274181366,-1.5240000486373901,1776886028.301
0.061000000685453415,0.24400000274181366,-1.4630000591278076,1776886028.314
15.732000350952148,0.3050000071525574,-2.561000108718872,1776886028.735
0.4269999861717224,0.24400000274181366,-0.3050000071525574,1776886028.761
0.4269999861717224,0.24400000274181366,-0.3050000071525574,1776886028.774
0.4269999861717224,0.24400000274181366,-0.3050000071525574,1776886028.804
0.0,0.3659999966621399,-0.7929999828338623,1776886028.816
0.6100000143051147,-1.340999960899353,-4.939000129699707,1776886029.234
-1.5240000486373901,-3.7799999713897705,-4.51200008392334,1776886029.261
0.061000000685453415,0.18299999833106995,2.134000062942505,1776886029.275
-2.98799991607666,-0.5490000247955322,2.25600004196167,1776886029.3
-0.24400000274181366,1.0980000495910645,5.0,1776886029.314
0.061000000685453415,0.12200000137090683,-1.4630000591278076,1776886029.734
0.12200000137090683,0.24400000274181366,-1.5850000381469727,1776886029.76
-0.061000000685453415,0.18299999833106995,-1.4630000591278076,1776886029.778
-0.061000000685453415,0.18299999833106995,-1.4630000591278076,1776886029.795
-0.061000000685453415,0.18299999833106995,-1.4630000591278076,1776886029.817
0.061000000685453415,0.24400000274181366,-1.5240000486373901,1776886030.235
0.0,0.3659999966621399,-1.4630000591278076,1776886030.262
-0.4880000054836273,0.24400000274181366,-0.3050000071525574,1776886030.275
-15.366000175476074,0.12200000137090683,0.3050000071525574,1776886030.303
-0.7319999933242798,-0.24400000274181366,6.28000020980835,1776886030.316
-1.8289999961853027,6.21999979019165,40.97600173950195,1776886030.736
5.0,-0.9150000214576721,39.87799835205078,1776886030.763
7.866000175476074,7.01200008392334,30.06100082397461,1776886030.775
6.341000080108643,-15.48799991607666,34.38999938964844,1776886030.801
6.341000080108643,-15.48799991607666,34.38999938964844,1776886030.816
-0.18299999833106995,0.3050000071525574,-1.9509999752044678,1776886031.235
0.4269999861717224,0.4269999861717224,-1.5850000381469727,1776886031.262
0.12200000137090683,0.18299999833106995,-1.4630000591278076,1776886031.275
-0.12200000137090683,0.061000000685453415,-1.8899999856948853,1776886031.3
0.061000000685453415,0.3659999966621399,-1.5240000486373901,1776886031.315
0.12200000137090683,0.3050000071525574,-1.5850000381469727,1776886031.735
-0.061000000685453415,0.24400000274181366,-1.5850000381469727,1776886031.76
0.061000000685453415,0.18299999833106995,-1.5850000381469727,1776886031.776
0.12200000137090683,0.3659999966621399,-1.4630000591278076,1776886031.802
0.12200000137090683,0.24400000274181366,14.085000038146973,1776886031.815
-8.232000350952148,-1.4019999504089355,1.340999960899353,1776886032.241
-20.0,12.317000389099121,-1.2799999713897705,1776886032.257
-20.488000869750977,12.378000259399414,-4.816999912261963,1776886032.285
28.292999267578125,-47.25600051879883,6.951000213623047,1776886032.296
16.340999603271484,-34.512001037597656,12.805000305175781,1776886032.315
-37.86600112915039,-79.87799835205078,-21.03700065612793,1776886032.741
-33.354000091552734,29.572999954223633,-32.25600051879883,1776886032.755
-27.011999130249023,48.720001220703125,42.13399887084961,1776886032.781
-35.54899978637695,79.38999938964844,22.43899917602539,1776886032.795
-10.0,47.62200164794922,19.69499969482422,1776886032.818
-39.32899856567383,36.0369987487793,-2.378000020980835,1776886033.255
-33.720001220703125,30.183000564575195,2.5,1776886033.28
-31.097999572753906,31.584999084472656,2.194999933242798,1776886033.295
-29.511999130249023,31.402000427246094,-1.4630000591278076,1776886033.321
-23.902000427246094,24.145999908447266,-2.194999933242798,1776886033.335
17.988000869750977,-22.43899917602539,6.76800012588501,1776886033.741
6.4629998207092285,-1.2200000286102295,14.145999908447266,1776886033.762
-2.438999891281128,-0.7929999828338623,8.232000350952148,1776886033.776
-1.2799999713897705,-2.134000062942505,-17.011999130249023,1776886033.802
-3.2929999828338623,4.206999778747559,-2.316999912261963,1776886033.815
1.2799999713897705,-1.4019999504089355,-0.7929999828338623,1776886034.255
0.3659999966621399,-0.3659999966621399,-1.7680000066757202,1776886034.282
-0.12200000137090683,0.3050000071525574,-1.340999960899353,1776886034.295
-0.7319999933242798,1.2799999713897705,-2.072999954223633,1776886034.321
-1.0980000495910645,1.2799999713897705,-2.378000020980835,1776886034.336
1.7680000066757202,0.3050000071525574,5.060999870300293,1776886034.763
2.74399995803833,-2.683000087738037,1.9509999752044678,1776886034.777
4.02400016784668,-4.085000038146973,2.621999979019165,1776886034.803
1.2799999713897705,-1.9509999752044678,6.0370001792907715,1776886034.815
1.5850000381469727,-2.194999933242798,-2.134000062942505,1776886034.841
9.633999824523926,-7.683000087738037,7.377999782562256,1776886035.261
7.195000171661377,-2.072999954223633,3.7799999713897705,1776886035.275
6.21999979019165,-8.048999786376953,0.0,1776886035.301
6.951000213623047,-7.927000045776367,4.206999778747559,1776886035.315
1.9509999752044678,-0.7929999828338623,1.5850000381469727,1776886035.34
16.82900047302246,10.0,22.43899917602539,1776886035.776
-9.817000389099121,12.133999824523926,40.30500030517578,1776886035.803
-2.072999954223633,18.415000915527344,66.88999938964844,1776886035.815
10.609999656677246,17.43899917602539,27.621999740600586,1776886035.84
-6.951000213623047,22.865999221801758,42.25600051879883,1776886035.855
20.365999221801758,4.26800012588501,19.02400016784668,1776886036.281
-21.402000427246094,-11.036999702453613,45.12200164794922,1776886036.295
-11.706999778747559,13.720000267028809,54.75600051879883,1776886036.322
21.402000427246094,-15.548999786376953,25.854000091552734,1776886036.345
-28.597999572753906,23.780000686645508,48.231998443603516,1776886036.355
0.18299999833106995,0.061000000685453415,-1.9509999752044678,1776886036.775
0.18299999833106995,0.12200000137090683,-2.378000020980835,1776886036.801
-0.12200000137090683,0.3659999966621399,-0.6710000038146973,1776886036.815
-0.18299999833106995,0.3659999966621399,-1.5240000486373901,1776886036.841
0.12200000137090683,0.3659999966621399,-1.2799999713897705,1776886036.855
-0.061000000685453415,0.24400000274181366,-1.5240000486373901,1776886037.261
-0.12200000137090683,0.3659999966621399,-1.4630000591278076,1776886037.275
0.0,0.3050000071525574,-1.5240000486373901,1776886037.3
0.061000000685453415,0.18299999833106995,-1.5240000486373901,1776886037.315
0.0,0.3050000071525574,-1.5240000486373901,1776886037.341
-1.0369999408721924,0.3050000071525574,-1.5240000486373901,1776886037.755
2.5,0.3050000071525574,0.0,1776886037.78
0.8539999723434448,1.0980000495910645,3.2929999828338623,1776886037.795
0.9150000214576721,1.5240000486373901,-1.4630000591278076,1776886037.821
3.6589999198913574,2.805000066757202,-4.451000213623047,1776886037.835
-84.02400207519531,128.0489959716797,-23.110000610351562,1776886038.261
-141.76800537109375,56.159000396728516,-19.634000778198242,1776886038.275
-143.29299926757812,41.0369987487793,-12.805000305175781,1776886038.301
-51.584999084472656,37.43899917602539,-23.96299934387207,1776886038.319
8.963000297546387,-3.5369999408721924,-37.37799835205078,1776886038.337
-102.56099700927734,-100.85399627685547,-28.840999603271484,1776886038.775
-120.6709976196289,-49.512001037597656,-22.865999221801758,1776886038.802
29.572999954223633,-79.14600372314453,-10.366000175476074,1776886038.819
45.426998138427734,-41.220001220703125,15.548999786376953,1776886038.838
20.427000045776367,-40.30500030517578,-2.561000108718872,1776886038.855
7.622000217437744,4.816999912261963,3.0490000247955322,1776886039.281
-4.633999824523926,-5.548999786376953,2.01200008392334,1776886039.296
-4.145999908447266,-1.8289999961853027,2.621999979019165,1776886039.322
-0.5490000247955322,0.4269999861717224,2.438999891281128,1776886039.335
0.061000000685453415,0.24400000274181366,-1.159000039100647,1776886039.363
0.18299999833106995,0.18299999833106995,-1.5240000486373901,1776886039.78
0.0,0.18299999833106995,-1.5240000486373901,1776886039.795
0.0,0.12200000137090683,-1.5240000486373901,1776886039.821
0.0,0.18299999833106995,-17.072999954223633,1776886039.835
0.0,0.3050000071525574,-1.5850000381469727,1776886039.861
-0.061000000685453415,0.3050000071525574,-1.5240000486373901,1776886040.286
0.0,0.12200000137090683,-1.5240000486373901,1776886040.297
0.0,0.24400000274181366,-1.5850000381469727,1776886040.322
0.061000000685453415,0.3050000071525574,-1.5240000486373901,1776886040.336
0.061000000685453415,0.18299999833106995,-1.5240000486373901,1776886040.362
-4.939000129699707,16.951000213623047,-5.0,1776886040.781
-10.0,22.072999954223633,-7.25600004196167,1776886040.795
-4.877999782562256,30.915000915527344,-4.451000213623047,1776886040.815
-5.793000221252441,31.951000213623047,-6.52400016784668,1776886040.841
-15.854000091552734,42.68299865722656,1.0369999408721924,1776886040.855
-23.659000396728516,35.54899978637695,41.4630012512207,1776886041.281
-27.256000518798828,72.68299865722656,35.854000091552734,1776886041.297
-43.415000915527344,102.62200164794922,17.072999954223633,1776886041.328
-148.90199279785156,116.15899658203125,94.69499969482422,1776886041.338
-168.59800720214844,174.0850067138672,91.34100341796875,1776886041.355
-12.072999954223633,-37.19499969482422,11.159000396728516,1776886041.777
-33.5369987487793,-20.365999221801758,10.609999656677246,1776886041.803
-36.0369987487793,-34.63399887084961,17.621999740600586,1776886041.815
-59.32899856567383,-36.402000427246094,26.82900047302246,1776886041.841
-80.97599792480469,-28.17099952697754,19.816999435424805,1776886041.856
2.5,2.438999891281128,-0.9150000214576721,1776886042.276
3.5980000495910645,4.328999996185303,-1.2200000286102295,1776886042.302
2.865999937057495,4.145999908447266,-0.7319999933242798,1776886042.315
-0.18299999833106995,-0.12200000137090683,-1.2799999713897705,1776886042.341
-1.2200000286102295,-0.4269999861717224,-3.0490000247955322,1776886042.356
-0.18299999833106995,0.12200000137090683,-1.5240000486373901,1776886042.775
-0.12200000137090683,0.12200000137090683,-1.4019999504089355,1776886042.801
-0.061000000685453415,0.24400000274181366,-1.4630000591278076,1776886042.816
0.24400000274181366,0.4269999861717224,-1.4630000591278076,1776886042.841
0.18299999833106995,0.4880000054836273,-1.5850000381469727,1776886042.856
-0.061000000685453415,0.24400000274181366,-1.4630000591278076,1776886043.301
5.48799991607666,3.9630000591278076,-4.26800012588501,1776886043.315
16.951000213623047,26.03700065612793,-4.51200008392334,1776886043.342
39.02399826049805,36.159000396728516,6.4629998207092285,1776886043.355
59.81700134277344,59.63399887084961,11.340999603271484,1776886043.38
87.80500030517578,-24.756000518798828,-1.8899999856948853,1776886043.777
86.76799774169922,-20.365999221801758,0.6710000038146973,1776886043.803
72.25599670410156,-21.82900047302246,0.0,1776886043.815
34.32899856567383,-15.548999786376953,-5.48799991607666,1776886043.841
6.645999908447266,-9.817000389099121,-3.9019999504089355,1776886043.857
-2.194999933242798,-0.12200000137090683,71.34100341796875,1776886044.295
11.036999702453613,8.902000427246094,23.597999572753906,1776886044.324
2.74399995803833,16.03700065612793,-17.19499969482422,1776886044.342
6.28000020980835,6.951000213623047,-18.415000915527344,1776886044.356
4.145999908447266,-6.76800012588501,-8.048999786376953,1776886044.381
0.12200000137090683,0.18299999833106995,-1.4019999504089355,1776886044.798
-0.061000000685453415,0.24400000274181366,-1.4019999504089355,1776886044.815
-0.12200000137090683,0.24400000274181366,-1.4019999504089355,1776886044.841
0.061000000685453415,0.12200000137090683,-1.5850000381469727,1776886044.855
0.12200000137090683,0.18299999833106995,-1.5240000486373901,1776886044.881
0.0,0.3050000071525574,-1.4630000591278076,1776886045.296
0.061000000685453415,0.24400000274181366,-1.4630000591278076,1776886045.322
0.0,0.3050000071525574,-17.072999954223633,1776886045.335
0.0,0.18299999833106995,-1.5240000486373901,1776886045.362
-0.18299999833106995,0.12200000137090683,-1.7680000066757202,1776886045.377
0.4880000054836273,-0.6710000038146973,-6.4019999504089355,1776886045.797
2.25600004196167,0.3050000071525574,-4.939000129699707,1776886045.815
-2.25600004196167,0.9760000109672546,-5.548999786376953,1776886045.841
2.194999933242798,-0.4880000054836273,-1.7680000066757202,1776886045.855
1.8899999856948853,0.7319999933242798,-3.4149999618530273,1776886045.881
-4.085000038146973,0.4880000054836273,-1.9509999752044678,1776886046.302
-1.2200000286102295,-4.51200008392334,-13.840999603271484,1776886046.319
-1.0980000495910645,-0.18299999833106995,-7.377999782562256,1776886046.336
0.9150000214576721,2.378000020980835,-17.621999740600586,1776886046.362
-1.0369999408721924,-0.4269999861717224,-19.634000778198242,1776886046.376
1.0369999408721924,-7.439000129699707,-33.47600173950195,1776886046.801
1.0369999408721924,-7.439000129699707,-33.47600173950195,1776886046.818
1.2200000286102295,-10.548999786376953,-36.707000732421875,1776886046.835
-17.072999954223633,-4.02400016784668,-54.02399826049805,1776886046.861
-5.73199987411499,6.52400016784668,-58.292999267578125,1776886046.875
1.159000039100647,1.340999960899353,1.340999960899353,1776886047.296
0.18299999833106995,0.3050000071525574,-2.561000108718872,1776886047.322
0.0,-0.3050000071525574,-3.6589999198913574,1776886047.335
-0.12200000137090683,0.6100000143051147,-0.3050000071525574,1776886047.361
-0.3659999966621399,0.18299999833106995,-1.7680000066757202,1776886047.377
0.061000000685453415,0.24400000274181366,-1.7070000171661377,1776886047.815
0.061000000685453415,0.24400000274181366,-1.7070000171661377,1776886047.841
-0.12200000137090683,0.3050000071525574,-1.5240000486373901,1776886047.856
0.0,0.3659999966621399,-1.5850000381469727,1776886047.881
0.061000000685453415,0.3050000071525574,-1.5850000381469727,1776886047.895
3.1710000038146973,4.26800012588501,-0.7929999828338623,1776886048.315
7.927000045776367,4.389999866485596,-5.427000045776367,1776886048.341
2.5,11.097999572753906,-22.621999740600586,1776886048.357
-7.072999954223633,-7.133999824523926,-12.927000045776367,1776886048.375
-10.121999740600586,-2.438999891281128,-3.1710000038146973,1776886048.401
1.8289999961853027,3.5980000495910645,-2.683000087738037,1776886048.822
1.8289999961853027,3.5980000495910645,-2.683000087738037,1776886048.836
1.8289999961853027,3.5980000495910645,-2.683000087738037,1776886048.862
-14.451000213623047,2.621999979019165,0.0,1776886048.879
-16.340999603271484,2.25600004196167,9.694999694824219,1776886048.896
-1.2799999713897705,-0.061000000685453415,-1.6460000276565552,1776886049.325
1.8289999961853027,0.0,-6.645999908447266,1776886049.335
-1.9509999752044678,0.3659999966621399,-3.1710000038146973,1776886049.361
2.74399995803833,-0.061000000685453415,-2.74399995803833,1776886049.378
14.451000213623047,-0.4880000054836273,-6.889999866485596,1776886049.395
-0.6100000143051147,0.7929999828338623,-7.927000045776367,1776886049.822
-0.6100000143051147,0.7929999828338623,-7.927000045776367,1776886049.839
-0.6100000143051147,0.7929999828338623,-7.927000045776367,1776886049.856
1.7680000066757202,0.5490000247955322,-8.048999786376953,1776886049.882
1.340999960899353,-0.7319999933242798,-9.939000129699707,1776886049.895
7.439000129699707,-0.4880000054836273,-48.47600173950195,1776886050.323
3.2929999828338623,0.7319999933242798,-49.63399887084961,1776886050.337
-0.3050000071525574,-1.5850000381469727,-54.87799835205078,1776886050.356
3.6589999198913574,-3.7799999713897705,-54.512001037597656,1776886050.382
-0.6100000143051147,-12.01200008392334,-51.52399826049805,1776886050.399
-12.927000045776367,-18.659000396728516,-81.95099639892578,1776886050.815
-16.889999389648438,-2.072999954223633,-69.69499969482422,1776886050.841
-16.889999389648438,-2.072999954223633,-69.69499969482422,1776886050.855
-16.889999389648438,-2.072999954223633,-69.69499969482422,1776886050.881
-4.451000213623047,-5.97599983215332,-48.11000061035156,1776886050.896
-12.378000259399414,9.633999824523926,-23.53700065612793,1776886051.335
2.621999979019165,5.48799991607666,-25.243999481201172,1776886051.361
1.0369999408721924,-1.159000039100647,30.243999481201172,1776886051.376
-1.8289999961853027,-0.061000000685453415,60.487998962402344,1776886051.401
16.52400016784668,17.378000259399414,28.53700065612793,1776886051.415
0.0,0.3050000071525574,-1.340999960899353,1776886051.815
0.061000000685453415,0.7319999933242798,-1.5240000486373901,1776886051.841
0.061000000685453415,0.7319999933242798,-1.5240000486373901,1776886051.857
0.061000000685453415,0.7319999933242798,-1.5240000486373901,1776886051.883
0.0,0.4269999861717224,-1.4630000591278076,1776886051.895
-9.755999565124512,11.52400016784668,-2.25600004196167,1776886052.337
-6.0980000495910645,0.4269999861717224,-5.97599983215332,1776886052.363
-2.194999933242798,-4.633999824523926,-7.25600004196167,1776886052.375
-2.194999933242798,-4.633999824523926,-7.25600004196167,1776886052.403
-2.194999933242798,-4.633999824523926,-7.25600004196167,1776886052.416
3.9019999504089355,-1.0980000495910645,0.4880000054836273,1776886052.816
2.621999979019165,-3.4760000705718994,-2.134000062942505,1776886052.842
-8.354000091552734,-7.195000171661377,-1.8899999856948853,1776886052.856
-13.170999526977539,-3.6589999198913574,-1.9509999752044678,1776886052.881
-3.4760000705718994,3.4149999618530273,-0.4880000054836273,1776886052.896
-3.7200000286102295,-8.659000396728516,-3.2320001125335693,1776886053.342
-8.170999526977539,-15.182999610900879,-5.73199987411499,1776886053.359
-9.451000213623047,-11.706999778747559,-3.9630000591278076,1776886053.375
-3.9630000591278076,1.0369999408721924,-1.7680000066757202,1776886053.401
-3.9630000591278076,1.0369999408721924,-1.7680000066757202,1776886053.416
-1.4630000591278076,-0.24400000274181366,-0.7319999933242798,1776886053.841
0.3659999966621399,-0.061000000685453415,-0.3659999966621399,1776886053.857
2.25600004196167,0.7319999933242798,-6.951000213623047,1776886053.875
3.4760000705718994,-1.4630000591278076,5.0,1776886053.901
1.0369999408721924,0.5490000247955322,4.695000171661377,1776886053.915
0.3050000071525574,1.9509999752044678,0.7319999933242798,1776886054.338
-0.3050000071525574,-0.4269999861717224,2.25600004196167,1776886054.363
-1.5850000381469727,0.3050000071525574,2.25600004196167,1776886054.375
1.8289999961853027,0.12200000137090683,0.3659999966621399,1776886054.401
1.8289999961853027,0.12200000137090683,0.3659999966621399,1776886054.416
-2.98799991607666,-0.061000000685453415,1.8899999856948853,1776886054.836
0.6710000038146973,1.4019999504089355,15.427000045776367,1776886054.862
-1.8899999856948853,-0.3659999966621399,12.378000259399414,1776886054.875
-0.3050000071525574,-1.7680000066757202,10.0,1776886054.901
1.0369999408721924,0.0,17.927000045776367,1776886054.915
6.4629998207092285,8.720000267028809,53.17100143432617,1776886055.343
-18.47599983215332,0.9150000214576721,43.04899978637695,1776886055.358
14.633999824523926,-2.865999937057495,55.67100143432617,1776886055.377
14.633999824523926,-2.865999937057495,55.67100143432617,1776886055.403
14.633999824523926,-2.865999937057495,55.67100143432617,1776886055.415
-4.816999912261963,-15.670999526977539,54.75600051879883,1776886055.835
15.854000091552734,-14.633999824523926,58.47600173950195,1776886055.856
-7.195000171661377,8.720000267028809,53.17100143432617,1776886055.882
-23.96299934387207,-2.98799991607666,51.82899856567383,1776886055.895
-17.256000518798828,-18.415000915527344,60.30500030517578,1776886055.921
25.97599983215332,12.805000305175781,63.415000915527344,1776886056.337
3.8410000801086426,2.316999912261963,49.268001556396484,1776886056.365
-11.585000038146973,-0.24400000274181366,49.69499969482422,1776886056.376
10.609999656677246,-2.316999912261963,62.926998138427734,1776886056.402
15.670999526977539,1.8899999856948853,53.779998779296875,1776886056.415
0.0,0.5490000247955322,-1.5240000486373901,1776886057.359
0.061000000685453415,0.061000000685453415,-1.6460000276565552,1776886057.377
0.12200000137090683,0.3659999966621399,-1.4630000591278076,1776886057.395
-0.061000000685453415,0.3659999966621399,-1.4630000591278076,1776886057.421
0.061000000685453415,0.12200000137090683,-1.5850000381469727,1776886057.441
0.0,0.18299999833106995,-1.5850000381469727,1776886057.841
0.0,0.18299999833106995,-1.5850000381469727,1776886057.856
-0.061000000685453415,0.18299999833106995,-1.5240000486373901,1776886057.883
0.0,0.18299999833106995,-1.5850000381469727,1776886057.897
0.0,0.24400000274181366,-1.5240000486373901,1776886057.924
1.4019999504089355,0.6710000038146973,3.109999895095825,1776886058.336
-1.2200000286102295,0.7319999933242798,0.7319999933242798,1776886058.362
2.072999954223633,-0.9150000214576721,-0.12200000137090683,1776886058.375
-0.9760000109672546,1.2200000286102295,2.621999979019165,1776886058.401
2.316999912261963,-1.2799999713897705,3.1710000038146973,1776886058.415
-3.0490000247955322,-7.927000045776367,-2.621999979019165,1776886058.855
-4.26800012588501,-8.354000091552734,-3.1710000038146973,1776886058.881
-3.4149999618530273,-7.683000087738037,-2.194999933242798,1776886058.895
-0.6710000038146973,-6.52400016784668,13.414999961853027,1776886058.926
13.414999961853027,-1.5850000381469727,3.6589999198913574,1776886058.936
-17.011999130249023,10.732000350952148,-5.610000133514404,1776886059.358
-17.072999954223633,5.671000003814697,-7.439000129699707,1776886059.389
-14.02400016784668,0.4269999861717224,-5.183000087738037,1776886059.401
-6.0370001792907715,-3.9019999504089355,-0.5490000247955322,1776886059.415
-2.134000062942505,-3.109999895095825,-1.7070000171661377,1776886059.441
-20.548999786376953,-1.2200000286102295,-9.51200008392334,1776886059.855
3.2929999828338623,-18.23200035095215,1.7680000066757202,1776886059.881
40.36600112915039,-11.706999778747559,-8.47599983215332,1776886059.895
54.145999908447266,18.53700065612793,-22.011999130249023,1776886059.923
1.0980000495910645,-10.060999870300293,-16.645999908447266,1776886059.937
-0.6710000038146973,0.061000000685453415,-0.5490000247955322,1776886060.361
-0.4269999861717224,0.18299999833106995,-2.5,1776886060.375
-0.3050000071525574,0.18299999833106995,-1.340999960899353,1776886060.402
-0.5490000247955322,0.0,-1.7070000171661377,1776886060.416
0.3050000071525574,-0.3659999966621399,-4.02400016784668,1776886060.442
0.8539999723434448,-1.0369999408721924,-11.036999702453613,1776886060.858
-1.9509999752044678,-0.5490000247955322,-8.048999786376953,1776886060.884
0.7929999828338623,-1.0369999408721924,-9.206999778747559,1776886060.895
1.5850000381469727,0.3659999966621399,-6.889999866485596,1776886060.921
2.74399995803833,0.5490000247955322,-7.927000045776367,1776886060.935
-2.805000066757202,-6.0980000495910645,-30.854000091552734,1776886061.357
2.072999954223633,-2.01200008392334,-20.243999481201172,1776886061.383
9.02400016784668,-2.134000062942505,-20.183000564575195,1776886061.395
6.21999979019165,-1.9509999752044678,-25.0,1776886061.421
5.304999828338623,2.98799991607666,-51.0369987487793,1776886061.436
2.316999912261963,-8.170999526977539,-37.012001037597656,1776886061.858
-8.779999732971191,4.572999954223633,-46.82899856567383,1776886061.884
-15.060999870300293,8.963000297546387,-54.32899856567383,1776886061.895
3.7799999713897705,6.158999919891357,-44.81700134277344,1776886061.921
11.097999572753906,-5.122000217437744,-48.779998779296875,1776886061.94
3.2929999828338623,5.24399995803833,-24.93899917602539,1776886062.362
3.5980000495910645,-3.2320001125335693,-29.93899917602539,1776886062.375
-4.75600004196167,-3.4149999618530273,-35.18299865722656,1776886062.401
-2.194999933242798,-9.817000389099121,-36.88999938964844,1776886062.417
-8.597999572753906,-4.572999954223633,-44.38999938964844,1776886062.445
17.134000778198242,-5.793000221252441,-46.4630012512207,1776886062.862
-21.584999084472656,-36.097999572753906,-63.5369987487793,1776886062.886
-50.487998962402344,-30.73200035095215,-87.86599731445312,1776886062.898
-54.32899856567383,-9.02400016784668,-114.14600372314453,1776886062.923
19.02400016784668,47.74399948120117,-88.77999877929688,1776886062.935
-0.18299999833106995,0.4880000054836273,1.5850000381469727,1776886063.361
0.5490000247955322,-0.8539999723434448,-3.5369999408721924,1776886063.376
-0.4880000054836273,0.061000000685453415,-2.438999891281128,1776886063.403
-0.24400000274181366,0.3659999966621399,-1.340999960899353,1776886063.416
0.0,-0.18299999833106995,-3.0490000247955322,1776886063.442
-0.061000000685453415,0.3050000071525574,-1.5240000486373901,1776886063.858
0.0,0.24400000274181366,-1.5240000486373901,1776886063.884
0.12200000137090683,0.24400000274181366,-1.4019999504089355,1776886063.895
0.061000000685453415,0.3050000071525574,-1.4630000591278076,1776886063.921
0.0,0.24400000274181366,-1.5240000486373901,1776886063.937
0.061000000685453415,0.3050000071525574,-1.5850000381469727,1776886064.362
0.061000000685453415,0.3050000071525574,-1.5240000486373901,1776886064.375
0.061000000685453415,0.18299999833106995,-1.5850000381469727,1776886064.401
0.0,0.18299999833106995,-1.5240000486373901,1776886064.417
0.061000000685453415,0.3050000071525574,-1.5850000381469727,1776886064.436
0.5490000247955322,0.5490000247955322,-0.4880000054836273,1776886064.861
0.3659999966621399,0.24400000274181366,-1.7070000171661377,1776886064.88
0.7319999933242798,0.3659999966621399,13.779999732971191,1776886064.896
0.12200000137090683,0.6100000143051147,2.194999933242798,1776886064.922
-1.159000039100647,2.683000087738037,6.4629998207092285,1776886064.935
0.9760000109672546,-1.8289999961853027,12.621999740600586,1776886065.377
-0.18299999833106995,-0.5490000247955322,6.889999866485596,1776886065.395
-0.24400000274181366,-1.340999960899353,4.939000129699707,1776886065.421
-2.316999912261963,0.7929999828338623,2.561000108718872,1776886065.44
1.5240000486373901,0.24400000274181366,4.877999782562256,1776886065.456
-0.3659999966621399,0.6710000038146973,-0.061000000685453415,1776886065.856
-0.3659999966621399,0.6100000143051147,1.0980000495910645,1776886065.883
-4.085000038146973,1.8899999856948853,9.572999954223633,1776886065.895
2.98799991607666,1.7070000171661377,5.366000175476074,1776886065.923
0.4880000054836273,-0.061000000685453415,9.51200008392334,1776886065.935
-0.3659999966621399,-0.18299999833106995,-2.805000066757202,1776886066.375
-15.060999870300293,0.4269999861717224,-1.6460000276565552,1776886066.401
-0.5490000247955322,0.6710000038146973,-4.145999908447266,1776886066.416
0.3050000071525574,-0.3050000071525574,0.4269999861717224,1776886066.443
0.061000000685453415,0.18299999833106995,-2.25600004196167,1776886066.456
-0.061000000685453415,0.24400000274181366,-1.5240000486373901,1776886067.376
0.061000000685453415,0.3050000071525574,-1.4630000591278076,1776886067.402
0.061000000685453415,0.3050000071525574,-1.5240000486373901,1776886067.415
0.0,0.24400000274181366,-1.4630000591278076,1776886067.441
-0.061000000685453415,0.24400000274181366,-1.5240000486373901,1776886067.456
0.061000000685453415,0.6100000143051147,-2.378000020980835,1776886067.892
-0.3050000071525574,0.061000000685453415,0.3050000071525574,1776886067.903
1.340999960899353,-0.061000000685453415,-0.4269999861717224,1776886067.916
-0.7929999828338623,-0.3050000071525574,2.134000062942505,1776886067.941
-1.340999960899353,0.061000000685453415,1.0369999408721924,1776886067.955
-1.7680000066757202,-0.12200000137090683,-2.01200008392334,1776886068.379
-1.7680000066757202,-0.12200000137090683,-2.01200008392334,1776886068.398
-1.6460000276565552,0.9760000109672546,-0.7929999828338623,1776886068.415
-0.9760000109672546,0.3050000071525574,7.195000171661377,1776886068.441
3.7200000286102295,0.3050000071525574,5.73199987411499,1776886068.455
-0.6100000143051147,1.2799999713897705,15.854000091552734,1776886068.876
-1.9509999752044678,0.4269999861717224,25.854000091552734,1776886068.902
-1.8289999961853027,2.072999954223633,35.487998962402344,1776886068.916
2.194999933242798,-6.0980000495910645,44.87799835205078,1776886068.941
7.072999954223633,-6.52400016784668,59.45100021362305,1776886068.956
0.061000000685453415,0.061000000685453415,-0.3050000071525574,1776886069.376
-0.18299999833106995,0.061000000685453415,-1.4630000591278076,1776886069.402
-0.18299999833106995,0.061000000685453415,-1.4630000591278076,1776886069.415
-0.18299999833106995,0.061000000685453415,-1.4630000591278076,1776886069.441
-0.12200000137090683,0.24400000274181366,-1.7680000066757202,1776886069.458
0.12200000137090683,0.3050000071525574,-1.2799999713897705,1776886069.903
0.061000000685453415,0.24400000274181366,-1.6460000276565552,1776886069.916
0.061000000685453415,0.18299999833106995,-1.4630000591278076,1776886069.944
0.0,0.24400000274181366,-1.4019999504089355,1776886069.955
0.0,0.12200000137090683,-0.6710000038146973,1776886069.981
-0.061000000685453415,0.24400000274181366,-1.5850000381469727,1776886070.398
0.12200000137090683,0.12200000137090683,-1.2799999713897705,1776886070.416
0.12200000137090683,0.12200000137090683,-1.2799999713897705,1776886070.442
0.12200000137090683,0.12200000137090683,-1.2799999713897705,1776886070.455
0.0,0.18299999833106995,-1.7070000171661377,1776886070.483
0.061000000685453415,0.24400000274181366,-1.6460000276565552,1776886070.899
0.0,0.12200000137090683,-3.2320001125335693,1776886070.916
-0.4880000054836273,0.24400000274181366,-2.621999979019165,1776886070.943
0.18299999833106995,0.18299999833106995,-0.4880000054836273,1776886070.956
-0.12200000137090683,0.4269999861717224,-2.25600004196167,1776886070.983
-5.854000091552734,5.48799991607666,3.9019999504089355,1776886071.408
-0.3050000071525574,2.25600004196167,-4.145999908447266,1776886071.418
0.9150000214576721,1.340999960899353,-9.451000213623047,1776886071.444
-0.4269999861717224,-4.51200008392334,-9.878000259399414,1776886071.457
-0.4269999861717224,-4.51200008392334,-9.878000259399414,1776886071.476
-1.340999960899353,0.18299999833106995,-5.97599983215332,1776886071.895
2.378000020980835,0.0,0.4880000054836273,1776886071.921
-2.621999979019165,0.12200000137090683,-0.9760000109672546,1776886071.936
2.316999912261963,0.4880000054836273,-1.159000039100647,1776886071.962
-0.061000000685453415,0.18299999833106995,1.7680000066757202,1776886071.975
-0.061000000685453415,0.12200000137090683,-1.5240000486373901,1776886072.402
-0.12200000137090683,0.24400000274181366,-1.6460000276565552,1776886072.417
0.061000000685453415,0.3050000071525574,-1.5850000381469727,1776886072.444
0.061000000685453415,0.3050000071525574,-1.5240000486373901,1776886072.456
0.061000000685453415,0.24400000274181366,-1.4630000591278076,1776886072.481
3.4149999618530273,1.0369999408721924,2.927000045776367,1776886072.897
-0.4269999861717224,0.0,1.9509999752044678,1776886072.924
-1.2799999713897705,1.0369999408721924,0.4269999861717224,1776886072.935
2.5,0.12200000137090683,4.939000129699707,1776886072.961
-0.4269999861717224,0.4880000054836273,1.159000039100647,1776886072.976
-5.0,0.4269999861717224,7.439000129699707,1776886073.396
-10.609999656677246,-2.561000108718872,8.779999732971191,1776886073.421
10.121999740600586,3.1710000038146973,23.47599983215332,1776886073.436
-4.389999866485596,-13.840999603271484,20.610000610351562,1776886073.464
5.24399995803833,-3.2929999828338623,25.792999267578125,1776886073.476
3.6589999198913574,3.2929999828338623,16.097999572753906,1776886073.896
2.378000020980835,2.25600004196167,11.220000267028809,1776886073.922
-1.4630000591278076,-0.12200000137090683,16.645999908447266,1776886073.936
-4.02400016784668,0.0,16.219999313354492,1776886073.966
-1.0369999408721924,6.0370001792907715,10.609999656677246,1776886073.977
0.5490000247955322,-3.7799999713897705,16.889999389648438,1776886074.403
2.74399995803833,0.6710000038146973,15.182999610900879,1776886074.417
2.01200008392334,2.378000020980835,17.80500030517578,1776886074.442
0.4269999861717224,1.159000039100647,21.159000396728516,1776886074.456
-2.194999933242798,-2.683000087738037,22.134000778198242,1776886074.481
-22.988000869750977,-1.8289999961853027,-57.43899917602539,1776886074.902
-14.329000473022461,25.792999267578125,-25.792999267578125,1776886074.916
-12.01200008392334,18.47599983215332,-12.133999824523926,1776886074.936
-15.548999786376953,9.206999778747559,-9.329000473022461,1776886074.961
-2.5,-1.5240000486373901,-8.048999786376953,1776886074.976
0.0,0.3659999966621399,-1.5240000486373901,1776886075.417
0.0,0.24400000274181366,-1.5240000486373901,1776886075.443
0.0,0.24400000274181366,-1.5850000381469727,1776886075.457
-0.061000000685453415,0.3659999966621399,14.085000038146973,1776886075.483
0.0,0.24400000274181366,-1.4630000591278076,1776886075.496
0.0,0.3050000071525574,-1.5240000486373901,1776886075.899
-0.061000000685453415,0.3050000071525574,-1.5850000381469727,1776886075.924
0.0,0.24400000274181366,-1.5240000486373901,1776886075.936
0.0,0.3050000071525574,-1.5850000381469727,1776886075.961
-0.061000000685453415,0.3659999966621399,-1.4630000591278076,1776886075.976
-0.12200000137090683,-0.24400000274181366,2.01200008392334,1776886076.416
-0.5490000247955322,0.3659999966621399,-2.805000066757202,1776886076.442
0.5490000247955322,0.3659999966621399,0.4269999861717224,1776886076.456
0.5490000247955322,0.18299999833106995,0.3659999966621399,1776886076.484
-0.18299999833106995,-0.4880000054836273,4.939000129699707,1776886076.498
2.134000062942505,0.9150000214576721,-1.0369999408721924,1776886076.922
-0.3659999966621399,0.5490000247955322,-2.561000108718872,1776886076.937
0.061000000685453415,-0.12200000137090683,-0.061000000685453415,1776886076.962
0.3050000071525574,0.3050000071525574,-1.5240000486373901,1776886076.976
-3.2320001125335693,0.9760000109672546,2.805000066757202,1776886077.002
-8.659000396728516,-3.0490000247955322,47.62200164794922,1776886077.921
-3.2929999828338623,-5.48799991607666,26.340999603271484,1776886077.937
-4.26800012588501,-7.072999954223633,23.840999603271484,1776886077.963
9.878000259399414,-0.3050000071525574,41.52399826049805,1776886077.976
-6.951000213623047,2.134000062942505,26.340999603271484,1776886078.002
8.414999961853027,-7.74399995803833,34.87799835205078,1776886078.417
-1.2799999713897705,-0.24400000274181366,38.415000915527344,1776886078.442
-5.183000087738037,-5.73199987411499,45.54899978637695,1776886078.456
4.75600004196167,4.633999824523926,48.902000427246094,1776886078.483
-8.779999732971191,6.76800012588501,33.9630012512207,1776886078.496
0.24400000274181366,-0.9150000214576721,-1.8289999961853027,1776886078.923
0.0,0.7319999933242798,-1.8899999856948853,1776886078.936
-15.366000175476074,0.6710000038146973,-0.4880000054836273,1776886078.962
0.18299999833106995,-0.3050000071525574,-2.438999891281128,1776886078.976
0.061000000685453415,-0.061000000685453415,-2.01200008392334,1776886079.003
0.0,0.24400000274181366,-1.5240000486373901,1776886079.416
0.0,0.3050000071525574,-1.5240000486373901,1776886079.447
-0.061000000685453415,0.24400000274181366,-1.5240000486373901,1776886079.458
0.061000000685453415,0.18299999833106995,-1.5240000486373901,1776886079.484
0.061000000685453415,0.3050000071525574,-1.5240000486373901,1776886079.496
-0.18299999833106995,0.3050000071525574,5.48799991607666,1776886079.919
-1.159000039100647,1.340999960899353,4.816999912261963,1776886079.936
-1.159000039100647,0.6710000038146973,-3.5980000495910645,1776886079.962
-0.4269999861717224,-0.12200000137090683,-1.6460000276565552,1776886079.976
0.061000000685453415,0.24400000274181366,0.8539999723434448,1776886080.001
5.671000003814697,-1.7070000171661377,26.280000686645508,1776886080.436
4.02400016784668,1.7070000171661377,30.915000915527344,1776886080.457
0.4269999861717224,-4.389999866485596,27.927000045776367,1776886080.483
-1.8289999961853027,-1.5240000486373901,25.610000610351562,1776886080.502
-4.572999954223633,-2.134000062942505,23.415000915527344,1776886080.516
-6.76800012588501,22.072999954223633,54.268001556396484,1776886081.416
-9.572999954223633,4.206999778747559,49.268001556396484,1776886081.442
-6.706999778747559,-11.159000396728516,61.097999572753906,1776886081.457
20.73200035095215,7.866000175476074,59.145999908447266,1776886081.483
2.072999954223633,11.706999778747559,44.573001861572266,1776886081.496
-7.01200008392334,4.572999954223633,44.69499969482422,1776886081.936
-19.451000213623047,-2.438999891281128,28.110000610351562,1776886081.961
3.5980000495910645,-12.5,26.584999084472656,1776886081.976
12.255999565124512,14.145999908447266,44.63399887084961,1776886082.002
-17.927000045776367,2.74399995803833,40.854000091552734,1776886082.016
-0.6710000038146973,0.061000000685453415,-3.4760000705718994,1776886082.436
-14.633999824523926,-0.18299999833106995,-0.6710000038146973,1776886082.462
0.061000000685453415,-0.4880000054836273,0.061000000685453415,1776886082.481
0.3050000071525574,0.12200000137090683,-2.438999891281128,1776886082.496
-0.24400000274181366,0.7319999933242798,-0.3050000071525574,1776886082.522
0.0,0.24400000274181366,-1.4019999504089355,1776886082.936
0.061000000685453415,0.3050000071525574,-1.4630000591278076,1776886082.963
0.12200000137090683,0.18299999833106995,-1.4630000591278076,1776886082.976
0.061000000685453415,0.3050000071525574,-1.4630000591278076,1776886083.002
0.0,0.24400000274181366,-1.5240000486373901,1776886083.016
0.0,0.24400000274181366,-1.4630000591278076,1776886083.441
0.0,0.24400000274181366,-1.5240000486373901,1776886083.456
0.0,0.3659999966621399,-1.5240000486373901,1776886083.482
0.0,0.18299999833106995,-1.5240000486373901,1776886083.496
0.0,0.18299999833106995,-1.340999960899353,1776886083.521
-17.621999740600586,4.75600004196167,-16.645999908447266,1776886083.938
-4.145999908447266,-1.4630000591278076,-7.377999782562256,1776886083.956
-18.110000610351562,-13.048999786376953,-13.414999961853027,1776886083.982
-27.011999130249023,-17.80500030517578,-16.889999389648438,1776886083.999
-8.170999526977539,-12.927000045776367,-12.317000389099121,1776886084.017
5.671000003814697,22.80500030517578,-1.2200000286102295,1776886084.442
5.0,24.756000518798828,-0.061000000685453415,1776886084.456
-8.840999603271484,16.645999908447266,-1.2799999713897705,1776886084.482
-11.52400016784668,14.694999694824219,-2.98799991607666,1776886084.496
2.621999979019165,8.232000350952148,-5.122000217437744,1776886084.523
-2.134000062942505,1.6460000276565552,2.072999954223633,1776886084.936
-1.5850000381469727,4.389999866485596,1.5850000381469727,1776886084.962
3.3540000915527344,-3.5369999408721924,-1.6460000276565552,1776886084.979
4.877999782562256,-4.206999778747559,-3.109999895095825,1776886084.996
6.341000080108643,-7.01200008392334,-2.25600004196167,1776886085.022
0.4880000054836273,-0.6710000038146973,-2.5,1776886085.436
0.4269999861717224,0.0,-2.683000087738037,1776886085.462
-1.2200000286102295,1.5240000486373901,-4.51200008392334,1776886085.487
-0.4880000054836273,2.25600004196167,-6.4629998207092285,1776886085.498
0.9150000214576721,-1.2200000286102295,-5.793000221252441,1776886085.524
-3.9630000591278076,3.3540000915527344,-10.121999740600586,1776886085.943
-0.3659999966621399,1.4019999504089355,-9.329000473022461,1776886085.956
1.0369999408721924,1.0980000495910645,-5.97599983215332,1776886085.983
0.24400000274181366,1.340999960899353,-3.0490000247955322,1776886085.999
2.194999933242798,-1.6460000276565552,-5.854000091552734,1776886086.017
-1.6460000276565552,4.572999954223633,-9.145999908447266,1776886086.457
-0.9760000109672546,1.159000039100647,-5.914999961853027,1776886086.483
-3.8410000801086426,5.427000045776367,-3.1710000038146973,1776886086.496
-3.9630000591278076,2.621999979019165,-14.329000473022461,1776886086.522
2.74399995803833,2.194999933242798,-17.927000045776367,1776886086.536
-0.4880000054836273,6.828999996185303,-10.548999786376953,1776886086.942
0.3050000071525574,1.9509999752044678,-16.03700065612793,1776886086.958
12.072999954223633,2.072999954223633,-27.256000518798828,1776886086.976
7.25600004196167,14.755999565124512,-56.88999938964844,1776886087.002
-0.4269999861717224,16.52400016784668,-53.5369987487793,1776886087.016
12.133999824523926,-12.439000129699707,-26.219999313354492,1776886087.456
9.085000038146973,12.01200008392334,-37.19499969482422,1776886087.476
-0.24400000274181366,10.854000091552734,-42.80500030517578,1776886087.502
0.6100000143051147,8.414999961853027,-41.4630012512207,1776886087.518
-1.8899999856948853,12.133999824523926,-43.11000061035156,1776886087.537
-1.4019999504089355,1.7070000171661377,-0.24400000274181366,1776886087.963
-1.4019999504089355,1.7070000171661377,-0.24400000274181366,1776886087.976
-2.01200008392334,1.8289999961853027,-0.5490000247955322,1776886088.002
-0.7319999933242798,0.7929999828338623,-0.7319999933242798,1776886088.019
0.6100000143051147,-0.3050000071525574,-2.194999933242798,1776886088.036
0.3050000071525574,0.061000000685453415,-1.5850000381469727,1776886088.462
0.6710000038146973,0.0,-2.378000020980835,1776886088.476
3.4760000705718994,-2.072999954223633,-3.4149999618530273,1776886088.497
2.438999891281128,-2.5,-0.8539999723434448,1776886088.523
7.927000045776367,-8.293000221252441,-2.194999933242798,1776886088.536
-15.609999656677246,9.206999778747559,13.902000427246094,1776886088.962
-15.609999656677246,9.206999778747559,13.902000427246094,1776886088.976
-15.609999656677246,9.206999778747559,13.902000427246094,1776886089.007
55.36600112915039,52.56100082397461,-6.585000038146973,1776886089.018
71.88999938964844,58.840999603271484,-3.4760000705718994,1776886089.044
-78.77999877929688,44.75600051879883,7.377999782562256,1776886089.461
-78.77999877929688,-2.5,-12.255999565124512,1776886089.476
-37.56100082397461,-12.5,-1.2799999713897705,1776886089.502
14.085000038146973,-20.67099952697754,11.585000038146973,1776886089.517
7.74399995803833,-19.69499969482422,6.4629998207092285,1776886089.542
2.5,-0.4880000054836273,6.951000213623047,1776886089.962
2.5,-0.4880000054836273,6.951000213623047,1776886089.976
2.5,-0.4880000054836273,6.951000213623047,1776886090.005
0.6710000038146973,0.6710000038146973,7.927000045776367,1776886090.016
2.134000062942505,0.6100000143051147,-1.340999960899353,1776886090.042
1.2799999713897705,0.4269999861717224,4.51200008392334,1776886090.456
15.732000350952148,0.061000000685453415,5.0,1776886090.482
4.939000129699707,0.9760000109672546,14.694999694824219,1776886090.496
3.1710000038146973,1.0980000495910645,21.76799964904785,1776886090.517
4.816999912261963,0.061000000685453415,17.865999221801758,1776886090.543
2.561000108718872,0.061000000685453415,29.451000213623047,1776886090.959
3.9019999504089355,4.633999824523926,40.67100143432617,1776886090.976
1.0980000495910645,1.0980000495910645,40.792999267578125,1776886091.002
1.0980000495910645,1.0980000495910645,40.792999267578125,1776886091.016
1.0980000495910645,1.0980000495910645,40.792999267578125,1776886091.039
-0.8539999723434448,0.7319999933242798,-1.2200000286102295,1776886091.476
-0.7319999933242798,0.24400000274181366,-2.194999933242798,1776886091.502
-0.12200000137090683,0.24400000274181366,-1.2799999713897705,1776886091.519
0.5490000247955322,0.24400000274181366,-1.7680000066757202,1776886091.536
0.061000000685453415,0.3659999966621399,14.02400016784668,1776886091.562
-0.12200000137090683,0.24400000274181366,-1.4019999504089355,1776886091.976
0.061000000685453415,0.24400000274181366,-1.4630000591278076,1776886092.002
0.061000000685453415,0.3050000071525574,-1.5850000381469727,1776886092.016
0.061000000685453415,0.3050000071525574,-1.5850000381469727,1776886092.042
0.061000000685453415,0.3050000071525574,-1.5850000381469727,1776886092.056
-8.779999732971191,3.8410000801086426,-3.0490000247955322,1776886092.481
-8.293000221252441,1.7680000066757202,-2.01200008392334,1776886092.496
-9.878000259399414,1.4019999504089355,-0.9150000214576721,1776886092.522
-12.805000305175781,-0.3659999966621399,0.24400000274181366,1776886092.536
-8.720000267028809,-1.7680000066757202,0.8539999723434448,1776886092.562
0.4269999861717224,-5.548999786376953,-1.7070000171661377,1776886092.976
-0.6710000038146973,-3.3540000915527344,-0.5490000247955322,1776886093.002
-2.621999979019165,-1.5850000381469727,-1.2799999713897705,1776886093.016
-1.9509999752044678,0.9760000109672546,-2.316999912261963,1776886093.042
13.720000267028809,2.438999891281128,-1.6460000276565552,1776886093.056
0.061000000685453415,0.3050000071525574,-1.5240000486373901,1776886093.482
0.061000000685453415,0.18299999833106995,-1.5850000381469727,1776886093.496
0.0,0.3050000071525574,-1.5850000381469727,1776886093.522
0.061000000685453415,0.3659999966621399,-1.5850000381469727,1776886093.536
0.12200000137090683,0.18299999833106995,-1.4630000591278076,1776886093.564
0.12200000137090683,0.3659999966621399,-1.7070000171661377,1776886093.979
0.6710000038146973,0.3050000071525574,-0.12200000137090683,1776886094.005
-0.6100000143051147,0.4269999861717224,-1.5240000486373901,1776886094.016
2.805000066757202,0.9150000214576721,-4.572999954223633,1776886094.042
-0.7929999828338623,1.159000039100647,2.438999891281128,1776886094.056
-0.18299999833106995,0.12200000137090683,-1.7070000171661377,1776886094.978
-0.061000000685453415,0.061000000685453415,-1.4630000591278076,1776886095.005
0.6100000143051147,0.3659999966621399,-1.4630000591278076,1776886095.016
0.0,0.3050000071525574,-1.4630000591278076,1776886095.042
-0.24400000274181366,0.18299999833106995,-1.340999960899353,1776886095.056
2.98799991607666,1.0980000495910645,-2.134000062942505,1776886095.502
-2.316999912261963,-0.6710000038146973,-9.451000213623047,1776886095.521
-1.6460000276565552,-13.840999603271484,-5.304999828338623,1776886095.544
4.633999824523926,0.9150000214576721,-5.671000003814697,1776886095.565
1.0980000495910645,-0.7929999828338623,-10.182999610900879,1776886095.576
2.01200008392334,-0.5490000247955322,-23.292999267578125,1776886095.977
1.5850000381469727,2.194999933242798,-26.46299934387207,1776886096.002
-1.5240000486373901,-0.6710000038146973,-21.402000427246094,1776886096.016
-5.24399995803833,2.561000108718872,-2.01200008392334,1776886096.042
-2.805000066757202,0.18299999833106995,-18.47599983215332,1776886096.056
2.74399995803833,-0.6710000038146973,-38.840999603271484,1776886096.496
1.7680000066757202,-2.01200008392334,-40.12200164794922,1776886096.522
1.8899999856948853,-1.8899999856948853,-35.97600173950195,1776886096.536
0.9150000214576721,-2.438999891281128,-34.45100021362305,1776886096.563
-1.2200000286102295,0.9760000109672546,-33.597999572753906,1776886096.577
-0.8539999723434448,-2.194999933242798,-31.889999389648438,1776886097.003
-4.02400016784668,6.52400016784668,-35.915000915527344,1776886097.016
0.7319999933242798,3.0490000247955322,-37.19499969482422,1776886097.042
6.706999778747559,-2.134000062942505,-37.68299865722656,1776886097.056
1.4019999504089355,-1.8289999961853027,-41.768001556396484,1776886097.076
-0.12200000137090683,0.12200000137090683,-1.7070000171661377,1776886097.496
-0.18299999833106995,0.061000000685453415,-1.5240000486373901,1776886097.524
0.18299999833106995,0.3659999966621399,-1.6460000276565552,1776886097.536
0.061000000685453415,0.24400000274181366,-1.5240000486373901,1776886097.563
0.0,0.18299999833106995,-1.4630000591278076,1776886097.576
0.12200000137090683,0.24400000274181366,-1.4630000591278076,1776886098.002
0.18299999833106995,0.18299999833106995,-2.072999954223633,1776886098.017
-0.3659999966621399,0.3659999966621399,-1.340999960899353,1776886098.045
0.12200000137090683,-0.12200000137090683,-0.5490000247955322,1776886098.056
-0.6710000038146973,0.12200000137090683,-0.6710000038146973,1776886098.082
-3.2929999828338623,5.671000003814697,-1.4019999504089355,1776886098.503
-1.7680000066757202,8.902000427246094,1.159000039100647,1776886098.516
0.6100000143051147,11.706999778747559,0.6710000038146973,1776886098.545
8.779999732971191,5.793000221252441,-2.316999912261963,1776886098.559
12.5,2.98799991607666,-2.621999979019165,1776886098.578
3.9630000591278076,12.255999565124512,4.633999824523926,1776886098.996
0.0,12.317000389099121,5.48799991607666,1776886099.023
-26.76799964904785,6.341000080108643,2.134000062942505,1776886099.039
-31.340999603271484,-2.5,-0.3050000071525574,1776886099.065
1.159000039100647,-6.21999979019165,-3.7200000286102295,1776886099.076
-0.24400000274181366,0.18299999833106995,-1.2200000286102295,1776886099.522
0.0,0.12200000137090683,-1.6460000276565552,1776886099.537
0.7319999933242798,0.24400000274181366,-1.8289999961853027,1776886099.565
0.0,0.24400000274181366,-1.340999960899353,1776886099.576
-0.18299999833106995,0.3659999966621399,-1.7070000171661377,1776886099.602
1.2200000286102295,0.3050000071525574,-6.52400016784668,1776886100.018
0.8539999723434448,0.9760000109672546,-5.854000091552734,1776886100.045
0.0,0.6710000038146973,-6.158999919891357,1776886100.056
-0.24400000274181366,1.8899999856948853,-7.804999828338623,1776886100.082
5.427000045776367,1.340999960899353,-12.317000389099121,1776886100.096
1.7680000066757202,-2.316999912261963,-21.76799964904785,1776886100.523
0.9150000214576721,-0.3659999966621399,-19.084999084472656,1776886100.536
1.0369999408721924,0.5490000247955322,-23.902000427246094,1776886100.563
2.927000045776367,-0.5490000247955322,-29.207000732421875,1776886100.586
2.5,-3.9630000591278076,-33.04899978637695,1776886100.596
1.159000039100647,4.572999954223633,-22.5,1776886101.023
2.072999954223633,-0.12200000137090683,-23.048999786376953,1776886101.041
5.914999961853027,-0.6100000143051147,-11.402000427246094,1776886101.057
4.633999824523926,1.5240000486373901,-6.4019999504089355,1776886101.083
-6.21999979019165,0.8539999723434448,1.5850000381469727,1776886101.096
0.061000000685453415,0.24400000274181366,-1.5240000486373901,1776886102.023
0.0,0.24400000274181366,-1.5850000381469727,1776886102.039
0.061000000685453415,0.3050000071525574,-1.4630000591278076,1776886102.056
0.0,0.24400000274181366,-1.5240000486373901,1776886102.082
0.061000000685453415,0.3050000071525574,-1.5240000486373901,1776886102.096
13.232000350952148,-1.6460000276565552,3.109999895095825,1776886102.523
9.939000129699707,-0.7319999933242798,5.914999961853027,1776886102.536
7.01200008392334,-2.072999954223633,-3.4760000705718994,1776886102.563
8.963000297546387,-2.74399995803833,3.6589999198913574,1776886102.577
-11.220000267028809,-0.7929999828338623,7.133999824523926,1776886102.603
-0.18299999833106995,8.597999572753906,-1.2200000286102295,1776886103.016
3.9630000591278076,0.6710000038146973,-3.2929999828338623,1776886103.042
6.158999919891357,-6.158999919891357,-2.5,1776886103.056
5.548999786376953,-8.536999702453613,-1.7070000171661377,1776886103.083
5.24399995803833,-9.51200008392334,-1.0980000495910645,1776886103.096
-9.51200008392334,3.1710000038146973,-0.24400000274181366,1776886103.523
-3.3540000915527344,15.48799991607666,-7.622000217437744,1776886103.536
0.8539999723434448,4.389999866485596,-1.8899999856948853,1776886103.562
-4.877999782562256,-5.671000003814697,-1.0369999408721924,1776886103.576
-0.4269999861717224,-2.683000087738037,-3.9630000591278076,1776886103.602
-0.4880000054836273,0.4880000054836273,-1.159000039100647,1776886104.016
0.3050000071525574,0.18299999833106995,-1.5850000381469727,1776886104.048
0.18299999833106995,0.3659999966621399,-1.0980000495910645,1776886104.066
1.159000039100647,0.12200000137090683,0.9760000109672546,1776886104.08
-0.24400000274181366,0.12200000137090683,0.12200000137090683,1776886104.096
-2.561000108718872,-0.5490000247955322,4.085000038146973,1776886104.516
-0.5490000247955322,0.4269999861717224,4.26800012588501,1776886104.536
-1.2200000286102295,0.24400000274181366,3.3540000915527344,1776886104.562
-1.159000039100647,1.2200000286102295,1.2200000286102295,1776886104.577
-2.316999912261963,-0.4269999861717224,5.73199987411499,1776886104.606
0.12200000137090683,0.5490000247955322,29.145999908447266,1776886105.023
-0.5490000247955322,-0.18299999833106995,32.74399948120117,1776886105.039
1.340999960899353,0.5490000247955322,29.207000732421875,1776886105.061
0.12200000137090683,1.159000039100647,24.756000518798828,1776886105.076
0.12200000137090683,-1.9509999752044678,21.340999603271484,1776886105.104
0.0,0.3050000071525574,-1.340999960899353,1776886105.525
0.0,0.4269999861717224,-1.7070000171661377,1776886105.536
0.0,0.3659999966621399,-1.4630000591278076,1776886105.562
0.12200000137090683,0.18299999833106995,-1.6460000276565552,1776886105.576
0.061000000685453415,0.3659999966621399,-1.5240000486373901,1776886105.602
0.061000000685453415,0.3050000071525574,-1.4630000591278076,1776886106.025
0.061000000685453415,0.3050000071525574,-1.4630000591278076,1776886106.037
0.0,0.3050000071525574,-1.5850000381469727,1776886106.062
0.0,0.3050000071525574,-1.340999960899353,1776886106.079
0.0,0.24400000274181366,-1.5240000486373901,1776886106.099
18.17099952697754,1.2200000286102295,-6.28000020980835,1776886106.543
16.645999908447266,2.378000020980835,-3.3540000915527344,1776886106.559
49.512001037597656,-44.573001861572266,-42.987998962402344,1776886106.576
61.220001220703125,-25.610000610351562,-30.488000869750977,1776886106.602
58.47600173950195,-13.536999702453613,3.9630000591278076,1776886106.616
26.097999572753906,19.572999954223633,-15.121999740600586,1776886107.022
26.097999572753906,19.572999954223633,-15.121999740600586,1776886107.038
4.633999824523926,6.828999996185303,1.0980000495910645,1776886107.064
10.427000045776367,5.73199987411499,4.26800012588501,1776886107.076
18.048999786376953,11.829000473022461,-0.4269999861717224,1776886107.096
9.878000259399414,-22.743999481201172,-26.951000213623047,1776886107.537
20.97599983215332,-17.072999954223633,-20.488000869750977,1776886107.567
31.46299934387207,-15.244000434875488,-14.572999954223633,1776886107.578
62.43899917602539,-0.18299999833106995,-1.6460000276565552,1776886107.604
62.56100082397461,7.133999824523926,-2.134000062942505,1776886107.616
1.6460000276565552,0.5490000247955322,-1.5850000381469727,1776886108.021
-0.4269999861717224,-0.061000000685453415,-2.072999954223633,1776886108.036
-0.4269999861717224,-0.061000000685453415,-2.072999954223633,1776886108.062
-0.4269999861717224,-0.061000000685453415,-2.072999954223633,1776886108.079
-1.8289999961853027,-1.2799999713897705,-1.8899999856948853,1776886108.097
-0.061000000685453415,0.18299999833106995,-1.5240000486373901,1776886108.536
0.0,0.12200000137090683,-1.4630000591278076,1776886108.562
-0.12200000137090683,0.18299999833106995,-1.5240000486373901,1776886108.576
-0.061000000685453415,0.18299999833106995,-1.4630000591278076,1776886108.606
0.0,0.24400000274181366,-1.4630000591278076,1776886108.617
2.316999912261963,-1.340999960899353,-2.378000020980835,1776886109.043
2.316999912261963,-1.340999960899353,-2.378000020980835,1776886109.057
2.316999912261963,-1.340999960899353,-2.378000020980835,1776886109.083
-1.5240000486373901,0.3659999966621399,-2.561000108718872,1776886109.096
1.159000039100647,-2.072999954223633,-5.73199987411499,1776886109.123
11.097999572753906,-36.340999603271484,19.02400016784668,1776886109.537
-12.866000175476074,-5.0,26.76799964904785,1776886109.556
-23.048999786376953,4.572999954223633,24.93899917602539,1776886109.584
-20.97599983215332,-4.02400016784668,15.121999740600586,1776886109.599
-0.8539999723434448,-10.0,19.572999954223633,1776886109.617
35.36600112915039,36.95100021362305,-3.4760000705718994,1776886110.563
27.5,30.67099952697754,-8.659000396728516,1776886110.577
27.5,30.67099952697754,-8.659000396728516,1776886110.603
27.5,30.67099952697754,-8.659000396728516,1776886110.616
27.5,30.67099952697754,-8.659000396728516,1776886110.642
0.9760000109672546,-1.7680000066757202,-5.24399995803833,1776886111.556
6.0370001792907715,-3.2320001125335693,-14.02400016784668,1776886111.584
6.0370001792907715,-3.2320001125335693,-14.02400016784668,1776886111.601
6.0370001792907715,-3.2320001125335693,-14.02400016784668,1776886111.616
6.0370001792907715,-3.2320001125335693,-14.02400016784668,1776886111.642
-2.438999891281128,-0.6710000038146973,-21.584999084472656,1776886112.058
1.6460000276565552,1.7680000066757202,-11.463000297546387,1776886112.084
-5.548999786376953,0.7929999828338623,1.6460000276565552,1776886112.096
0.9760000109672546,-5.914999961853027,-2.927000045776367,1776886112.116
-1.7680000066757202,1.5850000381469727,-17.988000869750977,1776886112.143
-0.3659999966621399,-0.7929999828338623,-1.4630000591278076,1776886112.559
-0.6100000143051147,-0.9760000109672546,-1.7680000066757202,1776886112.576
-0.061000000685453415,0.0,-1.7070000171661377,1776886112.602
-0.061000000685453415,0.0,-1.7070000171661377,1776886112.616
-0.061000000685453415,0.0,-1.7070000171661377,1776886112.642
37.62200164794922,5.48799991607666,-24.816999435424805,1776886113.056
35.915000915527344,8.232000350952148,-64.20700073242188,1776886113.085
0.7929999828338623,20.67099952697754,-72.5,1776886113.096
-23.47599983215332,24.207000732421875,-78.1709976196289,1776886113.122
-24.26799964904785,13.232000350952148,-76.27999877929688,1776886113.137
0.3050000071525574,0.7319999933242798,-1.5240000486373901,1776886114.065
-0.4880000054836273,-0.6710000038146973,-1.4630000591278076,1776886114.08
-0.7929999828338623,-0.8539999723434448,-1.5850000381469727,1776886114.097
-0.5490000247955322,-0.6100000143051147,-1.8289999961853027,1776886114.122
0.3659999966621399,0.7319999933242798,-1.5240000486373901,1776886114.138
0.061000000685453415,-0.6710000038146973,1.0980000495910645,1776886115.057
5.366000175476074,2.865999937057495,-5.548999786376953,1776886115.083
-3.9019999504089355,-1.4630000591278076,-3.9019999504089355,1776886115.097
-7.133999824523926,4.206999778747559,-2.378000020980835,1776886115.123
-10.548999786376953,-15.609999656677246,-1.8289999961853027,1776886115.137
-3.0490000247955322,3.6589999198913574,-3.5980000495910645,1776886115.577
-5.48799991607666,-9.878000259399414,0.6710000038146973,1776886115.602
1.5850000381469727,-9.206999778747559,3.6589999198913574,1776886115.618
-4.816999912261963,-2.01200008392334,-3.2320001125335693,1776886115.645
-10.793000221252441,-7.01200008392334,-4.451000213623047,1776886115.657
3.7799999713897705,-4.145999908447266,-1.9509999752044678,1776886116.084
7.5,4.572999954223633,-8.840999603271484,1776886116.098
0.0,-5.793000221252441,-2.805000066757202,1776886116.125
-10.670999526977539,12.621999740600586,3.8410000801086426,1776886116.137
-7.74399995803833,-3.3540000915527344,5.122000217437744,1776886116.163
-8.779999732971191,3.3540000915527344,1.8289999961853027,1776886116.577
-9.145999908447266,6.889999866485596,-0.12200000137090683,1776886116.597
2.621999979019165,8.720000267028809,-1.7680000066757202,1776886116.623
-4.328999996185303,-15.732000350952148,-5.122000217437744,1776886116.638
7.072999954223633,-0.7319999933242798,-0.12200000137090683,1776886116.664
-8.048999786376953,-10.182999610900879,-2.072999954223633,1776886117.084
-4.816999912261963,-2.378000020980835,-1.2200000286102295,1776886117.097
-0.18299999833106995,0.6100000143051147,-0.24400000274181366,1776886117.124
1.4019999504089355,0.4269999861717224,-1.4019999504089355,1776886117.137
1.4019999504089355,1.5850000381469727,-0.5490000247955322,1776886117.165
-0.12200000137090683,0.18299999833106995,-1.5240000486373901,1776886117.577
-0.061000000685453415,0.18299999833106995,-1.5240000486373901,1776886117.602
0.061000000685453415,0.061000000685453415,-1.5850000381469727,1776886117.618
0.0,0.3050000071525574,-1.5240000486373901,1776886117.648
0.0,0.3050000071525574,-1.5240000486373901,1776886117.659
-0.18299999833106995,0.12200000137090683,-1.0369999408721924,1776886118.097
-1.159000039100647,-0.9760000109672546,-0.3659999966621399,1776886118.126
-1.2200000286102295,-2.072999954223633,2.805000066757202,1776886118.137
-1.6460000276565552,-2.865999937057495,2.98799991607666,1776886118.163
-3.5980000495910645,-5.793000221252441,-0.7929999828338623,1776886118.177
-3.5369999408721924,22.683000564575195,-13.536999702453613,1776886119.077
-3.2929999828338623,23.048999786376953,-7.01200008392334,1776886119.102
-22.19499969482422,78.1709976196289,-16.097999572753906,1776886119.119
-28.110000610351562,80.61000061035156,-22.621999740600586,1776886119.145
-25.610000610351562,67.927001953125,-20.73200035095215,1776886119.157
110.79299926757812,21.707000732421875,8.232000350952148,1776886119.604
115.73200225830078,-20.548999786376953,-154.20700073242188,1776886119.617
82.56099700927734,-33.840999603271484,-212.31700134277344,1776886119.643
77.62200164794922,-93.11000061035156,-151.82899475097656,1776886119.657
-18.354000091552734,3.7799999713897705,-80.24400329589844,1776886119.684
2.5,-7.98799991607666,-15.548999786376953,1776886120.097
-3.7799999713897705,-6.158999919891357,4.572999954223633,1776886120.124
-1.2799999713897705,-8.720000267028809,-0.3659999966621399,1776886120.137
-1.6460000276565552,2.194999933242798,-1.4019999504089355,1776886120.162
0.7319999933242798,0.3050000071525574,-1.7070000171661377,1776886120.177
-0.4880000054836273,0.7929999828338623,-1.340999960899353,1776886121.097
0.3050000071525574,0.061000000685453415,-2.072999954223633,1776886121.122
-0.12200000137090683,0.5490000247955322,-1.4019999504089355,1776886121.137
0.061000000685453415,-0.24400000274181366,-1.340999960899353,1776886121.163
0.0,0.3050000071525574,-1.8289999961853027,1776886121.177
0.061000000685453415,0.3050000071525574,-1.4019999504089355,1776886121.603
0.061000000685453415,0.18299999833106995,-1.5240000486373901,1776886121.617
0.061000000685453415,0.18299999833106995,-1.4630000591278076,1776886121.642
-0.061000000685453415,0.3050000071525574,-1.5240000486373901,1776886121.657
0.0,0.3659999966621399,-1.5850000381469727,1776886121.682
1.2799999713897705,1.4630000591278076,-2.805000066757202,1776886122.105
2.865999937057495,1.0980000495910645,0.4269999861717224,1776886122.117
4.695000171661377,5.610000133514404,-2.621999979019165,1776886122.143
7.927000045776367,9.206999778747559,-4.51200008392334,1776886122.16
6.706999778747559,9.694999694824219,-4.572999954223633,1776886122.177
-28.110000610351562,-4.939000129699707,40.915000915527344,1776886123.104
-36.279998779296875,-9.02400016784668,37.62200164794922,1776886123.122
-39.38999938964844,-6.0980000495910645,37.987998962402344,1776886123.138
-42.74399948120117,-0.6710000038146973,43.415000915527344,1776886123.17
-51.279998779296875,14.694999694824219,52.56100082397461,1776886123.18
19.451000213623047,-10.48799991607666,10.609999656677246,1776886123.599
27.256000518798828,-2.74399995803833,7.01200008392334,1776886123.619
25.243999481201172,-0.4269999861717224,1.159000039100647,1776886123.637
22.621999740600586,16.889999389648438,-4.75600004196167,1776886123.662
13.293000221252441,1.4630000591278076,-0.24400000274181366,1776886123.678
0.4269999861717224,0.0,-1.2799999713897705,1776886124.097
0.4880000054836273,0.18299999833106995,-1.5240000486373901,1776886124.123
0.18299999833106995,0.12200000137090683,-1.4630000591278076,1776886124.137
0.18299999833106995,0.12200000137090683,-1.340999960899353,1776886124.162
0.12200000137090683,0.18299999833106995,-1.4630000591278076,1776886124.178
15.793000221252441,0.18299999833106995,-1.5240000486373901,1776886124.617
0.24400000274181366,0.18299999833106995,-1.4630000591278076,1776886124.645
0.18299999833106995,0.18299999833106995,-1.4630000591278076,1776886124.658
0.24400000274181366,0.12200000137090683,-1.4630000591278076,1776886124.683
0.18299999833106995,0.24400000274181366,-1.4630000591278076,1776886124.697
-0.4269999861717224,0.4880000054836273,-3.5980000495910645,1776886125.123
0.3050000071525574,0.18299999833106995,-0.12200000137090683,1776886125.137
0.4269999861717224,-0.3659999966621399,-2.74399995803833,1776886125.173
0.18299999833106995,0.3659999966621399,-1.5240000486373901,1776886125.183
0.12200000137090683,0.3659999966621399,-1.0369999408721924,1776886125.199
22.621999740600586,8.414999961853027,-21.280000686645508,1776886125.619
13.963000297546387,5.97599983215332,-24.634000778198242,1776886125.637
-0.7319999933242798,-11.097999572753906,-30.243999481201172,1776886125.665
-8.659000396728516,-19.756000518798828,-34.084999084472656,1776886125.679
-8.048999786376953,-36.4630012512207,-26.889999389648438,1776886125.705
16.951000213623047,-3.7799999713897705,-22.988000869750977,1776886126.125
24.451000213623047,-1.7680000066757202,-17.378000259399414,1776886126.137
20.488000869750977,0.5490000247955322,-8.840999603271484,1776886126.163
12.5,-4.389999866485596,-7.072999954223633,1776886126.177
-30.06100082397461,-5.183000087738037,-9.329000473022461,1776886126.197
15.305000305175781,-0.5490000247955322,7.316999912261963,1776886126.623
5.24399995803833,-8.720000267028809,-2.5,1776886126.647
10.793000221252441,-14.878000259399414,-5.48799991607666,1776886126.658
7.439000129699707,-12.560999870300293,0.4269999861717224,1776886126.684
0.24400000274181366,-5.97599983215332,4.389999866485596,1776886126.697
-0.3050000071525574,0.3659999966621399,-1.7070000171661377,1776886127.119
-0.3050000071525574,0.5490000247955322,-1.5850000381469727,1776886127.145
-0.3050000071525574,0.4269999861717224,-1.4630000591278076,1776886127.157
0.3050000071525574,-0.18299999833106995,-1.7070000171661377,1776886127.183
2.134000062942505,-1.4630000591278076,-2.561000108718872,1776886127.2
0.3659999966621399,0.0,-1.5850000381469727,1776886127.623
0.7929999828338623,0.24400000274181366,-1.2799999713897705,1776886127.637
-0.3050000071525574,0.0,-1.340999960899353,1776886127.663
0.061000000685453415,0.3050000071525574,-1.5850000381469727,1776886127.678
0.0,0.061000000685453415,-1.6460000276565552,1776886127.705
0.061000000685453415,0.24400000274181366,-1.5240000486373901,1776886128.117
0.0,0.24400000274181366,-1.4630000591278076,1776886128.143
0.0,0.3050000071525574,-1.4019999504089355,1776886128.16
0.0,0.18299999833106995,-1.5240000486373901,1776886128.177
0.061000000685453415,0.18299999833106995,-1.4630000591278076,1776886128.204
-27.80500030517578,0.18299999833106995,-6.4629998207092285,1776886128.617
-27.80500030517578,0.18299999833106995,-6.4629998207092285,1776886128.643
-27.80500030517578,0.18299999833106995,-6.4629998207092285,1776886128.657
2.194999933242798,1.8899999856948853,-14.145999908447266,1776886128.683
-3.7200000286102295,-3.3540000915527344,-4.26800012588501,1776886128.697
-15.121999740600586,-6.0370001792907715,-4.02400016784668,1776886129.617
-15.121999740600586,-6.0370001792907715,-4.02400016784668,1776886129.649
-15.121999740600586,-6.0370001792907715,-4.02400016784668,1776886129.66
-2.194999933242798,0.7929999828338623,-1.8899999856948853,1776886129.685
2.74399995803833,2.5,-2.683000087738037,1776886129.697
7.622000217437744,-10.609999656677246,36.52399826049805,1776886130.638
7.622000217437744,-10.609999656677246,36.52399826049805,1776886130.659
7.622000217437744,-10.609999656677246,36.52399826049805,1776886130.677
8.536999702453613,-22.927000045776367,21.219999313354492,1776886130.703
11.767999649047852,-24.634000778198242,23.96299934387207,1776886130.719
-12.072999954223633,-25.0,11.890000343322754,1776886131.645
-12.072999954223633,-25.0,11.890000343322754,1776886131.657
-12.072999954223633,-25.0,11.890000343322754,1776886131.683
-52.68299865722656,7.072999954223633,4.877999782562256,1776886131.7
-22.683000564575195,18.597999572753906,17.683000564575195,1776886131.717
-4.328999996185303,-2.134000062942505,2.98799991607666,1776886132.137
0.6710000038146973,-0.3659999966621399,-0.18299999833106995,1776886132.163
1.2200000286102295,1.340999960899353,-4.085000038146973,1776886132.177
1.4630000591278076,2.378000020980835,-4.451000213623047,1776886132.205
1.5850000381469727,0.3050000071525574,-1.5850000381469727,1776886132.217
-6.4019999504089355,-2.927000045776367,-5.366000175476074,1776886132.638
-8.170999526977539,-3.4149999618530273,-7.377999782562256,1776886132.664
-8.170999526977539,-3.4149999618530273,-7.377999782562256,1776886132.677
-8.170999526977539,-3.4149999618530273,-7.377999782562256,1776886132.704
-13.536999702453613,-7.804999828338623,-3.5980000495910645,1776886132.719
62.80500030517578,-26.82900047302246,-2.134000062942505,1776886133.139
34.75600051879883,-41.645999908447266,-0.5490000247955322,1776886133.166
-9.390000343322754,-46.707000732421875,2.316999912261963,1776886133.177
-50.61000061035156,-41.95100021362305,-1.5240000486373901,1776886133.203
-59.69499969482422,-32.012001037597656,-7.683000087738037,1776886133.217
-17.256000518798828,-5.610000133514404,1.7680000066757202,1776886133.663
-17.256000518798828,-5.610000133514404,1.7680000066757202,1776886133.678
-17.256000518798828,-5.610000133514404,1.7680000066757202,1776886133.697
9.267999649047852,-11.829000473022461,-2.194999933242798,1776886133.723
14.206999778747559,-8.840999603271484,-2.5,1776886133.737
-2.01200008392334,15.732000350952148,-5.060999870300293,1776886134.138
-7.25600004196167,10.793000221252441,2.378000020980835,1776886134.164
-12.98799991607666,2.74399995803833,4.877999782562256,1776886134.178
-5.854000091552734,-3.7799999713897705,-0.5490000247955322,1776886134.204
0.12200000137090683,-8.048999786376953,-1.159000039100647,1776886134.217
7.01200008392334,17.134000778198242,-4.145999908447266,1776886134.657
7.01200008392334,17.134000778198242,-4.145999908447266,1776886134.683
7.01200008392334,17.134000778198242,-4.145999908447266,1776886134.697
-1.4630000591278076,-0.5490000247955322,-2.561000108718872,1776886134.723
3.2320001125335693,-3.2929999828338623,2.194999933242798,1776886134.737
-7.927000045776367,2.805000066757202,1.9509999752044678,1776886135.157
0.9150000214576721,0.7929999828338623,-2.194999933242798,1776886135.183
-1.9509999752044678,0.6100000143051147,-2.5,1776886135.198
-3.109999895095825,0.3050000071525574,0.061000000685453415,1776886135.225
-2.98799991607666,0.5490000247955322,-1.5240000486373901,1776886135.237
0.061000000685453415,0.24400000274181366,-1.5850000381469727,1776886135.657
0.061000000685453415,0.24400000274181366,-1.5850000381469727,1776886135.683
0.061000000685453415,0.24400000274181366,-1.5850000381469727,1776886135.697
0.061000000685453415,0.24400000274181366,-1.5850000381469727,1776886135.727
0.0,0.3659999966621399,-1.5240000486373901,1776886135.738
0.0,0.24400000274181366,-1.5240000486373901,1776886136.163
0.061000000685453415,0.3659999966621399,-1.4630000591278076,1776886136.18
0.0,0.24400000274181366,-1.4630000591278076,1776886136.206
0.061000000685453415,0.18299999833106995,-1.6460000276565552,1776886136.217
-0.061000000685453415,0.24400000274181366,-1.4019999504089355,1776886136.243
-0.4880000054836273,-1.5240000486373901,1.5850000381469727,1776886136.666
3.5980000495910645,-2.683000087738037,-17.011999130249023,1776886136.677
4.51200008392334,-2.438999891281128,0.7319999933242798,1776886136.703
-4.389999866485596,-0.6710000038146973,0.7929999828338623,1776886136.72
-7.25600004196167,1.7680000066757202,-2.438999891281128,1776886136.743
5.060999870300293,-2.805000066757202,-5.548999786376953,1776886137.164
5.427000045776367,-0.6100000143051147,1.7070000171661377,1776886137.177
3.5369999408721924,1.4019999504089355,6.585000038146973,1776886137.208
-1.159000039100647,1.2799999713897705,0.9760000109672546,1776886137.219
-2.683000087738037,-0.18299999833106995,-0.8539999723434448,1776886137.246
-0.12200000137090683,0.3659999966621399,5.854000091552734,1776886137.657
-1.8899999856948853,0.18299999833106995,5.427000045776367,1776886137.683
0.4269999861717224,1.0369999408721924,6.0980000495910645,1776886137.697
1.7070000171661377,1.159000039100647,13.354000091552734,1776886137.725
-0.5490000247955322,-0.24400000274181366,6.341000080108643,1776886137.737
-2.134000062942505,2.134000062942505,15.244000434875488,1776886138.159
-3.2320001125335693,1.0369999408721924,18.780000686645508,1776886138.177
1.4019999504089355,-0.4269999861717224,18.292999267578125,1776886138.203
-2.316999912261963,0.7929999828338623,13.293000221252441,1776886138.218
-5.610000133514404,1.6460000276565552,5.366000175476074,1776886138.244
1.8289999961853027,1.340999960899353,23.659000396728516,1776886138.659
-1.8899999856948853,-0.12200000137090683,27.80500030517578,1776886138.686
-3.7200000286102295,-1.2799999713897705,26.219999313354492,1776886138.697
1.4630000591278076,-1.6460000276565552,25.427000045776367,1776886138.723
1.8289999961853027,2.01200008392334,27.19499969482422,1776886138.737
2.01200008392334,2.378000020980835,28.902000427246094,1776886139.163
-0.18299999833106995,2.134000062942505,30.915000915527344,1776886139.177
0.12200000137090683,0.3659999966621399,32.13399887084961,1776886139.203
-0.12200000137090683,2.5,39.145999908447266,1776886139.217
-1.0980000495910645,-2.25600004196167,39.93899917602539,1776886139.244
0.7929999828338623,0.24400000274181366,42.073001861572266,1776886139.657
0.4269999861717224,-0.3050000071525574,43.597999572753906,1776886139.684
-0.5490000247955322,-1.0369999408721924,43.04899978637695,1776886139.697
0.7929999828338623,-1.2799999713897705,44.512001037597656,1776886139.723
0.9760000109672546,0.12200000137090683,44.81700134277344,1776886139.738
2.438999891281128,2.01200008392334,35.67100143432617,1776886140.163
0.18299999833106995,0.12200000137090683,37.073001861572266,1776886140.177
-2.01200008392334,0.24400000274181366,36.95100021362305,1776886140.213
15.670999526977539,-0.7929999828338623,36.707000732421875,1776886140.223
0.3659999966621399,3.109999895095825,36.279998779296875,1776886140.24
2.5,0.9150000214576721,20.121999740600586,1776886140.677
0.5490000247955322,0.8539999723434448,22.683000564575195,1776886140.703
-0.24400000274181366,7.377999782562256,-21.340999603271484,1776886140.719
-2.072999954223633,2.194999933242798,-40.792999267578125,1776886140.747
4.085000038146973,6.585000038146973,-0.3659999966621399,1776886140.757
0.0,0.3050000071525574,-1.5240000486373901,1776886141.157
0.0,0.24400000274181366,-1.5240000486373901,1776886141.183
0.061000000685453415,0.3050000071525574,-1.4019999504089355,1776886141.199
0.061000000685453415,0.18299999833106995,-1.5850000381469727,1776886141.226
0.0,0.24400000274181366,-1.5240000486373901,1776886141.237
0.061000000685453415,0.18299999833106995,-1.4630000591278076,1776886141.657
0.061000000685453415,0.3050000071525574,-1.5240000486373901,1776886141.683
0.0,0.3050000071525574,-1.4019999504089355,1776886141.697
0.061000000685453415,0.24400000274181366,-1.5240000486373901,1776886141.723
0.061000000685453415,0.3050000071525574,-1.4630000591278076,1776886141.737
-3.5369999408721924,-1.4019999504089355,-3.0490000247955322,1776886142.163
-7.560999870300293,-1.6460000276565552,-2.01200008392334,1776886142.177
-12.560999870300293,-3.4760000705718994,-1.6460000276565552,1776886142.197
-16.889999389648438,-3.6589999198913574,-2.438999891281128,1776886142.224
6.52400016784668,-87.74400329589844,-56.4630012512207,1776886142.239
-219.75599670410156,46.340999603271484,-57.25600051879883,1776886142.657
-257.5610046386719,49.02399826049805,-46.279998779296875,1776886142.688
-186.09800720214844,74.572998046875,-63.47600173950195,1776886142.698
-59.02399826049805,-8.048999786376953,-35.54899978637695,1776886142.725
-26.76799964904785,-21.82900047302246,41.402000427246094,1776886142.737
0.6100000143051147,1.6460000276565552,-2.01200008392334,1776886143.177
3.5369999408721924,0.061000000685453415,-4.51200008392334,1776886143.203
-14.51200008392334,-0.4269999861717224,1.340999960899353,1776886143.218
-0.18299999833106995,-0.7319999933242798,-1.0369999408721924,1776886143.246
0.3050000071525574,-0.18299999833106995,-3.5369999408721924,1776886143.257
0.0,0.3050000071525574,-1.5240000486373901,1776886143.683
-0.061000000685453415,0.24400000274181366,-1.4019999504089355,1776886143.701
0.061000000685453415,0.24400000274181366,-1.5850000381469727,1776886143.717
0.0,0.18299999833106995,-1.5850000381469727,1776886143.743
-0.061000000685453415,0.18299999833106995,-1.5240000486373901,1776886143.759
0.0,0.3659999966621399,-1.4630000591278076,1776886144.178
0.061000000685453415,0.3050000071525574,-1.5240000486373901,1776886144.204
0.0,0.24400000274181366,-1.5240000486373901,1776886144.217
0.061000000685453415,0.24400000274181366,-1.5240000486373901,1776886144.245
0.061000000685453415,0.3050000071525574,-1.4630000591278076,1776886144.257
60.915000915527344,39.45100021362305,4.633999824523926,1776886144.694
40.12200164794922,18.780000686645508,-1.2200000286102295,1776886144.705
43.9630012512207,-16.340999603271484,-12.744000434875488,1776886144.719
34.573001861572266,-43.11000061035156,-9.755999565124512,1776886144.746
30.30500030517578,-32.74399948120117,-10.182999610900879,1776886144.757
33.17100143432617,29.634000778198242,15.060999870300293,1776886145.177
33.04899978637695,45.731998443603516,6.645999908447266,1776886145.203
2.01200008392334,47.43899917602539,4.26800012588501,1776886145.217
-41.340999603271484,-12.255999565124512,-22.927000045776367,1776886145.243
2.865999937057495,-8.779999732971191,-16.219999313354492,1776886145.257
-0.4880000054836273,2.25600004196167,0.0,1776886145.684
0.3050000071525574,2.316999912261963,-2.74399995803833,1776886145.697
0.12200000137090683,-0.18299999833106995,-1.4019999504089355,1776886145.717
1.7680000066757202,3.2929999828338623,-0.8539999723434448,1776886145.743
-0.4269999861717224,3.5369999408721924,0.5490000247955322,1776886145.759
0.12200000137090683,0.24400000274181366,-2.01200008392334,1776886146.178
-0.3050000071525574,0.12200000137090683,-1.2799999713897705,1776886146.206
0.061000000685453415,0.3659999966621399,-1.5240000486373901,1776886146.217
0.3659999966621399,0.5490000247955322,-1.7680000066757202,1776886146.243
0.12200000137090683,0.18299999833106995,-1.159000039100647,1776886146.258
0.061000000685453415,0.24400000274181366,-1.4630000591278076,1776886146.703
0.061000000685453415,0.24400000274181366,-1.4630000591278076,1776886146.72
0.061000000685453415,0.3050000071525574,-1.5240000486373901,1776886146.737
0.0,0.3050000071525574,-1.4630000591278076,1776886146.764
0.0,0.24400000274181366,-1.5240000486373901,1776886146.777
11.645999908447266,8.963000297546387,33.9630012512207,1776886147.203
8.840999603271484,-0.9150000214576721,49.69499969482422,1776886147.217
3.4149999618530273,57.5,25.121999740600586,1776886147.245
-1.2799999713897705,22.316999435424805,16.402000427246094,1776886147.257
-18.719999313354492,39.268001556396484,7.195000171661377,1776886147.283
-7.866000175476074,-17.927000045776367,2.621999979019165,1776886147.705
5.060999870300293,-0.061000000685453415,-1.7680000066757202,1776886147.717
3.7200000286102295,5.854000091552734,-1.5850000381469727,1776886147.744
-2.561000108718872,3.2320001125335693,0.5490000247955322,1776886147.76
-1.0369999408721924,-1.7680000066757202,-3.2929999828338623,1776886147.777
44.87799835205078,14.878000259399414,-0.7929999828338623,1776886148.214
66.0979995727539,-2.194999933242798,-2.072999954223633,1776886148.224
62.80500030517578,-6.4629998207092285,-8.232000350952148,1776886148.239
35.06100082397461,-13.232000350952148,-7.195000171661377,1776886148.265
14.633999824523926,-31.097999572753906,-5.366000175476074,1776886148.277
-13.47599983215332,-12.744000434875488,-19.26799964904785,1776886148.703
1.7680000066757202,9.02400016784668,-38.231998443603516,1776886148.719
-4.572999954223633,-38.04899978637695,-49.145999908447266,1776886148.746
31.645999908447266,-16.340999603271484,13.414999961853027,1776886148.757
11.097999572753906,-11.340999603271484,-4.328999996185303,1776886148.783
-0.3050000071525574,0.18299999833106995,-1.8289999961853027,1776886149.199
-0.3659999966621399,0.3050000071525574,-2.25600004196167,1776886149.218
0.061000000685453415,0.5490000247955322,-1.4019999504089355,1776886149.244
0.6100000143051147,-0.3659999966621399,-1.8289999961853027,1776886149.257
0.18299999833106995,0.12200000137090683,-1.4630000591278076,1776886149.283
0.18299999833106995,0.12200000137090683,-1.5240000486373901,1776886149.697
0.24400000274181366,0.24400000274181366,-1.4630000591278076,1776886149.723
0.24400000274181366,0.4269999861717224,-1.5240000486373901,1776886149.737
-0.12200000137090683,0.24400000274181366,-1.8289999961853027,1776886149.763
-0.061000000685453415,0.3659999966621399,-1.2799999713897705,1776886149.78
-0.061000000685453415,0.3659999966621399,-1.5240000486373901,1776886150.218
0.0,0.24400000274181366,-1.4630000591278076,1776886150.243
0.061000000685453415,0.24400000274181366,-1.4019999504089355,1776886150.257
0.0,0.18299999833106995,-1.4630000591278076,1776886150.283
0.061000000685453415,0.18299999833106995,-1.5240000486373901,1776886150.297
0.24400000274181366,0.12200000137090683,-1.8289999961853027,1776886150.719
-0.061000000685453415,0.18299999833106995,-1.5850000381469727,1776886150.745
0.12200000137090683,0.3050000071525574,14.085000038146973,1776886150.758
0.12200000137090683,0.24400000274181366,-1.4630000591278076,1776886150.786
0.061000000685453415,0.18299999833106995,-1.7070000171661377,1776886150.8
-25.0,-22.43899917602539,1.2799999713897705,1776886151.221
-20.06100082397461,-39.573001861572266,-38.902000427246094,1776886151.237
12.072999954223633,-3.4149999618530273,-25.488000869750977,1776886151.257
73.47599792480469,15.121999740600586,10.48799991607666,1776886151.283
78.04900360107422,48.902000427246094,15.366000175476074,1776886151.298
23.47599983215332,19.93899917602539,-27.80500030517578,1776886151.726
26.340999603271484,-0.7929999828338623,-11.706999778747559,1776886151.737
38.04899978637695,-13.779999732971191,-19.69499969482422,1776886151.763
58.292999267578125,11.159000396728516,-21.951000213623047,1776886151.778
24.756000518798828,22.316999435424805,10.060999870300293,1776886151.806
-0.061000000685453415,0.12200000137090683,-1.5240000486373901,1776886152.218
0.12200000137090683,0.3659999966621399,-1.5240000486373901,1776886152.244
-0.12200000137090683,0.3050000071525574,-1.4630000591278076,1776886152.258
-0.061000000685453415,0.18299999833106995,-1.6460000276565552,1776886152.284
-0.061000000685453415,0.24400000274181366,-1.5850000381469727,1776886152.298
0.0,0.3659999966621399,-1.5240000486373901,1776886152.746
0.0,0.3050000071525574,-1.5240000486373901,1776886152.757
0.0,0.24400000274181366,-1.5240000486373901,1776886152.784
0.0,0.24400000274181366,-1.5240000486373901,1776886152.8
0.061000000685453415,0.3050000071525574,-1.5240000486373901,1776886152.82
2.01200008392334,0.061000000685453415,-3.5980000495910645,1776886153.217
-0.18299999833106995,0.7929999828338623,-2.621999979019165,1776886153.243
-0.3050000071525574,0.0,-3.2320001125335693,1776886153.257
3.1710000038146973,0.18299999833106995,-7.377999782562256,1776886153.283
-1.340999960899353,1.9509999752044678,-7.560999870300293,1776886153.297
2.438999891281128,-6.4019999504089355,-16.707000732421875,1776886153.738
5.73199987411499,-0.4269999861717224,-11.52400016784668,1776886153.764
4.877999782562256,-2.561000108718872,-14.817000389099121,1776886153.778
2.378000020980835,-1.0980000495910645,-10.0,1776886153.806
7.5,-0.6100000143051147,-11.159000396728516,1776886153.817
-1.7070000171661377,-0.3659999966621399,1.2200000286102295,1776886154.217
-4.75600004196167,4.206999778747559,-4.816999912261963,1776886154.243
8.354000091552734,-9.329000473022461,-25.548999786376953,1776886154.258
-7.683000087738037,1.7070000171661377,-28.17099952697754,1776886154.287
-4.02400016784668,2.072999954223633,-20.97599983215332,1776886154.298
15.427000045776367,-27.5,-49.145999908447266,1776886154.719
15.427000045776367,-27.5,-49.145999908447266,1776886154.742
15.427000045776367,-27.5,-49.145999908447266,1776886154.758
15.427000045776367,-27.5,-49.145999908447266,1776886154.783
39.268001556396484,-65.427001953125,-37.13399887084961,1776886154.799
-1.0369999408721924,1.5240000486373901,-3.2929999828338623,1776886155.246
-0.5490000247955322,0.9760000109672546,-0.8539999723434448,1776886155.258
0.9760000109672546,-0.18299999833106995,-2.25600004196167,1776886155.284
-0.7319999933242798,0.3659999966621399,-1.8289999961853027,1776886155.297
-0.12200000137090683,0.7319999933242798,-0.9760000109672546,1776886155.323
-0.061000000685453415,0.3050000071525574,-1.5240000486373901,1776886155.744
-0.24400000274181366,0.24400000274181366,-1.4630000591278076,1776886155.759
-0.24400000274181366,0.24400000274181366,-1.4630000591278076,1776886155.785
-0.24400000274181366,0.24400000274181366,-1.4630000591278076,1776886155.798
-0.12200000137090683,0.3050000071525574,-1.5240000486373901,1776886155.823
0.0,0.3050000071525574,-1.5240000486373901,1776886156.243
0.0,0.24400000274181366,-1.4630000591278076,1776886156.259
0.061000000685453415,0.18299999833106995,-1.4019999504089355,1776886156.286
0.0,0.18299999833106995,-1.5240000486373901,1776886156.298
0.0,0.3050000071525574,-1.4630000591278076,1776886156.324
0.0,0.3050000071525574,-1.4630000591278076,1776886156.738
0.061000000685453415,0.3050000071525574,-1.5850000381469727,1776886156.766
-0.061000000685453415,0.3050000071525574,-1.4630000591278076,1776886156.777
0.0,0.24400000274181366,-1.4630000591278076,1776886156.803
0.0,0.24400000274181366,-1.5850000381469727,1776886156.818
0.061000000685453415,0.24400000274181366,-1.5240000486373901,1776886157.258
0.061000000685453415,0.24400000274181366,-1.5240000486373901,1776886157.283
0.061000000685453415,0.24400000274181366,-1.5240000486373901,1776886157.298
0.0,0.3050000071525574,-1.5240000486373901,1776886157.323
0.061000000685453415,0.3050000071525574,-1.4019999504089355,1776886157.338
0.061000000685453415,0.18299999833106995,-1.4630000591278076,1776886157.738
0.0,0.3050000071525574,-1.5240000486373901,1776886157.763
-0.061000000685453415,0.24400000274181366,-1.5850000381469727,1776886157.778
0.0,0.24400000274181366,-1.4630000591278076,1776886157.808
0.061000000685453415,0.18299999833106995,-1.4630000591278076,1776886157.818
0.0,0.24400000274181366,-1.5850000381469727,1776886158.259
0.0,0.24400000274181366,-1.4630000591278076,1776886158.285
0.0,0.18299999833106995,14.085000038146973,1776886158.298
0.0,0.3050000071525574,-1.4630000591278076,1776886158.324
0.0,0.18299999833106995,-1.5240000486373901,1776886158.34
0.0,0.24400000274181366,-1.5240000486373901,1776886158.771
0.0,0.18299999833106995,-1.5850000381469727,1776886158.782
0.0,0.3050000071525574,-1.5240000486373901,1776886158.798
-0.061000000685453415,0.24400000274181366,-1.5240000486373901,1776886158.824
0.0,0.24400000274181366,-1.5240000486373901,1776886158.838
0.0,0.24400000274181366,-1.5240000486373901,1776886159.238
0.0,0.24400000274181366,-1.5240000486373901,1776886159.264
0.061000000685453415,0.3659999966621399,-1.5240000486373901,1776886159.278
0.0,0.24400000274181366,-1.5240000486373901,1776886159.305
-0.061000000685453415,0.3659999966621399,-1.5240000486373901,1776886159.318
0.0,0.24400000274181366,-1.5240000486373901,1776886159.758
0.0,0.3050000071525574,-1.4019999504089355,1776886159.787
0.0,0.18299999833106995,-1.4630000591278076,1776886159.799
0.061000000685453415,0.24400000274181366,14.085000038146973,1776886159.825
0.0,0.3659999966621399,-1.5240000486373901,1776886159.838
-0.061000000685453415,0.3050000071525574,-1.5850000381469727,1776886160.266
-0.12200000137090683,0.24400000274181366,-1.5850000381469727,1776886160.278
-0.061000000685453415,0.24400000274181366,-1.5240000486373901,1776886160.304
0.0,0.24400000274181366,-1.4019999504089355,1776886160.319
0.0,0.3050000071525574,-1.5850000381469727,1776886160.346
0.061000000685453415,0.24400000274181366,-1.5850000381469727,1776886160.764
0.061000000685453415,0.3050000071525574,-1.5240000486373901,1776886160.778
0.0,0.24400000274181366,-1.4630000591278076,1776886160.804
0.061000000685453415,0.18299999833106995,-1.5850000381469727,1776886160.819
0.061000000685453415,0.18299999833106995,-1.4630000591278076,1776886160.846
-0.061000000685453415,0.24400000274181366,-1.5240000486373901,1776886161.258
0.0,0.24400000274181366,-1.5850000381469727,1776886161.283
-0.061000000685453415,0.18299999833106995,-17.072999954223633,1776886161.298
0.061000000685453415,0.24400000274181366,-1.5240000486373901,1776886161.33
0.0,0.3050000071525574,-1.6460000276565552,1776886161.341
0.061000000685453415,0.18299999833106995,-1.4630000591278076,1776886161.779
0.0,0.3659999966621399,-1.4630000591278076,1776886161.806
-0.061000000685453415,0.3659999966621399,-1.5240000486373901,1776886161.818
0.0,0.18299999833106995,-1.4630000591278076,1776886161.843
0.0,0.24400000274181366,-1.4630000591278076,1776886161.858
0.0,0.18299999833106995,-1.4630000591278076,1776886162.284
-0.061000000685453415,0.24400000274181366,-1.5240000486373901,1776886162.298
0.061000000685453415,0.24400000274181366,-1.5850000381469727,1776886162.323
0.12200000137090683,0.24400000274181366,-1.5240000486373901,1776886162.343
0.0,0.24400000274181366,-1.5240000486373901,1776886162.358
0.0,0.18299999833106995,-1.4019999504089355,1776886162.784
0.0,0.24400000274181366,-1.4630000591278076,1776886162.803
0.0,0.24400000274181366,-1.340999960899353,1776886162.818
0.061000000685453415,0.18299999833106995,-1.5850000381469727,1776886162.843
0.0,0.24400000274181366,-1.4019999504089355,1776886162.858
0.061000000685453415,0.24400000274181366,-1.4630000591278076,1776886163.286
0.0,0.24400000274181366,-1.5240000486373901,1776886163.298
0.0,0.24400000274181366,-1.4630000591278076,1776886163.324
0.061000000685453415,0.3050000071525574,-1.4630000591278076,1776886163.338
0.0,0.3659999966621399,-1.4630000591278076,1776886163.364
0.0,0.3659999966621399,-1.4630000591278076,1776886163.778
0.0,0.3659999966621399,-1.4630000591278076,1776886163.806
0.0,0.3659999966621399,-1.4630000591278076,1776886163.818
0.061000000685453415,0.18299999833106995,-1.5240000486373901,1776886163.843
0.12200000137090683,0.3050000071525574,-1.4630000591278076,1776886163.858
-0.061000000685453415,0.24400000274181366,-1.4019999504089355,1776886164.285
0.0,0.24400000274181366,-1.4630000591278076,1776886164.298
0.0,0.3050000071525574,-1.6460000276565552,1776886164.323
0.061000000685453415,0.3050000071525574,-1.5240000486373901,1776886164.338
0.0,0.18299999833106995,-1.4630000591278076,1776886164.366
0.0,0.3050000071525574,-1.4630000591278076,1776886164.783
-0.061000000685453415,0.24400000274181366,-1.5240000486373901,1776886164.799
-0.061000000685453415,0.24400000274181366,-1.5240000486373901,1776886164.82
-0.061000000685453415,0.24400000274181366,-1.5240000486373901,1776886164.838
-0.061000000685453415,0.24400000274181366,-1.5240000486373901,1776886164.864
-0.061000000685453415,0.24400000274181366,-1.4630000591278076,1776886165.279
0.061000000685453415,0.3050000071525574,-1.5240000486373901,1776886165.298
0.0,0.24400000274181366,-1.4630000591278076,1776886165.324
0.0,0.24400000274181366,-1.4630000591278076,1776886165.338
-0.061000000685453415,0.18299999833106995,-1.5850000381469727,1776886165.364
-0.4880000054836273,0.6100000143051147,-1.4630000591278076,1776886165.778
-1.9509999752044678,1.6460000276565552,-2.378000020980835,1776886165.813
1.2200000286102295,-0.3050000071525574,-0.9150000214576721,1776886165.823
1.7070000171661377,0.24400000274181366,-6.21999979019165,1776886165.841
-0.4269999861717224,-0.9760000109672546,-2.378000020980835,1776886165.869
-0.24400000274181366,2.561000108718872,1.2799999713897705,1776886166.286
-7.622000217437744,-5.060999870300293,2.25600004196167,1776886166.298
2.134000062942505,3.2320001125335693,2.74399995803833,1776886166.324
-1.5850000381469727,-11.52400016784668,-12.317000389099121,1776886166.338
-13.414999961853027,3.7799999713897705,-22.988000869750977,1776886166.367
-8.170999526977539,-12.01200008392334,-23.292999267578125,1776886166.804
-4.328999996185303,-41.82899856567383,-17.621999740600586,1776886166.819
-16.280000686645508,-7.560999870300293,-8.720000267028809,1776886166.838
-8.414999961853027,4.389999866485596,-16.097999572753906,1776886166.864
-30.854000091552734,-17.316999435424805,-32.68299865722656,1776886166.879
-13.536999702453613,-1.9509999752044678,-33.292999267578125,1776886167.298
-18.110000610351562,-2.134000062942505,-33.231998443603516,1776886167.323
-17.19499969482422,-8.840999603271484,-43.231998443603516,1776886167.338
-25.548999786376953,-12.805000305175781,-54.207000732421875,1776886167.364
-27.43899917602539,3.7200000286102295,-67.56099700927734,1776886167.378
13.963000297546387,-14.633999824523926,3.6589999198913574,1776886167.804
32.86600112915039,-26.159000396728516,-12.744000434875488,1776886167.818
17.621999740600586,-17.5,10.121999740600586,1776886167.844
13.963000297546387,-8.963000297546387,10.121999740600586,1776886167.86
12.866000175476074,-12.744000434875488,-2.316999912261963,1776886167.885
0.3050000071525574,0.0,-1.5850000381469727,1776886168.304
0.0,0.3050000071525574,-1.8289999961853027,1776886168.319
0.061000000685453415,0.24400000274181366,-1.4019999504089355,1776886168.345
-0.24400000274181366,0.5490000247955322,-1.2200000286102295,1776886168.358
0.12200000137090683,0.24400000274181366,-1.6460000276565552,1776886168.386
0.0,0.12200000137090683,-1.4630000591278076,1776886168.804
0.0,0.24400000274181366,-1.4630000591278076,1776886168.818
0.061000000685453415,0.24400000274181366,-1.5240000486373901,1776886168.846
0.8539999723434448,-0.061000000685453415,0.061000000685453415,1776886168.858
1.159000039100647,0.24400000274181366,1.340999960899353,1776886168.884
43.9630012512207,41.340999603271484,19.145999908447266,1776886169.306
90.36599731445312,125.61000061035156,22.19499969482422,1776886169.318
86.03700256347656,-53.415000915527344,-94.87799835205078,1776886169.344
26.707000732421875,-10.366000175476074,-92.5,1776886169.359
45.67100143432617,-50.426998138427734,-105.61000061035156,1776886169.385
-0.12200000137090683,-0.061000000685453415,-1.8289999961853027,1776886170.298
0.12200000137090683,0.3050000071525574,-1.4630000591278076,1776886170.325
0.12200000137090683,0.3659999966621399,-1.5240000486373901,1776886170.338
-0.12200000137090683,0.0,-1.7070000171661377,1776886170.364
-0.061000000685453415,0.12200000137090683,-1.5240000486373901,1776886170.378
0.0,0.18299999833106995,-1.5240000486373901,1776886170.804
0.061000000685453415,0.18299999833106995,-1.5240000486373901,1776886170.818
0.0,0.3050000071525574,-1.5850000381469727,1776886170.848
0.0,0.18299999833106995,-1.5240000486373901,1776886170.864
0.0,0.3050000071525574,-1.4630000591278076,1776886170.879
0.0,0.18299999833106995,-1.5850000381469727,1776886171.298
0.061000000685453415,0.3050000071525574,-1.5240000486373901,1776886171.326
0.0,0.18299999833106995,-1.5240000486373901,1776886171.338
0.0,0.24400000274181366,-1.5240000486373901,1776886171.364
0.0,0.18299999833106995,14.085000038146973,1776886171.378
1.5240000486373901,0.6100000143051147,-3.5369999408721924,1776886171.818
0.3659999966621399,-0.6100000143051147,-5.183000087738037,1776886171.844
2.621999979019165,0.7929999828338623,-7.866000175476074,1776886171.858
5.060999870300293,5.914999961853027,-7.133999824523926,1776886171.888
12.255999565124512,3.5980000495910645,-6.951000213623047,1776886171.899
81.46299743652344,-81.64600372314453,-63.415000915527344,1776886172.325
87.072998046875,-69.63400268554688,-36.340999603271484,1776886172.342
94.14600372314453,-71.8290023803711,17.988000869750977,1776886172.358
66.52400207519531,-18.292999267578125,32.68299865722656,1776886172.384
-6.21999979019165,52.073001861572266,51.584999084472656,1776886172.399
51.645999908447266,36.707000732421875,-10.914999961853027,1776886172.825
51.645999908447266,38.415000915527344,-7.560999870300293,1776886172.838
54.93899917602539,46.4630012512207,-4.816999912261963,1776886172.864
47.80500030517578,47.80500030517578,-3.4149999618530273,1776886172.879
44.573001861572266,40.18299865722656,-15.548999786376953,1776886172.907
1.0369999408721924,1.6460000276565552,-1.4019999504089355,1776886173.324
2.134000062942505,1.9509999752044678,-1.4630000591278076,1776886173.338
0.6100000143051147,0.8539999723434448,-1.340999960899353,1776886173.364
-0.7929999828338623,-0.5490000247955322,-1.6460000276565552,1776886173.38
-1.6460000276565552,-1.159000039100647,-1.5240000486373901,1776886173.406
0.4269999861717224,0.6100000143051147,-1.4630000591278076,1776886173.818
0.18299999833106995,0.4269999861717224,-1.4019999504089355,1776886173.844
-0.3050000071525574,0.0,-1.5240000486373901,1776886173.858
-0.3050000071525574,0.0,-1.5240000486373901,1776886173.885
-0.12200000137090683,0.24400000274181366,-1.4630000591278076,1776886173.898
-0.061000000685453415,0.24400000274181366,-1.5240000486373901,1776886174.326
-0.12200000137090683,0.24400000274181366,-1.4630000591278076,1776886174.338
-0.061000000685453415,0.24400000274181366,-1.5850000381469727,1776886174.364
0.12200000137090683,0.3659999966621399,-1.5240000486373901,1776886174.378
0.12200000137090683,0.3050000071525574,-1.4630000591278076,1776886174.404
-39.93899917602539,-130.427001953125,-58.720001220703125,1776886174.826
-39.573001861572266,-121.88999938964844,-74.87799835205078,1776886174.838
-83.35399627685547,-111.70700073242188,-83.72000122070312,1776886174.864
-137.5,-123.04900360107422,-47.926998138427734,1776886174.879
-123.65899658203125,-3.4149999618530273,-46.52399826049805,1776886174.899
4.145999908447266,-54.63399887084961,-17.072999954223633,1776886175.324
38.354000091552734,-16.584999084472656,0.12200000137090683,1776886175.338
23.659000396728516,12.317000389099121,37.43899917602539,1776886175.364
31.645999908447266,67.98799896240234,-4.085000038146973,1776886175.378
25.67099952697754,0.0,19.756000518798828,1776886175.406
0.0,0.12200000137090683,-1.6460000276565552,1776886175.824
0.061000000685453415,0.4269999861717224,-1.4019999504089355,1776886175.839
0.061000000685453415,0.24400000274181366,-1.4630000591278076,1776886175.865
0.061000000685453415,0.24400000274181366,-1.5240000486373901,1776886175.878
0.12200000137090683,0.3659999966621399,-1.4019999504089355,1776886175.905
0.061000000685453415,0.24400000274181366,-1.5240000486373901,1776886176.324
0.061000000685453415,0.24400000274181366,-1.5240000486373901,1776886176.338
0.061000000685453415,0.24400000274181366,-1.5240000486373901,1776886176.368
0.061000000685453415,0.24400000274181366,-1.5240000486373901,1776886176.378
0.0,0.4269999861717224,-1.4630000591278076,1776886176.405
-0.9760000109672546,-1.0369999408721924,1.4630000591278076,1776886176.823
0.18299999833106995,0.7929999828338623,-1.7070000171661377,1776886176.838
-0.6100000143051147,0.0,-1.5240000486373901,1776886176.865
15.060999870300293,-1.7070000171661377,1.159000039100647,1776886176.879
-5.122000217437744,-3.9630000591278076,3.3540000915527344,1776886176.907
5.548999786376953,-1.4019999504089355,-1.7070000171661377,1776886177.338
5.548999786376953,-1.4019999504089355,-1.7070000171661377,1776886177.364
5.548999786376953,-1.4019999504089355,-1.7070000171661377,1776886177.378
1.6460000276565552,-4.633999824523926,-5.73199987411499,1776886177.406
-3.109999895095825,2.01200008392334,6.4019999504089355,1776886177.419
-0.6100000143051147,-8.293000221252441,4.695000171661377,1776886177.845
-5.366000175476074,-1.4630000591278076,11.340999603271484,1776886177.858
1.8899999856948853,2.378000020980835,-2.5,1776886177.884
2.805000066757202,3.7799999713897705,-7.5,1776886177.903
-1.7680000066757202,-0.5490000247955322,-1.5240000486373901,1776886177.918
-0.7929999828338623,-0.6710000038146973,6.0980000495910645,1776886178.325
-0.061000000685453415,1.159000039100647,-2.5,1776886178.339
-0.5490000247955322,-0.4880000054836273,-4.939000129699707,1776886178.358
-0.5490000247955322,-0.4880000054836273,-4.939000129699707,1776886178.386
-0.5490000247955322,-0.4880000054836273,-4.939000129699707,1776886178.398
-3.7799999713897705,0.12200000137090683,-0.3659999966621399,1776886178.818
-2.316999912261963,-3.9630000591278076,4.816999912261963,1776886178.848
14.572999954223633,2.134000062942505,-2.927000045776367,1776886178.86
-14.939000129699707,6.28000020980835,0.6710000038146973,1776886178.886
-3.109999895095825,6.21999979019165,-1.0369999408721924,1776886178.898
-41.402000427246094,-34.573001861572266,12.805000305175781,1776886179.345
-35.0,-28.96299934387207,21.280000686645508,1776886179.358
-21.951000213623047,-11.159000396728516,15.366000175476074,1776886179.379
-21.951000213623047,-11.159000396728516,15.366000175476074,1776886179.407
-21.951000213623047,-11.159000396728516,15.366000175476074,1776886179.418
0.5490000247955322,0.3050000071525574,-2.134000062942505,1776886179.844
-0.5490000247955322,-0.4880000054836273,0.0,1776886179.858
-1.9509999752044678,-1.4019999504089355,0.061000000685453415,1776886179.885
-0.12200000137090683,0.3659999966621399,-2.5,1776886179.898
-1.2200000286102295,-0.4269999861717224,-1.8899999856948853,1776886179.924
62.86600112915039,-54.573001861572266,38.47600173950195,1776886180.345
28.597999572753906,-59.87799835205078,64.572998046875,1776886180.358
2.98799991607666,-77.98799896240234,97.072998046875,1776886180.385
32.43899917602539,-42.68299865722656,97.25599670410156,1776886180.399
32.43899917602539,-42.68299865722656,97.25599670410156,1776886180.425
-18.415000915527344,-30.854000091552734,27.988000869750977,1776886180.849
-58.354000091552734,-55.54899978637695,56.097999572753906,1776886180.859
-49.32899856567383,-10.793000221252441,96.64600372314453,1776886180.885
-94.3290023803711,-21.584999084472656,95.0,1776886180.898
-73.53700256347656,-69.26799774169922,-0.4880000054836273,1776886180.926
-10.854000091552734,-14.451000213623047,23.048999786376953,1776886181.344
-2.378000020980835,3.0490000247955322,11.036999702453613,1776886181.359
-44.63399887084961,37.74399948120117,-20.183000564575195,1776886181.387
-28.354000091552734,33.354000091552734,-17.927000045776367,1776886181.398
-22.80500030517578,28.840999603271484,-19.634000778198242,1776886181.424
22.621999740600586,-20.67099952697754,2.561000108718872,1776886181.844
4.085000038146973,-6.4019999504089355,-7.377999782562256,1776886181.859
-4.145999908447266,4.389999866485596,2.683000087738037,1776886181.886
-0.8539999723434448,0.18299999833106995,3.9630000591278076,1776886181.898
0.6710000038146973,1.159000039100647,-3.9019999504089355,1776886181.924
0.061000000685453415,0.24400000274181366,-1.4630000591278076,1776886182.339
0.061000000685453415,0.24400000274181366,-1.4019999504089355,1776886182.364
-0.061000000685453415,0.24400000274181366,-1.5240000486373901,1776886182.378
0.061000000685453415,0.3050000071525574,-1.5240000486373901,1776886182.404
0.0,0.3050000071525574,-1.5240000486373901,1776886182.419
0.7929999828338623,-2.01200008392334,-0.9760000109672546,1776886182.847
-0.7929999828338623,1.159000039100647,-1.5240000486373901,1776886182.858
-0.7929999828338623,1.0980000495910645,1.2799999713897705,1776886182.884
0.3659999966621399,-0.7929999828338623,-1.2799999713897705,1776886182.899
0.4880000054836273,-0.8539999723434448,0.061000000685453415,1776886182.925
-4.328999996185303,0.4880000054836273,3.7200000286102295,1776886183.338
-1.0980000495910645,0.5490000247955322,5.671000003814697,1776886183.364
2.621999979019165,-2.561000108718872,-2.927000045776367,1776886183.378
-0.061000000685453415,-4.51200008392334,0.4880000054836273,1776886183.418
-1.7680000066757202,-1.2799999713897705,4.633999824523926,1776886183.429
-0.7319999933242798,-16.645999908447266,-13.779999732971191,1776886183.859
2.072999954223633,8.414999961853027,-8.840999603271484,1776886183.885
-4.085000038146973,1.7070000171661377,4.085000038146973,1776886183.898
-1.2200000286102295,3.2320001125335693,-8.232000350952148,1776886183.924
2.25600004196167,-2.01200008392334,6.28000020980835,1776886183.938
-1.7070000171661377,0.7319999933242798,-0.6710000038146973,1776886184.358
-0.12200000137090683,-0.24400000274181366,-1.4019999504089355,1776886184.384
-0.4269999861717224,0.0,-0.6100000143051147,1776886184.399
0.3050000071525574,0.3050000071525574,-2.316999912261963,1776886184.428
-4.085000038146973,-0.7929999828338623,5.366000175476074,1776886184.438
-0.12200000137090683,0.24400000274181366,-1.5240000486373901,1776886184.859
0.12200000137090683,0.12200000137090683,-1.4019999504089355,1776886184.885
0.12200000137090683,0.18299999833106995,-1.4630000591278076,1776886184.898
0.061000000685453415,0.3050000071525574,-1.5850000381469727,1776886184.924
0.12200000137090683,0.24400000274181366,-1.5850000381469727,1776886184.938
0.061000000685453415,0.3659999966621399,-1.5240000486373901,1776886185.338
0.061000000685453415,0.18299999833106995,-1.5240000486373901,1776886185.364
0.12200000137090683,0.24400000274181366,-1.5240000486373901,1776886185.379
0.061000000685453415,0.18299999833106995,-1.5240000486373901,1776886185.407
0.061000000685453415,0.18299999833106995,14.02400016784668,1776886185.418
1.8899999856948853,-23.110000610351562,-10.48799991607666,1776886185.839
-2.74399995803833,-5.97599983215332,-6.828999996185303,1776886185.866
4.02400016784668,-11.951000213623047,2.438999891281128,1776886185.878
5.548999786376953,0.6710000038146973,-1.4630000591278076,1776886185.905
0.9760000109672546,3.4760000705718994,-3.1710000038146973,1776886185.919
0.0,0.24400000274181366,-1.5240000486373901,1776886186.358
0.12200000137090683,0.3050000071525574,-1.2799999713897705,1776886186.385
0.061000000685453415,0.3050000071525574,-1.5850000381469727,1776886186.398
0.12200000137090683,0.24400000274181366,-1.4630000591278076,1776886186.425
0.061000000685453415,0.24400000274181366,-1.5240000486373901,1776886186.438
-0.7929999828338623,1.6460000276565552,-4.877999782562256,1776886186.858
2.134000062942505,3.7799999713897705,-0.9150000214576721,1776886186.884
0.4269999861717224,0.9150000214576721,-2.316999912261963,1776886186.898
-0.3659999966621399,-1.0980000495910645,1.5240000486373901,1776886186.927
-0.18299999833106995,-0.6100000143051147,-2.25600004196167,1776886186.938
-0.4880000054836273,-0.18299999833106995,0.24400000274181366,1776886187.36
-0.18299999833106995,0.12200000137090683,-0.6710000038146973,1776886187.387
-0.24400000274181366,0.3050000071525574,-1.2200000286102295,1776886187.398
-0.6100000143051147,0.061000000685453415,-0.24400000274181366,1776886187.425
-0.4880000054836273,-0.3659999966621399,1.7070000171661377,1776886187.439
-0.061000000685453415,1.159000039100647,-4.51200008392334,1776886187.859
-0.8539999723434448,0.24400000274181366,13.293000221252441,1776886187.89
0.8539999723434448,-0.6710000038146973,-0.18299999833106995,1776886187.9
-0.5490000247955322,0.4269999861717224,-2.134000062942505,1776886187.919
0.4880000054836273,-0.18299999833106995,-0.6100000143051147,1776886187.944
0.24400000274181366,0.061000000685453415,-1.7680000066757202,1776886188.378
0.18299999833106995,0.061000000685453415,-1.0980000495910645,1776886188.404
-0.18299999833106995,0.3659999966621399,-1.7680000066757202,1776886188.419
0.12200000137090683,0.18299999833106995,-1.2200000286102295,1776886188.445
0.061000000685453415,0.12200000137090683,-1.4019999504089355,1776886188.459
0.061000000685453415,0.24400000274181366,-1.4630000591278076,1776886188.878
-0.061000000685453415,0.18299999833106995,14.02400016784668,1776886188.905
0.061000000685453415,0.18299999833106995,-1.4630000591278076,1776886188.918
0.061000000685453415,0.24400000274181366,-1.5240000486373901,1776886188.945
0.0,0.24400000274181366,-1.5240000486373901,1776886188.959
0.0,0.18299999833106995,-1.5850000381469727,1776886189.364
0.061000000685453415,0.3050000071525574,-1.4019999504089355,1776886189.381
-0.3659999966621399,0.061000000685453415,1.2200000286102295,1776886189.399
-2.683000087738037,-3.2929999828338623,12.5,1776886189.425
-4.389999866485596,0.061000000685453415,-7.072999954223633,1776886189.439
0.12200000137090683,-0.12200000137090683,-0.9760000109672546,1776886189.878
0.4880000054836273,0.0,-3.109999895095825,1776886189.904
2.316999912261963,1.7680000066757202,-5.671000003814697,1776886189.919
0.9150000214576721,1.7070000171661377,-7.072999954223633,1776886189.947
1.7070000171661377,3.5980000495910645,-6.4019999504089355,1776886189.958
10.0,5.73199987411499,-17.56100082397461,1776886190.378
-3.6589999198913574,4.451000213623047,-20.06100082397461,1776886190.404
8.840999603271484,15.182999610900879,-28.597999572753906,1776886190.422
18.53700065612793,15.305000305175781,-22.683000564575195,1776886190.439
12.133999824523926,8.597999572753906,-18.840999603271484,1776886190.466
-32.86600112915039,2.134000062942505,-11.951000213623047,1776886190.881
-70.30500030517578,3.2320001125335693,-9.02400016784668,1776886190.902
-76.22000122070312,12.317000389099121,-13.414999961853027,1776886190.918
-72.37799835205078,98.23200225830078,37.80500030517578,1776886190.945
-55.854000091552734,49.87799835205078,28.292999267578125,1776886190.961
21.219999313354492,15.670999526977539,32.80500030517578,1776886191.386
8.597999572753906,7.072999954223633,15.732000350952148,1776886191.398
-2.072999954223633,-10.305000305175781,4.02400016784668,1776886191.426
-9.755999565124512,-5.97599983215332,-25.427000045776367,1776886191.439
-6.828999996185303,0.7929999828338623,-20.183000564575195,1776886191.46
0.0,0.18299999833106995,-1.340999960899353,1776886191.878
0.0,0.3050000071525574,-1.5850000381469727,1776886191.906
0.061000000685453415,0.12200000137090683,-1.340999960899353,1776886191.92
0.0,0.3659999966621399,-1.4630000591278076,1776886191.946
-0.12200000137090683,0.24400000274181366,-1.5850000381469727,1776886191.958
0.0,0.24400000274181366,14.085000038146973,1776886192.379
0.0,0.24400000274181366,-1.5850000381469727,1776886192.404
0.061000000685453415,0.18299999833106995,-1.4019999504089355,1776886192.419
0.061000000685453415,0.18299999833106995,-1.5850000381469727,1776886192.446
0.061000000685453415,0.18299999833106995,-1.4630000591278076,1776886192.458
0.8539999723434448,2.438999891281128,1.340999960899353,1776886192.898
0.6710000038146973,-0.18299999833106995,0.7929999828338623,1776886192.928
-0.18299999833106995,1.6460000276565552,-3.3540000915527344,1776886192.939
-0.4269999861717224,-1.0369999408721924,-2.805000066757202,1776886192.965
5.183000087738037,10.366000175476074,-23.780000686645508,1776886192.979
-0.061000000685453415,-1.6460000276565552,3.2320001125335693,1776886193.39
0.7319999933242798,-0.4269999861717224,0.8539999723434448,1776886193.401
0.12200000137090683,1.340999960899353,-3.0490000247955322,1776886193.427
0.6100000143051147,0.24400000274181366,-1.4630000591278076,1776886193.439
0.12200000137090683,-0.4880000054836273,0.4880000054836273,1776886193.459
6.341000080108643,-1.2799999713897705,-9.390000343322754,1776886193.885
40.426998138427734,-6.4019999504089355,17.316999435424805,1776886193.902
46.279998779296875,-9.085000038146973,8.048999786376953,1776886193.92
69.87799835205078,-1.8289999961853027,0.061000000685453415,1776886193.946
80.12200164794922,18.719999313354492,6.889999866485596,1776886193.958
26.584999084472656,13.170999526977539,10.0,1776886194.385
41.768001556396484,-0.9150000214576721,7.74399995803833,1776886194.399
72.01200103759766,8.109999656677246,16.707000732421875,1776886194.426
83.04900360107422,24.389999389648438,17.56100082397461,1776886194.438
109.63400268554688,28.597999572753906,22.072999954223633,1776886194.465
-19.084999084472656,-45.24399948120117,-34.38999938964844,1776886194.906
-10.97599983215332,-42.13399887084961,-40.54899978637695,1776886194.919
28.659000396728516,-54.87799835205078,-15.609999656677246,1776886194.939
13.720000267028809,-79.51200103759766,1.4019999504089355,1776886194.965
9.633999824523926,-57.62200164794922,1.8899999856948853,1776886194.979
5.24399995803833,-6.0370001792907715,0.7319999933242798,1776886195.379
30.610000610351562,-19.145999908447266,-2.5,1776886195.405
17.316999435424805,-19.572999954223633,4.633999824523926,1776886195.419
21.280000686645508,-22.80500030517578,5.060999870300293,1776886195.444
25.792999267578125,-27.011999130249023,8.47599983215332,1776886195.458
1.4630000591278076,-0.8539999723434448,-0.3050000071525574,1776886195.905
2.072999954223633,-1.5850000381469727,-0.6710000038146973,1776886195.919
1.2799999713897705,-1.4630000591278076,-2.01200008392334,1776886195.946
-0.4880000054836273,0.6710000038146973,-1.5850000381469727,1776886195.96
-0.4880000054836273,1.0980000495910645,-1.0980000495910645,1776886195.986
-0.061000000685453415,0.5490000247955322,-1.5240000486373901,1776886196.4
-0.061000000685453415,0.3050000071525574,-1.4630000591278076,1776886196.425
0.12200000137090683,0.061000000685453415,-1.4019999504089355,1776886196.438
0.061000000685453415,0.12200000137090683,-1.4630000591278076,1776886196.464
-0.061000000685453415,0.24400000274181366,-1.5850000381469727,1776886196.479
-6.52400016784668,6.4019999504089355,-0.061000000685453415,1776886196.926
-4.389999866485596,-12.439000129699707,-2.01200008392334,1776886196.938
-4.206999778747559,0.3659999966621399,-4.085000038146973,1776886196.964
-5.060999870300293,16.52400016784668,-2.134000062942505,1776886196.979
-5.97599983215332,3.8410000801086426,0.18299999833106995,1776886197.006
-3.8410000801086426,17.011999130249023,26.951000213623047,1776886197.425
5.24399995803833,19.69499969482422,35.18299865722656,1776886197.439
22.927000045776367,-6.341000080108643,30.365999221801758,1776886197.465
21.76799964904785,-13.170999526977539,29.878000259399414,1776886197.479
30.67099952697754,-16.645999908447266,11.279999732971191,1776886197.499
-165.18299865722656,-151.9510040283203,5.793000221252441,1776886197.925
-165.18299865722656,-151.9510040283203,5.793000221252441,1776886197.939
-165.18299865722656,-151.9510040283203,5.793000221252441,1776886197.967
-106.88999938964844,-45.54899978637695,19.93899917602539,1776886197.979
-66.22000122070312,-3.6589999198913574,25.30500030517578,1776886198.005
24.389999389648438,-25.854000091552734,5.671000003814697,1776886198.421
10.914999961853027,-29.02400016784668,18.354000091552734,1776886198.447
10.793000221252441,-3.2320001125335693,7.622000217437744,1776886198.459
-15.060999870300293,12.255999565124512,24.145999908447266,1776886198.484
-12.866000175476074,-25.548999786376953,32.37799835205078,1776886198.499
-4.939000129699707,-30.0,21.402000427246094,1776886198.919
-4.939000129699707,-30.0,21.402000427246094,1776886198.945
-4.939000129699707,-30.0,21.402000427246094,1776886198.963
-4.939000129699707,-30.0,21.402000427246094,1776886198.979
10.48799991607666,-5.73199987411499,-12.194999694824219,1776886199.005
0.12200000137090683,0.4880000054836273,-1.5850000381469727,1776886199.419
0.24400000274181366,0.3659999966621399,-17.072999954223633,1776886199.445
-0.12200000137090683,0.18299999833106995,-1.5240000486373901,1776886199.459
-0.12200000137090683,0.24400000274181366,-1.5240000486373901,1776886199.486
0.18299999833106995,0.3050000071525574,-1.7070000171661377,1776886199.499
73.96299743652344,-53.04899978637695,12.01200008392334,1776886199.924
47.68299865722656,-58.5369987487793,10.854000091552734,1776886199.939
32.31700134277344,3.1710000038146973,5.671000003814697,1776886199.966
55.54899978637695,-30.488000869750977,19.389999389648438,1776886199.982
79.26799774169922,-20.792999267578125,6.828999996185303,1776886199.999
37.37799835205078,12.317000389099121,28.354000091552734,1776886200.433
10.305000305175781,107.25599670410156,45.30500030517578,1776886200.445
-16.46299934387207,108.84100341796875,78.41500091552734,1776886200.459
26.402000427246094,71.88999938964844,79.3290023803711,1776886200.485
3.0490000247955322,59.75600051879883,25.121999740600586,1776886200.499
28.292999267578125,43.47600173950195,19.207000732421875,1776886200.942
55.36600112915039,30.792999267578125,2.621999979019165,1776886200.959
77.13400268554688,88.04900360107422,-1.0980000495910645,1776886200.98
103.1709976196289,41.340999603271484,-0.061000000685453415,1776886201.009
117.43900299072266,-75.6709976196289,-10.060999870300293,1776886201.02
-1.7680000066757202,3.8410000801086426,20.792999267578125,1776886201.444
41.220001220703125,-75.91500091552734,0.6710000038146973,1776886201.459
-9.939000129699707,37.43899917602539,7.316999912261963,1776886201.486
2.621999979019165,-26.76799964904785,-15.366000175476074,1776886201.499
18.23200035095215,-1.7680000066757202,-5.060999870300293,1776886201.524
-0.061000000685453415,0.12200000137090683,-1.340999960899353,1776886201.939
0.3659999966621399,0.4269999861717224,-1.7680000066757202,1776886201.966
-0.12200000137090683,0.12200000137090683,-1.4019999504089355,1776886201.979
-0.24400000274181366,0.0,-1.5240000486373901,1776886202.009
0.12200000137090683,0.4880000054836273,-17.072999954223633,1776886202.022
-0.061000000685453415,0.24400000274181366,-1.5240000486373901,1776886202.439
0.061000000685453415,0.24400000274181366,-1.4630000591278076,1776886202.466
0.0,0.24400000274181366,-1.5850000381469727,1776886202.48
0.0,0.18299999833106995,-1.5240000486373901,1776886202.505
0.061000000685453415,0.18299999833106995,-1.4630000591278076,1776886202.519
-0.12200000137090683,1.159000039100647,0.9150000214576721,1776886202.943
-0.4880000054836273,0.18299999833106995,0.7319999933242798,1776886202.959
-0.5490000247955322,-0.24400000274181366,-2.194999933242798,1776886202.986
0.5490000247955322,1.0369999408721924,2.561000108718872,1776886202.999
-2.316999912261963,0.18299999833106995,2.805000066757202,1776886203.025
6.951000213623047,3.109999895095825,7.927000045776367,1776886203.439
-0.6100000143051147,4.816999912261963,23.415000915527344,1776886203.467
5.304999828338623,10.0,20.792999267578125,1776886203.479
0.9760000109672546,9.145999908447266,21.03700065612793,1776886203.505
-5.427000045776367,10.793000221252441,-1.4019999504089355,1776886203.519
-3.9019999504089355,27.683000564575195,54.93899917602539,1776886203.943
1.7680000066757202,-11.159000396728516,19.816999435424805,1776886203.959
12.378000259399414,-2.927000045776367,17.072999954223633,1776886203.984
-1.4630000591278076,-7.01200008392334,34.81700134277344,1776886203.999
0.18299999833106995,-0.9150000214576721,30.0,1776886204.025
0.24400000274181366,-2.98799991607666,54.207000732421875,1776886204.439
2.74399995803833,-4.816999912261963,16.402000427246094,1776886204.466
-5.060999870300293,1.0369999408721924,49.81700134277344,1776886204.479
-13.963000297546387,1.159000039100647,33.9630012512207,1776886204.505
2.134000062942505,3.3540000915527344,16.159000396728516,1776886204.519
1.9509999752044678,0.9760000109672546,2.316999912261963,1776886204.949
-13.597999572753906,-2.134000062942505,29.878000259399414,1776886204.96
-12.439000129699707,-14.694999694824219,36.707000732421875,1776886204.986
-13.536999702453613,2.378000020980835,31.951000213623047,1776886204.999
-12.01200008392334,1.5850000381469727,41.097999572753906,1776886205.025
-7.5,-4.75600004196167,29.93899917602539,1776886205.439
-5.73199987411499,2.378000020980835,20.0,1776886205.467
-0.4269999861717224,3.4149999618530273,35.54899978637695,1776886205.479
-12.927000045776367,11.279999732971191,32.987998962402344,1776886205.505
11.340999603271484,14.085000038146973,41.097999572753906,1776886205.519
1.5850000381469727,0.3050000071525574,2.25600004196167,1776886205.959
2.01200008392334,1.0369999408721924,-2.072999954223633,1776886205.984
-0.7319999933242798,-1.0369999408721924,-0.6710000038146973,1776886205.999
-1.159000039100647,1.0369999408721924,-1.7680000066757202,1776886206.026
0.0,-0.3050000071525574,-2.683000087738037,1776886206.039
0.0,0.18299999833106995,-1.5850000381469727,1776886206.439
0.061000000685453415,0.3659999966621399,-1.5240000486373901,1776886206.465
0.061000000685453415,0.24400000274181366,-1.4630000591278076,1776886206.479
0.0,0.3050000071525574,-1.4630000591278076,1776886206.503
0.12200000137090683,0.3050000071525574,-1.5240000486373901,1776886206.519
-1.0980000495910645,-0.9150000214576721,-7.804999828338623,1776886206.969
-2.98799991607666,-2.561000108718872,-7.560999870300293,1776886206.98
-2.621999979019165,0.9150000214576721,-7.01200008392334,1776886207.006
-0.3050000071525574,-1.340999960899353,-5.671000003814697,1776886207.022
1.4019999504089355,-1.7070000171661377,-11.951000213623047,1776886207.039
-8.293000221252441,-23.17099952697754,-22.56100082397461,1776886207.459
4.877999782562256,-14.817000389099121,-19.69499969482422,1776886207.487
-20.548999786376953,-1.9509999752044678,-33.779998779296875,1776886207.499
20.243999481201172,11.767999649047852,30.548999786376953,1776886207.525
30.0,13.902000427246094,-30.30500030517578,1776886207.542
19.207000732421875,-14.755999565124512,-39.32899856567383,1776886207.966
-0.8539999723434448,1.5850000381469727,-28.840999603271484,1776886207.979
8.597999572753906,12.744000434875488,-6.4629998207092285,1776886208.005
15.305000305175781,-6.0980000495910645,-22.256000518798828,1776886208.019
7.560999870300293,11.767999649047852,-4.206999778747559,1776886208.045
0.061000000685453415,-0.061000000685453415,-2.134000062942505,1776886208.465
0.3659999966621399,0.24400000274181366,-1.159000039100647,1776886208.479
-15.366000175476074,0.3659999966621399,-1.5240000486373901,1776886208.505
-0.18299999833106995,0.12200000137090683,-1.159000039100647,1776886208.519
0.24400000274181366,0.12200000137090683,-1.6460000276565552,1776886208.546
0.18299999833106995,0.4269999861717224,-1.5850000381469727,1776886208.959
0.3659999966621399,0.4269999861717224,-1.5240000486373901,1776886208.988
2.865999937057495,2.621999979019165,-4.145999908447266,1776886208.999
3.2320001125335693,0.061000000685453415,-2.438999891281128,1776886209.025
5.914999961853027,7.195000171661377,-1.0369999408721924,1776886209.039
-15.060999870300293,142.43899536132812,12.682999610900879,1776886209.466
-32.19499969482422,158.65899658203125,8.597999572753906,1776886209.479
-72.74400329589844,162.927001953125,-1.4019999504089355,1776886209.505
-177.927001953125,254.0850067138672,-7.74399995803833,1776886209.522
-193.4149932861328,55.36600112915039,-37.926998138427734,1776886209.547
150.24400329589844,-143.53700256347656,3.5980000495910645,1776886209.959
86.4020004272461,18.17099952697754,-2.74399995803833,1776886209.986
-7.25600004196167,-30.427000045776367,22.378000259399414,1776886210.0
-24.878000259399414,39.207000732421875,16.889999389648438,1776886210.026
-60.18299865722656,-16.097999572753906,40.18299865722656,1776886210.039
3.5369999408721924,-2.25600004196167,-4.816999912261963,1776886210.485
0.0,-4.451000213623047,-3.5369999408721924,1776886210.499
1.8899999856948853,5.24399995803833,-2.378000020980835,1776886210.529
-3.5369999408721924,3.4760000705718994,-0.4269999861717224,1776886210.545
-2.561000108718872,-5.548999786376953,-0.18299999833106995,1776886210.56
-4.51200008392334,2.316999912261963,3.1710000038146973,1776886210.959
-0.7929999828338623,-6.0980000495910645,8.414999961853027,1776886210.99
-0.3050000071525574,3.7200000286102295,9.145999908447266,1776886211.001
-3.5369999408721924,-4.145999908447266,3.9630000591278076,1776886211.027
-2.134000062942505,5.48799991607666,5.73199987411499,1776886211.039
2.5,-0.9760000109672546,-6.706999778747559,1776886211.485
-4.328999996185303,-1.7070000171661377,4.206999778747559,1776886211.502
4.939000129699707,0.0,2.25600004196167,1776886211.52
-3.6589999198913574,-3.5980000495910645,-6.645999908447266,1776886211.546
4.206999778747559,0.24400000274181366,-6.828999996185303,1776886211.559
-20.610000610351562,32.5,43.04899978637695,1776886211.986
-39.75600051879883,-1.7680000066757202,-2.378000020980835,1776886212.0
3.8410000801086426,-2.865999937057495,-17.865999221801758,1776886212.019
10.060999870300293,7.25600004196167,-5.366000175476074,1776886212.045
2.927000045776367,-6.28000020980835,6.0370001792907715,1776886212.059
-1.6460000276565552,-5.24399995803833,4.451000213623047,1776886212.479
-4.389999866485596,0.6100000143051147,0.3050000071525574,1776886212.505
-6.52400016784668,6.645999908447266,-4.085000038146973,1776886212.519
2.072999954223633,-5.304999828338623,-3.109999895095825,1776886212.545
2.01200008392334,-4.26800012588501,4.451000213623047,1776886212.559
-2.98799991607666,-1.0980000495910645,-1.5850000381469727,1776886212.979
-0.12200000137090683,-3.5980000495910645,-4.939000129699707,1776886213.007
-5.24399995803833,-5.366000175476074,0.12200000137090683,1776886213.019
-1.7070000171661377,-1.6460000276565552,0.5490000247955322,1776886213.045
0.6100000143051147,-7.25600004196167,-0.7319999933242798,1776886213.059
-0.18299999833106995,2.25600004196167,1.2799999713897705,1776886213.479
0.8539999723434448,-0.18299999833106995,-4.02400016784668,1776886213.505
0.061000000685453415,0.24400000274181366,0.4880000054836273,1776886213.519
1.159000039100647,-1.7680000066757202,-1.2799999713897705,1776886213.548
0.061000000685453415,-0.18299999833106995,-1.9509999752044678,1776886213.559
2.134000062942505,2.194999933242798,0.6100000143051147,1776886213.979
-3.5369999408721924,0.061000000685453415,10.548999786376953,1776886214.003
-2.683000087738037,3.109999895095825,7.5,1776886214.019
-0.9150000214576721,-4.206999778747559,13.779999732971191,1776886214.046
7.927000045776367,4.26800012588501,3.9630000591278076,1776886214.062
13.170999526977539,7.804999828338623,26.280000686645508,1776886214.479
-18.110000610351562,-13.779999732971191,41.340999603271484,1776886214.506
6.341000080108643,0.8539999723434448,23.354000091552734,1776886214.519
5.304999828338623,9.572999954223633,36.097999572753906,1776886214.545
-23.840999603271484,-18.17099952697754,28.415000915527344,1776886214.56
1.340999960899353,-0.24400000274181366,1.2200000286102295,1776886215.008
-0.6100000143051147,1.5240000486373901,-3.7799999713897705,1776886215.023
-0.061000000685453415,-0.18299999833106995,-2.5,1776886215.039
0.061000000685453415,0.18299999833106995,-1.9509999752044678,1776886215.066
-0.18299999833106995,0.3659999966621399,-2.561000108718872,1776886215.079
0.24400000274181366,2.01200008392334,-5.366000175476074,1776886215.499
2.316999912261963,5.0,-0.9150000214576721,1776886215.525
-2.805000066757202,-2.316999912261963,-1.8289999961853027,1776886215.539
5.48799991607666,0.3659999966621399,1.8289999961853027,1776886215.566
12.439000129699707,3.109999895095825,-0.9760000109672546,1776886215.579
3.4149999618530273,8.536999702453613,-1.4019999504089355,1776886215.984
0.9150000214576721,3.9630000591278076,-3.9630000591278076,1776886215.999
-0.061000000685453415,-4.572999954223633,-1.9509999752044678,1776886216.021
-2.865999937057495,-1.6460000276565552,-2.438999891281128,1776886216.04
2.683000087738037,1.6460000276565552,-4.939000129699707,1776886216.059
-2.194999933242798,-7.133999824523926,-0.4269999861717224,1776886216.48
-2.194999933242798,-7.133999824523926,-0.4269999861717224,1776886216.503
5.548999786376953,4.145999908447266,-2.438999891281128,1776886216.519
0.12200000137090683,0.4269999861717224,-0.4880000054836273,1776886216.545
-1.4630000591278076,-3.1710000038146973,4.75600004196167,1776886216.56
4.695000171661377,7.622000217437744,20.854000091552734,1776886217.01
-2.98799991607666,0.9150000214576721,17.011999130249023,1776886217.02
-0.4269999861717224,-9.329000473022461,12.805000305175781,1776886217.04
5.183000087738037,-3.1710000038146973,22.134000778198242,1776886217.063
-1.9509999752044678,7.804999828338623,19.756000518798828,1776886217.079
-0.6100000143051147,-3.4149999618530273,41.82899856567383,1776886217.508
5.0,14.51200008392334,30.365999221801758,1776886217.52
-5.48799991607666,-11.159000396728516,22.011999130249023,1776886217.546
-4.51200008392334,-2.98799991607666,27.865999221801758,1776886217.559
12.072999954223633,16.82900047302246,23.780000686645508,1776886217.585
0.24400000274181366,0.18299999833106995,0.9760000109672546,1776886218.005
0.24400000274181366,0.18299999833106995,0.9760000109672546,1776886218.019
0.24400000274181366,0.18299999833106995,0.9760000109672546,1776886218.047
-3.7799999713897705,-9.939000129699707,12.01200008392334,1776886218.059
1.4019999504089355,-2.316999912261963,9.51200008392334,1776886218.085
-2.194999933242798,-6.76800012588501,3.5980000495910645,1776886218.508
6.21999979019165,1.2200000286102295,-0.9760000109672546,1776886218.519
1.4019999504089355,-4.695000171661377,-0.4269999861717224,1776886218.545
-2.74399995803833,1.2799999713897705,-1.7680000066757202,1776886218.559
2.194999933242798,5.671000003814697,-3.9630000591278076,1776886218.585
0.5490000247955322,6.0370001792907715,-6.76800012588501,1776886218.999
0.5490000247955322,6.0370001792907715,-6.76800012588501,1776886219.025
0.5490000247955322,6.0370001792907715,-6.76800012588501,1776886219.04
-0.061000000685453415,-0.4269999861717224,-10.548999786376953,1776886219.059
-1.340999960899353,-8.232000350952148,-11.706999778747559,1776886219.079
8.414999961853027,6.28000020980835,-26.097999572753906,1776886219.506
-0.3659999966621399,12.133999824523926,-15.060999870300293,1776886219.519
-1.0980000495910645,5.0,-10.060999870300293,1776886219.545
-1.0980000495910645,5.0,-10.060999870300293,1776886219.559
-1.0980000495910645,5.0,-10.060999870300293,1776886219.585
4.816999912261963,5.183000087738037,-15.48799991607666,1776886220.005
1.8289999961853027,-7.98799991607666,-20.183000564575195,1776886220.019
-1.8899999856948853,2.683000087738037,-10.854000091552734,1776886220.045
6.4019999504089355,4.51200008392334,-11.340999603271484,1776886220.06
-14.633999824523926,-12.682999610900879,-20.427000045776367,1776886220.088
3.4149999618530273,5.73199987411499,2.683000087738037,1776886220.508
1.340999960899353,5.304999828338623,-0.7319999933242798,1776886220.519
1.2200000286102295,-2.316999912261963,-1.2200000286102295,1776886220.548
0.8539999723434448,-4.51200008392334,-1.8899999856948853,1776886220.559
0.8539999723434448,-4.51200008392334,-1.8899999856948853,1776886220.585
0.9150000214576721,1.4019999504089355,9.755999565124512,1776886221.006
3.9630000591278076,-2.74399995803833,4.451000213623047,1776886221.019
2.072999954223633,-2.316999912261963,6.828999996185303,1776886221.043
0.9760000109672546,7.804999828338623,5.48799991607666,1776886221.059
-2.74399995803833,-3.9019999504089355,10.182999610900879,1776886221.086
1.340999960899353,13.720000267028809,15.854000091552734,1776886221.499
1.5850000381469727,3.9630000591278076,20.73200035095215,1776886221.519
-5.183000087738037,-9.939000129699707,24.878000259399414,1776886221.55
-5.183000087738037,-9.939000129699707,24.878000259399414,1776886221.561
-5.183000087738037,-9.939000129699707,24.878000259399414,1776886221.587
-0.6100000143051147,3.8410000801086426,33.779998779296875,1776886221.999
-0.8539999723434448,10.427000045776367,27.80500030517578,1776886222.026
6.585000038146973,-5.122000217437744,37.43899917602539,1776886222.039
-4.389999866485596,-2.561000108718872,21.52400016784668,1776886222.065
-2.438999891281128,-1.4019999504089355,35.67100143432617,1776886222.079
9.51200008392334,8.659000396728516,36.88999938964844,1776886222.499
8.720000267028809,-3.6589999198913574,23.23200035095215,1776886222.527
-5.183000087738037,-4.816999912261963,32.19499969482422,1776886222.539
-5.183000087738037,-4.816999912261963,32.19499969482422,1776886222.566
-5.183000087738037,-4.816999912261963,32.19499969482422,1776886222.58
1.0369999408721924,2.927000045776367,7.072999954223633,1776886223.027
0.9150000214576721,-0.8539999723434448,6.28000020980835,1776886223.039
0.24400000274181366,-1.4019999504089355,6.4019999504089355,1776886223.065
0.18299999833106995,-3.9630000591278076,6.28000020980835,1776886223.08
-2.805000066757202,-8.354000091552734,7.804999828338623,1776886223.099
-1.340999960899353,0.6100000143051147,-3.6589999198913574,1776886223.499
-0.4880000054836273,-4.877999782562256,-3.7200000286102295,1776886223.525
1.0369999408721924,7.74399995803833,0.7929999828338623,1776886223.54
-2.805000066757202,-4.75600004196167,-4.51200008392334,1776886223.566
-2.805000066757202,-4.75600004196167,-4.51200008392334,1776886223.579
1.0980000495910645,-2.378000020980835,-14.694999694824219,1776886224.026
-0.4880000054836273,-2.683000087738037,-10.48799991607666,1776886224.04
-0.5490000247955322,-13.902000427246094,-16.159000396728516,1776886224.066
-3.4760000705718994,1.5240000486373901,-18.17099952697754,1776886224.079
-4.26800012588501,-7.377999782562256,-13.659000396728516,1776886224.101
3.0490000247955322,1.159000039100647,-9.694999694824219,1776886224.525
-4.695000171661377,-8.048999786376953,-5.854000091552734,1776886224.54
-1.5850000381469727,7.316999912261963,-3.2929999828338623,1776886224.562
-0.5490000247955322,-3.3540000915527344,-7.927000045776367,1776886224.588
-0.5490000247955322,-3.3540000915527344,-7.927000045776367,1776886224.599
2.621999979019165,-1.340999960899353,-3.7200000286102295,1776886225.019
3.3540000915527344,-0.9150000214576721,1.8899999856948853,1776886225.045
-1.0980000495910645,9.633999824523926,-0.3050000071525574,1776886225.059
0.3659999966621399,5.122000217437744,-1.340999960899353,1776886225.086
14.451000213623047,1.4630000591278076,-3.109999895095825,1776886225.099
-1.6460000276565552,-1.340999960899353,8.048999786376953,1776886225.525
1.8289999961853027,6.52400016784668,7.560999870300293,1776886225.539
-2.01200008392334,6.76800012588501,8.902000427246094,1776886225.566
-1.8899999856948853,-7.316999912261963,8.232000350952148,1776886225.58
-1.8899999856948853,-7.316999912261963,8.232000350952148,1776886225.605
-8.597999572753906,-3.9630000591278076,22.621999740600586,1776886226.027
3.6589999198913574,5.97599983215332,13.170999526977539,1776886226.039
7.866000175476074,5.060999870300293,33.47600173950195,1776886226.065
-2.5,-8.47599983215332,20.427000045776367,1776886226.079
4.02400016784668,10.609999656677246,22.865999221801758,1776886226.108
0.4880000054836273,-3.7799999713897705,4.572999954223633,1776886227.019
-1.6460000276565552,-2.74399995803833,9.02400016784668,1776886227.045
-0.7319999933242798,-7.74399995803833,7.927000045776367,1776886227.06
1.340999960899353,-0.061000000685453415,7.316999912261963,1776886227.086
-3.6589999198913574,3.5980000495910645,6.52400016784668,1776886227.099
0.18299999833106995,1.340999960899353,-2.805000066757202,1776886227.519
-2.927000045776367,1.8289999961853027,-6.76800012588501,1776886227.545
0.12200000137090683,-0.12200000137090683,-2.01200008392334,1776886227.56
1.2799999713897705,-4.633999824523926,0.3050000071525574,1776886227.587
-3.2320001125335693,-2.865999937057495,-2.01200008392334,1776886227.6
-5.183000087738037,-7.98799991607666,-14.085000038146973,1776886228.02
0.5490000247955322,8.048999786376953,-10.548999786376953,1776886228.049
3.7200000286102295,-7.25600004196167,-17.072999954223633,1776886228.06
-2.01200008392334,4.389999866485596,-16.52400016784668,1776886228.088
-6.4019999504089355,-1.159000039100647,-24.207000732421875,1776886228.099
-2.805000066757202,-8.293000221252441,-10.48799991607666,1776886228.519
-1.2200000286102295,-0.3050000071525574,-9.206999778747559,1776886228.545
4.816999912261963,3.0490000247955322,-6.4629998207092285,1776886228.564
-1.7680000066757202,-10.670999526977539,-10.609999656677246,1776886228.58
-0.061000000685453415,-9.390000343322754,-12.133999824523926,1776886228.6
1.7680000066757202,2.072999954223633,-7.133999824523926,1776886229.019
-1.2200000286102295,0.3659999966621399,-4.695000171661377,1776886229.045
2.865999937057495,2.5,-6.828999996185303,1776886229.06
0.3659999966621399,-0.7929999828338623,-5.793000221252441,1776886229.085
1.6460000276565552,-8.232000350952148,-4.26800012588501,1776886229.101
0.9150000214576721,9.02400016784668,4.51200008392334,1776886229.52
-3.5369999408721924,1.4630000591278076,1.9509999752044678,1776886229.546
-3.7200000286102295,4.75600004196167,3.2320001125335693,1776886229.559
2.865999937057495,-0.4880000054836273,6.0980000495910645,1776886229.585
-0.9760000109672546,-0.4269999861717224,6.28000020980835,1776886229.599
-5.427000045776367,-7.74399995803833,16.219999313354492,1776886230.02
5.671000003814697,3.4760000705718994,22.743999481201172,1776886230.046
-0.3659999966621399,1.6460000276565552,20.67099952697754,1776886230.06
-5.060999870300293,-2.378000020980835,12.560999870300293,1776886230.086
3.109999895095825,-2.194999933242798,23.354000091552734,1776886230.099
-5.914999961853027,-15.48799991607666,14.390000343322754,1776886231.039
2.74399995803833,3.4149999618530273,12.5,1776886231.067
2.438999891281128,8.414999961853027,10.48799991607666,1776886231.08
-4.389999866485596,-3.7799999713897705,15.854000091552734,1776886231.105
-1.6460000276565552,0.7929999828338623,15.609999656677246,1776886231.119
3.6589999198913574,-0.6710000038146973,-3.1710000038146973,1776886231.52
5.914999961853027,-2.01200008392334,-2.98799991607666,1776886231.547
0.7319999933242798,-3.5369999408721924,-3.7799999713897705,1776886231.56
0.4269999861717224,4.51200008392334,-1.0369999408721924,1776886231.585
-3.4760000705718994,-3.5980000495910645,-3.8410000801086426,1776886231.602
-1.159000039100647,-0.4880000054836273,-8.840999603271484,1776886232.041
-0.6710000038146973,5.366000175476074,-7.560999870300293,1776886232.059
2.072999954223633,0.8539999723434448,-12.01200008392334,1776886232.085
3.7799999713897705,-4.145999908447266,-12.866000175476074,1776886232.099
-1.6460000276565552,3.2320001125335693,-14.572999954223633,1776886232.126
7.622000217437744,-3.4149999618530273,-25.854000091552734,1776886232.545
-1.5850000381469727,-6.52400016784668,-35.731998443603516,1776886232.559
-11.951000213623047,-5.48799991607666,-40.426998138427734,1776886232.585
6.158999919891357,16.097999572753906,-13.902000427246094,1776886232.599
-1.5240000486373901,0.3659999966621399,-33.720001220703125,1776886232.625
1.9509999752044678,10.0,-1.6460000276565552,1776886233.039
1.5850000381469727,-3.1710000038146973,-2.5,1776886233.065
3.4149999618530273,0.7319999933242798,3.0490000247955322,1776886233.079
3.5980000495910645,-5.854000091552734,-3.4760000705718994,1776886233.105
0.8539999723434448,7.622000217437744,-1.5240000486373901,1776886233.119
-1.159000039100647,-1.6460000276565552,8.354000091552734,1776886233.54
4.51200008392334,0.7929999828338623,2.927000045776367,1776886233.567
0.6100000143051147,-2.683000087738037,6.4629998207092285,1776886233.582
-1.4019999504089355,0.8539999723434448,5.48799991607666,1776886233.608
-0.7929999828338623,2.438999891281128,11.036999702453613,1776886233.62
0.6100000143051147,10.244000434875488,21.951000213623047,1776886234.04
-6.52400016784668,-6.951000213623047,19.878000259399414,1776886234.066
-0.4269999861717224,7.195000171661377,17.316999435424805,1776886234.079
-1.7070000171661377,-5.122000217437744,23.23200035095215,1776886234.106
-2.683000087738037,5.73199987411499,14.51200008392334,1776886234.121
4.877999782562256,11.340999603271484,21.280000686645508,1776886234.546
-4.572999954223633,-13.47599983215332,24.26799964904785,1776886234.56
-4.085000038146973,-2.01200008392334,24.511999130249023,1776886234.586
12.621999740600586,11.645999908447266,27.316999435424805,1776886234.599
6.0980000495910645,4.877999782562256,36.340999603271484,1776886234.625
-1.8899999856948853,4.939000129699707,2.621999979019165,1776886235.039
3.7200000286102295,-7.133999824523926,7.25600004196167,1776886235.066
-1.159000039100647,-0.4880000054836273,6.706999778747559,1776886235.08
-2.25600004196167,0.7929999828338623,7.98799991607666,1776886235.106
3.9630000591278076,8.170999526977539,6.52400016784668,1776886235.12
-1.2200000286102295,-0.5490000247955322,-6.706999778747559,1776886235.547
-2.072999954223633,0.7319999933242798,-2.865999937057495,1776886235.56
4.877999782562256,-3.4760000705718994,-3.5980000495910645,1776886235.579
-0.8539999723434448,1.159000039100647,-3.4149999618530273,1776886235.605
-4.26800012588501,0.3050000071525574,-5.0,1776886235.619
-3.9630000591278076,7.133999824523926,-12.927000045776367,1776886236.065
-0.4880000054836273,3.7200000286102295,-18.53700065612793,1776886236.08
4.085000038146973,6.0370001792907715,-11.645999908447266,1776886236.106
1.7680000066757202,-4.085000038146973,-17.865999221801758,1776886236.12
-3.2929999828338623,7.866000175476074,-14.939000129699707,1776886236.145
2.134000062942505,1.340999960899353,1.8289999961853027,1776886236.562
-5.304999828338623,-5.122000217437744,0.9760000109672546,1776886236.58
2.134000062942505,11.951000213623047,4.75600004196167,1776886236.606
-1.7680000066757202,-1.8289999961853027,1.0369999408721924,1776886236.619
-7.866000175476074,-2.072999954223633,-3.7799999713897705,1776886236.645
-3.2929999828338623,-1.6460000276565552,23.659000396728516,1776886237.566
5.97599983215332,0.6710000038146973,21.280000686645508,1776886237.58
-4.877999782562256,5.366000175476074,25.183000564575195,1776886237.606
0.3659999966621399,-12.439000129699707,17.5,1776886237.62
4.695000171661377,1.159000039100647,21.46299934387207,1776886237.646
2.865999937057495,7.377999782562256,27.743999481201172,1776886238.065
-6.951000213623047,-2.74399995803833,25.854000091552734,1776886238.079
-0.6100000143051147,0.24400000274181366,29.572999954223633,1776886238.105
2.561000108718872,5.914999961853027,23.354000091552734,1776886238.119
-12.133999824523926,-12.01200008392334,30.792999267578125,1776886238.146
1.9509999752044678,6.645999908447266,6.645999908447266,1776886238.565
0.8539999723434448,-2.25600004196167,14.572999954223633,1776886238.58
-2.072999954223633,3.2320001125335693,14.572999954223633,1776886238.606
-0.061000000685453415,-5.854000091552734,5.122000217437744,1776886238.619
3.4149999618530273,2.5,25.30500030517578,1776886238.646
-0.18299999833106995,1.5850000381469727,8.354000091552734,1776886239.559
4.085000038146973,5.0,1.4630000591278076,1776886239.586
0.6100000143051147,5.793000221252441,0.6710000038146973,1776886239.601
-0.4269999861717224,-6.645999908447266,4.145999908447266,1776886239.62
3.2320001125335693,2.438999891281128,4.939000129699707,1776886239.647
-6.52400016784668,-2.134000062942505,-8.048999786376953,1776886240.065
-6.0370001792907715,3.0490000247955322,-8.414999961853027,1776886240.08
-0.3659999966621399,4.389999866485596,-10.854000091552734,1776886240.106
2.25600004196167,1.7070000171661377,-10.732000350952148,1776886240.12
0.8539999723434448,-11.340999603271484,-10.548999786376953,1776886240.146
-0.5490000247955322,-0.9150000214576721,-1.5240000486373901,1776886240.566
1.0980000495910645,0.6100000143051147,-1.6460000276565552,1776886240.58
0.0,0.4880000054836273,0.0,1776886240.609
0.061000000685453415,0.061000000685453415,-4.02400016784668,1776886240.628
-2.01200008392334,-0.061000000685453415,13.597999572753906,1776886240.64
0.0,0.24400000274181366,-17.072999954223633,1776886241.072
0.061000000685453415,0.3050000071525574,-1.5240000486373901,1776886241.088
0.0,0.24400000274181366,-1.5240000486373901,1776886241.1
-0.061000000685453415,0.3050000071525574,-1.5240000486373901,1776886241.125
0.0,0.3050000071525574,-1.5240000486373901,1776886241.14
0.0,0.12200000137090683,-1.7070000171661377,1776886241.566
0.061000000685453415,0.24400000274181366,-1.4630000591278076,1776886241.583
2.134000062942505,0.061000000685453415,-0.8539999723434448,1776886241.6
0.12200000137090683,0.8539999723434448,-4.695000171661377,1776886241.626
1.4630000591278076,0.3050000071525574,0.18299999833106995,1776886241.64
11.463000297546387,6.4629998207092285,-10.732000350952148,1776886242.066
15.854000091552734,-3.4149999618530273,-8.354000091552734,1776886242.08
20.06100082397461,-6.951000213623047,-6.21999979019165,1776886242.108
10.609999656677246,-5.060999870300293,-0.6710000038146973,1776886242.12
8.293000221252441,0.6710000038146973,2.25600004196167,1776886242.145
4.572999954223633,1.0369999408721924,0.4269999861717224,1776886243.086
7.683000087738037,1.0369999408721924,6.889999866485596,1776886243.1
-0.6710000038146973,1.7680000066757202,3.1710000038146973,1776886243.127
-1.0980000495910645,1.2200000286102295,-0.4880000054836273,1776886243.14
-2.134000062942505,-0.4269999861717224,13.902000427246094,1776886243.166
2.927000045776367,16.889999389648438,39.38999938964844,1776886244.082
3.3540000915527344,1.7680000066757202,42.56100082397461,1776886244.108
3.0490000247955322,0.4880000054836273,40.06100082397461,1776886244.12
0.7319999933242798,2.01200008392334,39.145999908447266,1776886244.145
-0.9150000214576721,-2.561000108718872,40.12200164794922,1776886244.16
-0.9760000109672546,1.2799999713897705,34.75600051879883,1776886244.58
-0.18299999833106995,1.2200000286102295,34.268001556396484,1776886244.606
-2.316999912261963,0.4269999861717224,29.756000518798828,1776886244.62
-1.5850000381469727,4.75600004196167,29.756000518798828,1776886244.646
0.4269999861717224,3.5369999408721924,34.75600051879883,1776886244.663
4.939000129699707,0.3050000071525574,30.610000610351562,1776886245.08
8.354000091552734,0.6100000143051147,32.5,1776886245.107
9.755999565124512,-0.5490000247955322,33.354000091552734,1776886245.12
7.377999782562256,-2.378000020980835,29.816999435424805,1776886245.145
8.232000350952148,-2.378000020980835,27.43899917602539,1776886245.16
-0.18299999833106995,-1.0980000495910645,-0.061000000685453415,1776886245.587
-1.0369999408721924,1.340999960899353,1.0369999408721924,1776886245.6
-0.6100000143051147,1.5240000486373901,-3.5369999408721924,1776886245.625
0.6710000038146973,-0.5490000247955322,0.3659999966621399,1776886245.64
-0.061000000685453415,0.061000000685453415,-1.4630000591278076,1776886245.665
0.0,0.24400000274181366,-1.5240000486373901,1776886246.107
0.0,0.18299999833106995,-1.4630000591278076,1776886246.12
0.061000000685453415,0.24400000274181366,-1.5240000486373901,1776886246.146
-0.061000000685453415,0.24400000274181366,-1.5240000486373901,1776886246.16
0.0,0.24400000274181366,-1.4630000591278076,1776886246.185
0.061000000685453415,0.24400000274181366,-1.5240000486373901,1776886246.58
-0.061000000685453415,0.18299999833106995,-1.5240000486373901,1776886246.606
0.0,0.4269999861717224,-1.4630000591278076,1776886246.62
-0.12200000137090683,0.3050000071525574,-1.5240000486373901,1776886246.648
0.0,0.24400000274181366,-1.5850000381469727,1776886246.66
0.0,0.3050000071525574,-17.072999954223633,1776886247.105
0.0,0.3050000071525574,-1.5850000381469727,1776886247.12
-0.061000000685453415,0.24400000274181366,-1.4630000591278076,1776886247.149
-0.061000000685453415,0.24400000274181366,-1.4630000591278076,1776886247.16
0.061000000685453415,0.24400000274181366,-1.4019999504089355,1776886247.185
-0.061000000685453415,0.18299999833106995,-1.5850000381469727,1776886247.607
0.0,0.3659999966621399,-1.5240000486373901,1776886247.62
0.0,0.24400000274181366,-1.4019999504089355,1776886247.646
-0.061000000685453415,0.18299999833106995,-1.4630000591278076,1776886247.664
-0.061000000685453415,0.24400000274181366,-1.5240000486373901,1776886247.68
0.0,0.24400000274181366,-1.5850000381469727,1776886248.1
0.0,0.24400000274181366,-1.5850000381469727,1776886248.126
0.061000000685453415,0.24400000274181366,-1.6460000276565552,1776886248.14
0.0,0.3659999966621399,-1.5850000381469727,1776886248.166
0.0,0.3050000071525574,-1.5240000486373901,1776886248.18
-0.061000000685453415,0.3659999966621399,-1.5850000381469727,1776886249.1
0.0,0.24400000274181366,-1.5240000486373901,1776886249.125
0.0,0.24400000274181366,-1.5240000486373901,1776886249.14
0.0,0.24400000274181366,-1.5240000486373901,1776886249.166
0.0,0.24400000274181366,-1.5240000486373901,1776886249.18
0.061000000685453415,0.3050000071525574,-1.4630000591278076,1776886249.609
0.0,0.24400000274181366,-1.5240000486373901,1776886249.621
-0.061000000685453415,0.24400000274181366,-1.4630000591278076,1776886249.65
-0.061000000685453415,0.18299999833106995,-1.5240000486373901,1776886249.66
0.0,0.3050000071525574,-1.4630000591278076,1776886249.686
0.0,0.18299999833106995,-1.5240000486373901,1776886251.109
0.0,0.18299999833106995,-1.4019999504089355,1776886251.12
0.0,0.18299999833106995,-1.4630000591278076,1776886251.146
0.0,0.3659999966621399,-1.4630000591278076,1776886251.16
0.0,0.3050000071525574,-1.4630000591278076,1776886251.186
0.061000000685453415,0.18299999833106995,-1.5240000486373901,1776886251.62
0.0,0.24400000274181366,-1.5240000486373901,1776886251.647
0.061000000685453415,0.3050000071525574,-1.4630000591278076,1776886251.66
0.0,0.24400000274181366,-1.4630000591278076,1776886251.686
0.0,0.24400000274181366,-1.5240000486373901,1776886251.7
0.0,0.24400000274181366,-1.4630000591278076,1776886252.107
0.0,0.3050000071525574,-1.5240000486373901,1776886252.12
-0.061000000685453415,0.18299999833106995,-1.4630000591278076,1776886252.145
0.0,0.24400000274181366,-1.4630000591278076,1776886252.16
0.0,0.24400000274181366,-1.5240000486373901,1776886252.187
0.061000000685453415,0.18299999833106995,-1.5240000486373901,1776886252.606
-0.061000000685453415,0.3050000071525574,-1.4630000591278076,1776886252.62
-0.061000000685453415,0.24400000274181366,-1.4630000591278076,1776886252.646
-0.061000000685453415,0.3050000071525574,-1.4019999504089355,1776886252.66
0.0,0.24400000274181366,-1.4630000591278076,1776886252.686
0.0,0.24400000274181366,-1.4630000591278076,1776886253.12
0.0,0.3050000071525574,-1.5240000486373901,1776886253.145
-0.061000000685453415,0.24400000274181366,-1.4630000591278076,1776886253.16
0.0,0.24400000274181366,-17.072999954223633,1776886253.186
-0.061000000685453415,0.24400000274181366,-1.5240000486373901,1776886253.201
0.0,0.18299999833106995,-1.4630000591278076,1776886253.6
0.12200000137090683,0.3050000071525574,-1.5850000381469727,1776886253.626
0.061000000685453415,0.3050000071525574,-1.4019999504089355,1776886253.64
-0.061000000685453415,0.24400000274181366,-1.4019999504089355,1776886253.666
0.0,0.24400000274181366,-1.5240000486373901,1776886253.68
0.0,0.24400000274181366,-1.4019999504089355,1776886254.12
0.061000000685453415,0.12200000137090683,-1.5850000381469727,1776886254.146
0.061000000685453415,0.24400000274181366,-1.5240000486373901,1776886254.16
0.0,0.3050000071525574,-1.4630000591278076,1776886254.186
-0.061000000685453415,0.24400000274181366,-1.4630000591278076,1776886254.2
0.061000000685453415,0.18299999833106995,-1.5850000381469727,1776886254.6
-0.061000000685453415,0.3050000071525574,-1.5240000486373901,1776886254.625
0.0,0.3050000071525574,-1.5240000486373901,1776886254.642
0.0,0.18299999833106995,-1.5240000486373901,1776886254.668
0.061000000685453415,0.24400000274181366,-1.4630000591278076,1776886254.68
0.12200000137090683,0.18299999833106995,-1.4630000591278076,1776886255.628
0.0,0.24400000274181366,-1.4630000591278076,1776886255.64
0.0,0.24400000274181366,-1.4630000591278076,1776886255.666
-0.061000000685453415,0.24400000274181366,-1.5240000486373901,1776886255.68
0.0,0.3050000071525574,-1.4630000591278076,1776886255.707
0.0,0.24400000274181366,-1.5850000381469727,1776886256.126
0.0,0.3050000071525574,-1.5850000381469727,1776886256.14
0.0,0.24400000274181366,-1.5240000486373901,1776886256.166
0.12200000137090683,0.24400000274181366,-1.5240000486373901,1776886256.18
0.0,0.24400000274181366,-1.4630000591278076,1776886256.208
0.0,0.24400000274181366,-1.4630000591278076,1776886257.126
-0.061000000685453415,0.18299999833106995,-1.4630000591278076,1776886257.141
0.0,0.18299999833106995,-1.5240000486373901,1776886257.166
0.0,0.18299999833106995,-1.5240000486373901,1776886257.18
0.0,0.18299999833106995,-1.5240000486373901,1776886257.206
0.061000000685453415,0.24400000274181366,-1.5850000381469727,1776886257.62
0.061000000685453415,0.18299999833106995,-1.4630000591278076,1776886257.646
0.061000000685453415,0.3659999966621399,-1.5850000381469727,1776886257.66
0.0,0.24400000274181366,-1.4019999504089355,1776886257.68
0.0,0.18299999833106995,-17.072999954223633,1776886257.71
-0.061000000685453415,0.3050000071525574,-1.5240000486373901,1776886258.12
0.0,0.3050000071525574,-1.4630000591278076,1776886258.147
0.0,0.18299999833106995,-1.5240000486373901,1776886258.164
0.0,0.3050000071525574,-1.4630000591278076,1776886258.18
0.0,0.18299999833106995,-1.4630000591278076,1776886258.206
0.0,0.3050000071525574,-1.4630000591278076,1776886259.14
0.0,0.18299999833106995,-1.4630000591278076,1776886259.166
0.0,0.24400000274181366,-1.5850000381469727,1776886259.181
0.061000000685453415,0.18299999833106995,-1.4630000591278076,1776886259.209
0.0,0.3659999966621399,-1.5240000486373901,1776886259.22
0.0,0.3050000071525574,-1.4630000591278076,1776886259.627
-0.061000000685453415,0.3050000071525574,-1.5240000486373901,1776886259.64
0.061000000685453415,0.18299999833106995,-1.4630000591278076,1776886259.666
0.0,0.3050000071525574,-1.4630000591278076,1776886259.682
0.0,0.3050000071525574,-1.4019999504089355,1776886259.7
-0.061000000685453415,0.3050000071525574,-1.4630000591278076,1776886260.12
0.0,0.24400000274181366,-1.4019999504089355,1776886260.146
0.0,0.3050000071525574,-1.4630000591278076,1776886260.16
0.061000000685453415,0.12200000137090683,-1.5240000486373901,1776886260.186
0.0,0.4269999861717224,-1.4019999504089355,1776886260.2
0.061000000685453415,0.18299999833106995,-1.4019999504089355,1776886261.146
0.061000000685453415,0.3659999966621399,-1.5850000381469727,1776886261.16
-0.061000000685453415,0.24400000274181366,-1.5240000486373901,1776886261.186
0.0,0.24400000274181366,-1.5240000486373901,1776886261.203
0.0,0.12200000137090683,-1.4019999504089355,1776886261.22
0.0,0.24400000274181366,-1.5240000486373901,1776886262.147
0.0,0.18299999833106995,-1.4630000591278076,1776886262.16
0.061000000685453415,0.18299999833106995,-1.4630000591278076,1776886262.186
0.0,0.18299999833106995,-17.011999130249023,1776886262.2
0.061000000685453415,0.24400000274181366,-1.5240000486373901,1776886262.226
0.0,0.24400000274181366,-1.4630000591278076,1776886262.641
0.061000000685453415,0.3050000071525574,-1.5240000486373901,1776886262.668
0.0,0.18299999833106995,-1.4630000591278076,1776886262.68
0.061000000685453415,0.12200000137090683,-1.5240000486373901,1776886262.706
0.0,0.24400000274181366,-1.5850000381469727,1776886262.72
-0.061000000685453415,0.24400000274181366,-1.5240000486373901,1776886263.14
-0.061000000685453415,0.3659999966621399,-1.5850000381469727,1776886263.166
0.0,0.24400000274181366,-1.4630000591278076,1776886263.18
0.0,0.24400000274181366,-1.4630000591278076,1776886263.208
0.0,0.3659999966621399,-1.4630000591278076,1776886263.223
-0.061000000685453415,0.24400000274181366,-1.5240000486373901,1776886264.161
0.061000000685453415,0.12200000137090683,-1.5850000381469727,1776886264.18
0.061000000685453415,0.18299999833106995,-1.5240000486373901,1776886264.207
0.061000000685453415,0.18299999833106995,-1.4630000591278076,1776886264.22
-0.061000000685453415,0.3050000071525574,-1.5850000381469727,1776886264.248
0.0,0.24400000274181366,-1.5240000486373901,1776886264.667
0.061000000685453415,0.3050000071525574,-1.4630000591278076,1776886264.68
0.0,0.18299999833106995,-1.4630000591278076,1776886264.706
0.061000000685453415,0.3659999966621399,-1.4630000591278076,1776886264.72
0.0,0.24400000274181366,-1.5240000486373901,1776886264.746
0.061000000685453415,0.3050000071525574,-1.5240000486373901,1776886265.16
0.12200000137090683,0.18299999833106995,-1.4630000591278076,1776886265.187
0.0,0.24400000274181366,14.085000038146973,1776886265.203
0.0,0.18299999833106995,-1.5240000486373901,1776886265.232
0.0,0.24400000274181366,-1.4630000591278076,1776886265.243
0.061000000685453415,0.12200000137090683,-1.5240000486373901,1776886265.666
0.0,0.24400000274181366,-1.4630000591278076,1776886265.684
0.0,0.18299999833106995,-1.4630000591278076,1776886265.7
0.0,0.24400000274181366,-1.4630000591278076,1776886265.726
0.0,0.24400000274181366,-1.5240000486373901,1776886265.74
0.0,0.3659999966621399,-1.5240000486373901,1776886266.167
0.0,0.24400000274181366,-1.4630000591278076,1776886266.18
0.061000000685453415,0.3050000071525574,-1.4019999504089355,1776886266.207
0.0,0.18299999833106995,-1.5240000486373901,1776886266.223
0.0,0.24400000274181366,-1.4630000591278076,1776886266.24
0.0,0.3050000071525574,-1.5240000486373901,1776886266.687
0.0,0.18299999833106995,-1.5240000486373901,1776886266.7
-0.061000000685453415,0.18299999833106995,-1.5240000486373901,1776886266.726
0.061000000685453415,0.24400000274181366,-1.5240000486373901,1776886266.74
0.0,0.24400000274181366,-1.5240000486373901,1776886266.767
0.0,0.24400000274181366,-1.4019999504089355,1776886267.186
0.0,0.24400000274181366,-1.4630000591278076,1776886267.2
0.061000000685453415,0.24400000274181366,-1.4630000591278076,1776886267.228
0.061000000685453415,0.3050000071525574,-1.4630000591278076,1776886267.241
-0.061000000685453415,0.3659999966621399,-1.5240000486373901,1776886267.267
0.0,0.24400000274181366,-1.4630000591278076,1776886267.68
0.061000000685453415,0.18299999833106995,-1.4630000591278076,1776886267.702
0.061000000685453415,0.24400000274181366,-1.4630000591278076,1776886267.72
-0.061000000685453415,0.24400000274181366,-1.5240000486373901,1776886267.746
0.061000000685453415,0.24400000274181366,-1.5240000486373901,1776886267.762
-0.061000000685453415,0.24400000274181366,-1.4630000591278076,1776886268.18
-0.061000000685453415,0.18299999833106995,-1.5240000486373901,1776886268.209
-0.061000000685453415,0.18299999833106995,-1.5240000486373901,1776886268.22
-0.061000000685453415,0.18299999833106995,-1.5240000486373901,1776886268.24
0.0,0.3050000071525574,-1.4630000591278076,1776886268.261
0.0,0.3050000071525574,-1.5240000486373901,1776886268.68
0.0,0.3050000071525574,-17.011999130249023,1776886268.71
0.061000000685453415,0.3050000071525574,-1.4630000591278076,1776886268.721
0.061000000685453415,0.24400000274181366,-1.4630000591278076,1776886268.746
0.0,0.18299999833106995,-1.5240000486373901,1776886268.76
0.0,0.3050000071525574,-1.5240000486373901,1776886269.186
0.0,0.24400000274181366,-1.4630000591278076,1776886269.2
0.0,0.18299999833106995,-1.5240000486373901,1776886269.226
0.061000000685453415,0.3050000071525574,-1.5850000381469727,1776886269.24
0.12200000137090683,0.18299999833106995,-1.5240000486373901,1776886269.266
0.0,0.18299999833106995,-1.5240000486373901,1776886269.685
0.061000000685453415,0.24400000274181366,-1.5850000381469727,1776886269.701
0.061000000685453415,0.18299999833106995,-1.5240000486373901,1776886269.727
0.061000000685453415,0.24400000274181366,-1.4019999504089355,1776886269.741
0.0,0.24400000274181366,-1.5240000486373901,1776886269.769
0.0,0.18299999833106995,-1.4630000591278076,1776886270.187
0.061000000685453415,0.24400000274181366,-1.5240000486373901,1776886270.202
0.061000000685453415,0.3050000071525574,-1.5240000486373901,1776886270.228
0.0,0.061000000685453415,-1.4019999504089355,1776886270.24
0.0,0.18299999833106995,-1.5240000486373901,1776886270.26
0.061000000685453415,0.24400000274181366,-1.4630000591278076,1776886270.687
0.0,0.24400000274181366,-1.5850000381469727,1776886270.704
-0.061000000685453415,0.24400000274181366,-1.340999960899353,1776886270.72
0.0,0.3050000071525574,-1.5240000486373901,1776886270.746
-0.061000000685453415,0.18299999833106995,-1.5240000486373901,1776886270.76
0.0,0.3050000071525574,-1.5240000486373901,1776886271.208
0.0,0.24400000274181366,-1.5240000486373901,1776886271.22
0.0,0.3050000071525574,14.085000038146973,1776886271.247
-0.061000000685453415,0.12200000137090683,-1.4630000591278076,1776886271.26
0.0,0.3050000071525574,-1.4630000591278076,1776886271.28
0.061000000685453415,0.3050000071525574,-1.5240000486373901,1776886271.68
-0.061000000685453415,0.3050000071525574,-1.5240000486373901,1776886271.707
0.0,0.18299999833106995,-17.072999954223633,1776886271.72
0.0,0.24400000274181366,-1.4019999504089355,1776886271.749
-0.061000000685453415,0.3659999966621399,-1.4019999504089355,1776886271.76
0.0,0.24400000274181366,-1.7680000066757202,1776886272.207
0.12200000137090683,0.12200000137090683,-3.2929999828338623,1776886272.22
-0.4880000054836273,0.18299999833106995,-3.2320001125335693,1776886272.242
-0.7319999933242798,0.7319999933242798,-0.4269999861717224,1776886272.268
0.4880000054836273,-0.061000000685453415,-3.3540000915527344,1776886272.28
1.159000039100647,1.2200000286102295,-6.889999866485596,1776886272.68
1.6460000276565552,-0.4269999861717224,-11.951000213623047,1776886272.706
-0.3050000071525574,-0.7929999828338623,-10.97599983215332,1776886272.72
0.4269999861717224,2.134000062942505,-10.121999740600586,1776886272.75
3.5980000495910645,-1.340999960899353,-12.866000175476074,1776886272.761
1.6460000276565552,-2.5,-41.82899856567383,1776886273.201
-1.340999960899353,-2.378000020980835,-36.402000427246094,1776886273.227
-0.7929999828338623,0.9760000109672546,-36.220001220703125,1776886273.24
0.6710000038146973,-5.671000003814697,-40.67100143432617,1776886273.266
-4.633999824523926,0.9150000214576721,-39.268001556396484,1776886273.28
1.5850000381469727,-2.865999937057495,-23.354000091552734,1776886273.7
0.4880000054836273,-3.7799999713897705,-24.816999435424805,1776886273.727
1.5850000381469727,-2.683000087738037,-28.840999603271484,1776886273.74
-14.51200008392334,-1.2799999713897705,-24.26799964904785,1776886273.763
-2.621999979019165,-4.939000129699707,9.145999908447266,1776886273.78
0.0,0.18299999833106995,-1.4019999504089355,1776886274.201
-0.061000000685453415,0.4269999861717224,-1.4019999504089355,1776886274.227
0.0,0.24400000274181366,-1.5240000486373901,1776886274.24
0.18299999833106995,0.24400000274181366,-1.340999960899353,1776886274.267
0.0,0.4269999861717224,-1.6460000276565552,1776886274.28
-12.439000129699707,9.451000213623047,-4.75600004196167,1776886274.707
-11.706999778747559,9.267999649047852,-13.840999603271484,1776886274.72
-15.548999786376953,-14.755999565124512,-9.085000038146973,1776886274.746
-25.548999786376953,-24.145999908447266,-18.96299934387207,1776886274.761
-39.87799835205078,-52.5,-25.0,1776886274.787
-6.585000038146973,2.865999937057495,-2.805000066757202,1776886275.2
-5.854000091552734,0.9760000109672546,-2.134000062942505,1776886275.226
4.572999954223633,-0.6710000038146973,0.6710000038146973,1776886275.24
17.80500030517578,-4.02400016784668,5.0,1776886275.267
21.219999313354492,-14.451000213623047,1.0369999408721924,1776886275.28
21.52400016784668,5.060999870300293,0.18299999833106995,1776886275.707
6.4019999504089355,13.902000427246094,2.865999937057495,1776886275.72
0.7319999933242798,13.536999702453613,-15.427000045776367,1776886275.748
-1.6460000276565552,12.805000305175781,-8.47599983215332,1776886275.767
-0.8539999723434448,4.085000038146973,-10.609999656677246,1776886275.781
1.6460000276565552,2.865999937057495,-3.4760000705718994,1776886276.201
6.28000020980835,2.98799991607666,-3.5980000495910645,1776886276.221
6.158999919891357,-1.159000039100647,-1.8289999961853027,1776886276.249
2.378000020980835,-1.8289999961853027,0.0,1776886276.26
4.206999778747559,-1.5850000381469727,-1.0369999408721924,1776886276.287
0.3659999966621399,0.061000000685453415,-2.98799991607666,1776886276.701
-0.4880000054836273,-0.4880000054836273,-1.2200000286102295,1776886276.726
2.072999954223633,0.8539999723434448,-3.5369999408721924,1776886276.74
0.5490000247955322,1.0980000495910645,-0.24400000274181366,1776886276.769
2.865999937057495,0.9150000214576721,-2.072999954223633,1776886276.792
-4.328999996185303,-0.6100000143051147,-1.2799999713897705,1776886277.2
-0.6100000143051147,0.0,-1.5850000381469727,1776886277.231
0.0,0.5490000247955322,-1.5240000486373901,1776886277.242
1.340999960899353,-0.12200000137090683,-1.7070000171661377,1776886277.268
0.18299999833106995,-0.24400000274181366,-1.2799999713897705,1776886277.28
0.061000000685453415,0.24400000274181366,-1.7070000171661377,1776886277.7
0.24400000274181366,0.24400000274181366,-1.5240000486373901,1776886277.726
0.24400000274181366,0.24400000274181366,-1.6460000276565552,1776886277.742
0.3659999966621399,0.18299999833106995,-2.25600004196167,1776886277.769
2.01200008392334,0.3050000071525574,0.9150000214576721,1776886277.78
-1.5850000381469727,-3.9019999504089355,-1.4019999504089355,1776886278.227
6.0980000495910645,-4.75600004196167,-1.7070000171661377,1776886278.24
7.74399995803833,-0.9760000109672546,-4.206999778747559,1776886278.267
-4.26800012588501,5.914999961853027,-1.7070000171661377,1776886278.28
-10.366000175476074,10.060999870300293,4.02400016784668,1776886278.306
10.244000434875488,-14.390000343322754,2.378000020980835,1776886278.728
1.2799999713897705,-3.8410000801086426,-2.98799991607666,1776886278.74
-5.97599983215332,9.633999824523926,7.804999828338623,1776886278.767
-3.5980000495910645,2.865999937057495,0.9760000109672546,1776886278.78
1.340999960899353,-1.4630000591278076,-2.438999891281128,1776886278.809
1.6460000276565552,-0.6710000038146973,-7.377999782562256,1776886279.229
-1.159000039100647,-0.3659999966621399,-0.6710000038146973,1776886279.241
1.4019999504089355,0.4880000054836273,-3.6589999198913574,1776886279.266
-1.5240000486373901,-0.061000000685453415,-5.366000175476074,1776886279.283
0.7929999828338623,-0.3659999966621399,-1.7070000171661377,1776886279.309
-1.159000039100647,-0.5490000247955322,-16.76799964904785,1776886279.72
1.340999960899353,0.4269999861717224,-16.280000686645508,1776886279.746
1.7070000171661377,-0.24400000274181366,-16.340999603271484,1776886279.76
0.5490000247955322,0.5490000247955322,-13.109999656677246,1776886279.79
-0.6710000038146973,-0.18299999833106995,-13.597999572753906,1776886279.8
0.0,0.24400000274181366,-1.4630000591278076,1776886280.74
0.0,0.24400000274181366,-1.5240000486373901,1776886280.766
0.0,0.24400000274181366,-1.5850000381469727,1776886280.78
0.061000000685453415,0.3659999966621399,-17.011999130249023,1776886280.806
0.061000000685453415,0.24400000274181366,-1.5240000486373901,1776886280.821
0.0,0.24400000274181366,-1.5240000486373901,1776886282.721
0.0,0.18299999833106995,-1.4019999504089355,1776886282.749
0.0,0.18299999833106995,-1.4019999504089355,1776886282.761
0.0,0.18299999833106995,-1.4019999504089355,1776886282.786
-0.061000000685453415,0.24400000274181366,-1.5240000486373901,1776886282.801
0.0,0.18299999833106995,-1.5240000486373901,1776886283.241
0.061000000685453415,0.24400000274181366,-1.5240000486373901,1776886283.266
0.0,0.24400000274181366,-1.5240000486373901,1776886283.281
0.0,0.3050000071525574,-1.5240000486373901,1776886283.308
0.0,0.3050000071525574,-1.5240000486373901,1776886283.321
16.280000686645508,7.804999828338623,2.865999937057495,1776886283.747
29.93899917602539,3.2929999828338623,-15.609999656677246,1776886283.761
29.93899917602539,3.2929999828338623,-15.609999656677246,1776886283.786
29.93899917602539,3.2929999828338623,-15.609999656677246,1776886283.801
75.97599792480469,-18.719999313354492,-9.572999954223633,1776886283.826
-116.76799774169922,31.03700065612793,5.24399995803833,1776886284.247
-46.584999084472656,-2.194999933242798,0.7929999828338623,1776886284.262
-58.5369987487793,-16.76799964904785,-66.76799774169922,1776886284.289
-83.41500091552734,1.4630000591278076,-44.69499969482422,1776886284.301
-34.81700134277344,-4.26800012588501,-71.15899658203125,1776886284.33
25.610000610351562,22.316999435424805,-31.951000213623047,1776886284.749
-1.0369999408721924,0.5490000247955322,-16.219999313354492,1776886284.761
-1.0369999408721924,0.5490000247955322,-16.219999313354492,1776886284.786
-1.0369999408721924,0.5490000247955322,-16.219999313354492,1776886284.801
-33.292999267578125,-25.73200035095215,2.621999979019165,1776886284.827
0.061000000685453415,0.12200000137090683,-1.8899999856948853,1776886285.742
1.0369999408721924,1.5240000486373901,14.085000038146973,1776886285.77
1.4630000591278076,1.8289999961853027,-0.3659999966621399,1776886285.781
1.4630000591278076,1.8289999961853027,-0.3659999966621399,1776886285.807
1.4630000591278076,1.8289999961853027,-0.3659999966621399,1776886285.821
-2.98799991607666,-3.9019999504089355,5.671000003814697,1776886286.244
1.5850000381469727,-1.9509999752044678,-0.24400000274181366,1776886286.261
1.0980000495910645,-0.7319999933242798,1.0369999408721924,1776886286.286
1.5850000381469727,1.7070000171661377,3.5369999408721924,1776886286.301
-0.24400000274181366,-1.9509999752044678,1.9509999752044678,1776886286.322
-5.427000045776367,-6.21999979019165,-8.659000396728516,1776886286.741
-2.378000020980835,-2.683000087738037,3.2320001125335693,1776886286.767
-2.74399995803833,-0.9760000109672546,2.865999937057495,1776886286.781
4.328999996185303,5.854000091552734,1.2200000286102295,1776886286.801
4.328999996185303,5.854000091552734,1.2200000286102295,1776886286.83
6.0980000495910645,-12.560999870300293,35.97600173950195,1776886287.241
0.3050000071525574,5.610000133514404,54.084999084472656,1776886287.266
-26.645999908447266,-17.5,30.365999221801758,1776886287.282
-10.548999786376953,-6.585000038146973,27.80500030517578,1776886287.308
9.390000343322754,-20.97599983215332,21.159000396728516,1776886287.322
-2.5,-1.0369999408721924,-2.561000108718872,1776886287.761
-1.0980000495910645,-0.3659999966621399,-1.5240000486373901,1776886287.788
-0.4880000054836273,-0.24400000274181366,-0.9150000214576721,1776886287.801
-0.4880000054836273,-0.24400000274181366,-0.9150000214576721,1776886287.827
-0.4880000054836273,-0.24400000274181366,-0.9150000214576721,1776886287.841
0.0,0.12200000137090683,-1.5240000486373901,1776886288.261
0.0,0.18299999833106995,-1.4630000591278076,1776886288.287
0.061000000685453415,0.24400000274181366,-1.5240000486373901,1776886288.303
0.061000000685453415,0.24400000274181366,-1.5240000486373901,1776886288.329
-0.061000000685453415,0.12200000137090683,-1.4630000591278076,1776886288.341
0.0,0.12200000137090683,-1.5850000381469727,1776886288.741
0.0,0.3050000071525574,-1.4630000591278076,1776886288.766
-0.061000000685453415,0.24400000274181366,-1.5850000381469727,1776886288.781
0.061000000685453415,0.3050000071525574,-1.5850000381469727,1776886288.809
-0.061000000685453415,-0.4269999861717224,-1.5850000381469727,1776886288.821
-1.7070000171661377,2.316999912261963,2.5,1776886289.767
0.4880000054836273,1.7070000171661377,-2.74399995803833,1776886289.781
-0.5490000247955322,-1.4630000591278076,-0.8539999723434448,1776886289.807
-4.085000038146973,-2.74399995803833,0.8539999723434448,1776886289.821
-0.4269999861717224,0.4269999861717224,-1.5850000381469727,1776886289.848
0.0,0.3659999966621399,-1.5240000486373901,1776886290.768
-0.061000000685453415,0.12200000137090683,-1.5850000381469727,1776886290.781
0.0,0.3050000071525574,-1.6460000276565552,1776886290.801
0.061000000685453415,0.18299999833106995,-1.5240000486373901,1776886290.827
0.061000000685453415,0.24400000274181366,-1.5240000486373901,1776886290.841
-1.340999960899353,-1.6460000276565552,-1.5850000381469727,1776886291.762
-1.4019999504089355,-1.5240000486373901,-1.8289999961853027,1776886291.788
-0.8539999723434448,0.0,-1.2200000286102295,1776886291.801
-2.072999954223633,0.12200000137090683,1.2200000286102295,1776886291.826
0.9150000214576721,1.8289999961853027,-3.5369999408721924,1776886291.841
56.584999084472656,41.95100021362305,-5.914999961853027,1776886292.27
36.88999938964844,24.572999954223633,25.427000045776367,1776886292.281
43.779998779296875,20.06100082397461,24.572999954223633,1776886292.307
54.45100021362305,3.7200000286102295,2.438999891281128,1776886292.321
44.512001037597656,-42.987998962402344,14.572999954223633,1776886292.349
-5.427000045776367,-2.01200008392334,1.4019999504089355,1776886293.261
3.5369999408721924,-7.01200008392334,1.7070000171661377,1776886293.287
12.866000175476074,-6.341000080108643,2.378000020980835,1776886293.301
15.609999656677246,-2.561000108718872,1.7680000066757202,1776886293.327
1.9509999752044678,3.7799999713897705,-2.683000087738037,1776886293.341
5.854000091552734,8.597999572753906,-3.9630000591278076,1776886294.261
5.304999828338623,12.317000389099121,-4.816999912261963,1776886294.287
0.5490000247955322,16.584999084472656,-3.9019999504089355,1776886294.301
12.133999824523926,14.085000038146973,0.0,1776886294.327
23.96299934387207,12.133999824523926,3.6589999198913574,1776886294.341
-0.061000000685453415,0.24400000274181366,-1.4019999504089355,1776886295.761
-0.061000000685453415,0.18299999833106995,-1.4019999504089355,1776886295.788
0.0,0.18299999833106995,-1.5240000486373901,1776886295.802
0.0,0.24400000274181366,-1.4630000591278076,1776886295.827
-0.061000000685453415,0.12200000137090683,-1.4630000591278076,1776886295.841
0.0,0.24400000274181366,-1.5240000486373901,1776886296.281
0.0,0.3050000071525574,-1.5240000486373901,1776886296.307
0.0,0.12200000137090683,-1.5850000381469727,1776886296.321
0.0,0.24400000274181366,-1.4630000591278076,1776886296.347
0.0,0.24400000274181366,-1.4630000591278076,1776886296.361
0.0,0.3659999966621399,-1.5850000381469727,1776886296.787
0.0,0.24400000274181366,-1.4630000591278076,1776886296.809
0.0,0.12200000137090683,-1.4630000591278076,1776886296.821
0.0,0.24400000274181366,-17.072999954223633,1776886296.847
-0.061000000685453415,0.24400000274181366,-1.5240000486373901,1776886296.861
-5.793000221252441,1.7070000171661377,39.268001556396484,1776886298.287
-8.963000297546387,-9.694999694824219,27.743999481201172,1776886298.301
-3.1710000038146973,14.51200008392334,35.61000061035156,1776886298.328
-13.597999572753906,0.5490000247955322,38.415000915527344,1776886298.341
-11.890000343322754,-5.0,35.30500030517578,1776886298.367
-0.5490000247955322,-0.6710000038146973,30.365999221801758,1776886298.781
2.378000020980835,2.5,30.183000564575195,1776886298.801
0.9150000214576721,0.4880000054836273,31.889999389648438,1776886298.827
-0.24400000274181366,-3.9630000591278076,33.231998443603516,1776886298.841
0.7319999933242798,-0.7319999933242798,33.04899978637695,1776886298.869
0.9760000109672546,0.5490000247955322,43.231998443603516,1776886299.281
4.389999866485596,4.939000129699707,29.572999954223633,1776886299.307
-3.0490000247955322,6.341000080108643,39.63399887084961,1776886299.321
1.340999960899353,4.695000171661377,27.56100082397461,1776886299.347
9.145999908447266,8.536999702453613,30.67099952697754,1776886299.361
6.706999778747559,2.621999979019165,27.43899917602539,1776886299.781
1.340999960899353,1.9509999752044678,21.280000686645508,1776886299.808
-1.2200000286102295,11.585000038146973,48.720001220703125,1776886299.823
3.5980000495910645,-7.804999828338623,18.53700065612793,1776886299.849
-6.585000038146973,14.145999908447266,50.731998443603516,1776886299.861
11.097999572753906,-1.4630000591278076,28.902000427246094,1776886300.287
0.0,6.585000038146973,25.792999267578125,1776886300.301
2.621999979019165,-1.159000039100647,46.4630012512207,1776886300.33
0.9150000214576721,2.621999979019165,22.56100082397461,1776886300.341
-6.52400016784668,-2.378000020980835,48.720001220703125,1776886300.367
7.866000175476074,6.0980000495910645,15.609999656677246,1776886300.782
0.4269999861717224,2.98799991607666,28.840999603271484,1776886300.809
-1.8289999961853027,-8.293000221252441,63.47600173950195,1776886300.821
3.5369999408721924,-2.683000087738037,15.732000350952148,1776886300.847
-3.4149999618530273,-6.0370001792907715,62.987998962402344,1776886300.861
10.793000221252441,2.621999979019165,22.316999435424805,1776886301.281
12.560999870300293,10.0,32.19499969482422,1776886301.308
-11.890000343322754,-5.793000221252441,47.56100082397461,1776886301.321
12.439000129699707,4.145999908447266,25.67099952697754,1776886301.347
11.585000038146973,9.755999565124512,47.073001861572266,1776886301.363
-4.633999824523926,-5.24399995803833,28.780000686645508,1776886301.781
-11.829000473022461,-5.183000087738037,21.340999603271484,1776886301.807
18.780000686645508,8.720000267028809,18.902000427246094,1776886301.828
-18.110000610351562,-4.816999912261963,19.32900047302246,1776886301.841
-7.560999870300293,-11.036999702453613,20.365999221801758,1776886301.871
0.061000000685453415,0.24400000274181366,-1.5850000381469727,1776886302.281
0.061000000685453415,0.3659999966621399,-1.340999960899353,1776886302.307
-0.061000000685453415,0.24400000274181366,-1.5850000381469727,1776886302.321
-0.061000000685453415,0.18299999833106995,-1.5850000381469727,1776886302.348
0.0,0.24400000274181366,-1.4630000591278076,1776886302.361
-0.18299999833106995,0.18299999833106995,0.4880000054836273,1776886302.801
-1.0980000495910645,0.3659999966621399,3.6589999198913574,1776886302.829
-0.061000000685453415,1.340999960899353,2.438999891281128,1776886302.841
3.4149999618530273,-0.3659999966621399,-1.9509999752044678,1776886302.867
-1.5240000486373901,0.18299999833106995,-1.4630000591278076,1776886302.881
-2.74399995803833,-5.548999786376953,28.415000915527344,1776886303.307
10.732000350952148,9.939000129699707,51.220001220703125,1776886303.321
-15.182999610900879,-2.316999912261963,31.097999572753906,1776886303.347
3.7799999713897705,0.4880000054836273,35.12200164794922,1776886303.361
13.414999961853027,7.560999870300293,55.18299865722656,1776886303.387
-7.866000175476074,-5.97599983215332,31.46299934387207,1776886303.801
4.451000213623047,15.854000091552734,33.5369987487793,1776886303.827
-0.7929999828338623,-5.914999961853027,58.17100143432617,1776886303.841
-0.24400000274181366,0.9760000109672546,20.30500030517578,1776886303.861
6.76800012588501,1.4630000591278076,54.45100021362305,1776886303.889
-16.584999084472656,-15.48799991607666,28.110000610351562,1776886304.305
14.329000473022461,-0.5490000247955322,10.305000305175781,1776886304.321
-7.560999870300293,1.340999960899353,19.02400016784668,1776886304.347
-14.817000389099121,-4.145999908447266,15.854000091552734,1776886304.361
3.9630000591278076,7.377999782562256,8.536999702453613,1776886304.387
4.816999912261963,5.122000217437744,33.47600173950195,1776886304.807
17.927000045776367,10.914999961853027,47.012001037597656,1776886304.821
-18.110000610351562,-8.902000427246094,42.68299865722656,1776886304.847
6.0370001792907715,-4.085000038146973,17.316999435424805,1776886304.861
10.244000434875488,5.671000003814697,39.573001861572266,1776886304.885
-4.02400016784668,5.060999870300293,39.93899917602539,1776886305.301
-27.621999740600586,-16.82900047302246,37.37799835205078,1776886305.328
26.159000396728516,11.036999702453613,33.779998779296875,1776886305.341
-5.122000217437744,5.0,41.220001220703125,1776886305.37
-25.854000091552734,-9.694999694824219,28.96299934387207,1776886305.381
20.792999267578125,15.121999740600586,51.52399826049805,1776886305.807
-17.011999130249023,-5.060999870300293,34.268001556396484,1776886305.821
-3.7200000286102295,-8.414999961853027,25.0,1776886305.847
21.03700065612793,-3.4149999618530273,55.12200164794922,1776886305.861
-8.109999656677246,-5.97599983215332,28.53700065612793,1776886305.889
-0.24400000274181366,0.4880000054836273,0.6100000143051147,1776886306.301
-0.12200000137090683,-0.3659999966621399,-2.927000045776367,1776886306.329
0.3659999966621399,-0.061000000685453415,12.98799991607666,1776886306.341
-0.061000000685453415,0.6100000143051147,-1.2200000286102295,1776886306.367
-0.3050000071525574,0.18299999833106995,-2.5,1776886306.381
0.0,0.3050000071525574,-1.4630000591278076,1776886306.821
-0.12200000137090683,0.18299999833106995,-1.4630000591278076,1776886306.847
0.0,0.18299999833106995,-1.4630000591278076,1776886306.869
-0.061000000685453415,0.24400000274181366,-17.072999954223633,1776886306.881
-0.061000000685453415,0.24400000274181366,-1.4019999504089355,1776886306.907
1.340999960899353,0.7319999933242798,-6.0980000495910645,1776886307.321
-0.9760000109672546,0.9150000214576721,-2.561000108718872,1776886307.347
16.219999313354492,-3.7200000286102295,14.206999778747559,1776886307.362
1.4630000591278076,6.951000213623047,14.878000259399414,1776886307.389
-5.73199987411499,-3.1710000038146973,-5.854000091552734,1776886307.401
1.0369999408721924,-4.02400016784668,-6.706999778747559,1776886307.823
-0.3659999966621399,-2.134000062942505,-5.610000133514404,1776886307.849
0.061000000685453415,10.793000221252441,-0.24400000274181366,1776886307.861
-3.2320001125335693,-3.4760000705718994,-3.4760000705718994,1776886307.894
-1.9509999752044678,4.389999866485596,-7.25600004196167,1776886307.904
-1.4019999504089355,2.74399995803833,-2.683000087738037,1776886308.329
-1.4019999504089355,2.74399995803833,-2.683000087738037,1776886308.341
-1.4019999504089355,2.74399995803833,-2.683000087738037,1776886308.367
1.0369999408721924,0.4269999861717224,-4.389999866485596,1776886308.381
2.683000087738037,4.145999908447266,3.9019999504089355,1776886308.407
-6.828999996185303,-10.670999526977539,1.8289999961853027,1776886308.821
-1.2200000286102295,8.170999526977539,-4.145999908447266,1776886308.848
2.927000045776367,15.427000045776367,-7.5,1776886308.861
1.7680000066757202,-10.854000091552734,-6.4629998207092285,1776886308.889
-1.7680000066757202,-3.4760000705718994,7.133999824523926,1776886308.901
-2.438999891281128,-7.927000045776367,11.645999908447266,1776886309.328
-2.438999891281128,-7.927000045776367,11.645999908447266,1776886309.341
-2.438999891281128,-7.927000045776367,11.645999908447266,1776886309.362
-1.7070000171661377,4.389999866485596,12.805000305175781,1776886309.388
-5.671000003814697,-5.060999870300293,15.609999656677246,1776886309.401
-8.293000221252441,-0.12200000137090683,30.67099952697754,1776886309.827
0.12200000137090683,-3.5369999408721924,31.03700065612793,1776886309.841
4.75600004196167,4.75600004196167,15.609999656677246,1776886309.869
-1.2799999713897705,-1.2200000286102295,32.86600112915039,1776886309.881
0.4880000054836273,-0.8539999723434448,15.0,1776886309.907
6.4629998207092285,9.145999908447266,16.951000213623047,1776886310.328
-2.378000020980835,4.877999782562256,26.159000396728516,1776886310.341
-2.378000020980835,4.877999782562256,26.159000396728516,1776886310.367
-2.378000020980835,4.877999782562256,26.159000396728516,1776886310.381
-5.366000175476074,-8.232000350952148,35.61000061035156,1776886310.409
-0.7929999828338623,1.159000039100647,6.341000080108643,1776886310.821
1.5850000381469727,1.5240000486373901,2.378000020980835,1776886310.849
0.8539999723434448,-0.061000000685453415,2.25600004196167,1776886310.861
0.9760000109672546,-0.6710000038146973,5.366000175476074,1776886310.889
-0.24400000274181366,0.6100000143051147,-0.18299999833106995,1776886310.901
-5.366000175476074,-0.4269999861717224,40.67100143432617,1776886311.328
-5.366000175476074,-0.4269999861717224,40.67100143432617,1776886311.341
-5.366000175476074,-0.4269999861717224,40.67100143432617,1776886311.37
-5.366000175476074,-0.4269999861717224,40.67100143432617,1776886311.381
7.927000045776367,8.597999572753906,40.0,1776886311.407
-0.12200000137090683,-0.3050000071525574,37.86600112915039,1776886311.821
-8.170999526977539,-2.927000045776367,32.37799835205078,1776886311.849
4.939000129699707,3.5369999408721924,38.47600173950195,1776886311.861
-1.8289999961853027,-1.4630000591278076,39.02399826049805,1776886311.887
-3.9630000591278076,0.6100000143051147,41.220001220703125,1776886311.908
-8.720000267028809,-2.683000087738037,21.76799964904785,1776886312.341
-8.720000267028809,-2.683000087738037,21.76799964904785,1776886312.367
-8.720000267028809,-2.683000087738037,21.76799964904785,1776886312.381
-8.048999786376953,-5.97599983215332,-28.17099952697754,1776886312.41
1.8899999856948853,3.9630000591278076,-32.012001037597656,1776886312.421
-0.061000000685453415,0.0,-1.6460000276565552,1776886312.856
-0.061000000685453415,0.18299999833106995,-1.4019999504089355,1776886312.873
0.12200000137090683,0.4269999861717224,-1.5850000381469727,1776886312.897
0.0,0.12200000137090683,-1.4019999504089355,1776886312.907
0.0,0.18299999833106995,-1.6460000276565552,1776886312.921
0.061000000685453415,0.18299999833106995,-1.5240000486373901,1776886313.347
-0.061000000685453415,0.24400000274181366,-1.4630000591278076,1776886313.361
0.0,0.3050000071525574,-1.5240000486373901,1776886313.392
0.0,0.3050000071525574,-1.5240000486373901,1776886313.403
0.0,0.3050000071525574,-1.5240000486373901,1776886313.429
-0.061000000685453415,0.24400000274181366,-1.5240000486373901,1776886313.846
0.0,0.18299999833106995,-1.5240000486373901,1776886313.861
0.0,0.3050000071525574,-1.4019999504089355,1776886313.887
0.061000000685453415,0.24400000274181366,-1.5240000486373901,1776886313.902
0.0,0.18299999833106995,-1.4630000591278076,1776886313.921
-0.061000000685453415,0.18299999833106995,-1.5240000486373901,1776886314.351
0.0,0.3659999966621399,-1.4019999504089355,1776886314.362
0.0,0.3050000071525574,-1.5240000486373901,1776886314.388
0.061000000685453415,0.18299999833106995,-1.5850000381469727,1776886314.403
0.0,0.18299999833106995,-1.4630000591278076,1776886314.421
0.061000000685453415,0.24400000274181366,14.085000038146973,1776886314.847
0.0,0.24400000274181366,-1.4630000591278076,1776886314.862
0.061000000685453415,0.24400000274181366,-1.4019999504089355,1776886314.889
0.0,0.3050000071525574,-1.4019999504089355,1776886314.901
0.0,0.24400000274181366,-1.5240000486373901,1776886314.928
0.0,0.24400000274181366,-1.5240000486373901,1776886315.347
0.0,0.18299999833106995,-1.5240000486373901,1776886315.361
-0.061000000685453415,0.18299999833106995,-1.5240000486373901,1776886315.388
0.0,0.18299999833106995,-1.4630000591278076,1776886315.401
0.0,0.24400000274181366,-1.4019999504089355,1776886315.427
-1.0980000495910645,0.5490000247955322,4.206999778747559,1776886315.861
3.5980000495910645,-0.4269999861717224,3.0490000247955322,1776886315.888
-2.194999933242798,1.4019999504089355,-1.9509999752044678,1776886315.901
-2.378000020980835,-0.6710000038146973,-3.7200000286102295,1776886315.929
0.24400000274181366,-0.6100000143051147,0.4269999861717224,1776886315.941
5.48799991607666,5.671000003814697,24.572999954223633,1776886316.341
-3.2320001125335693,-3.5980000495910645,28.048999786376953,1776886316.367
7.622000217437744,2.74399995803833,24.511999130249023,1776886316.381
-0.4880000054836273,1.8899999856948853,28.597999572753906,1776886316.41
0.6100000143051147,1.2799999713897705,27.865999221801758,1776886316.422
0.0,0.061000000685453415,42.62200164794922,1776886316.861
-0.4269999861717224,-1.6460000276565552,47.62200164794922,1776886316.885
4.085000038146973,4.389999866485596,42.43899917602539,1776886316.908
4.451000213623047,-12.255999565124512,44.02399826049805,1776886316.929
-3.9630000591278076,-3.7200000286102295,47.80500030517578,1776886316.941
-0.7319999933242798,-2.378000020980835,42.19499969482422,1776886317.341
-5.183000087738037,-2.01200008392334,39.87799835205078,1776886317.369
0.8539999723434448,4.572999954223633,39.45100021362305,1776886317.381
-3.3540000915527344,-1.0369999408721924,41.584999084472656,1776886317.407
-2.927000045776367,-1.9509999752044678,42.012001037597656,1776886317.422
5.610000133514404,5.060999870300293,45.792999267578125,1776886317.861
-1.5850000381469727,-1.5240000486373901,47.926998138427734,1776886317.887
-4.816999912261963,-2.072999954223633,46.159000396728516,1776886317.901
1.340999960899353,3.0490000247955322,42.012001037597656,1776886317.928
-3.4149999618530273,-3.5369999408721924,40.97600173950195,1776886317.941
-4.451000213623047,-7.439000129699707,34.63399887084961,1776886318.361
5.183000087738037,1.5850000381469727,37.19499969482422,1776886318.387
2.805000066757202,-1.340999960899353,37.37799835205078,1776886318.401
1.0980000495910645,0.061000000685453415,39.38999938964844,1776886318.428
8.048999786376953,4.939000129699707,42.5,1776886318.441
-1.8899999856948853,-3.2929999828338623,17.378000259399414,1776886318.868
3.9019999504089355,2.621999979019165,14.145999908447266,1776886318.883
-8.048999786376953,-4.75600004196167,-12.072999954223633,1776886318.91
1.8899999856948853,0.061000000685453415,-31.889999389648438,1776886318.922
-12.744000434875488,0.9760000109672546,-10.305000305175781,1776886318.948
0.0,0.24400000274181366,-1.2200000286102295,1776886319.369
0.0,0.18299999833106995,-1.5850000381469727,1776886319.381
-0.061000000685453415,0.24400000274181366,-1.2200000286102295,1776886319.408
0.0,0.18299999833106995,-1.5240000486373901,1776886319.421
0.061000000685453415,0.3050000071525574,-1.340999960899353,1776886319.449
0.0,0.18299999833106995,-1.4630000591278076,1776886319.862
0.0,0.24400000274181366,-1.4630000591278076,1776886319.888
0.0,0.24400000274181366,-1.5240000486373901,1776886319.902
0.0,0.3050000071525574,-1.4630000591278076,1776886319.929
0.061000000685453415,0.18299999833106995,-1.5240000486373901,1776886319.941
0.061000000685453415,0.24400000274181366,-1.5240000486373901,1776886320.369
0.0,0.24400000274181366,-1.5240000486373901,1776886320.381
-0.061000000685453415,0.24400000274181366,-1.5240000486373901,1776886320.408
0.061000000685453415,0.24400000274181366,-1.4630000591278076,1776886320.422
0.061000000685453415,0.18299999833106995,-1.5240000486373901,1776886320.448
14.02400016784668,0.6710000038146973,-2.74399995803833,1776886320.861
-0.6100000143051147,0.9150000214576721,-2.621999979019165,1776886320.885
-0.9760000109672546,0.3050000071525574,-2.621999979019165,1776886320.901
0.9760000109672546,0.5490000247955322,0.061000000685453415,1776886320.927
0.6710000038146973,0.6100000143051147,-2.25600004196167,1776886320.942
14.267999649047852,2.865999937057495,-2.072999954223633,1776886321.369
2.01200008392334,-3.5369999408721924,1.6460000276565552,1776886321.381
3.9630000591278076,10.366000175476074,-1.5850000381469727,1776886321.407
-2.316999912261963,-3.4149999618530273,-4.451000213623047,1776886321.421
1.9509999752044678,-0.7929999828338623,0.12200000137090683,1776886321.45
-4.328999996185303,1.7070000171661377,1.0980000495910645,1776886321.861
-4.328999996185303,1.7070000171661377,1.0980000495910645,1776886321.888
0.6710000038146973,-4.085000038146973,2.683000087738037,1776886321.904
-0.9150000214576721,5.0,-2.5,1776886321.93
0.061000000685453415,1.4019999504089355,2.561000108718872,1776886321.951
-1.2799999713897705,5.183000087738037,-10.609999656677246,1776886322.362
7.622000217437744,-1.7070000171661377,-16.03700065612793,1776886322.388
0.9150000214576721,-7.439000129699707,-15.854000091552734,1776886322.402
-0.9760000109672546,6.158999919891357,-6.585000038146973,1776886322.43
-0.061000000685453415,5.0,7.5,1776886322.441
-0.5490000247955322,-0.9760000109672546,0.4269999861717224,1776886322.867
-0.5490000247955322,-0.9760000109672546,0.4269999861717224,1776886322.881
-0.4269999861717224,0.5490000247955322,-1.2799999713897705,1776886322.908
0.6100000143051147,-0.061000000685453415,1.340999960899353,1776886322.929
-0.9150000214576721,-0.12200000137090683,3.109999895095825,1776886322.942
-12.378000259399414,-3.4760000705718994,33.11000061035156,1776886323.369
-12.133999824523926,-9.755999565124512,8.536999702453613,1776886323.382
9.633999824523926,2.25600004196167,18.292999267578125,1776886323.407
-12.5,-2.561000108718872,29.084999084472656,1776886323.422
-13.414999961853027,-4.145999908447266,24.084999084472656,1776886323.449
-7.98799991607666,1.7070000171661377,38.5369987487793,1776886323.861
-7.98799991607666,1.7070000171661377,38.5369987487793,1776886323.887
-19.451000213623047,-9.206999778747559,44.87799835205078,1776886323.902
24.634000778198242,9.633999824523926,46.159000396728516,1776886323.928
-0.8539999723434448,10.121999740600586,41.645999908447266,1776886323.941
-18.048999786376953,-10.244000434875488,24.26799964904785,1776886324.369
-18.048999786376953,-10.244000434875488,24.26799964904785,1776886324.382
-18.048999786376953,-10.244000434875488,24.26799964904785,1776886324.409
-18.048999786376953,-10.244000434875488,24.26799964904785,1776886324.421
24.084999084472656,14.390000343322754,35.67100143432617,1776886324.447
-3.4149999618530273,-1.159000039100647,31.219999313354492,1776886324.862
-30.121999740600586,-11.159000396728516,26.645999908447266,1776886324.889
25.67099952697754,10.793000221252441,26.219999313354492,1776886324.903
-12.378000259399414,-3.1710000038146973,41.768001556396484,1776886324.922
-21.159000396728516,-10.670999526977539,17.988000869750977,1776886324.942
10.366000175476074,6.28000020980835,14.755999565124512,1776886325.382
10.366000175476074,6.28000020980835,14.755999565124512,1776886325.408
16.46299934387207,15.48799991607666,43.720001220703125,1776886325.422
-21.03700065612793,-6.52400016784668,23.47599983215332,1776886325.448
1.0369999408721924,-6.52400016784668,24.145999908447266,1776886325.462
-18.415000915527344,-14.878000259399414,29.32900047302246,1776886325.862
20.0,12.5,33.5369987487793,1776886325.887
-27.378000259399414,-9.145999908447266,39.02399826049805,1776886325.902
-27.378000259399414,-9.145999908447266,39.02399826049805,1776886325.928
-27.378000259399414,-9.145999908447266,39.02399826049805,1776886325.942
-22.316999435424805,-16.645999908447266,30.183000564575195,1776886326.383
25.610000610351562,13.840999603271484,33.597999572753906,1776886326.409
-9.817000389099121,1.8899999856948853,41.4630012512207,1776886326.422
-3.109999895095825,-11.402000427246094,22.988000869750977,1776886326.447
29.634000778198242,19.207000732421875,29.634000778198242,1776886326.462
25.30500030517578,9.755999565124512,33.5369987487793,1776886326.89
-22.988000869750977,-14.694999694824219,36.340999603271484,1776886326.902
13.902000427246094,4.75600004196167,26.951000213623047,1776886326.928
13.902000427246094,4.75600004196167,26.951000213623047,1776886326.942
13.902000427246094,4.75600004196167,26.951000213623047,1776886326.963
-8.840999603271484,-8.414999961853027,22.316999435424805,1776886327.382
16.76799964904785,2.072999954223633,28.47599983215332,1776886327.415
-27.56100082397461,-9.390000343322754,41.0369987487793,1776886327.425
0.061000000685453415,-9.267999649047852,26.82900047302246,1776886327.442
-7.01200008392334,-1.5850000381469727,42.987998962402344,1776886327.471
1.2799999713897705,4.877999782562256,23.659000396728516,1776886327.893
9.145999908447266,-7.74399995803833,31.645999908447266,1776886327.904
16.402000427246094,11.52400016784668,25.488000869750977,1776886327.922
-4.51200008392334,5.060999870300293,19.207000732421875,1776886327.948
-4.51200008392334,5.060999870300293,19.207000732421875,1776886327.962
-0.12200000137090683,0.4269999861717224,-1.4019999504089355,1776886328.402
0.0,0.18299999833106995,-1.7070000171661377,1776886328.43
0.12200000137090683,0.18299999833106995,-1.5240000486373901,1776886328.442
0.18299999833106995,0.3659999966621399,-1.0980000495910645,1776886328.468
0.061000000685453415,0.3659999966621399,-1.5850000381469727,1776886328.482
0.4880000054836273,0.18299999833106995,-0.4269999861717224,1776886328.902
-0.061000000685453415,0.3659999966621399,-17.072999954223633,1776886328.928
-0.061000000685453415,0.24400000274181366,-1.8899999856948853,1776886328.942
-0.3050000071525574,0.3050000071525574,-0.8539999723434448,1776886328.97
-0.3050000071525574,0.3050000071525574,-0.8539999723434448,1776886328.982
0.061000000685453415,0.3659999966621399,-1.5850000381469727,1776886329.382
0.12200000137090683,0.24400000274181366,-1.5240000486373901,1776886329.407
0.12200000137090683,0.12200000137090683,-1.4019999504089355,1776886329.422
0.12200000137090683,0.24400000274181366,-1.4630000591278076,1776886329.449
0.3659999966621399,0.061000000685453415,-0.9150000214576721,1776886329.462
1.2200000286102295,-1.8899999856948853,3.0490000247955322,1776886329.903
1.9509999752044678,-2.561000108718872,2.194999933242798,1776886329.929
3.8410000801086426,-3.2929999828338623,1.0980000495910645,1776886329.942
0.5490000247955322,1.2799999713897705,5.122000217437744,1776886329.967
-0.6100000143051147,1.6460000276565552,4.328999996185303,1776886329.982
0.3659999966621399,0.7929999828338623,20.121999740600586,1776886330.382
-9.206999778747559,-2.805000066757202,20.30500030517578,1776886330.409
-2.134000062942505,2.927000045776367,14.145999908447266,1776886330.422
-0.24400000274181366,-1.4019999504089355,19.32900047302246,1776886330.448
-5.671000003814697,6.0370001792907715,15.609999656677246,1776886330.463
0.4269999861717224,-2.74399995803833,34.93899917602539,1776886330.902
0.3050000071525574,7.804999828338623,21.82900047302246,1776886330.93
-2.561000108718872,-3.4760000705718994,38.5369987487793,1776886330.942
1.4019999504089355,-2.194999933242798,13.109999656677246,1776886330.969
-2.134000062942505,-0.7929999828338623,24.816999435424805,1776886330.982
8.414999961853027,9.694999694824219,-20.488000869750977,1776886331.408
1.0980000495910645,-6.76800012588501,-17.316999435424805,1776886331.422
0.3050000071525574,4.939000129699707,7.622000217437744,1776886331.449
-0.3050000071525574,3.8410000801086426,5.122000217437744,1776886331.462
1.4019999504089355,-0.061000000685453415,-11.097999572753906,1776886331.488
-0.061000000685453415,0.0,-1.5240000486373901,1776886331.902
0.0,0.24400000274181366,-1.5240000486373901,1776886331.93
0.12200000137090683,0.3659999966621399,-1.5240000486373901,1776886331.942
0.0,0.12200000137090683,-1.5240000486373901,1776886331.968
-0.061000000685453415,0.3050000071525574,-1.7070000171661377,1776886331.982
-0.061000000685453415,0.24400000274181366,-1.4019999504089355,1776886332.402
-0.12200000137090683,0.18299999833106995,-0.8539999723434448,1776886332.428
0.0,0.12200000137090683,-2.316999912261963,1776886332.442
1.4630000591278076,0.24400000274181366,-3.9630000591278076,1776886332.463
1.9509999752044678,0.7929999828338623,-2.561000108718872,1776886332.489
-1.2200000286102295,-2.072999954223633,-3.7799999713897705,1776886332.902
2.378000020980835,-2.378000020980835,-1.7070000171661377,1776886332.929
-2.01200008392334,3.7799999713897705,1.2200000286102295,1776886332.942
-0.3659999966621399,0.8539999723434448,-0.9760000109672546,1776886332.969
-1.7680000066757202,-9.633999824523926,-1.7680000066757202,1776886332.982
2.01200008392334,-10.914999961853027,7.377999782562256,1776886333.408
0.7319999933242798,2.621999979019165,15.97599983215332,1776886333.422
-2.805000066757202,-3.5369999408721924,13.963000297546387,1776886333.448
2.561000108718872,7.072999954223633,8.963000297546387,1776886333.462
-2.134000062942505,-3.2320001125335693,7.804999828338623,1776886333.49
-3.0490000247955322,10.244000434875488,27.316999435424805,1776886333.902
-4.085000038146973,10.121999740600586,25.854000091552734,1776886333.928
0.3659999966621399,-4.695000171661377,24.02400016784668,1776886333.951
3.7799999713897705,2.072999954223633,31.584999084472656,1776886333.966
-4.695000171661377,7.439000129699707,24.69499969482422,1776886333.982
2.01200008392334,8.840999603271484,27.316999435424805,1776886334.402
3.9019999504089355,-2.805000066757202,22.865999221801758,1776886334.428
-5.97599983215332,-5.0,33.720001220703125,1776886334.442
2.25600004196167,7.439000129699707,29.145999908447266,1776886334.467
-1.2200000286102295,-5.97599983215332,29.084999084472656,1776886334.483
-0.6100000143051147,-3.4760000705718994,24.572999954223633,1776886334.902
-0.6710000038146973,-6.341000080108643,28.96299934387207,1776886334.928
-0.4880000054836273,8.597999572753906,35.24399948120117,1776886334.942
-7.622000217437744,-1.159000039100647,34.512001037597656,1776886334.969
2.194999933242798,-7.377999782562256,32.62200164794922,1776886334.982
5.183000087738037,-1.2799999713897705,3.1710000038146973,1776886335.422
1.5240000486373901,1.7070000171661377,-15.366000175476074,1776886335.45
2.378000020980835,0.7319999933242798,-5.914999961853027,1776886335.462
4.085000038146973,-0.4880000054836273,-1.5240000486373901,1776886335.488
-3.2929999828338623,-0.9150000214576721,-0.12200000137090683,1776886335.502
-0.061000000685453415,0.18299999833106995,-1.6460000276565552,1776886335.922
0.061000000685453415,0.24400000274181366,-1.4630000591278076,1776886335.95
0.0,0.24400000274181366,14.085000038146973,1776886335.962
-0.061000000685453415,0.3659999966621399,-1.4019999504089355,1776886335.988
-0.061000000685453415,0.3050000071525574,-1.5240000486373901,1776886336.002
0.0,0.061000000685453415,-1.5850000381469727,1776886336.422
0.061000000685453415,0.18299999833106995,-1.5850000381469727,1776886336.448
0.061000000685453415,0.24400000274181366,-1.4630000591278076,1776886336.462
0.0,0.24400000274181366,-1.4630000591278076,1776886336.488
0.061000000685453415,0.24400000274181366,-1.4630000591278076,1776886336.502
0.0,0.3050000071525574,-1.4630000591278076,1776886336.902
-0.061000000685453415,0.24400000274181366,-1.4019999504089355,1776886336.928
0.0,0.24400000274181366,-1.5850000381469727,1776886336.943
0.0,0.24400000274181366,-1.5240000486373901,1776886336.97
0.0,0.18299999833106995,-1.4630000591278076,1776886336.982
0.061000000685453415,0.24400000274181366,-1.5240000486373901,1776886337.422
0.0,0.24400000274181366,-1.4630000591278076,1776886337.462
0.061000000685453415,0.24400000274181366,-1.4630000591278076,1776886337.472
0.0,0.3050000071525574,-1.5240000486373901,1776886337.483
0.061000000685453415,0.24400000274181366,-1.5240000486373901,1776886337.508
0.0,0.3050000071525574,-1.5240000486373901,1776886337.928
-0.061000000685453415,0.3050000071525574,-1.4630000591278076,1776886337.942
-0.061000000685453415,0.24400000274181366,-1.5240000486373901,1776886337.968
0.061000000685453415,0.18299999833106995,-1.5850000381469727,1776886337.982
0.0,0.18299999833106995,-17.072999954223633,1776886338.009
-0.3050000071525574,-1.340999960899353,-2.072999954223633,1776886338.429
-1.7680000066757202,0.6100000143051147,-0.8539999723434448,1776886338.442
-3.1710000038146973,5.97599983215332,0.18299999833106995,1776886338.472
-1.7680000066757202,-0.3050000071525574,3.9019999504089355,1776886338.483
2.01200008392334,-4.75600004196167,-4.26800012588501,1776886338.51
-0.6710000038146973,-1.0369999408721924,-1.7070000171661377,1776886338.922
-2.98799991607666,-0.6710000038146973,0.3659999966621399,1776886338.948
-0.24400000274181366,1.8899999856948853,0.8539999723434448,1776886338.962
-1.5850000381469727,-1.2200000286102295,1.8899999856948853,1776886338.991
-4.085000038146973,-4.816999912261963,0.24400000274181366,1776886339.002
-1.7680000066757202,-3.7200000286102295,-3.9019999504089355,1776886339.422
2.5,-0.8539999723434448,-1.6460000276565552,1776886339.442
-3.1710000038146973,5.610000133514404,-0.9150000214576721,1776886339.468
0.061000000685453415,2.561000108718872,1.7070000171661377,1776886339.487
-0.7929999828338623,-3.2929999828338623,1.5240000486373901,1776886339.502
2.134000062942505,2.25600004196167,2.378000020980835,1776886339.924
4.572999954223633,0.8539999723434448,-2.134000062942505,1776886339.942
-4.085000038146973,2.561000108718872,-2.5,1776886339.968
-0.7929999828338623,4.451000213623047,1.0369999408721924,1776886339.982
0.6100000143051147,-2.621999979019165,3.5980000495910645,1776886340.009
10.670999526977539,1.4019999504089355,-3.2929999828338623,1776886340.428
-15.060999870300293,-3.7200000286102295,-0.7319999933242798,1776886340.442
11.829000473022461,1.4019999504089355,-2.072999954223633,1776886340.468
1.8899999856948853,4.939000129699707,3.5980000495910645,1776886340.482
-10.182999610900879,-1.7680000066757202,0.9150000214576721,1776886340.508
-6.0980000495910645,-4.51200008392334,-0.7929999828338623,1776886340.928
0.9760000109672546,2.98799991607666,-2.194999933242798,1776886340.942
3.4760000705718994,2.25600004196167,-2.25600004196167,1776886340.968
1.9509999752044678,-0.3659999966621399,0.6710000038146973,1776886340.982
-2.621999979019165,0.7319999933242798,0.3659999966621399,1776886341.008
-0.9760000109672546,5.671000003814697,5.0,1776886341.428
-3.5369999408721924,-2.194999933242798,20.243999481201172,1776886341.442
-1.8289999961853027,-2.805000066757202,8.720000267028809,1776886341.468
1.159000039100647,-0.4880000054836273,12.133999824523926,1776886341.496
-2.927000045776367,-4.51200008392334,20.915000915527344,1776886341.507
-4.145999908447266,2.438999891281128,30.73200035095215,1776886341.922
-4.145999908447266,2.438999891281128,30.73200035095215,1776886341.942
-4.145999908447266,2.438999891281128,30.73200035095215,1776886341.968
-6.4019999504089355,-3.9630000591278076,21.82900047302246,1776886341.982
0.24400000274181366,6.889999866485596,24.084999084472656,1776886342.008
1.2200000286102295,7.316999912261963,26.340999603271484,1776886342.442
1.2799999713897705,-14.817000389099121,33.17100143432617,1776886342.469
5.854000091552734,-1.4630000591278076,28.902000427246094,1776886342.482
-1.4019999504089355,5.73199987411499,31.76799964904785,1776886342.511
-0.18299999833106995,-6.4019999504089355,24.207000732421875,1776886342.522
0.6100000143051147,0.0,21.584999084472656,1776886342.922
0.6100000143051147,0.0,21.584999084472656,1776886342.948
0.6100000143051147,0.0,21.584999084472656,1776886342.962
0.6100000143051147,0.0,21.584999084472656,1776886342.988
6.341000080108643,1.5850000381469727,43.720001220703125,1776886343.002
-0.7319999933242798,-0.3050000071525574,34.268001556396484,1776886343.449
-3.5980000495910645,-2.194999933242798,25.854000091552734,1776886343.462
-3.5980000495910645,-2.194999933242798,25.854000091552734,1776886343.491
-3.5980000495910645,-2.194999933242798,25.854000091552734,1776886343.503
0.0,0.18299999833106995,38.779998779296875,1776886343.529
-7.98799991607666,-5.793000221252441,9.51200008392334,1776886343.942
5.97599983215332,-0.3050000071525574,34.145999908447266,1776886343.968
2.438999891281128,4.451000213623047,41.220001220703125,1776886343.982
-3.7200000286102295,4.939000129699707,16.52400016784668,1776886344.009
1.2799999713897705,3.7200000286102295,51.402000427246094,1776886344.022
5.427000045776367,7.74399995803833,35.12200164794922,1776886344.448
6.52400016784668,2.98799991607666,44.573001861572266,1776886344.462
6.52400016784668,2.98799991607666,44.573001861572266,1776886344.488
6.52400016784668,2.98799991607666,44.573001861572266,1776886344.502
-1.8899999856948853,2.621999979019165,24.878000259399414,1776886344.528
7.072999954223633,4.816999912261963,43.47600173950195,1776886344.942
-6.951000213623047,2.5,20.121999740600586,1776886344.969
2.134000062942505,-1.7070000171661377,43.720001220703125,1776886344.983
3.4149999618530273,-0.5490000247955322,42.56100082397461,1776886345.011
0.0,6.645999908447266,42.56100082397461,1776886345.022
-2.438999891281128,-9.817000389099121,20.30500030517578,1776886345.45
6.4019999504089355,-5.060999870300293,24.572999954223633,1776886345.462
1.4630000591278076,2.5,24.207000732421875,1776886345.488
1.4630000591278076,2.5,24.207000732421875,1776886345.502
1.4630000591278076,2.5,24.207000732421875,1776886345.528
0.6710000038146973,-5.610000133514404,7.560999870300293,1776886345.942
1.7070000171661377,-3.3540000915527344,5.793000221252441,1776886345.972
1.6460000276565552,-4.389999866485596,6.889999866485596,1776886345.983
5.0,4.145999908447266,2.316999912261963,1776886346.009
-1.0980000495910645,0.3050000071525574,9.145999908447266,1776886346.023
4.02400016784668,1.0369999408721924,6.158999919891357,1776886346.449
2.378000020980835,-1.7680000066757202,5.304999828338623,1776886346.462
0.3659999966621399,5.914999961853027,1.0369999408721924,1776886346.488
0.3659999966621399,5.914999961853027,1.0369999408721924,1776886346.502
0.3659999966621399,5.914999961853027,1.0369999408721924,1776886346.528
-0.5490000247955322,-0.9760000109672546,4.02400016784668,1776886346.945
-5.427000045776367,1.8899999856948853,1.2200000286102295,1776886346.971
0.5490000247955322,-1.6460000276565552,7.25600004196167,1776886346.982
0.061000000685453415,2.01200008392334,2.5,1776886347.01
0.5490000247955322,-13.536999702453613,3.4760000705718994,1776886347.022
1.8899999856948853,-4.26800012588501,0.6100000143051147,1776886347.443
1.9509999752044678,-3.3540000915527344,2.01200008392334,1776886347.469
-0.18299999833106995,3.109999895095825,0.8539999723434448,1776886347.482
-0.3050000071525574,0.18299999833106995,4.328999996185303,1776886347.508
-0.3050000071525574,0.18299999833106995,4.328999996185303,1776886347.522
2.74399995803833,-6.951000213623047,-2.805000066757202,1776886347.942
1.4019999504089355,0.7929999828338623,-4.206999778747559,1776886347.968
-5.060999870300293,4.389999866485596,-0.4269999861717224,1776886347.983
-0.6710000038146973,-1.4630000591278076,-14.755999565124512,1776886348.01
-3.8410000801086426,-4.145999908447266,-6.0980000495910645,1776886348.022
1.7070000171661377,-4.451000213623047,-2.316999912261963,1776886348.449
3.6589999198913574,6.0980000495910645,-1.2799999713897705,1776886348.463
-4.145999908447266,7.74399995803833,-3.9019999504089355,1776886348.489
3.9630000591278076,-5.0,0.3659999966621399,1776886348.502
3.9630000591278076,-5.0,0.3659999966621399,1776886348.528
-1.0980000495910645,6.158999919891357,-1.8899999856948853,1776886348.942
-0.7929999828338623,-0.18299999833106995,2.805000066757202,1776886348.962
4.939000129699707,3.7200000286102295,0.12200000137090683,1776886348.989
-1.0369999408721924,-2.561000108718872,0.0,1776886349.002
1.7070000171661377,-6.828999996185303,-2.072999954223633,1776886349.03
-7.195000171661377,3.9019999504089355,3.4149999618530273,1776886349.462
7.622000217437744,15.182999610900879,-3.9019999504089355,1776886349.489
1.4630000591278076,1.0980000495910645,-1.5240000486373901,1776886349.502
1.4630000591278076,1.0980000495910645,-1.5240000486373901,1776886349.528
1.4630000591278076,1.0980000495910645,-1.5240000486373901,1776886349.542
1.6460000276565552,-9.878000259399414,1.159000039100647,1776886349.95
-11.829000473022461,10.244000434875488,-0.9150000214576721,1776886349.962
9.390000343322754,-1.0369999408721924,-2.072999954223633,1776886349.988
-6.0370001792907715,6.0980000495910645,1.2799999713897705,1776886350.004
2.25600004196167,-6.28000020980835,0.7319999933242798,1776886350.03
-5.548999786376953,2.805000066757202,-0.9150000214576721,1776886350.462
3.7200000286102295,4.816999912261963,-2.98799991607666,1776886350.482
0.4880000054836273,1.5240000486373901,-0.4269999861717224,1776886350.51
-1.2200000286102295,-2.927000045776367,-1.340999960899353,1776886350.522
-2.438999891281128,-12.5,-0.7319999933242798,1776886350.549
-4.939000129699707,-0.9150000214576721,-3.109999895095825,1776886350.969
3.0490000247955322,7.866000175476074,1.5240000486373901,1776886350.982
2.865999937057495,-4.572999954223633,-2.072999954223633,1776886351.008
-10.0,4.389999866485596,-2.438999891281128,1776886351.023
10.305000305175781,-10.548999786376953,-0.6710000038146973,1776886351.05
-3.1710000038146973,-3.4760000705718994,-10.97599983215332,1776886351.462
-3.3540000915527344,10.305000305175781,-10.914999961853027,1776886351.489
3.5369999408721924,3.1710000038146973,-15.305000305175781,1776886351.502
4.02400016784668,5.854000091552734,-12.378000259399414,1776886351.528
-0.3050000071525574,1.2799999713897705,-11.52400016784668,1776886351.542
-0.6710000038146973,-5.366000175476074,-17.072999954223633,1776886351.968
-0.12200000137090683,-4.51200008392334,-24.084999084472656,1776886351.982
1.6460000276565552,9.206999778747559,-19.26799964904785,1776886352.008
3.0490000247955322,-0.7929999828338623,-21.159000396728516,1776886352.022
4.145999908447266,-12.621999740600586,-24.756000518798828,1776886352.048
-3.7200000286102295,9.755999565124512,-12.98799991607666,1776886352.463
-0.5490000247955322,-2.74399995803833,-9.572999954223633,1776886352.49
-6.706999778747559,0.3050000071525574,-7.74399995803833,1776886352.508
-2.5,7.866000175476074,-7.74399995803833,1776886352.522
-8.47599983215332,6.21999979019165,-9.878000259399414,1776886352.548
1.9509999752044678,-0.24400000274181366,-0.9760000109672546,1776886352.962
-1.159000039100647,-3.2320001125335693,0.7319999933242798,1776886352.988
-2.683000087738037,-13.414999961853027,-2.683000087738037,1776886353.005
0.7929999828338623,-6.951000213623047,-3.0490000247955322,1776886353.031
0.4269999861717224,11.890000343322754,-0.12200000137090683,1776886353.043
3.4149999618530273,5.427000045776367,6.706999778747559,1776886353.482
1.6460000276565552,1.4630000591278076,10.182999610900879,1776886353.509
0.24400000274181366,-6.585000038146973,9.390000343322754,1776886353.523
2.25600004196167,3.1710000038146973,10.0,1776886353.549
-0.7319999933242798,-5.366000175476074,10.244000434875488,1776886353.562
-0.6100000143051147,8.902000427246094,21.52400016784668,1776886353.969
0.4880000054836273,0.6100000143051147,19.511999130249023,1776886353.982
-2.621999979019165,2.5,30.854000091552734,1776886354.008
-1.4019999504089355,3.8410000801086426,13.109999656677246,1776886354.022
1.8899999856948853,-4.02400016784668,32.13399887084961,1776886354.042
-1.2200000286102295,-2.74399995803833,-5.97599983215332,1776886354.982
-1.0369999408721924,-12.682999610900879,-5.793000221252441,1776886355.008
0.6100000143051147,7.804999828338623,2.134000062942505,1776886355.022
-1.8289999961853027,2.134000062942505,-7.195000171661377,1776886355.048
-0.6100000143051147,7.195000171661377,-7.439000129699707,1776886355.064
-0.18299999833106995,2.805000066757202,-12.255999565124512,1776886355.489
-0.061000000685453415,2.5,-25.792999267578125,1776886355.503
1.5240000486373901,3.9019999504089355,-13.47599983215332,1776886355.529
-0.9760000109672546,-4.816999912261963,-19.93899917602539,1776886355.542
1.0980000495910645,0.4269999861717224,-11.340999603271484,1776886355.568
-7.25600004196167,6.706999778747559,-35.12200164794922,1776886355.988
2.134000062942505,0.0,-28.840999603271484,1776886356.002
-0.061000000685453415,1.7680000066757202,-30.548999786376953,1776886356.029
-3.9019999504089355,5.548999786376953,-25.610000610351562,1776886356.042
-1.7070000171661377,-7.560999870300293,-34.268001556396484,1776886356.069
-6.889999866485596,-4.877999782562256,-37.62200164794922,1776886356.482
4.145999908447266,6.0370001792907715,-20.427000045776367,1776886356.513
-1.159000039100647,-6.341000080108643,-30.73200035095215,1776886356.531
1.0980000495910645,0.0,-23.23200035095215,1776886356.542
7.133999824523926,1.5240000486373901,-23.110000610351562,1776886356.568
-0.3659999966621399,12.317000389099121,-9.02400016784668,1776886356.982
-3.7200000286102295,-6.28000020980835,-22.927000045776367,1776886357.008
5.304999828338623,7.072999954223633,-17.134000778198242,1776886357.022
-0.061000000685453415,9.02400016784668,-15.427000045776367,1776886357.049
-4.451000213623047,-0.3659999966621399,-15.914999961853027,1776886357.062
0.12200000137090683,3.7200000286102295,-6.951000213623047,1776886357.488
1.7070000171661377,3.8410000801086426,-2.072999954223633,1776886357.502
0.18299999833106995,-6.28000020980835,-1.0980000495910645,1776886357.529
0.18299999833106995,3.5369999408721924,-2.134000062942505,1776886357.542
1.8899999856948853,-4.02400016784668,-1.7070000171661377,1776886357.573
-2.98799991607666,1.8289999961853027,6.76800012588501,1776886357.982
-0.3659999966621399,-3.4760000705718994,4.451000213623047,1776886358.01
-1.8899999856948853,-1.9509999752044678,4.085000038146973,1776886358.022
0.8539999723434448,2.621999979019165,4.75600004196167,1776886358.048
-2.194999933242798,1.340999960899353,8.109999656677246,1776886358.063
-3.9019999504089355,15.97599983215332,13.354000091552734,1776886358.482
1.340999960899353,2.683000087738037,18.17099952697754,1776886358.511
-1.2200000286102295,-1.5850000381469727,14.939000129699707,1776886358.522
-1.4630000591278076,-1.2200000286102295,12.927000045776367,1776886358.549
3.0490000247955322,-10.060999870300293,20.183000564575195,1776886358.563
-4.206999778747559,-4.206999778747559,22.80500030517578,1776886358.982
6.4629998207092285,1.0369999408721924,14.633999824523926,1776886359.009
-5.366000175476074,7.377999782562256,22.988000869750977,1776886359.023
1.8899999856948853,-4.695000171661377,16.707000732421875,1776886359.048
4.328999996185303,8.779999732971191,12.439000129699707,1776886359.062
-2.134000062942505,-0.5490000247955322,0.18299999833106995,1776886359.502
6.0370001792907715,7.316999912261963,-2.74399995803833,1776886359.528
-5.610000133514404,-1.5850000381469727,-3.1710000038146973,1776886359.542
-0.7319999933242798,5.122000217437744,-5.548999786376953,1776886359.569
0.4269999861717224,-2.683000087738037,-5.060999870300293,1776886359.583
2.134000062942505,1.340999960899353,-10.793000221252441,1776886359.983
-0.7319999933242798,5.24399995803833,-11.159000396728516,1776886360.009
-0.061000000685453415,-7.683000087738037,-14.329000473022461,1776886360.022
-2.5,-7.98799991607666,-14.572999954223633,1776886360.053
2.134000062942505,2.805000066757202,-14.206999778747559,1776886360.063
-6.341000080108643,7.072999954223633,-21.159000396728516,1776886360.502
3.2929999828338623,-10.060999870300293,-34.084999084472656,1776886360.528
0.8539999723434448,1.4019999504089355,-35.06100082397461,1776886360.543
-1.7070000171661377,1.7070000171661377,-16.645999908447266,1776886360.568
-8.293000221252441,-2.194999933242798,38.292999267578125,1776886360.582
0.6710000038146973,-0.7319999933242798,-0.9760000109672546,1776886361.008
-0.4269999861717224,0.7319999933242798,-3.8410000801086426,1776886361.022
-0.6100000143051147,0.3659999966621399,-5.610000133514404,1776886361.05
1.2799999713897705,-0.8539999723434448,-8.47599983215332,1776886361.062
-2.865999937057495,1.159000039100647,-8.840999603271484,1776886361.088
11.767999649047852,4.633999824523926,-22.683000564575195,1776886361.509
3.2929999828338623,-2.072999954223633,-16.340999603271484,1776886361.523
-0.4269999861717224,4.816999912261963,-33.11000061035156,1776886361.549
1.5240000486373901,-0.7929999828338623,-18.780000686645508,1776886361.562
2.805000066757202,-1.340999960899353,-28.597999572753906,1776886361.588
1.340999960899353,6.4019999504089355,-15.244000434875488,1776886362.009
-6.52400016784668,-3.1710000038146973,-46.402000427246094,1776886362.022
8.902000427246094,1.4630000591278076,-32.68299865722656,1776886362.048
-6.951000213623047,0.24400000274181366,-44.38999938964844,1776886362.062
1.2200000286102295,2.438999891281128,-41.402000427246094,1776886362.09
3.2320001125335693,4.085000038146973,-23.96299934387207,1776886362.504
5.183000087738037,-4.206999778747559,-44.32899856567383,1776886362.53
5.97599983215332,-2.194999933242798,-23.719999313354492,1776886362.543
-5.73199987411499,5.0,-34.69499969482422,1776886362.568
11.52400016784668,-2.316999912261963,-46.220001220703125,1776886362.582
-3.8410000801086426,4.939000129699707,-48.597999572753906,1776886363.002
8.293000221252441,-0.5490000247955322,-23.96299934387207,1776886363.028
-1.2799999713897705,0.18299999833106995,-34.69499969482422,1776886363.042
8.354000091552734,6.52400016784668,-23.17099952697754,1776886363.069
8.840999603271484,-4.816999912261963,-27.19499969482422,1776886363.083
1.0369999408721924,-3.7799999713897705,-14.329000473022461,1776886363.503
-2.378000020980835,1.7680000066757202,-10.060999870300293,1776886363.529
2.74399995803833,-0.6100000143051147,6.645999908447266,1776886363.543
1.0980000495910645,0.061000000685453415,-4.02400016784668,1776886363.571
-1.4630000591278076,0.5490000247955322,-4.816999912261963,1776886363.583
-0.061000000685453415,0.12200000137090683,-1.6460000276565552,1776886364.003
0.6710000038146973,0.061000000685453415,-1.340999960899353,1776886364.029
1.340999960899353,0.12200000137090683,-0.6100000143051147,1776886364.042
0.4880000054836273,-0.4269999861717224,-2.072999954223633,1776886364.068
3.5980000495910645,-0.18299999833106995,-1.7070000171661377,1776886364.083
0.9150000214576721,-1.340999960899353,-2.25600004196167,1776886364.535
-1.7070000171661377,1.6460000276565552,-2.621999979019165,1776886364.545
-3.3540000915527344,-2.438999891281128,-2.561000108718872,1776886364.563
2.561000108718872,-6.706999778747559,-1.159000039100647,1776886364.59
-0.4880000054836273,0.4880000054836273,-0.9760000109672546,1776886364.603
46.0369987487793,-76.8290023803711,-2.621999979019165,1776886365.023
80.48799896240234,-8.779999732971191,-8.293000221252441,1776886365.048
38.779998779296875,-27.80500030517578,5.854000091552734,1776886365.063
25.427000045776367,-4.51200008392334,5.304999828338623,1776886365.088
21.584999084472656,-5.24399995803833,12.98799991607666,1776886365.104
27.56100082397461,61.645999908447266,-5.060999870300293,1776886365.502
28.292999267578125,-34.45100021362305,-8.597999572753906,1776886365.528
-25.06100082397461,-34.084999084472656,-32.74399948120117,1776886365.543
-56.159000396728516,-100.30500030517578,-17.43899917602539,1776886365.569
-69.20700073242188,-118.41500091552734,-18.597999572753906,1776886365.583
-40.426998138427734,14.939000129699707,-31.76799964904785,1776886366.029
70.85399627685547,-6.645999908447266,10.305000305175781,1776886366.043
101.58499908447266,-21.219999313354492,14.51200008392334,1776886366.069
98.41500091552734,-98.35399627685547,49.93899917602539,1776886366.083
77.5,-115.12200164794922,28.17099952697754,1776886366.103
61.0369987487793,-66.58499908447266,-73.53700256347656,1776886366.528
66.0979995727539,13.720000267028809,-88.11000061035156,1776886366.543
-3.5369999408721924,67.86599731445312,-76.76799774169922,1776886366.572
-22.988000869750977,-20.0,-22.5,1776886366.583
-50.54899978637695,-6.28000020980835,-58.231998443603516,1776886366.609
-52.012001037597656,64.75599670410156,4.572999954223633,1776886367.024
-70.48799896240234,-60.731998443603516,-60.792999267578125,1776886367.05
28.96299934387207,-57.31700134277344,-73.11000061035156,1776886367.063
93.9020004272461,-41.768001556396484,-56.097999572753906,1776886367.089
52.012001037597656,-68.1709976196289,-86.34100341796875,1776886367.103
27.43899917602539,2.74399995803833,1.8289999961853027,1776886368.023
29.207000732421875,2.072999954223633,3.109999895095825,1776886368.049
34.81700134277344,-16.46299934387207,2.134000062942505,1776886368.063
39.69499969482422,-26.280000686645508,1.2200000286102295,1776886368.088
45.30500030517578,-16.280000686645508,1.8289999961853027,1776886368.103
35.67100143432617,-17.134000778198242,62.073001861572266,1776886368.529
37.31700134277344,-26.097999572753906,71.8290023803711,1776886368.543
38.17100143432617,-48.47600173950195,86.46299743652344,1776886368.563
45.97600173950195,-45.06100082397461,91.70700073242188,1776886368.588
52.13399887084961,-60.06100082397461,103.23200225830078,1776886368.603
-8.902000427246094,14.085000038146973,-21.402000427246094,1776886369.023
17.743999481201172,0.7929999828338623,4.451000213623047,1776886369.049
17.072999954223633,7.01200008392334,5.793000221252441,1776886369.063
11.340999603271484,4.939000129699707,-15.182999610900879,1776886369.089
0.24400000274181366,4.939000129699707,0.7929999828338623,1776886369.103
-1.2200000286102295,-0.4880000054836273,-0.18299999833106995,1776886369.543
-1.0369999408721924,-0.3659999966621399,0.061000000685453415,1776886369.569
-0.12200000137090683,-0.18299999833106995,-0.9150000214576721,1776886369.583
0.5490000247955322,0.9760000109672546,-2.74399995803833,1776886369.609
0.7929999828338623,0.8539999723434448,-2.927000045776367,1776886369.623
0.18299999833106995,0.4269999861717224,-1.8289999961853027,1776886370.023
-0.061000000685453415,0.12200000137090683,-1.2799999713897705,1776886370.049
-0.12200000137090683,0.18299999833106995,-1.159000039100647,1776886370.063
-0.12200000137090683,0.061000000685453415,-1.2200000286102295,1776886370.091
0.061000000685453415,0.3050000071525574,-1.5240000486373901,1776886370.103
-0.061000000685453415,0.24400000274181366,-1.4019999504089355,1776886370.543
-0.12200000137090683,0.3050000071525574,-1.4019999504089355,1776886370.568
0.0,0.18299999833106995,-1.5240000486373901,1776886370.583
0.061000000685453415,0.3050000071525574,-1.5850000381469727,1776886370.61
0.061000000685453415,0.24400000274181366,-1.5240000486373901,1776886370.623
0.0,0.24400000274181366,-1.4630000591278076,1776886371.043
0.0,0.18299999833106995,-1.5850000381469727,1776886371.071
0.061000000685453415,0.18299999833106995,-1.4019999504089355,1776886371.083
-0.061000000685453415,0.18299999833106995,-1.4630000591278076,1776886371.109
0.0,0.3050000071525574,-1.4630000591278076,1776886371.123
-0.061000000685453415,0.3659999966621399,-1.5240000486373901,1776886371.549
-0.061000000685453415,0.3659999966621399,-1.5240000486373901,1776886371.565
-0.12200000137090683,0.24400000274181366,-1.5850000381469727,1776886371.591
0.0,0.24400000274181366,-1.4630000591278076,1776886371.603
0.061000000685453415,0.24400000274181366,-1.5850000381469727,1776886371.623
0.061000000685453415,0.3050000071525574,-1.4019999504089355,1776886372.043
-0.061000000685453415,0.3050000071525574,-1.4630000591278076,1776886372.069
-0.061000000685453415,0.3050000071525574,-1.4630000591278076,1776886372.083
-0.061000000685453415,0.3050000071525574,-1.4630000591278076,1776886372.109
-0.061000000685453415,0.3050000071525574,-1.5240000486373901,1776886372.123
5.24399995803833,6.52400016784668,-2.683000087738037,1776886372.543
10.244000434875488,34.75600051879883,-3.5369999408721924,1776886372.568
-6.4629998207092285,82.62200164794922,-9.02400016784668,1776886372.583
-17.011999130249023,129.14599609375,-17.56100082397461,1776886372.609
-14.267999649047852,95.06099700927734,-7.439000129699707,1776886372.623
-93.35399627685547,103.5979995727539,-138.4759979248047,1776886373.043
-48.720001220703125,132.74400329589844,-68.29299926757812,1776886373.071
-48.840999603271484,101.76799774169922,-87.86599731445312,1776886373.083
-48.840999603271484,101.76799774169922,-87.86599731445312,1776886373.103
-48.840999603271484,101.76799774169922,-87.86599731445312,1776886373.129
-0.3659999966621399,0.18299999833106995,-2.134000062942505,1776886373.543
0.3659999966621399,0.4269999861717224,-1.5240000486373901,1776886373.57
0.3659999966621399,0.18299999833106995,-0.6710000038146973,1776886373.583
-0.18299999833106995,0.3050000071525574,-1.9509999752044678,1776886373.608
-0.24400000274181366,0.12200000137090683,-1.8899999856948853,1776886373.623
0.0,0.3050000071525574,-1.4019999504089355,1776886374.048
-0.061000000685453415,0.18299999833106995,-1.4630000591278076,1776886374.063
-0.061000000685453415,0.24400000274181366,-1.5240000486373901,1776886374.089
0.0,0.3050000071525574,-1.5240000486373901,1776886374.104
0.0,0.12200000137090683,-17.011999130249023,1776886374.13
0.061000000685453415,0.3050000071525574,-1.4630000591278076,1776886374.543
0.0,0.3050000071525574,-1.5240000486373901,1776886374.569
0.0,0.24400000274181366,-1.5240000486373901,1776886374.583
0.061000000685453415,0.12200000137090683,-1.4019999504089355,1776886374.609
0.061000000685453415,0.18299999833106995,-1.4630000591278076,1776886374.623
0.7929999828338623,0.7319999933242798,-2.5,1776886375.049
-0.12200000137090683,-0.12200000137090683,-2.316999912261963,1776886375.063
1.340999960899353,-0.18299999833106995,2.25600004196167,1776886375.089
-1.340999960899353,0.12200000137090683,0.3659999966621399,1776886375.103
-0.24400000274181366,-0.18299999833106995,-1.8289999961853027,1776886375.13
-0.12200000137090683,0.18299999833106995,-1.2200000286102295,1776886375.543
0.0,0.3050000071525574,-1.4019999504089355,1776886375.569
0.0,0.18299999833106995,-1.4019999504089355,1776886375.583
-0.061000000685453415,0.24400000274181366,-1.4630000591278076,1776886375.609
0.12200000137090683,0.18299999833106995,-1.4019999504089355,1776886375.623
-118.53700256347656,103.96299743652344,97.5,1776886376.569
-104.08499908447266,88.41500091552734,100.427001953125,1776886376.583
36.707000732421875,-6.706999778747559,92.68299865722656,1776886376.61
73.04900360107422,62.68299865722656,48.354000091552734,1776886376.623
87.56099700927734,92.19499969482422,-20.488000869750977,1776886376.649
-28.415000915527344,5.48799991607666,-9.451000213623047,1776886377.063
-41.4630012512207,34.63399887084961,4.389999866485596,1776886377.089
-0.061000000685453415,16.402000427246094,26.340999603271484,1776886377.103
-11.706999778747559,39.084999084472656,12.072999954223633,1776886377.129
-16.402000427246094,12.744000434875488,12.133999824523926,1776886377.143
0.0,-0.12200000137090683,0.12200000137090683,1776886377.551
-0.3659999966621399,0.4269999861717224,-1.340999960899353,1776886377.563
0.24400000274181366,0.18299999833106995,-1.159000039100647,1776886377.584
0.3659999966621399,0.061000000685453415,-1.340999960899353,1776886377.61
-0.061000000685453415,0.061000000685453415,-1.8289999961853027,1776886377.623
0.0,0.3050000071525574,-1.5240000486373901,1776886378.063
0.061000000685453415,0.24400000274181366,-1.4019999504089355,1776886378.083
0.0,0.24400000274181366,-1.4630000591278076,1776886378.109
-0.061000000685453415,0.3050000071525574,-1.4019999504089355,1776886378.123
0.061000000685453415,0.24400000274181366,-1.4630000591278076,1776886378.149
1.8899999856948853,-4.633999824523926,-4.451000213623047,1776886378.569
6.21999979019165,-7.01200008392334,-4.51200008392334,1776886378.583
7.25600004196167,17.683000564575195,-1.0980000495910645,1776886378.611
5.914999961853027,29.93899917602539,-1.0369999408721924,1776886378.623
5.97599983215332,13.963000297546387,2.621999979019165,1776886378.649
25.97599983215332,16.219999313354492,-12.805000305175781,1776886379.063
-24.145999908447266,-17.865999221801758,-15.854000091552734,1776886379.089
-22.134000778198242,-3.5980000495910645,-9.267999649047852,1776886379.103
-1.340999960899353,-22.743999481201172,-4.02400016784668,1776886379.129
8.597999572753906,-15.0,-2.683000087738037,1776886379.143
-4.02400016784668,-7.866000175476074,-3.0490000247955322,1776886379.583
-1.4630000591278076,-3.5980000495910645,-2.01200008392334,1776886379.609
-12.255999565124512,-0.9760000109672546,0.4269999861717224,1776886379.623
-8.779999732971191,0.0,0.9760000109672546,1776886379.649
-3.7200000286102295,-4.51200008392334,-2.865999937057495,1776886379.663
-1.7680000066757202,-0.12200000137090683,5.24399995803833,1776886380.583
-3.7799999713897705,0.7319999933242798,1.2200000286102295,1776886380.609
1.8899999856948853,-0.24400000274181366,3.2320001125335693,1776886380.623
-2.98799991607666,1.5240000486373901,1.8899999856948853,1776886380.652
0.4269999861717224,1.9509999752044678,2.621999979019165,1776886380.663
-0.061000000685453415,-1.2799999713897705,9.02400016784668,1776886381.083
2.805000066757202,0.061000000685453415,5.73199987411499,1776886381.107
0.9150000214576721,3.1710000038146973,13.536999702453613,1776886381.123
-1.4630000591278076,1.9509999752044678,34.207000732421875,1776886381.149
-0.3659999966621399,0.18299999833106995,37.926998138427734,1776886381.166
0.18299999833106995,0.18299999833106995,-1.8289999961853027,1776886381.583
0.12200000137090683,0.7319999933242798,-0.6710000038146973,1776886381.609
-0.24400000274181366,0.18299999833106995,-1.7070000171661377,1776886381.623
-0.061000000685453415,0.24400000274181366,-1.159000039100647,1776886381.649
0.18299999833106995,0.4880000054836273,-1.159000039100647,1776886381.663
0.0,0.3050000071525574,-1.5850000381469727,1776886382.09
0.061000000685453415,0.3050000071525574,-1.5240000486373901,1776886382.103
-0.061000000685453415,0.24400000274181366,-1.4019999504089355,1776886382.13
-0.12200000137090683,0.3050000071525574,-1.4630000591278076,1776886382.143
0.0,0.3050000071525574,-1.4630000591278076,1776886382.169
-0.061000000685453415,0.3050000071525574,-1.4630000591278076,1776886382.583
0.061000000685453415,0.12200000137090683,-1.7680000066757202,1776886382.609
-0.12200000137090683,0.12200000137090683,14.02400016784668,1776886382.623
0.061000000685453415,0.24400000274181366,-1.8289999961853027,1776886382.649
0.0,0.18299999833106995,-1.5850000381469727,1776886382.663
-5.183000087738037,-0.24400000274181366,0.0,1776886383.089
-7.683000087738037,5.914999961853027,2.378000020980835,1776886383.103
-6.21999979019165,4.02400016784668,2.621999979019165,1776886383.131
-9.085000038146973,1.340999960899353,-1.5240000486373901,1776886383.143
-4.451000213623047,-0.5490000247955322,-1.2799999713897705,1776886383.169
-4.695000171661377,4.816999912261963,-1.9509999752044678,1776886383.583
0.5490000247955322,0.9150000214576721,-3.2929999828338623,1776886383.61
-4.939000129699707,-12.133999824523926,-6.21999979019165,1776886383.623
-17.378000259399414,-16.03700065612793,-5.610000133514404,1776886383.649
-18.354000091552734,-9.633999824523926,-3.5980000495910645,1776886383.663
4.145999908447266,-7.133999824523926,16.097999572753906,1776886384.089
10.732000350952148,0.5490000247955322,6.76800012588501,1776886384.103
24.634000778198242,10.548999786376953,0.4880000054836273,1776886384.129
-0.4880000054836273,-1.2799999713897705,-10.121999740600586,1776886384.144
-6.951000213623047,-12.621999740600586,-10.97599983215332,1776886384.163
-0.061000000685453415,0.3050000071525574,-1.2799999713897705,1776886384.583
-0.12200000137090683,0.24400000274181366,-1.6460000276565552,1776886384.609
0.0,0.18299999833106995,-1.4019999504089355,1776886384.625
0.061000000685453415,0.3050000071525574,-1.5240000486373901,1776886384.65
-0.061000000685453415,0.12200000137090683,-1.4630000591278076,1776886384.663
-0.061000000685453415,0.3050000071525574,-1.4019999504089355,1776886385.103
0.061000000685453415,0.24400000274181366,-1.5240000486373901,1776886385.129
0.0,0.18299999833106995,-1.5240000486373901,1776886385.143
0.0,0.3050000071525574,-1.4630000591278076,1776886385.169
0.0,0.24400000274181366,-1.4630000591278076,1776886385.183
-5.548999786376953,-3.2320001125335693,-26.280000686645508,1776886385.585
7.927000045776367,-2.072999954223633,-14.755999565124512,1776886385.611
1.8899999856948853,2.25600004196167,-5.97599983215332,1776886385.623
0.7319999933242798,8.536999702453613,13.840999603271484,1776886385.649
15.366000175476074,14.51200008392334,20.30500030517578,1776886385.663
-132.43899536132812,-5.548999786376953,28.415000915527344,1776886386.089
-166.27999877929688,-46.159000396728516,6.0370001792907715,1776886386.103
-7.927000045776367,17.316999435424805,-25.30500030517578,1776886386.129
34.93899917602539,-21.402000427246094,-15.427000045776367,1776886386.143
26.03700065612793,4.145999908447266,-17.134000778198242,1776886386.163
-0.061000000685453415,0.18299999833106995,-1.6460000276565552,1776886386.612
-0.061000000685453415,0.3050000071525574,-1.5240000486373901,1776886386.627
0.061000000685453415,0.3050000071525574,-1.6460000276565552,1776886386.643
0.061000000685453415,0.18299999833106995,-1.4630000591278076,1776886386.67
-0.12200000137090683,0.18299999833106995,-1.6460000276565552,1776886386.683
-0.061000000685453415,0.24400000274181366,-1.4630000591278076,1776886387.103
-0.061000000685453415,0.24400000274181366,-1.4630000591278076,1776886387.129
0.12200000137090683,0.24400000274181366,-1.5240000486373901,1776886387.143
0.0,0.18299999833106995,-1.5850000381469727,1776886387.169
0.061000000685453415,0.24400000274181366,-1.4630000591278076,1776886387.187
-0.4880000054836273,0.3050000071525574,-0.3050000071525574,1776886387.609
-0.3659999966621399,-0.6710000038146973,1.0980000495910645,1776886387.623
-3.109999895095825,-0.3050000071525574,-6.585000038146973,1776886387.649
-0.9760000109672546,-1.0980000495910645,0.8539999723434448,1776886387.663
-15.244000434875488,-0.12200000137090683,2.74399995803833,1776886387.689
-2.621999979019165,0.4880000054836273,-2.927000045776367,1776886388.111
10.0,-13.963000297546387,1.0369999408721924,1776886388.123
30.73200035095215,-11.159000396728516,4.939000129699707,1776886388.151
15.060999870300293,-8.109999656677246,3.109999895095825,1776886388.165
-1.0369999408721924,-4.451000213623047,1.5850000381469727,1776886388.191
28.17099952697754,-22.134000778198242,7.622000217437744,1776886388.609
-8.354000091552734,-2.194999933242798,-16.46299934387207,1776886388.624
-35.792999267578125,17.43899917602539,-9.451000213623047,1776886388.652
1.7070000171661377,54.45100021362305,-20.915000915527344,1776886388.666
35.18299865722656,-24.634000778198242,3.3540000915527344,1776886388.683
-1.0369999408721924,1.2200000286102295,0.3659999966621399,1776886389.107
0.4880000054836273,-1.0369999408721924,-0.12200000137090683,1776886389.124
-1.8289999961853027,0.8539999723434448,1.8899999856948853,1776886389.15
1.4019999504089355,0.6710000038146973,3.8410000801086426,1776886389.166
-0.24400000274181366,1.159000039100647,4.939000129699707,1776886389.191
-1.4630000591278076,1.2200000286102295,-2.438999891281128,1776886389.623
0.3659999966621399,0.7319999933242798,5.0,1776886389.649
-1.7070000171661377,1.340999960899353,-5.183000087738037,1776886389.663
0.7929999828338623,-0.9150000214576721,0.7319999933242798,1776886389.691
4.451000213623047,-0.6100000143051147,5.122000217437744,1776886389.703
-1.0980000495910645,-8.354000091552734,23.902000427246094,1776886390.103
11.036999702453613,14.878000259399414,43.292999267578125,1776886390.13
-16.707000732421875,-0.7319999933242798,52.073001861572266,1776886390.143
-22.927000045776367,1.7070000171661377,58.11000061035156,1776886390.169
9.085000038146973,-20.427000045776367,73.72000122070312,1776886390.183
-5.060999870300293,-9.755999565124512,50.06100082397461,1776886390.623
4.633999824523926,-1.7680000066757202,40.06100082397461,1776886390.649
-2.316999912261963,0.6100000143051147,37.80500030517578,1776886390.664
-6.28000020980835,-8.048999786376953,35.30500030517578,1776886390.69
4.633999824523926,-0.12200000137090683,42.31700134277344,1776886390.704
-2.683000087738037,0.4269999861717224,11.340999603271484,1776886391.104
-0.7929999828338623,-0.7319999933242798,11.645999908447266,1776886391.13
2.316999912261963,0.4269999861717224,11.036999702453613,1776886391.143
-0.6710000038146973,1.7070000171661377,12.378000259399414,1776886391.17
-3.8410000801086426,-1.9509999752044678,14.451000213623047,1776886391.183
-15.548999786376953,-16.402000427246094,47.012001037597656,1776886391.629
-3.3540000915527344,-24.634000778198242,60.61000061035156,1776886391.643
17.988000869750977,-3.8410000801086426,43.292999267578125,1776886391.663
4.26800012588501,9.633999824523926,42.073001861572266,1776886391.689
-17.43899917602539,10.914999961853027,51.95100021362305,1776886391.703
11.279999732971191,-9.451000213623047,31.76799964904785,1776886392.13
5.366000175476074,6.585000038146973,44.45100021362305,1776886392.143
-4.51200008392334,-2.072999954223633,47.68299865722656,1776886392.17
0.24400000274181366,5.914999961853027,7.133999824523926,1776886392.183
2.194999933242798,-3.0490000247955322,31.159000396728516,1776886392.209
-18.96299934387207,-5.610000133514404,64.63400268554688,1776886392.631
9.939000129699707,-7.683000087738037,54.87799835205078,1776886392.643
24.634000778198242,3.4149999618530273,34.93899917602539,1776886392.672
-4.145999908447266,17.927000045776367,54.145999908447266,1776886392.691
-15.854000091552734,-15.914999961853027,66.34100341796875,1776886392.703
-8.963000297546387,3.3540000915527344,31.889999389648438,1776886393.132
-19.878000259399414,-12.439000129699707,46.768001556396484,1776886393.143
20.0,7.5,33.840999603271484,1776886393.169
-8.47599983215332,11.220000267028809,54.268001556396484,1776886393.183
-18.47599983215332,-10.244000434875488,56.707000732421875,1776886393.209
0.0,0.0,-2.072999954223633,1776886393.63
0.0,0.12200000137090683,-1.8899999856948853,1776886393.649
0.0,0.3659999966621399,-1.2799999713897705,1776886393.663
0.0,0.18299999833106995,-1.8899999856948853,1776886393.69
0.12200000137090683,0.12200000137090683,-1.4630000591278076,1776886393.703
0.0,0.24400000274181366,-1.340999960899353,1776886394.13
0.061000000685453415,0.24400000274181366,-1.5850000381469727,1776886394.143
0.0,0.24400000274181366,-1.4019999504089355,1776886394.169
-0.061000000685453415,0.18299999833106995,-1.4630000591278076,1776886394.184
0.0,0.24400000274181366,-1.5850000381469727,1776886394.21
0.061000000685453415,5.366000175476074,-4.389999866485596,1776886394.65
2.438999891281128,3.0490000247955322,-1.6460000276565552,1776886394.663
2.194999933242798,3.109999895095825,1.5240000486373901,1776886394.689
4.51200008392334,-2.438999891281128,-3.3540000915527344,1776886394.704
4.26800012588501,0.7929999828338623,-4.145999908447266,1776886394.73
18.354000091552734,7.133999824523926,5.914999961853027,1776886395.143
12.560999870300293,-3.9630000591278076,-4.02400016784668,1776886395.171
-2.561000108718872,-17.256000518798828,-6.52400016784668,1776886395.185
-3.8410000801086426,-12.927000045776367,0.5490000247955322,1776886395.211
-6.706999778747559,-10.48799991607666,5.548999786376953,1776886395.223
0.7929999828338623,-2.378000020980835,-1.0369999408721924,1776886395.649
-2.25600004196167,-1.159000039100647,-3.5369999408721924,1776886395.663
0.3659999966621399,-0.3050000071525574,-3.109999895095825,1776886395.69
-1.8289999961853027,1.7070000171661377,1.4019999504089355,1776886395.705
3.8410000801086426,0.7319999933242798,-1.2200000286102295,1776886395.731
1.6460000276565552,1.7680000066757202,-7.622000217437744,1776886396.649
1.6460000276565552,1.7680000066757202,-7.622000217437744,1776886396.664
1.6460000276565552,1.7680000066757202,-7.622000217437744,1776886396.69
4.145999908447266,1.2200000286102295,-7.622000217437744,1776886396.703
5.427000045776367,1.340999960899353,-11.097999572753906,1776886396.732
0.6710000038146973,0.4880000054836273,-6.52400016784668,1776886397.143
-1.0369999408721924,0.3050000071525574,-3.7200000286102295,1776886397.169
2.683000087738037,0.3659999966621399,-9.085000038146973,1776886397.183
-0.9760000109672546,0.18299999833106995,-17.316999435424805,1776886397.21
1.5850000381469727,2.316999912261963,-14.145999908447266,1776886397.223
3.6589999198913574,1.2200000286102295,-27.011999130249023,1776886397.646
-5.427000045776367,-1.8289999961853027,-27.927000045776367,1776886397.671
-5.427000045776367,-1.8289999961853027,-27.927000045776367,1776886397.683
-5.427000045776367,-1.8289999961853027,-27.927000045776367,1776886397.71
-9.085000038146973,6.158999919891357,-55.54899978637695,1776886397.726
1.0980000495910645,-0.5490000247955322,-45.67100143432617,1776886398.143
1.159000039100647,-1.159000039100647,-47.5,1776886398.17
-1.4630000591278076,1.2200000286102295,-39.207000732421875,1776886398.183
-3.8410000801086426,-1.6460000276565552,-40.426998138427734,1776886398.209
-0.24400000274181366,5.122000217437744,-20.73200035095215,1776886398.223
-6.158999919891357,-5.854000091552734,72.86599731445312,1776886399.143
-7.5,4.26800012588501,-13.597999572753906,1776886399.169
4.02400016784668,-5.122000217437744,-22.256000518798828,1776886399.183
-13.354000091552734,1.159000039100647,-12.072999954223633,1776886399.209
1.5240000486373901,1.8899999856948853,7.866000175476074,1776886399.223
2.25600004196167,-0.5490000247955322,-2.98799991607666,1776886399.663
-0.12200000137090683,0.4880000054836273,0.24400000274181366,1776886399.689
0.6100000143051147,-0.7929999828338623,0.3659999966621399,1776886399.703
3.7799999713897705,-1.5240000486373901,0.24400000274181366,1776886399.73
3.5980000495910645,-0.7929999828338623,-1.0980000495910645,1776886399.743
-0.5490000247955322,-6.52400016784668,-7.804999828338623,1776886400.163
0.3659999966621399,-15.060999870300293,-11.829000473022461,1776886400.19
12.98799991607666,-14.145999908447266,-4.633999824523926,1776886400.204
11.645999908447266,-10.48799991607666,-4.328999996185303,1776886400.229
-4.75600004196167,12.133999824523926,1.340999960899353,1776886400.244
-9.755999565124512,-8.232000350952148,-1.8289999961853027,1776886400.663
-13.414999961853027,0.3050000071525574,-5.793000221252441,1776886400.689
-4.145999908447266,-3.9019999504089355,-2.316999912261963,1776886400.704
-1.0369999408721924,-5.366000175476074,-1.159000039100647,1776886400.729
-5.060999870300293,-4.939000129699707,-1.5240000486373901,1776886400.743
-10.670999526977539,16.82900047302246,-2.98799991607666,1776886401.17
-13.536999702453613,12.682999610900879,-12.744000434875488,1776886401.183
-15.609999656677246,16.402000427246094,-10.97599983215332,1776886401.21
-27.072999954223633,21.707000732421875,7.439000129699707,1776886401.223
-35.97600173950195,40.792999267578125,15.366000175476074,1776886401.249
27.072999954223633,33.04899978637695,21.46299934387207,1776886401.664
3.4760000705718994,9.329000473022461,4.451000213623047,1776886401.689
-48.354000091552734,-51.220001220703125,-54.32899856567383,1776886401.703
-64.93900299072266,-59.93899917602539,-93.23200225830078,1776886401.729
-44.63399887084961,-12.560999870300293,-88.84100341796875,1776886401.743
5.0,1.5850000381469727,3.6589999198913574,1776886402.192
4.145999908447266,5.610000133514404,-0.6100000143051147,1776886402.204
-0.8539999723434448,-0.7319999933242798,2.621999979019165,1776886402.231
-0.9150000214576721,-1.159000039100647,-2.072999954223633,1776886402.243
-0.9760000109672546,-1.0980000495910645,-2.74399995803833,1776886402.263
-1.4630000591278076,-0.4269999861717224,-0.7929999828338623,1776886402.663
-3.3540000915527344,0.12200000137090683,4.451000213623047,1776886402.689
-1.7070000171661377,0.4269999861717224,6.28000020980835,1776886402.704
2.01200008392334,2.316999912261963,5.183000087738037,1776886402.73
3.4760000705718994,1.5240000486373901,5.73199987411499,1776886402.743
-2.316999912261963,1.340999960899353,11.097999572753906,1776886403.183
-2.438999891281128,1.7070000171661377,14.206999778747559,1776886403.209
-0.9150000214576721,0.9150000214576721,15.548999786376953,1776886403.223
-0.6710000038146973,2.378000020980835,15.97599983215332,1776886403.249
-0.7929999828338623,2.5,16.889999389648438,1776886403.263
5.610000133514404,-9.390000343322754,37.25600051879883,1776886404.184
11.645999908447266,-8.659000396728516,39.268001556396484,1776886404.21
-3.5369999408721924,8.170999526977539,49.87799835205078,1776886404.224
-2.683000087738037,2.805000066757202,38.840999603271484,1776886404.25
-3.9630000591278076,0.3659999966621399,35.18299865722656,1776886404.263
4.26800012588501,-5.366000175476074,48.720001220703125,1776886404.689
-2.378000020980835,4.26800012588501,53.9630012512207,1776886404.704
-8.414999961853027,-4.816999912261963,56.402000427246094,1776886404.732
3.3540000915527344,-5.304999828338623,46.0369987487793,1776886404.744
15.670999526977539,1.8899999856948853,34.512001037597656,1776886404.769
-0.061000000685453415,0.18299999833106995,-2.927000045776367,1776886405.689
-0.24400000274181366,0.18299999833106995,-2.438999891281128,1776886405.703
-0.061000000685453415,0.5490000247955322,-0.9760000109672546,1776886405.729
-0.12200000137090683,0.3659999966621399,-1.9509999752044678,1776886405.744
0.0,0.12200000137090683,-1.2200000286102295,1776886405.77
-2.01200008392334,9.878000259399414,13.109999656677246,1776886406.183
1.340999960899353,5.671000003814697,-16.097999572753906,1776886406.209
2.316999912261963,11.767999649047852,-1.2799999713897705,1776886406.224
-3.109999895095825,12.621999740600586,4.75600004196167,1776886406.249
3.3540000915527344,11.036999702453613,-2.072999954223633,1776886406.264
21.76799964904785,-29.084999084472656,-10.793000221252441,1776886406.684
-40.792999267578125,-49.81700134277344,-12.317000389099121,1776886406.712
-46.584999084472656,-14.085000038146973,-3.5980000495910645,1776886406.724
-43.415000915527344,-5.914999961853027,1.8289999961853027,1776886406.752
-22.865999221801758,2.927000045776367,5.122000217437744,1776886406.764
-7.25600004196167,-0.8539999723434448,0.24400000274181366,1776886407.184
-2.134000062942505,-6.341000080108643,3.9019999504089355,1776886407.223
0.24400000274181366,-3.2320001125335693,-5.548999786376953,1776886407.236
0.12200000137090683,-5.304999828338623,-1.4019999504089355,1776886407.247
0.12200000137090683,1.7070000171661377,-0.12200000137090683,1776886407.263
-0.3659999966621399,0.3659999966621399,-4.389999866485596,1776886407.69
0.24400000274181366,0.6100000143051147,-5.366000175476074,1776886407.704
-0.5490000247955322,-1.2799999713897705,-5.548999786376953,1776886407.729
-0.3659999966621399,1.0980000495910645,-4.877999782562256,1776886407.744
0.5490000247955322,1.5850000381469727,-7.622000217437744,1776886407.77
-0.24400000274181366,5.0,-6.158999919891357,1776886408.184
-2.378000020980835,-5.48799991607666,-6.4019999504089355,1776886408.21
-3.7200000286102295,-8.779999732971191,-10.121999740600586,1776886408.224
-3.4149999618530273,-11.52400016784668,-9.939000129699707,1776886408.251
-2.25600004196167,-9.329000473022461,-10.609999656677246,1776886408.264
-0.12200000137090683,-0.12200000137090683,-0.9150000214576721,1776886408.691
-0.061000000685453415,0.3050000071525574,-1.4630000591278076,1776886408.704
0.061000000685453415,0.6710000038146973,-1.9509999752044678,1776886408.729
-0.061000000685453415,0.4880000054836273,-1.7680000066757202,1776886408.744
0.0,0.3659999966621399,-1.5240000486373901,1776886408.769
-2.316999912261963,-3.2320001125335693,-3.4760000705718994,1776886409.204
-6.28000020980835,-5.854000091552734,-2.072999954223633,1776886409.232
-10.97599983215332,-7.683000087738037,0.24400000274181366,1776886409.244
-15.548999786376953,-12.927000045776367,-1.159000039100647,1776886409.269
-26.52400016784668,-26.159000396728516,-10.305000305175781,1776886409.284
15.182999610900879,-29.389999389648438,27.683000564575195,1776886409.704
41.0369987487793,-26.402000427246094,15.366000175476074,1776886409.729
39.69499969482422,-9.329000473022461,7.195000171661377,1776886409.744
26.219999313354492,-8.597999572753906,0.061000000685453415,1776886409.77
13.232000350952148,-3.109999895095825,-0.8539999723434448,1776886409.784
-19.26799964904785,-4.75600004196167,-4.633999824523926,1776886410.184
-19.634000778198242,-10.182999610900879,-9.390000343322754,1776886410.209
-20.121999740600586,0.6710000038146973,-6.0370001792907715,1776886410.224
-18.292999267578125,-8.659000396728516,1.7680000066757202,1776886410.251
-23.53700065612793,-12.98799991607666,6.889999866485596,1776886410.264
61.097999572753906,-130.427001953125,20.610000610351562,1776886410.704
120.54900360107422,-160.24400329589844,49.87799835205078,1776886410.73
109.14600372314453,-144.63400268554688,77.31700134277344,1776886410.744
113.29299926757812,22.19499969482422,-114.63400268554688,1776886410.769
62.56100082397461,-13.902000427246094,-83.29299926757812,1776886410.784
6.341000080108643,-5.793000221252441,-0.24400000274181366,1776886411.21
4.02400016784668,-3.2929999828338623,0.24400000274181366,1776886411.224
1.9509999752044678,-1.4630000591278076,-0.9760000109672546,1776886411.25
-2.194999933242798,2.194999933242798,-2.378000020980835,1776886411.264
-3.5980000495910645,3.2929999828338623,-1.5850000381469727,1776886411.29
-5.427000045776367,5.060999870300293,-9.390000343322754,1776886411.704
-7.072999954223633,5.793000221252441,-4.389999866485596,1776886411.729
-8.354000091552734,6.585000038146973,-2.621999979019165,1776886411.744
-5.122000217437744,3.5980000495910645,-7.74399995803833,1776886411.771
-1.5850000381469727,2.683000087738037,-8.536999702453613,1776886411.784
-1.2799999713897705,-0.061000000685453415,-2.25600004196167,1776886412.208
0.24400000274181366,1.0980000495910645,-0.9760000109672546,1776886412.224
0.7929999828338623,1.2200000286102295,-2.805000066757202,1776886412.249
0.4880000054836273,0.3659999966621399,-3.4760000705718994,1776886412.264
-0.6100000143051147,15.914999961853027,-1.7680000066757202,1776886412.289
0.061000000685453415,0.3050000071525574,-1.5240000486373901,1776886412.704
0.0,0.3050000071525574,-1.4630000591278076,1776886412.731
-0.061000000685453415,0.3659999966621399,-1.4630000591278076,1776886412.744
0.061000000685453415,0.24400000274181366,-1.5240000486373901,1776886412.769
0.0,0.18299999833106995,-1.4630000591278076,1776886412.784
-1.159000039100647,0.12200000137090683,-4.206999778747559,1776886413.21
0.6100000143051147,0.0,-2.74399995803833,1776886413.224
1.2200000286102295,-1.0980000495910645,-0.3050000071525574,1776886413.25
-1.8899999856948853,1.2200000286102295,-2.74399995803833,1776886413.264
-2.927000045776367,2.438999891281128,-5.48799991607666,1776886413.29
-0.3050000071525574,0.5490000247955322,-1.2799999713897705,1776886413.704
-0.061000000685453415,0.24400000274181366,-1.7070000171661377,1776886413.73
-0.12200000137090683,0.4880000054836273,-1.340999960899353,1776886413.744
0.3659999966621399,-0.061000000685453415,-17.072999954223633,1776886413.769
-0.061000000685453415,0.3659999966621399,-1.340999960899353,1776886413.784
0.061000000685453415,0.18299999833106995,-1.4630000591278076,1776886414.209
-0.061000000685453415,0.18299999833106995,-1.5240000486373901,1776886414.224
0.0,0.18299999833106995,-1.4630000591278076,1776886414.249
0.0,0.24400000274181366,-1.5240000486373901,1776886414.264
0.061000000685453415,0.18299999833106995,-1.4019999504089355,1776886414.296
0.061000000685453415,0.24400000274181366,-1.4019999504089355,1776886414.73
0.0,0.24400000274181366,-1.4630000591278076,1776886414.744
0.0,0.18299999833106995,-1.4630000591278076,1776886414.77
0.0,0.18299999833106995,-1.4019999504089355,1776886414.784
-4.389999866485596,0.8539999723434448,0.3050000071525574,1776886414.81
0.9760000109672546,-1.9509999752044678,0.6100000143051147,1776886415.224
1.8289999961853027,0.12200000137090683,-3.7200000286102295,1776886415.25
-2.25600004196167,1.0980000495910645,-1.7680000066757202,1776886415.264
-0.3050000071525574,2.25600004196167,-1.0369999408721924,1776886415.284
0.6710000038146973,-1.4019999504089355,-1.5850000381469727,1776886415.31
3.8410000801086426,22.621999740600586,-2.194999933242798,1776886415.731
13.170999526977539,11.585000038146973,22.378000259399414,1776886415.744
12.194999694824219,2.316999912261963,29.207000732421875,1776886415.77
-5.48799991607666,-10.244000434875488,20.97599983215332,1776886415.784
-2.316999912261963,11.340999603271484,10.97599983215332,1776886415.81
21.52400016784668,11.159000396728516,0.8539999723434448,1776886416.232
16.219999313354492,3.0490000247955322,35.06100082397461,1776886416.244
-12.5,-26.52400016784668,47.74399948120117,1776886416.271
-22.378000259399414,-39.207000732421875,41.584999084472656,1776886416.287
30.183000564575195,-39.02399826049805,28.110000610351562,1776886416.304
-3.2320001125335693,-3.4149999618530273,2.25600004196167,1776886416.73
0.6100000143051147,2.01200008392334,0.6710000038146973,1776886416.744
-3.0490000247955322,0.24400000274181366,-2.74399995803833,1776886416.769
0.4269999861717224,0.3659999966621399,-2.865999937057495,1776886416.784
0.3659999966621399,-0.12200000137090683,-0.3659999966621399,1776886416.809
4.51200008392334,0.6710000038146973,-2.927000045776367,1776886417.224
4.51200008392334,0.6710000038146973,-2.927000045776367,1776886417.249
4.51200008392334,0.6710000038146973,-2.927000045776367,1776886417.265
-4.206999778747559,-6.21999979019165,0.061000000685453415,1776886417.29
6.585000038146973,-5.854000091552734,-2.74399995803833,1776886417.304
2.378000020980835,-2.134000062942505,-3.5369999408721924,1776886417.73
-1.8289999961853027,-2.134000062942505,1.7680000066757202,1776886417.744
1.4019999504089355,-3.4149999618530273,-3.4149999618530273,1776886417.764
2.561000108718872,-2.683000087738037,-6.0370001792907715,1776886417.79
3.9019999504089355,-3.8410000801086426,-5.122000217437744,1776886417.805
-0.24400000274181366,0.9150000214576721,-0.7319999933242798,1776886418.224
-2.134000062942505,1.9509999752044678,-1.5850000381469727,1776886418.25
-2.134000062942505,1.9509999752044678,-1.5850000381469727,1776886418.264
-2.134000062942505,1.9509999752044678,-1.5850000381469727,1776886418.29
-2.134000062942505,1.9509999752044678,-1.5850000381469727,1776886418.305
-3.7200000286102295,2.378000020980835,-3.5369999408721924,1776886418.744
-0.6100000143051147,1.5850000381469727,-2.805000066757202,1776886418.77
0.4880000054836273,0.0,-7.439000129699707,1776886418.784
-2.134000062942505,1.5240000486373901,-0.3659999966621399,1776886418.812
2.25600004196167,1.159000039100647,-6.21999979019165,1776886418.824
-13.659000396728516,13.048999786376953,-9.633999824523926,1776886419.224
-11.890000343322754,10.914999961853027,-8.170999526977539,1776886419.25
-10.548999786376953,9.329000473022461,-5.73199987411499,1776886419.264
-10.548999786376953,9.329000473022461,-5.73199987411499,1776886419.29
-10.548999786376953,9.329000473022461,-5.73199987411499,1776886419.304
-2.072999954223633,-12.194999694824219,0.4269999861717224,1776886419.73
-5.914999961853027,-12.866000175476074,0.0,1776886419.744
-10.060999870300293,-12.866000175476074,-1.6460000276565552,1776886419.764
-15.793000221252441,-13.659000396728516,-0.5490000247955322,1776886419.793
-15.609999656677246,-14.694999694824219,-1.5850000381469727,1776886419.806
-2.25600004196167,-0.4269999861717224,-5.854000091552734,1776886420.224
0.7319999933242798,-1.159000039100647,-2.378000020980835,1776886420.25
-1.9509999752044678,-2.805000066757202,-2.194999933242798,1776886420.264
15.48799991607666,-1.4630000591278076,-5.97599983215332,1776886420.29
15.48799991607666,-1.4630000591278076,-5.97599983215332,1776886420.304
11.463000297546387,15.609999656677246,-1.9509999752044678,1776886420.752
16.402000427246094,16.402000427246094,6.341000080108643,1776886420.766
17.19499969482422,18.96299934387207,3.9019999504089355,1776886420.787
19.69499969482422,19.207000732421875,1.2200000286102295,1776886420.804
21.280000686645508,20.0,3.3540000915527344,1776886420.83
-0.061000000685453415,0.18299999833106995,-1.5240000486373901,1776886421.25
0.061000000685453415,0.4269999861717224,-1.4019999504089355,1776886421.264
0.0,0.24400000274181366,-1.5850000381469727,1776886421.289
-0.061000000685453415,0.061000000685453415,-1.6460000276565552,1776886421.304
-0.061000000685453415,0.061000000685453415,-1.6460000276565552,1776886421.33
0.0,0.24400000274181366,-1.4630000591278076,1776886421.752
0.0,0.18299999833106995,-1.5850000381469727,1776886421.764
-0.12200000137090683,0.18299999833106995,-1.5240000486373901,1776886421.792
-0.061000000685453415,0.18299999833106995,-1.6460000276565552,1776886421.808
-0.7319999933242798,-0.24400000274181366,-2.01200008392334,1776886421.824
1.5850000381469727,0.4269999861717224,-8.902000427246094,1776886422.25
-2.134000062942505,0.4269999861717224,-4.572999954223633,1776886422.264
2.378000020980835,2.805000066757202,-5.548999786376953,1776886422.29
1.8289999961853027,3.2320001125335693,-2.805000066757202,1776886422.304
2.561000108718872,1.5850000381469727,-5.671000003814697,1776886422.33
1.8289999961853027,8.109999656677246,-12.866000175476074,1776886422.751
0.9760000109672546,4.085000038146973,-18.840999603271484,1776886422.77
-0.18299999833106995,-0.4269999861717224,-17.743999481201172,1776886422.784
-1.0980000495910645,0.7929999828338623,-9.329000473022461,1776886422.811
-6.76800012588501,-1.5850000381469727,-2.316999912261963,1776886422.824
13.354000091552734,-1.8899999856948853,-31.707000732421875,1776886423.25
20.183000564575195,18.47599983215332,-14.02400016784668,1776886423.264
11.951000213623047,13.902000427246094,-8.720000267028809,1776886423.292
18.659000396728516,39.93899917602539,-25.854000091552734,1776886423.306
10.854000091552734,21.280000686645508,-43.9630012512207,1776886423.332
-10.97599983215332,-4.816999912261963,-60.12200164794922,1776886423.775
9.878000259399414,44.084999084472656,-61.584999084472656,1776886423.785
21.340999603271484,30.610000610351562,-87.80500030517578,1776886423.811
22.19499969482422,-12.378000259399414,-49.75600051879883,1776886423.828
8.354000091552734,21.402000427246094,-17.316999435424805,1776886423.844
-8.963000297546387,-8.720000267028809,-9.51200008392334,1776886424.27
-14.085000038146973,-14.694999694824219,-11.097999572753906,1776886424.284
-3.4760000705718994,-6.76800012588501,-8.779999732971191,1776886424.304
1.7070000171661377,-1.159000039100647,-14.572999954223633,1776886424.33
0.7929999828338623,2.072999954223633,-10.732000350952148,1776886424.344
-5.122000217437744,-4.633999824523926,-2.072999954223633,1776886424.77
-2.25600004196167,-1.9509999752044678,-2.25600004196167,1776886424.784
0.9760000109672546,0.9760000109672546,-0.18299999833106995,1776886424.824
2.25600004196167,2.98799991607666,-0.6100000143051147,1776886424.834
1.8289999961853027,1.8899999856948853,-0.6710000038146973,1776886424.845
0.12200000137090683,0.3050000071525574,-1.5240000486373901,1776886425.264
-0.061000000685453415,-0.18299999833106995,-1.5240000486373901,1776886425.29
0.4880000054836273,0.18299999833106995,-2.316999912261963,1776886425.304
0.4269999861717224,0.3659999966621399,-2.316999912261963,1776886425.33
0.18299999833106995,0.6710000038146973,-3.9019999504089355,1776886425.345
0.7319999933242798,-0.4880000054836273,-4.877999782562256,1776886425.764
0.0,0.6100000143051147,-6.889999866485596,1776886425.79
-0.6710000038146973,-0.4269999861717224,-1.7680000066757202,1776886425.806
1.159000039100647,0.8539999723434448,-3.5980000495910645,1776886425.824
2.927000045776367,2.561000108718872,-6.52400016784668,1776886425.844
0.6100000143051147,0.8539999723434448,0.0,1776886426.273
-0.24400000274181366,-0.18299999833106995,-2.683000087738037,1776886426.292
-1.4630000591278076,-1.0980000495910645,-3.5369999408721924,1776886426.304
0.3050000071525574,1.2200000286102295,-16.76799964904785,1776886426.33
8.902000427246094,-0.18299999833106995,-8.47599983215332,1776886426.344
-1.0369999408721924,-1.2799999713897705,-2.5,1776886426.766
0.4269999861717224,0.7319999933242798,-0.3050000071525574,1776886426.792
0.9150000214576721,1.4630000591278076,-1.7680000066757202,1776886426.804
0.5490000247955322,0.4880000054836273,-0.6710000038146973,1776886426.832
-0.12200000137090683,-0.3050000071525574,-1.8289999961853027,1776886426.846
-1.159000039100647,-1.340999960899353,-2.134000062942505,1776886427.264
0.4269999861717224,0.0,-3.0490000247955322,1776886427.29
-0.12200000137090683,0.4269999861717224,-0.12200000137090683,1776886427.304
0.24400000274181366,0.3050000071525574,-1.6460000276565552,1776886427.33
0.12200000137090683,0.0,-1.7680000066757202,1776886427.344
0.0,0.24400000274181366,-1.4630000591278076,1776886427.765
0.061000000685453415,0.3050000071525574,-1.4630000591278076,1776886427.791
0.061000000685453415,0.3050000071525574,-1.340999960899353,1776886427.805
0.061000000685453415,0.12200000137090683,-1.4630000591278076,1776886427.832
0.061000000685453415,0.18299999833106995,-1.4630000591278076,1776886427.844
-14.329000473022461,24.816999435424805,28.23200035095215,1776886428.264
-27.256000518798828,36.097999572753906,32.13399887084961,1776886428.291
-38.231998443603516,56.220001220703125,15.244000434875488,1776886428.304
-37.073001861572266,58.902000427246094,7.072999954223633,1776886428.326
-28.597999572753906,49.63399887084961,-0.6100000143051147,1776886428.352
-35.67100143432617,-12.439000129699707,-20.548999786376953,1776886428.766
-35.06100082397461,-28.354000091552734,-0.9150000214576721,1776886428.786
-25.792999267578125,-30.0,2.316999912261963,1776886428.812
-21.707000732421875,-28.354000091552734,3.4149999618530273,1776886428.824
-32.19499969482422,-14.145999908447266,3.1710000038146973,1776886428.85
-12.927000045776367,6.645999908447266,-4.816999912261963,1776886429.264
4.389999866485596,-4.145999908447266,-4.02400016784668,1776886429.29
3.3540000915527344,6.828999996185303,-3.1710000038146973,1776886429.304
-0.4269999861717224,-1.159000039100647,0.061000000685453415,1776886429.33
2.621999979019165,-3.3540000915527344,-1.159000039100647,1776886429.344
-1.7680000066757202,0.061000000685453415,-5.793000221252441,1776886429.77
-0.4269999861717224,0.7319999933242798,-5.793000221252441,1776886429.784
-0.3050000071525574,0.12200000137090683,-8.779999732971191,1776886429.81
0.6100000143051147,2.378000020980835,-4.877999782562256,1776886429.824
1.2799999713897705,0.4269999861717224,-7.683000087738037,1776886429.85
1.8289999961853027,2.378000020980835,-8.109999656677246,1776886430.268
1.5240000486373901,1.4630000591278076,-9.267999649047852,1776886430.286
-0.3659999966621399,1.4019999504089355,-7.377999782562256,1776886430.312
-1.5850000381469727,0.5490000247955322,-4.695000171661377,1776886430.324
2.621999979019165,1.2799999713897705,-2.438999891281128,1776886430.352
1.340999960899353,2.072999954223633,-16.889999389648438,1776886430.784
0.7929999828338623,1.0369999408721924,-16.645999908447266,1776886430.81
1.6460000276565552,0.5490000247955322,-18.96299934387207,1776886430.824
1.7680000066757202,-0.4269999861717224,-22.072999954223633,1776886430.85
-2.621999979019165,-0.24400000274181366,-38.902000427246094,1776886430.864
8.659000396728516,-6.52400016784668,-39.02399826049805,1776886431.27
-5.24399995803833,-6.28000020980835,-46.340999603271484,1776886431.286
-4.26800012588501,1.2799999713897705,-34.45100021362305,1776886431.311
1.7680000066757202,-2.74399995803833,-25.73200035095215,1776886431.326
-2.865999937057495,-1.9509999752044678,-32.74399948120117,1776886431.346
-11.890000343322754,-26.76799964904785,-72.01200103759766,1776886431.784
-25.915000915527344,-1.7070000171661377,-84.87799835205078,1776886431.81
-7.866000175476074,3.7799999713897705,-71.4020004272461,1776886431.824
15.0,15.427000045776367,-50.18299865722656,1776886431.851
14.267999649047852,-18.415000915527344,-49.38999938964844,1776886431.864
-0.18299999833106995,0.5490000247955322,-1.4630000591278076,1776886432.291
-0.18299999833106995,0.3050000071525574,-1.5850000381469727,1776886432.304
0.0,0.0,-1.0980000495910645,1776886432.331
0.061000000685453415,0.12200000137090683,-1.7680000066757202,1776886432.344
0.0,0.4880000054836273,-1.0980000495910645,1776886432.373
2.01200008392334,0.061000000685453415,-3.2320001125335693,1776886432.792
0.7929999828338623,-1.9509999752044678,2.01200008392334,1776886432.804
2.927000045776367,0.5490000247955322,-2.805000066757202,1776886432.824
2.01200008392334,-3.4760000705718994,-1.6460000276565552,1776886432.85
4.633999824523926,-4.328999996185303,-4.51200008392334,1776886432.864
11.220000267028809,-18.719999313354492,-5.73199987411499,1776886433.284
-2.927000045776367,-36.279998779296875,-15.793000221252441,1776886433.304
-16.82900047302246,-36.584999084472656,-12.98799991607666,1776886433.331
-0.6100000143051147,-21.097999572753906,-4.451000213623047,1776886433.344
8.232000350952148,1.7680000066757202,7.927000045776367,1776886433.37
-13.293000221252441,22.621999740600586,2.561000108718872,1776886433.784
-7.927000045776367,25.121999740600586,-3.2929999828338623,1776886433.81
-7.377999782562256,31.402000427246094,-1.159000039100647,1776886433.824
-18.110000610351562,12.01200008392334,-2.5,1776886433.853
15.854000091552734,-55.854000091552734,-9.755999565124512,1776886433.864
-14.755999565124512,24.572999954223633,-11.340999603271484,1776886434.291
-6.76800012588501,36.768001556396484,-4.26800012588501,1776886434.304
6.951000213623047,-17.072999954223633,-9.572999954223633,1776886434.33
4.572999954223633,0.9760000109672546,-4.572999954223633,1776886434.344
-0.7929999828338623,2.194999933242798,-7.927000045776367,1776886434.373
0.0,0.3050000071525574,-1.4019999504089355,1776886434.784
0.12200000137090683,0.3050000071525574,-1.4630000591278076,1776886434.81
0.0,0.12200000137090683,-1.5850000381469727,1776886434.824
0.0,0.18299999833106995,-1.4630000591278076,1776886434.85
0.0,0.3050000071525574,-1.5240000486373901,1776886434.864
0.0,0.12200000137090683,-1.5240000486373901,1776886435.304
0.0,0.18299999833106995,-1.5240000486373901,1776886435.33
0.0,0.24400000274181366,-1.4630000591278076,1776886435.344
0.0,0.24400000274181366,-1.4630000591278076,1776886435.37
0.061000000685453415,0.24400000274181366,-1.4630000591278076,1776886435.384
0.6710000038146973,0.3050000071525574,-0.9760000109672546,1776886435.784
0.5490000247955322,0.6100000143051147,-2.194999933242798,1776886435.81
0.18299999833106995,0.3659999966621399,-2.25600004196167,1776886435.824
2.194999933242798,1.340999960899353,-3.5369999408721924,1776886435.85
4.51200008392334,5.0,-8.293000221252441,1776886435.864
77.98799896240234,6.828999996185303,6.828999996185303,1776886436.305
61.340999603271484,0.24400000274181366,-5.548999786376953,1776886436.332
38.779998779296875,90.12200164794922,-14.267999649047852,1776886436.344
-12.255999565124512,144.38999938964844,-5.0,1776886436.37
-55.30500030517578,233.96299743652344,-12.927000045776367,1776886436.384
30.06100082397461,31.645999908447266,-10.609999656677246,1776886436.81
22.80500030517578,19.207000732421875,-15.97599983215332,1776886436.824
17.19499969482422,12.5,-12.317000389099121,1776886436.853
12.5,11.402000427246094,0.7929999828338623,1776886436.864
0.4269999861717224,0.4269999861717224,3.9019999504089355,1776886436.89
-0.4880000054836273,-0.061000000685453415,-1.4630000591278076,1776886437.304
0.24400000274181366,0.4880000054836273,-1.5850000381469727,1776886437.331
0.7929999828338623,0.7929999828338623,-1.7680000066757202,1776886437.344
1.4019999504089355,1.5850000381469727,-1.8899999856948853,1776886437.37
1.340999960899353,1.5240000486373901,-1.8899999856948853,1776886437.384
-0.12200000137090683,0.18299999833106995,0.7319999933242798,1776886437.805
-0.12200000137090683,0.18299999833106995,0.7319999933242798,1776886437.831
1.8899999856948853,1.7070000171661377,1.9509999752044678,1776886437.844
0.061000000685453415,-1.4630000591278076,5.97599983215332,1776886437.864
0.24400000274181366,-0.5490000247955322,6.889999866485596,1776886437.892
4.389999866485596,4.02400016784668,5.122000217437744,1776886438.304
3.2320001125335693,5.671000003814697,6.158999919891357,1776886438.331
5.122000217437744,2.072999954223633,5.97599983215332,1776886438.344
2.98799991607666,1.8899999856948853,6.828999996185303,1776886438.37
0.6100000143051147,-6.585000038146973,9.451000213623047,1776886438.384
-6.52400016784668,-3.1710000038146973,14.267999649047852,1776886438.81
-6.52400016784668,-3.1710000038146973,14.267999649047852,1776886438.824
-17.5,2.134000062942505,7.133999824523926,1776886438.85
-3.109999895095825,5.0,15.548999786376953,1776886438.866
1.5850000381469727,-6.828999996185303,24.69499969482422,1776886438.884
5.183000087738037,-18.840999603271484,45.24399948120117,1776886439.313
-28.780000686645508,-25.243999481201172,24.32900047302246,1776886439.324
-15.366000175476074,-10.244000434875488,0.9760000109672546,1776886439.351
-3.109999895095825,-12.866000175476074,8.293000221252441,1776886439.364
15.182999610900879,-13.414999961853027,-5.610000133514404,1776886439.391
5.610000133514404,-2.805000066757202,19.93899917602539,1776886439.81
5.610000133514404,-2.805000066757202,19.93899917602539,1776886439.824
5.610000133514404,-2.805000066757202,19.93899917602539,1776886439.85
0.18299999833106995,0.3659999966621399,5.671000003814697,1776886439.864
-1.8289999961853027,-2.316999912261963,6.706999778747559,1776886439.891
-0.061000000685453415,0.0,-1.4019999504089355,1776886440.304
0.18299999833106995,0.24400000274181366,-1.8289999961853027,1776886440.33
-0.061000000685453415,0.061000000685453415,-1.2799999713897705,1776886440.344
-0.18299999833106995,0.18299999833106995,-1.2799999713897705,1776886440.37
-0.12200000137090683,0.061000000685453415,-1.7070000171661377,1776886440.384
9.755999565124512,-18.17099952697754,4.145999908447266,1776886440.804
19.816999435424805,-73.65899658203125,-47.926998138427734,1776886440.831
54.87799835205078,-68.1709976196289,-7.5,1776886440.846
60.792999267578125,-26.46299934387207,-14.451000213623047,1776886440.872
69.75599670410156,-2.621999979019165,-12.255999565124512,1776886440.884
-97.43900299072266,-27.621999740600586,10.732000350952148,1776886441.304
-66.46299743652344,-10.548999786376953,37.19499969482422,1776886441.334
27.927000045776367,67.01200103759766,86.27999877929688,1776886441.345
157.13400268554688,136.5850067138672,26.219999313354492,1776886441.37
178.29299926757812,109.45099639892578,-4.939000129699707,1776886441.384
36.220001220703125,8.414999961853027,53.597999572753906,1776886441.824
9.329000473022461,-22.5,-19.816999435424805,1776886441.852
-2.683000087738037,13.779999732971191,-47.012001037597656,1776886441.864
13.597999572753906,-16.340999603271484,-17.011999130249023,1776886441.891
13.720000267028809,2.683000087738037,9.51200008392334,1776886441.905
0.0,0.18299999833106995,-1.5850000381469727,1776886442.324
0.061000000685453415,0.3050000071525574,-1.7070000171661377,1776886442.353
0.0,0.24400000274181366,-1.5240000486373901,1776886442.365
0.0,0.24400000274181366,-1.4630000591278076,1776886442.391
0.0,0.18299999833106995,-1.4019999504089355,1776886442.404
0.0,0.3050000071525574,-1.5240000486373901,1776886442.824
0.0,0.24400000274181366,-1.5240000486373901,1776886442.85
0.0,0.24400000274181366,-1.4630000591278076,1776886442.864
0.0,0.18299999833106995,-1.4630000591278076,1776886442.89
-0.061000000685453415,0.18299999833106995,-1.5850000381469727,1776886442.904
-11.52400016784668,29.02400016784668,44.207000732421875,1776886443.33
-24.32900047302246,17.865999221801758,19.572999954223633,1776886443.345
-54.87799835205078,-69.87799835205078,-9.206999778747559,1776886443.371
-49.69499969482422,-83.77999877929688,-26.584999084472656,1776886443.388
-42.62200164794922,85.48799896240234,20.548999786376953,1776886443.406
81.0979995727539,84.572998046875,22.256000518798828,1776886443.832
81.0979995727539,-63.231998443603516,-22.072999954223633,1776886443.845
46.402000427246094,-3.4760000705718994,-6.52400016784668,1776886443.871
10.97599983215332,64.20700073242188,-5.48799991607666,1776886443.887
35.854000091552734,33.47600173950195,-6.828999996185303,1776886443.913
-5.366000175476074,1.340999960899353,1.2799999713897705,1776886444.324
3.3540000915527344,1.8289999961853027,-7.804999828338623,1776886444.351
3.4760000705718994,-0.7319999933242798,-1.8899999856948853,1776886444.367
-3.109999895095825,0.3050000071525574,3.5369999408721924,1776886444.393
3.7799999713897705,0.9760000109672546,-3.2320001125335693,1776886444.404
0.0,0.12200000137090683,-1.4019999504089355,1776886444.824
0.0,0.24400000274181366,-1.5240000486373901,1776886444.85
-0.061000000685453415,0.3659999966621399,-1.4630000591278076,1776886444.864
0.0,0.18299999833106995,-1.2799999713897705,1776886444.891
0.061000000685453415,0.24400000274181366,-1.5850000381469727,1776886444.904
-0.3659999966621399,1.8289999961853027,-7.622000217437744,1776886445.33
2.378000020980835,-1.0980000495910645,-19.084999084472656,1776886445.344
-0.061000000685453415,1.4630000591278076,-17.743999481201172,1776886445.372
-0.18299999833106995,-1.0369999408721924,-8.536999702453613,1776886445.384
-1.8289999961853027,1.159000039100647,-12.255999565124512,1776886445.41
-1.7680000066757202,4.389999866485596,-8.232000350952148,1776886445.824
4.695000171661377,-2.865999937057495,-21.159000396728516,1776886445.85
-0.12200000137090683,-2.194999933242798,-24.145999908447266,1776886445.864
-3.7200000286102295,-0.061000000685453415,1.5240000486373901,1776886445.89
6.158999919891357,-7.439000129699707,31.707000732421875,1776886445.905
-0.18299999833106995,0.24400000274181366,-1.159000039100647,1776886446.344
0.0,0.3050000071525574,-1.4019999504089355,1776886446.371
0.18299999833106995,0.24400000274181366,-1.4630000591278076,1776886446.385
-0.061000000685453415,0.24400000274181366,-1.4630000591278076,1776886446.41
-0.18299999833106995,0.3050000071525574,-1.2799999713897705,1776886446.424
-3.4760000705718994,-3.9019999504089355,1.5240000486373901,1776886446.85
1.2799999713897705,1.4630000591278076,-0.18299999833106995,1776886446.866
5.914999961853027,-5.73199987411499,-3.7200000286102295,1776886446.884
-2.316999912261963,-4.206999778747559,-4.877999782562256,1776886446.91
-4.145999908447266,7.133999824523926,-2.378000020980835,1776886446.925
-5.060999870300293,-2.5,-2.5,1776886447.345
2.927000045776367,5.427000045776367,0.7319999933242798,1776886447.37
-2.438999891281128,-3.5980000495910645,-2.194999933242798,1776886447.384
-1.0369999408721924,-1.5240000486373901,-6.28000020980835,1776886447.41
1.4630000591278076,5.122000217437744,0.7319999933242798,1776886447.424
1.0369999408721924,-1.340999960899353,1.8899999856948853,1776886447.825
-0.12200000137090683,-0.8539999723434448,-6.341000080108643,1776886447.85
-0.8539999723434448,0.6710000038146973,1.0980000495910645,1776886447.865
0.7929999828338623,0.0,-4.51200008392334,1776886447.891
0.9760000109672546,2.25600004196167,-11.402000427246094,1776886447.905
-0.18299999833106995,-0.24400000274181366,-0.6100000143051147,1776886448.345
0.6100000143051147,-0.6710000038146973,-6.889999866485596,1776886448.37
0.4269999861717224,0.3659999966621399,-5.122000217437744,1776886448.385
-0.9760000109672546,-0.24400000274181366,-8.354000091552734,1776886448.411
2.865999937057495,-0.5490000247955322,-13.963000297546387,1776886448.425
2.927000045776367,2.438999891281128,-46.097999572753906,1776886448.85
-5.671000003814697,-6.28000020980835,-26.82900047302246,1776886448.866
1.5850000381469727,-4.695000171661377,-50.0,1776886448.885
2.927000045776367,3.1710000038146973,-19.32900047302246,1776886448.91
-2.316999912261963,0.5490000247955322,-58.597999572753906,1776886448.926
-0.9150000214576721,-2.378000020980835,-40.854000091552734,1776886449.345
-1.4019999504089355,1.5850000381469727,-27.988000869750977,1776886449.37
-0.5490000247955322,1.340999960899353,-47.43899917602539,1776886449.385
3.2320001125335693,-3.2929999828338623,-47.74399948120117,1776886449.41
-6.951000213623047,2.683000087738037,-43.659000396728516,1776886449.426
-14.390000343322754,12.927000045776367,-63.597999572753906,1776886449.852
11.402000427246094,-0.5490000247955322,-25.30500030517578,1776886449.865
-12.194999694824219,-1.2200000286102295,-66.52400207519531,1776886449.89
0.6100000143051147,8.109999656677246,-23.719999313354492,1776886449.905
10.670999526977539,-2.98799991607666,-8.659000396728516,1776886449.931
-0.24400000274181366,0.12200000137090683,-1.159000039100647,1776886450.345
0.18299999833106995,0.5490000247955322,-1.6460000276565552,1776886450.37
0.18299999833106995,0.3050000071525574,-1.5240000486373901,1776886450.385
-0.061000000685453415,0.061000000685453415,-1.5240000486373901,1776886450.411
-0.18299999833106995,0.18299999833106995,-1.2200000286102295,1776886450.425
0.061000000685453415,0.24400000274181366,-1.5240000486373901,1776886450.846
0.0,0.18299999833106995,-1.4630000591278076,1776886450.872
-0.061000000685453415,0.24400000274181366,-1.5240000486373901,1776886450.885
0.061000000685453415,0.24400000274181366,-1.4019999504089355,1776886450.913
0.0,0.24400000274181366,-1.6460000276565552,1776886450.926
-2.25600004196167,-1.7680000066757202,2.683000087738037,1776886451.345
4.328999996185303,6.951000213623047,0.061000000685453415,1776886451.365
-2.072999954223633,-4.206999778747559,-0.18299999833106995,1776886451.392
2.74399995803833,-14.02400016784668,-1.2799999713897705,1776886451.405
-4.572999954223633,4.206999778747559,0.6100000143051147,1776886451.431
-0.4880000054836273,-5.97599983215332,1.9509999752044678,1776886451.845
-0.9150000214576721,5.610000133514404,-0.3050000071525574,1776886451.872
2.561000108718872,-6.158999919891357,-2.25600004196167,1776886451.887
-5.671000003814697,-6.52400016784668,0.4880000054836273,1776886451.913
-6.52400016784668,-0.7929999828338623,-0.5490000247955322,1776886451.925
-3.109999895095825,-1.159000039100647,-2.25600004196167,1776886452.345
1.159000039100647,0.9150000214576721,-4.085000038146973,1776886452.37
0.8539999723434448,1.0369999408721924,-7.133999824523926,1776886452.385
-1.4630000591278076,-1.0980000495910645,-2.194999933242798,1776886452.413
-2.25600004196167,-0.8539999723434448,-2.5,1776886452.425
-0.6710000038146973,-2.927000045776367,-28.96299934387207,1776886452.846
-0.8539999723434448,1.8289999961853027,-15.97599983215332,1776886452.872
-0.8539999723434448,-2.5,-36.584999084472656,1776886452.885
-1.6460000276565552,1.0369999408721924,-22.011999130249023,1776886452.91
0.3659999966621399,-0.8539999723434448,-29.145999908447266,1776886452.926
0.3659999966621399,-3.3540000915527344,-52.68299865722656,1776886453.351
-1.8899999856948853,2.378000020980835,-31.219999313354492,1776886453.365
-3.6589999198913574,0.7319999933242798,-52.13399887084961,1776886453.393
3.9019999504089355,0.12200000137090683,-35.67100143432617,1776886453.406
4.75600004196167,4.877999782562256,-29.32900047302246,1776886453.425
6.4019999504089355,2.134000062942505,-20.915000915527344,1776886453.865
1.2200000286102295,5.366000175476074,-35.0,1776886453.891
-1.5850000381469727,-4.633999824523926,-70.12200164794922,1776886453.905
1.9509999752044678,5.24399995803833,-20.792999267578125,1776886453.93
-4.939000129699707,-5.183000087738037,-61.4630012512207,1776886453.945
0.061000000685453415,0.12200000137090683,1.9509999752044678,1776886454.366
0.0,-0.24400000274181366,-2.01200008392334,1776886454.385
0.061000000685453415,0.6100000143051147,-3.6589999198913574,1776886454.411
-0.3659999966621399,0.18299999833106995,0.061000000685453415,1776886454.425
0.061000000685453415,-0.24400000274181366,-2.438999891281128,1776886454.452
-1.2799999713897705,-0.7319999933242798,0.9760000109672546,1776886454.865
3.109999895095825,0.7929999828338623,0.4269999861717224,1776886454.89
-0.9760000109672546,-0.18299999833106995,-1.2200000286102295,1776886454.905
0.5490000247955322,1.0369999408721924,-10.0,1776886454.931
1.0369999408721924,2.01200008392334,-9.51200008392334,1776886454.945
-3.6589999198913574,-0.24400000274181366,-4.75600004196167,1776886455.371
15.060999870300293,-0.3659999966621399,-0.5490000247955322,1776886455.385
2.865999937057495,-0.5490000247955322,-3.5980000495910645,1776886455.411
-3.1710000038146973,7.74399995803833,-2.438999891281128,1776886455.425
0.6710000038146973,-5.73199987411499,-0.24400000274181366,1776886455.451
-3.7799999713897705,2.5,4.572999954223633,1776886455.867
3.8410000801086426,2.01200008392334,-0.12200000137090683,1776886455.892
-4.26800012588501,-5.97599983215332,14.02400016784668,1776886455.905
-10.854000091552734,0.5490000247955322,1.9509999752044678,1776886455.933
9.817000389099121,12.439000129699707,0.9760000109672546,1776886455.945
-0.4880000054836273,0.6100000143051147,-2.072999954223633,1776886456.366
-0.9760000109672546,-0.3050000071525574,-2.98799991607666,1776886456.392
0.18299999833106995,0.9150000214576721,-1.4019999504089355,1776886456.405
1.159000039100647,1.2799999713897705,6.21999979019165,1776886456.432
1.8289999961853027,-0.6710000038146973,9.329000473022461,1776886456.449
0.7319999933242798,0.6100000143051147,8.414999961853027,1776886456.873
-1.5850000381469727,-1.9509999752044678,11.52400016784668,1776886456.886
1.0369999408721924,-0.7929999828338623,15.48799991607666,1776886456.905
2.378000020980835,3.4149999618530273,12.744000434875488,1776886456.931
-2.25600004196167,-3.7799999713897705,28.23200035095215,1776886456.945
11.159000396728516,6.76800012588501,31.584999084472656,1776886457.37
17.683000564575195,6.52400016784668,29.511999130249023,1776886457.385
-14.451000213623047,-12.378000259399414,27.927000045776367,1776886457.411
19.389999389648438,5.060999870300293,31.707000732421875,1776886457.425
18.47599983215332,8.779999732971191,38.11000061035156,1776886457.457
0.4269999861717224,-0.24400000274181366,-0.9150000214576721,1776886457.874
-0.24400000274181366,-0.7319999933242798,-0.18299999833106995,1776886457.886
-0.18299999833106995,0.24400000274181366,-2.621999979019165,1776886457.907
0.0,0.7319999933242798,0.12200000137090683,1776886457.926
0.12200000137090683,-0.4880000054836273,-1.5850000381469727,1776886457.952
1.4630000591278076,2.927000045776367,0.4269999861717224,1776886458.385
-0.9150000214576721,9.329000473022461,0.0,1776886458.413
-3.4149999618530273,-2.5,-3.4149999618530273,1776886458.425
-0.24400000274181366,-4.51200008392334,-1.9509999752044678,1776886458.451
-2.5,-0.3050000071525574,-0.18299999833106995,1776886458.465
-2.74399995803833,-3.7799999713897705,-0.6710000038146973,1776886458.865
8.840999603271484,13.47599983215332,-1.2200000286102295,1776886458.891
-3.5980000495910645,9.329000473022461,-4.572999954223633,1776886458.905
0.18299999833106995,-5.366000175476074,-1.7680000066757202,1776886458.933
7.25600004196167,-5.122000217437744,-4.02400016784668,1776886458.945
3.8410000801086426,14.633999824523926,-1.5240000486373901,1776886459.378
-6.889999866485596,-7.072999954223633,-0.24400000274181366,1776886459.388
4.633999824523926,-6.28000020980835,-0.12200000137090683,1776886459.406
-1.0369999408721924,3.9019999504089355,2.865999937057495,1776886459.432
-3.6589999198913574,2.378000020980835,-2.621999979019165,1776886459.445
-0.4880000054836273,-6.341000080108643,0.4880000054836273,1776886459.886
-4.145999908447266,-7.072999954223633,2.805000066757202,1776886459.912
7.560999870300293,2.98799991607666,0.4880000054836273,1776886459.925
-2.621999979019165,7.195000171661377,-2.683000087738037,1776886459.945
1.4630000591278076,-2.805000066757202,-0.8539999723434448,1776886459.971
-1.4019999504089355,0.18299999833106995,5.427000045776367,1776886460.393
2.927000045776367,0.9760000109672546,-1.4019999504089355,1776886460.405
-0.18299999833106995,0.3659999966621399,-8.720000267028809,1776886460.431
0.0,-2.316999912261963,-1.2200000286102295,1776886460.445
-0.18299999833106995,1.6460000276565552,-1.5850000381469727,1776886460.471
3.2320001125335693,-2.134000062942505,-24.878000259399414,1776886460.891
2.194999933242798,0.12200000137090683,-23.96299934387207,1776886460.905
1.5240000486373901,-0.8539999723434448,-15.914999961853027,1776886460.931
-3.7799999713897705,2.194999933242798,-17.743999481201172,1776886460.945
0.4880000054836273,2.98799991607666,-13.597999572753906,1776886460.965
5.854000091552734,-3.4760000705718994,-25.854000091552734,1776886461.392
-2.134000062942505,8.720000267028809,-27.5,1776886461.406
4.939000129699707,-4.145999908447266,-18.597999572753906,1776886461.432
-14.572999954223633,-6.0980000495910645,-58.292999267578125,1776886461.445
6.21999979019165,-2.072999954223633,-23.17099952697754,1776886461.471
0.7319999933242798,10.854000091552734,-28.659000396728516,1776886461.886
0.7319999933242798,10.854000091552734,-28.659000396728516,1776886461.912
-7.072999954223633,4.26800012588501,-48.902000427246094,1776886461.925
10.305000305175781,3.8410000801086426,-29.878000259399414,1776886461.952
-1.7070000171661377,-6.52400016784668,-33.231998443603516,1776886461.966
4.145999908447266,5.610000133514404,-28.47599983215332,1776886462.386
-10.366000175476074,-3.4149999618530273,-61.220001220703125,1776886462.411
-4.085000038146973,9.206999778747559,-35.67100143432617,1776886462.425
13.902000427246094,-13.048999786376953,-12.744000434875488,1776886462.451
-13.779999732971191,-1.0369999408721924,-24.26799964904785,1776886462.465
-0.12200000137090683,0.3659999966621399,-1.2799999713897705,1776886462.885
-0.12200000137090683,0.3659999966621399,-1.2799999713897705,1776886462.914
0.0,0.24400000274181366,-1.340999960899353,1776886462.928
0.0,0.3659999966621399,-1.340999960899353,1776886462.945
0.0,0.061000000685453415,-1.5240000486373901,1776886462.965
1.8289999961853027,6.341000080108643,3.7799999713897705,1776886463.391
-3.109999895095825,0.12200000137090683,2.683000087738037,1776886463.408
0.4269999861717224,1.159000039100647,-0.4880000054836273,1776886463.425
-1.7070000171661377,-4.328999996185303,-4.633999824523926,1776886463.451
-3.109999895095825,1.9509999752044678,-2.25600004196167,1776886463.465
72.25599670410156,9.817000389099121,12.927000045776367,1776886463.913
72.25599670410156,9.817000389099121,12.927000045776367,1776886463.925
81.22000122070312,37.13399887084961,-0.12200000137090683,1776886463.951
82.37799835205078,61.82899856567383,-3.1710000038146973,1776886463.966
45.426998138427734,-21.219999313354492,-12.5,1776886463.986
1.7680000066757202,5.914999961853027,-31.889999389648438,1776886464.385
-4.328999996185303,50.426998138427734,-4.75600004196167,1776886464.412
-16.645999908447266,43.720001220703125,-23.110000610351562,1776886464.425
-12.072999954223633,61.097999572753906,-1.4019999504089355,1776886464.456
-16.951000213623047,-1.8899999856948853,-18.47599983215332,1776886464.467
-4.816999912261963,0.0,-0.3659999966621399,1776886464.913
-4.816999912261963,0.0,-0.3659999966621399,1776886464.926
0.7319999933242798,-0.9760000109672546,-1.2799999713897705,1776886464.952
0.7319999933242798,0.6710000038146973,-1.9509999752044678,1776886464.965
-0.3050000071525574,0.6100000143051147,-1.159000039100647,1776886464.985
0.3050000071525574,0.12200000137090683,-1.340999960899353,1776886465.411
3.4149999618530273,-3.8410000801086426,7.01200008392334,1776886465.425
-5.48799991607666,4.633999824523926,13.659000396728516,1776886465.445
-5.48799991607666,4.633999824523926,13.659000396728516,1776886465.474
-5.48799991607666,4.633999824523926,13.659000396728516,1776886465.487
7.74399995803833,-10.854000091552734,32.37799835205078,1776886465.913
11.159000396728516,-2.683000087738037,42.80500030517578,1776886465.925
10.060999870300293,12.805000305175781,11.767999649047852,1776886465.951
1.6460000276565552,15.244000434875488,9.817000389099121,1776886465.968
-2.5,13.293000221252441,21.159000396728516,1776886465.985
16.219999313354492,3.3540000915527344,4.389999866485596,1776886466.411
2.683000087738037,8.902000427246094,19.634000778198242,1776886466.425
-9.390000343322754,-7.072999954223633,20.854000091552734,1776886466.451
-9.390000343322754,-7.072999954223633,20.854000091552734,1776886466.465
-9.390000343322754,-7.072999954223633,20.854000091552734,1776886466.492
-4.572999954223633,9.451000213623047,-9.633999824523926,1776886466.905
1.2799999713897705,8.902000427246094,-5.304999828338623,1776886466.931
-1.159000039100647,2.683000087738037,1.4630000591278076,1776886466.945
-4.633999824523926,6.28000020980835,0.6100000143051147,1776886466.971
-2.25600004196167,0.6710000038146973,-3.4149999618530273,1776886466.985
-0.5490000247955322,0.3659999966621399,-2.927000045776367,1776886467.412
0.18299999833106995,-1.2200000286102295,-2.378000020980835,1776886467.425
0.0,0.6710000038146973,1.9509999752044678,1776886467.445
0.0,0.6710000038146973,1.9509999752044678,1776886467.471
0.0,0.6710000038146973,1.9509999752044678,1776886467.486
17.56100082397461,51.220001220703125,-5.060999870300293,1776886467.905
22.80500030517578,53.415000915527344,-21.584999084472656,1776886467.931
56.707000732421875,68.96299743652344,-23.415000915527344,1776886467.945
-8.720000267028809,-10.670999526977539,-19.816999435424805,1776886467.971
-5.427000045776367,-7.804999828338623,-12.439000129699707,1776886467.985
21.46299934387207,13.779999732971191,5.427000045776367,1776886468.412
15.244000434875488,52.19499969482422,9.145999908447266,1776886468.425
37.56100082397461,54.512001037597656,1.4630000591278076,1776886468.451
69.63400268554688,52.5,-13.232000350952148,1776886468.466
85.54900360107422,-14.817000389099121,-9.085000038146973,1776886468.492
1.4019999504089355,0.0,-3.109999895095825,1776886468.905
0.3659999966621399,0.6710000038146973,0.4880000054836273,1776886468.931
-0.3050000071525574,-0.3659999966621399,-1.0980000495910645,1776886468.945
0.0,0.3659999966621399,-0.7319999933242798,1776886468.974
-0.7319999933242798,0.5490000247955322,-0.061000000685453415,1776886468.985
4.26800012588501,-0.4880000054836273,28.354000091552734,1776886469.425
-1.0980000495910645,7.01200008392334,29.207000732421875,1776886469.452
-19.756000518798828,-10.121999740600586,6.0370001792907715,1776886469.465
8.659000396728516,4.26800012588501,17.988000869750977,1776886469.49
-12.378000259399414,0.6710000038146973,29.26799964904785,1776886469.505
-30.97599983215332,-16.707000732421875,42.37799835205078,1776886469.927
10.0,0.0,30.854000091552734,1776886469.953
5.671000003814697,-3.9019999504089355,47.5,1776886469.966
-31.76799964904785,-1.0369999408721924,33.840999603271484,1776886469.992
13.720000267028809,2.194999933242798,32.74399948120117,1776886470.005
-0.9760000109672546,0.5490000247955322,-0.8539999723434448,1776886470.405
-0.24400000274181366,0.12200000137090683,1.2799999713897705,1776886470.431
-0.3050000071525574,-0.3659999966621399,-4.939000129699707,1776886470.448
1.5240000486373901,0.5490000247955322,0.7319999933242798,1776886470.465
-0.7319999933242798,-0.18299999833106995,-2.316999912261963,1776886470.485
2.683000087738037,0.18299999833106995,-3.5980000495910645,1776886470.928
-2.01200008392334,1.0980000495910645,-8.659000396728516,1776886470.954
-0.9760000109672546,-2.194999933242798,-7.439000129699707,1776886470.965
-2.438999891281128,-1.9509999752044678,-2.438999891281128,1776886470.991
2.316999912261963,-3.7200000286102295,-1.0980000495910645,1776886471.006
-4.085000038146973,3.1710000038146973,0.6100000143051147,1776886471.933
-3.0490000247955322,2.438999891281128,-8.597999572753906,1776886471.945
6.0980000495910645,7.072999954223633,-6.158999919891357,1776886471.971
-20.610000610351562,-5.610000133514404,9.51200008392334,1776886471.985
2.316999912261963,-4.451000213623047,-2.194999933242798,1776886472.014
-0.3659999966621399,-1.7680000066757202,-2.683000087738037,1776886472.436
-2.683000087738037,0.9150000214576721,-0.7929999828338623,1776886472.447
-0.12200000137090683,-0.3659999966621399,0.3659999966621399,1776886472.473
1.0369999408721924,2.865999937057495,-3.1710000038146973,1776886472.485
-1.6460000276565552,0.3050000071525574,0.8539999723434448,1776886472.512
-13.720000267028809,2.561000108718872,2.865999937057495,1776886472.945
-2.621999979019165,1.0369999408721924,1.5240000486373901,1776886472.971
-1.340999960899353,-0.3050000071525574,0.24400000274181366,1776886472.985
-0.061000000685453415,-0.24400000274181366,0.4880000054836273,1776886473.012
0.6100000143051147,-0.6710000038146973,1.0980000495910645,1776886473.025
3.1710000038146973,-0.6710000038146973,36.707000732421875,1776886473.446
-3.7200000286102295,5.427000045776367,43.354000091552734,1776886473.472
-1.9509999752044678,-2.438999891281128,36.0369987487793,1776886473.486
-6.21999979019165,7.927000045776367,46.0369987487793,1776886473.512
-12.927000045776367,-8.354000091552734,13.597999572753906,1776886473.525
-13.232000350952148,-0.9150000214576721,1.0369999408721924,1776886473.945
-4.26800012588501,-3.5980000495910645,-0.24400000274181366,1776886473.972
0.7929999828338623,-0.3050000071525574,-3.2929999828338623,1776886473.985
0.4880000054836273,-13.414999961853027,-0.3050000071525574,1776886474.014
-1.159000039100647,-0.18299999833106995,2.927000045776367,1776886474.025
1.2799999713897705,2.194999933242798,-6.28000020980835,1776886474.449
-2.01200008392334,-0.4269999861717224,-4.75600004196167,1776886474.465
0.6100000143051147,0.4269999861717224,-0.7319999933242798,1776886474.495
-1.8289999961853027,0.4880000054836273,-7.316999912261963,1776886474.506
-0.18299999833106995,1.340999960899353,-3.1710000038146973,1776886474.531
-5.427000045776367,0.3659999966621399,-34.268001556396484,1776886474.945
4.695000171661377,4.816999912261963,-19.02400016784668,1776886474.979
-8.232000350952148,5.793000221252441,-42.43899917602539,1776886474.998
2.25600004196167,3.2320001125335693,-26.82900047302246,1776886475.009
7.25600004196167,0.6710000038146973,-30.67099952697754,1776886475.025
-4.695000171661377,-3.9630000591278076,-66.46299743652344,1776886475.446
5.183000087738037,-0.7929999828338623,-27.5,1776886475.474
-1.9509999752044678,-3.7200000286102295,-54.145999908447266,1776886475.486
-3.7200000286102295,-0.5490000247955322,-56.645999908447266,1776886475.512
-5.060999870300293,2.378000020980835,-40.67100143432617,1776886475.525
-8.47599983215332,-3.1710000038146973,-15.609999656677246,1776886475.971
-3.5369999408721924,7.316999912261963,-21.76799964904785,1776886475.985
5.854000091552734,-1.5850000381469727,-24.93899917602539,1776886476.005
-6.341000080108643,-0.6710000038146973,-21.219999313354492,1776886476.034
5.548999786376953,5.73199987411499,-28.840999603271484,1776886476.046
5.060999870300293,0.3659999966621399,-21.52400016784668,1776886476.465
4.877999782562256,-6.341000080108643,-63.902000427246094,1776886476.496
-5.122000217437744,9.572999954223633,-27.5,1776886476.506
-0.7929999828338623,-3.7799999713897705,-34.02399826049805,1776886476.532
-5.48799991607666,3.9019999504089355,-69.51200103759766,1776886476.545
-7.01200008392334,1.4019999504089355,-61.707000732421875,1776886477.472
2.74399995803833,4.389999866485596,-31.159000396728516,1776886477.486
-3.6589999198913574,-1.0369999408721924,-50.915000915527344,1776886477.512
-4.145999908447266,4.695000171661377,-47.13399887084961,1776886477.525
15.366000175476074,10.48799991607666,-24.511999130249023,1776886477.551
-0.3050000071525574,-3.7799999713897705,-1.159000039100647,1776886477.973
-14.267999649047852,-1.159000039100647,-10.305000305175781,1776886477.985
-0.061000000685453415,-0.4880000054836273,-1.2799999713897705,1776886478.005
-1.8899999856948853,-0.4880000054836273,3.6589999198913574,1776886478.032
-0.7929999828338623,-0.3659999966621399,-15.548999786376953,1776886478.046
-0.061000000685453415,0.24400000274181366,-1.5850000381469727,1776886478.465
0.0,0.3050000071525574,-1.4630000591278076,1776886478.485
-0.061000000685453415,0.24400000274181366,-1.5240000486373901,1776886478.511
0.0,0.24400000274181366,-1.340999960899353,1776886478.526
1.159000039100647,0.061000000685453415,0.0,1776886478.552
-5.24399995803833,-0.4880000054836273,0.4269999861717224,1776886478.966
0.7319999933242798,-3.2929999828338623,-2.134000062942505,1776886478.992
8.293000221252441,-0.4880000054836273,0.061000000685453415,1776886479.006
1.4019999504089355,-8.536999702453613,0.8539999723434448,1776886479.032
-0.5490000247955322,-1.5240000486373901,2.25600004196167,1776886479.045
3.0490000247955322,5.793000221252441,-0.24400000274181366,1776886479.471
-2.74399995803833,-4.75600004196167,0.9150000214576721,1776886479.487
1.9509999752044678,0.7319999933242798,1.159000039100647,1776886479.513
-0.3050000071525574,6.645999908447266,-5.427000045776367,1776886479.525
4.939000129699707,-2.438999891281128,-2.805000066757202,1776886479.552
6.52400016784668,4.75600004196167,-0.5490000247955322,1776886479.985
24.26799964904785,11.463000297546387,-1.4019999504089355,1776886480.011
-16.645999908447266,-8.963000297546387,-11.279999732971191,1776886480.025
5.0,0.24400000274181366,2.927000045776367,1776886480.052
7.927000045776367,0.8539999723434448,-2.194999933242798,1776886480.065
0.9150000214576721,0.9760000109672546,-2.134000062942505,1776886480.472
-0.6100000143051147,0.5490000247955322,2.378000020980835,1776886480.485
0.5490000247955322,-0.061000000685453415,0.12200000137090683,1776886480.505
-0.061000000685453415,0.3659999966621399,-2.01200008392334,1776886480.535
2.072999954223633,0.5490000247955322,-0.9760000109672546,1776886480.546
-3.7799999713897705,-0.3659999966621399,5.73199987411499,1776886480.993
2.927000045776367,-4.75600004196167,30.243999481201172,1776886481.008
-11.829000473022461,2.25600004196167,12.927000045776367,1776886481.025
0.12200000137090683,-2.927000045776367,32.80500030517578,1776886481.052
-8.109999656677246,4.26800012588501,18.53700065612793,1776886481.066
-16.219999313354492,3.3540000915527344,27.43899917602539,1776886481.486
-12.317000389099121,-5.060999870300293,34.084999084472656,1776886481.512
12.744000434875488,8.963000297546387,31.707000732421875,1776886481.525
-19.389999389648438,-9.145999908447266,35.18299865722656,1776886481.553
-10.305000305175781,-3.4760000705718994,36.52399826049805,1776886481.566
-4.633999824523926,1.2799999713897705,14.572999954223633,1776886481.968
0.8539999723434448,-2.438999891281128,26.280000686645508,1776886481.994
-0.6710000038146973,2.683000087738037,9.145999908447266,1776886482.005
0.9150000214576721,-2.25600004196167,26.584999084472656,1776886482.031
2.5,2.072999954223633,15.914999961853027,1776886482.046
-0.24400000274181366,-0.061000000685453415,-0.9760000109672546,1776886482.485
-0.12200000137090683,0.18299999833106995,-1.7680000066757202,1776886482.512
-0.061000000685453415,0.3050000071525574,-1.5240000486373901,1776886482.526
15.793000221252441,0.24400000274181366,-1.4630000591278076,1776886482.553
0.9150000214576721,0.061000000685453415,-2.561000108718872,1776886482.565
-1.159000039100647,6.4019999504089355,-3.4760000705718994,1776886482.993
-3.4760000705718994,-3.1710000038146973,0.4269999861717224,1776886483.014
0.8539999723434448,-10.0,-1.2200000286102295,1776886483.025
-0.5490000247955322,6.585000038146973,-2.5,1776886483.053
0.8539999723434448,10.793000221252441,-5.122000217437744,1776886483.066
-0.4880000054836273,0.6710000038146973,-1.2200000286102295,1776886483.486
-4.939000129699707,-1.340999960899353,-0.18299999833106995,1776886483.512
-0.4880000054836273,-2.621999979019165,1.7680000066757202,1776886483.525
-0.6710000038146973,3.9019999504089355,-3.5369999408721924,1776886483.551
1.2799999713897705,-13.354000091552734,-0.8539999723434448,1776886483.565
0.7319999933242798,-1.0980000495910645,11.036999702453613,1776886483.993
1.8289999961853027,0.4269999861717224,8.109999656677246,1776886484.006
-1.7070000171661377,-3.1710000038146973,9.633999824523926,1776886484.032
1.4019999504089355,-1.2799999713897705,5.914999961853027,1776886484.046
-4.389999866485596,-3.5369999408721924,5.48799991607666,1776886484.072
-0.9150000214576721,0.5490000247955322,1.5850000381469727,1776886484.491
-0.9150000214576721,0.5490000247955322,1.5850000381469727,1776886484.506
-0.9150000214576721,0.5490000247955322,1.5850000381469727,1776886484.533
0.24400000274181366,-0.3050000071525574,-0.7929999828338623,1776886484.545
-1.0980000495910645,0.3659999966621399,1.0369999408721924,1776886484.565
-14.085000038146973,-10.548999786376953,13.232000350952148,1776886484.993
13.597999572753906,7.98799991607666,21.76799964904785,1776886485.006
-14.939000129699707,-8.47599983215332,20.427000045776367,1776886485.032
-1.8289999961853027,-3.9630000591278076,9.51200008392334,1776886485.045
3.9019999504089355,2.621999979019165,23.110000610351562,1776886485.071
4.206999778747559,13.414999961853027,15.670999526977539,1776886485.486
4.206999778747559,13.414999961853027,15.670999526977539,1776886485.512
4.206999778747559,13.414999961853027,15.670999526977539,1776886485.525
-27.621999740600586,-19.207000732421875,25.0,1776886485.555
21.219999313354492,16.951000213623047,31.82900047302246,1776886485.566
2.805000066757202,0.4269999861717224,-0.9150000214576721,1776886486.005
2.805000066757202,0.4269999861717224,4.02400016784668,1776886486.031
-1.5240000486373901,1.8289999961853027,-1.9509999752044678,1776886486.046
-1.5240000486373901,1.8289999961853027,-1.9509999752044678,1776886486.072
-1.5240000486373901,1.8289999961853027,-1.9509999752044678,1776886486.085
2.134000062942505,-8.963000297546387,-3.109999895095825,1776886486.491
-4.26800012588501,10.793000221252441,0.12200000137090683,1776886486.505
5.548999786376953,1.6460000276565552,-4.145999908447266,1776886486.532
0.7929999828338623,-12.439000129699707,-7.25600004196167,1776886486.546
2.621999979019165,-2.805000066757202,-1.2200000286102295,1776886486.58
1.159000039100647,13.840999603271484,-4.51200008392334,1776886487.012
2.01200008392334,5.122000217437744,-5.73199987411499,1776886487.028
1.5850000381469727,11.097999572753906,0.24400000274181366,1776886487.045
1.5850000381469727,11.097999572753906,0.24400000274181366,1776886487.072
1.5850000381469727,11.097999572753906,0.24400000274181366,1776886487.086
0.5490000247955322,0.4269999861717224,-5.24399995803833,1776886487.513
-1.7680000066757202,-1.2200000286102295,-8.47599983215332,1776886487.525
2.072999954223633,0.18299999833106995,-2.5,1776886487.551
-2.316999912261963,0.7929999828338623,-1.2799999713897705,1776886487.569
0.5490000247955322,0.4269999861717224,-0.18299999833106995,1776886487.586
2.194999933242798,-5.122000217437744,-38.720001220703125,1776886488.512
8.902000427246094,0.061000000685453415,-12.194999694824219,1776886488.527
7.01200008392334,-1.9509999752044678,-24.32900047302246,1776886488.554
-11.340999603271484,-1.0980000495910645,-48.840999603271484,1776886488.566
9.02400016784668,-0.3050000071525574,-21.951000213623047,1776886488.592
0.12200000137090683,1.340999960899353,5.73199987411499,1776886489.505
-0.8539999723434448,-2.01200008392334,-0.3659999966621399,1776886489.531
2.01200008392334,0.24400000274181366,-4.145999908447266,1776886489.545
3.9630000591278076,-2.438999891281128,-6.52400016784668,1776886489.573
14.572999954223633,8.840999603271484,-12.194999694824219,1776886489.586
-4.51200008392334,-5.610000133514404,-0.9150000214576721,1776886490.006
-0.18299999833106995,-8.779999732971191,-3.9019999504089355,1776886490.033
4.75600004196167,4.816999912261963,-4.206999778747559,1776886490.047
-1.6460000276565552,10.366000175476074,-6.889999866485596,1776886490.073
-1.6460000276565552,10.366000175476074,-6.889999866485596,1776886490.086
1.5240000486373901,11.951000213623047,-1.5240000486373901,1776886490.506
-1.0369999408721924,14.878000259399414,-3.7200000286102295,1776886490.527
-1.8289999961853027,-11.340999603271484,-1.0980000495910645,1776886490.553
2.01200008392334,-7.01200008392334,-1.8289999961853027,1776886490.566
0.3659999966621399,5.427000045776367,-4.877999782562256,1776886490.592
-2.01200008392334,0.6100000143051147,1.4019999504089355,1776886491.031
14.02400016784668,14.51200008392334,1.2799999713897705,1776886491.046
-0.6100000143051147,1.4630000591278076,-4.633999824523926,1776886491.066
1.5240000486373901,-1.340999960899353,-4.816999912261963,1776886491.091
1.5240000486373901,-1.340999960899353,-4.816999912261963,1776886491.106
2.74399995803833,-4.02400016784668,-37.56100082397461,1776886491.532
5.060999870300293,-1.8899999856948853,-31.159000396728516,1776886491.546
-4.877999782562256,5.122000217437744,-47.012001037597656,1776886491.571
9.878000259399414,-1.7680000066757202,-33.720001220703125,1776886491.586
9.755999565124512,-1.4630000591278076,-41.159000396728516,1776886491.611
7.927000045776367,4.206999778747559,-32.073001861572266,1776886492.031
-3.6589999198913574,-4.389999866485596,-11.463000297546387,1776886492.047
6.706999778747559,-0.12200000137090683,-56.82899856567383,1776886492.066
2.74399995803833,-4.51200008392334,-9.451000213623047,1776886492.086
-2.683000087738037,-1.8289999961853027,-8.659000396728516,1776886492.111
-10.670999526977539,-3.1710000038146973,-73.53700256347656,1776886492.534
-1.8899999856948853,3.6589999198913574,-12.560999870300293,1776886492.546
5.304999828338623,-12.621999740600586,-36.52399826049805,1776886492.572
-1.5240000486373901,1.7680000066757202,-32.68299865722656,1776886492.586
7.316999912261963,0.7929999828338623,-23.415000915527344,1776886492.611
-0.3659999966621399,0.0,-1.2799999713897705,1776886493.033
0.3050000071525574,-0.3659999966621399,-2.316999912261963,1776886493.046
0.061000000685453415,0.3050000071525574,-0.4880000054836273,1776886493.067
0.0,0.4269999861717224,-2.072999954223633,1776886493.093
-0.3050000071525574,-0.12200000137090683,-1.5850000381469727,1776886493.106
-0.9760000109672546,0.3659999966621399,-1.6460000276565552,1776886493.526
0.5490000247955322,0.24400000274181366,0.3050000071525574,1776886493.552
-0.3659999966621399,0.24400000274181366,-2.072999954223633,1776886493.567
0.18299999833106995,0.12200000137090683,-0.9150000214576721,1776886493.593
-0.9760000109672546,-0.061000000685453415,1.2200000286102295,1776886493.606
2.98799991607666,6.0980000495910645,24.634000778198242,1776886494.026
-5.914999961853027,-7.439000129699707,35.97600173950195,1776886494.051
6.951000213623047,3.4760000705718994,30.243999481201172,1776886494.066
7.195000171661377,2.927000045776367,36.82899856567383,1776886494.092
-8.170999526977539,-10.793000221252441,31.340999603271484,1776886494.106
21.951000213623047,28.415000915527344,45.0,1776886494.531
-7.195000171661377,-1.340999960899353,46.707000732421875,1776886494.546
-21.159000396728516,-6.52400016784668,35.792999267578125,1776886494.566
26.46299934387207,22.19499969482422,40.24399948120117,1776886494.592
-13.048999786376953,-4.877999782562256,39.87799835205078,1776886494.606
0.7319999933242798,-1.9509999752044678,23.110000610351562,1776886495.052
0.0,8.902000427246094,46.220001220703125,1776886495.067
-27.80500030517578,-16.584999084472656,27.927000045776367,1776886495.095
10.670999526977539,-4.695000171661377,15.0,1776886495.106
-6.4629998207092285,5.304999828338623,29.451000213623047,1776886495.134
-0.5490000247955322,1.8899999856948853,-11.585000038146973,1776886495.552
0.7929999828338623,-12.439000129699707,1.5850000381469727,1776886495.566
1.0369999408721924,-2.072999954223633,1.8899999856948853,1776886495.592
-0.4880000054836273,0.061000000685453415,-5.914999961853027,1776886495.606
-0.3050000071525574,1.159000039100647,0.0,1776886495.631
-1.4630000591278076,0.6100000143051147,-3.5369999408721924,1776886496.046
2.01200008392334,-0.6710000038146973,-16.951000213623047,1776886496.072
-2.25600004196167,0.7929999828338623,1.2799999713897705,1776886496.087
-2.865999937057495,-0.6100000143051147,-0.7319999933242798,1776886496.113
-1.8289999961853027,0.7929999828338623,-2.561000108718872,1776886496.126
3.1710000038146973,4.085000038146973,-3.3540000915527344,1776886496.552
-1.5850000381469727,1.9509999752044678,0.061000000685453415,1776886496.566
3.109999895095825,-3.3540000915527344,2.621999979019165,1776886496.592
2.621999979019165,1.0980000495910645,-9.51200008392334,1776886496.606
0.24400000274181366,0.5490000247955322,-3.3540000915527344,1776886496.632
-5.427000045776367,-8.659000396728516,-0.12200000137090683,1776886497.026
2.683000087738037,-8.840999603271484,-6.828999996185303,1776886497.054
0.8539999723434448,1.8899999856948853,1.7070000171661377,1776886497.066
-1.4019999504089355,4.145999908447266,-2.98799991607666,1776886497.092
4.572999954223633,-8.414999961853027,-6.4019999504089355,1776886497.106
-3.7799999713897705,-2.98799991607666,-2.865999937057495,1776886497.551
1.2200000286102295,1.2799999713897705,-3.2929999828338623,1776886497.566
1.8289999961853027,2.805000066757202,-0.18299999833106995,1776886497.592
-1.0980000495910645,-3.0490000247955322,2.01200008392334,1776886497.606
0.4880000054836273,-0.24400000274181366,3.6589999198913574,1776886497.632
-0.12200000137090683,0.24400000274181366,-1.2799999713897705,1776886498.047
-0.12200000137090683,0.24400000274181366,-1.4019999504089355,1776886498.073
-0.061000000685453415,0.3659999966621399,-1.5240000486373901,1776886498.086
0.12200000137090683,0.18299999833106995,-1.4630000591278076,1776886498.107
-0.061000000685453415,0.18299999833106995,-1.5240000486373901,1776886498.132
-3.4149999618530273,0.4269999861717224,-2.865999937057495,1776886498.552
-2.805000066757202,-2.927000045776367,0.4880000054836273,1776886498.566
3.3540000915527344,0.12200000137090683,-1.5240000486373901,1776886498.592
-2.927000045776367,-0.7319999933242798,-6.341000080108643,1776886498.609
0.3659999966621399,-0.4880000054836273,-3.4760000705718994,1776886498.626
-0.6710000038146973,0.7929999828338623,2.74399995803833,1776886499.046
-2.74399995803833,-13.109999656677246,0.4880000054836273,1776886499.072
0.6100000143051147,-4.02400016784668,2.865999937057495,1776886499.087
-8.232000350952148,-2.5,-1.5240000486373901,1776886499.112
4.206999778747559,13.536999702453613,-2.621999979019165,1776886499.126
2.134000062942505,-5.122000217437744,-2.25600004196167,1776886499.546
-4.939000129699707,-2.25600004196167,-2.74399995803833,1776886499.572
1.7680000066757202,-0.3050000071525574,1.2200000286102295,1776886499.586
-1.340999960899353,0.5490000247955322,3.109999895095825,1776886499.616
-3.1710000038146973,-1.5850000381469727,1.2799999713897705,1776886499.627
-3.4760000705718994,-1.2200000286102295,-2.438999891281128,1776886500.052
0.24400000274181366,0.24400000274181366,1.0369999408721924,1776886500.066
-0.4880000054836273,0.0,-0.6100000143051147,1776886500.086
2.5,0.7319999933242798,-2.378000020980835,1776886500.111
3.4149999618530273,1.340999960899353,-2.378000020980835,1776886500.127
-0.061000000685453415,0.18299999833106995,-1.5240000486373901,1776886500.546
0.0,0.18299999833106995,-1.4019999504089355,1776886500.572
-0.061000000685453415,0.12200000137090683,-1.4019999504089355,1776886500.586
0.061000000685453415,0.12200000137090683,-1.5240000486373901,1776886500.612
-0.12200000137090683,0.18299999833106995,-1.4019999504089355,1776886500.626
-0.061000000685453415,0.3050000071525574,-1.4630000591278076,1776886501.072
0.0,0.3050000071525574,-1.4630000591278076,1776886501.089
-0.061000000685453415,0.3050000071525574,-1.4630000591278076,1776886501.106
0.061000000685453415,0.24400000274181366,-1.4630000591278076,1776886501.132
0.061000000685453415,0.24400000274181366,-17.072999954223633,1776886501.146
0.24400000274181366,0.0,-0.7319999933242798,1776886501.566
-1.2200000286102295,-0.3659999966621399,-1.340999960899353,1776886501.591
0.7319999933242798,0.5490000247955322,-2.072999954223633,1776886501.606
-5.793000221252441,-0.7319999933242798,-3.2320001125335693,1776886501.633
-1.340999960899353,-0.18299999833106995,-2.25600004196167,1776886501.651
-25.610000610351562,49.75600051879883,-120.48799896240234,1776886502.066
0.9150000214576721,11.52400016784668,-114.51200103759766,1776886502.092
11.767999649047852,-61.584999084472656,-96.64600372314453,1776886502.106
-16.76799964904785,12.621999740600586,-51.95100021362305,1776886502.132
-4.51200008392334,33.231998443603516,9.267999649047852,1776886502.146
0.0,0.24400000274181366,-1.4019999504089355,1776886503.072
0.0,0.061000000685453415,-1.5850000381469727,1776886503.091
0.0,0.3050000071525574,-1.4630000591278076,1776886503.106
0.061000000685453415,0.12200000137090683,-1.5240000486373901,1776886503.126
0.0,0.061000000685453415,-1.7070000171661377,1776886503.149
-0.8539999723434448,1.7680000066757202,-2.561000108718872,1776886503.566
-0.4880000054836273,-0.6710000038146973,-1.7070000171661377,1776886503.592
-1.0369999408721924,1.4019999504089355,-4.572999954223633,1776886503.606
-0.4880000054836273,-1.7070000171661377,-3.0490000247955322,1776886503.632
1.5240000486373901,2.194999933242798,-3.1710000038146973,1776886503.647
9.085000038146973,-5.73199987411499,-17.011999130249023,1776886504.074
-10.97599983215332,10.548999786376953,-41.4630012512207,1776886504.086
-0.3659999966621399,-3.109999895095825,-28.902000427246094,1776886504.114
6.52400016784668,-6.0980000495910645,-24.878000259399414,1776886504.126
-5.73199987411499,3.4760000705718994,-32.25600051879883,1776886504.152
6.828999996185303,-2.805000066757202,-2.134000062942505,1776886504.566
3.1710000038146973,6.76800012588501,-17.072999954223633,1776886504.592
-0.7929999828338623,2.805000066757202,-30.183000564575195,1776886504.606
4.02400016784668,-7.560999870300293,-13.536999702453613,1776886504.632
-3.109999895095825,-4.939000129699707,-19.93899917602539,1776886504.646
-9.878000259399414,10.793000221252441,-30.06100082397461,1776886505.092
0.5490000247955322,5.183000087738037,-39.02399826049805,1776886505.106
10.548999786376953,-9.085000038146973,-18.354000091552734,1776886505.126
-10.914999961853027,6.21999979019165,-21.889999389648438,1776886505.152
-7.560999870300293,4.572999954223633,-20.365999221801758,1776886505.167
8.779999732971191,-3.5980000495910645,-22.011999130249023,1776886505.586
0.7929999828338623,1.340999960899353,16.76799964904785,1776886505.615
-1.159000039100647,-0.3050000071525574,10.121999740600586,1776886505.626
14.878000259399414,-1.7070000171661377,-14.329000473022461,1776886505.653
-13.902000427246094,2.316999912261963,-10.854000091552734,1776886505.666
0.0,0.18299999833106995,-1.2799999713897705,1776886506.095
0.18299999833106995,0.18299999833106995,-1.0369999408721924,1776886506.106
0.061000000685453415,0.24400000274181366,-0.9150000214576721,1776886506.132
-0.4269999861717224,0.12200000137090683,-1.2799999713897705,1776886506.146
1.4630000591278076,0.0,-1.4630000591278076,1776886506.174
0.18299999833106995,2.25600004196167,-3.2929999828338623,1776886506.592
2.621999979019165,-4.877999782562256,0.3050000071525574,1776886506.609
0.8539999723434448,-4.389999866485596,0.0,1776886506.626
-0.7319999933242798,-5.122000217437744,-2.561000108718872,1776886506.655
-0.8539999723434448,-6.158999919891357,-1.7680000066757202,1776886506.666
-0.4269999861717224,-7.195000171661377,-2.134000062942505,1776886507.086
2.01200008392334,-8.840999603271484,-2.98799991607666,1776886507.112
0.7929999828338623,-2.134000062942505,-5.914999961853027,1776886507.126
0.3050000071525574,16.46299934387207,-5.183000087738037,1776886507.152
0.12200000137090683,-8.354000091552734,1.5850000381469727,1776886507.166
-0.12200000137090683,-0.7929999828338623,-0.7319999933242798,1776886507.586
0.24400000274181366,0.9760000109672546,-1.2200000286102295,1776886507.616
1.340999960899353,-12.98799991607666,-2.683000087738037,1776886507.626
-0.7929999828338623,-0.7319999933242798,-0.5490000247955322,1776886507.652
0.5490000247955322,-0.12200000137090683,-5.671000003814697,1776886507.666
4.51200008392334,-5.366000175476074,-26.159000396728516,1776886508.092
-1.5850000381469727,-2.683000087738037,-18.110000610351562,1776886508.106
-1.5850000381469727,-2.683000087738037,-18.110000610351562,1776886508.132
-1.5850000381469727,-2.683000087738037,-18.110000610351562,1776886508.146
7.683000087738037,2.134000062942505,-21.46299934387207,1776886508.174
7.439000129699707,-5.122000217437744,-39.207000732421875,1776886508.59
5.610000133514404,1.8289999961853027,-29.878000259399414,1776886508.606
-14.206999778747559,4.206999778747559,-69.51200103759766,1776886508.632
30.243999481201172,8.109999656677246,-32.926998138427734,1776886508.646
-4.328999996185303,-1.340999960899353,-46.097999572753906,1776886508.674
-1.159000039100647,-1.2200000286102295,-55.915000915527344,1776886509.087
0.6710000038146973,-2.378000020980835,-38.11000061035156,1776886509.113
2.865999937057495,7.74399995803833,-21.889999389648438,1776886509.126
-4.389999866485596,-2.01200008392334,-55.06100082397461,1776886509.153
-4.389999866485596,-2.01200008392334,-55.06100082397461,1776886509.168
-0.24400000274181366,0.5490000247955322,-1.8289999961853027,1776886509.606
0.061000000685453415,0.24400000274181366,-0.9150000214576721,1776886509.626
0.18299999833106995,0.061000000685453415,-2.01200008392334,1776886509.652
-0.18299999833106995,0.24400000274181366,-1.5240000486373901,1776886509.666
-0.061000000685453415,0.3659999966621399,-0.9760000109672546,1776886509.692
0.0,0.24400000274181366,-1.4630000591278076,1776886510.106
0.0,0.3050000071525574,-1.4019999504089355,1776886510.132
0.0,0.24400000274181366,-1.4019999504089355,1776886510.146
0.061000000685453415,0.3050000071525574,-1.5240000486373901,1776886510.166
0.061000000685453415,0.18299999833106995,-1.5240000486373901,1776886510.192
-2.25600004196167,-4.328999996185303,-1.7070000171661377,1776886510.612
2.438999891281128,-0.4269999861717224,1.159000039100647,1776886510.626
-2.194999933242798,-1.4630000591278076,-2.25600004196167,1776886510.646
-3.9630000591278076,0.0,-4.633999824523926,1776886510.672
-0.6710000038146973,4.206999778747559,0.9760000109672546,1776886510.687
-0.061000000685453415,1.159000039100647,-2.927000045776367,1776886511.126
0.12200000137090683,-0.12200000137090683,-3.2929999828338623,1776886511.152
0.12200000137090683,-0.3659999966621399,-4.939000129699707,1776886511.167
0.4880000054836273,0.061000000685453415,-2.561000108718872,1776886511.194
-1.2799999713897705,0.7319999933242798,-4.02400016784668,1776886511.206
-0.24400000274181366,0.7929999828338623,-11.767999649047852,1776886511.606
-0.7929999828338623,0.3050000071525574,-9.51200008392334,1776886511.633
-0.3050000071525574,-0.061000000685453415,-7.622000217437744,1776886511.646
0.3050000071525574,1.7070000171661377,-9.329000473022461,1776886511.672
0.12200000137090683,0.4269999861717224,-11.585000038146973,1776886511.686
-0.18299999833106995,-0.3050000071525574,-2.01200008392334,1776886512.607
0.5490000247955322,0.4880000054836273,-1.5850000381469727,1776886512.637
-0.4269999861717224,0.3659999966621399,-2.072999954223633,1776886512.648
0.0,0.12200000137090683,-1.340999960899353,1776886512.667
0.24400000274181366,0.4269999861717224,-1.6460000276565552,1776886512.689
-1.8289999961853027,3.109999895095825,-2.01200008392334,1776886513.126
2.683000087738037,-2.134000062942505,-0.6100000143051147,1776886513.152
3.0490000247955322,-3.9630000591278076,-2.01200008392334,1776886513.169
4.02400016784668,4.328999996185303,-1.7070000171661377,1776886513.187
1.2799999713897705,6.21999979019165,-4.75600004196167,1776886513.206
9.51200008392334,-1.7070000171661377,-3.5369999408721924,1776886513.632
-8.293000221252441,9.755999565124512,-0.6710000038146973,1776886513.654
-7.927000045776367,0.6100000143051147,0.3659999966621399,1776886513.666
1.2799999713897705,0.3050000071525574,-2.927000045776367,1776886513.694
-1.7070000171661377,4.75600004196167,-2.683000087738037,1776886513.707
-1.4019999504089355,-0.5490000247955322,6.645999908447266,1776886514.132
-5.0,3.109999895095825,7.866000175476074,1776886514.146
-1.2200000286102295,-7.072999954223633,10.305000305175781,1776886514.174
-0.7319999933242798,4.02400016784668,10.48799991607666,1776886514.186
-7.195000171661377,-7.622000217437744,12.072999954223633,1776886514.213
1.4019999504089355,-0.6710000038146973,13.779999732971191,1776886514.626
1.4019999504089355,-1.5240000486373901,22.621999740600586,1776886514.655
13.779999732971191,1.5240000486373901,12.98799991607666,1776886514.672
-1.2799999713897705,5.304999828338623,30.610000610351562,1776886514.688
-1.2799999713897705,-9.206999778747559,28.902000427246094,1776886514.713
6.0370001792907715,-5.793000221252441,5.548999786376953,1776886515.127
2.378000020980835,11.463000297546387,7.98799991607666,1776886515.153
-0.18299999833106995,2.01200008392334,9.390000343322754,1776886515.167
2.316999912261963,14.633999824523926,16.340999603271484,1776886515.193
-4.145999908447266,-10.914999961853027,17.072999954223633,1776886515.206
5.914999961853027,-5.548999786376953,8.597999572753906,1776886515.632
-5.97599983215332,15.182999610900879,16.645999908447266,1776886515.647
3.3540000915527344,2.805000066757202,7.133999824523926,1776886515.673
3.2929999828338623,-1.2200000286102295,6.828999996185303,1776886515.686
-1.6460000276565552,1.9509999752044678,12.194999694824219,1776886515.714
2.683000087738037,0.24400000274181366,19.145999908447266,1776886516.127
-1.0980000495910645,-0.24400000274181366,19.634000778198242,1776886516.152
1.159000039100647,10.48799991607666,29.756000518798828,1776886516.166
-2.01200008392334,-7.439000129699707,23.17099952697754,1776886516.192
-3.4760000705718994,-2.74399995803833,17.43899917602539,1776886516.209
0.5490000247955322,7.316999912261963,28.415000915527344,1776886516.632
-0.3659999966621399,-3.5369999408721924,37.62200164794922,1776886516.646
-4.75600004196167,0.7929999828338623,19.389999389648438,1776886516.674
7.74399995803833,4.206999778747559,38.354000091552734,1776886516.686
-7.25600004196167,2.621999979019165,30.121999740600586,1776886516.713
-4.75600004196167,-4.02400016784668,33.231998443603516,1776886517.137
4.816999912261963,0.6100000143051147,21.159000396728516,1776886517.148
-5.427000045776367,2.25600004196167,31.280000686645508,1776886517.167
-4.328999996185303,-2.74399995803833,2.98799991607666,1776886517.193
2.74399995803833,0.4269999861717224,23.415000915527344,1776886517.206
7.98799991607666,-8.902000427246094,15.305000305175781,1776886517.627
-2.01200008392334,-6.585000038146973,12.98799991607666,1776886517.653
7.195000171661377,11.645999908447266,1.8899999856948853,1776886517.666
0.9760000109672546,-4.02400016784668,7.560999870300293,1776886517.695
0.24400000274181366,-4.085000038146973,7.195000171661377,1776886517.706
-2.316999912261963,1.5850000381469727,4.328999996185303,1776886518.643
0.7319999933242798,1.6460000276565552,-1.159000039100647,1776886518.655
-0.5490000247955322,-8.720000267028809,2.194999933242798,1776886518.666
-0.3659999966621399,-3.8410000801086426,6.158999919891357,1776886518.692
-15.182999610900879,2.134000062942505,3.1710000038146973,1776886518.706
0.6100000143051147,7.804999828338623,10.060999870300293,1776886519.126
-2.01200008392334,8.536999702453613,0.7319999933242798,1776886519.152
5.122000217437744,-11.463000297546387,7.195000171661377,1776886519.166
-2.25600004196167,7.377999782562256,8.840999603271484,1776886519.192
-1.4630000591278076,-1.2799999713897705,5.793000221252441,1776886519.206
-2.438999891281128,-14.390000343322754,15.121999740600586,1776886519.654
-0.8539999723434448,-6.4019999504089355,7.74399995803833,1776886519.666
3.2929999828338623,4.145999908447266,18.17099952697754,1776886519.695
-3.2929999828338623,2.865999937057495,15.97599983215332,1776886519.706
-3.109999895095825,5.0,2.805000066757202,1776886519.732
-1.159000039100647,-4.26800012588501,-10.182999610900879,1776886520.646
5.427000045776367,1.340999960899353,-9.085000038146973,1776886520.672
-2.5,0.4269999861717224,-9.572999954223633,1776886520.687
-0.18299999833106995,-2.98799991607666,-8.232000350952148,1776886520.713
-3.2929999828338623,-2.316999912261963,-12.621999740600586,1776886520.727
-1.7070000171661377,-5.183000087738037,-18.23200035095215,1776886521.152
-3.2929999828338623,-2.194999933242798,-16.402000427246094,1776886521.166
-1.2200000286102295,-4.816999912261963,-20.73200035095215,1776886521.192
-1.2799999713897705,1.7070000171661377,-18.23200035095215,1776886521.206
0.9150000214576721,5.97599983215332,-20.73200035095215,1776886521.233
-3.6589999198913574,-6.4019999504089355,-25.121999740600586,1776886522.146
2.74399995803833,5.548999786376953,-50.792999267578125,1776886522.174
-6.52400016784668,1.7680000066757202,-19.756000518798828,1776886522.187
-1.340999960899353,7.560999870300293,-34.81700134277344,1776886522.213
7.927000045776367,2.072999954223633,-24.084999084472656,1776886522.227
-8.232000350952148,-1.9509999752044678,-14.939000129699707,1776886522.646
-0.4269999861717224,8.048999786376953,-6.951000213623047,1776886522.672
2.25600004196167,7.927000045776367,-3.1710000038146973,1776886522.686
-4.145999908447266,-2.683000087738037,-8.414999961853027,1776886522.712
0.18299999833106995,4.389999866485596,-3.6589999198913574,1776886522.726
0.18299999833106995,-1.8899999856948853,1.159000039100647,1776886523.152
0.24400000274181366,-5.366000175476074,-2.74399995803833,1776886523.166
0.5490000247955322,1.2799999713897705,3.7200000286102295,1776886523.192
-0.8539999723434448,0.6100000143051147,3.109999895095825,1776886523.206
-2.621999979019165,0.24400000274181366,2.683000087738037,1776886523.232
2.805000066757202,3.7200000286102295,10.609999656677246,1776886523.646
-1.5850000381469727,-2.98799991607666,13.779999732971191,1776886523.672
-1.7070000171661377,-4.51200008392334,9.633999824523926,1776886523.686
0.5490000247955322,8.597999572753906,15.48799991607666,1776886523.712
-0.24400000274181366,-2.98799991607666,17.5,1776886523.727
3.9630000591278076,6.4019999504089355,23.719999313354492,1776886524.146
10.914999961853027,2.805000066757202,30.121999740600586,1776886524.175
-2.805000066757202,2.74399995803833,20.121999740600586,1776886524.186
14.755999565124512,8.963000297546387,14.878000259399414,1776886524.213
3.0490000247955322,2.01200008392334,32.13399887084961,1776886524.227
-0.8539999723434448,-5.122000217437744,15.0,1776886524.654
-2.316999912261963,6.28000020980835,3.4760000705718994,1776886524.666
0.6710000038146973,-1.6460000276565552,8.536999702453613,1776886524.692
5.427000045776367,-5.427000045776367,3.1710000038146973,1776886524.707
0.5490000247955322,0.3050000071525574,0.12200000137090683,1776886524.727
-3.5369999408721924,-8.048999786376953,-5.793000221252441,1776886525.171
-1.5240000486373901,3.7799999713897705,-0.7319999933242798,1776886525.186
1.9509999752044678,1.5850000381469727,-3.7200000286102295,1776886525.215
-2.683000087738037,-10.182999610900879,-8.720000267028809,1776886525.229
15.182999610900879,0.7319999933242798,-12.072999954223633,1776886525.246
3.2320001125335693,1.9509999752044678,-20.0,1776886525.646
-1.5850000381469727,-2.74399995803833,-14.817000389099121,1776886525.672
-0.7929999828338623,-7.439000129699707,-19.93899917602539,1776886525.686
2.98799991607666,8.109999656677246,-12.378000259399414,1776886525.716
2.438999891281128,5.183000087738037,-9.267999649047852,1776886525.728
-4.328999996185303,10.244000434875488,-33.720001220703125,1776886526.646
2.072999954223633,-8.840999603271484,-32.43899917602539,1776886526.672
5.854000091552734,1.8899999856948853,-34.512001037597656,1776886526.687
0.7319999933242798,-10.609999656677246,-20.548999786376953,1776886526.713
-3.5980000495910645,-5.060999870300293,-30.183000564575195,1776886526.726
2.01200008392334,1.4630000591278076,-1.5240000486373901,1776886527.167
-3.109999895095825,-5.793000221252441,-0.5490000247955322,1776886527.193
-3.3540000915527344,0.6710000038146973,-0.061000000685453415,1776886527.207
2.683000087738037,6.52400016784668,-1.8899999856948853,1776886527.226
0.3659999966621399,5.060999870300293,-2.74399995803833,1776886527.252
4.939000129699707,13.597999572753906,2.194999933242798,1776886527.673
6.0980000495910645,-1.9509999752044678,2.74399995803833,1776886527.686
-0.7319999933242798,2.683000087738037,5.793000221252441,1776886527.712
-1.159000039100647,0.5490000247955322,7.866000175476074,1776886527.729
7.74399995803833,4.939000129699707,5.366000175476074,1776886527.755
-10.914999961853027,0.9760000109672546,13.902000427246094,1776886528.687
6.76800012588501,6.951000213623047,5.122000217437744,1776886528.713
0.3659999966621399,-0.4880000054836273,-9.572999954223633,1776886528.726
0.9150000214576721,1.6460000276565552,-8.597999572753906,1776886528.752
-0.4880000054836273,0.9760000109672546,-9.755999565124512,1776886528.766
-25.610000610351562,-10.548999786376953,26.707000732421875,1776886529.701
26.46299934387207,15.366000175476074,27.927000045776367,1776886529.712
-8.659000396728516,6.645999908447266,35.792999267578125,1776886529.726
-28.53700065612793,-20.427000045776367,26.707000732421875,1776886529.752
24.26799964904785,14.939000129699707,29.389999389648438,1776886529.766
-5.73199987411499,-5.610000133514404,29.634000778198242,1776886530.687
1.7070000171661377,5.304999828338623,48.720001220703125,1776886530.713
-30.365999221801758,-15.427000045776367,38.597999572753906,1776886530.727
3.2929999828338623,-2.316999912261963,26.097999572753906,1776886530.752
-6.645999908447266,2.5,38.5369987487793,1776886530.767
-21.03700065612793,-7.98799991607666,27.378000259399414,1776886531.192
13.109999656677246,0.3050000071525574,20.488000869750977,1776886531.206
-3.2320001125335693,-8.232000350952148,43.354000091552734,1776886531.232
-14.694999694824219,-10.914999961853027,30.0,1776886531.249
16.76799964904785,5.427000045776367,28.048999786376953,1776886531.276
-1.340999960899353,-1.0980000495910645,-4.51200008392334,1776886531.687
-2.865999937057495,1.5850000381469727,-6.0980000495910645,1776886531.718
2.865999937057495,-0.3050000071525574,-3.6589999198913574,1776886531.729
1.2200000286102295,-0.9150000214576721,-5.671000003814697,1776886531.747
-0.9150000214576721,1.8899999856948853,-7.133999824523926,1776886531.775
4.51200008392334,9.390000343322754,-3.2929999828338623,1776886532.191
-2.5,6.28000020980835,-3.2320001125335693,1776886532.209
8.840999603271484,-2.01200008392334,-4.451000213623047,1776886532.235
-4.02400016784668,-5.427000045776367,-1.0369999408721924,1776886532.247
-2.621999979019165,1.2200000286102295,-4.451000213623047,1776886532.272
-2.072999954223633,-2.98799991607666,-2.316999912261963,1776886532.725
2.134000062942505,10.732000350952148,-3.7200000286102295,1776886532.736
0.6710000038146973,2.865999937057495,-2.805000066757202,1776886532.747
6.828999996185303,-4.572999954223633,-5.427000045776367,1776886532.773
6.645999908447266,-1.0369999408721924,-4.206999778747559,1776886532.787
2.072999954223633,1.5850000381469727,12.744000434875488,1776886533.707
-1.7680000066757202,-5.24399995803833,16.159000396728516,1776886533.733
1.9509999752044678,3.4760000705718994,18.415000915527344,1776886533.747
-0.5490000247955322,-2.621999979019165,15.060999870300293,1776886533.774
0.061000000685453415,1.0980000495910645,18.415000915527344,1776886533.787
-1.159000039100647,-13.536999702453613,35.54899978637695,1776886534.207
-7.683000087738037,2.621999979019165,21.951000213623047,1776886534.232
3.9019999504089355,1.159000039100647,29.02400016784668,1776886534.247
-3.6589999198913574,7.927000045776367,27.072999954223633,1776886534.275
-11.220000267028809,-5.73199987411499,26.159000396728516,1776886534.287
-3.9630000591278076,1.5850000381469727,18.840999603271484,1776886534.713
1.5850000381469727,-0.24400000274181366,40.0,1776886534.727
2.194999933242798,-2.561000108718872,11.159000396728516,1776886534.753
-0.18299999833106995,-2.98799991607666,25.67099952697754,1776886534.768
-0.4880000054836273,7.927000045776367,19.69499969482422,1776886534.794
0.6710000038146973,-0.24400000274181366,-4.328999996185303,1776886535.712
-5.854000091552734,8.536999702453613,-1.4630000591278076,1776886535.728
3.3540000915527344,2.5,-4.572999954223633,1776886535.754
0.3050000071525574,0.3659999966621399,-7.927000045776367,1776886535.767
3.4760000705718994,-1.159000039100647,-3.109999895095825,1776886535.793
4.145999908447266,-3.7200000286102295,-6.645999908447266,1776886536.207
-1.0980000495910645,-2.134000062942505,-12.5,1776886536.24
0.18299999833106995,-5.671000003814697,-6.889999866485596,1776886536.254
-6.706999778747559,0.0,8.597999572753906,1776886536.267
7.927000045776367,-2.5,0.5490000247955322,1776886536.293
-0.6100000143051147,-3.7200000286102295,17.683000564575195,1776886536.727
3.5369999408721924,0.4880000054836273,22.256000518798828,1776886536.753
0.12200000137090683,-2.378000020980835,21.46299934387207,1776886536.767
6.645999908447266,1.340999960899353,3.9630000591278076,1776886536.792
-1.4019999504089355,-4.877999782562256,-0.6710000038146973,1776886536.807
-2.74399995803833,3.4760000705718994,1.9509999752044678,1776886537.233
-1.4630000591278076,4.02400016784668,5.48799991607666,1776886537.247
-3.5369999408721924,-12.378000259399414,7.01200008392334,1776886537.274
-0.24400000274181366,-3.2320001125335693,1.7070000171661377,1776886537.287
1.340999960899353,-2.378000020980835,2.378000020980835,1776886537.312
4.26800012588501,-6.585000038146973,0.061000000685453415,1776886537.733
-2.438999891281128,-0.3050000071525574,-1.0369999408721924,1776886537.747
-2.378000020980835,-3.3540000915527344,1.340999960899353,1776886537.775
-7.927000045776367,0.9150000214576721,4.633999824523926,1776886537.787
2.683000087738037,-0.6710000038146973,3.7200000286102295,1776886537.813
1.8289999961853027,0.061000000685453415,0.7319999933242798,1776886538.232
-2.01200008392334,1.7070000171661377,-2.5,1776886538.247
-0.7319999933242798,-0.24400000274181366,-1.9509999752044678,1776886538.273
-0.3659999966621399,0.7929999828338623,-0.8539999723434448,1776886538.288
-0.5490000247955322,-0.3659999966621399,-3.6589999198913574,1776886538.315
-2.378000020980835,-0.9760000109672546,-7.5,1776886538.727
-0.5490000247955322,0.7319999933242798,-10.366000175476074,1776886538.747
-0.4269999861717224,-1.340999960899353,-14.939000129699707,1776886538.772
0.9150000214576721,0.8539999723434448,-14.817000389099121,1776886538.787
-4.572999954223633,0.061000000685453415,-14.451000213623047,1776886538.816
3.7799999713897705,-13.902000427246094,-33.659000396728516,1776886539.232
-2.683000087738037,0.7319999933242798,-60.792999267578125,1776886539.25
8.109999656677246,-0.6100000143051147,-31.584999084472656,1776886539.276
-7.195000171661377,-1.8289999961853027,-53.597999572753906,1776886539.287
-8.293000221252441,-0.8539999723434448,-67.31700134277344,1776886539.315
2.805000066757202,1.9509999752044678,-23.354000091552734,1776886539.727
-4.206999778747559,-4.633999824523926,-41.402000427246094,1776886539.753
1.4630000591278076,0.6710000038146973,-24.93899917602539,1776886539.767
2.316999912261963,3.4760000705718994,-23.17099952697754,1776886539.792
-4.816999912261963,-2.74399995803833,-48.779998779296875,1776886539.807
2.072999954223633,-3.2320001125335693,-19.816999435424805,1776886540.228
2.072999954223633,-3.2320001125335693,-19.816999435424805,1776886540.255
2.072999954223633,-3.2320001125335693,-19.816999435424805,1776886540.272
-6.706999778747559,-0.24400000274181366,3.109999895095825,1776886540.287
1.340999960899353,-4.26800012588501,11.402000427246094,1776886540.313
0.0,0.3050000071525574,-1.2200000286102295,1776886540.727
0.0,0.061000000685453415,-1.8899999856948853,1776886540.753
0.0,0.18299999833106995,-1.4630000591278076,1776886540.767
0.0,0.3050000071525574,-1.4630000591278076,1776886540.792
-0.061000000685453415,0.18299999833106995,-1.5850000381469727,1776886540.807
1.2200000286102295,0.061000000685453415,-2.25600004196167,1776886541.236
-0.18299999833106995,-3.1710000038146973,-3.4149999618530273,1776886541.248
-0.18299999833106995,-3.1710000038146973,-3.4149999618530273,1776886541.281
-0.18299999833106995,-3.1710000038146973,-3.4149999618530273,1776886541.297
5.427000045776367,-0.9150000214576721,-3.7799999713897705,1776886541.308
-1.9509999752044678,-0.6710000038146973,-0.7929999828338623,1776886541.733
-2.5,-7.439000129699707,-3.9019999504089355,1776886541.747
-3.5369999408721924,0.061000000685453415,-2.74399995803833,1776886541.774
6.0370001792907715,-3.2929999828338623,-0.5490000247955322,1776886541.787
1.159000039100647,5.183000087738037,-1.340999960899353,1776886541.812
-0.7319999933242798,-3.1710000038146973,-0.3659999966621399,1776886542.232
-0.7929999828338623,-1.5850000381469727,-0.061000000685453415,1776886542.247
1.7070000171661377,-1.340999960899353,-2.316999912261963,1776886542.272
-7.804999828338623,-1.7680000066757202,-15.548999786376953,1776886542.291
2.072999954223633,-1.5850000381469727,0.4269999861717224,1776886542.307
-1.9509999752044678,3.4760000705718994,-2.805000066757202,1776886542.727
-4.572999954223633,2.072999954223633,-0.6100000143051147,1776886542.753
-2.25600004196167,-6.4019999504089355,1.7070000171661377,1776886542.767
4.75600004196167,1.0369999408721924,-2.621999979019165,1776886542.794
4.75600004196167,1.0369999408721924,-2.621999979019165,1776886542.807
-2.134000062942505,-2.561000108718872,-0.7319999933242798,1776886543.247
0.4880000054836273,-8.47599983215332,0.24400000274181366,1776886543.273
3.1710000038146973,-12.378000259399414,-2.683000087738037,1776886543.287
-10.48799991607666,-2.865999937057495,-4.085000038146973,1776886543.313
-4.877999782562256,3.109999895095825,-5.671000003814697,1776886543.327
1.0369999408721924,-2.072999954223633,13.536999702453613,1776886543.759
-3.4149999618530273,-1.2799999713897705,13.47599983215332,1776886543.77
0.061000000685453415,10.854000091552734,6.645999908447266,1776886543.789
-5.060999870300293,6.28000020980835,8.232000350952148,1776886543.807
-0.9150000214576721,-3.6589999198913574,13.840999603271484,1776886543.833
1.0369999408721924,3.4149999618530273,19.451000213623047,1776886544.247
1.7680000066757202,0.18299999833106995,15.427000045776367,1776886544.272
4.451000213623047,2.74399995803833,15.427000045776367,1776886544.287
3.5980000495910645,7.316999912261963,31.584999084472656,1776886544.313
-4.75600004196167,-3.1710000038146973,20.121999740600586,1776886544.327
-0.8539999723434448,7.866000175476074,33.231998443603516,1776886544.753
9.878000259399414,-1.340999960899353,29.878000259399414,1776886544.767
-7.439000129699707,-3.7799999713897705,29.26799964904785,1776886544.793
5.183000087738037,13.47599983215332,24.145999908447266,1776886544.807
11.220000267028809,-2.74399995803833,41.707000732421875,1776886544.833
2.134000062942505,2.865999937057495,15.182999610900879,1776886545.247
-1.4019999504089355,2.98799991607666,53.840999603271484,1776886545.273
0.12200000137090683,4.695000171661377,30.183000564575195,1776886545.287
0.12200000137090683,4.695000171661377,16.402000427246094,1776886545.313
3.4149999618530273,-1.2200000286102295,40.915000915527344,1776886545.33
-16.584999084472656,-11.829000473022461,28.17099952697754,1776886545.753
-5.97599983215332,-2.621999979019165,34.38999938964844,1776886545.767
1.340999960899353,12.439000129699707,42.56100082397461,1776886545.787
-19.816999435424805,-4.939000129699707,33.9630012512207,1776886545.813
-0.24400000274181366,-2.683000087738037,36.52399826049805,1776886545.827
-5.304999828338623,4.389999866485596,-0.9150000214576721,1776886546.247
3.0490000247955322,0.18299999833106995,-8.720000267028809,1776886546.273
-0.7319999933242798,-2.805000066757202,1.7070000171661377,1776886546.287
-2.134000062942505,0.4880000054836273,5.48799991607666,1776886546.313
5.0,0.8539999723434448,-2.438999891281128,1776886546.327
0.0,0.3050000071525574,-1.340999960899353,1776886546.767
-0.061000000685453415,0.12200000137090683,-1.4019999504089355,1776886546.794
-0.061000000685453415,0.3659999966621399,-1.4019999504089355,1776886546.807
0.0,0.3659999966621399,-1.4630000591278076,1776886546.834
0.0,0.3050000071525574,-1.4630000591278076,1776886546.847
-0.061000000685453415,0.18299999833106995,-1.4630000591278076,1776886547.267
0.0,0.24400000274181366,-1.4630000591278076,1776886547.295
0.061000000685453415,0.18299999833106995,-1.340999960899353,1776886547.311
0.0,0.18299999833106995,-1.5240000486373901,1776886547.327
0.061000000685453415,0.3050000071525574,-1.5240000486373901,1776886547.353
-0.12200000137090683,0.24400000274181366,-1.4630000591278076,1776886547.753
0.0,0.3050000071525574,-1.5240000486373901,1776886547.767
0.0,0.24400000274181366,-1.4630000591278076,1776886547.793
0.0,0.24400000274181366,-1.5240000486373901,1776886547.807
0.0,0.3050000071525574,-1.340999960899353,1776886547.827
0.0,0.24400000274181366,-1.5240000486373901,1776886548.269
0.0,0.24400000274181366,-1.4630000591278076,1776886548.296
-0.061000000685453415,0.18299999833106995,-1.4019999504089355,1776886548.307
-0.061000000685453415,0.18299999833106995,-1.5240000486373901,1776886548.333
0.0,0.061000000685453415,-1.4630000591278076,1776886548.347
0.0,0.24400000274181366,-1.4019999504089355,1776886548.773
-0.12200000137090683,0.24400000274181366,-1.4019999504089355,1776886548.787
0.12200000137090683,0.18299999833106995,-1.4019999504089355,1776886548.818
-0.061000000685453415,0.3050000071525574,-1.5240000486373901,1776886548.832
0.0,0.24400000274181366,-1.4630000591278076,1776886548.851
0.061000000685453415,0.24400000274181366,-1.5850000381469727,1776886549.273
0.0,0.12200000137090683,-1.5240000486373901,1776886549.287
-0.061000000685453415,0.24400000274181366,-1.4019999504089355,1776886549.313
0.0,0.12200000137090683,-1.4019999504089355,1776886549.328
0.061000000685453415,0.24400000274181366,-1.5240000486373901,1776886549.354
0.061000000685453415,0.24400000274181366,-1.4630000591278076,1776886549.747
0.0,0.24400000274181366,14.085000038146973,1776886549.775
0.0,0.12200000137090683,-1.4630000591278076,1776886549.787
-0.061000000685453415,0.24400000274181366,-1.4630000591278076,1776886549.813
0.0,0.18299999833106995,-1.5240000486373901,1776886549.827
-0.061000000685453415,0.24400000274181366,-1.5240000486373901,1776886550.288
-0.12200000137090683,0.24400000274181366,-1.4630000591278076,1776886550.314
-0.061000000685453415,0.12200000137090683,-1.4630000591278076,1776886550.327
0.061000000685453415,0.18299999833106995,-1.4630000591278076,1776886550.353
0.0,0.18299999833106995,-1.5240000486373901,1776886550.368
0.0,0.24400000274181366,-17.072999954223633,1776886550.773
0.0,0.3050000071525574,-1.5240000486373901,1776886550.787
0.0,0.18299999833106995,-1.4630000591278076,1776886550.815
0.0,0.3050000071525574,-1.4630000591278076,1776886550.831
0.061000000685453415,0.24400000274181366,-1.4630000591278076,1776886550.847
0.0,0.24400000274181366,-1.5240000486373901,1776886551.287
0.0,0.18299999833106995,-1.4630000591278076,1776886551.313
-0.061000000685453415,0.24400000274181366,-1.4630000591278076,1776886551.327
0.0,0.3050000071525574,-1.5240000486373901,1776886551.353
0.0,0.3659999966621399,-1.4630000591278076,1776886551.367
-0.061000000685453415,0.18299999833106995,-1.5240000486373901,1776886551.79
0.0,0.24400000274181366,-1.5850000381469727,1776886551.807
0.061000000685453415,0.24400000274181366,-1.4630000591278076,1776886551.833
0.061000000685453415,0.18299999833106995,-1.4630000591278076,1776886551.847
-0.061000000685453415,0.24400000274181366,-17.072999954223633,1776886551.874
-0.061000000685453415,0.18299999833106995,-1.4630000591278076,1776886552.287
-0.061000000685453415,0.24400000274181366,-1.5240000486373901,1776886552.315
0.0,0.18299999833106995,-1.4630000591278076,1776886552.327
0.0,0.24400000274181366,-1.4630000591278076,1776886552.353
-0.061000000685453415,0.24400000274181366,-1.4630000591278076,1776886552.368
0.0,0.3050000071525574,-1.5240000486373901,1776886552.793
0.061000000685453415,0.24400000274181366,14.085000038146973,1776886552.807
0.0,0.24400000274181366,-1.4019999504089355,1776886552.836
0.0,0.18299999833106995,-1.5240000486373901,1776886552.848
-0.061000000685453415,0.18299999833106995,-1.5240000486373901,1776886552.873
0.061000000685453415,0.18299999833106995,-1.4630000591278076,1776886553.299
0.0,0.18299999833106995,-1.5240000486373901,1776886553.314
-0.061000000685453415,0.24400000274181366,-1.4630000591278076,1776886553.331
-0.061000000685453415,0.24400000274181366,-1.340999960899353,1776886553.347
-0.061000000685453415,0.3050000071525574,-1.4019999504089355,1776886553.374
0.061000000685453415,0.18299999833106995,-1.4630000591278076,1776886553.793
0.061000000685453415,0.18299999833106995,-1.5240000486373901,1776886553.807
0.0,0.3050000071525574,-1.4019999504089355,1776886553.833
0.0,0.18299999833106995,14.085000038146973,1776886553.847
0.061000000685453415,0.24400000274181366,-1.4630000591278076,1776886553.873
-0.061000000685453415,0.18299999833106995,-1.4630000591278076,1776886554.289
0.061000000685453415,0.3050000071525574,-1.5240000486373901,1776886554.314
-0.061000000685453415,0.24400000274181366,-1.5240000486373901,1776886554.327
0.061000000685453415,0.12200000137090683,-1.4630000591278076,1776886554.353
0.061000000685453415,0.24400000274181366,-1.4630000591278076,1776886554.367
-0.061000000685453415,0.18299999833106995,-1.4630000591278076,1776886554.787
0.0,0.18299999833106995,-1.4630000591278076,1776886554.815
0.0,0.18299999833106995,-1.4019999504089355,1776886554.827
0.061000000685453415,0.3050000071525574,-1.4019999504089355,1776886554.853
0.0,0.18299999833106995,-1.4019999504089355,1776886554.867
0.0,0.18299999833106995,-1.5850000381469727,1776886555.313
0.0,0.3050000071525574,-1.4630000591278076,1776886555.327
-0.12200000137090683,0.24400000274181366,-1.5240000486373901,1776886555.347
0.0,0.18299999833106995,-1.5240000486373901,1776886555.373
0.0,0.18299999833106995,-1.4630000591278076,1776886555.387
0.0,0.24400000274181366,-1.4630000591278076,1776886555.807
0.0,0.24400000274181366,-1.4630000591278076,1776886555.833
0.0,0.18299999833106995,-1.5240000486373901,1776886555.847
0.0,0.24400000274181366,-1.4630000591278076,1776886555.873
0.0,0.24400000274181366,-1.5240000486373901,1776886555.892
-0.061000000685453415,0.18299999833106995,-1.4019999504089355,1776886556.313
0.0,0.24400000274181366,-1.4630000591278076,1776886556.327
0.0,0.12200000137090683,-1.4630000591278076,1776886556.354
0.18299999833106995,0.24400000274181366,-1.4019999504089355,1776886556.37
0.0,0.24400000274181366,-1.5240000486373901,1776886556.396
0.0,0.18299999833106995,-1.4019999504089355,1776886556.817
0.0,0.12200000137090683,-1.4630000591278076,1776886556.828
0.0,0.12200000137090683,-1.4630000591278076,1776886556.848
0.0,0.12200000137090683,-1.4630000591278076,1776886556.874
0.0,0.12200000137090683,-1.4630000591278076,1776886556.887
-0.061000000685453415,0.18299999833106995,-1.4630000591278076,1776886557.313
-0.061000000685453415,0.18299999833106995,-1.4630000591278076,1776886557.328
0.0,0.12200000137090683,-1.5240000486373901,1776886557.362
0.0,0.18299999833106995,-1.4630000591278076,1776886557.373
-0.061000000685453415,0.18299999833106995,-1.4630000591278076,1776886557.387
0.061000000685453415,0.18299999833106995,-1.5240000486373901,1776886557.81
-0.061000000685453415,0.18299999833106995,-1.4019999504089355,1776886557.836
0.0,0.24400000274181366,-1.4630000591278076,1776886557.847
0.0,0.24400000274181366,-1.4019999504089355,1776886557.873
0.0,0.24400000274181366,-1.4019999504089355,1776886557.887
-0.061000000685453415,0.18299999833106995,-1.4630000591278076,1776886558.313
0.0,0.24400000274181366,-1.4630000591278076,1776886558.328
0.061000000685453415,0.12200000137090683,-1.4630000591278076,1776886558.354
-0.061000000685453415,0.24400000274181366,-1.5240000486373901,1776886558.368
-0.061000000685453415,0.24400000274181366,-1.4630000591278076,1776886558.393
-0.061000000685453415,0.18299999833106995,-1.340999960899353,1776886558.819
0.061000000685453415,0.24400000274181366,-1.4019999504089355,1776886558.831
-0.061000000685453415,0.24400000274181366,-1.4630000591278076,1776886558.847
0.0,0.18299999833106995,-1.5240000486373901,1776886558.873
0.0,0.3050000071525574,-1.4019999504089355,1776886558.887
-0.061000000685453415,0.24400000274181366,-1.4630000591278076,1776886559.307
0.0,0.24400000274181366,-1.4019999504089355,1776886559.333
0.0,0.12200000137090683,-1.4630000591278076,1776886559.347
0.0,0.18299999833106995,-1.4630000591278076,1776886559.376
-0.061000000685453415,0.18299999833106995,-1.4630000591278076,1776886559.387
-1.2799999713897705,0.3050000071525574,-1.340999960899353,1776886559.807
0.4269999861717224,0.12200000137090683,-1.5850000381469727,1776886559.833
-0.7319999933242798,0.5490000247955322,-1.340999960899353,1776886559.847
0.061000000685453415,0.061000000685453415,-1.7680000066757202,1776886559.873
0.24400000274181366,0.4269999861717224,-1.4019999504089355,1776886559.887
0.061000000685453415,0.24400000274181366,-1.4630000591278076,1776886560.334
0.0,0.18299999833106995,-1.4630000591278076,1776886560.347
0.061000000685453415,0.12200000137090683,-1.4630000591278076,1776886560.376
0.061000000685453415,0.24400000274181366,-1.4630000591278076,1776886560.387
0.0,0.24400000274181366,-1.5850000381469727,1776886560.414
0.0,0.3050000071525574,-1.5850000381469727,1776886560.833
-0.24400000274181366,0.24400000274181366,-1.340999960899353,1776886560.847
0.12200000137090683,0.3659999966621399,-1.5240000486373901,1776886560.874
-0.3050000071525574,0.24400000274181366,-1.4630000591278076,1776886560.887
0.061000000685453415,0.12200000137090683,-1.5850000381469727,1776886560.913
0.0,0.12200000137090683,-1.4019999504089355,1776886561.328
0.0,0.24400000274181366,-1.4630000591278076,1776886561.354
0.0,0.18299999833106995,-1.4630000591278076,1776886561.367
0.0,0.18299999833106995,-1.4630000591278076,1776886561.393
0.0,0.12200000137090683,-1.4630000591278076,1776886561.407
0.0,0.18299999833106995,-1.4630000591278076,1776886561.827
0.0,0.24400000274181366,-1.4019999504089355,1776886561.848
0.0,0.24400000274181366,-1.4630000591278076,1776886561.875
0.061000000685453415,0.12200000137090683,-1.5240000486373901,1776886561.887
0.0,0.18299999833106995,-1.4630000591278076,1776886561.913
0.0,0.3050000071525574,-1.4630000591278076,1776886562.327
-0.18299999833106995,0.18299999833106995,-1.4019999504089355,1776886562.353
-0.061000000685453415,0.18299999833106995,-1.4019999504089355,1776886562.368
-0.061000000685453415,0.24400000274181366,-1.4630000591278076,1776886562.394
0.061000000685453415,0.12200000137090683,-1.5240000486373901,1776886562.407
-0.061000000685453415,0.18299999833106995,-1.5240000486373901,1776886562.834
0.061000000685453415,0.18299999833106995,-1.4630000591278076,1776886562.847
-0.061000000685453415,0.061000000685453415,14.085000038146973,1776886562.873
-0.061000000685453415,0.18299999833106995,-1.5240000486373901,1776886562.887
0.12200000137090683,0.18299999833106995,-1.4630000591278076,1776886562.913
0.0,0.18299999833106995,-1.5240000486373901,1776886563.327
0.0,0.24400000274181366,-1.4630000591278076,1776886563.353
0.0,0.24400000274181366,-1.4630000591278076,1776886563.367
0.0,0.24400000274181366,-1.4019999504089355,1776886563.393
0.0,0.24400000274181366,-1.4019999504089355,1776886563.407
-0.061000000685453415,0.3659999966621399,-1.4019999504089355,1776886563.834
-0.061000000685453415,0.24400000274181366,-1.4019999504089355,1776886563.847
0.0,0.18299999833106995,-1.4019999504089355,1776886563.873
0.0,0.18299999833106995,-1.4019999504089355,1776886563.89
0.0,0.18299999833106995,-1.4019999504089355,1776886563.907
0.0,0.3050000071525574,-1.5850000381469727,1776886564.347
0.061000000685453415,0.3050000071525574,-1.7680000066757202,1776886564.373
0.0,0.12200000137090683,-1.2799999713897705,1776886564.387
-0.061000000685453415,0.3050000071525574,-1.8899999856948853,1776886564.418
-0.12200000137090683,0.18299999833106995,-1.4019999504089355,1776886564.429
0.0,0.18299999833106995,-1.4019999504089355,1776886564.827
-0.061000000685453415,0.18299999833106995,-1.5240000486373901,1776886564.856
0.0,0.24400000274181366,-1.4019999504089355,1776886564.867
0.0,0.24400000274181366,-1.5240000486373901,1776886564.899
-0.061000000685453415,0.18299999833106995,-1.4630000591278076,1776886564.91
-0.24400000274181366,0.3659999966621399,-2.683000087738037,1776886565.328
-0.3659999966621399,0.24400000274181366,-1.4630000591278076,1776886565.353
0.12200000137090683,0.12200000137090683,-0.7319999933242798,1776886565.367
0.24400000274181366,0.24400000274181366,-1.5240000486373901,1776886565.393
-0.061000000685453415,0.12200000137090683,-0.9150000214576721,1776886565.407
-0.061000000685453415,0.18299999833106995,-1.4630000591278076,1776886565.847
0.0,0.18299999833106995,-1.5240000486373901,1776886565.873
0.0,0.18299999833106995,-1.4630000591278076,1776886565.887
0.0,0.24400000274181366,-1.5240000486373901,1776886565.914
0.0,0.24400000274181366,-1.4019999504089355,1776886565.927
0.0,0.3050000071525574,-1.4630000591278076,1776886566.354
0.0,0.3050000071525574,-1.4630000591278076,1776886566.367
0.0,0.3050000071525574,-1.4630000591278076,1776886566.393
0.0,0.18299999833106995,-1.4630000591278076,1776886566.407
0.0,0.18299999833106995,-1.4019999504089355,1776886566.433
-0.061000000685453415,0.24400000274181366,-1.4019999504089355,1776886566.856
0.0,0.3050000071525574,-1.4019999504089355,1776886566.867
-0.061000000685453415,0.3050000071525574,-1.4630000591278076,1776886566.896
0.0,0.18299999833106995,-1.4630000591278076,1776886566.907
-0.061000000685453415,0.24400000274181366,-1.4019999504089355,1776886566.933
0.0,0.18299999833106995,-1.5240000486373901,1776886567.347
0.0,0.24400000274181366,-1.340999960899353,1776886567.375
0.0,0.12200000137090683,-1.4019999504089355,1776886567.387
-0.061000000685453415,0.18299999833106995,-1.4630000591278076,1776886567.415
-0.061000000685453415,0.18299999833106995,-1.4630000591278076,1776886567.427
-0.061000000685453415,0.3050000071525574,-1.4630000591278076,1776886568.353
0.0,0.24400000274181366,-1.4019999504089355,1776886568.368
-0.061000000685453415,0.3050000071525574,-1.4019999504089355,1776886568.394
0.061000000685453415,0.24400000274181366,-1.340999960899353,1776886568.407
0.0,0.24400000274181366,-1.5240000486373901,1776886568.433
-0.061000000685453415,0.3050000071525574,-1.5240000486373901,1776886568.848
0.061000000685453415,0.18299999833106995,-1.5240000486373901,1776886568.873
0.0,0.24400000274181366,-1.4630000591278076,1776886568.887
-0.061000000685453415,0.18299999833106995,-1.5850000381469727,1776886568.913
-0.061000000685453415,0.24400000274181366,-1.5240000486373901,1776886568.928
0.0,0.18299999833106995,-1.4630000591278076,1776886569.367
0.0,0.18299999833106995,-1.5850000381469727,1776886569.394
-0.061000000685453415,0.18299999833106995,-1.4630000591278076,1776886569.407
-0.061000000685453415,0.24400000274181366,-1.5240000486373901,1776886569.433
-0.061000000685453415,0.24400000274181366,-1.5240000486373901,1776886569.447
-0.061000000685453415,0.24400000274181366,-17.072999954223633,1776886569.848
-0.061000000685453415,0.24400000274181366,-1.5240000486373901,1776886569.873
0.0,0.24400000274181366,-1.4630000591278076,1776886569.887
0.0,0.18299999833106995,-1.5240000486373901,1776886569.913
-0.061000000685453415,0.18299999833106995,-1.4630000591278076,1776886569.927
0.061000000685453415,0.24400000274181366,-1.5240000486373901,1776886570.368
0.061000000685453415,0.24400000274181366,-1.4630000591278076,1776886570.394
-0.061000000685453415,0.24400000274181366,-17.072999954223633,1776886570.407
-0.061000000685453415,0.12200000137090683,-1.4019999504089355,1776886570.436
-0.061000000685453415,0.24400000274181366,-17.011999130249023,1776886570.447
0.0,0.12200000137090683,-1.5240000486373901,1776886570.876
0.061000000685453415,0.24400000274181366,-1.5240000486373901,1776886570.887
-0.061000000685453415,0.12200000137090683,-1.4630000591278076,1776886570.913
0.0,0.24400000274181366,-1.4019999504089355,1776886570.928
-0.061000000685453415,0.24400000274181366,-1.5850000381469727,1776886570.954
0.0,0.3050000071525574,-1.4630000591278076,1776886571.374
0.0,0.24400000274181366,-1.4630000591278076,1776886571.388
0.0,0.12200000137090683,-1.4630000591278076,1776886571.414
0.0,0.24400000274181366,-1.5240000486373901,1776886571.429
0.0,0.3050000071525574,-1.4630000591278076,1776886571.455
-0.061000000685453415,0.18299999833106995,-1.4630000591278076,1776886571.875
0.0,0.24400000274181366,-1.4630000591278076,1776886571.889
0.0,0.24400000274181366,-1.4630000591278076,1776886571.915
0.0,0.24400000274181366,-1.4630000591278076,1776886571.928
0.0,0.12200000137090683,-1.4019999504089355,1776886571.953
-0.061000000685453415,0.24400000274181366,-1.4019999504089355,1776886572.368
0.0,0.3659999966621399,-1.4630000591278076,1776886572.406
-0.061000000685453415,0.24400000274181366,-1.5240000486373901,1776886572.418
0.0,0.12200000137090683,-1.5240000486373901,1776886572.429
0.0,0.061000000685453415,-1.4630000591278076,1776886572.449
0.0,0.24400000274181366,-1.4019999504089355,1776886572.876
0.0,0.18299999833106995,-1.4019999504089355,1776886572.888
0.0,0.18299999833106995,-1.4630000591278076,1776886572.913
0.061000000685453415,0.18299999833106995,-1.4630000591278076,1776886572.928
0.0,0.24400000274181366,-1.5850000381469727,1776886572.954
-0.061000000685453415,0.18299999833106995,-1.5240000486373901,1776886573.368
0.0,0.12200000137090683,-1.4019999504089355,1776886573.394
0.0,0.24400000274181366,-1.4630000591278076,1776886573.408
0.0,0.24400000274181366,-1.340999960899353,1776886573.434
0.061000000685453415,0.18299999833106995,-1.340999960899353,1776886573.448
0.061000000685453415,0.24400000274181366,-1.5240000486373901,1776886573.873
-0.061000000685453415,0.18299999833106995,-1.4630000591278076,1776886573.894
-0.061000000685453415,0.24400000274181366,-1.4630000591278076,1776886573.908
0.0,0.12200000137090683,-1.4630000591278076,1776886573.934
0.061000000685453415,0.24400000274181366,-1.4630000591278076,1776886573.948
0.0,0.24400000274181366,-1.5850000381469727,1776886574.368
0.0,0.24400000274181366,-1.4630000591278076,1776886574.393
0.0,0.3050000071525574,-1.4630000591278076,1776886574.408
-0.061000000685453415,0.18299999833106995,-1.340999960899353,1776886574.433
0.0,0.24400000274181366,-1.4019999504089355,1776886574.448
0.0,0.24400000274181366,-1.340999960899353,1776886574.897
-0.061000000685453415,0.12200000137090683,-1.5240000486373901,1776886574.908
0.0,0.18299999833106995,-1.5240000486373901,1776886574.934
0.061000000685453415,0.24400000274181366,-1.4630000591278076,1776886574.948
-0.061000000685453415,0.24400000274181366,-1.4630000591278076,1776886574.968
0.061000000685453415,0.18299999833106995,-1.4630000591278076,1776886575.368
0.061000000685453415,0.18299999833106995,-1.4630000591278076,1776886575.394
0.061000000685453415,0.18299999833106995,-1.4019999504089355,1776886575.409
0.0,0.24400000274181366,-1.5240000486373901,1776886575.435
0.0,0.3050000071525574,-1.5240000486373901,1776886575.448
0.0,0.18299999833106995,-1.5240000486373901,1776886575.888
0.0,0.18299999833106995,-1.5240000486373901,1776886575.914
0.0,0.18299999833106995,-1.5240000486373901,1776886575.928
0.061000000685453415,0.18299999833106995,-1.4019999504089355,1776886575.953
0.0,0.24400000274181366,14.085000038146973,1776886575.968
-0.061000000685453415,0.18299999833106995,-1.5240000486373901,1776886576.388
0.0,0.18299999833106995,-1.4630000591278076,1776886576.414
0.0,0.18299999833106995,-1.4019999504089355,1776886576.429
-0.061000000685453415,0.24400000274181366,-1.5240000486373901,1776886576.456
0.061000000685453415,0.18299999833106995,-1.4630000591278076,1776886576.468
0.0,0.24400000274181366,-1.4019999504089355,1776886576.894
-0.061000000685453415,0.24400000274181366,-1.4019999504089355,1776886576.908
-0.061000000685453415,0.24400000274181366,-1.6460000276565552,1776886576.933
0.0,0.18299999833106995,-1.4630000591278076,1776886576.948
0.0,0.18299999833106995,-1.4630000591278076,1776886576.974
0.061000000685453415,0.18299999833106995,-1.4630000591278076,1776886577.395
0.0,0.12200000137090683,-1.4630000591278076,1776886577.408
0.0,0.12200000137090683,-1.4630000591278076,1776886577.433
-0.061000000685453415,0.18299999833106995,-1.4630000591278076,1776886577.448
-0.061000000685453415,0.24400000274181366,-1.4630000591278076,1776886577.474
-0.061000000685453415,0.24400000274181366,-1.5240000486373901,1776886577.888
-0.061000000685453415,0.24400000274181366,-1.4630000591278076,1776886577.913
-0.061000000685453415,0.24400000274181366,-1.4019999504089355,1776886577.928
0.0,0.18299999833106995,-1.4630000591278076,1776886577.956
0.0,0.24400000274181366,-1.4630000591278076,1776886577.968
0.0,0.3050000071525574,-1.5240000486373901,1776886578.393
0.061000000685453415,0.18299999833106995,-1.4630000591278076,1776886578.408
0.0,0.12200000137090683,-1.4019999504089355,1776886578.433
-0.061000000685453415,0.18299999833106995,-1.4630000591278076,1776886578.448
0.0,0.24400000274181366,-1.4019999504089355,1776886578.474
0.061000000685453415,0.18299999833106995,-1.4630000591278076,1776886578.894
-0.061000000685453415,0.24400000274181366,-1.4630000591278076,1776886578.908
0.061000000685453415,0.18299999833106995,-1.4019999504089355,1776886578.932
0.0,0.24400000274181366,-1.4630000591278076,1776886578.948
0.0,0.3050000071525574,-1.4630000591278076,1776886578.976
0.0,0.24400000274181366,-1.4630000591278076,1776886579.394
0.0,0.18299999833106995,-1.5240000486373901,1776886579.408
0.0,0.3050000071525574,-1.5240000486373901,1776886579.433
0.0,0.24400000274181366,-1.4630000591278076,1776886579.448
0.0,0.18299999833106995,-17.072999954223633,1776886579.473
-0.061000000685453415,0.24400000274181366,-1.4630000591278076,1776886579.889
0.0,0.18299999833106995,-1.4630000591278076,1776886579.915
0.12200000137090683,0.24400000274181366,-1.4630000591278076,1776886579.928
0.0,0.18299999833106995,-1.4630000591278076,1776886579.954
0.0,0.18299999833106995,-1.340999960899353,1776886579.968
0.0,0.24400000274181366,-1.5240000486373901,1776886580.404
0.061000000685453415,0.24400000274181366,-1.4630000591278076,1776886580.416
0.0,0.18299999833106995,-1.5240000486373901,1776886580.428
0.0,0.18299999833106995,-1.4019999504089355,1776886580.453
0.0,0.24400000274181366,-1.4019999504089355,1776886580.468
0.0,0.18299999833106995,-1.4019999504089355,1776886580.888
0.0,0.12200000137090683,-1.5240000486373901,1776886580.913
-0.061000000685453415,0.18299999833106995,-1.4019999504089355,1776886580.928
-0.061000000685453415,0.18299999833106995,-1.4630000591278076,1776886580.954
-0.061000000685453415,0.12200000137090683,-1.5240000486373901,1776886580.968
0.0,0.24400000274181366,-1.5240000486373901,1776886581.413
0.061000000685453415,0.18299999833106995,-1.4019999504089355,1776886581.428
0.0,0.12200000137090683,-1.4630000591278076,1776886581.454
-0.061000000685453415,0.24400000274181366,-1.4019999504089355,1776886581.468
-0.061000000685453415,0.24400000274181366,-1.5240000486373901,1776886581.488
0.0,0.12200000137090683,-1.4630000591278076,1776886581.888
0.061000000685453415,0.18299999833106995,-1.4019999504089355,1776886581.913
0.0,0.18299999833106995,-1.4019999504089355,1776886581.928
-0.061000000685453415,0.3050000071525574,-1.4630000591278076,1776886581.953
0.0,0.3050000071525574,-1.4630000591278076,1776886581.968
-0.061000000685453415,0.18299999833106995,-1.4630000591278076,1776886582.422
0.0,0.18299999833106995,-1.4630000591278076,1776886582.433
0.061000000685453415,0.3050000071525574,-1.5240000486373901,1776886582.448
0.061000000685453415,0.24400000274181366,-1.4019999504089355,1776886582.474
0.0,0.24400000274181366,-1.5240000486373901,1776886582.488
-0.061000000685453415,0.12200000137090683,-1.4630000591278076,1776886582.888
0.0,0.24400000274181366,-1.4019999504089355,1776886582.914
0.0,0.18299999833106995,-1.4019999504089355,1776886582.928
-0.12200000137090683,0.18299999833106995,-1.4630000591278076,1776886582.954
0.0,0.12200000137090683,-1.4630000591278076,1776886582.968
0.0,0.24400000274181366,-1.4630000591278076,1776886583.409
0.0,0.24400000274181366,-1.4630000591278076,1776886583.436
0.061000000685453415,0.12200000137090683,-1.4630000591278076,1776886583.448
0.0,0.18299999833106995,-1.5240000486373901,1776886583.474
0.0,0.24400000274181366,-1.4019999504089355,1776886583.488
-0.061000000685453415,0.3050000071525574,-1.4630000591278076,1776886583.914
0.061000000685453415,0.18299999833106995,-1.4630000591278076,1776886583.928
0.0,0.3050000071525574,-1.4019999504089355,1776886583.954
0.0,0.3659999966621399,-1.4630000591278076,1776886583.968
0.0,0.24400000274181366,-1.4019999504089355,1776886583.988
-0.061000000685453415,0.24400000274181366,-1.4019999504089355,1776886584.408
0.0,0.12200000137090683,-1.340999960899353,1776886584.435
-0.12200000137090683,0.18299999833106995,-1.4019999504089355,1776886584.448
-0.061000000685453415,0.24400000274181366,-1.4630000591278076,1776886584.475
0.061000000685453415,0.12200000137090683,-1.4630000591278076,1776886584.488
0.061000000685453415,0.18299999833106995,-1.4019999504089355,1776886584.914
0.0,0.24400000274181366,-1.5240000486373901,1776886584.928
-0.061000000685453415,0.18299999833106995,-1.5240000486373901,1776886584.953
-0.12200000137090683,0.3050000071525574,-1.4019999504089355,1776886584.968
-0.061000000685453415,0.18299999833106995,-1.5240000486373901,1776886584.994
-0.061000000685453415,0.24400000274181366,-1.4019999504089355,1776886585.416
0.0,0.12200000137090683,-1.4019999504089355,1776886585.428
-0.061000000685453415,0.12200000137090683,-1.5240000486373901,1776886585.462
0.0,0.3050000071525574,-1.4019999504089355,1776886585.473
0.061000000685453415,0.3050000071525574,-1.4019999504089355,1776886585.488
-0.061000000685453415,0.18299999833106995,14.085000038146973,1776886585.935
-0.061000000685453415,0.18299999833106995,14.085000038146973,1776886585.948
-0.061000000685453415,0.18299999833106995,14.085000038146973,1776886585.969
0.0,0.18299999833106995,-1.4630000591278076,1776886585.995
-0.061000000685453415,0.18299999833106995,-1.340999960899353,1776886586.008
0.0,0.18299999833106995,-1.4019999504089355,1776886586.408
0.0,0.24400000274181366,-1.340999960899353,1776886586.434
0.0,0.24400000274181366,-1.5240000486373901,1776886586.448
0.0,0.18299999833106995,-17.072999954223633,1776886586.474
0.0,0.12200000137090683,-1.4019999504089355,1776886586.488
0.061000000685453415,0.24400000274181366,-1.5240000486373901,1776886586.908
0.0,0.18299999833106995,-1.4630000591278076,1776886586.934
-0.061000000685453415,0.24400000274181366,-1.4019999504089355,1776886586.948
0.0,0.24400000274181366,-1.4019999504089355,1776886586.974
0.0,0.24400000274181366,-1.4019999504089355,1776886586.99
0.0,0.24400000274181366,-1.4630000591278076,1776886587.434
-0.061000000685453415,0.0,-1.4019999504089355,1776886587.448
-0.061000000685453415,0.24400000274181366,-1.4630000591278076,1776886587.475
0.0,0.12200000137090683,-1.340999960899353,1776886587.488
0.0,0.12200000137090683,-1.4019999504089355,1776886587.514
-0.061000000685453415,0.18299999833106995,-1.4630000591278076,1776886587.928
-0.061000000685453415,0.12200000137090683,-1.4019999504089355,1776886587.954
0.0,0.18299999833106995,-1.4019999504089355,1776886587.968
0.0,0.18299999833106995,-1.4630000591278076,1776886587.994
-0.061000000685453415,0.12200000137090683,-1.4630000591278076,1776886588.008
-0.061000000685453415,0.24400000274181366,-1.4630000591278076,1776886588.434
0.0,0.3050000071525574,-1.4019999504089355,1776886588.448
0.0,0.12200000137090683,-1.5240000486373901,1776886588.468
-0.061000000685453415,0.24400000274181366,-1.4019999504089355,1776886588.497
-0.061000000685453415,0.18299999833106995,-1.4630000591278076,1776886588.508
-0.12200000137090683,0.3050000071525574,-0.6710000038146973,1776886588.928
0.12200000137090683,0.3050000071525574,-1.2200000286102295,1776886588.954
0.18299999833106995,0.18299999833106995,-2.134000062942505,1776886588.968
0.0,0.18299999833106995,-1.2799999713897705,1776886588.994
-0.18299999833106995,0.3050000071525574,-1.7680000066757202,1776886589.008
0.0,0.061000000685453415,-1.4630000591278076,1776886589.434
0.061000000685453415,0.24400000274181366,-1.4019999504089355,1776886589.448
0.0,0.24400000274181366,-1.4630000591278076,1776886589.475
-0.061000000685453415,0.3050000071525574,-1.4630000591278076,1776886589.493
0.0,0.18299999833106995,-1.4630000591278076,1776886589.508
0.9760000109672546,0.12200000137090683,0.9760000109672546,1776886589.943
-0.8539999723434448,0.24400000274181366,-0.6710000038146973,1776886589.953
-0.6100000143051147,0.12200000137090683,-1.9509999752044678,1776886589.968
0.0,0.12200000137090683,-0.7929999828338623,1776886589.994
-0.24400000274181366,0.18299999833106995,-1.2799999713897705,1776886590.008
0.061000000685453415,0.24400000274181366,-1.4630000591278076,1776886590.434
-0.061000000685453415,0.18299999833106995,-1.5240000486373901,1776886590.448
0.0,0.24400000274181366,-1.4019999504089355,1776886590.474
0.0,0.18299999833106995,-1.5240000486373901,1776886590.488
-0.061000000685453415,0.3050000071525574,-1.4019999504089355,1776886590.514
0.0,0.18299999833106995,-1.5850000381469727,1776886590.936
0.0,0.18299999833106995,-1.5240000486373901,1776886590.948
0.0,0.12200000137090683,-1.4630000591278076,1776886590.968
0.061000000685453415,0.18299999833106995,-1.5240000486373901,1776886590.994
0.0,0.24400000274181366,-1.4630000591278076,1776886591.008
0.0,0.24400000274181366,-1.4630000591278076,1776886591.436
0.0,0.18299999833106995,-1.4019999504089355,1776886591.448
0.0,0.24400000274181366,-1.4019999504089355,1776886591.474
-0.061000000685453415,0.24400000274181366,-1.5240000486373901,1776886591.488
