front_left,front_right,rear_left,rear_right,t
-58.0,-49.0,-58.0,-49.0,1776885834.276
-58.0,-49.0,-58.0,-49.0,1776885834.29
-58.0,-49.0,-58.0,-49.0,1776885834.316
-58.0,-49.0,-58.0,-49.0,1776885834.33
-70.0,-60.0,-70.0,-60.0,1776885834.356
67.0,70.0,67.0,70.0,1776885835.276
67.0,70.0,67.0,70.0,1776885835.29
67.0,70.0,67.0,70.0,1776885835.316
67.0,70.0,67.0,70.0,1776885835.33
67.0,70.0,67.0,70.0,1776885835.356
0.0,0.0,0.0,0.0,1776885837.77
0.0,0.0,0.0,0.0,1776885837.796
0.0,0.0,0.0,0.0,1776885837.81
0.0,0.0,0.0,0.0,1776885837.837
0.0,0.0,0.0,0.0,1776885837.85
-21.0,-15.0,-21.0,-15.0,1776885838.79
-21.0,-15.0,-21.0,-15.0,1776885838.816
-21.0,-15.0,-21.0,-15.0,1776885838.832
-21.0,-15.0,-21.0,-15.0,1776885838.858
-21.0,-15.0,-21.0,-15.0,1776885838.87
0.0,0.0,0.0,0.0,1776885840.29
0.0,0.0,0.0,0.0,1776885840.318
0.0,0.0,0.0,0.0,1776885840.33
0.0,0.0,0.0,0.0,1776885840.356
0.0,0.0,0.0,0.0,1776885840.37
0.0,0.0,0.0,0.0,1776885841.79
0.0,0.0,0.0,0.0,1776885841.816
0.0,0.0,0.0,0.0,1776885841.86
0.0,0.0,0.0,0.0,1776885841.871
0.0,0.0,0.0,0.0,1776885841.881
0.0,0.0,0.0,0.0,1776885842.796
0.0,0.0,0.0,0.0,1776885842.811
0.0,0.0,0.0,0.0,1776885842.838
0.0,0.0,0.0,0.0,1776885842.85
0.0,0.0,0.0,0.0,1776885842.878
0.0,0.0,0.0,0.0,1776885843.296
0.0,0.0,0.0,0.0,1776885843.31
0.0,0.0,0.0,0.0,1776885843.338
0.0,0.0,0.0,0.0,1776885843.352
0.0,0.0,0.0,0.0,1776885843.378
0.0,0.0,0.0,0.0,1776885844.79
0.0,0.0,0.0,0.0,1776885844.816
0.0,0.0,0.0,0.0,1776885844.83
0.0,0.0,0.0,0.0,1776885844.856
0.0,0.0,0.0,0.0,1776885844.87
0.0,0.0,0.0,0.0,1776885845.75
0.0,0.0,0.0,0.0,1776885845.776
0.0,0.0,0.0,0.0,1776885845.79
0.0,0.0,0.0,0.0,1776885845.817
0.0,0.0,0.0,0.0,1776885845.886
0.0,0.0,0.0,0.0,1776885846.816
0.0,0.0,0.0,0.0,1776885846.831
0.0,0.0,0.0,0.0,1776885846.857
0.0,0.0,0.0,0.0,1776885846.87
0.0,0.0,0.0,0.0,1776885846.897
0.0,-22.0,0.0,-22.0,1776885847.81
0.0,-22.0,0.0,-22.0,1776885847.862
0.0,-22.0,0.0,-22.0,1776885847.873
0.0,-22.0,0.0,-22.0,1776885847.884
0.0,-22.0,0.0,-22.0,1776885847.895
0.0,0.0,0.0,0.0,1776885848.81
0.0,0.0,0.0,0.0,1776885848.842
0.0,0.0,0.0,0.0,1776885848.853
0.0,0.0,0.0,0.0,1776885848.87
0.0,0.0,0.0,0.0,1776885848.896
0.0,0.0,0.0,0.0,1776885849.81
0.0,0.0,0.0,0.0,1776885849.861
0.0,0.0,0.0,0.0,1776885849.871
0.0,0.0,0.0,0.0,1776885849.882
0.0,0.0,0.0,0.0,1776885849.892
0.0,0.0,0.0,0.0,1776885851.81
0.0,0.0,0.0,0.0,1776885851.859
0.0,0.0,0.0,0.0,1776885851.87
0.0,0.0,0.0,0.0,1776885851.88
0.0,0.0,0.0,0.0,1776885851.891
0.0,0.0,0.0,0.0,1776885857.862
0.0,0.0,0.0,0.0,1776885857.873
0.0,0.0,0.0,0.0,1776885857.883
0.0,0.0,0.0,0.0,1776885857.894
0.0,0.0,0.0,0.0,1776885857.91
0.0,0.0,0.0,0.0,1776885859.331
0.0,0.0,0.0,0.0,1776885859.356
0.0,0.0,0.0,0.0,1776885859.37
0.0,0.0,0.0,0.0,1776885859.398
0.0,0.0,0.0,0.0,1776885859.41
0.0,0.0,0.0,0.0,1776885860.356
0.0,0.0,0.0,0.0,1776885860.37
0.0,0.0,0.0,0.0,1776885860.396
0.0,0.0,0.0,0.0,1776885860.41
0.0,0.0,0.0,0.0,1776885860.436
0.0,0.0,0.0,0.0,1776885861.883
0.0,0.0,0.0,0.0,1776885861.895
0.0,0.0,0.0,0.0,1776885861.905
0.0,0.0,0.0,0.0,1776885861.916
0.0,0.0,0.0,0.0,1776885861.93
0.0,0.0,0.0,0.0,1776885863.359
0.0,0.0,0.0,0.0,1776885863.371
0.0,0.0,0.0,0.0,1776885863.399
0.0,0.0,0.0,0.0,1776885863.411
0.0,0.0,0.0,0.0,1776885863.437
0.0,0.0,0.0,0.0,1776885864.856
0.0,0.0,0.0,0.0,1776885864.87
0.0,0.0,0.0,0.0,1776885864.896
0.0,0.0,0.0,0.0,1776885864.91
0.0,0.0,0.0,0.0,1776885864.936
0.0,0.0,0.0,0.0,1776885875.031
0.0,0.0,0.0,0.0,1776885875.057
0.0,0.0,0.0,0.0,1776885875.071
0.0,0.0,0.0,0.0,1776885875.097
0.0,0.0,0.0,0.0,1776885875.111
0.0,0.0,0.0,0.0,1776885881.519
0.0,0.0,0.0,0.0,1776885881.531
0.0,0.0,0.0,0.0,1776885881.56
0.0,0.0,0.0,0.0,1776885881.571
0.0,0.0,0.0,0.0,1776885881.606
45.0,42.0,45.0,42.0,1776885882.717
45.0,42.0,45.0,42.0,1776885882.746
45.0,42.0,45.0,42.0,1776885882.759
45.0,42.0,45.0,42.0,1776885882.771
45.0,42.0,45.0,42.0,1776885882.797
-10.0,10.0,-10.0,10.0,1776885883.718
-10.0,10.0,-10.0,10.0,1776885883.731
-10.0,10.0,-10.0,10.0,1776885883.757
-10.0,10.0,-10.0,10.0,1776885883.771
-10.0,10.0,-10.0,10.0,1776885883.798
0.0,0.0,0.0,0.0,1776885884.14
0.0,0.0,0.0,0.0,1776885884.151
0.0,0.0,0.0,0.0,1776885884.177
0.0,0.0,0.0,0.0,1776885884.191
0.0,0.0,0.0,0.0,1776885884.217
0.0,0.0,0.0,0.0,1776885885.22
0.0,0.0,0.0,0.0,1776885885.231
0.0,0.0,0.0,0.0,1776885885.257
0.0,0.0,0.0,0.0,1776885885.273
0.0,0.0,0.0,0.0,1776885885.293
0.0,0.0,0.0,0.0,1776885885.731
0.0,0.0,0.0,0.0,1776885885.757
0.0,0.0,0.0,0.0,1776885885.771
0.0,0.0,0.0,0.0,1776885885.8
0.0,0.0,0.0,0.0,1776885885.811
0.0,0.0,0.0,0.0,1776885886.157
0.0,0.0,0.0,0.0,1776885886.171
0.0,0.0,0.0,0.0,1776885886.199
0.0,0.0,0.0,0.0,1776885886.211
0.0,0.0,0.0,0.0,1776885886.237
0.0,0.0,0.0,0.0,1776885886.731
0.0,0.0,0.0,0.0,1776885886.757
0.0,0.0,0.0,0.0,1776885886.771
0.0,0.0,0.0,0.0,1776885886.798
0.0,0.0,0.0,0.0,1776885886.811
0.0,0.0,0.0,0.0,1776885887.251
0.0,0.0,0.0,0.0,1776885887.279
0.0,0.0,0.0,0.0,1776885887.291
0.0,0.0,0.0,0.0,1776885887.32
0.0,0.0,0.0,0.0,1776885887.332
0.0,0.0,0.0,0.0,1776885888.231
0.0,0.0,0.0,0.0,1776885888.257
0.0,0.0,0.0,0.0,1776885888.31
0.0,0.0,0.0,0.0,1776885888.321
0.0,0.0,0.0,0.0,1776885888.332
0.0,0.0,0.0,0.0,1776885888.751
0.0,0.0,0.0,0.0,1776885888.777
0.0,0.0,0.0,0.0,1776885888.792
0.0,0.0,0.0,0.0,1776885888.813
0.0,0.0,0.0,0.0,1776885888.839
0.0,0.0,0.0,0.0,1776885889.252
0.0,0.0,0.0,0.0,1776885889.279
0.0,0.0,0.0,0.0,1776885889.291
0.0,0.0,0.0,0.0,1776885889.317
0.0,0.0,0.0,0.0,1776885889.331
0.0,0.0,0.0,0.0,1776885889.751
0.0,0.0,0.0,0.0,1776885889.777
0.0,0.0,0.0,0.0,1776885889.791
0.0,0.0,0.0,0.0,1776885889.817
0.0,0.0,0.0,0.0,1776885889.831
0.0,0.0,0.0,0.0,1776885890.171
0.0,0.0,0.0,0.0,1776885890.197
0.0,0.0,0.0,0.0,1776885890.211
0.0,0.0,0.0,0.0,1776885890.239
0.0,0.0,0.0,0.0,1776885890.251
0.0,0.0,0.0,0.0,1776885892.777
0.0,0.0,0.0,0.0,1776885892.791
0.0,0.0,0.0,0.0,1776885892.817
0.0,0.0,0.0,0.0,1776885892.831
0.0,0.0,0.0,0.0,1776885892.857
0.0,0.0,0.0,0.0,1776885893.271
0.0,0.0,0.0,0.0,1776885893.297
0.0,0.0,0.0,0.0,1776885893.311
0.0,0.0,0.0,0.0,1776885893.338
0.0,0.0,0.0,0.0,1776885893.351
0.0,0.0,0.0,0.0,1776885893.772
0.0,0.0,0.0,0.0,1776885893.791
0.0,0.0,0.0,0.0,1776885893.812
0.0,0.0,0.0,0.0,1776885893.839
0.0,0.0,0.0,0.0,1776885893.851
0.0,0.0,0.0,0.0,1776885894.271
0.0,0.0,0.0,0.0,1776885894.304
0.0,0.0,0.0,0.0,1776885894.321
0.0,0.0,0.0,0.0,1776885894.332
0.0,0.0,0.0,0.0,1776885894.358
0.0,0.0,0.0,0.0,1776885894.778
0.0,0.0,0.0,0.0,1776885894.791
0.0,0.0,0.0,0.0,1776885894.817
0.0,0.0,0.0,0.0,1776885894.831
0.0,0.0,0.0,0.0,1776885894.857
-66.0,-66.0,-66.0,-66.0,1776885895.777
-66.0,-66.0,-66.0,-66.0,1776885895.792
-66.0,-66.0,-66.0,-66.0,1776885895.818
-66.0,-66.0,-66.0,-66.0,1776885895.831
-66.0,-66.0,-66.0,-66.0,1776885895.857
-101.0,-100.0,-101.0,-100.0,1776885896.271
-101.0,-100.0,-101.0,-100.0,1776885896.298
-106.0,-105.0,-106.0,-105.0,1776885896.311
-106.0,-105.0,-106.0,-105.0,1776885896.337
-106.0,-105.0,-106.0,-105.0,1776885896.351
-113.0,-111.0,-113.0,-111.0,1776885896.778
-113.0,-111.0,-113.0,-111.0,1776885896.791
-113.0,-111.0,-113.0,-111.0,1776885896.819
-113.0,-111.0,-113.0,-111.0,1776885896.831
-115.0,-112.0,-115.0,-112.0,1776885896.852
0.0,0.0,0.0,0.0,1776885898.791
0.0,0.0,0.0,0.0,1776885898.817
0.0,0.0,0.0,0.0,1776885898.831
0.0,0.0,0.0,0.0,1776885898.857
0.0,0.0,0.0,0.0,1776885898.871
0.0,0.0,0.0,0.0,1776885899.291
0.0,0.0,0.0,0.0,1776885899.312
0.0,0.0,0.0,0.0,1776885899.337
0.0,0.0,0.0,0.0,1776885899.351
0.0,0.0,0.0,0.0,1776885899.377
0.0,0.0,0.0,0.0,1776885899.792
0.0,0.0,0.0,0.0,1776885899.817
0.0,0.0,0.0,0.0,1776885899.831
0.0,0.0,0.0,0.0,1776885899.857
0.0,0.0,0.0,0.0,1776885899.871
0.0,0.0,0.0,0.0,1776885900.291
0.0,0.0,0.0,0.0,1776885900.318
0.0,0.0,0.0,0.0,1776885900.331
0.0,0.0,0.0,0.0,1776885900.357
0.0,0.0,0.0,0.0,1776885900.371
0.0,0.0,0.0,0.0,1776885900.791
0.0,0.0,0.0,0.0,1776885900.817
0.0,0.0,0.0,0.0,1776885900.831
0.0,0.0,0.0,0.0,1776885900.857
0.0,0.0,0.0,0.0,1776885900.871
0.0,0.0,0.0,0.0,1776885901.297
0.0,0.0,0.0,0.0,1776885901.311
0.0,0.0,0.0,0.0,1776885901.337
0.0,0.0,0.0,0.0,1776885901.352
0.0,0.0,0.0,0.0,1776885901.378
0.0,1.0,0.0,1.0,1776885901.798
0.0,1.0,0.0,1.0,1776885901.811
0.0,1.0,0.0,1.0,1776885901.839
0.0,1.0,0.0,1.0,1776885901.851
0.0,1.0,0.0,1.0,1776885901.879
-6.0,8.0,-6.0,8.0,1776885902.291
-9.0,10.0,-9.0,10.0,1776885902.318
-9.0,10.0,-9.0,10.0,1776885902.331
-9.0,10.0,-9.0,10.0,1776885902.357
-9.0,10.0,-9.0,10.0,1776885902.371
-17.0,12.0,-17.0,12.0,1776885902.799
-21.0,12.0,-21.0,12.0,1776885902.811
-21.0,12.0,-21.0,12.0,1776885902.838
-21.0,12.0,-21.0,12.0,1776885902.851
-21.0,12.0,-21.0,12.0,1776885902.879
-25.0,13.0,-25.0,13.0,1776885903.292
-25.0,13.0,-25.0,13.0,1776885903.318
-26.0,13.0,-26.0,13.0,1776885903.331
-26.0,13.0,-26.0,13.0,1776885903.351
-26.0,13.0,-26.0,13.0,1776885903.377
-23.0,15.0,-23.0,15.0,1776885903.791
-23.0,15.0,-23.0,15.0,1776885903.817
-23.0,15.0,-23.0,15.0,1776885903.831
-21.0,18.0,-21.0,18.0,1776885903.858
-21.0,18.0,-21.0,18.0,1776885903.871
-21.0,20.0,-21.0,20.0,1776885904.817
-21.0,20.0,-21.0,20.0,1776885904.831
-21.0,17.0,-21.0,17.0,1776885904.857
-21.0,17.0,-21.0,17.0,1776885904.872
-21.0,17.0,-21.0,17.0,1776885904.898
-18.0,13.0,-18.0,13.0,1776885905.318
-18.0,13.0,-18.0,13.0,1776885905.332
-18.0,13.0,-18.0,13.0,1776885905.359
-17.0,10.0,-17.0,10.0,1776885905.372
-17.0,10.0,-17.0,10.0,1776885905.392
-1.0,4.0,-1.0,4.0,1776885905.811
-1.0,4.0,-1.0,4.0,1776885905.838
-1.0,4.0,-1.0,4.0,1776885905.852
-1.0,4.0,-1.0,4.0,1776885905.877
-1.0,4.0,-1.0,4.0,1776885905.891
0.0,0.0,0.0,0.0,1776885906.311
0.0,0.0,0.0,0.0,1776885906.337
0.0,0.0,0.0,0.0,1776885906.352
0.0,0.0,0.0,0.0,1776885906.377
0.0,0.0,0.0,0.0,1776885906.392
0.0,0.0,0.0,0.0,1776885906.818
0.0,0.0,0.0,0.0,1776885906.832
0.0,0.0,0.0,0.0,1776885906.857
0.0,0.0,0.0,0.0,1776885906.871
0.0,0.0,0.0,0.0,1776885906.897
0.0,0.0,0.0,0.0,1776885907.312
0.0,0.0,0.0,0.0,1776885907.338
0.0,0.0,0.0,0.0,1776885907.351
0.0,0.0,0.0,0.0,1776885907.377
0.0,0.0,0.0,0.0,1776885907.391
0.0,0.0,0.0,0.0,1776885907.817
0.0,0.0,0.0,0.0,1776885907.832
0.0,0.0,0.0,0.0,1776885907.858
0.0,0.0,0.0,0.0,1776885907.872
0.0,0.0,0.0,0.0,1776885907.899
2.0,-2.0,2.0,-2.0,1776885908.817
4.0,-3.0,4.0,-3.0,1776885908.832
4.0,-3.0,4.0,-3.0,1776885908.858
4.0,-3.0,4.0,-3.0,1776885908.872
4.0,-3.0,4.0,-3.0,1776885908.9
19.0,-18.0,19.0,-18.0,1776885909.838
21.0,-21.0,21.0,-21.0,1776885909.852
21.0,-21.0,21.0,-21.0,1776885909.873
21.0,-21.0,21.0,-21.0,1776885909.899
21.0,-21.0,21.0,-21.0,1776885909.912
24.0,-27.0,24.0,-27.0,1776885910.312
24.0,-27.0,24.0,-27.0,1776885910.339
24.0,-27.0,24.0,-27.0,1776885910.352
20.0,-24.0,20.0,-24.0,1776885910.378
20.0,-24.0,20.0,-24.0,1776885910.392
9.0,-9.0,9.0,-9.0,1776885911.338
6.0,-5.0,6.0,-5.0,1776885911.352
6.0,-5.0,6.0,-5.0,1776885911.377
6.0,-5.0,6.0,-5.0,1776885911.392
6.0,-5.0,6.0,-5.0,1776885911.418
0.0,0.0,0.0,0.0,1776885911.817
0.0,0.0,0.0,0.0,1776885911.837
0.0,0.0,0.0,0.0,1776885911.852
0.0,0.0,0.0,0.0,1776885911.878
0.0,0.0,0.0,0.0,1776885911.892
0.0,0.0,0.0,0.0,1776885912.337
0.0,0.0,0.0,0.0,1776885912.352
0.0,0.0,0.0,0.0,1776885912.373
0.0,0.0,0.0,0.0,1776885912.399
0.0,0.0,0.0,0.0,1776885912.412
0.0,0.0,0.0,0.0,1776885912.832
0.0,0.0,0.0,0.0,1776885912.857
0.0,0.0,0.0,0.0,1776885912.872
0.0,0.0,0.0,0.0,1776885912.899
0.0,0.0,0.0,0.0,1776885912.914
0.0,0.0,0.0,0.0,1776885913.34
1.0,0.0,1.0,0.0,1776885913.352
1.0,0.0,1.0,0.0,1776885913.378
1.0,0.0,1.0,0.0,1776885913.392
1.0,0.0,1.0,0.0,1776885913.418
20.0,-12.0,20.0,-12.0,1776885914.338
20.0,-12.0,20.0,-12.0,1776885914.352
20.0,-12.0,20.0,-12.0,1776885914.378
20.0,-12.0,20.0,-12.0,1776885914.392
23.0,-16.0,23.0,-16.0,1776885914.418
22.0,-19.0,22.0,-19.0,1776885914.832
22.0,-19.0,22.0,-19.0,1776885914.858
22.0,-19.0,22.0,-19.0,1776885914.872
22.0,-19.0,22.0,-19.0,1776885914.898
22.0,-19.0,22.0,-19.0,1776885914.912
18.0,-23.0,18.0,-23.0,1776885915.332
18.0,-22.0,18.0,-22.0,1776885915.358
18.0,-22.0,18.0,-22.0,1776885915.378
18.0,-22.0,18.0,-22.0,1776885915.392
18.0,-22.0,18.0,-22.0,1776885915.418
17.0,-24.0,17.0,-24.0,1776885915.832
17.0,-24.0,17.0,-24.0,1776885915.858
16.0,-25.0,16.0,-25.0,1776885915.872
16.0,-25.0,16.0,-25.0,1776885915.897
16.0,-25.0,16.0,-25.0,1776885915.912
21.0,-28.0,21.0,-28.0,1776885916.338
21.0,-28.0,21.0,-28.0,1776885916.352
21.0,-28.0,21.0,-28.0,1776885916.378
21.0,-28.0,21.0,-28.0,1776885916.392
21.0,-28.0,21.0,-28.0,1776885916.419
21.0,-22.0,21.0,-22.0,1776885917.352
21.0,-22.0,21.0,-22.0,1776885917.378
18.0,-20.0,18.0,-20.0,1776885917.392
18.0,-20.0,18.0,-20.0,1776885917.418
18.0,-20.0,18.0,-20.0,1776885917.432
18.0,-15.0,18.0,-15.0,1776885917.832
18.0,-15.0,18.0,-15.0,1776885917.858
18.0,-15.0,18.0,-15.0,1776885917.873
18.0,-15.0,18.0,-15.0,1776885917.9
18.0,-15.0,18.0,-15.0,1776885917.912
9.0,-10.0,9.0,-10.0,1776885918.352
9.0,-10.0,9.0,-10.0,1776885918.377
9.0,-10.0,9.0,-10.0,1776885918.392
9.0,-10.0,9.0,-10.0,1776885918.421
9.0,-10.0,9.0,-10.0,1776885918.432
4.0,-7.0,4.0,-7.0,1776885918.858
4.0,-4.0,4.0,-4.0,1776885918.872
4.0,-4.0,4.0,-4.0,1776885918.905
4.0,-4.0,4.0,-4.0,1776885918.915
4.0,-4.0,4.0,-4.0,1776885918.932
0.0,0.0,0.0,0.0,1776885919.352
0.0,0.0,0.0,0.0,1776885919.378
0.0,0.0,0.0,0.0,1776885919.392
0.0,0.0,0.0,0.0,1776885919.419
0.0,0.0,0.0,0.0,1776885919.432
0.0,0.0,0.0,0.0,1776885919.858
0.0,0.0,0.0,0.0,1776885919.872
0.0,0.0,0.0,0.0,1776885919.898
0.0,0.0,0.0,0.0,1776885919.912
0.0,0.0,0.0,0.0,1776885919.938
0.0,0.0,0.0,0.0,1776885920.352
0.0,0.0,0.0,0.0,1776885920.378
0.0,0.0,0.0,0.0,1776885920.392
0.0,0.0,0.0,0.0,1776885920.418
0.0,0.0,0.0,0.0,1776885920.432
0.0,0.0,0.0,0.0,1776885920.852
0.0,0.0,0.0,0.0,1776885920.881
0.0,0.0,0.0,0.0,1776885920.892
0.0,0.0,0.0,0.0,1776885920.918
0.0,0.0,0.0,0.0,1776885920.932
0.0,0.0,0.0,0.0,1776885921.358
0.0,0.0,0.0,0.0,1776885921.372
0.0,0.0,0.0,0.0,1776885921.4
0.0,0.0,0.0,0.0,1776885921.412
0.0,0.0,0.0,0.0,1776885921.44
0.0,5.0,0.0,5.0,1776885921.872
0.0,5.0,0.0,5.0,1776885921.898
0.0,5.0,0.0,5.0,1776885921.912
0.0,5.0,0.0,5.0,1776885921.938
0.0,5.0,0.0,5.0,1776885921.952
-1.0,9.0,-1.0,9.0,1776885922.352
-1.0,9.0,-1.0,9.0,1776885922.38
-4.0,9.0,-4.0,9.0,1776885922.392
-4.0,9.0,-4.0,9.0,1776885922.418
-4.0,9.0,-4.0,9.0,1776885922.432
-12.0,11.0,-12.0,11.0,1776885922.872
-12.0,11.0,-12.0,11.0,1776885922.899
-12.0,11.0,-12.0,11.0,1776885922.912
-12.0,11.0,-12.0,11.0,1776885922.939
-12.0,11.0,-12.0,11.0,1776885922.952
-16.0,13.0,-16.0,13.0,1776885923.372
-16.0,13.0,-16.0,13.0,1776885923.4
-16.0,13.0,-16.0,13.0,1776885923.412
-16.0,13.0,-16.0,13.0,1776885923.438
-16.0,13.0,-16.0,13.0,1776885923.452
-20.0,15.0,-20.0,15.0,1776885923.878
-20.0,15.0,-20.0,15.0,1776885923.892
-20.0,15.0,-20.0,15.0,1776885923.92
-20.0,15.0,-20.0,15.0,1776885923.933
-20.0,15.0,-20.0,15.0,1776885923.952
-19.0,19.0,-19.0,19.0,1776885924.352
-19.0,19.0,-19.0,19.0,1776885924.379
-19.0,19.0,-19.0,19.0,1776885924.392
-22.0,17.0,-22.0,17.0,1776885924.418
-22.0,17.0,-22.0,17.0,1776885924.432
-26.0,16.0,-26.0,16.0,1776885924.872
-26.0,16.0,-26.0,16.0,1776885924.899
-26.0,16.0,-26.0,16.0,1776885924.913
-26.0,16.0,-26.0,16.0,1776885924.94
-26.0,16.0,-26.0,16.0,1776885924.952
-25.0,15.0,-25.0,15.0,1776885925.378
-25.0,15.0,-25.0,15.0,1776885925.399
-25.0,15.0,-25.0,15.0,1776885925.412
-25.0,15.0,-25.0,15.0,1776885925.44
-25.0,15.0,-25.0,15.0,1776885925.452
-18.0,22.0,-18.0,22.0,1776885925.88
-18.0,22.0,-18.0,22.0,1776885925.892
-18.0,22.0,-18.0,22.0,1776885925.92
-18.0,22.0,-18.0,22.0,1776885925.939
-18.0,22.0,-18.0,22.0,1776885925.952
-16.0,22.0,-16.0,22.0,1776885926.373
-16.0,22.0,-16.0,22.0,1776885926.393
-16.0,22.0,-16.0,22.0,1776885926.419
-15.0,25.0,-15.0,25.0,1776885926.433
-15.0,25.0,-15.0,25.0,1776885926.452
-8.0,7.0,-8.0,7.0,1776885927.38
-8.0,7.0,-8.0,7.0,1776885927.395
-8.0,7.0,-8.0,7.0,1776885927.413
-8.0,7.0,-8.0,7.0,1776885927.439
-8.0,7.0,-8.0,7.0,1776885927.452
0.0,0.0,0.0,0.0,1776885927.892
0.0,0.0,0.0,0.0,1776885927.918
0.0,0.0,0.0,0.0,1776885927.932
0.0,0.0,0.0,0.0,1776885927.958
0.0,0.0,0.0,0.0,1776885927.972
-1.0,3.0,-1.0,3.0,1776885928.373
-1.0,3.0,-1.0,3.0,1776885928.399
-3.0,3.0,-3.0,3.0,1776885928.412
-3.0,3.0,-3.0,3.0,1776885928.44
-3.0,3.0,-3.0,3.0,1776885928.452
-6.0,7.0,-6.0,7.0,1776885928.892
-6.0,7.0,-6.0,7.0,1776885928.918
-9.0,9.0,-9.0,9.0,1776885928.932
-9.0,9.0,-9.0,9.0,1776885928.961
-9.0,9.0,-9.0,9.0,1776885928.972
-16.0,16.0,-16.0,16.0,1776885929.392
-16.0,16.0,-16.0,16.0,1776885929.418
-16.0,16.0,-16.0,16.0,1776885929.432
-20.0,15.0,-20.0,15.0,1776885929.458
-20.0,15.0,-20.0,15.0,1776885929.472
-20.0,18.0,-20.0,18.0,1776885929.892
-20.0,18.0,-20.0,18.0,1776885929.919
-20.0,18.0,-20.0,18.0,1776885929.932
-20.0,18.0,-20.0,18.0,1776885929.959
-20.0,18.0,-20.0,18.0,1776885929.972
-22.0,23.0,-22.0,23.0,1776885930.392
-22.0,23.0,-22.0,23.0,1776885930.422
-21.0,24.0,-21.0,24.0,1776885930.432
-21.0,24.0,-21.0,24.0,1776885930.458
-21.0,24.0,-21.0,24.0,1776885930.472
-19.0,26.0,-19.0,26.0,1776885930.898
-19.0,26.0,-19.0,26.0,1776885930.912
-19.0,26.0,-19.0,26.0,1776885930.94
-19.0,26.0,-19.0,26.0,1776885930.953
-16.0,22.0,-16.0,22.0,1776885930.979
-16.0,14.0,-16.0,14.0,1776885931.392
-16.0,14.0,-16.0,14.0,1776885931.418
-16.0,14.0,-16.0,14.0,1776885931.432
-16.0,14.0,-16.0,14.0,1776885931.458
-12.0,13.0,-12.0,13.0,1776885931.472
0.0,0.0,0.0,0.0,1776885932.399
0.0,0.0,0.0,0.0,1776885932.412
0.0,0.0,0.0,0.0,1776885932.438
0.0,0.0,0.0,0.0,1776885932.452
0.0,0.0,0.0,0.0,1776885932.478
0.0,0.0,0.0,0.0,1776885932.892
0.0,0.0,0.0,0.0,1776885932.918
0.0,0.0,0.0,0.0,1776885932.932
0.0,0.0,0.0,0.0,1776885932.958
0.0,0.0,0.0,0.0,1776885932.977
0.0,0.0,0.0,0.0,1776885933.4
0.0,0.0,0.0,0.0,1776885933.412
0.0,0.0,0.0,0.0,1776885933.44
0.0,0.0,0.0,0.0,1776885933.455
0.0,0.0,0.0,0.0,1776885933.481
4.0,7.0,4.0,7.0,1776885933.918
4.0,7.0,4.0,7.0,1776885933.935
4.0,7.0,4.0,7.0,1776885933.952
4.0,7.0,4.0,7.0,1776885933.978
13.0,17.0,13.0,17.0,1776885933.992
41.0,45.0,41.0,45.0,1776885934.418
41.0,45.0,41.0,45.0,1776885934.432
41.0,45.0,41.0,45.0,1776885934.452
41.0,45.0,41.0,45.0,1776885934.478
41.0,45.0,41.0,45.0,1776885934.492
87.0,88.0,87.0,88.0,1776885934.912
87.0,88.0,87.0,88.0,1776885934.938
87.0,88.0,87.0,88.0,1776885934.953
87.0,88.0,87.0,88.0,1776885934.979
87.0,88.0,87.0,88.0,1776885934.993
73.0,71.0,73.0,71.0,1776885935.392
64.0,63.0,64.0,63.0,1776885935.42
64.0,63.0,64.0,63.0,1776885935.432
64.0,63.0,64.0,63.0,1776885935.462
64.0,63.0,64.0,63.0,1776885935.472
23.0,21.0,23.0,21.0,1776885935.912
23.0,21.0,23.0,21.0,1776885935.94
23.0,21.0,23.0,21.0,1776885935.952
23.0,21.0,23.0,21.0,1776885935.978
23.0,21.0,23.0,21.0,1776885935.992
0.0,0.0,0.0,0.0,1776885936.412
0.0,0.0,0.0,0.0,1776885936.44
0.0,-8.0,0.0,-8.0,1776885936.452
0.0,-8.0,0.0,-8.0,1776885936.479
0.0,-8.0,0.0,-8.0,1776885936.495
10.0,-14.0,10.0,-14.0,1776885937.412
10.0,-14.0,10.0,-14.0,1776885937.438
13.0,-17.0,13.0,-17.0,1776885937.456
13.0,-17.0,13.0,-17.0,1776885937.472
13.0,-17.0,13.0,-17.0,1776885937.499
17.0,-14.0,17.0,-14.0,1776885937.912
17.0,-14.0,17.0,-14.0,1776885937.938
17.0,-14.0,17.0,-14.0,1776885937.952
17.0,-17.0,17.0,-17.0,1776885937.979
17.0,-17.0,17.0,-17.0,1776885937.992
16.0,-15.0,16.0,-15.0,1776885938.418
16.0,-15.0,16.0,-15.0,1776885938.432
16.0,-15.0,16.0,-15.0,1776885938.458
16.0,-15.0,16.0,-15.0,1776885938.472
15.0,-15.0,15.0,-15.0,1776885938.501
7.0,-8.0,7.0,-8.0,1776885938.912
7.0,-8.0,7.0,-8.0,1776885938.934
7.0,-8.0,7.0,-8.0,1776885938.959
7.0,-8.0,7.0,-8.0,1776885938.972
7.0,-8.0,7.0,-8.0,1776885938.998
1.0,-1.0,1.0,-1.0,1776885939.418
1.0,-1.0,1.0,-1.0,1776885939.432
1.0,-1.0,1.0,-1.0,1776885939.458
1.0,-1.0,1.0,-1.0,1776885939.472
1.0,-1.0,1.0,-1.0,1776885939.499
0.0,0.0,0.0,0.0,1776885939.92
0.0,0.0,0.0,0.0,1776885939.932
0.0,0.0,0.0,0.0,1776885939.96
0.0,0.0,0.0,0.0,1776885939.973
0.0,0.0,0.0,0.0,1776885939.999
-4.0,3.0,-4.0,3.0,1776885940.418
-4.0,7.0,-4.0,7.0,1776885940.432
-4.0,7.0,-4.0,7.0,1776885940.458
-4.0,7.0,-4.0,7.0,1776885940.473
-4.0,7.0,-4.0,7.0,1776885940.499
-9.0,12.0,-9.0,12.0,1776885940.918
-9.0,12.0,-9.0,12.0,1776885940.932
-9.0,12.0,-9.0,12.0,1776885940.964
-9.0,12.0,-9.0,12.0,1776885940.975
-9.0,12.0,-9.0,12.0,1776885941.001
-9.0,12.0,-9.0,12.0,1776885941.422
-9.0,12.0,-9.0,12.0,1776885941.432
-9.0,12.0,-9.0,12.0,1776885941.459
-9.0,8.0,-9.0,8.0,1776885941.472
-9.0,8.0,-9.0,8.0,1776885941.495
-3.0,4.0,-3.0,4.0,1776885941.912
-3.0,4.0,-3.0,4.0,1776885941.94
-3.0,4.0,-3.0,4.0,1776885941.952
-3.0,4.0,-3.0,4.0,1776885941.981
0.0,4.0,0.0,4.0,1776885941.995
0.0,0.0,0.0,0.0,1776885942.425
0.0,0.0,0.0,0.0,1776885942.436
0.0,0.0,0.0,0.0,1776885942.452
0.0,0.0,0.0,0.0,1776885942.478
0.0,0.0,0.0,0.0,1776885942.492
0.0,0.0,0.0,0.0,1776885942.932
0.0,0.0,0.0,0.0,1776885942.959
0.0,0.0,0.0,0.0,1776885942.972
0.0,0.0,0.0,0.0,1776885942.999
0.0,0.0,0.0,0.0,1776885943.012
8.0,5.0,8.0,5.0,1776885943.439
8.0,5.0,8.0,5.0,1776885943.452
8.0,5.0,8.0,5.0,1776885943.479
8.0,5.0,8.0,5.0,1776885943.493
8.0,5.0,8.0,5.0,1776885943.519
37.0,33.0,37.0,33.0,1776885943.938
47.0,43.0,47.0,43.0,1776885943.952
47.0,43.0,47.0,43.0,1776885943.984
47.0,43.0,47.0,43.0,1776885944.003
47.0,43.0,47.0,43.0,1776885944.014
57.0,54.0,57.0,54.0,1776885944.434
57.0,54.0,57.0,54.0,1776885944.452
57.0,54.0,57.0,54.0,1776885944.478
57.0,54.0,57.0,54.0,1776885944.494
57.0,54.0,57.0,54.0,1776885944.52
40.0,40.0,40.0,40.0,1776885944.952
40.0,40.0,40.0,40.0,1776885944.979
40.0,40.0,40.0,40.0,1776885944.993
40.0,40.0,40.0,40.0,1776885945.012
30.0,30.0,30.0,30.0,1776885945.038
0.0,0.0,0.0,0.0,1776885945.439
0.0,0.0,0.0,0.0,1776885945.457
0.0,0.0,0.0,0.0,1776885945.473
0.0,0.0,0.0,0.0,1776885945.499
0.0,0.0,0.0,0.0,1776885945.512
1.0,0.0,1.0,0.0,1776885945.952
1.0,0.0,1.0,0.0,1776885945.979
1.0,0.0,1.0,0.0,1776885945.993
1.0,0.0,1.0,0.0,1776885946.019
1.0,0.0,1.0,0.0,1776885946.032
1.0,1.0,1.0,1.0,1776885946.458
1.0,1.0,1.0,1.0,1776885946.472
1.0,1.0,1.0,1.0,1776885946.498
1.0,1.0,1.0,1.0,1776885946.512
1.0,1.0,1.0,1.0,1776885946.538
57.0,57.0,57.0,57.0,1776885947.452
69.0,67.0,69.0,67.0,1776885947.478
69.0,67.0,69.0,67.0,1776885947.492
69.0,67.0,69.0,67.0,1776885947.52
69.0,67.0,69.0,67.0,1776885947.536
96.0,93.0,96.0,93.0,1776885947.953
96.0,93.0,96.0,93.0,1776885947.978
96.0,93.0,96.0,93.0,1776885947.993
96.0,93.0,96.0,93.0,1776885948.019
96.0,93.0,96.0,93.0,1776885948.033
67.0,64.0,67.0,64.0,1776885948.452
67.0,64.0,67.0,64.0,1776885948.478
56.0,54.0,56.0,54.0,1776885948.495
56.0,54.0,56.0,54.0,1776885948.521
56.0,54.0,56.0,54.0,1776885948.533
22.0,21.0,22.0,21.0,1776885948.952
22.0,21.0,22.0,21.0,1776885948.979
11.0,10.0,11.0,10.0,1776885948.992
11.0,10.0,11.0,10.0,1776885949.018
11.0,10.0,11.0,10.0,1776885949.033
0.0,0.0,0.0,0.0,1776885949.453
0.0,0.0,0.0,0.0,1776885949.473
0.0,0.0,0.0,0.0,1776885949.494
0.0,0.0,0.0,0.0,1776885949.52
0.0,0.0,0.0,0.0,1776885949.534
-3.0,10.0,-3.0,10.0,1776885950.453
-3.0,10.0,-3.0,10.0,1776885950.479
-3.0,10.0,-3.0,10.0,1776885950.493
-3.0,10.0,-3.0,10.0,1776885950.521
-3.0,10.0,-3.0,10.0,1776885950.533
-6.0,16.0,-6.0,16.0,1776885950.953
-6.0,16.0,-6.0,16.0,1776885950.978
-6.0,16.0,-6.0,16.0,1776885950.993
-6.0,16.0,-6.0,16.0,1776885951.018
-6.0,16.0,-6.0,16.0,1776885951.033
-10.0,7.0,-10.0,7.0,1776885951.454
-10.0,7.0,-10.0,7.0,1776885951.48
-10.0,7.0,-10.0,7.0,1776885951.493
-10.0,7.0,-10.0,7.0,1776885951.523
-10.0,7.0,-10.0,7.0,1776885951.535
-10.0,4.0,-10.0,4.0,1776885951.953
-10.0,4.0,-10.0,4.0,1776885951.984
-10.0,4.0,-10.0,4.0,1776885951.995
-10.0,1.0,-10.0,1.0,1776885952.021
-10.0,1.0,-10.0,1.0,1776885952.033
-4.0,0.0,-4.0,0.0,1776885952.473
-4.0,0.0,-4.0,0.0,1776885952.5
-4.0,0.0,-4.0,0.0,1776885952.513
0.0,0.0,0.0,0.0,1776885952.538
0.0,0.0,0.0,0.0,1776885952.553
1.0,0.0,1.0,0.0,1776885952.98
1.0,0.0,1.0,0.0,1776885952.993
1.0,0.0,1.0,0.0,1776885953.021
3.0,1.0,3.0,1.0,1776885953.033
3.0,1.0,3.0,1.0,1776885953.059
60.0,58.0,60.0,58.0,1776885953.973
60.0,58.0,60.0,58.0,1776885954.003
60.0,58.0,60.0,58.0,1776885954.015
60.0,58.0,60.0,58.0,1776885954.041
60.0,58.0,60.0,58.0,1776885954.053
51.0,49.0,51.0,49.0,1776885954.473
51.0,49.0,51.0,49.0,1776885954.499
51.0,49.0,51.0,49.0,1776885954.513
51.0,49.0,51.0,49.0,1776885954.539
51.0,49.0,51.0,49.0,1776885954.553
11.0,10.0,11.0,10.0,1776885954.973
11.0,10.0,11.0,10.0,1776885954.999
11.0,10.0,11.0,10.0,1776885955.013
11.0,10.0,11.0,10.0,1776885955.038
11.0,10.0,11.0,10.0,1776885955.055
0.0,0.0,0.0,0.0,1776885955.473
0.0,0.0,0.0,0.0,1776885955.499
0.0,0.0,0.0,0.0,1776885955.513
0.0,0.0,0.0,0.0,1776885955.541
0.0,0.0,0.0,0.0,1776885955.555
0.0,0.0,0.0,0.0,1776885955.973
0.0,0.0,0.0,0.0,1776885956.003
1.0,1.0,1.0,1.0,1776885956.018
1.0,1.0,1.0,1.0,1776885956.034
1.0,1.0,1.0,1.0,1776885956.061
70.0,69.0,70.0,69.0,1776885956.993
81.0,79.0,81.0,79.0,1776885957.018
81.0,79.0,81.0,79.0,1776885957.033
81.0,79.0,81.0,79.0,1776885957.058
81.0,79.0,81.0,79.0,1776885957.073
72.0,71.0,72.0,71.0,1776885957.48
72.0,71.0,72.0,71.0,1776885957.493
72.0,71.0,72.0,71.0,1776885957.518
72.0,71.0,72.0,71.0,1776885957.538
63.0,63.0,63.0,63.0,1776885957.553
34.0,33.0,34.0,33.0,1776885957.993
34.0,33.0,34.0,33.0,1776885958.02
34.0,33.0,34.0,33.0,1776885958.033
23.0,22.0,23.0,22.0,1776885958.058
23.0,22.0,23.0,22.0,1776885958.074
0.0,0.0,0.0,0.0,1776885958.494
0.0,0.0,0.0,0.0,1776885958.52
0.0,0.0,0.0,0.0,1776885958.533
0.0,0.0,0.0,0.0,1776885958.559
0.0,0.0,0.0,0.0,1776885958.573
0.0,0.0,0.0,0.0,1776885958.993
0.0,0.0,0.0,0.0,1776885959.022
0.0,0.0,0.0,0.0,1776885959.033
0.0,0.0,0.0,0.0,1776885959.059
0.0,0.0,0.0,0.0,1776885959.073
0.0,0.0,0.0,0.0,1776885959.493
0.0,0.0,0.0,0.0,1776885959.519
0.0,0.0,0.0,0.0,1776885959.535
0.0,0.0,0.0,0.0,1776885959.561
0.0,0.0,0.0,0.0,1776885959.573
0.0,0.0,0.0,0.0,1776885959.993
0.0,0.0,0.0,0.0,1776885960.019
0.0,0.0,0.0,0.0,1776885960.033
0.0,0.0,0.0,0.0,1776885960.061
0.0,0.0,0.0,0.0,1776885960.073
0.0,0.0,0.0,0.0,1776885960.499
0.0,0.0,0.0,0.0,1776885960.513
0.0,0.0,0.0,0.0,1776885960.538
0.0,0.0,0.0,0.0,1776885960.553
0.0,0.0,0.0,0.0,1776885960.573
0.0,0.0,0.0,0.0,1776885960.993
0.0,0.0,0.0,0.0,1776885961.013
0.0,0.0,0.0,0.0,1776885961.039
0.0,0.0,0.0,0.0,1776885961.054
0.0,0.0,0.0,0.0,1776885961.08
0.0,0.0,0.0,0.0,1776885961.499
0.0,0.0,0.0,0.0,1776885961.513
0.0,0.0,0.0,0.0,1776885961.539
0.0,0.0,0.0,0.0,1776885961.553
0.0,0.0,0.0,0.0,1776885961.586
0.0,0.0,0.0,0.0,1776885963.014
0.0,0.0,0.0,0.0,1776885963.04
0.0,0.0,0.0,0.0,1776885963.053
0.0,0.0,0.0,0.0,1776885963.073
0.0,0.0,0.0,0.0,1776885963.099
0.0,0.0,0.0,0.0,1776885963.513
0.0,0.0,0.0,0.0,1776885963.539
0.0,0.0,0.0,0.0,1776885963.553
0.0,0.0,0.0,0.0,1776885963.58
0.0,0.0,0.0,0.0,1776885963.593
0.0,0.0,0.0,0.0,1776885964.019
0.0,0.0,0.0,0.0,1776885964.033
0.0,0.0,0.0,0.0,1776885964.06
0.0,0.0,0.0,0.0,1776885964.073
0.0,0.0,0.0,0.0,1776885964.099
0.0,0.0,0.0,0.0,1776885965.013
0.0,0.0,0.0,0.0,1776885965.043
0.0,0.0,0.0,0.0,1776885965.053
0.0,0.0,0.0,0.0,1776885965.079
0.0,0.0,0.0,0.0,1776885965.093
0.0,0.0,0.0,0.0,1776885965.519
0.0,0.0,0.0,0.0,1776885965.537
0.0,0.0,0.0,0.0,1776885965.553
0.0,0.0,0.0,0.0,1776885965.579
0.0,0.0,0.0,0.0,1776885965.593
0.0,0.0,0.0,0.0,1776885966.513
0.0,0.0,0.0,0.0,1776885966.539
0.0,0.0,0.0,0.0,1776885966.553
0.0,0.0,0.0,0.0,1776885966.579
0.0,0.0,0.0,0.0,1776885966.593
0.0,0.0,0.0,0.0,1776885967.021
0.0,0.0,0.0,0.0,1776885967.033
0.0,0.0,0.0,0.0,1776885967.059
0.0,0.0,0.0,0.0,1776885967.073
0.0,0.0,0.0,0.0,1776885967.094
0.0,0.0,0.0,0.0,1776885967.513
0.0,0.0,0.0,0.0,1776885967.539
0.0,0.0,0.0,0.0,1776885967.553
0.0,0.0,0.0,0.0,1776885967.581
0.0,0.0,0.0,0.0,1776885967.593
0.0,0.0,0.0,0.0,1776885968.033
0.0,0.0,0.0,0.0,1776885968.062
0.0,0.0,0.0,0.0,1776885968.073
0.0,0.0,0.0,0.0,1776885968.099
0.0,0.0,0.0,0.0,1776885968.113
0.0,0.0,0.0,0.0,1776885968.539
0.0,0.0,0.0,0.0,1776885968.553
0.0,0.0,0.0,0.0,1776885968.579
0.0,0.0,0.0,0.0,1776885968.593
0.0,0.0,0.0,0.0,1776885968.621
0.0,0.0,0.0,0.0,1776885969.033
0.0,0.0,0.0,0.0,1776885969.062
1.0,-1.0,1.0,-1.0,1776885969.073
1.0,-1.0,1.0,-1.0,1776885969.099
1.0,-1.0,1.0,-1.0,1776885969.113
1.0,-1.0,1.0,-1.0,1776885969.533
1.0,-1.0,1.0,-1.0,1776885969.559
1.0,-1.0,1.0,-1.0,1776885969.573
1.0,-1.0,1.0,-1.0,1776885969.601
1.0,-1.0,1.0,-1.0,1776885969.615
12.0,-8.0,12.0,-8.0,1776885970.033
12.0,-8.0,12.0,-8.0,1776885970.059
12.0,-8.0,12.0,-8.0,1776885970.073
12.0,-8.0,12.0,-8.0,1776885970.099
12.0,-8.0,12.0,-8.0,1776885970.113
18.0,-12.0,18.0,-12.0,1776885971.034
18.0,-12.0,18.0,-12.0,1776885971.06
18.0,-12.0,18.0,-12.0,1776885971.073
16.0,-10.0,16.0,-10.0,1776885971.099
16.0,-10.0,16.0,-10.0,1776885971.113
7.0,-4.0,7.0,-4.0,1776885971.539
7.0,-4.0,7.0,-4.0,1776885971.553
7.0,-4.0,7.0,-4.0,1776885971.581
7.0,-4.0,7.0,-4.0,1776885971.593
6.0,-2.0,6.0,-2.0,1776885971.619
2.0,0.0,2.0,0.0,1776885972.035
2.0,0.0,2.0,0.0,1776885972.061
2.0,0.0,2.0,0.0,1776885972.073
2.0,0.0,2.0,0.0,1776885972.099
2.0,0.0,2.0,0.0,1776885972.113
0.0,0.0,0.0,0.0,1776885972.533
0.0,0.0,0.0,0.0,1776885972.56
0.0,0.0,0.0,0.0,1776885972.574
0.0,0.0,0.0,0.0,1776885972.6
0.0,0.0,0.0,0.0,1776885972.613
14.0,14.0,14.0,14.0,1776885973.059
24.0,23.0,24.0,23.0,1776885973.073
24.0,23.0,24.0,23.0,1776885973.101
24.0,23.0,24.0,23.0,1776885973.113
24.0,23.0,24.0,23.0,1776885973.139
55.0,54.0,55.0,54.0,1776885973.554
55.0,54.0,55.0,54.0,1776885973.581
65.0,64.0,65.0,64.0,1776885973.593
65.0,64.0,65.0,64.0,1776885973.619
65.0,64.0,65.0,64.0,1776885973.633
87.0,85.0,87.0,85.0,1776885974.053
87.0,85.0,87.0,85.0,1776885974.079
81.0,80.0,81.0,80.0,1776885974.095
81.0,80.0,81.0,80.0,1776885974.121
81.0,80.0,81.0,80.0,1776885974.134
52.0,52.0,52.0,52.0,1776885974.56
52.0,52.0,52.0,52.0,1776885974.577
52.0,52.0,52.0,52.0,1776885974.593
52.0,52.0,52.0,52.0,1776885974.62
-42.0,42.0,-42.0,42.0,1776885974.633
-1.0,3.0,-1.0,3.0,1776885975.553
-1.0,3.0,-1.0,3.0,1776885975.583
-1.0,3.0,-1.0,3.0,1776885975.594
-1.0,3.0,-1.0,3.0,1776885975.616
-3.0,6.0,-3.0,6.0,1776885975.642
-13.0,9.0,-13.0,9.0,1776885976.059
-13.0,9.0,-13.0,9.0,1776885976.073
-13.0,9.0,-13.0,9.0,1776885976.099
-13.0,9.0,-13.0,9.0,1776885976.113
-13.0,9.0,-13.0,9.0,1776885976.14
-39.0,13.0,-39.0,13.0,1776885977.064
-39.0,13.0,-39.0,13.0,1776885977.075
-39.0,13.0,-39.0,13.0,1776885977.101
-36.0,13.0,-36.0,13.0,1776885977.113
-36.0,13.0,-36.0,13.0,1776885977.144
22.0,1.0,22.0,1.0,1776885978.054
3.0,3.0,3.0,3.0,1776885978.08
3.0,3.0,3.0,3.0,1776885978.095
3.0,3.0,3.0,3.0,1776885978.121
3.0,3.0,3.0,3.0,1776885978.134
31.0,30.0,31.0,30.0,1776885978.559
31.0,30.0,31.0,30.0,1776885978.575
31.0,30.0,31.0,30.0,1776885978.601
31.0,30.0,31.0,30.0,1776885978.614
42.0,40.0,42.0,40.0,1776885978.639
75.0,72.0,75.0,72.0,1776885979.074
75.0,72.0,75.0,72.0,1776885979.101
75.0,72.0,75.0,72.0,1776885979.113
75.0,72.0,75.0,72.0,1776885979.139
75.0,72.0,75.0,72.0,1776885979.154
93.0,91.0,93.0,91.0,1776885979.56
93.0,91.0,93.0,91.0,1776885979.573
84.0,82.0,84.0,82.0,1776885979.601
84.0,82.0,84.0,82.0,1776885979.613
84.0,82.0,84.0,82.0,1776885979.635
54.0,54.0,54.0,54.0,1776885980.053
54.0,54.0,54.0,54.0,1776885980.08
54.0,54.0,54.0,54.0,1776885980.095
43.0,43.0,43.0,43.0,1776885980.121
43.0,43.0,43.0,43.0,1776885980.133
10.0,10.0,10.0,10.0,1776885980.575
10.0,10.0,10.0,10.0,1776885980.601
10.0,10.0,10.0,10.0,1776885980.613
0.0,0.0,0.0,0.0,1776885980.639
0.0,0.0,0.0,0.0,1776885980.656
51.0,47.0,51.0,47.0,1776885981.581
51.0,47.0,51.0,47.0,1776885981.593
51.0,47.0,51.0,47.0,1776885981.619
51.0,47.0,51.0,47.0,1776885981.633
51.0,47.0,51.0,47.0,1776885981.662
85.0,79.0,85.0,79.0,1776885982.08
85.0,79.0,85.0,79.0,1776885982.096
85.0,79.0,85.0,79.0,1776885982.122
96.0,89.0,96.0,89.0,1776885982.133
96.0,89.0,96.0,89.0,1776885982.159
45.0,43.0,45.0,43.0,1776885983.073
45.0,43.0,45.0,43.0,1776885983.093
45.0,43.0,45.0,43.0,1776885983.12
45.0,43.0,45.0,43.0,1776885983.135
45.0,43.0,45.0,43.0,1776885983.16
0.0,0.0,0.0,0.0,1776885983.573
0.0,0.0,0.0,0.0,1776885983.601
0.0,0.0,0.0,0.0,1776885983.613
0.0,0.0,0.0,0.0,1776885983.639
0.0,0.0,0.0,0.0,1776885983.653
3.0,0.0,3.0,0.0,1776885984.079
3.0,0.0,3.0,0.0,1776885984.097
3.0,0.0,3.0,0.0,1776885984.113
3.0,0.0,3.0,0.0,1776885984.139
3.0,0.0,3.0,0.0,1776885984.153
3.0,0.0,3.0,0.0,1776885984.58
3.0,0.0,3.0,0.0,1776885984.593
3.0,0.0,3.0,0.0,1776885984.62
3.0,0.0,3.0,0.0,1776885984.633
3.0,0.0,3.0,0.0,1776885984.661
0.0,0.0,0.0,0.0,1776885985.584
0.0,0.0,0.0,0.0,1776885985.595
0.0,0.0,0.0,0.0,1776885985.62
0.0,0.0,0.0,0.0,1776885985.633
0.0,0.0,0.0,0.0,1776885985.659
0.0,0.0,0.0,0.0,1776885986.594
0.0,0.0,0.0,0.0,1776885986.621
0.0,0.0,0.0,0.0,1776885986.633
0.0,0.0,0.0,0.0,1776885986.659
0.0,0.0,0.0,0.0,1776885986.674
0.0,3.0,0.0,3.0,1776885987.101
0.0,3.0,0.0,3.0,1776885987.114
0.0,3.0,0.0,3.0,1776885987.136
0.0,3.0,0.0,3.0,1776885987.162
0.0,3.0,0.0,3.0,1776885987.173
-4.0,7.0,-4.0,7.0,1776885987.6
-4.0,7.0,-4.0,7.0,1776885987.615
-4.0,7.0,-4.0,7.0,1776885987.641
-4.0,7.0,-4.0,7.0,1776885987.654
-4.0,7.0,-4.0,7.0,1776885987.69
-10.0,13.0,-10.0,13.0,1776885988.099
-10.0,13.0,-10.0,13.0,1776885988.113
-10.0,13.0,-10.0,13.0,1776885988.142
-10.0,13.0,-10.0,13.0,1776885988.153
-10.0,13.0,-10.0,13.0,1776885988.179
-9.0,10.0,-9.0,10.0,1776885988.596
-9.0,10.0,-9.0,10.0,1776885988.622
-9.0,10.0,-9.0,10.0,1776885988.633
-9.0,10.0,-9.0,10.0,1776885988.659
-9.0,10.0,-9.0,10.0,1776885988.673
-2.0,3.0,-2.0,3.0,1776885989.101
-2.0,3.0,-2.0,3.0,1776885989.113
-2.0,3.0,-2.0,3.0,1776885989.14
0.0,1.0,0.0,1.0,1776885989.154
0.0,1.0,0.0,1.0,1776885989.181
0.0,0.0,0.0,0.0,1776885989.6
0.0,0.0,0.0,0.0,1776885989.622
0.0,0.0,0.0,0.0,1776885989.634
0.0,0.0,0.0,0.0,1776885989.661
0.0,0.0,0.0,0.0,1776885989.674
0.0,0.0,0.0,0.0,1776885990.113
0.0,0.0,0.0,0.0,1776885990.139
0.0,0.0,0.0,0.0,1776885990.154
0.0,0.0,0.0,0.0,1776885990.179
0.0,0.0,0.0,0.0,1776885990.194
0.0,0.0,0.0,0.0,1776885990.626
0.0,0.0,0.0,0.0,1776885990.637
0.0,0.0,0.0,0.0,1776885990.653
0.0,0.0,0.0,0.0,1776885990.679
0.0,0.0,0.0,0.0,1776885990.694
0.0,0.0,0.0,0.0,1776885991.113
0.0,0.0,0.0,0.0,1776885991.139
0.0,0.0,0.0,0.0,1776885991.154
0.0,0.0,0.0,0.0,1776885991.181
0.0,0.0,0.0,0.0,1776885991.194
0.0,0.0,0.0,0.0,1776885991.616
0.0,0.0,0.0,0.0,1776885991.641
0.0,0.0,0.0,0.0,1776885991.653
0.0,0.0,0.0,0.0,1776885991.679
0.0,0.0,0.0,0.0,1776885991.698
0.0,0.0,0.0,0.0,1776885992.114
0.0,0.0,0.0,0.0,1776885992.14
0.0,0.0,0.0,0.0,1776885992.154
0.0,0.0,0.0,0.0,1776885992.18
0.0,0.0,0.0,0.0,1776885992.194
0.0,0.0,0.0,0.0,1776885992.626
0.0,0.0,0.0,0.0,1776885992.636
0.0,0.0,0.0,0.0,1776885992.662
0.0,0.0,0.0,0.0,1776885992.674
0.0,0.0,0.0,0.0,1776885992.699
0.0,0.0,0.0,0.0,1776885993.114
0.0,0.0,0.0,0.0,1776885993.139
0.0,0.0,0.0,0.0,1776885993.154
0.0,0.0,0.0,0.0,1776885993.182
0.0,0.0,0.0,0.0,1776885993.194
0.0,0.0,0.0,0.0,1776885993.62
0.0,0.0,0.0,0.0,1776885993.634
0.0,0.0,0.0,0.0,1776885993.654
0.0,0.0,0.0,0.0,1776885993.679
0.0,0.0,0.0,0.0,1776885993.694
0.0,0.0,0.0,0.0,1776885994.121
0.0,0.0,0.0,0.0,1776885994.134
0.0,0.0,0.0,0.0,1776885994.16
0.0,0.0,0.0,0.0,1776885994.175
0.0,0.0,0.0,0.0,1776885994.194
0.0,0.0,0.0,0.0,1776885994.639
0.0,0.0,0.0,0.0,1776885994.658
0.0,0.0,0.0,0.0,1776885994.674
0.0,0.0,0.0,0.0,1776885994.7
0.0,0.0,0.0,0.0,1776885994.714
0.0,0.0,0.0,0.0,1776885995.141
0.0,0.0,0.0,0.0,1776885995.154
0.0,0.0,0.0,0.0,1776885995.18
0.0,0.0,0.0,0.0,1776885995.194
0.0,0.0,0.0,0.0,1776885995.22
0.0,0.0,0.0,0.0,1776885995.634
0.0,0.0,0.0,0.0,1776885995.661
0.0,0.0,0.0,0.0,1776885995.674
0.0,0.0,0.0,0.0,1776885995.699
0.0,0.0,0.0,0.0,1776885995.714
0.0,0.0,0.0,0.0,1776885996.142
0.0,0.0,0.0,0.0,1776885996.154
0.0,0.0,0.0,0.0,1776885996.181
0.0,0.0,0.0,0.0,1776885996.194
0.0,0.0,0.0,0.0,1776885996.221
0.0,0.0,0.0,0.0,1776885996.634
0.0,0.0,0.0,0.0,1776885996.66
0.0,0.0,0.0,0.0,1776885996.674
0.0,0.0,0.0,0.0,1776885996.701
0.0,0.0,0.0,0.0,1776885996.714
0.0,0.0,0.0,0.0,1776885997.141
0.0,0.0,0.0,0.0,1776885997.154
0.0,0.0,0.0,0.0,1776885997.18
0.0,0.0,0.0,0.0,1776885997.194
0.0,0.0,0.0,0.0,1776885997.227
0.0,0.0,0.0,0.0,1776885997.634
0.0,0.0,0.0,0.0,1776885997.66
0.0,0.0,0.0,0.0,1776885997.674
0.0,0.0,0.0,0.0,1776885997.694
0.0,0.0,0.0,0.0,1776885997.719
0.0,0.0,0.0,0.0,1776885998.143
0.0,0.0,0.0,0.0,1776885998.154
0.0,0.0,0.0,0.0,1776885998.18
0.0,0.0,0.0,0.0,1776885998.194
0.0,0.0,0.0,0.0,1776885998.22
0.0,0.0,0.0,0.0,1776885998.634
0.0,0.0,0.0,0.0,1776885998.66
0.0,0.0,0.0,0.0,1776885998.674
0.0,0.0,0.0,0.0,1776885998.701
0.0,0.0,0.0,0.0,1776885998.714
0.0,0.0,0.0,0.0,1776885999.135
0.0,0.0,0.0,0.0,1776885999.16
0.0,0.0,0.0,0.0,1776885999.174
0.0,0.0,0.0,0.0,1776885999.199
0.0,0.0,0.0,0.0,1776885999.215
0.0,0.0,0.0,0.0,1776885999.634
0.0,0.0,0.0,0.0,1776885999.662
0.0,0.0,0.0,0.0,1776885999.674
0.0,0.0,0.0,0.0,1776885999.7
0.0,0.0,0.0,0.0,1776885999.714
0.0,0.0,0.0,0.0,1776886000.134
0.0,0.0,0.0,0.0,1776886000.161
0.0,0.0,0.0,0.0,1776886000.175
0.0,0.0,0.0,0.0,1776886000.201
0.0,0.0,0.0,0.0,1776886000.214
0.0,0.0,0.0,0.0,1776886000.655
0.0,0.0,0.0,0.0,1776886000.681
0.0,0.0,0.0,0.0,1776886000.694
0.0,0.0,0.0,0.0,1776886000.72
0.0,0.0,0.0,0.0,1776886000.735
0.0,0.0,0.0,0.0,1776886001.154
0.0,0.0,0.0,0.0,1776886001.182
0.0,0.0,0.0,0.0,1776886001.194
0.0,0.0,0.0,0.0,1776886001.22
0.0,0.0,0.0,0.0,1776886001.234
0.0,0.0,0.0,0.0,1776886001.654
0.0,0.0,0.0,0.0,1776886001.68
0.0,0.0,0.0,0.0,1776886001.695
0.0,0.0,0.0,0.0,1776886001.716
0.0,0.0,0.0,0.0,1776886001.741
0.0,0.0,0.0,0.0,1776886002.166
0.0,0.0,0.0,0.0,1776886002.176
0.0,0.0,0.0,0.0,1776886002.202
0.0,0.0,0.0,0.0,1776886002.214
0.0,0.0,0.0,0.0,1776886002.24
0.0,0.0,0.0,0.0,1776886002.655
0.0,0.0,0.0,0.0,1776886002.68
0.0,0.0,0.0,0.0,1776886002.694
0.0,0.0,0.0,0.0,1776886002.72
0.0,0.0,0.0,0.0,1776886002.736
0.0,0.0,0.0,0.0,1776886003.161
0.0,0.0,0.0,0.0,1776886003.174
0.0,0.0,0.0,0.0,1776886003.2
0.0,0.0,0.0,0.0,1776886003.215
0.0,0.0,0.0,0.0,1776886003.241
3.0,-1.0,3.0,-1.0,1776886003.66
3.0,-1.0,3.0,-1.0,1776886003.674
6.0,-1.0,6.0,-1.0,1776886003.7
6.0,-1.0,6.0,-1.0,1776886003.714
6.0,-1.0,6.0,-1.0,1776886003.743
14.0,-9.0,14.0,-9.0,1776886004.16
14.0,-9.0,14.0,-9.0,1776886004.182
14.0,-9.0,14.0,-9.0,1776886004.194
14.0,-9.0,14.0,-9.0,1776886004.22
14.0,-9.0,14.0,-9.0,1776886004.234
22.0,-13.0,22.0,-13.0,1776886004.656
22.0,-13.0,22.0,-13.0,1776886004.682
22.0,-13.0,22.0,-13.0,1776886004.694
22.0,-13.0,22.0,-13.0,1776886004.722
22.0,-13.0,22.0,-13.0,1776886004.736
18.0,-15.0,18.0,-15.0,1776886005.154
15.0,-11.0,15.0,-11.0,1776886005.175
15.0,-11.0,15.0,-11.0,1776886005.201
15.0,-11.0,15.0,-11.0,1776886005.216
15.0,-11.0,15.0,-11.0,1776886005.241
7.0,-6.0,7.0,-6.0,1776886005.66
7.0,-6.0,7.0,-6.0,1776886005.674
7.0,-6.0,7.0,-6.0,1776886005.7
6.0,-6.0,6.0,-6.0,1776886005.714
6.0,-6.0,6.0,-6.0,1776886005.745
0.0,0.0,0.0,0.0,1776886006.161
0.0,0.0,0.0,0.0,1776886006.176
0.0,0.0,0.0,0.0,1776886006.195
0.0,0.0,0.0,0.0,1776886006.22
0.0,0.0,0.0,0.0,1776886006.234
0.0,0.0,0.0,0.0,1776886006.654
0.0,0.0,0.0,0.0,1776886006.68
0.0,0.0,0.0,0.0,1776886006.694
0.0,0.0,0.0,0.0,1776886006.726
0.0,0.0,0.0,0.0,1776886006.736
7.0,3.0,7.0,3.0,1776886007.162
15.0,10.0,15.0,10.0,1776886007.174
15.0,10.0,15.0,10.0,1776886007.2
15.0,10.0,15.0,10.0,1776886007.217
15.0,10.0,15.0,10.0,1776886007.234
43.0,38.0,43.0,38.0,1776886007.674
54.0,49.0,54.0,49.0,1776886007.7
54.0,49.0,54.0,49.0,1776886007.714
54.0,49.0,54.0,49.0,1776886007.741
54.0,49.0,54.0,49.0,1776886007.756
87.0,81.0,87.0,81.0,1776886008.175
87.0,81.0,87.0,81.0,1776886008.201
87.0,81.0,87.0,81.0,1776886008.214
87.0,81.0,87.0,81.0,1776886008.24
94.0,92.0,94.0,92.0,1776886008.255
97.0,94.0,97.0,94.0,1776886008.674
97.0,94.0,97.0,94.0,1776886008.702
97.0,94.0,97.0,94.0,1776886008.714
97.0,94.0,97.0,94.0,1776886008.74
88.0,85.0,88.0,85.0,1776886008.754
57.0,55.0,57.0,55.0,1776886009.181
57.0,55.0,57.0,55.0,1776886009.194
57.0,55.0,57.0,55.0,1776886009.22
57.0,55.0,57.0,55.0,1776886009.234
57.0,55.0,57.0,55.0,1776886009.262
10.0,11.0,10.0,11.0,1776886009.68
10.0,11.0,10.0,11.0,1776886009.695
10.0,11.0,10.0,11.0,1776886009.721
10.0,11.0,10.0,11.0,1776886009.734
10.0,11.0,10.0,11.0,1776886009.76
8.0,8.0,8.0,8.0,1776886010.175
8.0,8.0,8.0,8.0,1776886010.201
17.0,17.0,17.0,17.0,1776886010.214
17.0,17.0,17.0,17.0,1776886010.24
17.0,17.0,17.0,17.0,1776886010.255
47.0,46.0,47.0,46.0,1776886010.674
59.0,57.0,59.0,57.0,1776886010.701
59.0,57.0,59.0,57.0,1776886010.714
59.0,57.0,59.0,57.0,1776886010.74
59.0,57.0,59.0,57.0,1776886010.754
102.0,102.0,102.0,102.0,1776886011.2
102.0,102.0,102.0,102.0,1776886011.218
102.0,102.0,102.0,102.0,1776886011.234
102.0,102.0,102.0,102.0,1776886011.254
102.0,102.0,102.0,102.0,1776886011.28
110.0,108.0,110.0,108.0,1776886011.704
110.0,108.0,110.0,108.0,1776886011.714
110.0,108.0,110.0,108.0,1776886011.741
100.0,99.0,100.0,99.0,1776886011.754
100.0,99.0,100.0,99.0,1776886011.78
67.0,67.0,67.0,67.0,1776886012.194
67.0,67.0,67.0,67.0,1776886012.221
67.0,67.0,67.0,67.0,1776886012.234
67.0,67.0,67.0,67.0,1776886012.26
67.0,67.0,67.0,67.0,1776886012.274
24.0,21.0,24.0,21.0,1776886012.701
24.0,21.0,24.0,21.0,1776886012.714
24.0,21.0,24.0,21.0,1776886012.741
24.0,21.0,24.0,21.0,1776886012.754
24.0,21.0,24.0,21.0,1776886012.781
0.0,0.0,0.0,0.0,1776886013.2
0.0,0.0,0.0,0.0,1776886013.217
0.0,0.0,0.0,0.0,1776886013.234
0.0,0.0,0.0,0.0,1776886013.261
0.0,0.0,0.0,0.0,1776886013.274
6.0,1.0,6.0,1.0,1776886013.7
6.0,1.0,6.0,1.0,1776886013.714
6.0,1.0,6.0,1.0,1776886013.741
11.0,6.0,11.0,6.0,1776886013.754
11.0,6.0,11.0,6.0,1776886013.78
39.0,33.0,39.0,33.0,1776886014.194
39.0,33.0,39.0,33.0,1776886014.221
50.0,43.0,50.0,43.0,1776886014.234
50.0,43.0,50.0,43.0,1776886014.26
50.0,43.0,50.0,43.0,1776886014.274
83.0,75.0,83.0,75.0,1776886014.694
83.0,75.0,83.0,75.0,1776886014.72
83.0,75.0,83.0,75.0,1776886014.738
94.0,85.0,94.0,85.0,1776886014.754
94.0,85.0,94.0,85.0,1776886014.774
109.0,104.0,109.0,104.0,1776886015.194
109.0,104.0,109.0,104.0,1776886015.22
109.0,104.0,109.0,104.0,1776886015.234
109.0,104.0,109.0,104.0,1776886015.261
109.0,104.0,109.0,104.0,1776886015.281
79.0,76.0,79.0,76.0,1776886015.7
69.0,66.0,69.0,66.0,1776886015.714
69.0,66.0,69.0,66.0,1776886015.734
69.0,66.0,69.0,66.0,1776886015.76
69.0,66.0,69.0,66.0,1776886015.78
22.0,22.0,22.0,22.0,1776886016.194
22.0,22.0,22.0,22.0,1776886016.221
22.0,22.0,22.0,22.0,1776886016.234
22.0,22.0,22.0,22.0,1776886016.261
22.0,22.0,22.0,22.0,1776886016.274
0.0,0.0,0.0,0.0,1776886016.701
0.0,0.0,0.0,0.0,1776886016.714
0.0,0.0,0.0,0.0,1776886016.74
0.0,0.0,0.0,0.0,1776886016.754
0.0,0.0,0.0,0.0,1776886016.781
40.0,0.0,40.0,0.0,1776886017.194
40.0,0.0,40.0,0.0,1776886017.221
41.0,0.0,41.0,0.0,1776886017.234
41.0,0.0,41.0,0.0,1776886017.262
41.0,0.0,41.0,0.0,1776886017.274
48.0,-9.0,48.0,-9.0,1776886017.714
48.0,-9.0,48.0,-9.0,1776886017.741
48.0,-9.0,48.0,-9.0,1776886017.755
48.0,-9.0,48.0,-9.0,1776886017.78
48.0,-9.0,48.0,-9.0,1776886017.794
56.0,-19.0,56.0,-19.0,1776886018.194
56.0,-19.0,56.0,-19.0,1776886018.222
56.0,-19.0,56.0,-19.0,1776886018.234
58.0,-21.0,58.0,-21.0,1776886018.26
58.0,-21.0,58.0,-21.0,1776886018.274
21.0,-21.0,21.0,-21.0,1776886018.714
21.0,-21.0,21.0,-21.0,1776886018.74
21.0,-21.0,21.0,-21.0,1776886018.754
22.0,-24.0,22.0,-24.0,1776886018.782
22.0,-24.0,22.0,-24.0,1776886018.795
24.0,-25.0,24.0,-25.0,1776886019.221
24.0,-25.0,24.0,-25.0,1776886019.235
24.0,-25.0,24.0,-25.0,1776886019.26
22.0,-21.0,22.0,-21.0,1776886019.274
22.0,-21.0,22.0,-21.0,1776886019.3
24.0,-22.0,24.0,-22.0,1776886019.696
24.0,-22.0,24.0,-22.0,1776886019.723
24.0,-22.0,24.0,-22.0,1776886019.735
24.0,-22.0,24.0,-22.0,1776886019.761
24.0,-22.0,24.0,-22.0,1776886019.776
22.0,-19.0,22.0,-19.0,1776886020.214
22.0,-19.0,22.0,-19.0,1776886020.241
22.0,-19.0,22.0,-19.0,1776886020.256
22.0,-18.0,22.0,-18.0,1776886020.282
22.0,-18.0,22.0,-18.0,1776886020.294
19.0,-19.0,19.0,-19.0,1776886020.715
19.0,-19.0,19.0,-19.0,1776886020.74
19.0,-19.0,19.0,-19.0,1776886020.754
19.0,-19.0,19.0,-19.0,1776886020.78
19.0,-19.0,19.0,-19.0,1776886020.794
9.0,-12.0,9.0,-12.0,1776886021.22
9.0,-12.0,9.0,-12.0,1776886021.234
9.0,-12.0,9.0,-12.0,1776886021.261
9.0,-12.0,9.0,-12.0,1776886021.274
9.0,-12.0,9.0,-12.0,1776886021.3
2.0,-4.0,2.0,-4.0,1776886021.714
0.0,0.0,0.0,0.0,1776886021.742
0.0,0.0,0.0,0.0,1776886021.754
0.0,0.0,0.0,0.0,1776886021.78
0.0,0.0,0.0,0.0,1776886021.794
0.0,0.0,0.0,0.0,1776886022.222
0.0,0.0,0.0,0.0,1776886022.234
0.0,0.0,0.0,0.0,1776886022.26
0.0,1.0,0.0,1.0,1776886022.274
0.0,1.0,0.0,1.0,1776886022.302
25.0,28.0,25.0,28.0,1776886022.714
25.0,28.0,25.0,28.0,1776886022.74
25.0,28.0,25.0,28.0,1776886022.754
25.0,28.0,25.0,28.0,1776886022.781
25.0,28.0,25.0,28.0,1776886022.794
58.0,60.0,58.0,60.0,1776886023.216
69.0,70.0,69.0,70.0,1776886023.242
69.0,70.0,69.0,70.0,1776886023.254
69.0,70.0,69.0,70.0,1776886023.283
69.0,70.0,69.0,70.0,1776886023.297
80.0,81.0,80.0,81.0,1776886023.721
80.0,81.0,80.0,81.0,1776886023.734
80.0,81.0,80.0,81.0,1776886023.76
80.0,81.0,80.0,81.0,1776886023.775
73.0,73.0,73.0,73.0,1776886023.801
44.0,43.0,44.0,43.0,1776886024.221
44.0,43.0,44.0,43.0,1776886024.234
44.0,43.0,44.0,43.0,1776886024.26
44.0,43.0,44.0,43.0,1776886024.274
44.0,43.0,44.0,43.0,1776886024.306
0.0,0.0,0.0,0.0,1776886024.714
0.0,0.0,0.0,0.0,1776886024.74
0.0,0.0,0.0,0.0,1776886024.754
0.0,0.0,0.0,0.0,1776886024.781
0.0,0.0,0.0,0.0,1776886024.794
-1.0,9.0,-1.0,9.0,1776886025.216
-1.0,9.0,-1.0,9.0,1776886025.242
-1.0,9.0,-1.0,9.0,1776886025.254
-1.0,9.0,-1.0,9.0,1776886025.28
-1.0,9.0,-1.0,9.0,1776886025.297
-1.0,11.0,-1.0,11.0,1776886025.714
-1.0,11.0,-1.0,11.0,1776886025.74
-1.0,11.0,-1.0,11.0,1776886025.755
-1.0,11.0,-1.0,11.0,1776886025.781
-1.0,11.0,-1.0,11.0,1776886025.795
0.0,10.0,0.0,10.0,1776886026.214
0.0,10.0,0.0,10.0,1776886026.24
0.0,10.0,0.0,10.0,1776886026.256
0.0,10.0,0.0,10.0,1776886026.282
0.0,10.0,0.0,10.0,1776886026.294
0.0,0.0,0.0,0.0,1776886026.74
0.0,0.0,0.0,0.0,1776886026.754
0.0,0.0,0.0,0.0,1776886026.781
3.0,3.0,3.0,3.0,1776886026.806
3.0,3.0,3.0,3.0,1776886026.817
30.0,29.0,30.0,29.0,1776886027.246
30.0,29.0,30.0,29.0,1776886027.257
30.0,29.0,30.0,29.0,1776886027.283
30.0,29.0,30.0,29.0,1776886027.296
30.0,29.0,30.0,29.0,1776886027.321
30.0,29.0,30.0,29.0,1776886027.741
30.0,29.0,30.0,29.0,1776886027.76
30.0,29.0,30.0,29.0,1776886027.776
30.0,29.0,30.0,29.0,1776886027.801
30.0,29.0,30.0,29.0,1776886027.814
19.0,18.0,19.0,18.0,1776886028.235
19.0,18.0,19.0,18.0,1776886028.261
19.0,18.0,19.0,18.0,1776886028.275
19.0,18.0,19.0,18.0,1776886028.301
19.0,18.0,19.0,18.0,1776886028.314
0.0,0.0,0.0,0.0,1776886028.735
0.0,0.0,0.0,0.0,1776886028.761
0.0,0.0,0.0,0.0,1776886028.774
0.0,0.0,0.0,0.0,1776886028.803
0.0,0.0,0.0,0.0,1776886028.816
9.0,9.0,9.0,9.0,1776886029.234
9.0,9.0,9.0,9.0,1776886029.261
9.0,9.0,9.0,9.0,1776886029.275
9.0,9.0,9.0,9.0,1776886029.3
9.0,9.0,9.0,9.0,1776886029.314
9.0,9.0,9.0,9.0,1776886029.734
9.0,9.0,9.0,9.0,1776886029.76
9.0,9.0,9.0,9.0,1776886029.778
9.0,9.0,9.0,9.0,1776886029.795
9.0,9.0,9.0,9.0,1776886029.817
5.0,5.0,5.0,5.0,1776886030.235
5.0,5.0,5.0,5.0,1776886030.262
5.0,5.0,5.0,5.0,1776886030.275
5.0,5.0,5.0,5.0,1776886030.303
5.0,5.0,5.0,5.0,1776886030.316
3.0,1.0,3.0,1.0,1776886030.736
3.0,1.0,3.0,1.0,1776886030.763
6.0,6.0,6.0,6.0,1776886030.775
6.0,6.0,6.0,6.0,1776886030.801
6.0,6.0,6.0,6.0,1776886030.816
6.0,6.0,6.0,6.0,1776886031.234
6.0,6.0,6.0,6.0,1776886031.261
6.0,6.0,6.0,6.0,1776886031.275
6.0,6.0,6.0,6.0,1776886031.3
6.0,6.0,6.0,6.0,1776886031.314
6.0,6.0,6.0,6.0,1776886031.735
6.0,6.0,6.0,6.0,1776886031.76
6.0,6.0,6.0,6.0,1776886031.776
6.0,6.0,6.0,6.0,1776886031.802
3.0,6.0,3.0,6.0,1776886031.815
14.0,18.0,14.0,18.0,1776886032.241
14.0,18.0,14.0,18.0,1776886032.257
14.0,18.0,14.0,18.0,1776886032.284
14.0,18.0,14.0,18.0,1776886032.296
24.0,29.0,24.0,29.0,1776886032.314
57.0,58.0,57.0,58.0,1776886032.741
57.0,58.0,57.0,58.0,1776886032.755
57.0,58.0,57.0,58.0,1776886032.781
57.0,58.0,57.0,58.0,1776886032.795
57.0,58.0,57.0,58.0,1776886032.818
79.0,71.0,79.0,71.0,1776886033.255
79.0,71.0,79.0,71.0,1776886033.28
79.0,71.0,79.0,71.0,1776886033.295
79.0,71.0,79.0,71.0,1776886033.321
79.0,71.0,79.0,71.0,1776886033.335
55.0,46.0,55.0,46.0,1776886033.741
55.0,46.0,55.0,46.0,1776886033.762
45.0,37.0,45.0,37.0,1776886033.776
45.0,37.0,45.0,37.0,1776886033.802
45.0,37.0,45.0,37.0,1776886033.815
12.0,9.0,12.0,9.0,1776886034.255
12.0,9.0,12.0,9.0,1776886034.281
12.0,9.0,12.0,9.0,1776886034.295
0.0,0.0,0.0,0.0,1776886034.321
0.0,0.0,0.0,0.0,1776886034.336
0.0,0.0,0.0,0.0,1776886034.763
0.0,0.0,0.0,0.0,1776886034.776
0.0,0.0,0.0,0.0,1776886034.803
0.0,0.0,0.0,0.0,1776886034.815
0.0,0.0,0.0,0.0,1776886034.841
0.0,0.0,0.0,0.0,1776886035.261
0.0,0.0,0.0,0.0,1776886035.275
0.0,0.0,0.0,0.0,1776886035.301
0.0,0.0,0.0,0.0,1776886035.315
0.0,0.0,0.0,0.0,1776886035.34
-9.0,7.0,-9.0,7.0,1776886035.776
-9.0,7.0,-9.0,7.0,1776886035.803
-9.0,7.0,-9.0,7.0,1776886035.815
-9.0,7.0,-9.0,7.0,1776886035.84
-9.0,7.0,-9.0,7.0,1776886035.855
-17.0,12.0,-17.0,12.0,1776886036.281
-20.0,13.0,-20.0,13.0,1776886036.295
-20.0,13.0,-20.0,13.0,1776886036.322
-20.0,13.0,-20.0,13.0,1776886036.345
-20.0,13.0,-20.0,13.0,1776886036.355
-20.0,16.0,-20.0,16.0,1776886036.775
-20.0,16.0,-20.0,16.0,1776886036.801
-20.0,16.0,-20.0,16.0,1776886036.815
-20.0,14.0,-20.0,14.0,1776886036.841
-20.0,14.0,-20.0,14.0,1776886036.855
-7.0,6.0,-7.0,6.0,1776886037.275
-7.0,6.0,-7.0,6.0,1776886037.3
-6.0,3.0,-6.0,3.0,1776886037.315
-6.0,3.0,-6.0,3.0,1776886037.341
-6.0,3.0,-6.0,3.0,1776886037.359
0.0,0.0,0.0,0.0,1776886037.755
0.0,0.0,0.0,0.0,1776886037.78
0.0,0.0,0.0,0.0,1776886037.795
0.0,0.0,0.0,0.0,1776886037.821
0.0,0.0,0.0,0.0,1776886037.835
14.0,28.0,14.0,28.0,1776886038.261
24.0,36.0,24.0,36.0,1776886038.275
24.0,36.0,24.0,36.0,1776886038.301
24.0,36.0,24.0,36.0,1776886038.319
24.0,36.0,24.0,36.0,1776886038.337
54.0,69.0,54.0,69.0,1776886038.775
54.0,69.0,54.0,69.0,1776886038.801
54.0,69.0,54.0,69.0,1776886038.819
54.0,69.0,54.0,69.0,1776886038.838
54.0,69.0,54.0,69.0,1776886038.855
53.0,54.0,53.0,54.0,1776886039.281
48.0,48.0,48.0,48.0,1776886039.296
48.0,48.0,48.0,48.0,1776886039.322
48.0,48.0,48.0,48.0,1776886039.335
48.0,48.0,48.0,48.0,1776886039.363
19.0,22.0,19.0,22.0,1776886039.78
19.0,22.0,19.0,22.0,1776886039.795
10.0,10.0,10.0,10.0,1776886039.821
10.0,10.0,10.0,10.0,1776886039.835
10.0,10.0,10.0,10.0,1776886039.861
0.0,0.0,0.0,0.0,1776886040.286
0.0,0.0,0.0,0.0,1776886040.297
0.0,0.0,0.0,0.0,1776886040.322
0.0,0.0,0.0,0.0,1776886040.336
0.0,0.0,0.0,0.0,1776886040.362
0.0,0.0,0.0,0.0,1776886040.781
0.0,0.0,0.0,0.0,1776886040.795
0.0,0.0,0.0,0.0,1776886040.815
0.0,0.0,0.0,0.0,1776886040.841
4.0,3.0,4.0,3.0,1776886040.855
30.0,31.0,30.0,31.0,1776886041.281
30.0,31.0,30.0,31.0,1776886041.297
30.0,31.0,30.0,31.0,1776886041.328
30.0,31.0,30.0,31.0,1776886041.338
30.0,31.0,30.0,31.0,1776886041.355
67.0,58.0,67.0,58.0,1776886041.777
67.0,58.0,67.0,58.0,1776886041.803
67.0,58.0,67.0,58.0,1776886041.815
67.0,58.0,67.0,58.0,1776886041.841
67.0,58.0,67.0,58.0,1776886041.856
63.0,55.0,63.0,55.0,1776886042.276
63.0,55.0,63.0,55.0,1776886042.302
54.0,46.0,54.0,46.0,1776886042.315
54.0,46.0,54.0,46.0,1776886042.341
54.0,46.0,54.0,46.0,1776886042.356
22.0,21.0,22.0,21.0,1776886042.775
22.0,21.0,22.0,21.0,1776886042.801
12.0,11.0,12.0,11.0,1776886042.816
12.0,11.0,12.0,11.0,1776886042.841
12.0,11.0,12.0,11.0,1776886042.856
0.0,0.0,0.0,0.0,1776886043.301
0.0,0.0,0.0,0.0,1776886043.315
0.0,0.0,0.0,0.0,1776886043.342
4.0,6.0,4.0,6.0,1776886043.355
4.0,6.0,4.0,6.0,1776886043.38
37.0,36.0,37.0,36.0,1776886043.777
37.0,36.0,37.0,36.0,1776886043.803
37.0,36.0,37.0,36.0,1776886043.815
37.0,36.0,37.0,36.0,1776886043.841
37.0,36.0,37.0,36.0,1776886043.857
69.0,66.0,69.0,66.0,1776886044.295
69.0,66.0,69.0,66.0,1776886044.324
69.0,66.0,69.0,66.0,1776886044.342
69.0,66.0,69.0,66.0,1776886044.356
69.0,66.0,69.0,66.0,1776886044.381
51.0,50.0,51.0,50.0,1776886044.798
51.0,50.0,51.0,50.0,1776886044.815
51.0,50.0,51.0,50.0,1776886044.841
51.0,50.0,51.0,50.0,1776886044.855
51.0,50.0,51.0,50.0,1776886044.881
12.0,9.0,12.0,9.0,1776886045.296
12.0,9.0,12.0,9.0,1776886045.322
12.0,9.0,12.0,9.0,1776886045.335
12.0,9.0,12.0,9.0,1776886045.362
12.0,9.0,12.0,9.0,1776886045.377
0.0,0.0,0.0,0.0,1776886045.797
0.0,0.0,0.0,0.0,1776886045.815
0.0,0.0,0.0,0.0,1776886045.841
0.0,0.0,0.0,0.0,1776886045.855
0.0,0.0,0.0,0.0,1776886045.881
1.0,-5.0,1.0,-5.0,1776886046.302
1.0,-5.0,1.0,-5.0,1776886046.319
1.0,-5.0,1.0,-5.0,1776886046.336
1.0,-5.0,1.0,-5.0,1776886046.362
1.0,-5.0,1.0,-5.0,1776886046.376
6.0,-10.0,6.0,-10.0,1776886046.801
6.0,-10.0,6.0,-10.0,1776886046.818
6.0,-10.0,6.0,-10.0,1776886046.835
6.0,-10.0,6.0,-10.0,1776886046.861
6.0,-10.0,6.0,-10.0,1776886046.875
11.0,-15.0,11.0,-15.0,1776886047.296
11.0,-15.0,11.0,-15.0,1776886047.322
11.0,-10.0,11.0,-10.0,1776886047.335
11.0,-10.0,11.0,-10.0,1776886047.361
11.0,-10.0,11.0,-10.0,1776886047.377
8.0,-10.0,8.0,-10.0,1776886047.815
6.0,10.0,6.0,10.0,1776886047.841
6.0,10.0,6.0,10.0,1776886047.856
6.0,10.0,6.0,10.0,1776886047.881
6.0,10.0,6.0,10.0,1776886047.895
45.0,5.0,45.0,5.0,1776886048.315
50.0,6.0,50.0,6.0,1776886048.341
50.0,6.0,50.0,6.0,1776886048.356
50.0,6.0,50.0,6.0,1776886048.375
50.0,6.0,50.0,6.0,1776886048.401
81.0,34.0,81.0,34.0,1776886048.822
81.0,34.0,81.0,34.0,1776886048.836
81.0,34.0,81.0,34.0,1776886048.862
81.0,34.0,81.0,34.0,1776886048.879
81.0,34.0,81.0,34.0,1776886048.896
84.0,-39.0,84.0,-39.0,1776886049.325
84.0,-39.0,84.0,-39.0,1776886049.335
84.0,-39.0,84.0,-39.0,1776886049.361
84.0,-39.0,84.0,-39.0,1776886049.378
84.0,-39.0,84.0,-39.0,1776886049.395
24.0,-24.0,24.0,-24.0,1776886049.822
24.0,-24.0,24.0,-24.0,1776886049.839
24.0,-24.0,24.0,-24.0,1776886049.856
24.0,-24.0,24.0,-24.0,1776886049.882
24.0,-24.0,24.0,-24.0,1776886049.895
1.0,-12.0,1.0,-12.0,1776886050.323
1.0,-12.0,1.0,-12.0,1776886050.336
1.0,-12.0,1.0,-12.0,1776886050.356
1.0,-12.0,1.0,-12.0,1776886050.382
1.0,-12.0,1.0,-12.0,1776886050.395
14.0,-20.0,14.0,-20.0,1776886050.815
17.0,-25.0,17.0,-25.0,1776886050.841
17.0,-25.0,17.0,-25.0,1776886050.855
17.0,-25.0,17.0,-25.0,1776886050.881
17.0,-25.0,17.0,-25.0,1776886050.896
30.0,-28.0,30.0,-28.0,1776886051.335
30.0,-28.0,30.0,-28.0,1776886051.361
30.0,-28.0,30.0,-28.0,1776886051.376
30.0,-28.0,30.0,-28.0,1776886051.401
30.0,-28.0,30.0,-28.0,1776886051.415
25.0,16.0,25.0,16.0,1776886051.815
25.0,16.0,25.0,16.0,1776886051.841
25.0,16.0,25.0,16.0,1776886051.857
25.0,16.0,25.0,16.0,1776886051.883
25.0,16.0,25.0,16.0,1776886051.895
26.0,22.0,26.0,22.0,1776886052.337
26.0,22.0,26.0,22.0,1776886052.363
26.0,22.0,26.0,22.0,1776886052.375
26.0,22.0,26.0,22.0,1776886052.403
33.0,30.0,33.0,30.0,1776886052.416
62.0,61.0,62.0,61.0,1776886052.816
62.0,61.0,62.0,61.0,1776886052.842
62.0,61.0,62.0,61.0,1776886052.855
62.0,61.0,62.0,61.0,1776886052.881
62.0,61.0,62.0,61.0,1776886052.896
96.0,93.0,96.0,93.0,1776886053.342
102.0,100.0,102.0,100.0,1776886053.359
102.0,100.0,102.0,100.0,1776886053.375
102.0,100.0,102.0,100.0,1776886053.401
102.0,100.0,102.0,100.0,1776886053.416
87.0,85.0,87.0,85.0,1776886053.841
76.0,76.0,76.0,76.0,1776886053.857
76.0,76.0,76.0,76.0,1776886053.875
76.0,76.0,76.0,76.0,1776886053.901
76.0,76.0,76.0,76.0,1776886053.915
-46.0,44.0,-46.0,44.0,1776886054.338
-46.0,44.0,-46.0,44.0,1776886054.363
-46.0,44.0,-46.0,44.0,1776886054.375
-36.0,35.0,-36.0,35.0,1776886054.401
-36.0,35.0,-36.0,35.0,1776886054.416
-13.0,3.0,-13.0,3.0,1776886054.836
-13.0,3.0,-13.0,3.0,1776886054.862
-13.0,3.0,-13.0,3.0,1776886054.875
-13.0,3.0,-13.0,3.0,1776886054.901
-13.0,3.0,-13.0,3.0,1776886054.915
-21.0,5.0,-21.0,5.0,1776886055.343
-21.0,5.0,-21.0,5.0,1776886055.355
-21.0,12.0,-21.0,12.0,1776886055.377
-21.0,12.0,-21.0,12.0,1776886055.402
-21.0,12.0,-21.0,12.0,1776886055.415
-24.0,21.0,-24.0,21.0,1776886055.835
-24.0,21.0,-24.0,21.0,1776886055.856
-24.0,21.0,-24.0,21.0,1776886055.882
-24.0,21.0,-24.0,21.0,1776886055.895
-21.0,25.0,-21.0,25.0,1776886055.921
-19.0,31.0,-19.0,31.0,1776886056.337
-19.0,31.0,-19.0,31.0,1776886056.365
-19.0,31.0,-19.0,31.0,1776886056.376
-19.0,31.0,-19.0,31.0,1776886056.402
-16.0,31.0,-16.0,31.0,1776886056.415
-13.0,19.0,-13.0,19.0,1776886057.359
-13.0,19.0,-13.0,19.0,1776886057.377
-12.0,15.0,-12.0,15.0,1776886057.395
-12.0,15.0,-12.0,15.0,1776886057.421
-12.0,15.0,-12.0,15.0,1776886057.441
-6.0,7.0,-6.0,7.0,1776886057.841
-6.0,7.0,-6.0,7.0,1776886057.856
-6.0,7.0,-6.0,7.0,1776886057.883
-6.0,7.0,-6.0,7.0,1776886057.897
-6.0,7.0,-6.0,7.0,1776886057.924
42.0,0.0,42.0,0.0,1776886058.336
42.0,0.0,42.0,0.0,1776886058.361
42.0,0.0,42.0,0.0,1776886058.375
42.0,0.0,42.0,0.0,1776886058.401
42.0,0.0,42.0,0.0,1776886058.415
71.0,27.0,71.0,27.0,1776886058.855
71.0,27.0,71.0,27.0,1776886058.881
71.0,27.0,71.0,27.0,1776886058.895
71.0,27.0,71.0,27.0,1776886058.926
71.0,27.0,71.0,27.0,1776886058.936
114.0,69.0,114.0,69.0,1776886059.358
114.0,69.0,114.0,69.0,1776886059.389
114.0,69.0,114.0,69.0,1776886059.401
114.0,69.0,114.0,69.0,1776886059.415
114.0,69.0,114.0,69.0,1776886059.441
102.0,101.0,102.0,101.0,1776886059.855
102.0,101.0,102.0,101.0,1776886059.881
102.0,101.0,102.0,101.0,1776886059.895
94.0,94.0,94.0,94.0,1776886059.923
94.0,94.0,94.0,94.0,1776886059.937
64.0,-64.0,64.0,-64.0,1776886060.361
64.0,-64.0,64.0,-64.0,1776886060.375
64.0,-64.0,64.0,-64.0,1776886060.402
64.0,-64.0,64.0,-64.0,1776886060.416
60.0,-54.0,60.0,-54.0,1776886060.442
28.0,-24.0,28.0,-24.0,1776886060.858
28.0,-24.0,28.0,-24.0,1776886060.884
28.0,-24.0,28.0,-24.0,1776886060.895
28.0,-24.0,28.0,-24.0,1776886060.921
28.0,-24.0,28.0,-24.0,1776886060.935
6.0,-4.0,6.0,-4.0,1776886061.357
6.0,-4.0,6.0,-4.0,1776886061.383
6.0,-4.0,6.0,-4.0,1776886061.395
6.0,-4.0,6.0,-4.0,1776886061.421
6.0,-4.0,6.0,-4.0,1776886061.436
4.0,-13.0,4.0,-13.0,1776886061.858
4.0,-15.0,4.0,-15.0,1776886061.884
4.0,-15.0,4.0,-15.0,1776886061.895
4.0,-15.0,4.0,-15.0,1776886061.921
4.0,-15.0,4.0,-15.0,1776886061.94
13.0,-22.0,13.0,-22.0,1776886062.362
13.0,-22.0,13.0,-22.0,1776886062.375
13.0,-22.0,13.0,-22.0,1776886062.401
13.0,-22.0,13.0,-22.0,1776886062.417
14.0,-24.0,14.0,-24.0,1776886062.445
22.0,-19.0,22.0,-19.0,1776886062.861
22.0,-19.0,22.0,-19.0,1776886062.886
22.0,-19.0,22.0,-19.0,1776886062.897
24.0,-26.0,24.0,-26.0,1776886062.923
24.0,-26.0,24.0,-26.0,1776886062.935
25.0,-17.0,25.0,-17.0,1776886063.361
25.0,-17.0,25.0,-17.0,1776886063.376
25.0,-17.0,25.0,-17.0,1776886063.402
25.0,-17.0,25.0,-17.0,1776886063.416
25.0,-17.0,25.0,-17.0,1776886063.442
14.0,-10.0,14.0,-10.0,1776886063.858
14.0,-10.0,14.0,-10.0,1776886063.884
14.0,-10.0,14.0,-10.0,1776886063.895
14.0,-10.0,14.0,-10.0,1776886063.921
14.0,-10.0,14.0,-10.0,1776886063.937
0.0,0.0,0.0,0.0,1776886064.362
0.0,0.0,0.0,0.0,1776886064.375
0.0,0.0,0.0,0.0,1776886064.401
0.0,0.0,0.0,0.0,1776886064.417
0.0,0.0,0.0,0.0,1776886064.435
0.0,0.0,0.0,0.0,1776886064.861
0.0,0.0,0.0,0.0,1776886064.88
0.0,0.0,0.0,0.0,1776886064.896
0.0,0.0,0.0,0.0,1776886064.922
0.0,0.0,0.0,0.0,1776886064.935
0.0,0.0,0.0,0.0,1776886065.377
0.0,0.0,0.0,0.0,1776886065.395
0.0,0.0,0.0,0.0,1776886065.421
0.0,0.0,0.0,0.0,1776886065.44
0.0,0.0,0.0,0.0,1776886065.456
0.0,0.0,0.0,0.0,1776886065.856
0.0,0.0,0.0,0.0,1776886065.883
0.0,0.0,0.0,0.0,1776886065.895
0.0,0.0,0.0,0.0,1776886065.923
0.0,0.0,0.0,0.0,1776886065.935
0.0,0.0,0.0,0.0,1776886066.375
0.0,0.0,0.0,0.0,1776886066.401
0.0,0.0,0.0,0.0,1776886066.416
0.0,0.0,0.0,0.0,1776886066.442
0.0,0.0,0.0,0.0,1776886066.455
0.0,0.0,0.0,0.0,1776886067.376
0.0,0.0,0.0,0.0,1776886067.402
0.0,0.0,0.0,0.0,1776886067.415
0.0,0.0,0.0,0.0,1776886067.441
0.0,0.0,0.0,0.0,1776886067.456
0.0,0.0,0.0,0.0,1776886067.892
0.0,0.0,0.0,0.0,1776886067.903
0.0,0.0,0.0,0.0,1776886067.916
0.0,0.0,0.0,0.0,1776886067.941
0.0,0.0,0.0,0.0,1776886067.955
0.0,0.0,0.0,0.0,1776886068.379
0.0,0.0,0.0,0.0,1776886068.398
0.0,0.0,0.0,0.0,1776886068.415
0.0,0.0,0.0,0.0,1776886068.441
0.0,0.0,0.0,0.0,1776886068.455
-3.0,0.0,-3.0,0.0,1776886068.876
-5.0,0.0,-5.0,0.0,1776886068.902
-5.0,0.0,-5.0,0.0,1776886068.916
-5.0,0.0,-5.0,0.0,1776886068.941
-5.0,0.0,-5.0,0.0,1776886068.956
-7.0,2.0,-7.0,2.0,1776886069.376
-7.0,2.0,-7.0,2.0,1776886069.402
-7.0,2.0,-7.0,2.0,1776886069.415
-7.0,2.0,-7.0,2.0,1776886069.441
-7.0,2.0,-7.0,2.0,1776886069.458
-7.0,2.0,-7.0,2.0,1776886069.903
-4.0,2.0,-4.0,2.0,1776886069.916
-4.0,2.0,-4.0,2.0,1776886069.944
-4.0,2.0,-4.0,2.0,1776886069.955
-4.0,2.0,-4.0,2.0,1776886069.981
0.0,0.0,0.0,0.0,1776886070.398
0.0,0.0,0.0,0.0,1776886070.416
0.0,0.0,0.0,0.0,1776886070.442
0.0,0.0,0.0,0.0,1776886070.455
0.0,0.0,0.0,0.0,1776886070.483
0.0,0.0,0.0,0.0,1776886070.899
0.0,0.0,0.0,0.0,1776886070.916
0.0,0.0,0.0,0.0,1776886070.943
0.0,0.0,0.0,0.0,1776886070.956
0.0,0.0,0.0,0.0,1776886070.983
12.0,12.0,12.0,12.0,1776886071.408
21.0,22.0,21.0,22.0,1776886071.418
21.0,22.0,21.0,22.0,1776886071.444
21.0,22.0,21.0,22.0,1776886071.457
21.0,22.0,21.0,22.0,1776886071.476
21.0,22.0,21.0,22.0,1776886071.895
21.0,22.0,21.0,22.0,1776886071.921
21.0,22.0,21.0,22.0,1776886071.936
21.0,22.0,21.0,22.0,1776886071.962
21.0,22.0,21.0,22.0,1776886071.975
21.0,22.0,21.0,22.0,1776886072.402
21.0,22.0,21.0,22.0,1776886072.417
21.0,22.0,21.0,22.0,1776886072.444
21.0,22.0,21.0,22.0,1776886072.455
21.0,22.0,21.0,22.0,1776886072.481
0.0,0.0,0.0,0.0,1776886072.897
0.0,0.0,0.0,0.0,1776886072.924
0.0,0.0,0.0,0.0,1776886072.935
0.0,0.0,0.0,0.0,1776886072.961
0.0,0.0,0.0,0.0,1776886072.975
-2.0,10.0,-2.0,10.0,1776886073.396
-2.0,10.0,-2.0,10.0,1776886073.421
-2.0,10.0,-2.0,10.0,1776886073.436
-4.0,13.0,-4.0,13.0,1776886073.464
-4.0,13.0,-4.0,13.0,1776886073.475
-11.0,18.0,-11.0,18.0,1776886073.896
-11.0,18.0,-11.0,18.0,1776886073.921
-11.0,18.0,-11.0,18.0,1776886073.936
-11.0,18.0,-11.0,18.0,1776886073.966
-11.0,18.0,-11.0,18.0,1776886073.977
-16.0,18.0,-16.0,18.0,1776886074.403
-18.0,7.0,-18.0,7.0,1776886074.416
-18.0,7.0,-18.0,7.0,1776886074.442
-18.0,7.0,-18.0,7.0,1776886074.456
-18.0,7.0,-18.0,7.0,1776886074.481
-18.0,17.0,-18.0,17.0,1776886074.902
-15.0,15.0,-15.0,15.0,1776886074.916
-15.0,15.0,-15.0,15.0,1776886074.936
-15.0,15.0,-15.0,15.0,1776886074.961
-15.0,15.0,-15.0,15.0,1776886074.976
-7.0,12.0,-7.0,12.0,1776886075.417
-7.0,12.0,-7.0,12.0,1776886075.443
-7.0,12.0,-7.0,12.0,1776886075.457
-7.0,12.0,-7.0,12.0,1776886075.483
-7.0,12.0,-7.0,12.0,1776886075.496
-1.0,9.0,-1.0,9.0,1776886075.899
-1.0,9.0,-1.0,9.0,1776886075.924
0.0,4.0,0.0,4.0,1776886075.936
0.0,4.0,0.0,4.0,1776886075.961
0.0,4.0,0.0,4.0,1776886075.976
0.0,0.0,0.0,0.0,1776886076.416
0.0,0.0,0.0,0.0,1776886076.442
0.0,0.0,0.0,0.0,1776886076.456
0.0,0.0,0.0,0.0,1776886076.484
0.0,0.0,0.0,0.0,1776886076.498
0.0,0.0,0.0,0.0,1776886076.921
0.0,0.0,0.0,0.0,1776886076.937
-1.0,0.0,-1.0,0.0,1776886076.962
-1.0,0.0,-1.0,0.0,1776886076.976
-1.0,0.0,-1.0,0.0,1776886077.002
-12.0,6.0,-12.0,6.0,1776886077.921
-12.0,6.0,-12.0,6.0,1776886077.937
-12.0,6.0,-12.0,6.0,1776886077.963
-12.0,6.0,-12.0,6.0,1776886077.976
-13.0,6.0,-13.0,6.0,1776886078.001
-18.0,9.0,-18.0,9.0,1776886078.417
-18.0,9.0,-18.0,9.0,1776886078.442
-18.0,9.0,-18.0,9.0,1776886078.456
-18.0,9.0,-18.0,9.0,1776886078.483
-18.0,9.0,-18.0,9.0,1776886078.496
-21.0,7.0,-21.0,7.0,1776886078.923
-21.0,7.0,-21.0,7.0,1776886078.936
-21.0,7.0,-21.0,7.0,1776886078.961
-21.0,7.0,-21.0,7.0,1776886078.976
-21.0,7.0,-21.0,7.0,1776886079.003
-11.0,4.0,-11.0,4.0,1776886079.416
-11.0,4.0,-11.0,4.0,1776886079.447
-9.0,3.0,-9.0,3.0,1776886079.458
-9.0,3.0,-9.0,3.0,1776886079.484
-9.0,3.0,-9.0,3.0,1776886079.496
-1.0,1.0,-1.0,1.0,1776886079.919
-1.0,1.0,-1.0,1.0,1776886079.936
-1.0,1.0,-1.0,1.0,1776886079.962
0.0,0.0,0.0,0.0,1776886079.976
0.0,0.0,0.0,0.0,1776886080.001
0.0,0.0,0.0,0.0,1776886080.436
0.0,0.0,0.0,0.0,1776886080.457
0.0,0.0,0.0,0.0,1776886080.483
0.0,2.0,0.0,2.0,1776886080.502
0.0,2.0,0.0,2.0,1776886080.516
-25.0,17.0,-25.0,17.0,1776886081.416
-25.0,17.0,-25.0,17.0,1776886081.442
-25.0,17.0,-25.0,17.0,1776886081.457
-25.0,17.0,-25.0,17.0,1776886081.483
-25.0,17.0,-25.0,17.0,1776886081.496
-31.0,21.0,-31.0,21.0,1776886081.936
-31.0,21.0,-31.0,21.0,1776886081.961
-19.0,22.0,-19.0,22.0,1776886081.976
-19.0,22.0,-19.0,22.0,1776886082.002
-19.0,22.0,-19.0,22.0,1776886082.016
-20.0,21.0,-20.0,21.0,1776886082.436
-20.0,21.0,-20.0,21.0,1776886082.462
-18.0,19.0,-18.0,19.0,1776886082.481
-18.0,19.0,-18.0,19.0,1776886082.496
-18.0,19.0,-18.0,19.0,1776886082.522
-10.0,12.0,-10.0,12.0,1776886082.936
-10.0,12.0,-10.0,12.0,1776886082.962
-10.0,12.0,-10.0,12.0,1776886082.976
-10.0,12.0,-10.0,12.0,1776886083.002
-7.0,10.0,-7.0,10.0,1776886083.016
4.0,4.0,4.0,4.0,1776886083.441
1.0,0.0,1.0,0.0,1776886083.456
1.0,0.0,1.0,0.0,1776886083.482
1.0,0.0,1.0,0.0,1776886083.496
1.0,0.0,1.0,0.0,1776886083.521
4.0,1.0,4.0,1.0,1776886083.938
4.0,1.0,4.0,1.0,1776886083.956
4.0,1.0,4.0,1.0,1776886083.982
13.0,8.0,13.0,8.0,1776886083.999
13.0,8.0,13.0,8.0,1776886084.017
42.0,36.0,42.0,36.0,1776886084.442
42.0,36.0,42.0,36.0,1776886084.456
42.0,36.0,42.0,36.0,1776886084.482
42.0,36.0,42.0,36.0,1776886084.496
42.0,36.0,42.0,36.0,1776886084.523
42.0,36.0,42.0,36.0,1776886084.936
42.0,36.0,42.0,36.0,1776886084.962
42.0,36.0,42.0,36.0,1776886084.979
42.0,36.0,42.0,36.0,1776886084.996
42.0,36.0,42.0,36.0,1776886085.022
28.0,-27.0,28.0,-27.0,1776886085.436
28.0,-27.0,28.0,-27.0,1776886085.462
19.0,-19.0,19.0,-19.0,1776886085.487
19.0,-19.0,19.0,-19.0,1776886085.498
19.0,-19.0,19.0,-19.0,1776886085.524
0.0,0.0,0.0,0.0,1776886085.943
0.0,0.0,0.0,0.0,1776886085.956
0.0,0.0,0.0,0.0,1776886085.982
0.0,0.0,0.0,0.0,1776886085.999
0.0,0.0,0.0,0.0,1776886086.017
2.0,0.0,2.0,0.0,1776886086.457
2.0,0.0,2.0,0.0,1776886086.483
2.0,0.0,2.0,0.0,1776886086.496
2.0,0.0,2.0,0.0,1776886086.522
2.0,0.0,2.0,0.0,1776886086.536
9.0,-16.0,9.0,-16.0,1776886086.942
9.0,-16.0,9.0,-16.0,1776886086.958
9.0,-16.0,9.0,-16.0,1776886086.976
9.0,-16.0,9.0,-16.0,1776886087.002
12.0,-19.0,12.0,-19.0,1776886087.016
15.0,-27.0,15.0,-27.0,1776886087.456
15.0,-27.0,15.0,-27.0,1776886087.476
17.0,-28.0,17.0,-28.0,1776886087.502
17.0,-28.0,17.0,-28.0,1776886087.518
17.0,-28.0,17.0,-28.0,1776886087.537
13.0,-27.0,13.0,-27.0,1776886087.963
13.0,-27.0,13.0,-27.0,1776886087.976
13.0,-27.0,13.0,-27.0,1776886088.002
13.0,-27.0,13.0,-27.0,1776886088.019
13.0,-27.0,13.0,-27.0,1776886088.036
5.0,9.0,5.0,9.0,1776886088.462
5.0,6.0,5.0,6.0,1776886088.476
5.0,6.0,5.0,6.0,1776886088.497
5.0,6.0,5.0,6.0,1776886088.523
5.0,6.0,5.0,6.0,1776886088.536
22.0,24.0,22.0,24.0,1776886088.962
22.0,24.0,22.0,24.0,1776886088.976
22.0,24.0,22.0,24.0,1776886089.007
22.0,24.0,22.0,24.0,1776886089.018
22.0,24.0,22.0,24.0,1776886089.044
55.0,55.0,55.0,55.0,1776886089.461
55.0,55.0,55.0,55.0,1776886089.476
55.0,55.0,55.0,55.0,1776886089.502
55.0,55.0,55.0,55.0,1776886089.516
55.0,55.0,55.0,55.0,1776886089.542
-55.0,54.0,-55.0,54.0,1776886089.962
-55.0,54.0,-55.0,54.0,1776886089.976
-51.0,51.0,-51.0,51.0,1776886090.004
-51.0,51.0,-51.0,51.0,1776886090.016
-51.0,51.0,-51.0,51.0,1776886090.042
-25.0,23.0,-25.0,23.0,1776886090.456
-25.0,23.0,-25.0,23.0,1776886090.482
-25.0,23.0,-25.0,23.0,1776886090.496
-25.0,23.0,-25.0,23.0,1776886090.517
-25.0,23.0,-25.0,23.0,1776886090.543
-5.0,5.0,-5.0,5.0,1776886090.959
-5.0,5.0,-5.0,5.0,1776886090.976
-6.0,7.0,-6.0,7.0,1776886091.002
-6.0,7.0,-6.0,7.0,1776886091.016
-6.0,7.0,-6.0,7.0,1776886091.039
-8.0,8.0,-8.0,8.0,1776886091.476
-8.0,8.0,-8.0,8.0,1776886091.502
-8.0,8.0,-8.0,8.0,1776886091.519
-8.0,8.0,-8.0,8.0,1776886091.536
-8.0,8.0,-8.0,8.0,1776886091.562
6.0,8.0,6.0,8.0,1776886091.976
6.0,8.0,6.0,8.0,1776886092.002
6.0,8.0,6.0,8.0,1776886092.016
6.0,8.0,6.0,8.0,1776886092.042
6.0,8.0,6.0,8.0,1776886092.056
10.0,9.0,10.0,9.0,1776886092.481
10.0,9.0,10.0,9.0,1776886092.496
19.0,16.0,19.0,16.0,1776886092.522
19.0,16.0,19.0,16.0,1776886092.536
19.0,16.0,19.0,16.0,1776886092.562
37.0,35.0,37.0,35.0,1776886092.976
37.0,35.0,37.0,35.0,1776886093.002
37.0,35.0,37.0,35.0,1776886093.016
37.0,35.0,37.0,35.0,1776886093.042
37.0,35.0,37.0,35.0,1776886093.056
37.0,35.0,37.0,35.0,1776886093.482
37.0,35.0,37.0,35.0,1776886093.496
36.0,35.0,36.0,35.0,1776886093.522
36.0,35.0,36.0,35.0,1776886093.536
36.0,35.0,36.0,35.0,1776886093.564
9.0,10.0,9.0,10.0,1776886093.979
0.0,0.0,0.0,0.0,1776886094.005
0.0,0.0,0.0,0.0,1776886094.016
0.0,0.0,0.0,0.0,1776886094.042
0.0,0.0,0.0,0.0,1776886094.056
19.0,13.0,19.0,13.0,1776886094.978
19.0,13.0,19.0,13.0,1776886095.005
19.0,13.0,19.0,13.0,1776886095.016
19.0,13.0,19.0,13.0,1776886095.042
19.0,13.0,19.0,13.0,1776886095.056
15.0,-13.0,15.0,-13.0,1776886095.502
15.0,-13.0,15.0,-13.0,1776886095.521
15.0,-13.0,15.0,-13.0,1776886095.544
15.0,-13.0,15.0,-13.0,1776886095.565
9.0,-10.0,9.0,-10.0,1776886095.576
2.0,-2.0,2.0,-2.0,1776886095.977
2.0,-2.0,2.0,-2.0,1776886096.002
2.0,-2.0,2.0,-2.0,1776886096.016
2.0,-2.0,2.0,-2.0,1776886096.042
3.0,-2.0,3.0,-2.0,1776886096.056
7.0,-8.0,7.0,-8.0,1776886096.496
7.0,-8.0,7.0,-8.0,1776886096.522
7.0,-8.0,7.0,-8.0,1776886096.536
7.0,-8.0,7.0,-8.0,1776886096.563
7.0,-8.0,7.0,-8.0,1776886096.577
13.0,-12.0,13.0,-12.0,1776886097.003
15.0,-15.0,15.0,-15.0,1776886097.016
15.0,-15.0,15.0,-15.0,1776886097.042
15.0,-15.0,15.0,-15.0,1776886097.056
15.0,-15.0,15.0,-15.0,1776886097.076
14.0,-15.0,14.0,-15.0,1776886097.496
14.0,-15.0,14.0,-15.0,1776886097.524
14.0,-15.0,14.0,-15.0,1776886097.536
14.0,-15.0,14.0,-15.0,1776886097.563
14.0,-15.0,14.0,-15.0,1776886097.576
6.0,7.0,6.0,7.0,1776886098.002
6.0,7.0,6.0,7.0,1776886098.017
6.0,7.0,6.0,7.0,1776886098.045
6.0,7.0,6.0,7.0,1776886098.056
6.0,7.0,6.0,7.0,1776886098.082
18.0,19.0,18.0,19.0,1776886098.503
18.0,19.0,18.0,19.0,1776886098.516
18.0,19.0,18.0,19.0,1776886098.545
18.0,19.0,18.0,19.0,1776886098.559
18.0,19.0,18.0,19.0,1776886098.578
49.0,48.0,49.0,48.0,1776886098.996
49.0,48.0,49.0,48.0,1776886099.023
49.0,48.0,49.0,48.0,1776886099.039
49.0,48.0,49.0,48.0,1776886099.064
49.0,48.0,49.0,48.0,1776886099.076
48.0,48.0,48.0,48.0,1776886099.522
48.0,48.0,48.0,48.0,1776886099.537
46.0,-46.0,46.0,-46.0,1776886099.565
46.0,-46.0,46.0,-46.0,1776886099.576
46.0,-46.0,46.0,-46.0,1776886099.602
22.0,-19.0,22.0,-19.0,1776886100.018
22.0,-19.0,22.0,-19.0,1776886100.045
12.0,-10.0,12.0,-10.0,1776886100.056
12.0,-10.0,12.0,-10.0,1776886100.082
12.0,-10.0,12.0,-10.0,1776886100.096
6.0,-2.0,6.0,-2.0,1776886100.522
6.0,-2.0,6.0,-2.0,1776886100.536
6.0,-2.0,6.0,-2.0,1776886100.563
6.0,-2.0,6.0,-2.0,1776886100.586
6.0,-4.0,6.0,-4.0,1776886100.596
10.0,-9.0,10.0,-9.0,1776886101.023
10.0,-9.0,10.0,-9.0,1776886101.041
10.0,-9.0,10.0,-9.0,1776886101.057
10.0,-9.0,10.0,-9.0,1776886101.083
10.0,-9.0,10.0,-9.0,1776886101.096
4.0,4.0,4.0,4.0,1776886102.023
4.0,4.0,4.0,4.0,1776886102.039
4.0,4.0,4.0,4.0,1776886102.056
4.0,4.0,4.0,4.0,1776886102.082
4.0,4.0,4.0,4.0,1776886102.096
0.0,0.0,0.0,0.0,1776886102.523
5.0,4.0,5.0,4.0,1776886102.536
5.0,4.0,5.0,4.0,1776886102.563
5.0,4.0,5.0,4.0,1776886102.577
5.0,4.0,5.0,4.0,1776886102.603
33.0,32.0,33.0,32.0,1776886103.016
33.0,32.0,33.0,32.0,1776886103.042
33.0,32.0,33.0,32.0,1776886103.056
43.0,42.0,43.0,42.0,1776886103.083
43.0,42.0,43.0,42.0,1776886103.096
54.0,53.0,54.0,53.0,1776886103.523
54.0,53.0,54.0,53.0,1776886103.536
54.0,53.0,54.0,53.0,1776886103.562
54.0,53.0,54.0,53.0,1776886103.576
54.0,53.0,54.0,53.0,1776886103.602
-40.0,39.0,-40.0,39.0,1776886104.016
-40.0,39.0,-40.0,39.0,1776886104.048
-40.0,39.0,-40.0,39.0,1776886104.066
-31.0,30.0,-31.0,30.0,1776886104.08
-31.0,30.0,-31.0,30.0,1776886104.096
0.0,0.0,0.0,0.0,1776886104.516
0.0,0.0,0.0,0.0,1776886104.536
0.0,0.0,0.0,0.0,1776886104.562
0.0,0.0,0.0,0.0,1776886104.577
0.0,0.0,0.0,0.0,1776886104.606
0.0,1.0,0.0,1.0,1776886105.023
0.0,1.0,0.0,1.0,1776886105.039
0.0,1.0,0.0,1.0,1776886105.061
0.0,1.0,0.0,1.0,1776886105.076
0.0,3.0,0.0,3.0,1776886105.104
0.0,3.0,0.0,3.0,1776886105.525
0.0,3.0,0.0,3.0,1776886105.536
0.0,3.0,0.0,3.0,1776886105.562
0.0,3.0,0.0,3.0,1776886105.576
0.0,3.0,0.0,3.0,1776886105.602
0.0,3.0,0.0,3.0,1776886106.025
0.0,3.0,0.0,3.0,1776886106.036
0.0,3.0,0.0,3.0,1776886106.062
0.0,3.0,0.0,3.0,1776886106.079
0.0,3.0,0.0,3.0,1776886106.099
7.0,3.0,7.0,3.0,1776886106.543
7.0,3.0,7.0,3.0,1776886106.559
7.0,3.0,7.0,3.0,1776886106.576
7.0,3.0,7.0,3.0,1776886106.602
7.0,3.0,7.0,3.0,1776886106.616
40.0,37.0,40.0,37.0,1776886107.022
40.0,37.0,40.0,37.0,1776886107.038
40.0,37.0,40.0,37.0,1776886107.064
40.0,37.0,40.0,37.0,1776886107.076
40.0,37.0,40.0,37.0,1776886107.096
71.0,67.0,71.0,67.0,1776886107.537
71.0,67.0,71.0,67.0,1776886107.567
71.0,67.0,71.0,67.0,1776886107.578
71.0,67.0,71.0,67.0,1776886107.604
71.0,67.0,71.0,67.0,1776886107.616
58.0,57.0,58.0,57.0,1776886108.021
48.0,48.0,48.0,48.0,1776886108.036
48.0,48.0,48.0,48.0,1776886108.062
48.0,48.0,48.0,48.0,1776886108.079
48.0,48.0,48.0,48.0,1776886108.097
19.0,19.0,19.0,19.0,1776886108.536
9.0,9.0,9.0,9.0,1776886108.562
9.0,9.0,9.0,9.0,1776886108.576
9.0,9.0,9.0,9.0,1776886108.606
9.0,9.0,9.0,9.0,1776886108.617
0.0,0.0,0.0,0.0,1776886109.043
8.0,0.0,8.0,0.0,1776886109.057
8.0,0.0,8.0,0.0,1776886109.083
8.0,0.0,8.0,0.0,1776886109.096
8.0,0.0,8.0,0.0,1776886109.123
29.0,21.0,29.0,21.0,1776886109.537
29.0,21.0,29.0,21.0,1776886109.556
29.0,21.0,29.0,21.0,1776886109.584
29.0,21.0,29.0,21.0,1776886109.599
39.0,31.0,39.0,31.0,1776886109.617
67.0,66.0,67.0,66.0,1776886110.563
67.0,66.0,67.0,66.0,1776886110.577
67.0,66.0,67.0,66.0,1776886110.603
67.0,66.0,67.0,66.0,1776886110.616
59.0,60.0,59.0,60.0,1776886110.642
13.0,-8.0,13.0,-8.0,1776886111.556
13.0,-8.0,13.0,-8.0,1776886111.584
13.0,-8.0,13.0,-8.0,1776886111.601
13.0,-8.0,13.0,-8.0,1776886111.616
13.0,-8.0,13.0,-8.0,1776886111.642
16.0,-8.0,16.0,-8.0,1776886112.058
16.0,-8.0,16.0,-8.0,1776886112.084
18.0,-8.0,18.0,-8.0,1776886112.096
18.0,-8.0,18.0,-8.0,1776886112.116
18.0,-8.0,18.0,-8.0,1776886112.143
13.0,3.0,13.0,3.0,1776886112.559
13.0,3.0,13.0,3.0,1776886112.576
7.0,2.0,7.0,2.0,1776886112.602
7.0,2.0,7.0,2.0,1776886112.616
7.0,2.0,7.0,2.0,1776886112.642
7.0,5.0,7.0,5.0,1776886113.056
7.0,5.0,7.0,5.0,1776886113.085
7.0,5.0,7.0,5.0,1776886113.096
9.0,13.0,9.0,13.0,1776886113.122
9.0,13.0,9.0,13.0,1776886113.137
49.0,55.0,49.0,55.0,1776886114.065
49.0,55.0,49.0,55.0,1776886114.08
49.0,55.0,49.0,55.0,1776886114.097
49.0,55.0,49.0,55.0,1776886114.122
49.0,55.0,49.0,55.0,1776886114.138
3.0,0.0,3.0,0.0,1776886115.057
3.0,0.0,3.0,0.0,1776886115.082
9.0,6.0,9.0,6.0,1776886115.097
9.0,6.0,9.0,6.0,1776886115.123
9.0,6.0,9.0,6.0,1776886115.136
34.0,36.0,34.0,36.0,1776886115.577
44.0,43.0,44.0,43.0,1776886115.602
44.0,43.0,44.0,43.0,1776886115.618
44.0,43.0,44.0,43.0,1776886115.645
44.0,43.0,44.0,43.0,1776886115.656
75.0,72.0,75.0,72.0,1776886116.084
87.0,84.0,87.0,84.0,1776886116.098
87.0,84.0,87.0,84.0,1776886116.125
87.0,84.0,87.0,84.0,1776886116.136
87.0,84.0,87.0,84.0,1776886116.163
105.0,103.0,105.0,103.0,1776886116.576
105.0,103.0,105.0,103.0,1776886116.597
109.0,106.0,109.0,106.0,1776886116.623
109.0,106.0,109.0,106.0,1776886116.638
109.0,106.0,109.0,106.0,1776886116.664
113.0,111.0,113.0,111.0,1776886117.084
104.0,103.0,104.0,103.0,1776886117.097
104.0,103.0,104.0,103.0,1776886117.124
104.0,103.0,104.0,103.0,1776886117.137
104.0,103.0,104.0,103.0,1776886117.165
57.0,55.0,57.0,55.0,1776886117.577
57.0,55.0,57.0,55.0,1776886117.602
57.0,55.0,57.0,55.0,1776886117.618
57.0,55.0,57.0,55.0,1776886117.648
57.0,55.0,57.0,55.0,1776886117.659
-21.0,-21.0,-21.0,-21.0,1776886118.097
-10.0,-10.0,-10.0,-10.0,1776886118.126
-10.0,-10.0,-10.0,-10.0,1776886118.137
-10.0,-10.0,-10.0,-10.0,1776886118.163
-10.0,-10.0,-10.0,-10.0,1776886118.177
-51.0,-52.0,-51.0,-52.0,1776886119.077
-51.0,-52.0,-51.0,-52.0,1776886119.102
-61.0,-63.0,-61.0,-63.0,1776886119.119
-61.0,-63.0,-61.0,-63.0,1776886119.145
-61.0,-63.0,-61.0,-63.0,1776886119.157
-94.0,-94.0,-94.0,-94.0,1776886119.604
-90.0,-99.0,-90.0,-99.0,1776886119.617
-90.0,-99.0,-90.0,-99.0,1776886119.642
-90.0,-99.0,-90.0,-99.0,1776886119.657
-90.0,-99.0,-90.0,-99.0,1776886119.684
-76.0,-93.0,-76.0,-93.0,1776886120.097
-76.0,-93.0,-76.0,-93.0,1776886120.124
-76.0,-93.0,-76.0,-93.0,1776886120.137
-66.0,-85.0,-66.0,-85.0,1776886120.162
-66.0,-85.0,-66.0,-85.0,1776886120.177
-13.0,-21.0,-13.0,-21.0,1776886121.097
-13.0,-21.0,-13.0,-21.0,1776886121.122
-13.0,-21.0,-13.0,-21.0,1776886121.137
-13.0,-21.0,-13.0,-21.0,1776886121.163
-13.0,-21.0,-13.0,-21.0,1776886121.177
0.0,-1.0,0.0,-1.0,1776886121.603
0.0,-1.0,0.0,-1.0,1776886121.617
0.0,-1.0,0.0,-1.0,1776886121.642
0.0,-1.0,0.0,-1.0,1776886121.657
0.0,-1.0,0.0,-1.0,1776886121.682
0.0,0.0,0.0,0.0,1776886122.105
0.0,0.0,0.0,0.0,1776886122.117
0.0,0.0,0.0,0.0,1776886122.143
0.0,0.0,0.0,0.0,1776886122.16
0.0,0.0,0.0,0.0,1776886122.177
24.0,44.0,24.0,44.0,1776886123.104
24.0,44.0,24.0,44.0,1776886123.122
24.0,44.0,24.0,44.0,1776886123.138
24.0,44.0,24.0,44.0,1776886123.17
24.0,44.0,24.0,44.0,1776886123.18
34.0,64.0,34.0,64.0,1776886123.599
34.0,64.0,34.0,64.0,1776886123.619
34.0,63.0,34.0,63.0,1776886123.637
34.0,63.0,34.0,63.0,1776886123.662
34.0,63.0,34.0,63.0,1776886123.678
25.0,46.0,25.0,46.0,1776886124.097
25.0,46.0,25.0,46.0,1776886124.122
25.0,46.0,25.0,46.0,1776886124.137
25.0,46.0,25.0,46.0,1776886124.162
25.0,46.0,25.0,46.0,1776886124.178
6.0,10.0,6.0,10.0,1776886124.617
6.0,10.0,6.0,10.0,1776886124.644
6.0,10.0,6.0,10.0,1776886124.658
6.0,10.0,6.0,10.0,1776886124.683
6.0,10.0,6.0,10.0,1776886124.697
0.0,0.0,0.0,0.0,1776886125.123
0.0,0.0,0.0,0.0,1776886125.137
0.0,0.0,0.0,0.0,1776886125.173
0.0,0.0,0.0,0.0,1776886125.183
0.0,0.0,0.0,0.0,1776886125.199
3.0,1.0,3.0,1.0,1776886125.619
3.0,1.0,3.0,1.0,1776886125.637
3.0,1.0,3.0,1.0,1776886125.665
11.0,3.0,11.0,3.0,1776886125.679
11.0,3.0,11.0,3.0,1776886125.705
34.0,19.0,34.0,19.0,1776886126.125
34.0,19.0,34.0,19.0,1776886126.137
34.0,19.0,34.0,19.0,1776886126.163
34.0,19.0,34.0,19.0,1776886126.177
41.0,23.0,41.0,23.0,1776886126.197
51.0,28.0,51.0,28.0,1776886126.623
51.0,28.0,51.0,28.0,1776886126.647
51.0,28.0,51.0,28.0,1776886126.658
51.0,28.0,51.0,28.0,1776886126.684
51.0,28.0,51.0,28.0,1776886126.697
33.0,20.0,33.0,20.0,1776886127.119
33.0,20.0,33.0,20.0,1776886127.145
33.0,20.0,33.0,20.0,1776886127.157
33.0,20.0,33.0,20.0,1776886127.183
33.0,20.0,33.0,20.0,1776886127.2
0.0,0.0,0.0,0.0,1776886127.623
0.0,0.0,0.0,0.0,1776886127.637
0.0,0.0,0.0,0.0,1776886127.663
0.0,0.0,0.0,0.0,1776886127.678
0.0,0.0,0.0,0.0,1776886127.705
0.0,0.0,0.0,0.0,1776886128.117
0.0,0.0,0.0,0.0,1776886128.143
0.0,0.0,0.0,0.0,1776886128.16
0.0,0.0,0.0,0.0,1776886128.177
0.0,0.0,0.0,0.0,1776886128.204
-3.0,-9.0,-3.0,-9.0,1776886128.617
-3.0,-9.0,-3.0,-9.0,1776886128.643
-3.0,-9.0,-3.0,-9.0,1776886128.657
-3.0,-9.0,-3.0,-9.0,1776886128.683
-3.0,-9.0,-3.0,-9.0,1776886128.697
-26.0,-53.0,-26.0,-53.0,1776886129.617
-26.0,-53.0,-26.0,-53.0,1776886129.649
-26.0,-53.0,-26.0,-53.0,1776886129.66
-26.0,-53.0,-26.0,-53.0,1776886129.685
-26.0,-53.0,-26.0,-53.0,1776886129.697
-7.0,-4.0,-7.0,-4.0,1776886130.638
-7.0,-4.0,-7.0,-4.0,1776886130.659
-7.0,-4.0,-7.0,-4.0,1776886130.677
-7.0,-4.0,-7.0,-4.0,1776886130.703
-7.0,-4.0,-7.0,-4.0,1776886130.719
-65.0,-42.0,-65.0,-42.0,1776886131.645
-65.0,-42.0,-65.0,-42.0,1776886131.657
-73.0,-48.0,-73.0,-48.0,1776886131.683
-73.0,-48.0,-73.0,-48.0,1776886131.7
-73.0,-48.0,-73.0,-48.0,1776886131.717
-67.0,-42.0,-67.0,-42.0,1776886132.137
-67.0,-42.0,-67.0,-42.0,1776886132.163
-67.0,-42.0,-67.0,-42.0,1776886132.177
-67.0,-42.0,-67.0,-42.0,1776886132.205
-60.0,-36.0,-60.0,-36.0,1776886132.217
-34.0,-24.0,-34.0,-24.0,1776886132.638
-34.0,-24.0,-34.0,-24.0,1776886132.664
-34.0,-24.0,-34.0,-24.0,1776886132.677
-34.0,-24.0,-34.0,-24.0,1776886132.704
-34.0,-24.0,-34.0,-24.0,1776886132.719
-31.0,-30.0,-31.0,-30.0,1776886133.139
-31.0,-30.0,-31.0,-30.0,1776886133.166
-33.0,-37.0,-33.0,-37.0,1776886133.177
-33.0,-37.0,-33.0,-37.0,1776886133.203
-33.0,-37.0,-33.0,-37.0,1776886133.217
-63.0,-68.0,-63.0,-68.0,1776886133.663
-63.0,-68.0,-63.0,-68.0,1776886133.678
-74.0,-76.0,-74.0,-76.0,1776886133.697
-74.0,-76.0,-74.0,-76.0,1776886133.723
-74.0,-76.0,-74.0,-76.0,1776886133.737
-102.0,-103.0,-102.0,-103.0,1776886134.138
-102.0,-103.0,-102.0,-103.0,1776886134.164
-102.0,-103.0,-102.0,-103.0,1776886134.178
-102.0,-103.0,-102.0,-103.0,1776886134.204
-102.0,-103.0,-102.0,-103.0,1776886134.217
-110.0,-109.0,-110.0,-109.0,1776886134.657
-110.0,-109.0,-110.0,-109.0,1776886134.683
-110.0,-109.0,-110.0,-109.0,1776886134.697
-110.0,-109.0,-110.0,-109.0,1776886134.723
-110.0,-109.0,-110.0,-109.0,1776886134.737
-89.0,-90.0,-89.0,-90.0,1776886135.157
-89.0,-90.0,-89.0,-90.0,1776886135.183
-89.0,-90.0,-89.0,-90.0,1776886135.198
-78.0,-79.0,-78.0,-79.0,1776886135.225
-78.0,-79.0,-78.0,-79.0,1776886135.237
-45.0,-45.0,-45.0,-45.0,1776886135.657
-45.0,-45.0,-45.0,-45.0,1776886135.683
-45.0,-45.0,-45.0,-45.0,1776886135.697
-34.0,-34.0,-34.0,-34.0,1776886135.727
-34.0,-34.0,-34.0,-34.0,1776886135.738
-10.0,-12.0,-10.0,-12.0,1776886136.163
-10.0,-12.0,-10.0,-12.0,1776886136.18
0.0,0.0,0.0,0.0,1776886136.206
0.0,0.0,0.0,0.0,1776886136.217
0.0,0.0,0.0,0.0,1776886136.243
12.0,9.0,12.0,9.0,1776886136.666
20.0,18.0,20.0,18.0,1776886136.677
20.0,18.0,20.0,18.0,1776886136.703
20.0,18.0,20.0,18.0,1776886136.72
20.0,18.0,20.0,18.0,1776886136.743
-30.0,41.0,-30.0,41.0,1776886137.164
-30.0,41.0,-30.0,41.0,1776886137.177
-30.0,41.0,-30.0,41.0,1776886137.208
-30.0,41.0,-30.0,41.0,1776886137.219
-30.0,41.0,-30.0,41.0,1776886137.246
-33.0,41.0,-33.0,41.0,1776886137.657
-33.0,41.0,-33.0,41.0,1776886137.683
-33.0,41.0,-33.0,41.0,1776886137.697
-33.0,41.0,-33.0,41.0,1776886137.725
-24.0,36.0,-24.0,36.0,1776886137.737
-3.0,15.0,-3.0,15.0,1776886138.159
-3.0,15.0,-3.0,15.0,1776886138.177
-3.0,15.0,-3.0,15.0,1776886138.203
-3.0,15.0,-3.0,15.0,1776886138.218
-3.0,15.0,-3.0,15.0,1776886138.244
-9.0,1.0,-9.0,1.0,1776886138.659
-9.0,1.0,-9.0,1.0,1776886138.686
-9.0,1.0,-9.0,1.0,1776886138.697
-9.0,1.0,-9.0,1.0,1776886138.723
-9.0,1.0,-9.0,1.0,1776886138.737
-14.0,3.0,-14.0,3.0,1776886139.163
-16.0,4.0,-16.0,4.0,1776886139.177
-16.0,4.0,-16.0,4.0,1776886139.203
-16.0,4.0,-16.0,4.0,1776886139.217
-16.0,4.0,-16.0,4.0,1776886139.244
-22.0,10.0,-22.0,10.0,1776886139.657
-22.0,10.0,-22.0,10.0,1776886139.684
-22.0,10.0,-22.0,10.0,1776886139.697
-22.0,12.0,-22.0,12.0,1776886139.723
-22.0,12.0,-22.0,12.0,1776886139.738
-23.0,19.0,-23.0,19.0,1776886140.163
-23.0,19.0,-23.0,19.0,1776886140.177
-23.0,19.0,-23.0,19.0,1776886140.213
-24.0,19.0,-24.0,19.0,1776886140.223
-24.0,19.0,-24.0,19.0,1776886140.24
-22.0,21.0,-22.0,21.0,1776886140.677
-22.0,21.0,-22.0,21.0,1776886140.703
-22.0,21.0,-22.0,21.0,1776886140.719
-22.0,21.0,-22.0,21.0,1776886140.747
-20.0,19.0,-20.0,19.0,1776886140.757
-15.0,15.0,-15.0,15.0,1776886141.157
-13.0,12.0,-13.0,12.0,1776886141.183
-13.0,12.0,-13.0,12.0,1776886141.199
-13.0,12.0,-13.0,12.0,1776886141.226
-13.0,12.0,-13.0,12.0,1776886141.237
4.0,3.0,4.0,3.0,1776886141.657
4.0,3.0,4.0,3.0,1776886141.683
4.0,3.0,4.0,3.0,1776886141.697
4.0,3.0,4.0,3.0,1776886141.723
4.0,3.0,4.0,3.0,1776886141.737
3.0,2.0,3.0,2.0,1776886142.163
3.0,2.0,3.0,2.0,1776886142.177
11.0,9.0,11.0,9.0,1776886142.197
11.0,9.0,11.0,9.0,1776886142.224
11.0,9.0,11.0,9.0,1776886142.239
40.0,38.0,40.0,38.0,1776886142.657
46.0,43.0,46.0,43.0,1776886142.688
46.0,43.0,46.0,43.0,1776886142.698
46.0,43.0,46.0,43.0,1776886142.725
46.0,43.0,46.0,43.0,1776886142.737
46.0,43.0,46.0,43.0,1776886143.177
46.0,43.0,46.0,43.0,1776886143.203
46.0,43.0,46.0,43.0,1776886143.218
46.0,43.0,46.0,43.0,1776886143.246
46.0,43.0,46.0,43.0,1776886143.257
27.0,25.0,27.0,25.0,1776886143.683
17.0,16.0,17.0,16.0,1776886143.701
17.0,16.0,17.0,16.0,1776886143.717
17.0,16.0,17.0,16.0,1776886143.743
17.0,16.0,17.0,16.0,1776886143.759
0.0,0.0,0.0,0.0,1776886144.178
0.0,0.0,0.0,0.0,1776886144.204
0.0,0.0,0.0,0.0,1776886144.217
0.0,0.0,0.0,0.0,1776886144.245
0.0,0.0,0.0,0.0,1776886144.257
12.0,12.0,12.0,12.0,1776886144.693
12.0,12.0,12.0,12.0,1776886144.705
12.0,12.0,12.0,12.0,1776886144.719
12.0,12.0,12.0,12.0,1776886144.746
22.0,21.0,22.0,21.0,1776886144.757
22.0,21.0,22.0,21.0,1776886145.177
22.0,21.0,22.0,21.0,1776886145.203
22.0,21.0,22.0,21.0,1776886145.217
22.0,21.0,22.0,21.0,1776886145.243
22.0,21.0,22.0,21.0,1776886145.257
22.0,21.0,22.0,21.0,1776886145.684
22.0,22.0,22.0,22.0,1776886145.697
22.0,22.0,22.0,22.0,1776886145.717
22.0,22.0,22.0,22.0,1776886145.743
22.0,22.0,22.0,22.0,1776886145.759
0.0,1.0,0.0,1.0,1776886146.178
0.0,1.0,0.0,1.0,1776886146.206
0.0,1.0,0.0,1.0,1776886146.217
0.0,1.0,0.0,1.0,1776886146.243
0.0,1.0,0.0,1.0,1776886146.257
0.0,1.0,0.0,1.0,1776886146.703
0.0,1.0,0.0,1.0,1776886146.72
0.0,1.0,0.0,1.0,1776886146.737
0.0,1.0,0.0,1.0,1776886146.764
0.0,1.0,0.0,1.0,1776886146.777
1.0,1.0,1.0,1.0,1776886147.203
1.0,1.0,1.0,1.0,1776886147.217
1.0,1.0,1.0,1.0,1776886147.245
1.0,1.0,1.0,1.0,1776886147.257
1.0,1.0,1.0,1.0,1776886147.283
10.0,10.0,10.0,10.0,1776886147.705
10.0,10.0,10.0,10.0,1776886147.717
10.0,10.0,10.0,10.0,1776886147.744
10.0,10.0,10.0,10.0,1776886147.76
10.0,10.0,10.0,10.0,1776886147.777
12.0,12.0,12.0,12.0,1776886148.214
12.0,12.0,12.0,12.0,1776886148.224
19.0,18.0,19.0,18.0,1776886148.239
19.0,18.0,19.0,18.0,1776886148.265
19.0,18.0,19.0,18.0,1776886148.277
12.0,18.0,12.0,18.0,1776886148.703
12.0,18.0,12.0,18.0,1776886148.719
12.0,18.0,12.0,18.0,1776886148.746
12.0,18.0,12.0,18.0,1776886148.757
12.0,18.0,12.0,18.0,1776886148.783
12.0,18.0,12.0,18.0,1776886149.199
12.0,18.0,12.0,18.0,1776886149.218
12.0,18.0,12.0,18.0,1776886149.244
12.0,18.0,12.0,18.0,1776886149.257
12.0,18.0,12.0,18.0,1776886149.283
0.0,0.0,0.0,0.0,1776886149.697
0.0,0.0,0.0,0.0,1776886149.723
0.0,0.0,0.0,0.0,1776886149.737
0.0,0.0,0.0,0.0,1776886149.763
0.0,0.0,0.0,0.0,1776886149.78
0.0,0.0,0.0,0.0,1776886150.217
0.0,0.0,0.0,0.0,1776886150.243
0.0,0.0,0.0,0.0,1776886150.257
0.0,0.0,0.0,0.0,1776886150.283
0.0,0.0,0.0,0.0,1776886150.297
0.0,0.0,0.0,0.0,1776886150.719
0.0,0.0,0.0,0.0,1776886150.745
0.0,0.0,0.0,0.0,1776886150.758
0.0,0.0,0.0,0.0,1776886150.786
0.0,0.0,0.0,0.0,1776886150.8
16.0,44.0,16.0,44.0,1776886151.221
16.0,44.0,16.0,44.0,1776886151.237
16.0,44.0,16.0,44.0,1776886151.257
22.0,54.0,22.0,54.0,1776886151.283
22.0,54.0,22.0,54.0,1776886151.298
44.0,74.0,44.0,74.0,1776886151.726
44.0,74.0,44.0,74.0,1776886151.737
44.0,74.0,44.0,74.0,1776886151.763
44.0,74.0,44.0,74.0,1776886151.778
44.0,74.0,44.0,74.0,1776886151.806
42.0,48.0,42.0,48.0,1776886152.217
42.0,48.0,42.0,48.0,1776886152.244
42.0,48.0,42.0,48.0,1776886152.258
42.0,48.0,42.0,48.0,1776886152.284
34.0,39.0,34.0,39.0,1776886152.298
10.0,9.0,10.0,9.0,1776886152.746
10.0,9.0,10.0,9.0,1776886152.757
0.0,0.0,0.0,0.0,1776886152.784
0.0,0.0,0.0,0.0,1776886152.8
0.0,0.0,0.0,0.0,1776886152.82
0.0,-1.0,0.0,-1.0,1776886153.217
0.0,-1.0,0.0,-1.0,1776886153.243
0.0,-1.0,0.0,-1.0,1776886153.257
0.0,-1.0,0.0,-1.0,1776886153.283
7.0,-1.0,7.0,-1.0,1776886153.297
9.0,-1.0,9.0,-1.0,1776886153.738
9.0,-1.0,9.0,-1.0,1776886153.764
9.0,-1.0,9.0,-1.0,1776886153.778
9.0,-1.0,9.0,-1.0,1776886153.806
9.0,-1.0,9.0,-1.0,1776886153.817
9.0,-1.0,9.0,-1.0,1776886154.217
9.0,-1.0,9.0,-1.0,1776886154.243
9.0,-1.0,9.0,-1.0,1776886154.258
9.0,-1.0,9.0,-1.0,1776886154.287
12.0,-3.0,12.0,-3.0,1776886154.298
18.0,-22.0,18.0,-22.0,1776886154.719
18.0,-22.0,18.0,-22.0,1776886154.742
18.0,-22.0,18.0,-22.0,1776886154.757
18.0,-22.0,18.0,-22.0,1776886154.783
18.0,-22.0,18.0,-22.0,1776886154.799
16.0,-22.0,16.0,-22.0,1776886155.246
16.0,-22.0,16.0,-22.0,1776886155.257
16.0,-22.0,16.0,-22.0,1776886155.284
16.0,-22.0,16.0,-22.0,1776886155.297
16.0,-22.0,16.0,-22.0,1776886155.323
13.0,-21.0,13.0,-21.0,1776886155.744
10.0,-10.0,10.0,-10.0,1776886155.759
10.0,-10.0,10.0,-10.0,1776886155.785
10.0,-10.0,10.0,-10.0,1776886155.797
10.0,-10.0,10.0,-10.0,1776886155.823
0.0,0.0,0.0,0.0,1776886156.243
0.0,0.0,0.0,0.0,1776886156.259
0.0,0.0,0.0,0.0,1776886156.286
0.0,0.0,0.0,0.0,1776886156.298
0.0,0.0,0.0,0.0,1776886156.324
0.0,0.0,0.0,0.0,1776886156.738
0.0,0.0,0.0,0.0,1776886156.766
0.0,0.0,0.0,0.0,1776886156.777
0.0,0.0,0.0,0.0,1776886156.803
0.0,0.0,0.0,0.0,1776886156.817
0.0,0.0,0.0,0.0,1776886157.258
0.0,0.0,0.0,0.0,1776886157.283
0.0,0.0,0.0,0.0,1776886157.298
0.0,0.0,0.0,0.0,1776886157.323
0.0,0.0,0.0,0.0,1776886157.337
0.0,0.0,0.0,0.0,1776886157.738
0.0,0.0,0.0,0.0,1776886157.763
0.0,0.0,0.0,0.0,1776886157.778
0.0,0.0,0.0,0.0,1776886157.808
0.0,0.0,0.0,0.0,1776886157.818
0.0,0.0,0.0,0.0,1776886158.259
0.0,0.0,0.0,0.0,1776886158.285
0.0,0.0,0.0,0.0,1776886158.298
0.0,0.0,0.0,0.0,1776886158.324
0.0,0.0,0.0,0.0,1776886158.34
0.0,0.0,0.0,0.0,1776886158.771
0.0,0.0,0.0,0.0,1776886158.781
0.0,0.0,0.0,0.0,1776886158.798
0.0,0.0,0.0,0.0,1776886158.824
0.0,0.0,0.0,0.0,1776886158.838
0.0,0.0,0.0,0.0,1776886159.238
0.0,0.0,0.0,0.0,1776886159.264
0.0,0.0,0.0,0.0,1776886159.278
0.0,0.0,0.0,0.0,1776886159.305
0.0,0.0,0.0,0.0,1776886159.318
0.0,0.0,0.0,0.0,1776886159.758
0.0,0.0,0.0,0.0,1776886159.787
0.0,0.0,0.0,0.0,1776886159.799
0.0,0.0,0.0,0.0,1776886159.825
0.0,0.0,0.0,0.0,1776886159.838
0.0,0.0,0.0,0.0,1776886160.266
0.0,0.0,0.0,0.0,1776886160.278
0.0,0.0,0.0,0.0,1776886160.304
0.0,0.0,0.0,0.0,1776886160.319
0.0,0.0,0.0,0.0,1776886160.346
0.0,0.0,0.0,0.0,1776886160.764
0.0,0.0,0.0,0.0,1776886160.778
0.0,0.0,0.0,0.0,1776886160.804
0.0,0.0,0.0,0.0,1776886160.819
0.0,0.0,0.0,0.0,1776886160.846
0.0,0.0,0.0,0.0,1776886161.258
0.0,0.0,0.0,0.0,1776886161.283
0.0,0.0,0.0,0.0,1776886161.298
0.0,0.0,0.0,0.0,1776886161.33
0.0,0.0,0.0,0.0,1776886161.341
0.0,0.0,0.0,0.0,1776886161.779
0.0,0.0,0.0,0.0,1776886161.806
0.0,0.0,0.0,0.0,1776886161.818
0.0,0.0,0.0,0.0,1776886161.843
0.0,0.0,0.0,0.0,1776886161.858
0.0,0.0,0.0,0.0,1776886162.284
0.0,0.0,0.0,0.0,1776886162.298
0.0,0.0,0.0,0.0,1776886162.323
0.0,0.0,0.0,0.0,1776886162.343
0.0,0.0,0.0,0.0,1776886162.358
0.0,0.0,0.0,0.0,1776886162.784
0.0,0.0,0.0,0.0,1776886162.803
0.0,0.0,0.0,0.0,1776886162.818
0.0,0.0,0.0,0.0,1776886162.843
0.0,0.0,0.0,0.0,1776886162.858
0.0,0.0,0.0,0.0,1776886163.285
0.0,0.0,0.0,0.0,1776886163.298
0.0,0.0,0.0,0.0,1776886163.323
0.0,0.0,0.0,0.0,1776886163.338
0.0,0.0,0.0,0.0,1776886163.364
0.0,0.0,0.0,0.0,1776886163.778
0.0,0.0,0.0,0.0,1776886163.806
0.0,0.0,0.0,0.0,1776886163.818
0.0,0.0,0.0,0.0,1776886163.843
0.0,0.0,0.0,0.0,1776886163.858
0.0,0.0,0.0,0.0,1776886164.285
0.0,0.0,0.0,0.0,1776886164.298
0.0,0.0,0.0,0.0,1776886164.323
0.0,0.0,0.0,0.0,1776886164.338
0.0,0.0,0.0,0.0,1776886164.366
0.0,0.0,0.0,0.0,1776886164.783
0.0,0.0,0.0,0.0,1776886164.799
0.0,0.0,0.0,0.0,1776886164.82
0.0,0.0,0.0,0.0,1776886164.838
0.0,0.0,0.0,0.0,1776886164.864
0.0,0.0,0.0,0.0,1776886165.279
0.0,0.0,0.0,0.0,1776886165.298
0.0,0.0,0.0,0.0,1776886165.324
0.0,0.0,0.0,0.0,1776886165.338
0.0,0.0,0.0,0.0,1776886165.364
2.0,0.0,2.0,0.0,1776886165.778
2.0,0.0,2.0,0.0,1776886165.813
2.0,0.0,2.0,0.0,1776886165.823
2.0,0.0,2.0,0.0,1776886165.841
2.0,0.0,2.0,0.0,1776886165.868
2.0,0.0,2.0,0.0,1776886166.286
2.0,0.0,2.0,0.0,1776886166.298
2.0,0.0,2.0,0.0,1776886166.324
3.0,-1.0,3.0,-1.0,1776886166.338
3.0,-1.0,3.0,-1.0,1776886166.367
7.0,-6.0,7.0,-6.0,1776886166.803
7.0,-6.0,7.0,-6.0,1776886166.818
7.0,-6.0,7.0,-6.0,1776886166.838
7.0,-6.0,7.0,-6.0,1776886166.864
7.0,-6.0,7.0,-6.0,1776886166.879
17.0,-17.0,17.0,-17.0,1776886167.298
17.0,-17.0,17.0,-17.0,1776886167.323
17.0,-17.0,17.0,-17.0,1776886167.338
17.0,-17.0,17.0,-17.0,1776886167.364
17.0,-17.0,17.0,-17.0,1776886167.378
25.0,-23.0,25.0,-23.0,1776886167.804
21.0,-21.0,21.0,-21.0,1776886167.818
21.0,-21.0,21.0,-21.0,1776886167.843
21.0,-21.0,21.0,-21.0,1776886167.859
21.0,-21.0,21.0,-21.0,1776886167.885
17.0,-12.0,17.0,-12.0,1776886168.304
17.0,-12.0,17.0,-12.0,1776886168.319
17.0,-12.0,17.0,-12.0,1776886168.345
17.0,-12.0,17.0,-12.0,1776886168.358
17.0,-12.0,17.0,-12.0,1776886168.386
6.0,3.0,6.0,3.0,1776886168.804
6.0,3.0,6.0,3.0,1776886168.818
6.0,3.0,6.0,3.0,1776886168.846
1.0,2.0,1.0,2.0,1776886168.858
1.0,2.0,1.0,2.0,1776886168.883
10.0,16.0,10.0,16.0,1776886169.306
10.0,16.0,10.0,16.0,1776886169.318
10.0,16.0,10.0,16.0,1776886169.344
10.0,16.0,10.0,16.0,1776886169.359
10.0,16.0,10.0,16.0,1776886169.385
51.0,47.0,51.0,47.0,1776886170.298
51.0,47.0,51.0,47.0,1776886170.325
51.0,47.0,51.0,47.0,1776886170.338
51.0,47.0,51.0,47.0,1776886170.364
51.0,47.0,51.0,47.0,1776886170.378
33.0,29.0,33.0,29.0,1776886170.804
33.0,29.0,33.0,29.0,1776886170.818
22.0,19.0,22.0,19.0,1776886170.848
22.0,19.0,22.0,19.0,1776886170.864
22.0,19.0,22.0,19.0,1776886170.879
0.0,0.0,0.0,0.0,1776886171.298
0.0,0.0,0.0,0.0,1776886171.326
0.0,0.0,0.0,0.0,1776886171.338
0.0,0.0,0.0,0.0,1776886171.363
0.0,0.0,0.0,0.0,1776886171.378
0.0,1.0,0.0,1.0,1776886171.818
0.0,1.0,0.0,1.0,1776886171.844
0.0,1.0,0.0,1.0,1776886171.858
0.0,1.0,0.0,1.0,1776886171.888
0.0,1.0,0.0,1.0,1776886171.899
19.0,27.0,19.0,27.0,1776886172.325
19.0,27.0,19.0,27.0,1776886172.342
19.0,27.0,19.0,27.0,1776886172.358
19.0,27.0,19.0,27.0,1776886172.384
19.0,27.0,19.0,27.0,1776886172.399
19.0,27.0,19.0,27.0,1776886172.825
19.0,27.0,19.0,27.0,1776886172.838
19.0,27.0,19.0,27.0,1776886172.864
19.0,27.0,19.0,27.0,1776886172.879
19.0,27.0,19.0,27.0,1776886172.907
14.0,19.0,14.0,19.0,1776886173.324
14.0,19.0,14.0,19.0,1776886173.338
14.0,19.0,14.0,19.0,1776886173.364
14.0,19.0,14.0,19.0,1776886173.38
14.0,19.0,14.0,19.0,1776886173.406
0.0,0.0,0.0,0.0,1776886173.818
0.0,0.0,0.0,0.0,1776886173.844
0.0,0.0,0.0,0.0,1776886173.858
0.0,0.0,0.0,0.0,1776886173.885
0.0,0.0,0.0,0.0,1776886173.898
0.0,0.0,0.0,0.0,1776886174.326
0.0,0.0,0.0,0.0,1776886174.338
0.0,0.0,0.0,0.0,1776886174.364
0.0,0.0,0.0,0.0,1776886174.378
0.0,0.0,0.0,0.0,1776886174.404
18.0,23.0,18.0,23.0,1776886174.825
18.0,23.0,18.0,23.0,1776886174.838
18.0,23.0,18.0,23.0,1776886174.864
18.0,23.0,18.0,23.0,1776886174.879
33.0,39.0,33.0,39.0,1776886174.899
63.0,64.0,63.0,64.0,1776886175.324
63.0,64.0,63.0,64.0,1776886175.338
63.0,64.0,63.0,64.0,1776886175.364
63.0,64.0,63.0,64.0,1776886175.378
63.0,64.0,63.0,64.0,1776886175.406
60.0,58.0,60.0,58.0,1776886175.824
60.0,58.0,60.0,58.0,1776886175.839
60.0,58.0,60.0,58.0,1776886175.865
60.0,58.0,60.0,58.0,1776886175.878
60.0,58.0,60.0,58.0,1776886175.905
30.0,25.0,30.0,25.0,1776886176.324
-14.0,15.0,-14.0,15.0,1776886176.338
-14.0,15.0,-14.0,15.0,1776886176.368
-14.0,15.0,-14.0,15.0,1776886176.378
-14.0,15.0,-14.0,15.0,1776886176.405
0.0,0.0,0.0,0.0,1776886176.822
0.0,0.0,0.0,0.0,1776886176.838
0.0,0.0,0.0,0.0,1776886176.864
0.0,0.0,0.0,0.0,1776886176.879
-1.0,0.0,-1.0,0.0,1776886176.907
-6.0,3.0,-6.0,3.0,1776886177.338
-6.0,3.0,-6.0,3.0,1776886177.364
-6.0,3.0,-6.0,3.0,1776886177.378
-6.0,3.0,-6.0,3.0,1776886177.406
-6.0,3.0,-6.0,3.0,1776886177.419
-13.0,3.0,-13.0,3.0,1776886177.845
-13.0,3.0,-13.0,3.0,1776886177.858
-16.0,3.0,-16.0,3.0,1776886177.884
-16.0,3.0,-16.0,3.0,1776886177.903
-16.0,3.0,-16.0,3.0,1776886177.918
-57.0,3.0,-57.0,3.0,1776886178.325
-57.0,3.0,-57.0,3.0,1776886178.338
-57.0,3.0,-57.0,3.0,1776886178.358
-57.0,3.0,-57.0,3.0,1776886178.386
-57.0,3.0,-57.0,3.0,1776886178.398
-58.0,0.0,-58.0,0.0,1776886178.818
-58.0,0.0,-58.0,0.0,1776886178.848
-58.0,0.0,-58.0,0.0,1776886178.86
-58.0,0.0,-58.0,0.0,1776886178.886
-58.0,0.0,-58.0,0.0,1776886178.898
-21.0,0.0,-21.0,0.0,1776886179.345
-21.0,0.0,-21.0,0.0,1776886179.358
-21.0,0.0,-21.0,0.0,1776886179.379
-21.0,0.0,-21.0,0.0,1776886179.407
-21.0,0.0,-21.0,0.0,1776886179.418
-18.0,0.0,-18.0,0.0,1776886179.844
-18.0,0.0,-18.0,0.0,1776886179.858
-16.0,0.0,-16.0,0.0,1776886179.885
-16.0,0.0,-16.0,0.0,1776886179.898
-16.0,0.0,-16.0,0.0,1776886179.924
-30.0,-22.0,-30.0,-22.0,1776886180.345
-30.0,-22.0,-30.0,-22.0,1776886180.358
-30.0,-22.0,-30.0,-22.0,1776886180.385
-36.0,-30.0,-36.0,-30.0,1776886180.399
-36.0,-30.0,-36.0,-30.0,1776886180.425
-63.0,-56.0,-63.0,-56.0,1776886180.849
-63.0,-56.0,-63.0,-56.0,1776886180.859
-63.0,-56.0,-63.0,-56.0,1776886180.885
-74.0,-72.0,-74.0,-72.0,1776886180.898
-74.0,-72.0,-74.0,-72.0,1776886180.926
-85.0,-86.0,-85.0,-86.0,1776886181.344
-85.0,-86.0,-85.0,-86.0,1776886181.359
-85.0,-86.0,-85.0,-86.0,1776886181.387
-84.0,-85.0,-84.0,-85.0,1776886181.398
-84.0,-85.0,-84.0,-85.0,1776886181.424
-60.0,-64.0,-60.0,-64.0,1776886181.844
-60.0,-64.0,-60.0,-64.0,1776886181.859
-60.0,-64.0,-60.0,-64.0,1776886181.886
-60.0,-64.0,-60.0,-64.0,1776886181.898
-60.0,-64.0,-60.0,-64.0,1776886181.924
-29.0,-34.0,-29.0,-34.0,1776886182.338
-19.0,-22.0,-19.0,-22.0,1776886182.364
-19.0,-22.0,-19.0,-22.0,1776886182.378
-19.0,-22.0,-19.0,-22.0,1776886182.404
-19.0,-22.0,-19.0,-22.0,1776886182.419
-6.0,13.0,-6.0,13.0,1776886182.847
-6.0,13.0,-6.0,13.0,1776886182.858
-6.0,13.0,-6.0,13.0,1776886182.884
-6.0,13.0,-6.0,13.0,1776886182.899
0.0,5.0,0.0,5.0,1776886182.925
0.0,5.0,0.0,5.0,1776886183.338
0.0,5.0,0.0,5.0,1776886183.364
0.0,5.0,0.0,5.0,1776886183.378
0.0,5.0,0.0,5.0,1776886183.418
0.0,5.0,0.0,5.0,1776886183.429
-6.0,10.0,-6.0,10.0,1776886183.859
-6.0,10.0,-6.0,10.0,1776886183.885
-6.0,10.0,-6.0,10.0,1776886183.898
-6.0,10.0,-6.0,10.0,1776886183.924
-6.0,10.0,-6.0,10.0,1776886183.938
-9.0,5.0,-9.0,5.0,1776886184.358
-9.0,5.0,-9.0,5.0,1776886184.384
-9.0,5.0,-9.0,5.0,1776886184.399
-9.0,5.0,-9.0,5.0,1776886184.428
-9.0,5.0,-9.0,5.0,1776886184.438
-7.0,5.0,-7.0,5.0,1776886184.859
-7.0,5.0,-7.0,5.0,1776886184.885
-7.0,5.0,-7.0,5.0,1776886184.898
-7.0,5.0,-7.0,5.0,1776886184.924
-7.0,5.0,-7.0,5.0,1776886184.938
-4.0,0.0,-4.0,0.0,1776886185.338
-4.0,0.0,-4.0,0.0,1776886185.364
-4.0,0.0,-4.0,0.0,1776886185.379
-4.0,0.0,-4.0,0.0,1776886185.407
-4.0,0.0,-4.0,0.0,1776886185.418
0.0,3.0,0.0,3.0,1776886185.839
0.0,3.0,0.0,3.0,1776886185.866
0.0,3.0,0.0,3.0,1776886185.878
0.0,3.0,0.0,3.0,1776886185.905
0.0,3.0,0.0,3.0,1776886185.919
0.0,3.0,0.0,3.0,1776886186.358
0.0,3.0,0.0,3.0,1776886186.385
0.0,3.0,0.0,3.0,1776886186.398
0.0,3.0,0.0,3.0,1776886186.425
0.0,3.0,0.0,3.0,1776886186.438
0.0,3.0,0.0,3.0,1776886186.858
0.0,3.0,0.0,3.0,1776886186.884
0.0,3.0,0.0,3.0,1776886186.898
0.0,3.0,0.0,3.0,1776886186.927
0.0,3.0,0.0,3.0,1776886186.938
0.0,0.0,0.0,0.0,1776886187.36
0.0,0.0,0.0,0.0,1776886187.387
0.0,0.0,0.0,0.0,1776886187.398
0.0,0.0,0.0,0.0,1776886187.425
0.0,0.0,0.0,0.0,1776886187.439
0.0,0.0,0.0,0.0,1776886187.859
0.0,0.0,0.0,0.0,1776886187.89
0.0,0.0,0.0,0.0,1776886187.9
0.0,0.0,0.0,0.0,1776886187.919
0.0,0.0,0.0,0.0,1776886187.94
0.0,0.0,0.0,0.0,1776886188.378
0.0,0.0,0.0,0.0,1776886188.404
0.0,0.0,0.0,0.0,1776886188.419
0.0,0.0,0.0,0.0,1776886188.445
0.0,0.0,0.0,0.0,1776886188.459
0.0,0.0,0.0,0.0,1776886188.878
0.0,0.0,0.0,0.0,1776886188.905
0.0,0.0,0.0,0.0,1776886188.918
0.0,0.0,0.0,0.0,1776886188.945
0.0,0.0,0.0,0.0,1776886188.959
0.0,0.0,0.0,0.0,1776886189.364
0.0,0.0,0.0,0.0,1776886189.381
0.0,0.0,0.0,0.0,1776886189.399
0.0,0.0,0.0,0.0,1776886189.425
0.0,0.0,0.0,0.0,1776886189.439
0.0,0.0,0.0,0.0,1776886189.878
0.0,0.0,0.0,0.0,1776886189.904
0.0,0.0,0.0,0.0,1776886189.919
0.0,0.0,0.0,0.0,1776886189.947
0.0,0.0,0.0,0.0,1776886189.958
9.0,0.0,9.0,0.0,1776886190.378
12.0,0.0,12.0,0.0,1776886190.404
12.0,0.0,12.0,0.0,1776886190.421
12.0,0.0,12.0,0.0,1776886190.438
12.0,0.0,12.0,0.0,1776886190.466
30.0,9.0,30.0,9.0,1776886190.88
30.0,9.0,30.0,9.0,1776886190.902
30.0,9.0,30.0,9.0,1776886190.918
37.0,15.0,37.0,15.0,1776886190.944
37.0,15.0,37.0,15.0,1776886190.961
48.0,26.0,48.0,26.0,1776886191.386
48.0,26.0,48.0,26.0,1776886191.398
48.0,26.0,48.0,26.0,1776886191.426
43.0,26.0,43.0,26.0,1776886191.439
43.0,26.0,43.0,26.0,1776886191.46
31.0,26.0,31.0,26.0,1776886191.878
31.0,26.0,31.0,26.0,1776886191.905
31.0,26.0,31.0,26.0,1776886191.92
31.0,26.0,31.0,26.0,1776886191.946
26.0,22.0,26.0,22.0,1776886191.958
7.0,6.0,7.0,6.0,1776886192.379
7.0,6.0,7.0,6.0,1776886192.404
7.0,6.0,7.0,6.0,1776886192.419
7.0,6.0,7.0,6.0,1776886192.446
7.0,6.0,7.0,6.0,1776886192.458
0.0,0.0,0.0,0.0,1776886192.898
0.0,0.0,0.0,0.0,1776886192.928
0.0,0.0,0.0,0.0,1776886192.939
0.0,0.0,0.0,0.0,1776886192.965
0.0,0.0,0.0,0.0,1776886192.979
0.0,0.0,0.0,0.0,1776886193.39
0.0,0.0,0.0,0.0,1776886193.401
0.0,0.0,0.0,0.0,1776886193.427
0.0,0.0,0.0,0.0,1776886193.439
0.0,0.0,0.0,0.0,1776886193.459
1.0,1.0,1.0,1.0,1776886193.885
1.0,1.0,1.0,1.0,1776886193.902
1.0,1.0,1.0,1.0,1776886193.92
1.0,1.0,1.0,1.0,1776886193.946
1.0,1.0,1.0,1.0,1776886193.958
22.0,33.0,22.0,33.0,1776886194.385
22.0,33.0,22.0,33.0,1776886194.399
22.0,33.0,22.0,33.0,1776886194.426
22.0,33.0,22.0,33.0,1776886194.438
22.0,33.0,22.0,33.0,1776886194.465
47.0,66.0,47.0,66.0,1776886194.906
47.0,66.0,47.0,66.0,1776886194.919
47.0,66.0,47.0,66.0,1776886194.939
47.0,66.0,47.0,66.0,1776886194.965
47.0,66.0,47.0,66.0,1776886194.979
56.0,76.0,56.0,76.0,1776886195.379
56.0,76.0,56.0,76.0,1776886195.405
49.0,68.0,49.0,68.0,1776886195.418
49.0,68.0,49.0,68.0,1776886195.444
49.0,68.0,49.0,68.0,1776886195.458
28.0,34.0,28.0,34.0,1776886195.905
28.0,34.0,28.0,34.0,1776886195.919
28.0,34.0,28.0,34.0,1776886195.946
28.0,34.0,28.0,34.0,1776886195.96
28.0,34.0,28.0,34.0,1776886195.986
7.0,11.0,7.0,11.0,1776886196.399
7.0,11.0,7.0,11.0,1776886196.425
7.0,11.0,7.0,11.0,1776886196.438
0.0,0.0,0.0,0.0,1776886196.464
0.0,0.0,0.0,0.0,1776886196.479
-3.0,0.0,-3.0,0.0,1776886196.926
-3.0,0.0,-3.0,0.0,1776886196.938
-3.0,0.0,-3.0,0.0,1776886196.964
-3.0,0.0,-3.0,0.0,1776886196.979
-3.0,0.0,-3.0,0.0,1776886197.006
-27.0,-18.0,-27.0,-18.0,1776886197.425
-27.0,-18.0,-27.0,-18.0,1776886197.439
-27.0,-18.0,-27.0,-18.0,1776886197.465
-27.0,-18.0,-27.0,-18.0,1776886197.479
-27.0,-18.0,-27.0,-18.0,1776886197.499
-63.0,-40.0,-63.0,-40.0,1776886197.925
-63.0,-40.0,-63.0,-40.0,1776886197.939
-63.0,-40.0,-63.0,-40.0,1776886197.967
-63.0,-40.0,-63.0,-40.0,1776886197.979
-63.0,-40.0,-63.0,-40.0,1776886198.005
-90.0,-60.0,-90.0,-60.0,1776886198.421
-91.0,-61.0,-91.0,-61.0,1776886198.446
-91.0,-61.0,-91.0,-61.0,1776886198.459
-91.0,-61.0,-91.0,-61.0,1776886198.484
-91.0,-61.0,-91.0,-61.0,1776886198.499
-90.0,-57.0,-90.0,-57.0,1776886198.919
-90.0,-57.0,-90.0,-57.0,1776886198.945
-82.0,-52.0,-82.0,-52.0,1776886198.963
-82.0,-52.0,-82.0,-52.0,1776886198.979
-82.0,-52.0,-82.0,-52.0,1776886199.005
53.0,33.0,53.0,33.0,1776886199.419
53.0,33.0,53.0,33.0,1776886199.445
53.0,33.0,53.0,33.0,1776886199.458
53.0,33.0,53.0,33.0,1776886199.486
53.0,33.0,53.0,33.0,1776886199.499
24.0,11.0,24.0,11.0,1776886199.924
24.0,11.0,24.0,11.0,1776886199.939
17.0,8.0,17.0,8.0,1776886199.966
17.0,8.0,17.0,8.0,1776886199.982
17.0,8.0,17.0,8.0,1776886199.999
27.0,34.0,27.0,34.0,1776886200.433
27.0,34.0,27.0,34.0,1776886200.445
27.0,34.0,27.0,34.0,1776886200.459
27.0,34.0,27.0,34.0,1776886200.485
33.0,39.0,33.0,39.0,1776886200.499
51.0,74.0,51.0,74.0,1776886200.942
51.0,74.0,51.0,74.0,1776886200.959
51.0,74.0,51.0,74.0,1776886200.98
51.0,74.0,51.0,74.0,1776886201.007
51.0,74.0,51.0,74.0,1776886201.02
60.0,90.0,60.0,90.0,1776886201.444
54.0,80.0,54.0,80.0,1776886201.459
54.0,80.0,54.0,80.0,1776886201.486
54.0,80.0,54.0,80.0,1776886201.499
54.0,80.0,54.0,80.0,1776886201.524
34.0,54.0,34.0,54.0,1776886201.939
27.0,40.0,27.0,40.0,1776886201.966
27.0,40.0,27.0,40.0,1776886201.979
27.0,40.0,27.0,40.0,1776886202.009
27.0,40.0,27.0,40.0,1776886202.022
6.0,8.0,6.0,8.0,1776886202.439
0.0,0.0,0.0,0.0,1776886202.466
0.0,0.0,0.0,0.0,1776886202.48
0.0,0.0,0.0,0.0,1776886202.505
0.0,0.0,0.0,0.0,1776886202.519
0.0,0.0,0.0,0.0,1776886202.943
0.0,0.0,0.0,0.0,1776886202.959
0.0,0.0,0.0,0.0,1776886202.986
0.0,1.0,0.0,1.0,1776886202.999
0.0,1.0,0.0,1.0,1776886203.025
0.0,1.0,0.0,1.0,1776886203.439
0.0,1.0,0.0,1.0,1776886203.467
0.0,1.0,0.0,1.0,1776886203.479
0.0,1.0,0.0,1.0,1776886203.505
-1.0,1.0,-1.0,1.0,1776886203.519
-9.0,8.0,-9.0,8.0,1776886203.943
-9.0,8.0,-9.0,8.0,1776886203.959
-9.0,8.0,-9.0,8.0,1776886203.984
-9.0,8.0,-9.0,8.0,1776886203.999
-12.0,8.0,-12.0,8.0,1776886204.025
-20.0,9.0,-20.0,9.0,1776886204.439
-20.0,9.0,-20.0,9.0,1776886204.466
-20.0,9.0,-20.0,9.0,1776886204.479
-20.0,9.0,-20.0,9.0,1776886204.505
-20.0,9.0,-20.0,9.0,1776886204.519
-24.0,18.0,-24.0,18.0,1776886204.949
-24.0,18.0,-24.0,18.0,1776886204.96
-24.0,18.0,-24.0,18.0,1776886204.986
-24.0,18.0,-24.0,18.0,1776886204.999
-24.0,18.0,-24.0,18.0,1776886205.025
-25.0,27.0,-25.0,27.0,1776886205.439
-25.0,27.0,-25.0,27.0,1776886205.467
-23.0,31.0,-23.0,31.0,1776886205.479
-23.0,31.0,-23.0,31.0,1776886205.505
-23.0,31.0,-23.0,31.0,1776886205.519
-18.0,23.0,-18.0,23.0,1776886205.959
-15.0,21.0,-15.0,21.0,1776886205.984
-15.0,21.0,-15.0,21.0,1776886205.999
-15.0,21.0,-15.0,21.0,1776886206.025
-15.0,21.0,-15.0,21.0,1776886206.039
-10.0,18.0,-10.0,18.0,1776886206.439
-10.0,18.0,-10.0,18.0,1776886206.465
-5.0,8.0,-5.0,8.0,1776886206.479
-5.0,8.0,-5.0,8.0,1776886206.503
-5.0,8.0,-5.0,8.0,1776886206.519
5.0,-1.0,5.0,-1.0,1776886206.969
3.0,0.0,3.0,0.0,1776886206.98
3.0,0.0,3.0,0.0,1776886207.006
3.0,0.0,3.0,0.0,1776886207.022
3.0,0.0,3.0,0.0,1776886207.039
6.0,-11.0,6.0,-11.0,1776886207.459
6.0,-11.0,6.0,-11.0,1776886207.487
6.0,-11.0,6.0,-11.0,1776886207.499
6.0,-11.0,6.0,-11.0,1776886207.525
6.0,-11.0,6.0,-11.0,1776886207.542
15.0,-17.0,15.0,-17.0,1776886207.966
15.0,-19.0,15.0,-19.0,1776886207.979
15.0,-19.0,15.0,-19.0,1776886208.005
15.0,-19.0,15.0,-19.0,1776886208.019
15.0,-19.0,15.0,-19.0,1776886208.045
15.0,-19.0,15.0,-19.0,1776886208.465
15.0,-19.0,15.0,-19.0,1776886208.479
15.0,-19.0,15.0,-19.0,1776886208.505
15.0,-19.0,15.0,-19.0,1776886208.519
15.0,-19.0,15.0,-19.0,1776886208.546
13.0,6.0,13.0,6.0,1776886208.959
13.0,6.0,13.0,6.0,1776886208.988
13.0,6.0,13.0,6.0,1776886208.999
13.0,6.0,13.0,6.0,1776886209.025
13.0,6.0,13.0,6.0,1776886209.039
29.0,31.0,29.0,31.0,1776886209.466
29.0,31.0,29.0,31.0,1776886209.479
29.0,31.0,29.0,31.0,1776886209.505
29.0,31.0,29.0,31.0,1776886209.522
29.0,31.0,29.0,31.0,1776886209.547
63.0,63.0,63.0,63.0,1776886209.959
63.0,63.0,63.0,63.0,1776886209.986
72.0,72.0,72.0,72.0,1776886210.0
72.0,72.0,72.0,72.0,1776886210.026
72.0,72.0,72.0,72.0,1776886210.039
102.0,99.0,102.0,99.0,1776886210.485
104.0,102.0,104.0,102.0,1776886210.499
104.0,102.0,104.0,102.0,1776886210.529
104.0,102.0,104.0,102.0,1776886210.545
104.0,102.0,104.0,102.0,1776886210.56
108.0,104.0,108.0,104.0,1776886210.959
108.0,104.0,108.0,104.0,1776886210.99
108.0,104.0,108.0,104.0,1776886211.001
105.0,103.0,105.0,103.0,1776886211.027
105.0,103.0,105.0,103.0,1776886211.039
-85.0,-84.0,-85.0,-84.0,1776886211.485
-85.0,-84.0,-85.0,-84.0,1776886211.502
-85.0,-84.0,-85.0,-84.0,1776886211.52
-78.0,-78.0,-78.0,-78.0,1776886211.546
-78.0,-78.0,-78.0,-78.0,1776886211.559
-67.0,-62.0,-67.0,-62.0,1776886211.986
-67.0,-62.0,-67.0,-62.0,1776886212.0
-67.0,-62.0,-67.0,-62.0,1776886212.019
-67.0,-62.0,-67.0,-62.0,1776886212.045
-67.0,-62.0,-67.0,-62.0,1776886212.059
-64.0,-58.0,-64.0,-58.0,1776886212.479
-64.0,-58.0,-64.0,-58.0,1776886212.505
-64.0,-58.0,-64.0,-58.0,1776886212.519
-64.0,-58.0,-64.0,-58.0,1776886212.545
-64.0,-58.0,-64.0,-58.0,1776886212.559
-87.0,-83.0,-87.0,-83.0,1776886212.979
-87.0,-83.0,-87.0,-83.0,1776886213.007
-87.0,-83.0,-87.0,-83.0,1776886213.019
-87.0,-83.0,-87.0,-83.0,1776886213.045
-90.0,-87.0,-90.0,-87.0,1776886213.059
-78.0,72.0,-78.0,72.0,1776886213.479
-78.0,72.0,-78.0,72.0,1776886213.505
-78.0,72.0,-78.0,72.0,1776886213.519
-78.0,72.0,-78.0,72.0,1776886213.548
-70.0,64.0,-70.0,64.0,1776886213.559
-42.0,65.0,-42.0,65.0,1776886213.979
-42.0,65.0,-42.0,65.0,1776886214.003
-42.0,65.0,-42.0,65.0,1776886214.019
-42.0,65.0,-42.0,65.0,1776886214.046
-31.0,54.0,-31.0,54.0,1776886214.062
-12.0,37.0,-12.0,37.0,1776886214.479
-12.0,37.0,-12.0,37.0,1776886214.506
-12.0,37.0,-12.0,37.0,1776886214.519
-12.0,37.0,-12.0,37.0,1776886214.545
-12.0,37.0,-12.0,37.0,1776886214.56
7.0,40.0,7.0,40.0,1776886215.008
7.0,40.0,7.0,40.0,1776886215.023
7.0,40.0,7.0,40.0,1776886215.039
7.0,40.0,7.0,40.0,1776886215.066
7.0,40.0,7.0,40.0,1776886215.079
35.0,23.0,35.0,23.0,1776886215.499
35.0,23.0,35.0,23.0,1776886215.525
35.0,23.0,35.0,23.0,1776886215.539
35.0,23.0,35.0,23.0,1776886215.566
35.0,23.0,35.0,23.0,1776886215.579
58.0,44.0,58.0,44.0,1776886215.984
58.0,44.0,58.0,44.0,1776886215.999
58.0,44.0,58.0,44.0,1776886216.021
58.0,44.0,58.0,44.0,1776886216.04
67.0,54.0,67.0,54.0,1776886216.059
99.0,82.0,99.0,82.0,1776886216.48
99.0,82.0,99.0,82.0,1776886216.503
99.0,82.0,99.0,82.0,1776886216.519
99.0,82.0,99.0,82.0,1776886216.545
99.0,82.0,99.0,82.0,1776886216.56
96.0,94.0,96.0,94.0,1776886217.01
96.0,94.0,96.0,94.0,1776886217.02
94.0,94.0,94.0,94.0,1776886217.04
94.0,94.0,94.0,94.0,1776886217.063
94.0,94.0,94.0,94.0,1776886217.079
83.0,93.0,83.0,93.0,1776886217.508
83.0,93.0,83.0,93.0,1776886217.52
83.0,93.0,83.0,93.0,1776886217.546
83.0,93.0,83.0,93.0,1776886217.559
79.0,93.0,79.0,93.0,1776886217.585
68.0,92.0,68.0,92.0,1776886218.005
68.0,92.0,68.0,92.0,1776886218.019
68.0,92.0,68.0,92.0,1776886218.047
68.0,94.0,68.0,94.0,1776886218.059
68.0,94.0,68.0,94.0,1776886218.085
77.0,101.0,77.0,101.0,1776886218.508
77.0,101.0,77.0,101.0,1776886218.519
77.0,101.0,77.0,101.0,1776886218.545
77.0,101.0,77.0,101.0,1776886218.559
77.0,101.0,77.0,101.0,1776886218.585
84.0,96.0,84.0,96.0,1776886218.999
85.0,94.0,85.0,94.0,1776886219.025
85.0,94.0,85.0,94.0,1776886219.04
85.0,94.0,85.0,94.0,1776886219.059
85.0,94.0,85.0,94.0,1776886219.079
90.0,87.0,90.0,87.0,1776886219.506
89.0,83.0,89.0,83.0,1776886219.519
89.0,83.0,89.0,83.0,1776886219.545
89.0,83.0,89.0,83.0,1776886219.559
89.0,83.0,89.0,83.0,1776886219.585
90.0,75.0,90.0,75.0,1776886220.005
91.0,76.0,91.0,76.0,1776886220.019
91.0,76.0,91.0,76.0,1776886220.045
91.0,76.0,91.0,76.0,1776886220.06
91.0,76.0,91.0,76.0,1776886220.088
97.0,84.0,97.0,84.0,1776886220.508
97.0,84.0,97.0,84.0,1776886220.519
97.0,84.0,97.0,84.0,1776886220.548
97.0,85.0,97.0,85.0,1776886220.559
97.0,85.0,97.0,85.0,1776886220.585
96.0,89.0,96.0,89.0,1776886221.006
96.0,89.0,96.0,89.0,1776886221.019
96.0,89.0,96.0,89.0,1776886221.043
96.0,89.0,96.0,89.0,1776886221.059
96.0,89.0,96.0,89.0,1776886221.086
87.0,90.0,87.0,90.0,1776886221.499
87.0,90.0,87.0,90.0,1776886221.519
82.0,88.0,82.0,88.0,1776886221.55
82.0,88.0,82.0,88.0,1776886221.561
82.0,88.0,82.0,88.0,1776886221.587
72.0,88.0,72.0,88.0,1776886221.999
72.0,88.0,72.0,88.0,1776886222.026
70.0,88.0,70.0,88.0,1776886222.039
70.0,88.0,70.0,88.0,1776886222.065
70.0,88.0,70.0,88.0,1776886222.079
64.0,90.0,64.0,90.0,1776886222.499
64.0,90.0,64.0,90.0,1776886222.527
64.0,90.0,64.0,90.0,1776886222.539
65.0,91.0,65.0,91.0,1776886222.566
65.0,91.0,65.0,91.0,1776886222.58
73.0,97.0,73.0,97.0,1776886223.027
73.0,97.0,73.0,97.0,1776886223.039
73.0,97.0,73.0,97.0,1776886223.065
73.0,97.0,73.0,97.0,1776886223.08
78.0,100.0,78.0,100.0,1776886223.099
85.0,103.0,85.0,103.0,1776886223.499
88.0,102.0,88.0,102.0,1776886223.525
88.0,102.0,88.0,102.0,1776886223.54
88.0,102.0,88.0,102.0,1776886223.566
88.0,102.0,88.0,102.0,1776886223.579
93.0,97.0,93.0,97.0,1776886224.026
94.0,93.0,94.0,93.0,1776886224.04
94.0,93.0,94.0,93.0,1776886224.066
94.0,93.0,94.0,93.0,1776886224.079
94.0,93.0,94.0,93.0,1776886224.101
96.0,90.0,96.0,90.0,1776886224.525
96.0,90.0,96.0,90.0,1776886224.54
96.0,90.0,96.0,90.0,1776886224.562
97.0,90.0,97.0,90.0,1776886224.588
97.0,90.0,97.0,90.0,1776886224.599
101.0,96.0,101.0,96.0,1776886225.019
101.0,96.0,101.0,96.0,1776886225.045
101.0,96.0,101.0,96.0,1776886225.059
101.0,96.0,101.0,96.0,1776886225.086
101.0,97.0,101.0,97.0,1776886225.099
96.0,99.0,96.0,99.0,1776886225.525
96.0,99.0,96.0,99.0,1776886225.539
96.0,99.0,96.0,99.0,1776886225.566
96.0,99.0,96.0,99.0,1776886225.58
96.0,99.0,96.0,99.0,1776886225.605
82.0,93.0,82.0,93.0,1776886226.027
82.0,93.0,82.0,93.0,1776886226.039
77.0,91.0,77.0,91.0,1776886226.065
77.0,91.0,77.0,91.0,1776886226.079
77.0,91.0,77.0,91.0,1776886226.108
74.0,96.0,74.0,96.0,1776886227.019
74.0,96.0,74.0,96.0,1776886227.045
74.0,96.0,74.0,96.0,1776886227.06
74.0,96.0,74.0,96.0,1776886227.086
74.0,96.0,74.0,96.0,1776886227.099
90.0,103.0,90.0,103.0,1776886227.519
90.0,103.0,90.0,103.0,1776886227.545
90.0,103.0,90.0,103.0,1776886227.56
90.0,103.0,90.0,103.0,1776886227.587
90.0,103.0,90.0,103.0,1776886227.6
96.0,100.0,96.0,100.0,1776886228.02
96.0,100.0,96.0,100.0,1776886228.049
97.0,97.0,97.0,97.0,1776886228.06
97.0,97.0,97.0,97.0,1776886228.088
97.0,97.0,97.0,97.0,1776886228.099
97.0,87.0,97.0,87.0,1776886228.519
97.0,87.0,97.0,87.0,1776886228.545
97.0,87.0,97.0,87.0,1776886228.564
97.0,87.0,97.0,87.0,1776886228.58
97.0,87.0,97.0,87.0,1776886228.6
101.0,89.0,101.0,89.0,1776886229.019
101.0,89.0,101.0,89.0,1776886229.045
101.0,89.0,101.0,89.0,1776886229.06
101.0,89.0,101.0,89.0,1776886229.085
103.0,91.0,103.0,91.0,1776886229.101
102.0,94.0,102.0,94.0,1776886229.52
102.0,94.0,102.0,94.0,1776886229.546
102.0,94.0,102.0,94.0,1776886229.559
100.0,96.0,100.0,96.0,1776886229.585
100.0,96.0,100.0,96.0,1776886229.599
90.0,93.0,90.0,93.0,1776886230.019
90.0,93.0,90.0,93.0,1776886230.046
90.0,93.0,90.0,93.0,1776886230.06
90.0,93.0,90.0,93.0,1776886230.086
90.0,93.0,90.0,93.0,1776886230.099
72.0,93.0,72.0,93.0,1776886231.039
72.0,93.0,72.0,93.0,1776886231.067
72.0,93.0,72.0,93.0,1776886231.079
74.0,96.0,74.0,96.0,1776886231.105
74.0,96.0,74.0,96.0,1776886231.119
81.0,101.0,81.0,101.0,1776886231.52
81.0,101.0,81.0,101.0,1776886231.547
81.0,101.0,81.0,101.0,1776886231.56
81.0,101.0,81.0,101.0,1776886231.585
83.0,99.0,83.0,99.0,1776886231.602
90.0,93.0,90.0,93.0,1776886232.041
90.0,93.0,90.0,93.0,1776886232.059
90.0,93.0,90.0,93.0,1776886232.085
90.0,93.0,90.0,93.0,1776886232.099
90.0,93.0,90.0,93.0,1776886232.126
89.0,74.0,89.0,74.0,1776886232.545
89.0,74.0,89.0,74.0,1776886232.559
89.0,74.0,89.0,74.0,1776886232.585
89.0,74.0,89.0,74.0,1776886232.599
89.0,74.0,89.0,74.0,1776886232.625
88.0,69.0,88.0,69.0,1776886233.039
88.0,69.0,88.0,69.0,1776886233.065
88.0,69.0,88.0,69.0,1776886233.079
88.0,69.0,88.0,69.0,1776886233.105
88.0,69.0,88.0,69.0,1776886233.119
84.0,72.0,84.0,72.0,1776886233.54
84.0,72.0,84.0,72.0,1776886233.567
84.0,72.0,84.0,72.0,1776886233.582
81.0,73.0,81.0,73.0,1776886233.608
81.0,73.0,81.0,73.0,1776886233.62
75.0,81.0,75.0,81.0,1776886234.04
75.0,81.0,75.0,81.0,1776886234.066
72.0,82.0,72.0,82.0,1776886234.079
72.0,82.0,72.0,82.0,1776886234.106
72.0,82.0,72.0,82.0,1776886234.121
67.0,87.0,67.0,87.0,1776886234.546
67.0,87.0,67.0,87.0,1776886234.56
67.0,87.0,67.0,87.0,1776886234.586
67.0,87.0,67.0,87.0,1776886234.599
67.0,87.0,67.0,87.0,1776886234.625
78.0,99.0,78.0,99.0,1776886235.039
78.0,99.0,78.0,99.0,1776886235.066
78.0,99.0,78.0,99.0,1776886235.08
78.0,99.0,78.0,99.0,1776886235.106
78.0,99.0,78.0,99.0,1776886235.119
89.0,103.0,89.0,103.0,1776886235.547
89.0,103.0,89.0,103.0,1776886235.559
89.0,103.0,89.0,103.0,1776886235.579
89.0,103.0,89.0,103.0,1776886235.605
89.0,103.0,89.0,103.0,1776886235.619
94.0,91.0,94.0,91.0,1776886236.065
94.0,91.0,94.0,91.0,1776886236.08
94.0,91.0,94.0,91.0,1776886236.106
94.0,91.0,94.0,91.0,1776886236.12
94.0,91.0,94.0,91.0,1776886236.145
91.0,83.0,91.0,83.0,1776886236.562
88.0,81.0,88.0,81.0,1776886236.58
88.0,81.0,88.0,81.0,1776886236.606
88.0,81.0,88.0,81.0,1776886236.619
88.0,81.0,88.0,81.0,1776886236.645
77.0,85.0,77.0,85.0,1776886237.566
77.0,85.0,77.0,85.0,1776886237.58
77.0,85.0,77.0,85.0,1776886237.606
77.0,85.0,77.0,85.0,1776886237.62
73.0,86.0,73.0,86.0,1776886237.646
66.0,88.0,66.0,88.0,1776886238.065
66.0,88.0,66.0,88.0,1776886238.079
66.0,88.0,66.0,88.0,1776886238.105
66.0,88.0,66.0,88.0,1776886238.119
65.0,88.0,65.0,88.0,1776886238.146
60.0,94.0,60.0,94.0,1776886238.565
60.0,94.0,60.0,94.0,1776886238.58
60.0,94.0,60.0,94.0,1776886238.606
60.0,94.0,60.0,94.0,1776886238.619
60.0,94.0,60.0,94.0,1776886238.646
88.0,109.0,88.0,109.0,1776886239.559
88.0,109.0,88.0,109.0,1776886239.586
93.0,111.0,93.0,111.0,1776886239.601
93.0,111.0,93.0,111.0,1776886239.62
93.0,111.0,93.0,111.0,1776886239.647
99.0,105.0,99.0,105.0,1776886240.065
99.0,105.0,99.0,105.0,1776886240.08
99.0,105.0,99.0,105.0,1776886240.106
99.0,105.0,99.0,105.0,1776886240.12
99.0,105.0,99.0,105.0,1776886240.146
66.0,69.0,66.0,69.0,1776886240.566
66.0,69.0,66.0,69.0,1776886240.58
66.0,69.0,66.0,69.0,1776886240.609
66.0,69.0,66.0,69.0,1776886240.628
66.0,69.0,66.0,69.0,1776886240.64
25.0,24.0,25.0,24.0,1776886241.072
25.0,24.0,25.0,24.0,1776886241.088
25.0,24.0,25.0,24.0,1776886241.1
25.0,24.0,25.0,24.0,1776886241.125
25.0,24.0,25.0,24.0,1776886241.14
0.0,0.0,0.0,0.0,1776886241.566
0.0,0.0,0.0,0.0,1776886241.583
0.0,0.0,0.0,0.0,1776886241.6
0.0,0.0,0.0,0.0,1776886241.626
0.0,0.0,0.0,0.0,1776886241.64
18.0,14.0,18.0,14.0,1776886242.08
18.0,14.0,18.0,14.0,1776886242.108
27.0,23.0,27.0,23.0,1776886242.119
27.0,23.0,27.0,23.0,1776886242.145
27.0,23.0,27.0,23.0,1776886242.18
-69.0,64.0,-69.0,64.0,1776886243.086
-69.0,64.0,-69.0,64.0,1776886243.1
-69.0,64.0,-69.0,64.0,1776886243.127
-69.0,64.0,-69.0,64.0,1776886243.14
-67.0,64.0,-67.0,64.0,1776886243.166
-11.0,12.0,-11.0,12.0,1776886244.082
-2.0,4.0,-2.0,4.0,1776886244.108
-2.0,4.0,-2.0,4.0,1776886244.12
-2.0,4.0,-2.0,4.0,1776886244.145
-2.0,4.0,-2.0,4.0,1776886244.16
-9.0,13.0,-9.0,13.0,1776886244.58
-9.0,13.0,-9.0,13.0,1776886244.606
-11.0,15.0,-11.0,15.0,1776886244.62
-11.0,15.0,-11.0,15.0,1776886244.646
-11.0,15.0,-11.0,15.0,1776886244.663
-18.0,21.0,-18.0,21.0,1776886245.08
-18.0,21.0,-18.0,21.0,1776886245.106
-18.0,21.0,-18.0,21.0,1776886245.12
-18.0,21.0,-18.0,21.0,1776886245.145
-18.0,21.0,-18.0,21.0,1776886245.16
-21.0,19.0,-21.0,19.0,1776886245.587
-21.0,19.0,-21.0,19.0,1776886245.6
-21.0,19.0,-21.0,19.0,1776886245.625
-21.0,19.0,-21.0,19.0,1776886245.64
-21.0,19.0,-21.0,19.0,1776886245.665
-12.0,9.0,-12.0,9.0,1776886246.107
-12.0,9.0,-12.0,9.0,1776886246.12
-12.0,9.0,-12.0,9.0,1776886246.146
-12.0,9.0,-12.0,9.0,1776886246.16
-12.0,9.0,-12.0,9.0,1776886246.185
-4.0,2.0,-4.0,2.0,1776886246.58
-4.0,2.0,-4.0,2.0,1776886246.606
-4.0,2.0,-4.0,2.0,1776886246.62
-4.0,2.0,-4.0,2.0,1776886246.648
-4.0,2.0,-4.0,2.0,1776886246.66
0.0,0.0,0.0,0.0,1776886247.105
0.0,0.0,0.0,0.0,1776886247.12
0.0,0.0,0.0,0.0,1776886247.149
0.0,0.0,0.0,0.0,1776886247.16
0.0,0.0,0.0,0.0,1776886247.185
0.0,0.0,0.0,0.0,1776886247.607
0.0,0.0,0.0,0.0,1776886247.62
0.0,0.0,0.0,0.0,1776886247.646
0.0,0.0,0.0,0.0,1776886247.664
0.0,0.0,0.0,0.0,1776886247.68
0.0,0.0,0.0,0.0,1776886248.1
0.0,0.0,0.0,0.0,1776886248.126
0.0,0.0,0.0,0.0,1776886248.14
0.0,0.0,0.0,0.0,1776886248.166
0.0,0.0,0.0,0.0,1776886248.18
0.0,0.0,0.0,0.0,1776886249.1
0.0,0.0,0.0,0.0,1776886249.125
0.0,0.0,0.0,0.0,1776886249.14
0.0,0.0,0.0,0.0,1776886249.166
0.0,0.0,0.0,0.0,1776886249.18
0.0,0.0,0.0,0.0,1776886249.609
0.0,0.0,0.0,0.0,1776886249.621
0.0,0.0,0.0,0.0,1776886249.649
0.0,0.0,0.0,0.0,1776886249.66
0.0,0.0,0.0,0.0,1776886249.686
0.0,0.0,0.0,0.0,1776886251.109
0.0,0.0,0.0,0.0,1776886251.12
0.0,0.0,0.0,0.0,1776886251.146
0.0,0.0,0.0,0.0,1776886251.16
0.0,0.0,0.0,0.0,1776886251.186
0.0,0.0,0.0,0.0,1776886251.62
0.0,0.0,0.0,0.0,1776886251.647
0.0,0.0,0.0,0.0,1776886251.66
0.0,0.0,0.0,0.0,1776886251.686
0.0,0.0,0.0,0.0,1776886251.7
0.0,0.0,0.0,0.0,1776886252.106
0.0,0.0,0.0,0.0,1776886252.12
0.0,0.0,0.0,0.0,1776886252.145
0.0,0.0,0.0,0.0,1776886252.16
0.0,0.0,0.0,0.0,1776886252.187
0.0,0.0,0.0,0.0,1776886252.606
0.0,0.0,0.0,0.0,1776886252.62
0.0,0.0,0.0,0.0,1776886252.646
0.0,0.0,0.0,0.0,1776886252.66
0.0,0.0,0.0,0.0,1776886252.686
0.0,0.0,0.0,0.0,1776886253.12
0.0,0.0,0.0,0.0,1776886253.145
0.0,0.0,0.0,0.0,1776886253.16
0.0,0.0,0.0,0.0,1776886253.186
0.0,0.0,0.0,0.0,1776886253.201
0.0,0.0,0.0,0.0,1776886253.6
0.0,0.0,0.0,0.0,1776886253.626
0.0,0.0,0.0,0.0,1776886253.64
0.0,0.0,0.0,0.0,1776886253.666
0.0,0.0,0.0,0.0,1776886253.68
0.0,0.0,0.0,0.0,1776886254.12
0.0,0.0,0.0,0.0,1776886254.146
0.0,0.0,0.0,0.0,1776886254.16
0.0,0.0,0.0,0.0,1776886254.186
0.0,0.0,0.0,0.0,1776886254.2
0.0,0.0,0.0,0.0,1776886254.6
0.0,0.0,0.0,0.0,1776886254.625
0.0,0.0,0.0,0.0,1776886254.642
0.0,0.0,0.0,0.0,1776886254.668
0.0,0.0,0.0,0.0,1776886254.68
0.0,0.0,0.0,0.0,1776886255.628
0.0,0.0,0.0,0.0,1776886255.64
0.0,0.0,0.0,0.0,1776886255.666
0.0,0.0,0.0,0.0,1776886255.68
0.0,0.0,0.0,0.0,1776886255.707
0.0,0.0,0.0,0.0,1776886256.126
0.0,0.0,0.0,0.0,1776886256.14
0.0,0.0,0.0,0.0,1776886256.166
0.0,0.0,0.0,0.0,1776886256.18
0.0,0.0,0.0,0.0,1776886256.208
0.0,0.0,0.0,0.0,1776886257.126
0.0,0.0,0.0,0.0,1776886257.14
0.0,0.0,0.0,0.0,1776886257.166
0.0,0.0,0.0,0.0,1776886257.18
0.0,0.0,0.0,0.0,1776886257.206
0.0,0.0,0.0,0.0,1776886257.62
0.0,0.0,0.0,0.0,1776886257.646
0.0,0.0,0.0,0.0,1776886257.66
0.0,0.0,0.0,0.0,1776886257.68
0.0,0.0,0.0,0.0,1776886257.71
0.0,0.0,0.0,0.0,1776886258.12
0.0,0.0,0.0,0.0,1776886258.147
0.0,0.0,0.0,0.0,1776886258.164
0.0,0.0,0.0,0.0,1776886258.18
0.0,0.0,0.0,0.0,1776886258.206
0.0,0.0,0.0,0.0,1776886259.14
0.0,0.0,0.0,0.0,1776886259.166
0.0,0.0,0.0,0.0,1776886259.181
0.0,0.0,0.0,0.0,1776886259.209
0.0,0.0,0.0,0.0,1776886259.22
0.0,0.0,0.0,0.0,1776886259.627
0.0,0.0,0.0,0.0,1776886259.64
0.0,0.0,0.0,0.0,1776886259.666
0.0,0.0,0.0,0.0,1776886259.682
0.0,0.0,0.0,0.0,1776886259.7
0.0,0.0,0.0,0.0,1776886260.146
0.0,0.0,0.0,0.0,1776886260.16
0.0,0.0,0.0,0.0,1776886260.186
0.0,0.0,0.0,0.0,1776886260.2
0.0,0.0,0.0,0.0,1776886260.226
0.0,0.0,0.0,0.0,1776886261.146
0.0,0.0,0.0,0.0,1776886261.16
0.0,0.0,0.0,0.0,1776886261.186
0.0,0.0,0.0,0.0,1776886261.203
0.0,0.0,0.0,0.0,1776886261.22
0.0,0.0,0.0,0.0,1776886262.147
0.0,0.0,0.0,0.0,1776886262.16
0.0,0.0,0.0,0.0,1776886262.186
0.0,0.0,0.0,0.0,1776886262.2
0.0,0.0,0.0,0.0,1776886262.226
0.0,0.0,0.0,0.0,1776886262.641
0.0,0.0,0.0,0.0,1776886262.668
0.0,0.0,0.0,0.0,1776886262.68
0.0,0.0,0.0,0.0,1776886262.706
0.0,0.0,0.0,0.0,1776886262.72
0.0,0.0,0.0,0.0,1776886263.14
0.0,0.0,0.0,0.0,1776886263.166
0.0,0.0,0.0,0.0,1776886263.18
0.0,0.0,0.0,0.0,1776886263.208
0.0,0.0,0.0,0.0,1776886263.223
0.0,0.0,0.0,0.0,1776886264.161
0.0,0.0,0.0,0.0,1776886264.18
0.0,0.0,0.0,0.0,1776886264.207
0.0,0.0,0.0,0.0,1776886264.22
0.0,0.0,0.0,0.0,1776886264.248
0.0,0.0,0.0,0.0,1776886264.667
0.0,0.0,0.0,0.0,1776886264.68
0.0,0.0,0.0,0.0,1776886264.706
0.0,0.0,0.0,0.0,1776886264.72
0.0,0.0,0.0,0.0,1776886264.746
0.0,0.0,0.0,0.0,1776886265.16
0.0,0.0,0.0,0.0,1776886265.187
0.0,0.0,0.0,0.0,1776886265.202
0.0,0.0,0.0,0.0,1776886265.232
0.0,0.0,0.0,0.0,1776886265.243
0.0,0.0,0.0,0.0,1776886265.666
0.0,0.0,0.0,0.0,1776886265.684
0.0,0.0,0.0,0.0,1776886265.7
0.0,0.0,0.0,0.0,1776886265.726
0.0,0.0,0.0,0.0,1776886265.74
0.0,0.0,0.0,0.0,1776886266.167
0.0,0.0,0.0,0.0,1776886266.18
0.0,0.0,0.0,0.0,1776886266.207
0.0,0.0,0.0,0.0,1776886266.223
0.0,0.0,0.0,0.0,1776886266.24
0.0,0.0,0.0,0.0,1776886266.687
0.0,0.0,0.0,0.0,1776886266.7
0.0,0.0,0.0,0.0,1776886266.726
0.0,0.0,0.0,0.0,1776886266.74
0.0,0.0,0.0,0.0,1776886266.767
0.0,0.0,0.0,0.0,1776886267.186
0.0,0.0,0.0,0.0,1776886267.2
0.0,0.0,0.0,0.0,1776886267.228
0.0,0.0,0.0,0.0,1776886267.24
0.0,0.0,0.0,0.0,1776886267.267
0.0,0.0,0.0,0.0,1776886267.68
0.0,0.0,0.0,0.0,1776886267.702
0.0,0.0,0.0,0.0,1776886267.72
0.0,0.0,0.0,0.0,1776886267.746
0.0,0.0,0.0,0.0,1776886267.762
0.0,0.0,0.0,0.0,1776886268.18
0.0,0.0,0.0,0.0,1776886268.209
0.0,0.0,0.0,0.0,1776886268.22
0.0,0.0,0.0,0.0,1776886268.24
0.0,0.0,0.0,0.0,1776886268.261
0.0,0.0,0.0,0.0,1776886268.68
0.0,0.0,0.0,0.0,1776886268.71
0.0,0.0,0.0,0.0,1776886268.721
0.0,0.0,0.0,0.0,1776886268.746
0.0,0.0,0.0,0.0,1776886268.76
0.0,0.0,0.0,0.0,1776886269.186
0.0,0.0,0.0,0.0,1776886269.2
0.0,0.0,0.0,0.0,1776886269.226
0.0,0.0,0.0,0.0,1776886269.24
0.0,0.0,0.0,0.0,1776886269.266
0.0,0.0,0.0,0.0,1776886269.685
0.0,0.0,0.0,0.0,1776886269.701
0.0,0.0,0.0,0.0,1776886269.727
0.0,0.0,0.0,0.0,1776886269.741
0.0,0.0,0.0,0.0,1776886269.769
0.0,0.0,0.0,0.0,1776886270.187
0.0,0.0,0.0,0.0,1776886270.202
0.0,0.0,0.0,0.0,1776886270.228
0.0,0.0,0.0,0.0,1776886270.24
0.0,0.0,0.0,0.0,1776886270.26
0.0,0.0,0.0,0.0,1776886270.687
0.0,0.0,0.0,0.0,1776886270.704
0.0,0.0,0.0,0.0,1776886270.72
0.0,0.0,0.0,0.0,1776886270.746
0.0,0.0,0.0,0.0,1776886270.76
0.0,0.0,0.0,0.0,1776886271.208
0.0,0.0,0.0,0.0,1776886271.22
0.0,0.0,0.0,0.0,1776886271.247
0.0,0.0,0.0,0.0,1776886271.26
0.0,0.0,0.0,0.0,1776886271.28
0.0,0.0,0.0,0.0,1776886271.68
0.0,0.0,0.0,0.0,1776886271.707
0.0,0.0,0.0,0.0,1776886271.72
0.0,0.0,0.0,0.0,1776886271.749
0.0,0.0,0.0,0.0,1776886271.76
0.0,0.0,0.0,0.0,1776886272.207
1.0,0.0,1.0,0.0,1776886272.22
1.0,0.0,1.0,0.0,1776886272.241
1.0,0.0,1.0,0.0,1776886272.268
1.0,0.0,1.0,0.0,1776886272.28
1.0,-2.0,1.0,-2.0,1776886272.68
1.0,-2.0,1.0,-2.0,1776886272.706
1.0,-2.0,1.0,-2.0,1776886272.72
1.0,-2.0,1.0,-2.0,1776886272.75
1.0,-2.0,1.0,-2.0,1776886272.761
8.0,-7.0,8.0,-7.0,1776886273.201
8.0,-7.0,8.0,-7.0,1776886273.227
8.0,-7.0,8.0,-7.0,1776886273.24
10.0,-10.0,10.0,-10.0,1776886273.266
10.0,-10.0,10.0,-10.0,1776886273.28
16.0,-16.0,16.0,-16.0,1776886273.7
16.0,-16.0,16.0,-16.0,1776886273.727
16.0,-16.0,16.0,-16.0,1776886273.74
16.0,-16.0,16.0,-16.0,1776886273.763
16.0,-16.0,16.0,-16.0,1776886273.78
14.0,13.0,14.0,13.0,1776886274.2
14.0,13.0,14.0,13.0,1776886274.227
14.0,13.0,14.0,13.0,1776886274.24
14.0,13.0,14.0,13.0,1776886274.267
12.0,10.0,12.0,10.0,1776886274.28
17.0,16.0,17.0,16.0,1776886274.707
17.0,16.0,17.0,16.0,1776886274.72
17.0,16.0,17.0,16.0,1776886274.746
17.0,16.0,17.0,16.0,1776886274.761
23.0,22.0,23.0,22.0,1776886274.787
50.0,50.0,50.0,50.0,1776886275.2
50.0,50.0,50.0,50.0,1776886275.226
50.0,50.0,50.0,50.0,1776886275.24
50.0,50.0,50.0,50.0,1776886275.267
61.0,61.0,61.0,61.0,1776886275.28
93.0,96.0,93.0,96.0,1776886275.707
93.0,96.0,93.0,96.0,1776886275.72
93.0,96.0,93.0,96.0,1776886275.748
93.0,96.0,93.0,96.0,1776886275.767
101.0,104.0,101.0,104.0,1776886275.781
95.0,100.0,95.0,100.0,1776886276.2
95.0,100.0,95.0,100.0,1776886276.221
95.0,100.0,95.0,100.0,1776886276.249
95.0,100.0,95.0,100.0,1776886276.26
95.0,100.0,95.0,100.0,1776886276.287
54.0,55.0,54.0,55.0,1776886276.701
54.0,55.0,54.0,55.0,1776886276.726
54.0,55.0,54.0,55.0,1776886276.74
54.0,55.0,54.0,55.0,1776886276.769
54.0,55.0,54.0,55.0,1776886276.792
12.0,13.0,12.0,13.0,1776886277.2
12.0,13.0,12.0,13.0,1776886277.231
12.0,13.0,12.0,13.0,1776886277.242
12.0,13.0,12.0,13.0,1776886277.268
12.0,13.0,12.0,13.0,1776886277.28
2.0,2.0,2.0,2.0,1776886277.7
2.0,2.0,2.0,2.0,1776886277.726
2.0,2.0,2.0,2.0,1776886277.742
2.0,2.0,2.0,2.0,1776886277.769
2.0,2.0,2.0,2.0,1776886277.78
22.0,22.0,22.0,22.0,1776886278.227
22.0,22.0,22.0,22.0,1776886278.24
30.0,30.0,30.0,30.0,1776886278.267
30.0,30.0,30.0,30.0,1776886278.28
30.0,30.0,30.0,30.0,1776886278.306
50.0,51.0,50.0,51.0,1776886278.728
50.0,51.0,50.0,51.0,1776886278.74
50.0,51.0,50.0,51.0,1776886278.767
50.0,51.0,50.0,51.0,1776886278.78
50.0,51.0,50.0,51.0,1776886278.809
46.0,-48.0,46.0,-48.0,1776886279.229
46.0,-48.0,46.0,-48.0,1776886279.241
46.0,-48.0,46.0,-48.0,1776886279.266
46.0,-48.0,46.0,-48.0,1776886279.283
39.0,-40.0,39.0,-40.0,1776886279.309
10.0,-17.0,10.0,-17.0,1776886279.72
10.0,-17.0,10.0,-17.0,1776886279.746
10.0,-17.0,10.0,-17.0,1776886279.76
10.0,-17.0,10.0,-17.0,1776886279.79
10.0,-17.0,10.0,-17.0,1776886279.8
11.0,-6.0,11.0,-6.0,1776886280.74
11.0,-6.0,11.0,-6.0,1776886280.766
11.0,-6.0,11.0,-6.0,1776886280.78
11.0,-6.0,11.0,-6.0,1776886280.806
11.0,-6.0,11.0,-6.0,1776886280.821
0.0,0.0,0.0,0.0,1776886282.749
0.0,0.0,0.0,0.0,1776886282.761
0.0,0.0,0.0,0.0,1776886282.786
0.0,0.0,0.0,0.0,1776886282.801
0.0,0.0,0.0,0.0,1776886282.829
0.0,0.0,0.0,0.0,1776886283.241
0.0,0.0,0.0,0.0,1776886283.266
0.0,0.0,0.0,0.0,1776886283.281
0.0,0.0,0.0,0.0,1776886283.308
0.0,0.0,0.0,0.0,1776886283.321
1.0,3.0,1.0,3.0,1776886283.747
1.0,3.0,1.0,3.0,1776886283.761
1.0,3.0,1.0,3.0,1776886283.786
1.0,3.0,1.0,3.0,1776886283.801
1.0,3.0,1.0,3.0,1776886283.826
28.0,28.0,28.0,28.0,1776886284.247
39.0,42.0,39.0,42.0,1776886284.262
39.0,42.0,39.0,42.0,1776886284.289
39.0,42.0,39.0,42.0,1776886284.301
39.0,42.0,39.0,42.0,1776886284.33
52.0,-55.0,52.0,-55.0,1776886284.749
55.0,-55.0,55.0,-55.0,1776886284.761
55.0,-55.0,55.0,-55.0,1776886284.786
55.0,-55.0,55.0,-55.0,1776886284.801
55.0,-55.0,55.0,-55.0,1776886284.827
16.0,-12.0,16.0,-12.0,1776886285.742
-5.0,0.0,-5.0,0.0,1776886285.769
-5.0,0.0,-5.0,0.0,1776886285.781
-5.0,0.0,-5.0,0.0,1776886285.807
-5.0,0.0,-5.0,0.0,1776886285.821
-1.0,1.0,-1.0,1.0,1776886286.244
-1.0,1.0,-1.0,1.0,1776886286.261
-1.0,1.0,-1.0,1.0,1776886286.286
-1.0,1.0,-1.0,1.0,1776886286.301
-1.0,1.0,-1.0,1.0,1776886286.322
-9.0,1.0,-9.0,1.0,1776886286.741
-9.0,1.0,-9.0,1.0,1776886286.767
-9.0,1.0,-9.0,1.0,1776886286.781
-9.0,1.0,-9.0,1.0,1776886286.801
-9.0,1.0,-9.0,1.0,1776886286.83
-15.0,1.0,-15.0,1.0,1776886287.241
-15.0,1.0,-15.0,1.0,1776886287.266
-15.0,1.0,-15.0,1.0,1776886287.282
-15.0,1.0,-15.0,1.0,1776886287.308
-18.0,6.0,-18.0,6.0,1776886287.322
-16.0,9.0,-16.0,9.0,1776886287.761
-16.0,9.0,-16.0,9.0,1776886287.788
-16.0,9.0,-16.0,9.0,1776886287.801
-16.0,9.0,-16.0,9.0,1776886287.826
-9.0,9.0,-9.0,9.0,1776886287.841
-7.0,9.0,-7.0,9.0,1776886288.261
-7.0,9.0,-7.0,9.0,1776886288.287
-7.0,9.0,-7.0,9.0,1776886288.303
-7.0,9.0,-7.0,9.0,1776886288.329
-7.0,9.0,-7.0,9.0,1776886288.341
0.0,0.0,0.0,0.0,1776886288.741
0.0,0.0,0.0,0.0,1776886288.766
0.0,0.0,0.0,0.0,1776886288.781
0.0,0.0,0.0,0.0,1776886288.809
0.0,0.0,0.0,0.0,1776886288.821
0.0,0.0,0.0,0.0,1776886289.767
0.0,0.0,0.0,0.0,1776886289.781
0.0,0.0,0.0,0.0,1776886289.807
0.0,0.0,0.0,0.0,1776886289.821
0.0,0.0,0.0,0.0,1776886289.848
-1.0,0.0,-1.0,0.0,1776886290.768
-1.0,0.0,-1.0,0.0,1776886290.781
-1.0,0.0,-1.0,0.0,1776886290.801
-1.0,0.0,-1.0,0.0,1776886290.827
-1.0,0.0,-1.0,0.0,1776886290.841
-1.0,0.0,-1.0,0.0,1776886291.762
-1.0,0.0,-1.0,0.0,1776886291.788
-1.0,0.0,-1.0,0.0,1776886291.801
0.0,0.0,0.0,0.0,1776886291.826
0.0,0.0,0.0,0.0,1776886291.841
-13.0,-13.0,-13.0,-13.0,1776886292.27
-13.0,-13.0,-13.0,-13.0,1776886292.281
-13.0,-13.0,-13.0,-13.0,1776886292.307
-24.0,-24.0,-24.0,-24.0,1776886292.321
-24.0,-24.0,-24.0,-24.0,1776886292.349
-99.0,-97.0,-99.0,-97.0,1776886293.261
-99.0,-97.0,-99.0,-97.0,1776886293.287
-99.0,-97.0,-99.0,-97.0,1776886293.301
-99.0,-97.0,-99.0,-97.0,1776886293.327
-106.0,-103.0,-106.0,-103.0,1776886293.341
-117.0,-116.0,-117.0,-116.0,1776886294.261
-117.0,-116.0,-117.0,-116.0,1776886294.287
-117.0,-116.0,-117.0,-116.0,1776886294.301
-117.0,-115.0,-117.0,-115.0,1776886294.327
-117.0,-115.0,-117.0,-115.0,1776886294.341
-15.0,-15.0,-15.0,-15.0,1776886295.761
-15.0,-15.0,-15.0,-15.0,1776886295.788
-15.0,-15.0,-15.0,-15.0,1776886295.802
-15.0,-15.0,-15.0,-15.0,1776886295.827
-15.0,-15.0,-15.0,-15.0,1776886295.841
0.0,0.0,0.0,0.0,1776886296.281
0.0,0.0,0.0,0.0,1776886296.307
0.0,0.0,0.0,0.0,1776886296.321
0.0,0.0,0.0,0.0,1776886296.347
0.0,0.0,0.0,0.0,1776886296.361
0.0,0.0,0.0,0.0,1776886296.787
0.0,0.0,0.0,0.0,1776886296.809
0.0,0.0,0.0,0.0,1776886296.821
0.0,0.0,0.0,0.0,1776886296.847
0.0,0.0,0.0,0.0,1776886296.861
-3.0,5.0,-3.0,5.0,1776886298.287
-3.0,5.0,-3.0,5.0,1776886298.301
-5.0,9.0,-5.0,9.0,1776886298.328
-5.0,9.0,-5.0,9.0,1776886298.341
-5.0,9.0,-5.0,9.0,1776886298.367
-12.0,16.0,-12.0,16.0,1776886298.781
-12.0,16.0,-12.0,16.0,1776886298.801
-12.0,16.0,-12.0,16.0,1776886298.827
-12.0,16.0,-12.0,16.0,1776886298.841
-12.0,16.0,-12.0,16.0,1776886298.869
-19.0,24.0,-19.0,24.0,1776886299.281
-19.0,24.0,-19.0,24.0,1776886299.307
-22.0,24.0,-22.0,24.0,1776886299.321
-22.0,24.0,-22.0,24.0,1776886299.347
-22.0,24.0,-22.0,24.0,1776886299.361
-20.0,23.0,-20.0,23.0,1776886299.781
-20.0,23.0,-20.0,23.0,1776886299.808
-20.0,23.0,-20.0,23.0,1776886299.823
-17.0,22.0,-17.0,22.0,1776886299.849
-17.0,22.0,-17.0,22.0,1776886299.861
-19.0,24.0,-19.0,24.0,1776886300.287
-19.0,24.0,-19.0,24.0,1776886300.301
-19.0,24.0,-19.0,24.0,1776886300.329
-19.0,24.0,-19.0,24.0,1776886300.341
-19.0,24.0,-19.0,24.0,1776886300.367
-16.0,21.0,-16.0,21.0,1776886300.782
-16.0,21.0,-16.0,21.0,1776886300.809
-16.0,21.0,-16.0,21.0,1776886300.821
-16.0,21.0,-16.0,21.0,1776886300.847
-16.0,21.0,-16.0,21.0,1776886300.861
-19.0,25.0,-19.0,25.0,1776886301.281
-19.0,25.0,-19.0,25.0,1776886301.308
-19.0,25.0,-19.0,25.0,1776886301.321
-19.0,25.0,-19.0,25.0,1776886301.347
-19.0,25.0,-19.0,25.0,1776886301.363
-15.0,21.0,-15.0,21.0,1776886301.781
-16.0,21.0,-16.0,21.0,1776886301.807
-16.0,21.0,-16.0,21.0,1776886301.828
-16.0,21.0,-16.0,21.0,1776886301.841
-16.0,21.0,-16.0,21.0,1776886301.871
-11.0,15.0,-11.0,15.0,1776886302.281
-9.0,12.0,-9.0,12.0,1776886302.307
-9.0,12.0,-9.0,12.0,1776886302.321
-9.0,12.0,-9.0,12.0,1776886302.348
-9.0,12.0,-9.0,12.0,1776886302.361
-4.0,4.0,-4.0,4.0,1776886302.801
-4.0,1.0,-4.0,1.0,1776886302.829
-4.0,1.0,-4.0,1.0,1776886302.841
-4.0,1.0,-4.0,1.0,1776886302.867
-4.0,1.0,-4.0,1.0,1776886302.881
-1.0,3.0,-1.0,3.0,1776886303.307
-1.0,3.0,-1.0,3.0,1776886303.321
-4.0,5.0,-4.0,5.0,1776886303.347
-4.0,5.0,-4.0,5.0,1776886303.361
-4.0,5.0,-4.0,5.0,1776886303.387
-9.0,12.0,-9.0,12.0,1776886303.801
-9.0,12.0,-9.0,12.0,1776886303.827
-9.0,12.0,-9.0,12.0,1776886303.841
-12.0,16.0,-12.0,16.0,1776886303.861
-12.0,16.0,-12.0,16.0,1776886303.889
-19.0,22.0,-19.0,22.0,1776886304.305
-19.0,22.0,-19.0,22.0,1776886304.321
-19.0,22.0,-19.0,22.0,1776886304.347
-19.0,22.0,-19.0,22.0,1776886304.361
-19.0,22.0,-19.0,22.0,1776886304.387
-20.0,28.0,-20.0,28.0,1776886304.807
-20.0,28.0,-20.0,28.0,1776886304.821
-18.0,27.0,-18.0,27.0,1776886304.847
-18.0,27.0,-18.0,27.0,1776886304.861
-18.0,27.0,-18.0,27.0,1776886304.885
-18.0,24.0,-18.0,24.0,1776886305.301
-18.0,24.0,-18.0,24.0,1776886305.328
-18.0,24.0,-18.0,24.0,1776886305.341
-18.0,24.0,-18.0,24.0,1776886305.37
-18.0,22.0,-18.0,22.0,1776886305.381
-15.0,18.0,-15.0,18.0,1776886305.807
-15.0,18.0,-15.0,18.0,1776886305.821
-15.0,18.0,-15.0,18.0,1776886305.847
-15.0,18.0,-15.0,18.0,1776886305.861
-15.0,18.0,-15.0,18.0,1776886305.889
-12.0,15.0,-12.0,15.0,1776886306.301
-12.0,15.0,-12.0,15.0,1776886306.329
-12.0,15.0,-12.0,15.0,1776886306.341
-12.0,15.0,-12.0,15.0,1776886306.367
-12.0,15.0,-12.0,15.0,1776886306.381
-7.0,10.0,-7.0,10.0,1776886306.821
-7.0,10.0,-7.0,10.0,1776886306.847
-7.0,10.0,-7.0,10.0,1776886306.869
-7.0,10.0,-7.0,10.0,1776886306.881
-7.0,10.0,-7.0,10.0,1776886306.907
4.0,3.0,4.0,3.0,1776886307.321
4.0,3.0,4.0,3.0,1776886307.347
4.0,3.0,4.0,3.0,1776886307.362
4.0,3.0,4.0,3.0,1776886307.389
4.0,3.0,4.0,3.0,1776886307.401
31.0,33.0,31.0,33.0,1776886307.823
31.0,33.0,31.0,33.0,1776886307.849
31.0,33.0,31.0,33.0,1776886307.861
41.0,44.0,41.0,44.0,1776886307.894
41.0,44.0,41.0,44.0,1776886307.904
74.0,76.0,74.0,76.0,1776886308.329
74.0,76.0,74.0,76.0,1776886308.341
85.0,88.0,85.0,88.0,1776886308.367
85.0,88.0,85.0,88.0,1776886308.381
85.0,88.0,85.0,88.0,1776886308.407
108.0,109.0,108.0,109.0,1776886308.821
108.0,109.0,108.0,109.0,1776886308.848
108.0,109.0,108.0,109.0,1776886308.861
108.0,109.0,108.0,109.0,1776886308.889
108.0,111.0,108.0,111.0,1776886308.901
100.0,106.0,100.0,106.0,1776886309.328
100.0,106.0,100.0,106.0,1776886309.341
100.0,106.0,100.0,106.0,1776886309.362
100.0,106.0,100.0,106.0,1776886309.388
100.0,106.0,100.0,106.0,1776886309.401
81.0,98.0,81.0,98.0,1776886309.827
81.0,98.0,81.0,98.0,1776886309.841
81.0,98.0,81.0,98.0,1776886309.869
81.0,98.0,81.0,98.0,1776886309.881
81.0,98.0,81.0,98.0,1776886309.907
66.0,93.0,66.0,93.0,1776886310.328
63.0,92.0,63.0,92.0,1776886310.341
63.0,92.0,63.0,92.0,1776886310.367
63.0,92.0,63.0,92.0,1776886310.381
63.0,92.0,63.0,92.0,1776886310.409
-35.0,56.0,-35.0,56.0,1776886310.821
-35.0,56.0,-35.0,56.0,1776886310.849
-35.0,56.0,-35.0,56.0,1776886310.861
-35.0,56.0,-35.0,56.0,1776886310.889
-35.0,56.0,-35.0,56.0,1776886310.901
-18.0,34.0,-18.0,34.0,1776886311.328
-15.0,27.0,-15.0,27.0,1776886311.341
-15.0,27.0,-15.0,27.0,1776886311.37
-15.0,27.0,-15.0,27.0,1776886311.381
-15.0,27.0,-15.0,27.0,1776886311.407
-10.0,14.0,-10.0,14.0,1776886311.821
-12.0,14.0,-12.0,14.0,1776886311.849
-12.0,14.0,-12.0,14.0,1776886311.861
-12.0,14.0,-12.0,14.0,1776886311.887
-12.0,14.0,-12.0,14.0,1776886311.908
-18.0,21.0,-18.0,21.0,1776886312.341
-18.0,19.0,-18.0,19.0,1776886312.367
-18.0,19.0,-18.0,19.0,1776886312.381
-18.0,19.0,-18.0,19.0,1776886312.41
-18.0,19.0,-18.0,19.0,1776886312.421
-13.0,11.0,-13.0,11.0,1776886312.856
-13.0,11.0,-13.0,11.0,1776886312.873
-13.0,11.0,-13.0,11.0,1776886312.897
-13.0,11.0,-13.0,11.0,1776886312.907
-10.0,9.0,-10.0,9.0,1776886312.921
-3.0,5.0,-3.0,5.0,1776886313.347
-3.0,5.0,-3.0,5.0,1776886313.361
-3.0,5.0,-3.0,5.0,1776886313.392
-3.0,5.0,-3.0,5.0,1776886313.403
-1.0,3.0,-1.0,3.0,1776886313.429
0.0,0.0,0.0,0.0,1776886313.846
0.0,0.0,0.0,0.0,1776886313.861
0.0,0.0,0.0,0.0,1776886313.887
0.0,0.0,0.0,0.0,1776886313.902
0.0,0.0,0.0,0.0,1776886313.921
0.0,0.0,0.0,0.0,1776886314.351
0.0,0.0,0.0,0.0,1776886314.362
0.0,0.0,0.0,0.0,1776886314.388
0.0,0.0,0.0,0.0,1776886314.403
0.0,0.0,0.0,0.0,1776886314.421
0.0,0.0,0.0,0.0,1776886314.847
0.0,0.0,0.0,0.0,1776886314.862
0.0,0.0,0.0,0.0,1776886314.889
0.0,0.0,0.0,0.0,1776886314.901
0.0,0.0,0.0,0.0,1776886314.928
0.0,0.0,0.0,0.0,1776886315.347
0.0,0.0,0.0,0.0,1776886315.361
0.0,0.0,0.0,0.0,1776886315.388
0.0,0.0,0.0,0.0,1776886315.401
0.0,0.0,0.0,0.0,1776886315.427
0.0,0.0,0.0,0.0,1776886315.861
0.0,0.0,0.0,0.0,1776886315.888
0.0,0.0,0.0,0.0,1776886315.901
0.0,0.0,0.0,0.0,1776886315.929
0.0,0.0,0.0,0.0,1776886315.941
-1.0,7.0,-1.0,7.0,1776886316.341
-1.0,7.0,-1.0,7.0,1776886316.367
-1.0,7.0,-1.0,7.0,1776886316.381
-1.0,7.0,-1.0,7.0,1776886316.409
-4.0,7.0,-4.0,7.0,1776886316.421
-10.0,10.0,-10.0,10.0,1776886316.861
-10.0,10.0,-10.0,10.0,1776886316.885
-10.0,10.0,-10.0,10.0,1776886316.908
-10.0,10.0,-10.0,10.0,1776886316.929
-10.0,10.0,-10.0,10.0,1776886316.941
-19.0,18.0,-19.0,18.0,1776886317.341
-19.0,18.0,-19.0,18.0,1776886317.369
-19.0,18.0,-19.0,18.0,1776886317.381
-19.0,18.0,-19.0,18.0,1776886317.407
-19.0,18.0,-19.0,18.0,1776886317.422
-22.0,16.0,-22.0,16.0,1776886317.861
-22.0,18.0,-22.0,18.0,1776886317.887
-22.0,18.0,-22.0,18.0,1776886317.901
-22.0,18.0,-22.0,18.0,1776886317.928
-22.0,18.0,-22.0,18.0,1776886317.941
-21.0,21.0,-21.0,21.0,1776886318.361
-21.0,21.0,-21.0,21.0,1776886318.387
-21.0,21.0,-21.0,21.0,1776886318.401
-21.0,21.0,-21.0,21.0,1776886318.428
-21.0,21.0,-21.0,21.0,1776886318.441
-21.0,21.0,-21.0,21.0,1776886318.868
-21.0,21.0,-21.0,21.0,1776886318.883
-21.0,21.0,-21.0,21.0,1776886318.91
-21.0,21.0,-21.0,21.0,1776886318.922
-21.0,21.0,-21.0,21.0,1776886318.948
-13.0,12.0,-13.0,12.0,1776886319.369
-13.0,12.0,-13.0,12.0,1776886319.381
-13.0,12.0,-13.0,12.0,1776886319.408
-13.0,12.0,-13.0,12.0,1776886319.421
-13.0,12.0,-13.0,12.0,1776886319.449
-4.0,3.0,-4.0,3.0,1776886319.862
-4.0,3.0,-4.0,3.0,1776886319.888
-4.0,3.0,-4.0,3.0,1776886319.902
-4.0,3.0,-4.0,3.0,1776886319.929
-4.0,3.0,-4.0,3.0,1776886319.941
0.0,0.0,0.0,0.0,1776886320.369
0.0,0.0,0.0,0.0,1776886320.381
0.0,0.0,0.0,0.0,1776886320.408
0.0,0.0,0.0,0.0,1776886320.422
0.0,0.0,0.0,0.0,1776886320.447
0.0,0.0,0.0,0.0,1776886320.861
0.0,1.0,0.0,1.0,1776886320.885
0.0,1.0,0.0,1.0,1776886320.901
0.0,1.0,0.0,1.0,1776886320.927
0.0,1.0,0.0,1.0,1776886320.942
23.0,24.0,23.0,24.0,1776886321.369
23.0,24.0,23.0,24.0,1776886321.381
23.0,24.0,23.0,24.0,1776886321.407
23.0,24.0,23.0,24.0,1776886321.421
33.0,34.0,33.0,34.0,1776886321.45
66.0,66.0,66.0,66.0,1776886321.861
66.0,66.0,66.0,66.0,1776886321.888
66.0,66.0,66.0,66.0,1776886321.904
66.0,66.0,66.0,66.0,1776886321.93
66.0,66.0,66.0,66.0,1776886321.951
-87.0,82.0,-87.0,82.0,1776886322.362
-87.0,82.0,-87.0,82.0,1776886322.388
-87.0,82.0,-87.0,82.0,1776886322.402
-87.0,82.0,-87.0,82.0,1776886322.43
-87.0,82.0,-87.0,82.0,1776886322.441
-60.0,79.0,-60.0,79.0,1776886322.867
-60.0,79.0,-60.0,79.0,1776886322.881
-49.0,69.0,-49.0,69.0,1776886322.908
-49.0,69.0,-49.0,69.0,1776886322.929
-49.0,69.0,-49.0,69.0,1776886322.941
-20.0,43.0,-20.0,43.0,1776886323.369
-11.0,31.0,-11.0,31.0,1776886323.382
-11.0,31.0,-11.0,31.0,1776886323.407
-11.0,31.0,-11.0,31.0,1776886323.421
-11.0,31.0,-11.0,31.0,1776886323.449
-12.0,15.0,-12.0,15.0,1776886323.861
-12.0,15.0,-12.0,15.0,1776886323.887
-12.0,15.0,-12.0,15.0,1776886323.902
-15.0,18.0,-15.0,18.0,1776886323.928
-15.0,18.0,-15.0,18.0,1776886323.941
-24.0,21.0,-24.0,21.0,1776886324.369
-24.0,21.0,-24.0,21.0,1776886324.382
-24.0,21.0,-24.0,21.0,1776886324.409
-27.0,21.0,-27.0,21.0,1776886324.421
-27.0,21.0,-27.0,21.0,1776886324.447
-28.0,22.0,-28.0,22.0,1776886324.862
-28.0,22.0,-28.0,22.0,1776886324.889
-28.0,22.0,-28.0,22.0,1776886324.903
-44.0,22.0,-44.0,22.0,1776886324.922
-44.0,22.0,-44.0,22.0,1776886324.942
-40.0,20.0,-40.0,20.0,1776886325.382
-40.0,20.0,-40.0,20.0,1776886325.408
-40.0,20.0,-40.0,20.0,1776886325.422
-40.0,20.0,-40.0,20.0,1776886325.448
-40.0,20.0,-40.0,20.0,1776886325.462
-37.0,27.0,-37.0,27.0,1776886325.862
-37.0,27.0,-37.0,27.0,1776886325.887
-37.0,27.0,-37.0,27.0,1776886325.901
-37.0,27.0,-37.0,27.0,1776886325.928
-37.0,27.0,-37.0,27.0,1776886325.942
-17.0,22.0,-17.0,22.0,1776886326.383
-17.0,22.0,-17.0,22.0,1776886326.409
-17.0,22.0,-17.0,22.0,1776886326.422
-17.0,22.0,-17.0,22.0,1776886326.447
-17.0,22.0,-17.0,22.0,1776886326.462
-20.0,22.0,-20.0,22.0,1776886326.89
-20.0,22.0,-20.0,22.0,1776886326.902
-19.0,20.0,-19.0,20.0,1776886326.928
-19.0,20.0,-19.0,20.0,1776886326.942
-19.0,20.0,-19.0,20.0,1776886326.963
-22.0,17.0,-22.0,17.0,1776886327.382
-22.0,17.0,-22.0,17.0,1776886327.415
-22.0,17.0,-22.0,17.0,1776886327.425
-24.0,17.0,-24.0,17.0,1776886327.442
-24.0,17.0,-24.0,17.0,1776886327.471
-26.0,12.0,-26.0,12.0,1776886327.893
-26.0,12.0,-26.0,12.0,1776886327.904
-26.0,12.0,-26.0,12.0,1776886327.922
-26.0,12.0,-26.0,12.0,1776886327.948
-25.0,12.0,-25.0,12.0,1776886327.962
-19.0,5.0,-19.0,5.0,1776886328.402
-19.0,5.0,-19.0,5.0,1776886328.43
-19.0,5.0,-19.0,5.0,1776886328.442
-19.0,5.0,-19.0,5.0,1776886328.468
-16.0,5.0,-16.0,5.0,1776886328.482
-8.0,2.0,-8.0,2.0,1776886328.902
-8.0,2.0,-8.0,2.0,1776886328.928
-8.0,2.0,-8.0,2.0,1776886328.942
-8.0,2.0,-8.0,2.0,1776886328.97
-8.0,2.0,-8.0,2.0,1776886328.982
0.0,0.0,0.0,0.0,1776886329.382
0.0,0.0,0.0,0.0,1776886329.407
0.0,0.0,0.0,0.0,1776886329.422
0.0,0.0,0.0,0.0,1776886329.449
0.0,0.0,0.0,0.0,1776886329.462
10.0,12.0,10.0,12.0,1776886329.903
10.0,12.0,10.0,12.0,1776886329.929
15.0,17.0,15.0,17.0,1776886329.942
15.0,17.0,15.0,17.0,1776886329.967
15.0,17.0,15.0,17.0,1776886329.982
33.0,40.0,33.0,40.0,1776886330.382
33.0,40.0,33.0,40.0,1776886330.409
33.0,40.0,33.0,40.0,1776886330.422
33.0,40.0,33.0,40.0,1776886330.448
39.0,49.0,39.0,49.0,1776886330.463
55.0,75.0,55.0,75.0,1776886330.902
55.0,75.0,55.0,75.0,1776886330.93
56.0,81.0,56.0,81.0,1776886330.942
56.0,81.0,56.0,81.0,1776886330.969
56.0,81.0,56.0,81.0,1776886330.982
-55.0,87.0,-55.0,87.0,1776886331.408
-55.0,87.0,-55.0,87.0,1776886331.422
-55.0,87.0,-55.0,87.0,1776886331.449
-55.0,87.0,-55.0,87.0,1776886331.462
-55.0,87.0,-55.0,87.0,1776886331.488
-31.0,53.0,-31.0,53.0,1776886331.902
-31.0,53.0,-31.0,53.0,1776886331.93
-31.0,53.0,-31.0,53.0,1776886331.942
-31.0,53.0,-31.0,53.0,1776886331.968
-31.0,53.0,-31.0,53.0,1776886331.982
8.0,14.0,8.0,14.0,1776886332.402
8.0,14.0,8.0,14.0,1776886332.428
8.0,14.0,8.0,14.0,1776886332.442
8.0,14.0,8.0,14.0,1776886332.462
8.0,14.0,8.0,14.0,1776886332.489
16.0,18.0,16.0,18.0,1776886332.902
26.0,29.0,26.0,29.0,1776886332.929
26.0,29.0,26.0,29.0,1776886332.942
26.0,29.0,26.0,29.0,1776886332.969
26.0,29.0,26.0,29.0,1776886332.982
55.0,59.0,55.0,59.0,1776886333.408
55.0,59.0,55.0,59.0,1776886333.422
62.0,68.0,62.0,68.0,1776886333.448
62.0,68.0,62.0,68.0,1776886333.462
62.0,68.0,62.0,68.0,1776886333.49
82.0,93.0,82.0,93.0,1776886333.902
82.0,93.0,82.0,93.0,1776886333.928
82.0,93.0,82.0,93.0,1776886333.951
82.0,93.0,82.0,93.0,1776886333.966
82.0,93.0,82.0,93.0,1776886333.982
70.0,94.0,70.0,94.0,1776886334.402
70.0,94.0,70.0,94.0,1776886334.428
70.0,94.0,70.0,94.0,1776886334.442
70.0,94.0,70.0,94.0,1776886334.467
70.0,94.0,70.0,94.0,1776886334.483
64.0,95.0,64.0,95.0,1776886334.902
64.0,95.0,64.0,95.0,1776886334.928
63.0,95.0,63.0,95.0,1776886334.942
63.0,95.0,63.0,95.0,1776886334.969
63.0,95.0,63.0,95.0,1776886334.982
56.0,86.0,56.0,86.0,1776886335.422
50.0,77.0,50.0,77.0,1776886335.45
50.0,77.0,50.0,77.0,1776886335.462
50.0,77.0,50.0,77.0,1776886335.488
50.0,77.0,50.0,77.0,1776886335.502
31.0,48.0,31.0,48.0,1776886335.922
31.0,48.0,31.0,48.0,1776886335.95
24.0,39.0,24.0,39.0,1776886335.962
24.0,39.0,24.0,39.0,1776886335.988
24.0,39.0,24.0,39.0,1776886336.002
6.0,9.0,6.0,9.0,1776886336.422
6.0,9.0,6.0,9.0,1776886336.448
0.0,0.0,0.0,0.0,1776886336.462
0.0,0.0,0.0,0.0,1776886336.488
0.0,0.0,0.0,0.0,1776886336.502
0.0,0.0,0.0,0.0,1776886336.902
0.0,0.0,0.0,0.0,1776886336.928
0.0,0.0,0.0,0.0,1776886336.943
0.0,0.0,0.0,0.0,1776886336.969
0.0,0.0,0.0,0.0,1776886336.982
0.0,0.0,0.0,0.0,1776886337.422
0.0,0.0,0.0,0.0,1776886337.462
0.0,0.0,0.0,0.0,1776886337.472
0.0,0.0,0.0,0.0,1776886337.483
0.0,0.0,0.0,0.0,1776886337.508
0.0,0.0,0.0,0.0,1776886337.928
0.0,0.0,0.0,0.0,1776886337.942
0.0,0.0,0.0,0.0,1776886337.968
0.0,0.0,0.0,0.0,1776886337.982
0.0,0.0,0.0,0.0,1776886338.009
-8.0,-6.0,-8.0,-6.0,1776886338.429
-8.0,-6.0,-8.0,-6.0,1776886338.442
-17.0,-15.0,-17.0,-15.0,1776886338.472
-17.0,-15.0,-17.0,-15.0,1776886338.483
-17.0,-15.0,-17.0,-15.0,1776886338.51
-46.0,-45.0,-46.0,-45.0,1776886338.922
-46.0,-45.0,-46.0,-45.0,1776886338.948
-46.0,-45.0,-46.0,-45.0,1776886338.962
-46.0,-45.0,-46.0,-45.0,1776886338.991
-57.0,-55.0,-57.0,-55.0,1776886339.002
-90.0,-87.0,-90.0,-87.0,1776886339.422
-90.0,-87.0,-90.0,-87.0,1776886339.442
-90.0,-87.0,-90.0,-87.0,1776886339.468
-99.0,-98.0,-99.0,-98.0,1776886339.487
-99.0,-98.0,-99.0,-98.0,1776886339.502
-109.0,-108.0,-109.0,-108.0,1776886339.924
-109.0,-108.0,-109.0,-108.0,1776886339.942
-109.0,-108.0,-109.0,-108.0,1776886339.968
-109.0,-108.0,-109.0,-108.0,1776886339.982
-109.0,-108.0,-109.0,-108.0,1776886340.009
-113.0,-112.0,-113.0,-112.0,1776886340.428
-113.0,-112.0,-113.0,-112.0,1776886340.442
-113.0,-112.0,-113.0,-112.0,1776886340.468
-113.0,-112.0,-113.0,-112.0,1776886340.482
102.0,101.0,102.0,101.0,1776886340.508
76.0,75.0,76.0,75.0,1776886340.928
76.0,75.0,76.0,75.0,1776886340.942
76.0,75.0,76.0,75.0,1776886340.968
76.0,75.0,76.0,75.0,1776886340.982
76.0,75.0,76.0,75.0,1776886341.008
45.0,49.0,45.0,49.0,1776886341.428
45.0,49.0,45.0,49.0,1776886341.442
45.0,49.0,45.0,49.0,1776886341.468
45.0,49.0,45.0,49.0,1776886341.496
45.0,49.0,45.0,49.0,1776886341.507
45.0,58.0,45.0,58.0,1776886341.922
45.0,58.0,45.0,58.0,1776886341.942
45.0,58.0,45.0,58.0,1776886341.968
45.0,58.0,45.0,58.0,1776886341.982
45.0,58.0,45.0,58.0,1776886342.008
53.0,81.0,53.0,81.0,1776886342.442
53.0,81.0,53.0,81.0,1776886342.469
53.0,81.0,53.0,81.0,1776886342.482
53.0,81.0,53.0,81.0,1776886342.511
53.0,81.0,53.0,81.0,1776886342.522
55.0,91.0,55.0,91.0,1776886342.922
55.0,91.0,55.0,91.0,1776886342.948
55.0,92.0,55.0,92.0,1776886342.962
55.0,92.0,55.0,92.0,1776886342.988
55.0,92.0,55.0,92.0,1776886343.002
56.0,97.0,56.0,97.0,1776886343.449
56.0,97.0,56.0,97.0,1776886343.462
56.0,97.0,56.0,97.0,1776886343.491
56.0,97.0,56.0,97.0,1776886343.503
56.0,97.0,56.0,97.0,1776886343.529
58.0,98.0,58.0,98.0,1776886343.942
58.0,98.0,58.0,98.0,1776886343.968
58.0,98.0,58.0,98.0,1776886343.982
58.0,98.0,58.0,98.0,1776886344.009
58.0,98.0,58.0,98.0,1776886344.022
58.0,97.0,58.0,97.0,1776886344.448
59.0,96.0,59.0,96.0,1776886344.462
59.0,96.0,59.0,96.0,1776886344.488
59.0,96.0,59.0,96.0,1776886344.502
59.0,96.0,59.0,96.0,1776886344.528
57.0,96.0,57.0,96.0,1776886344.942
57.0,96.0,57.0,96.0,1776886344.969
57.0,96.0,57.0,96.0,1776886344.983
58.0,97.0,58.0,97.0,1776886345.011
58.0,97.0,58.0,97.0,1776886345.022
58.0,95.0,58.0,95.0,1776886345.45
58.0,95.0,58.0,95.0,1776886345.462
58.0,95.0,58.0,95.0,1776886345.488
60.0,97.0,60.0,97.0,1776886345.502
60.0,97.0,60.0,97.0,1776886345.528
72.0,101.0,72.0,101.0,1776886345.942
72.0,101.0,72.0,101.0,1776886345.972
72.0,101.0,72.0,101.0,1776886345.983
72.0,101.0,72.0,101.0,1776886346.009
76.0,102.0,76.0,102.0,1776886346.023
88.0,105.0,88.0,105.0,1776886346.449
93.0,106.0,93.0,106.0,1776886346.462
93.0,106.0,93.0,106.0,1776886346.488
93.0,106.0,93.0,106.0,1776886346.502
93.0,106.0,93.0,106.0,1776886346.528
106.0,110.0,106.0,110.0,1776886346.945
106.0,110.0,106.0,110.0,1776886346.97
106.0,110.0,106.0,110.0,1776886346.982
106.0,110.0,106.0,110.0,1776886347.01
109.0,112.0,109.0,112.0,1776886347.022
112.0,115.0,112.0,115.0,1776886347.443
112.0,115.0,112.0,115.0,1776886347.469
112.0,115.0,112.0,115.0,1776886347.482
112.0,115.0,112.0,115.0,1776886347.508
112.0,115.0,112.0,115.0,1776886347.522
111.0,116.0,111.0,116.0,1776886347.942
112.0,116.0,112.0,116.0,1776886347.968
112.0,116.0,112.0,116.0,1776886347.983
112.0,116.0,112.0,116.0,1776886348.01
112.0,116.0,112.0,116.0,1776886348.022
114.0,116.0,114.0,116.0,1776886348.449
114.0,116.0,114.0,116.0,1776886348.463
114.0,116.0,114.0,116.0,1776886348.489
114.0,116.0,114.0,116.0,1776886348.502
114.0,116.0,114.0,116.0,1776886348.528
112.0,117.0,112.0,117.0,1776886348.942
112.0,117.0,112.0,117.0,1776886348.962
112.0,117.0,112.0,117.0,1776886348.989
112.0,117.0,112.0,117.0,1776886349.002
112.0,117.0,112.0,117.0,1776886349.03
112.0,116.0,112.0,116.0,1776886349.462
111.0,116.0,111.0,116.0,1776886349.489
111.0,116.0,111.0,116.0,1776886349.502
111.0,116.0,111.0,116.0,1776886349.528
111.0,116.0,111.0,116.0,1776886349.542
112.0,117.0,112.0,117.0,1776886349.962
112.0,117.0,112.0,117.0,1776886349.988
112.0,117.0,112.0,117.0,1776886350.004
112.0,115.0,112.0,115.0,1776886350.03
112.0,115.0,112.0,115.0,1776886350.049
112.0,115.0,112.0,115.0,1776886350.462
112.0,115.0,112.0,115.0,1776886350.482
112.0,115.0,112.0,115.0,1776886350.51
112.0,115.0,112.0,115.0,1776886350.522
112.0,115.0,112.0,115.0,1776886350.549
112.0,114.0,112.0,114.0,1776886350.969
112.0,114.0,112.0,114.0,1776886350.982
112.0,114.0,112.0,114.0,1776886351.008
112.0,114.0,112.0,114.0,1776886351.023
112.0,113.0,112.0,113.0,1776886351.05
105.0,102.0,105.0,102.0,1776886351.462
105.0,102.0,105.0,102.0,1776886351.489
105.0,102.0,105.0,102.0,1776886351.502
105.0,102.0,105.0,102.0,1776886351.528
104.0,99.0,104.0,99.0,1776886351.542
100.0,88.0,100.0,88.0,1776886351.968
100.0,88.0,100.0,88.0,1776886351.982
100.0,88.0,100.0,88.0,1776886352.008
100.0,88.0,100.0,88.0,1776886352.022
99.0,85.0,99.0,85.0,1776886352.048
102.0,84.0,102.0,84.0,1776886352.463
102.0,84.0,102.0,84.0,1776886352.49
102.0,84.0,102.0,84.0,1776886352.508
102.0,84.0,102.0,84.0,1776886352.522
102.0,84.0,102.0,84.0,1776886352.548
105.0,91.0,105.0,91.0,1776886352.962
104.0,92.0,104.0,92.0,1776886352.988
104.0,92.0,104.0,92.0,1776886353.005
104.0,92.0,104.0,92.0,1776886353.031
104.0,92.0,104.0,92.0,1776886353.043
99.0,94.0,99.0,94.0,1776886353.482
99.0,94.0,99.0,94.0,1776886353.509
96.0,94.0,96.0,94.0,1776886353.523
96.0,94.0,96.0,94.0,1776886353.549
96.0,94.0,96.0,94.0,1776886353.562
82.0,90.0,82.0,90.0,1776886353.969
82.0,90.0,82.0,90.0,1776886353.982
82.0,90.0,82.0,90.0,1776886354.008
77.0,90.0,77.0,90.0,1776886354.022
77.0,90.0,77.0,90.0,1776886354.042
72.0,88.0,72.0,88.0,1776886354.982
72.0,88.0,72.0,88.0,1776886355.008
72.0,88.0,72.0,88.0,1776886355.022
72.0,88.0,72.0,88.0,1776886355.048
75.0,87.0,75.0,87.0,1776886355.064
81.0,79.0,81.0,79.0,1776886355.489
81.0,79.0,81.0,79.0,1776886355.503
81.0,79.0,81.0,79.0,1776886355.529
81.0,79.0,81.0,79.0,1776886355.542
81.0,79.0,81.0,79.0,1776886355.568
88.0,71.0,88.0,71.0,1776886355.988
88.0,71.0,88.0,71.0,1776886356.002
88.0,71.0,88.0,71.0,1776886356.029
88.0,71.0,88.0,71.0,1776886356.042
90.0,69.0,90.0,69.0,1776886356.069
95.0,63.0,95.0,63.0,1776886356.482
95.0,63.0,95.0,63.0,1776886356.513
95.0,63.0,95.0,63.0,1776886356.531
95.0,63.0,95.0,63.0,1776886356.542
95.0,63.0,95.0,63.0,1776886356.568
102.0,61.0,102.0,61.0,1776886356.982
102.0,61.0,102.0,61.0,1776886357.008
102.0,61.0,102.0,61.0,1776886357.022
102.0,61.0,102.0,61.0,1776886357.049
102.0,61.0,102.0,61.0,1776886357.062
106.0,72.0,106.0,72.0,1776886357.488
107.0,76.0,107.0,76.0,1776886357.502
107.0,76.0,107.0,76.0,1776886357.529
107.0,76.0,107.0,76.0,1776886357.542
107.0,76.0,107.0,76.0,1776886357.573
100.0,87.0,100.0,87.0,1776886357.982
100.0,87.0,100.0,87.0,1776886358.01
96.0,90.0,96.0,90.0,1776886358.022
96.0,90.0,96.0,90.0,1776886358.048
96.0,90.0,96.0,90.0,1776886358.063
85.0,90.0,85.0,90.0,1776886358.482
85.0,90.0,85.0,90.0,1776886358.51
85.0,90.0,85.0,90.0,1776886358.522
81.0,89.0,81.0,89.0,1776886358.549
81.0,89.0,81.0,89.0,1776886358.563
74.0,90.0,74.0,90.0,1776886358.982
74.0,90.0,74.0,90.0,1776886359.009
74.0,90.0,74.0,90.0,1776886359.023
74.0,90.0,74.0,90.0,1776886359.048
74.0,90.0,74.0,90.0,1776886359.062
76.0,91.0,76.0,91.0,1776886359.502
76.0,91.0,76.0,91.0,1776886359.528
76.0,91.0,76.0,91.0,1776886359.542
76.0,91.0,76.0,91.0,1776886359.569
76.0,90.0,76.0,90.0,1776886359.583
80.0,87.0,80.0,87.0,1776886359.983
81.0,85.0,81.0,85.0,1776886360.009
81.0,85.0,81.0,85.0,1776886360.022
81.0,85.0,81.0,85.0,1776886360.053
81.0,85.0,81.0,85.0,1776886360.063
83.0,76.0,83.0,76.0,1776886360.502
85.0,73.0,85.0,73.0,1776886360.528
85.0,73.0,85.0,73.0,1776886360.543
85.0,73.0,85.0,73.0,1776886360.568
85.0,73.0,85.0,73.0,1776886360.582
60.0,-51.0,60.0,-51.0,1776886361.008
60.0,-51.0,60.0,-51.0,1776886361.022
60.0,-51.0,60.0,-51.0,1776886361.05
60.0,-51.0,60.0,-51.0,1776886361.062
60.0,-51.0,60.0,-51.0,1776886361.088
36.0,-30.0,36.0,-30.0,1776886361.509
27.0,-25.0,27.0,-25.0,1776886361.522
27.0,-25.0,27.0,-25.0,1776886361.549
27.0,-25.0,27.0,-25.0,1776886361.562
27.0,-25.0,27.0,-25.0,1776886361.588
4.0,-11.0,4.0,-11.0,1776886362.009
4.0,-11.0,4.0,-11.0,1776886362.022
4.0,-11.0,4.0,-11.0,1776886362.048
6.0,-12.0,6.0,-12.0,1776886362.062
6.0,-12.0,6.0,-12.0,1776886362.09
16.0,-20.0,16.0,-20.0,1776886362.504
16.0,-20.0,16.0,-20.0,1776886362.53
16.0,-20.0,16.0,-20.0,1776886362.542
16.0,-20.0,16.0,-20.0,1776886362.568
16.0,-20.0,16.0,-20.0,1776886362.582
19.0,-18.0,19.0,-18.0,1776886363.002
19.0,-18.0,19.0,-18.0,1776886363.028
19.0,-18.0,19.0,-18.0,1776886363.042
19.0,-18.0,19.0,-18.0,1776886363.069
19.0,-18.0,19.0,-18.0,1776886363.083
21.0,-21.0,21.0,-21.0,1776886363.503
21.0,-21.0,21.0,-21.0,1776886363.529
18.0,-18.0,18.0,-18.0,1776886363.543
18.0,-18.0,18.0,-18.0,1776886363.571
18.0,-18.0,18.0,-18.0,1776886363.583
9.0,9.0,9.0,9.0,1776886364.003
9.0,9.0,9.0,9.0,1776886364.029
9.0,12.0,9.0,12.0,1776886364.042
9.0,12.0,9.0,12.0,1776886364.068
9.0,12.0,9.0,12.0,1776886364.083
27.0,34.0,27.0,34.0,1776886364.535
27.0,34.0,27.0,34.0,1776886364.545
35.0,39.0,35.0,39.0,1776886364.563
35.0,39.0,35.0,39.0,1776886364.59
35.0,39.0,35.0,39.0,1776886364.603
65.0,67.0,65.0,67.0,1776886365.022
65.0,67.0,65.0,67.0,1776886365.048
65.0,67.0,65.0,67.0,1776886365.062
74.0,78.0,74.0,78.0,1776886365.088
74.0,78.0,74.0,78.0,1776886365.104
96.0,100.0,96.0,100.0,1776886365.502
96.0,100.0,96.0,100.0,1776886365.528
96.0,100.0,96.0,100.0,1776886365.543
96.0,100.0,96.0,100.0,1776886365.569
96.0,100.0,96.0,100.0,1776886365.582
102.0,104.0,102.0,104.0,1776886366.029
102.0,104.0,102.0,104.0,1776886366.043
102.0,104.0,102.0,104.0,1776886366.069
102.0,104.0,102.0,104.0,1776886366.083
104.0,105.0,104.0,105.0,1776886366.103
111.0,109.0,111.0,109.0,1776886366.528
111.0,109.0,111.0,109.0,1776886366.543
111.0,109.0,111.0,109.0,1776886366.569
111.0,109.0,111.0,109.0,1776886366.583
111.0,109.0,111.0,109.0,1776886366.609
111.0,117.0,111.0,117.0,1776886367.024
111.0,117.0,111.0,117.0,1776886367.05
111.0,117.0,111.0,117.0,1776886367.063
111.0,117.0,111.0,117.0,1776886367.089
111.0,117.0,111.0,117.0,1776886367.103
62.0,88.0,62.0,88.0,1776886368.023
62.0,88.0,62.0,88.0,1776886368.049
62.0,88.0,62.0,88.0,1776886368.063
62.0,88.0,62.0,88.0,1776886368.088
55.0,75.0,55.0,75.0,1776886368.103
23.0,41.0,23.0,41.0,1776886368.529
23.0,41.0,23.0,41.0,1776886368.543
23.0,41.0,23.0,41.0,1776886368.563
23.0,41.0,23.0,41.0,1776886368.588
15.0,28.0,15.0,28.0,1776886368.603
0.0,0.0,0.0,0.0,1776886369.023
0.0,0.0,0.0,0.0,1776886369.049
0.0,0.0,0.0,0.0,1776886369.063
0.0,0.0,0.0,0.0,1776886369.088
0.0,0.0,0.0,0.0,1776886369.103
0.0,0.0,0.0,0.0,1776886369.543
0.0,0.0,0.0,0.0,1776886369.569
0.0,0.0,0.0,0.0,1776886369.583
0.0,0.0,0.0,0.0,1776886369.609
0.0,0.0,0.0,0.0,1776886369.623
0.0,0.0,0.0,0.0,1776886370.023
0.0,0.0,0.0,0.0,1776886370.049
0.0,0.0,0.0,0.0,1776886370.063
0.0,0.0,0.0,0.0,1776886370.091
0.0,0.0,0.0,0.0,1776886370.103
0.0,0.0,0.0,0.0,1776886370.543
0.0,0.0,0.0,0.0,1776886370.568
0.0,0.0,0.0,0.0,1776886370.583
0.0,0.0,0.0,0.0,1776886370.61
0.0,0.0,0.0,0.0,1776886370.623
0.0,0.0,0.0,0.0,1776886371.043
0.0,0.0,0.0,0.0,1776886371.071
0.0,0.0,0.0,0.0,1776886371.083
0.0,0.0,0.0,0.0,1776886371.109
0.0,0.0,0.0,0.0,1776886371.123
0.0,0.0,0.0,0.0,1776886371.549
0.0,0.0,0.0,0.0,1776886371.565
0.0,0.0,0.0,0.0,1776886371.591
0.0,0.0,0.0,0.0,1776886371.603
0.0,0.0,0.0,0.0,1776886371.623
0.0,0.0,0.0,0.0,1776886372.043
0.0,0.0,0.0,0.0,1776886372.069
0.0,0.0,0.0,0.0,1776886372.083
0.0,0.0,0.0,0.0,1776886372.109
0.0,0.0,0.0,0.0,1776886372.123
0.0,0.0,0.0,0.0,1776886372.543
0.0,0.0,0.0,0.0,1776886372.568
0.0,0.0,0.0,0.0,1776886372.583
0.0,0.0,0.0,0.0,1776886372.608
0.0,0.0,0.0,0.0,1776886372.623
0.0,0.0,0.0,0.0,1776886373.043
0.0,0.0,0.0,0.0,1776886373.071
0.0,0.0,0.0,0.0,1776886373.083
0.0,0.0,0.0,0.0,1776886373.103
0.0,0.0,0.0,0.0,1776886373.129
0.0,0.0,0.0,0.0,1776886373.543
0.0,0.0,0.0,0.0,1776886373.57
0.0,0.0,0.0,0.0,1776886373.583
0.0,0.0,0.0,0.0,1776886373.608
0.0,0.0,0.0,0.0,1776886373.623
0.0,0.0,0.0,0.0,1776886374.048
0.0,0.0,0.0,0.0,1776886374.063
0.0,0.0,0.0,0.0,1776886374.089
0.0,0.0,0.0,0.0,1776886374.104
0.0,0.0,0.0,0.0,1776886374.13
0.0,0.0,0.0,0.0,1776886374.543
0.0,0.0,0.0,0.0,1776886374.569
0.0,0.0,0.0,0.0,1776886374.583
0.0,0.0,0.0,0.0,1776886374.609
0.0,0.0,0.0,0.0,1776886374.623
0.0,0.0,0.0,0.0,1776886375.049
0.0,0.0,0.0,0.0,1776886375.063
0.0,0.0,0.0,0.0,1776886375.089
0.0,0.0,0.0,0.0,1776886375.103
0.0,0.0,0.0,0.0,1776886375.13
0.0,0.0,0.0,0.0,1776886375.543
0.0,0.0,0.0,0.0,1776886375.569
0.0,0.0,0.0,0.0,1776886375.583
0.0,0.0,0.0,0.0,1776886375.609
0.0,0.0,0.0,0.0,1776886375.623
51.0,51.0,51.0,51.0,1776886376.569
51.0,51.0,51.0,51.0,1776886376.583
51.0,51.0,51.0,51.0,1776886376.61
51.0,51.0,51.0,51.0,1776886376.623
51.0,51.0,51.0,51.0,1776886376.649
69.0,64.0,69.0,64.0,1776886377.063
69.0,64.0,69.0,64.0,1776886377.089
69.0,64.0,69.0,64.0,1776886377.103
69.0,64.0,69.0,64.0,1776886377.129
69.0,64.0,69.0,64.0,1776886377.143
49.0,44.0,49.0,44.0,1776886377.551
49.0,44.0,49.0,44.0,1776886377.563
49.0,44.0,49.0,44.0,1776886377.584
37.0,31.0,37.0,31.0,1776886377.61
37.0,31.0,37.0,31.0,1776886377.623
7.0,5.0,7.0,5.0,1776886378.063
7.0,5.0,7.0,5.0,1776886378.083
0.0,0.0,0.0,0.0,1776886378.109
0.0,0.0,0.0,0.0,1776886378.123
0.0,0.0,0.0,0.0,1776886378.149
7.0,7.0,7.0,7.0,1776886378.569
7.0,7.0,7.0,7.0,1776886378.583
7.0,7.0,7.0,7.0,1776886378.611
7.0,7.0,7.0,7.0,1776886378.623
17.0,17.0,17.0,17.0,1776886378.649
46.0,49.0,46.0,49.0,1776886379.063
46.0,49.0,46.0,49.0,1776886379.089
46.0,49.0,46.0,49.0,1776886379.103
56.0,60.0,56.0,60.0,1776886379.129
56.0,60.0,56.0,60.0,1776886379.143
89.0,94.0,89.0,94.0,1776886379.583
89.0,94.0,89.0,94.0,1776886379.609
89.0,94.0,89.0,94.0,1776886379.623
89.0,94.0,89.0,94.0,1776886379.649
89.0,94.0,89.0,94.0,1776886379.663
-46.0,45.0,-46.0,45.0,1776886380.583
-36.0,34.0,-36.0,34.0,1776886380.609
-36.0,34.0,-36.0,34.0,1776886380.623
-36.0,34.0,-36.0,34.0,1776886380.652
-36.0,34.0,-36.0,34.0,1776886380.663
-7.0,0.0,-7.0,0.0,1776886381.083
-7.0,0.0,-7.0,0.0,1776886381.107
-10.0,1.0,-10.0,1.0,1776886381.123
-10.0,1.0,-10.0,1.0,1776886381.149
-10.0,1.0,-10.0,1.0,1776886381.166
-8.0,3.0,-8.0,3.0,1776886381.583
-8.0,3.0,-8.0,3.0,1776886381.609
-8.0,3.0,-8.0,3.0,1776886381.623
-8.0,3.0,-8.0,3.0,1776886381.649
-8.0,3.0,-8.0,3.0,1776886381.663
-8.0,3.0,-8.0,3.0,1776886382.09
-8.0,3.0,-8.0,3.0,1776886382.103
-8.0,3.0,-8.0,3.0,1776886382.13
-8.0,3.0,-8.0,3.0,1776886382.143
-5.0,3.0,-5.0,3.0,1776886382.169
0.0,0.0,0.0,0.0,1776886382.583
0.0,0.0,0.0,0.0,1776886382.609
0.0,0.0,0.0,0.0,1776886382.623
0.0,0.0,0.0,0.0,1776886382.649
0.0,0.0,0.0,0.0,1776886382.663
7.0,5.0,7.0,5.0,1776886383.089
16.0,14.0,16.0,14.0,1776886383.103
16.0,14.0,16.0,14.0,1776886383.131
16.0,14.0,16.0,14.0,1776886383.143
16.0,14.0,16.0,14.0,1776886383.169
42.0,46.0,42.0,46.0,1776886383.583
42.0,46.0,42.0,46.0,1776886383.61
53.0,57.0,53.0,57.0,1776886383.623
53.0,57.0,53.0,57.0,1776886383.649
53.0,57.0,53.0,57.0,1776886383.663
-73.0,79.0,-73.0,79.0,1776886384.089
-73.0,79.0,-73.0,79.0,1776886384.103
-75.0,79.0,-75.0,79.0,1776886384.129
-75.0,79.0,-75.0,79.0,1776886384.144
-75.0,79.0,-75.0,79.0,1776886384.163
-55.0,55.0,-55.0,55.0,1776886384.583
-55.0,55.0,-55.0,55.0,1776886384.609
-55.0,55.0,-55.0,55.0,1776886384.625
-55.0,55.0,-55.0,55.0,1776886384.65
-55.0,55.0,-55.0,55.0,1776886384.663
-12.0,11.0,-12.0,11.0,1776886385.103
-12.0,11.0,-12.0,11.0,1776886385.129
-12.0,11.0,-12.0,11.0,1776886385.143
-12.0,11.0,-12.0,11.0,1776886385.169
-12.0,11.0,-12.0,11.0,1776886385.183
0.0,0.0,0.0,0.0,1776886385.585
4.0,2.0,4.0,2.0,1776886385.611
4.0,2.0,4.0,2.0,1776886385.623
4.0,2.0,4.0,2.0,1776886385.649
4.0,2.0,4.0,2.0,1776886385.663
18.0,18.0,18.0,18.0,1776886386.089
18.0,18.0,18.0,18.0,1776886386.103
18.0,18.0,18.0,18.0,1776886386.129
18.0,18.0,18.0,18.0,1776886386.143
18.0,18.0,18.0,18.0,1776886386.163
18.0,18.0,18.0,18.0,1776886386.612
18.0,18.0,18.0,18.0,1776886386.627
18.0,18.0,18.0,18.0,1776886386.643
18.0,18.0,18.0,18.0,1776886386.67
18.0,18.0,18.0,18.0,1776886386.683
4.0,6.0,4.0,6.0,1776886387.103
4.0,6.0,4.0,6.0,1776886387.129
0.0,0.0,0.0,0.0,1776886387.143
0.0,0.0,0.0,0.0,1776886387.169
0.0,0.0,0.0,0.0,1776886387.187
0.0,0.0,0.0,0.0,1776886387.609
0.0,0.0,0.0,0.0,1776886387.623
0.0,0.0,0.0,0.0,1776886387.649
0.0,0.0,0.0,0.0,1776886387.663
0.0,0.0,0.0,0.0,1776886387.689
-22.0,-22.0,-22.0,-22.0,1776886388.111
-22.0,-22.0,-22.0,-22.0,1776886388.123
-22.0,-22.0,-22.0,-22.0,1776886388.151
-22.0,-22.0,-22.0,-22.0,1776886388.165
-33.0,-33.0,-33.0,-33.0,1776886388.191
-64.0,-61.0,-64.0,-61.0,1776886388.609
-64.0,-61.0,-64.0,-61.0,1776886388.624
-64.0,-61.0,-64.0,-61.0,1776886388.652
-64.0,-61.0,-64.0,-61.0,1776886388.666
-64.0,-61.0,-64.0,-61.0,1776886388.683
-73.0,73.0,-73.0,73.0,1776886389.107
-73.0,73.0,-73.0,73.0,1776886389.124
-73.0,73.0,-73.0,73.0,1776886389.15
-69.0,69.0,-69.0,69.0,1776886389.165
-69.0,69.0,-69.0,69.0,1776886389.191
-54.0,40.0,-54.0,40.0,1776886389.623
-54.0,40.0,-54.0,40.0,1776886389.649
-54.0,40.0,-54.0,40.0,1776886389.663
-44.0,36.0,-44.0,36.0,1776886389.691
-44.0,36.0,-44.0,36.0,1776886389.703
-14.0,7.0,-14.0,7.0,1776886390.103
-14.0,7.0,-14.0,7.0,1776886390.13
-14.0,7.0,-14.0,7.0,1776886390.143
-14.0,7.0,-14.0,7.0,1776886390.169
-14.0,7.0,-14.0,7.0,1776886390.183
-23.0,18.0,-23.0,18.0,1776886390.623
-23.0,18.0,-23.0,18.0,1776886390.649
-23.0,18.0,-23.0,18.0,1776886390.663
-23.0,18.0,-23.0,18.0,1776886390.69
-23.0,18.0,-23.0,18.0,1776886390.704
-16.0,18.0,-16.0,18.0,1776886391.104
-16.0,18.0,-16.0,18.0,1776886391.13
-16.0,18.0,-16.0,18.0,1776886391.143
-16.0,18.0,-16.0,18.0,1776886391.17
-16.0,18.0,-16.0,18.0,1776886391.183
-20.0,22.0,-20.0,22.0,1776886391.629
-20.0,22.0,-20.0,22.0,1776886391.643
-20.0,22.0,-20.0,22.0,1776886391.663
-20.0,22.0,-20.0,22.0,1776886391.689
-20.0,22.0,-20.0,22.0,1776886391.703
-14.0,27.0,-14.0,27.0,1776886392.13
-14.0,29.0,-14.0,29.0,1776886392.143
-14.0,29.0,-14.0,29.0,1776886392.17
-14.0,29.0,-14.0,29.0,1776886392.183
-14.0,29.0,-14.0,29.0,1776886392.209
-13.0,30.0,-13.0,30.0,1776886392.631
-13.0,30.0,-13.0,30.0,1776886392.643
-13.0,30.0,-13.0,30.0,1776886392.672
-13.0,30.0,-13.0,30.0,1776886392.691
-10.0,33.0,-10.0,33.0,1776886392.703
-13.0,21.0,-13.0,21.0,1776886393.132
-13.0,21.0,-13.0,21.0,1776886393.143
-13.0,21.0,-13.0,21.0,1776886393.169
-13.0,21.0,-13.0,21.0,1776886393.183
-15.0,17.0,-15.0,17.0,1776886393.209
-13.0,24.0,-13.0,24.0,1776886393.63
-13.0,24.0,-13.0,24.0,1776886393.649
-13.0,24.0,-13.0,24.0,1776886393.663
-13.0,24.0,-13.0,24.0,1776886393.69
-13.0,24.0,-13.0,24.0,1776886393.703
6.0,17.0,6.0,17.0,1776886394.13
6.0,17.0,6.0,17.0,1776886394.143
6.0,17.0,6.0,17.0,1776886394.169
6.0,17.0,6.0,17.0,1776886394.184
6.0,17.0,6.0,17.0,1776886394.21
8.0,6.0,8.0,6.0,1776886394.65
8.0,6.0,8.0,6.0,1776886394.663
8.0,6.0,8.0,6.0,1776886394.689
8.0,6.0,8.0,6.0,1776886394.704
16.0,15.0,16.0,15.0,1776886394.73
45.0,46.0,45.0,46.0,1776886395.143
45.0,46.0,45.0,46.0,1776886395.171
45.0,46.0,45.0,46.0,1776886395.185
45.0,46.0,45.0,46.0,1776886395.211
45.0,46.0,45.0,46.0,1776886395.223
54.0,57.0,54.0,57.0,1776886395.649
52.0,57.0,52.0,57.0,1776886395.663
52.0,57.0,52.0,57.0,1776886395.69
52.0,57.0,52.0,57.0,1776886395.705
52.0,57.0,52.0,57.0,1776886395.731
1.0,0.0,1.0,0.0,1776886396.649
1.0,0.0,1.0,0.0,1776886396.664
1.0,0.0,1.0,0.0,1776886396.69
1.0,0.0,1.0,0.0,1776886396.703
1.0,0.0,1.0,0.0,1776886396.732
1.0,0.0,1.0,0.0,1776886397.143
1.0,0.0,1.0,0.0,1776886397.169
1.0,-1.0,1.0,-1.0,1776886397.183
1.0,-1.0,1.0,-1.0,1776886397.21
1.0,-1.0,1.0,-1.0,1776886397.223
1.0,-4.0,1.0,-4.0,1776886397.646
1.0,-4.0,1.0,-4.0,1776886397.671
1.0,-4.0,1.0,-4.0,1776886397.683
1.0,-8.0,1.0,-8.0,1776886397.71
1.0,-8.0,1.0,-8.0,1776886397.726
6.0,-12.0,6.0,-12.0,1776886398.143
6.0,-12.0,6.0,-12.0,1776886398.17
7.0,-14.0,7.0,-14.0,1776886398.183
7.0,-14.0,7.0,-14.0,1776886398.209
7.0,-14.0,7.0,-14.0,1776886398.223
19.0,-25.0,19.0,-25.0,1776886399.143
19.0,-25.0,19.0,-25.0,1776886399.169
19.0,-25.0,19.0,-25.0,1776886399.183
19.0,-25.0,19.0,-25.0,1776886399.209
16.0,-23.0,16.0,-23.0,1776886399.223
11.0,17.0,11.0,17.0,1776886399.663
11.0,17.0,11.0,17.0,1776886399.689
11.0,17.0,11.0,17.0,1776886399.703
11.0,17.0,11.0,17.0,1776886399.73
8.0,19.0,8.0,19.0,1776886399.743
28.0,35.0,28.0,35.0,1776886400.163
28.0,35.0,28.0,35.0,1776886400.19
28.0,35.0,28.0,35.0,1776886400.204
28.0,35.0,28.0,35.0,1776886400.229
28.0,35.0,28.0,35.0,1776886400.244
67.0,70.0,67.0,70.0,1776886400.663
67.0,70.0,67.0,70.0,1776886400.689
67.0,70.0,67.0,70.0,1776886400.704
67.0,70.0,67.0,70.0,1776886400.729
67.0,70.0,67.0,70.0,1776886400.743
105.0,105.0,105.0,105.0,1776886401.17
105.0,105.0,105.0,105.0,1776886401.183
105.0,105.0,105.0,105.0,1776886401.21
105.0,105.0,105.0,105.0,1776886401.223
105.0,105.0,105.0,105.0,1776886401.249
104.0,107.0,104.0,107.0,1776886401.663
104.0,107.0,104.0,107.0,1776886401.689
104.0,107.0,104.0,107.0,1776886401.703
94.0,97.0,94.0,97.0,1776886401.729
94.0,97.0,94.0,97.0,1776886401.743
-61.0,64.0,-61.0,64.0,1776886402.192
-61.0,64.0,-61.0,64.0,1776886402.204
-49.0,53.0,-49.0,53.0,1776886402.231
-49.0,53.0,-49.0,53.0,1776886402.243
-49.0,53.0,-49.0,53.0,1776886402.263
-18.0,20.0,-18.0,20.0,1776886402.663
-18.0,20.0,-18.0,20.0,1776886402.689
-18.0,20.0,-18.0,20.0,1776886402.704
-18.0,20.0,-18.0,20.0,1776886402.73
-10.0,10.0,-10.0,10.0,1776886402.743
-22.0,0.0,-22.0,0.0,1776886403.183
-22.0,0.0,-22.0,0.0,1776886403.209
-22.0,0.0,-22.0,0.0,1776886403.223
-22.0,0.0,-22.0,0.0,1776886403.249
-24.0,0.0,-24.0,0.0,1776886403.263
-52.0,23.0,-52.0,23.0,1776886404.183
-54.0,27.0,-54.0,27.0,1776886404.21
-54.0,27.0,-54.0,27.0,1776886404.223
-54.0,27.0,-54.0,27.0,1776886404.25
-54.0,27.0,-54.0,27.0,1776886404.263
-40.0,30.0,-40.0,30.0,1776886404.689
-40.0,30.0,-40.0,30.0,1776886404.703
-41.0,31.0,-41.0,31.0,1776886404.732
-41.0,31.0,-41.0,31.0,1776886404.743
-41.0,31.0,-41.0,31.0,1776886404.769
-13.0,12.0,-13.0,12.0,1776886405.689
-13.0,12.0,-13.0,12.0,1776886405.703
-13.0,12.0,-13.0,12.0,1776886405.729
-13.0,12.0,-13.0,12.0,1776886405.744
-13.0,12.0,-13.0,12.0,1776886405.77
2.0,7.0,2.0,7.0,1776886406.183
2.0,7.0,2.0,7.0,1776886406.209
2.0,7.0,2.0,7.0,1776886406.223
2.0,7.0,2.0,7.0,1776886406.249
2.0,7.0,2.0,7.0,1776886406.264
26.0,27.0,26.0,27.0,1776886406.684
36.0,35.0,36.0,35.0,1776886406.712
36.0,35.0,36.0,35.0,1776886406.723
36.0,35.0,36.0,35.0,1776886406.752
36.0,35.0,36.0,35.0,1776886406.764
49.0,-48.0,49.0,-48.0,1776886407.184
49.0,-48.0,49.0,-48.0,1776886407.223
49.0,-48.0,49.0,-48.0,1776886407.236
49.0,-48.0,49.0,-48.0,1776886407.247
49.0,-48.0,49.0,-48.0,1776886407.263
48.0,-46.0,48.0,-46.0,1776886407.69
48.0,-46.0,48.0,-46.0,1776886407.704
39.0,-39.0,39.0,-39.0,1776886407.729
39.0,-39.0,39.0,-39.0,1776886407.744
39.0,-39.0,39.0,-39.0,1776886407.77
13.0,-14.0,13.0,-14.0,1776886408.184
13.0,-14.0,13.0,-14.0,1776886408.21
13.0,-14.0,13.0,-14.0,1776886408.224
13.0,-14.0,13.0,-14.0,1776886408.251
1.0,-1.0,1.0,-1.0,1776886408.264
0.0,-1.0,0.0,-1.0,1776886408.691
0.0,-1.0,0.0,-1.0,1776886408.704
0.0,-1.0,0.0,-1.0,1776886408.729
0.0,-1.0,0.0,-1.0,1776886408.744
0.0,-1.0,0.0,-1.0,1776886408.769
0.0,-1.0,0.0,-1.0,1776886409.204
0.0,-1.0,0.0,-1.0,1776886409.232
-1.0,-5.0,-1.0,-5.0,1776886409.244
-1.0,-5.0,-1.0,-5.0,1776886409.269
-1.0,-5.0,-1.0,-5.0,1776886409.284
-25.0,-29.0,-25.0,-29.0,1776886409.704
-25.0,-29.0,-25.0,-29.0,1776886409.729
-32.0,-37.0,-32.0,-37.0,1776886409.744
-32.0,-37.0,-32.0,-37.0,1776886409.77
-32.0,-37.0,-32.0,-37.0,1776886409.784
-66.0,-68.0,-66.0,-68.0,1776886410.184
-66.0,-68.0,-66.0,-68.0,1776886410.209
-66.0,-68.0,-66.0,-68.0,1776886410.224
-66.0,-68.0,-66.0,-68.0,1776886410.251
-66.0,-68.0,-66.0,-68.0,1776886410.264
-98.0,-98.0,-98.0,-98.0,1776886410.704
-98.0,-98.0,-98.0,-98.0,1776886410.73
-98.0,-98.0,-98.0,-98.0,1776886410.744
-98.0,-98.0,-98.0,-98.0,1776886410.769
-98.0,-98.0,-98.0,-98.0,1776886410.784
-61.0,-61.0,-61.0,-61.0,1776886411.21
-61.0,-61.0,-61.0,-61.0,1776886411.224
-61.0,-61.0,-61.0,-61.0,1776886411.25
-61.0,-61.0,-61.0,-61.0,1776886411.264
-61.0,-61.0,-61.0,-61.0,1776886411.289
30.0,-30.0,30.0,-30.0,1776886411.704
26.0,-19.0,26.0,-19.0,1776886411.729
26.0,-19.0,26.0,-19.0,1776886411.744
26.0,-19.0,26.0,-19.0,1776886411.771
26.0,-19.0,26.0,-19.0,1776886411.784
16.0,0.0,16.0,0.0,1776886412.208
16.0,0.0,16.0,0.0,1776886412.224
16.0,0.0,16.0,0.0,1776886412.249
16.0,0.0,16.0,0.0,1776886412.264
16.0,0.0,16.0,0.0,1776886412.289
16.0,0.0,16.0,0.0,1776886412.704
16.0,0.0,16.0,0.0,1776886412.731
16.0,0.0,16.0,0.0,1776886412.744
16.0,0.0,16.0,0.0,1776886412.769
16.0,0.0,16.0,0.0,1776886412.784
13.0,0.0,13.0,0.0,1776886413.21
13.0,0.0,13.0,0.0,1776886413.224
13.0,0.0,13.0,0.0,1776886413.25
13.0,0.0,13.0,0.0,1776886413.264
13.0,0.0,13.0,0.0,1776886413.29
0.0,-1.0,0.0,-1.0,1776886413.704
0.0,-1.0,0.0,-1.0,1776886413.73
0.0,-1.0,0.0,-1.0,1776886413.744
0.0,-1.0,0.0,-1.0,1776886413.769
0.0,-1.0,0.0,-1.0,1776886413.784
0.0,-1.0,0.0,-1.0,1776886414.224
0.0,-1.0,0.0,-1.0,1776886414.249
0.0,-1.0,0.0,-1.0,1776886414.264
0.0,-1.0,0.0,-1.0,1776886414.296
0.0,-1.0,0.0,-1.0,1776886414.307
0.0,0.0,0.0,0.0,1776886414.73
0.0,0.0,0.0,0.0,1776886414.744
0.0,0.0,0.0,0.0,1776886414.77
0.0,0.0,0.0,0.0,1776886414.784
12.0,0.0,12.0,0.0,1776886414.81
17.0,-6.0,17.0,-6.0,1776886415.224
17.0,-6.0,17.0,-6.0,1776886415.25
17.0,-6.0,17.0,-6.0,1776886415.264
17.0,-6.0,17.0,-6.0,1776886415.284
17.0,-6.0,17.0,-6.0,1776886415.31
25.0,26.0,25.0,26.0,1776886415.731
25.0,26.0,25.0,26.0,1776886415.744
25.0,26.0,25.0,26.0,1776886415.769
25.0,26.0,25.0,26.0,1776886415.784
25.0,26.0,25.0,26.0,1776886415.81
42.0,77.0,42.0,77.0,1776886416.232
42.0,77.0,42.0,77.0,1776886416.244
42.0,77.0,42.0,77.0,1776886416.271
42.0,77.0,42.0,77.0,1776886416.287
42.0,77.0,42.0,77.0,1776886416.304
39.0,73.0,39.0,73.0,1776886416.73
39.0,73.0,39.0,73.0,1776886416.744
39.0,73.0,39.0,73.0,1776886416.769
39.0,73.0,39.0,73.0,1776886416.784
39.0,69.0,39.0,69.0,1776886416.809
23.0,-42.0,23.0,-42.0,1776886417.224
23.0,-42.0,23.0,-42.0,1776886417.249
17.0,-30.0,17.0,-30.0,1776886417.265
17.0,-30.0,17.0,-30.0,1776886417.29
17.0,-30.0,17.0,-30.0,1776886417.304
3.0,-12.0,3.0,-12.0,1776886417.729
3.0,-12.0,3.0,-12.0,1776886417.744
3.0,-12.0,3.0,-12.0,1776886417.764
3.0,-12.0,3.0,-12.0,1776886417.79
3.0,-12.0,3.0,-12.0,1776886417.805
4.0,-41.0,4.0,-41.0,1776886418.224
4.0,-41.0,4.0,-41.0,1776886418.25
4.0,-41.0,4.0,-41.0,1776886418.264
4.0,-41.0,4.0,-41.0,1776886418.29
4.0,-41.0,4.0,-41.0,1776886418.305
4.0,-43.0,4.0,-43.0,1776886418.744
4.0,-43.0,4.0,-43.0,1776886418.77
4.0,-41.0,4.0,-41.0,1776886418.784
4.0,-41.0,4.0,-41.0,1776886418.812
4.0,-41.0,4.0,-41.0,1776886418.824
6.0,-43.0,6.0,-43.0,1776886419.224
6.0,-43.0,6.0,-43.0,1776886419.25
6.0,-43.0,6.0,-43.0,1776886419.264
8.0,-45.0,8.0,-45.0,1776886419.29
8.0,-45.0,8.0,-45.0,1776886419.304
17.0,-20.0,17.0,-20.0,1776886419.73
17.0,-20.0,17.0,-20.0,1776886419.744
17.0,-20.0,17.0,-20.0,1776886419.764
17.0,-20.0,17.0,-20.0,1776886419.792
17.0,-20.0,17.0,-20.0,1776886419.806
21.0,-23.0,21.0,-23.0,1776886420.224
21.0,-23.0,21.0,-23.0,1776886420.25
21.0,-23.0,21.0,-23.0,1776886420.264
21.0,-23.0,21.0,-23.0,1776886420.29
21.0,-23.0,21.0,-23.0,1776886420.304
12.0,-12.0,12.0,-12.0,1776886420.752
12.0,-12.0,12.0,-12.0,1776886420.766
12.0,-12.0,12.0,-12.0,1776886420.787
12.0,-12.0,12.0,-12.0,1776886420.804
12.0,-12.0,12.0,-12.0,1776886420.83
0.0,0.0,0.0,0.0,1776886421.25
0.0,0.0,0.0,0.0,1776886421.264
0.0,0.0,0.0,0.0,1776886421.289
0.0,0.0,0.0,0.0,1776886421.304
0.0,0.0,0.0,0.0,1776886421.33
0.0,0.0,0.0,0.0,1776886421.752
0.0,0.0,0.0,0.0,1776886421.764
0.0,0.0,0.0,0.0,1776886421.792
0.0,0.0,0.0,0.0,1776886421.808
0.0,0.0,0.0,0.0,1776886421.824
0.0,0.0,0.0,0.0,1776886422.25
0.0,0.0,0.0,0.0,1776886422.264
0.0,0.0,0.0,0.0,1776886422.29
0.0,0.0,0.0,0.0,1776886422.304
0.0,0.0,0.0,0.0,1776886422.33
1.0,0.0,1.0,0.0,1776886422.751
1.0,0.0,1.0,0.0,1776886422.77
1.0,0.0,1.0,0.0,1776886422.784
1.0,0.0,1.0,0.0,1776886422.811
1.0,0.0,1.0,0.0,1776886422.824
8.0,-5.0,8.0,-5.0,1776886423.25
10.0,-11.0,10.0,-11.0,1776886423.264
10.0,-11.0,10.0,-11.0,1776886423.292
10.0,-11.0,10.0,-11.0,1776886423.306
10.0,-11.0,10.0,-11.0,1776886423.332
18.0,-13.0,18.0,-13.0,1776886423.775
18.0,-13.0,18.0,-13.0,1776886423.785
22.0,-13.0,22.0,-13.0,1776886423.811
22.0,-13.0,22.0,-13.0,1776886423.828
22.0,-13.0,22.0,-13.0,1776886423.844
33.0,-18.0,33.0,-18.0,1776886424.27
33.0,-18.0,33.0,-18.0,1776886424.284
33.0,-16.0,33.0,-16.0,1776886424.304
33.0,-16.0,33.0,-16.0,1776886424.33
33.0,-16.0,33.0,-16.0,1776886424.344
46.0,-9.0,46.0,-9.0,1776886424.77
46.0,-9.0,46.0,-9.0,1776886424.784
46.0,-9.0,46.0,-9.0,1776886424.823
46.0,-9.0,46.0,-9.0,1776886424.834
44.0,-9.0,44.0,-9.0,1776886424.845
25.0,-4.0,25.0,-4.0,1776886425.264
25.0,-4.0,25.0,-4.0,1776886425.29
25.0,-4.0,25.0,-4.0,1776886425.304
25.0,-4.0,25.0,-4.0,1776886425.33
25.0,-4.0,25.0,-4.0,1776886425.345
24.0,0.0,24.0,0.0,1776886425.764
24.0,0.0,24.0,0.0,1776886425.79
24.0,0.0,24.0,0.0,1776886425.806
24.0,0.0,24.0,0.0,1776886425.824
24.0,0.0,24.0,0.0,1776886425.844
0.0,0.0,0.0,0.0,1776886426.273
0.0,0.0,0.0,0.0,1776886426.292
0.0,0.0,0.0,0.0,1776886426.304
2.0,0.0,2.0,0.0,1776886426.33
2.0,0.0,2.0,0.0,1776886426.344
2.0,0.0,2.0,0.0,1776886426.766
2.0,0.0,2.0,0.0,1776886426.792
2.0,0.0,2.0,0.0,1776886426.804
2.0,0.0,2.0,0.0,1776886426.832
2.0,0.0,2.0,0.0,1776886426.846
2.0,0.0,2.0,0.0,1776886427.264
2.0,0.0,2.0,0.0,1776886427.29
2.0,0.0,2.0,0.0,1776886427.304
2.0,0.0,2.0,0.0,1776886427.33
2.0,0.0,2.0,0.0,1776886427.344
0.0,0.0,0.0,0.0,1776886427.765
0.0,0.0,0.0,0.0,1776886427.791
0.0,0.0,0.0,0.0,1776886427.805
0.0,0.0,0.0,0.0,1776886427.832
0.0,0.0,0.0,0.0,1776886427.844
7.0,9.0,7.0,9.0,1776886428.264
7.0,9.0,7.0,9.0,1776886428.291
7.0,9.0,7.0,9.0,1776886428.304
7.0,9.0,7.0,9.0,1776886428.326
7.0,9.0,7.0,9.0,1776886428.352
46.0,46.0,46.0,46.0,1776886428.766
46.0,46.0,46.0,46.0,1776886428.786
46.0,46.0,46.0,46.0,1776886428.812
46.0,46.0,46.0,46.0,1776886428.824
46.0,46.0,46.0,46.0,1776886428.85
81.0,80.0,81.0,80.0,1776886429.264
81.0,79.0,81.0,79.0,1776886429.29
81.0,79.0,81.0,79.0,1776886429.304
81.0,79.0,81.0,79.0,1776886429.33
81.0,79.0,81.0,79.0,1776886429.344
65.0,-62.0,65.0,-62.0,1776886429.77
65.0,-62.0,65.0,-62.0,1776886429.784
65.0,-62.0,65.0,-62.0,1776886429.81
65.0,-62.0,65.0,-62.0,1776886429.824
65.0,-62.0,65.0,-62.0,1776886429.85
32.0,-24.0,32.0,-24.0,1776886430.268
32.0,-24.0,32.0,-24.0,1776886430.286
32.0,-24.0,32.0,-24.0,1776886430.312
32.0,-24.0,32.0,-24.0,1776886430.324
32.0,-24.0,32.0,-24.0,1776886430.352
10.0,-1.0,10.0,-1.0,1776886430.784
10.0,-1.0,10.0,-1.0,1776886430.81
10.0,-1.0,10.0,-1.0,1776886430.824
10.0,-1.0,10.0,-1.0,1776886430.85
13.0,-6.0,13.0,-6.0,1776886430.864
21.0,-10.0,21.0,-10.0,1776886431.27
21.0,-10.0,21.0,-10.0,1776886431.286
21.0,-10.0,21.0,-10.0,1776886431.311
21.0,-10.0,21.0,-10.0,1776886431.326
21.0,-10.0,21.0,-10.0,1776886431.346
22.0,-21.0,22.0,-21.0,1776886431.784
22.0,-21.0,22.0,-21.0,1776886431.81
22.0,-21.0,22.0,-21.0,1776886431.824
22.0,-21.0,22.0,-21.0,1776886431.851
22.0,-21.0,22.0,-21.0,1776886431.864
16.0,-18.0,16.0,-18.0,1776886432.291
16.0,-18.0,16.0,-18.0,1776886432.304
15.0,-15.0,15.0,-15.0,1776886432.331
15.0,-15.0,15.0,-15.0,1776886432.344
15.0,-15.0,15.0,-15.0,1776886432.373
6.0,14.0,6.0,14.0,1776886432.792
6.0,14.0,6.0,14.0,1776886432.804
6.0,14.0,6.0,14.0,1776886432.824
6.0,14.0,6.0,14.0,1776886432.85
7.0,13.0,7.0,13.0,1776886432.864
25.0,25.0,25.0,25.0,1776886433.284
25.0,25.0,25.0,25.0,1776886433.304
25.0,25.0,25.0,25.0,1776886433.33
34.0,35.0,34.0,35.0,1776886433.344
34.0,35.0,34.0,35.0,1776886433.37
66.0,66.0,66.0,66.0,1776886433.784
66.0,66.0,66.0,66.0,1776886433.81
66.0,66.0,66.0,66.0,1776886433.824
78.0,76.0,78.0,76.0,1776886433.853
78.0,76.0,78.0,76.0,1776886433.864
95.0,89.0,95.0,89.0,1776886434.291
95.0,89.0,95.0,89.0,1776886434.304
95.0,89.0,95.0,89.0,1776886434.33
95.0,89.0,95.0,89.0,1776886434.344
95.0,89.0,95.0,89.0,1776886434.373
58.0,52.0,58.0,52.0,1776886434.784
58.0,52.0,58.0,52.0,1776886434.81
58.0,52.0,58.0,52.0,1776886434.824
58.0,52.0,58.0,52.0,1776886434.85
58.0,52.0,58.0,52.0,1776886434.864
14.0,10.0,14.0,10.0,1776886435.304
14.0,10.0,14.0,10.0,1776886435.33
14.0,10.0,14.0,10.0,1776886435.344
14.0,10.0,14.0,10.0,1776886435.37
14.0,10.0,14.0,10.0,1776886435.384
0.0,0.0,0.0,0.0,1776886435.784
0.0,0.0,0.0,0.0,1776886435.81
0.0,0.0,0.0,0.0,1776886435.824
0.0,0.0,0.0,0.0,1776886435.85
0.0,0.0,0.0,0.0,1776886435.864
20.0,18.0,20.0,18.0,1776886436.305
31.0,28.0,31.0,28.0,1776886436.332
31.0,28.0,31.0,28.0,1776886436.344
31.0,28.0,31.0,28.0,1776886436.37
31.0,28.0,31.0,28.0,1776886436.384
37.0,34.0,37.0,34.0,1776886436.81
37.0,34.0,37.0,34.0,1776886436.824
37.0,34.0,37.0,34.0,1776886436.853
37.0,34.0,37.0,34.0,1776886436.864
37.0,34.0,37.0,34.0,1776886436.89
36.0,34.0,36.0,34.0,1776886437.304
36.0,34.0,36.0,34.0,1776886437.331
36.0,34.0,36.0,34.0,1776886437.344
27.0,26.0,27.0,26.0,1776886437.37
27.0,26.0,27.0,26.0,1776886437.384
0.0,0.0,0.0,0.0,1776886437.805
0.0,0.0,0.0,0.0,1776886437.831
0.0,0.0,0.0,0.0,1776886437.844
0.0,0.0,0.0,0.0,1776886437.864
0.0,0.0,0.0,0.0,1776886437.892
-1.0,1.0,-1.0,1.0,1776886438.304
-1.0,1.0,-1.0,1.0,1776886438.331
-1.0,1.0,-1.0,1.0,1776886438.344
-1.0,1.0,-1.0,1.0,1776886438.37
-1.0,1.0,-1.0,1.0,1776886438.384
-10.0,10.0,-10.0,10.0,1776886438.81
-10.0,10.0,-10.0,10.0,1776886438.824
-10.0,10.0,-10.0,10.0,1776886438.85
-10.0,10.0,-10.0,10.0,1776886438.866
-10.0,10.0,-10.0,10.0,1776886438.884
-21.0,19.0,-21.0,19.0,1776886439.313
-21.0,19.0,-21.0,19.0,1776886439.324
-21.0,19.0,-21.0,19.0,1776886439.351
-21.0,19.0,-21.0,19.0,1776886439.364
-21.0,19.0,-21.0,19.0,1776886439.391
-16.0,17.0,-16.0,17.0,1776886439.81
-16.0,17.0,-16.0,17.0,1776886439.824
-16.0,17.0,-16.0,17.0,1776886439.85
-16.0,17.0,-16.0,17.0,1776886439.864
-16.0,17.0,-16.0,17.0,1776886439.891
16.0,12.0,16.0,12.0,1776886440.304
16.0,12.0,16.0,12.0,1776886440.33
16.0,12.0,16.0,12.0,1776886440.344
16.0,12.0,16.0,12.0,1776886440.37
16.0,12.0,16.0,12.0,1776886440.384
19.0,14.0,19.0,14.0,1776886440.804
19.0,14.0,19.0,14.0,1776886440.831
19.0,14.0,19.0,14.0,1776886440.846
19.0,14.0,19.0,14.0,1776886440.872
19.0,14.0,19.0,14.0,1776886440.884
45.0,42.0,45.0,42.0,1776886441.304
54.0,55.0,54.0,55.0,1776886441.334
54.0,55.0,54.0,55.0,1776886441.345
54.0,55.0,54.0,55.0,1776886441.37
54.0,55.0,54.0,55.0,1776886441.384
76.0,78.0,76.0,78.0,1776886441.824
76.0,78.0,76.0,78.0,1776886441.852
76.0,78.0,76.0,78.0,1776886441.864
76.0,78.0,76.0,78.0,1776886441.891
76.0,78.0,76.0,78.0,1776886441.905
52.0,54.0,52.0,54.0,1776886442.324
52.0,54.0,52.0,54.0,1776886442.353
52.0,54.0,52.0,54.0,1776886442.365
52.0,54.0,52.0,54.0,1776886442.391
52.0,54.0,52.0,54.0,1776886442.404
22.0,22.0,22.0,22.0,1776886442.824
22.0,22.0,22.0,22.0,1776886442.85
9.0,10.0,9.0,10.0,1776886442.864
9.0,10.0,9.0,10.0,1776886442.89
9.0,10.0,9.0,10.0,1776886442.904
4.0,6.0,4.0,6.0,1776886443.33
4.0,6.0,4.0,6.0,1776886443.344
4.0,6.0,4.0,6.0,1776886443.371
12.0,15.0,12.0,15.0,1776886443.388
12.0,15.0,12.0,15.0,1776886443.406
42.0,49.0,42.0,49.0,1776886443.832
42.0,49.0,42.0,49.0,1776886443.844
42.0,49.0,42.0,49.0,1776886443.871
42.0,49.0,42.0,49.0,1776886443.887
42.0,49.0,42.0,49.0,1776886443.913
53.0,61.0,53.0,61.0,1776886444.324
53.0,61.0,53.0,61.0,1776886444.351
53.0,61.0,53.0,61.0,1776886444.367
53.0,61.0,53.0,61.0,1776886444.393
53.0,61.0,53.0,61.0,1776886444.404
33.0,36.0,33.0,36.0,1776886444.824
33.0,36.0,33.0,36.0,1776886444.85
33.0,36.0,33.0,36.0,1776886444.864
33.0,36.0,33.0,36.0,1776886444.891
33.0,36.0,33.0,36.0,1776886444.904
0.0,0.0,0.0,0.0,1776886445.33
0.0,0.0,0.0,0.0,1776886445.344
0.0,0.0,0.0,0.0,1776886445.372
0.0,0.0,0.0,0.0,1776886445.384
0.0,0.0,0.0,0.0,1776886445.41
3.0,-36.0,3.0,-36.0,1776886445.824
3.0,-36.0,3.0,-36.0,1776886445.85
3.0,-36.0,3.0,-36.0,1776886445.864
3.0,-36.0,3.0,-36.0,1776886445.89
3.0,-36.0,3.0,-36.0,1776886445.904
3.0,36.0,3.0,36.0,1776886446.344
3.0,36.0,3.0,36.0,1776886446.371
3.0,36.0,3.0,36.0,1776886446.384
3.0,36.0,3.0,36.0,1776886446.41
3.0,36.0,3.0,36.0,1776886446.424
13.0,52.0,13.0,52.0,1776886446.85
13.0,52.0,13.0,52.0,1776886446.866
22.0,62.0,22.0,62.0,1776886446.884
22.0,62.0,22.0,62.0,1776886446.91
22.0,62.0,22.0,62.0,1776886446.925
47.0,57.0,47.0,57.0,1776886447.345
47.0,57.0,47.0,57.0,1776886447.37
57.0,67.0,57.0,67.0,1776886447.384
57.0,67.0,57.0,67.0,1776886447.41
57.0,67.0,57.0,67.0,1776886447.424
60.0,-69.0,60.0,-69.0,1776886447.824
60.0,-69.0,60.0,-69.0,1776886447.85
60.0,-69.0,60.0,-69.0,1776886447.865
60.0,-69.0,60.0,-69.0,1776886447.891
60.0,-69.0,60.0,-69.0,1776886447.905
36.0,-34.0,36.0,-34.0,1776886448.345
36.0,-34.0,36.0,-34.0,1776886448.37
36.0,-34.0,36.0,-34.0,1776886448.385
36.0,-34.0,36.0,-34.0,1776886448.411
27.0,-23.0,27.0,-23.0,1776886448.425
12.0,-7.0,12.0,-7.0,1776886448.85
12.0,-7.0,12.0,-7.0,1776886448.866
12.0,-7.0,12.0,-7.0,1776886448.885
12.0,-7.0,12.0,-7.0,1776886448.91
12.0,-4.0,12.0,-4.0,1776886448.926
15.0,-7.0,15.0,-7.0,1776886449.344
15.0,-7.0,15.0,-7.0,1776886449.37
15.0,-7.0,15.0,-7.0,1776886449.385
15.0,-7.0,15.0,-7.0,1776886449.41
15.0,-7.0,15.0,-7.0,1776886449.426
24.0,-15.0,24.0,-15.0,1776886449.852
25.0,-42.0,25.0,-42.0,1776886449.864
25.0,-42.0,25.0,-42.0,1776886449.89
25.0,-42.0,25.0,-42.0,1776886449.905
25.0,-42.0,25.0,-42.0,1776886449.931
18.0,-39.0,18.0,-39.0,1776886450.345
18.0,-39.0,18.0,-39.0,1776886450.37
18.0,-39.0,18.0,-39.0,1776886450.385
18.0,-39.0,18.0,-39.0,1776886450.411
18.0,-39.0,18.0,-39.0,1776886450.425
11.0,36.0,11.0,36.0,1776886450.846
11.0,36.0,11.0,36.0,1776886450.872
11.0,36.0,11.0,36.0,1776886450.885
7.0,33.0,7.0,33.0,1776886450.913
7.0,33.0,7.0,33.0,1776886450.926
9.0,10.0,9.0,10.0,1776886451.345
9.0,10.0,9.0,10.0,1776886451.365
9.0,10.0,9.0,10.0,1776886451.392
9.0,10.0,9.0,10.0,1776886451.405
9.0,10.0,9.0,10.0,1776886451.431
48.0,49.0,48.0,49.0,1776886451.845
48.0,49.0,48.0,49.0,1776886451.871
48.0,49.0,48.0,49.0,1776886451.887
48.0,49.0,48.0,49.0,1776886451.913
48.0,49.0,48.0,49.0,1776886451.925
51.0,-49.0,51.0,-49.0,1776886452.345
51.0,-49.0,51.0,-49.0,1776886452.37
51.0,-49.0,51.0,-49.0,1776886452.385
51.0,-49.0,51.0,-49.0,1776886452.413
51.0,-49.0,51.0,-49.0,1776886452.425
40.0,-30.0,40.0,-30.0,1776886452.846
40.0,-30.0,40.0,-30.0,1776886452.872
31.0,-20.0,31.0,-20.0,1776886452.885
31.0,-20.0,31.0,-20.0,1776886452.91
31.0,-20.0,31.0,-20.0,1776886452.926
11.0,-8.0,11.0,-8.0,1776886453.351
11.0,-8.0,11.0,-8.0,1776886453.365
18.0,-12.0,18.0,-12.0,1776886453.393
18.0,-12.0,18.0,-12.0,1776886453.406
18.0,-12.0,18.0,-12.0,1776886453.425
19.0,-17.0,19.0,-17.0,1776886453.865
19.0,-17.0,19.0,-17.0,1776886453.891
19.0,-17.0,19.0,-17.0,1776886453.905
19.0,-18.0,19.0,-18.0,1776886453.93
19.0,-18.0,19.0,-18.0,1776886453.945
15.0,-19.0,15.0,-19.0,1776886454.366
15.0,-19.0,15.0,-19.0,1776886454.385
15.0,-19.0,15.0,-19.0,1776886454.411
15.0,-19.0,15.0,-19.0,1776886454.425
15.0,-16.0,15.0,-16.0,1776886454.452
8.0,18.0,8.0,18.0,1776886454.865
8.0,18.0,8.0,18.0,1776886454.89
8.0,18.0,8.0,18.0,1776886454.905
8.0,18.0,8.0,18.0,1776886454.931
8.0,18.0,8.0,18.0,1776886454.945
27.0,34.0,27.0,34.0,1776886455.371
27.0,34.0,27.0,34.0,1776886455.385
27.0,34.0,27.0,34.0,1776886455.411
34.0,41.0,34.0,41.0,1776886455.425
34.0,41.0,34.0,41.0,1776886455.451
65.0,73.0,65.0,73.0,1776886455.867
65.0,73.0,65.0,73.0,1776886455.892
65.0,73.0,65.0,73.0,1776886455.905
65.0,73.0,65.0,73.0,1776886455.933
75.0,81.0,75.0,81.0,1776886455.945
-75.0,71.0,-75.0,71.0,1776886456.366
-75.0,71.0,-75.0,71.0,1776886456.392
-75.0,71.0,-75.0,71.0,1776886456.405
-75.0,71.0,-75.0,71.0,1776886456.432
-66.0,61.0,-66.0,61.0,1776886456.449
-47.0,42.0,-47.0,42.0,1776886456.873
-37.0,32.0,-37.0,32.0,1776886456.886
-37.0,32.0,-37.0,32.0,1776886456.905
-37.0,32.0,-37.0,32.0,1776886456.931
-37.0,32.0,-37.0,32.0,1776886456.945
-13.0,2.0,-13.0,2.0,1776886457.37
-13.0,2.0,-13.0,2.0,1776886457.385
-16.0,2.0,-16.0,2.0,1776886457.41
-16.0,2.0,-16.0,2.0,1776886457.425
-16.0,2.0,-16.0,2.0,1776886457.457
17.0,3.0,17.0,3.0,1776886457.874
17.0,3.0,17.0,3.0,1776886457.886
17.0,3.0,17.0,3.0,1776886457.907
17.0,3.0,17.0,3.0,1776886457.926
17.0,3.0,17.0,3.0,1776886457.952
25.0,10.0,25.0,10.0,1776886458.385
25.0,10.0,25.0,10.0,1776886458.413
30.0,19.0,30.0,19.0,1776886458.425
30.0,19.0,30.0,19.0,1776886458.451
30.0,19.0,30.0,19.0,1776886458.465
51.0,48.0,51.0,48.0,1776886458.865
51.0,48.0,51.0,48.0,1776886458.891
51.0,48.0,51.0,48.0,1776886458.905
51.0,48.0,51.0,48.0,1776886458.933
51.0,48.0,51.0,48.0,1776886458.945
91.0,94.0,91.0,94.0,1776886459.378
91.0,94.0,91.0,94.0,1776886459.388
91.0,94.0,91.0,94.0,1776886459.406
91.0,94.0,91.0,94.0,1776886459.432
91.0,94.0,91.0,94.0,1776886459.445
109.0,112.0,109.0,112.0,1776886459.886
109.0,112.0,109.0,112.0,1776886459.912
109.0,112.0,109.0,112.0,1776886459.925
109.0,112.0,109.0,112.0,1776886459.945
109.0,112.0,109.0,112.0,1776886459.971
90.0,-94.0,90.0,-94.0,1776886460.393
90.0,-94.0,90.0,-94.0,1776886460.405
90.0,-94.0,90.0,-94.0,1776886460.431
78.0,-83.0,78.0,-83.0,1776886460.445
78.0,-83.0,78.0,-83.0,1776886460.471
45.0,-47.0,45.0,-47.0,1776886460.891
45.0,-47.0,45.0,-47.0,1776886460.905
45.0,-47.0,45.0,-47.0,1776886460.931
45.0,-47.0,45.0,-47.0,1776886460.945
35.0,-36.0,35.0,-36.0,1776886460.965
9.0,-4.0,9.0,-4.0,1776886461.392
9.0,-4.0,9.0,-4.0,1776886461.406
9.0,-4.0,9.0,-4.0,1776886461.432
9.0,-4.0,9.0,-4.0,1776886461.445
9.0,-4.0,9.0,-4.0,1776886461.471
15.0,-10.0,15.0,-10.0,1776886461.886
15.0,-10.0,15.0,-10.0,1776886461.912
15.0,-10.0,15.0,-10.0,1776886461.925
15.0,-10.0,15.0,-10.0,1776886461.952
15.0,-10.0,15.0,-10.0,1776886461.966
20.0,-15.0,20.0,-15.0,1776886462.386
20.0,-15.0,20.0,-15.0,1776886462.411
20.0,-15.0,20.0,-15.0,1776886462.425
20.0,-15.0,20.0,-15.0,1776886462.451
20.0,-15.0,20.0,-15.0,1776886462.465
13.0,13.0,13.0,13.0,1776886462.885
13.0,13.0,13.0,13.0,1776886462.914
13.0,13.0,13.0,13.0,1776886462.928
13.0,13.0,13.0,13.0,1776886462.945
13.0,13.0,13.0,13.0,1776886462.965
16.0,16.0,16.0,16.0,1776886463.391
16.0,16.0,16.0,16.0,1776886463.408
16.0,16.0,16.0,16.0,1776886463.425
16.0,16.0,16.0,16.0,1776886463.451
16.0,16.0,16.0,16.0,1776886463.465
42.0,51.0,42.0,51.0,1776886463.913
42.0,51.0,42.0,51.0,1776886463.925
42.0,51.0,42.0,51.0,1776886463.951
42.0,51.0,42.0,51.0,1776886463.966
42.0,51.0,42.0,51.0,1776886463.986
75.0,82.0,75.0,82.0,1776886464.385
75.0,82.0,75.0,82.0,1776886464.412
75.0,82.0,75.0,82.0,1776886464.425
75.0,82.0,75.0,82.0,1776886464.456
75.0,82.0,75.0,82.0,1776886464.466
58.0,60.0,58.0,60.0,1776886464.913
58.0,60.0,58.0,60.0,1776886464.926
58.0,60.0,58.0,60.0,1776886464.952
58.0,60.0,58.0,60.0,1776886464.965
58.0,60.0,58.0,60.0,1776886464.985
24.0,21.0,24.0,21.0,1776886465.411
24.0,21.0,24.0,21.0,1776886465.425
24.0,21.0,24.0,21.0,1776886465.445
24.0,21.0,24.0,21.0,1776886465.474
-14.0,12.0,-14.0,12.0,1776886465.487
-10.0,4.0,-10.0,4.0,1776886465.913
-10.0,4.0,-10.0,4.0,1776886465.925
-10.0,4.0,-10.0,4.0,1776886465.951
-10.0,4.0,-10.0,4.0,1776886465.968
-10.0,4.0,-10.0,4.0,1776886465.985
-17.0,9.0,-17.0,9.0,1776886466.411
-17.0,9.0,-17.0,9.0,1776886466.425
-17.0,9.0,-17.0,9.0,1776886466.451
-17.0,9.0,-17.0,9.0,1776886466.465
-17.0,9.0,-17.0,9.0,1776886466.492
-17.0,13.0,-17.0,13.0,1776886466.905
-17.0,13.0,-17.0,13.0,1776886466.931
-10.0,13.0,-10.0,13.0,1776886466.945
-10.0,13.0,-10.0,13.0,1776886466.971
-10.0,13.0,-10.0,13.0,1776886466.985
4.0,10.0,4.0,10.0,1776886467.412
4.0,10.0,4.0,10.0,1776886467.425
4.0,10.0,4.0,10.0,1776886467.445
2.0,6.0,2.0,6.0,1776886467.471
2.0,6.0,2.0,6.0,1776886467.486
21.0,25.0,21.0,25.0,1776886467.905
21.0,25.0,21.0,25.0,1776886467.931
21.0,25.0,21.0,25.0,1776886467.945
31.0,30.0,31.0,30.0,1776886467.971
31.0,30.0,31.0,30.0,1776886467.985
63.0,60.0,63.0,60.0,1776886468.412
63.0,60.0,63.0,60.0,1776886468.425
63.0,60.0,63.0,60.0,1776886468.451
63.0,58.0,63.0,58.0,1776886468.466
63.0,58.0,63.0,58.0,1776886468.492
-70.0,54.0,-70.0,54.0,1776886468.905
-70.0,54.0,-70.0,54.0,1776886468.931
-70.0,54.0,-70.0,54.0,1776886468.945
-70.0,54.0,-70.0,54.0,1776886468.974
-70.0,54.0,-70.0,54.0,1776886468.985
-40.0,20.0,-40.0,20.0,1776886469.425
-40.0,20.0,-40.0,20.0,1776886469.452
-40.0,20.0,-40.0,20.0,1776886469.465
-40.0,20.0,-40.0,20.0,1776886469.49
-40.0,20.0,-40.0,20.0,1776886469.505
-9.0,14.0,-9.0,14.0,1776886469.927
-9.0,14.0,-9.0,14.0,1776886469.953
-9.0,14.0,-9.0,14.0,1776886469.966
-9.0,14.0,-9.0,14.0,1776886469.992
-9.0,14.0,-9.0,14.0,1776886470.005
-20.0,39.0,-20.0,39.0,1776886470.405
20.0,39.0,20.0,39.0,1776886470.431
20.0,39.0,20.0,39.0,1776886470.448
20.0,39.0,20.0,39.0,1776886470.465
20.0,39.0,20.0,39.0,1776886470.485
19.0,36.0,19.0,36.0,1776886470.928
19.0,36.0,19.0,36.0,1776886470.954
19.0,36.0,19.0,36.0,1776886470.965
19.0,36.0,19.0,36.0,1776886470.991
19.0,36.0,19.0,36.0,1776886471.006
66.0,-63.0,66.0,-63.0,1776886471.933
66.0,-63.0,66.0,-63.0,1776886471.945
66.0,-63.0,66.0,-63.0,1776886471.971
66.0,-63.0,66.0,-63.0,1776886471.985
70.0,-65.0,70.0,-65.0,1776886472.014
68.0,-64.0,68.0,-64.0,1776886472.436
62.0,-58.0,62.0,-58.0,1776886472.447
62.0,-58.0,62.0,-58.0,1776886472.473
62.0,-58.0,62.0,-58.0,1776886472.485
62.0,-58.0,62.0,-58.0,1776886472.512
39.0,-37.0,39.0,-37.0,1776886472.945
39.0,-37.0,39.0,-37.0,1776886472.971
39.0,-37.0,39.0,-37.0,1776886472.985
39.0,-37.0,39.0,-37.0,1776886473.012
31.0,-28.0,31.0,-28.0,1776886473.025
29.0,-21.0,29.0,-21.0,1776886473.446
29.0,-21.0,29.0,-21.0,1776886473.472
29.0,-21.0,29.0,-21.0,1776886473.486
29.0,-21.0,29.0,-21.0,1776886473.512
29.0,-21.0,29.0,-21.0,1776886473.525
50.0,-15.0,50.0,-15.0,1776886473.945
50.0,-15.0,50.0,-15.0,1776886473.972
50.0,-15.0,50.0,-15.0,1776886473.985
48.0,-12.0,48.0,-12.0,1776886474.014
48.0,-12.0,48.0,-12.0,1776886474.025
40.0,-5.0,40.0,-5.0,1776886474.449
40.0,-5.0,40.0,-5.0,1776886474.465
40.0,-5.0,40.0,-5.0,1776886474.495
40.0,-5.0,40.0,-5.0,1776886474.505
40.0,-5.0,40.0,-5.0,1776886474.531
27.0,-1.0,27.0,-1.0,1776886474.945
27.0,-1.0,27.0,-1.0,1776886474.979
19.0,-3.0,19.0,-3.0,1776886474.998
19.0,-3.0,19.0,-3.0,1776886475.009
19.0,-3.0,19.0,-3.0,1776886475.025
7.0,-10.0,7.0,-10.0,1776886475.446
7.0,-10.0,7.0,-10.0,1776886475.474
7.0,-10.0,7.0,-10.0,1776886475.486
7.0,-10.0,7.0,-10.0,1776886475.512
7.0,-10.0,7.0,-10.0,1776886475.525
13.0,-15.0,13.0,-15.0,1776886475.971
13.0,-15.0,13.0,-15.0,1776886475.985
13.0,-15.0,13.0,-15.0,1776886476.005
13.0,-15.0,13.0,-15.0,1776886476.034
13.0,-15.0,13.0,-15.0,1776886476.046
17.0,-21.0,17.0,-21.0,1776886476.465
17.0,-21.0,17.0,-21.0,1776886476.496
17.0,-17.0,17.0,-17.0,1776886476.506
17.0,-17.0,17.0,-17.0,1776886476.532
17.0,-17.0,17.0,-17.0,1776886476.545
21.0,-19.0,21.0,-19.0,1776886477.472
21.0,-19.0,21.0,-19.0,1776886477.486
21.0,-19.0,21.0,-19.0,1776886477.512
21.0,-19.0,21.0,-19.0,1776886477.525
21.0,-19.0,21.0,-19.0,1776886477.551
24.0,-22.0,24.0,-22.0,1776886477.973
24.0,-22.0,24.0,-22.0,1776886477.985
24.0,-22.0,24.0,-22.0,1776886478.005
20.0,-18.0,20.0,-18.0,1776886478.032
20.0,-18.0,20.0,-18.0,1776886478.046
-13.0,-10.0,-13.0,-10.0,1776886478.465
-13.0,-10.0,-13.0,-10.0,1776886478.485
-13.0,-10.0,-13.0,-10.0,1776886478.511
-13.0,-10.0,-13.0,-10.0,1776886478.526
-13.0,-10.0,-13.0,-10.0,1776886478.552
-10.0,-11.0,-10.0,-11.0,1776886478.966
-10.0,-11.0,-10.0,-11.0,1776886478.992
-10.0,-11.0,-10.0,-11.0,1776886479.006
-10.0,-11.0,-10.0,-11.0,1776886479.032
-10.0,-11.0,-10.0,-11.0,1776886479.045
-33.0,-33.0,-33.0,-33.0,1776886479.471
-43.0,-43.0,-43.0,-43.0,1776886479.487
-43.0,-43.0,-43.0,-43.0,1776886479.513
-43.0,-43.0,-43.0,-43.0,1776886479.525
-43.0,-43.0,-43.0,-43.0,1776886479.552
-76.0,-75.0,-76.0,-75.0,1776886479.985
-76.0,-75.0,-76.0,-75.0,1776886480.011
-76.0,-75.0,-76.0,-75.0,1776886480.025
-76.0,-75.0,-76.0,-75.0,1776886480.051
-76.0,-75.0,-76.0,-75.0,1776886480.065
-66.0,64.0,-66.0,64.0,1776886480.472
-66.0,64.0,-66.0,64.0,1776886480.485
-66.0,64.0,-66.0,64.0,1776886480.505
-66.0,64.0,-66.0,64.0,1776886480.535
-57.0,54.0,-57.0,54.0,1776886480.546
-27.0,25.0,-27.0,25.0,1776886480.993
-27.0,25.0,-27.0,25.0,1776886481.008
-27.0,25.0,-27.0,25.0,1776886481.025
-27.0,25.0,-27.0,25.0,1776886481.052
-19.0,15.0,-19.0,15.0,1776886481.066
-10.0,6.0,-10.0,6.0,1776886481.486
-10.0,6.0,-10.0,6.0,1776886481.512
-10.0,6.0,-10.0,6.0,1776886481.525
-10.0,6.0,-10.0,6.0,1776886481.552
-10.0,6.0,-10.0,6.0,1776886481.566
-16.0,16.0,-16.0,16.0,1776886481.968
-16.0,16.0,-16.0,16.0,1776886481.994
-16.0,16.0,-16.0,16.0,1776886482.005
-16.0,16.0,-16.0,16.0,1776886482.031
-18.0,16.0,-18.0,16.0,1776886482.046
15.0,15.0,15.0,15.0,1776886482.485
15.0,15.0,15.0,15.0,1776886482.512
15.0,15.0,15.0,15.0,1776886482.526
15.0,15.0,15.0,15.0,1776886482.553
15.0,15.0,15.0,15.0,1776886482.565
28.0,28.0,28.0,28.0,1776886482.993
37.0,34.0,37.0,34.0,1776886483.014
37.0,34.0,37.0,34.0,1776886483.025
37.0,34.0,37.0,34.0,1776886483.053
37.0,34.0,37.0,34.0,1776886483.066
60.0,59.0,60.0,59.0,1776886483.486
60.0,59.0,60.0,59.0,1776886483.512
69.0,70.0,69.0,70.0,1776886483.525
69.0,70.0,69.0,70.0,1776886483.551
69.0,70.0,69.0,70.0,1776886483.565
97.0,99.0,97.0,99.0,1776886483.993
97.0,99.0,97.0,99.0,1776886484.006
97.0,99.0,97.0,99.0,1776886484.032
98.0,100.0,98.0,100.0,1776886484.046
98.0,100.0,98.0,100.0,1776886484.072
-70.0,71.0,-70.0,71.0,1776886484.491
-70.0,71.0,-70.0,71.0,1776886484.506
-70.0,71.0,-70.0,71.0,1776886484.533
-70.0,71.0,-70.0,71.0,1776886484.545
-70.0,71.0,-70.0,71.0,1776886484.565
-39.0,44.0,-39.0,44.0,1776886484.993
-27.0,35.0,-27.0,35.0,1776886485.006
-27.0,35.0,-27.0,35.0,1776886485.032
-27.0,35.0,-27.0,35.0,1776886485.045
-27.0,35.0,-27.0,35.0,1776886485.071
-15.0,12.0,-15.0,12.0,1776886485.486
-15.0,16.0,-15.0,16.0,1776886485.512
-15.0,16.0,-15.0,16.0,1776886485.525
-15.0,16.0,-15.0,16.0,1776886485.555
-15.0,16.0,-15.0,16.0,1776886485.566
15.0,16.0,15.0,16.0,1776886486.005
15.0,16.0,15.0,16.0,1776886486.031
15.0,16.0,15.0,16.0,1776886486.046
18.0,16.0,18.0,16.0,1776886486.072
18.0,16.0,18.0,16.0,1776886486.085
36.0,26.0,36.0,26.0,1776886486.491
45.0,35.0,45.0,35.0,1776886486.505
45.0,35.0,45.0,35.0,1776886486.532
45.0,35.0,45.0,35.0,1776886486.546
45.0,35.0,45.0,35.0,1776886486.579
60.0,57.0,60.0,57.0,1776886487.012
60.0,57.0,60.0,57.0,1776886487.028
71.0,68.0,71.0,68.0,1776886487.045
71.0,68.0,71.0,68.0,1776886487.072
71.0,68.0,71.0,68.0,1776886487.086
83.0,-70.0,83.0,-70.0,1776886487.513
83.0,-70.0,83.0,-70.0,1776886487.525
83.0,-70.0,83.0,-70.0,1776886487.551
83.0,-70.0,83.0,-70.0,1776886487.569
74.0,-62.0,74.0,-62.0,1776886487.586
10.0,-10.0,10.0,-10.0,1776886488.512
10.0,-10.0,10.0,-10.0,1776886488.527
10.0,-10.0,10.0,-10.0,1776886488.554
10.0,-10.0,10.0,-10.0,1776886488.566
10.0,-10.0,10.0,-10.0,1776886488.592
12.0,9.0,12.0,9.0,1776886489.505
12.0,9.0,12.0,9.0,1776886489.531
11.0,6.0,11.0,6.0,1776886489.545
11.0,6.0,11.0,6.0,1776886489.573
11.0,6.0,11.0,6.0,1776886489.586
35.0,30.0,35.0,30.0,1776886490.006
35.0,30.0,35.0,30.0,1776886490.033
35.0,30.0,35.0,30.0,1776886490.047
35.0,30.0,35.0,30.0,1776886490.073
44.0,40.0,44.0,40.0,1776886490.085
71.0,70.0,71.0,70.0,1776886490.505
71.0,70.0,71.0,70.0,1776886490.527
71.0,70.0,71.0,70.0,1776886490.553
71.0,70.0,71.0,70.0,1776886490.565
82.0,81.0,82.0,81.0,1776886490.592
90.0,-87.0,90.0,-87.0,1776886491.031
90.0,-87.0,90.0,-87.0,1776886491.046
90.0,-87.0,90.0,-87.0,1776886491.066
90.0,-87.0,90.0,-87.0,1776886491.091
79.0,-78.0,79.0,-78.0,1776886491.105
49.0,-50.0,49.0,-50.0,1776886491.532
49.0,-50.0,49.0,-50.0,1776886491.546
49.0,-50.0,49.0,-50.0,1776886491.571
49.0,-50.0,49.0,-50.0,1776886491.586
49.0,-50.0,49.0,-50.0,1776886491.611
10.0,-14.0,10.0,-14.0,1776886492.031
10.0,-14.0,10.0,-14.0,1776886492.047
10.0,-14.0,10.0,-14.0,1776886492.066
10.0,-14.0,10.0,-14.0,1776886492.086
10.0,-14.0,10.0,-14.0,1776886492.111
13.0,-15.0,13.0,-15.0,1776886492.534
13.0,-15.0,13.0,-15.0,1776886492.546
13.0,-15.0,13.0,-15.0,1776886492.572
13.0,-15.0,13.0,-15.0,1776886492.586
13.0,-15.0,13.0,-15.0,1776886492.611
15.0,-16.0,15.0,-16.0,1776886493.033
15.0,-16.0,15.0,-16.0,1776886493.046
15.0,-16.0,15.0,-16.0,1776886493.067
15.0,-14.0,15.0,-14.0,1776886493.093
15.0,-14.0,15.0,-14.0,1776886493.106
-10.0,29.0,-10.0,29.0,1776886493.526
-10.0,29.0,-10.0,29.0,1776886493.551
-10.0,29.0,-10.0,29.0,1776886493.567
-10.0,29.0,-10.0,29.0,1776886493.593
-10.0,29.0,-10.0,29.0,1776886493.606
-1.0,22.0,-1.0,22.0,1776886494.026
-1.0,22.0,-1.0,22.0,1776886494.051
-1.0,22.0,-1.0,22.0,1776886494.066
-1.0,22.0,-1.0,22.0,1776886494.092
-1.0,22.0,-1.0,22.0,1776886494.106
-7.0,28.0,-7.0,28.0,1776886494.531
-7.0,28.0,-7.0,28.0,1776886494.546
-9.0,30.0,-9.0,30.0,1776886494.566
-9.0,30.0,-9.0,30.0,1776886494.592
-9.0,30.0,-9.0,30.0,1776886494.606
-16.0,15.0,-16.0,15.0,1776886495.052
-16.0,15.0,-16.0,15.0,1776886495.067
-16.0,15.0,-16.0,15.0,1776886495.095
-16.0,15.0,-16.0,15.0,1776886495.106
-16.0,15.0,-16.0,15.0,1776886495.134
-20.0,15.0,-20.0,15.0,1776886495.552
-20.0,15.0,-20.0,15.0,1776886495.566
-20.0,15.0,-20.0,15.0,1776886495.592
-17.0,14.0,-17.0,14.0,1776886495.606
-17.0,14.0,-17.0,14.0,1776886495.631
-10.0,-7.0,-10.0,-7.0,1776886496.046
-10.0,-7.0,-10.0,-7.0,1776886496.072
-10.0,-7.0,-10.0,-7.0,1776886496.087
-10.0,-7.0,-10.0,-7.0,1776886496.113
-11.0,-6.0,-11.0,-6.0,1776886496.126
-23.0,-23.0,-23.0,-23.0,1776886496.552
-31.0,-33.0,-31.0,-33.0,1776886496.566
-31.0,-33.0,-31.0,-33.0,1776886496.592
-31.0,-33.0,-31.0,-33.0,1776886496.606
-31.0,-33.0,-31.0,-33.0,1776886496.632
-61.0,-63.0,-61.0,-63.0,1776886497.026
-61.0,-63.0,-61.0,-63.0,1776886497.054
-61.0,-63.0,-61.0,-63.0,1776886497.066
-72.0,-73.0,-72.0,-73.0,1776886497.092
-72.0,-73.0,-72.0,-73.0,1776886497.106
-81.0,-82.0,-81.0,-82.0,1776886497.551
-81.0,-82.0,-81.0,-82.0,1776886497.566
-81.0,-82.0,-81.0,-82.0,1776886497.592
-72.0,-73.0,-72.0,-73.0,1776886497.606
-72.0,-73.0,-72.0,-73.0,1776886497.632
-43.0,-43.0,-43.0,-43.0,1776886498.047
-43.0,-43.0,-43.0,-43.0,1776886498.073
-43.0,-43.0,-43.0,-43.0,1776886498.086
-43.0,-43.0,-43.0,-43.0,1776886498.107
-43.0,-43.0,-43.0,-43.0,1776886498.132
-10.0,-10.0,-10.0,-10.0,1776886498.552
-2.0,-1.0,-2.0,-1.0,1776886498.566
-2.0,-1.0,-2.0,-1.0,1776886498.591
-2.0,-1.0,-2.0,-1.0,1776886498.609
-2.0,-1.0,-2.0,-1.0,1776886498.626
-29.0,-28.0,-29.0,-28.0,1776886499.046
-29.0,-28.0,-29.0,-28.0,1776886499.072
-29.0,-28.0,-29.0,-28.0,1776886499.087
-40.0,-39.0,-40.0,-39.0,1776886499.112
-40.0,-39.0,-40.0,-39.0,1776886499.126
-72.0,-70.0,-72.0,-70.0,1776886499.546
-72.0,-70.0,-72.0,-70.0,1776886499.572
-72.0,-70.0,-72.0,-70.0,1776886499.586
-84.0,-81.0,-84.0,-81.0,1776886499.616
-84.0,-81.0,-84.0,-81.0,1776886499.627
-84.0,-82.0,-84.0,-82.0,1776886500.052
-84.0,-82.0,-84.0,-82.0,1776886500.066
-75.0,-73.0,-75.0,-73.0,1776886500.086
-75.0,-73.0,-75.0,-73.0,1776886500.111
-75.0,-73.0,-75.0,-73.0,1776886500.127
-44.0,-42.0,-44.0,-42.0,1776886500.546
-44.0,-42.0,-44.0,-42.0,1776886500.572
-44.0,-42.0,-44.0,-42.0,1776886500.586
-33.0,-31.0,-33.0,-31.0,1776886500.612
-33.0,-31.0,-33.0,-31.0,1776886500.626
0.0,0.0,0.0,0.0,1776886501.072
0.0,0.0,0.0,0.0,1776886501.089
0.0,0.0,0.0,0.0,1776886501.106
0.0,0.0,0.0,0.0,1776886501.132
0.0,0.0,0.0,0.0,1776886501.146
0.0,0.0,0.0,0.0,1776886501.566
0.0,0.0,0.0,0.0,1776886501.591
0.0,0.0,0.0,0.0,1776886501.606
0.0,0.0,0.0,0.0,1776886501.633
-1.0,-1.0,-1.0,-1.0,1776886501.651
-22.0,-27.0,-22.0,-27.0,1776886502.066
-22.0,-27.0,-22.0,-27.0,1776886502.092
-22.0,-27.0,-22.0,-27.0,1776886502.106
-22.0,-27.0,-22.0,-27.0,1776886502.132
-22.0,-27.0,-22.0,-27.0,1776886502.146
36.0,-47.0,36.0,-47.0,1776886503.072
36.0,-47.0,36.0,-47.0,1776886503.091
36.0,-47.0,36.0,-47.0,1776886503.106
36.0,-47.0,36.0,-47.0,1776886503.126
36.0,-47.0,36.0,-47.0,1776886503.149
15.0,-19.0,15.0,-19.0,1776886503.566
15.0,-19.0,15.0,-19.0,1776886503.592
8.0,-9.0,8.0,-9.0,1776886503.606
8.0,-9.0,8.0,-9.0,1776886503.632
8.0,-9.0,8.0,-9.0,1776886503.646
0.0,0.0,0.0,0.0,1776886504.074
0.0,0.0,0.0,0.0,1776886504.086
3.0,-2.0,3.0,-2.0,1776886504.114
3.0,-2.0,3.0,-2.0,1776886504.126
3.0,-2.0,3.0,-2.0,1776886504.152
6.0,-9.0,6.0,-9.0,1776886504.566
6.0,-9.0,6.0,-9.0,1776886504.592
6.0,-9.0,6.0,-9.0,1776886504.606
8.0,-9.0,8.0,-9.0,1776886504.632
8.0,-9.0,8.0,-9.0,1776886504.646
17.0,-14.0,17.0,-14.0,1776886505.092
17.0,-14.0,17.0,-14.0,1776886505.106
17.0,-14.0,17.0,-14.0,1776886505.126
17.0,-14.0,17.0,-14.0,1776886505.152
17.0,-14.0,17.0,-14.0,1776886505.167
21.0,-14.0,21.0,-14.0,1776886505.586
21.0,-14.0,21.0,-14.0,1776886505.615
19.0,-10.0,19.0,-10.0,1776886505.626
19.0,-10.0,19.0,-10.0,1776886505.652
19.0,-10.0,19.0,-10.0,1776886505.666
15.0,7.0,15.0,7.0,1776886506.095
15.0,7.0,15.0,7.0,1776886506.106
15.0,7.0,15.0,7.0,1776886506.132
15.0,7.0,15.0,7.0,1776886506.146
13.0,4.0,13.0,4.0,1776886506.174
25.0,24.0,25.0,24.0,1776886506.592
25.0,24.0,25.0,24.0,1776886506.609
25.0,24.0,25.0,24.0,1776886506.626
25.0,24.0,25.0,24.0,1776886506.655
32.0,31.0,32.0,31.0,1776886506.666
60.0,63.0,60.0,63.0,1776886507.086
60.0,63.0,60.0,63.0,1776886507.112
60.0,63.0,60.0,63.0,1776886507.126
71.0,73.0,71.0,73.0,1776886507.152
71.0,73.0,71.0,73.0,1776886507.166
68.0,-71.0,68.0,-71.0,1776886507.586
68.0,-71.0,68.0,-71.0,1776886507.616
68.0,-71.0,68.0,-71.0,1776886507.626
68.0,-71.0,68.0,-71.0,1776886507.652
59.0,-62.0,59.0,-62.0,1776886507.666
31.0,-41.0,31.0,-41.0,1776886508.092
31.0,-41.0,31.0,-41.0,1776886508.106
31.0,-41.0,31.0,-41.0,1776886508.132
31.0,-41.0,31.0,-41.0,1776886508.146
31.0,-41.0,31.0,-41.0,1776886508.174
5.0,-15.0,5.0,-15.0,1776886508.59
5.0,-15.0,5.0,-15.0,1776886508.606
5.0,-15.0,5.0,-15.0,1776886508.632
5.0,-15.0,5.0,-15.0,1776886508.646
5.0,-15.0,5.0,-15.0,1776886508.674
14.0,-19.0,14.0,-19.0,1776886509.087
14.0,-19.0,14.0,-19.0,1776886509.113
14.0,-19.0,14.0,-19.0,1776886509.126
14.0,-22.0,14.0,-22.0,1776886509.153
14.0,-22.0,14.0,-22.0,1776886509.168
15.0,-16.0,15.0,-16.0,1776886509.606
15.0,-14.0,15.0,-14.0,1776886509.626
15.0,-14.0,15.0,-14.0,1776886509.652
15.0,-14.0,15.0,-14.0,1776886509.666
15.0,-14.0,15.0,-14.0,1776886509.692
10.0,9.0,10.0,9.0,1776886510.106
10.0,9.0,10.0,9.0,1776886510.132
10.0,9.0,10.0,9.0,1776886510.146
10.0,9.0,10.0,9.0,1776886510.166
6.0,4.0,6.0,4.0,1776886510.192
13.0,11.0,13.0,11.0,1776886510.612
13.0,11.0,13.0,11.0,1776886510.626
13.0,11.0,13.0,11.0,1776886510.646
13.0,11.0,13.0,11.0,1776886510.672
21.0,20.0,21.0,20.0,1776886510.687
22.0,-23.0,22.0,-23.0,1776886511.126
22.0,-23.0,22.0,-23.0,1776886511.152
22.0,-23.0,22.0,-23.0,1776886511.167
22.0,-23.0,22.0,-23.0,1776886511.193
22.0,-24.0,22.0,-24.0,1776886511.206
25.0,-24.0,25.0,-24.0,1776886511.606
25.0,-24.0,25.0,-24.0,1776886511.632
25.0,-24.0,25.0,-24.0,1776886511.646
25.0,-24.0,25.0,-24.0,1776886511.672
25.0,-24.0,25.0,-24.0,1776886511.686
9.0,7.0,9.0,7.0,1776886512.607
9.0,7.0,9.0,7.0,1776886512.637
9.0,6.0,9.0,6.0,1776886512.648
9.0,6.0,9.0,6.0,1776886512.667
9.0,6.0,9.0,6.0,1776886512.689
19.0,17.0,19.0,17.0,1776886513.126
27.0,27.0,27.0,27.0,1776886513.152
27.0,27.0,27.0,27.0,1776886513.169
27.0,27.0,27.0,27.0,1776886513.187
27.0,27.0,27.0,27.0,1776886513.206
52.0,51.0,52.0,51.0,1776886513.632
52.0,51.0,52.0,51.0,1776886513.654
52.0,51.0,52.0,51.0,1776886513.666
63.0,62.0,63.0,62.0,1776886513.694
63.0,62.0,63.0,62.0,1776886513.707
92.0,92.0,92.0,92.0,1776886514.132
96.0,97.0,96.0,97.0,1776886514.146
96.0,97.0,96.0,97.0,1776886514.174
96.0,97.0,96.0,97.0,1776886514.186
96.0,97.0,96.0,97.0,1776886514.213
88.0,96.0,88.0,96.0,1776886514.626
88.0,96.0,88.0,96.0,1776886514.655
88.0,96.0,88.0,96.0,1776886514.672
85.0,95.0,85.0,95.0,1776886514.688
85.0,95.0,85.0,95.0,1776886514.713
77.0,91.0,77.0,91.0,1776886515.127
77.0,91.0,77.0,91.0,1776886515.153
77.0,91.0,77.0,91.0,1776886515.167
75.0,90.0,75.0,90.0,1776886515.193
75.0,90.0,75.0,90.0,1776886515.206
77.0,94.0,77.0,94.0,1776886515.632
77.0,94.0,77.0,94.0,1776886515.647
77.0,94.0,77.0,94.0,1776886515.673
77.0,94.0,77.0,94.0,1776886515.686
77.0,94.0,77.0,94.0,1776886515.714
85.0,100.0,85.0,100.0,1776886516.127
85.0,100.0,85.0,100.0,1776886516.152
85.0,100.0,85.0,100.0,1776886516.166
85.0,100.0,85.0,100.0,1776886516.192
85.0,100.0,85.0,100.0,1776886516.209
78.0,99.0,78.0,99.0,1776886516.632
77.0,100.0,77.0,100.0,1776886516.646
77.0,100.0,77.0,100.0,1776886516.674
77.0,100.0,77.0,100.0,1776886516.686
77.0,100.0,77.0,100.0,1776886516.713
67.0,98.0,67.0,98.0,1776886517.137
67.0,98.0,67.0,98.0,1776886517.148
67.0,98.0,67.0,98.0,1776886517.167
67.0,98.0,67.0,98.0,1776886517.193
64.0,99.0,64.0,99.0,1776886517.206
71.0,104.0,71.0,104.0,1776886517.627
71.0,104.0,71.0,104.0,1776886517.653
71.0,104.0,71.0,104.0,1776886517.666
71.0,104.0,71.0,104.0,1776886517.695
71.0,104.0,71.0,104.0,1776886517.706
104.0,114.0,104.0,114.0,1776886518.643
104.0,114.0,104.0,114.0,1776886518.655
104.0,114.0,104.0,114.0,1776886518.666
104.0,114.0,104.0,114.0,1776886518.692
104.0,114.0,104.0,114.0,1776886518.706
109.0,114.0,109.0,114.0,1776886519.126
109.0,114.0,109.0,114.0,1776886519.152
108.0,114.0,108.0,114.0,1776886519.166
108.0,114.0,108.0,114.0,1776886519.192
108.0,114.0,108.0,114.0,1776886519.206
99.0,111.0,99.0,111.0,1776886519.654
97.0,109.0,97.0,109.0,1776886519.666
97.0,109.0,97.0,109.0,1776886519.695
97.0,109.0,97.0,109.0,1776886519.706
97.0,109.0,97.0,109.0,1776886519.732
89.0,96.0,89.0,96.0,1776886520.646
89.0,96.0,89.0,96.0,1776886520.672
89.0,96.0,89.0,96.0,1776886520.687
89.0,96.0,89.0,96.0,1776886520.713
90.0,94.0,90.0,94.0,1776886520.727
90.0,83.0,90.0,83.0,1776886521.152
90.0,83.0,90.0,83.0,1776886521.166
88.0,79.0,88.0,79.0,1776886521.192
88.0,79.0,88.0,79.0,1776886521.206
88.0,79.0,88.0,79.0,1776886521.233
91.0,63.0,91.0,63.0,1776886522.146
91.0,63.0,91.0,63.0,1776886522.174
91.0,63.0,91.0,63.0,1776886522.186
91.0,63.0,91.0,63.0,1776886522.213
91.0,63.0,91.0,63.0,1776886522.227
94.0,63.0,94.0,63.0,1776886522.646
94.0,63.0,94.0,63.0,1776886522.672
94.0,63.0,94.0,63.0,1776886522.686
94.0,63.0,94.0,63.0,1776886522.712
94.0,64.0,94.0,64.0,1776886522.726
90.0,69.0,90.0,69.0,1776886523.152
90.0,69.0,90.0,69.0,1776886523.166
90.0,69.0,90.0,69.0,1776886523.192
90.0,69.0,90.0,69.0,1776886523.206
88.0,72.0,88.0,72.0,1776886523.232
81.0,80.0,81.0,80.0,1776886523.646
81.0,80.0,81.0,80.0,1776886523.672
81.0,80.0,81.0,80.0,1776886523.686
81.0,80.0,81.0,80.0,1776886523.712
81.0,80.0,81.0,80.0,1776886523.727
69.0,85.0,69.0,85.0,1776886524.146
69.0,85.0,69.0,85.0,1776886524.175
69.0,85.0,69.0,85.0,1776886524.186
69.0,85.0,69.0,85.0,1776886524.213
69.0,85.0,69.0,85.0,1776886524.227
71.0,89.0,71.0,89.0,1776886524.654
71.0,89.0,71.0,89.0,1776886524.666
71.0,89.0,71.0,89.0,1776886524.692
72.0,91.0,72.0,91.0,1776886524.707
72.0,91.0,72.0,91.0,1776886524.727
77.0,90.0,77.0,90.0,1776886525.171
79.0,89.0,79.0,89.0,1776886525.186
79.0,89.0,79.0,89.0,1776886525.215
79.0,89.0,79.0,89.0,1776886525.229
79.0,89.0,79.0,89.0,1776886525.246
84.0,84.0,84.0,84.0,1776886525.646
84.0,84.0,84.0,84.0,1776886525.672
85.0,81.0,85.0,81.0,1776886525.686
85.0,81.0,85.0,81.0,1776886525.716
85.0,81.0,85.0,81.0,1776886525.728
90.0,67.0,90.0,67.0,1776886526.646
90.0,67.0,90.0,67.0,1776886526.672
90.0,67.0,90.0,67.0,1776886526.687
90.0,67.0,90.0,67.0,1776886526.713
91.0,66.0,91.0,66.0,1776886526.726
92.0,67.0,92.0,67.0,1776886527.167
92.0,67.0,92.0,67.0,1776886527.193
92.0,67.0,92.0,67.0,1776886527.207
92.0,67.0,92.0,67.0,1776886527.226
91.0,69.0,91.0,69.0,1776886527.252
86.0,73.0,86.0,73.0,1776886527.673
86.0,73.0,86.0,73.0,1776886527.686
86.0,73.0,86.0,73.0,1776886527.712
86.0,73.0,86.0,73.0,1776886527.729
86.0,73.0,86.0,73.0,1776886527.755
-63.0,73.0,-63.0,73.0,1776886528.687
-57.0,68.0,-57.0,68.0,1776886528.713
-57.0,68.0,-57.0,68.0,1776886528.726
-57.0,68.0,-57.0,68.0,1776886528.752
-57.0,68.0,-57.0,68.0,1776886528.766
-7.0,23.0,-7.0,23.0,1776886529.701
-7.0,23.0,-7.0,23.0,1776886529.712
-7.0,23.0,-7.0,23.0,1776886529.726
-7.0,23.0,-7.0,23.0,1776886529.752
-1.0,18.0,-1.0,18.0,1776886529.766
-14.0,30.0,-14.0,30.0,1776886530.686
-14.0,30.0,-14.0,30.0,1776886530.713
-14.0,30.0,-14.0,30.0,1776886530.726
-14.0,30.0,-14.0,30.0,1776886530.752
-14.0,28.0,-14.0,28.0,1776886530.767
-20.0,22.0,-20.0,22.0,1776886531.192
-20.0,22.0,-20.0,22.0,1776886531.206
-20.0,22.0,-20.0,22.0,1776886531.232
-20.0,22.0,-20.0,22.0,1776886531.249
-20.0,22.0,-20.0,22.0,1776886531.276
15.0,37.0,15.0,37.0,1776886531.686
15.0,37.0,15.0,37.0,1776886531.718
15.0,37.0,15.0,37.0,1776886531.729
15.0,37.0,15.0,37.0,1776886531.746
15.0,37.0,15.0,37.0,1776886531.775
31.0,48.0,31.0,48.0,1776886532.191
39.0,57.0,39.0,57.0,1776886532.209
39.0,57.0,39.0,57.0,1776886532.235
39.0,57.0,39.0,57.0,1776886532.247
39.0,57.0,39.0,57.0,1776886532.272
63.0,81.0,63.0,81.0,1776886532.725
74.0,91.0,74.0,91.0,1776886532.736
74.0,91.0,74.0,91.0,1776886532.747
74.0,91.0,74.0,91.0,1776886532.773
74.0,91.0,74.0,91.0,1776886532.787
97.0,100.0,97.0,100.0,1776886533.707
97.0,100.0,97.0,100.0,1776886533.733
97.0,100.0,97.0,100.0,1776886533.747
97.0,100.0,97.0,100.0,1776886533.774
94.0,98.0,94.0,98.0,1776886533.787
79.0,94.0,79.0,94.0,1776886534.207
79.0,94.0,79.0,94.0,1776886534.232
79.0,94.0,79.0,94.0,1776886534.247
79.0,94.0,79.0,94.0,1776886534.275
73.0,93.0,73.0,93.0,1776886534.287
66.0,93.0,66.0,93.0,1776886534.713
66.0,93.0,66.0,93.0,1776886534.727
66.0,93.0,66.0,93.0,1776886534.753
66.0,93.0,66.0,93.0,1776886534.768
66.0,93.0,66.0,93.0,1776886534.794
68.0,96.0,68.0,96.0,1776886535.712
70.0,94.0,70.0,94.0,1776886535.727
70.0,94.0,70.0,94.0,1776886535.754
70.0,94.0,70.0,94.0,1776886535.767
70.0,94.0,70.0,94.0,1776886535.793
76.0,87.0,76.0,87.0,1776886536.207
76.0,87.0,76.0,87.0,1776886536.24
-69.0,-78.0,-69.0,-78.0,1776886536.253
-69.0,-78.0,-69.0,-78.0,1776886536.267
-69.0,-78.0,-69.0,-78.0,1776886536.293
-52.0,-58.0,-52.0,-58.0,1776886536.727
-52.0,-58.0,-52.0,-58.0,1776886536.753
-49.0,-53.0,-49.0,-53.0,1776886536.767
-49.0,-53.0,-49.0,-53.0,1776886536.792
-49.0,-53.0,-49.0,-53.0,1776886536.807
-54.0,-56.0,-54.0,-56.0,1776886537.233
-54.0,-56.0,-54.0,-56.0,1776886537.247
-56.0,-57.0,-56.0,-57.0,1776886537.274
-56.0,-57.0,-56.0,-57.0,1776886537.287
-56.0,-57.0,-56.0,-57.0,1776886537.312
-81.0,-77.0,-81.0,-77.0,1776886537.733
-81.0,-77.0,-81.0,-77.0,1776886537.747
-90.0,-85.0,-90.0,-85.0,1776886537.775
-90.0,-85.0,-90.0,-85.0,1776886537.787
-90.0,-85.0,-90.0,-85.0,1776886537.812
88.0,-71.0,88.0,-71.0,1776886538.232
88.0,-71.0,88.0,-71.0,1776886538.247
88.0,-71.0,88.0,-71.0,1776886538.273
88.0,-71.0,88.0,-71.0,1776886538.288
88.0,-71.0,88.0,-71.0,1776886538.315
54.0,-32.0,54.0,-32.0,1776886538.727
54.0,-32.0,54.0,-32.0,1776886538.747
54.0,-32.0,54.0,-32.0,1776886538.772
54.0,-32.0,54.0,-32.0,1776886538.787
54.0,-32.0,54.0,-32.0,1776886538.816
23.0,-4.0,23.0,-4.0,1776886539.232
23.0,-4.0,23.0,-4.0,1776886539.25
23.0,-4.0,23.0,-4.0,1776886539.276
23.0,-4.0,23.0,-4.0,1776886539.287
23.0,-4.0,23.0,-4.0,1776886539.315
16.0,-11.0,16.0,-11.0,1776886539.727
16.0,-11.0,16.0,-11.0,1776886539.753
16.0,-11.0,16.0,-11.0,1776886539.767
13.0,-13.0,13.0,-13.0,1776886539.792
13.0,-13.0,13.0,-13.0,1776886539.807
20.0,-19.0,20.0,-19.0,1776886540.228
20.0,-19.0,20.0,-19.0,1776886540.255
20.0,-19.0,20.0,-19.0,1776886540.272
20.0,-19.0,20.0,-19.0,1776886540.287
20.0,-19.0,20.0,-19.0,1776886540.313
18.0,14.0,18.0,14.0,1776886540.727
18.0,14.0,18.0,14.0,1776886540.753
16.0,13.0,16.0,13.0,1776886540.767
16.0,13.0,16.0,13.0,1776886540.792
16.0,13.0,16.0,13.0,1776886540.807
16.0,15.0,16.0,15.0,1776886541.236
16.0,15.0,16.0,15.0,1776886541.248
24.0,22.0,24.0,22.0,1776886541.281
24.0,22.0,24.0,22.0,1776886541.297
24.0,22.0,24.0,22.0,1776886541.308
48.0,49.0,48.0,49.0,1776886541.733
48.0,49.0,48.0,49.0,1776886541.747
48.0,49.0,48.0,49.0,1776886541.774
48.0,49.0,48.0,49.0,1776886541.787
58.0,60.0,58.0,60.0,1776886541.812
91.0,90.0,91.0,90.0,1776886542.232
91.0,90.0,91.0,90.0,1776886542.247
91.0,90.0,91.0,90.0,1776886542.272
91.0,90.0,91.0,90.0,1776886542.291
91.0,90.0,91.0,90.0,1776886542.307
107.0,106.0,107.0,106.0,1776886542.727
108.0,108.0,108.0,108.0,1776886542.753
108.0,108.0,108.0,108.0,1776886542.767
108.0,108.0,108.0,108.0,1776886542.794
108.0,108.0,108.0,108.0,1776886542.807
111.0,111.0,111.0,111.0,1776886543.247
111.0,111.0,111.0,111.0,1776886543.273
111.0,111.0,111.0,111.0,1776886543.287
111.0,111.0,111.0,111.0,1776886543.313
112.0,112.0,112.0,112.0,1776886543.327
106.0,108.0,106.0,108.0,1776886543.759
106.0,108.0,106.0,108.0,1776886543.77
106.0,108.0,106.0,108.0,1776886543.789
106.0,108.0,106.0,108.0,1776886543.807
106.0,108.0,106.0,108.0,1776886543.832
94.0,102.0,94.0,102.0,1776886544.247
90.0,99.0,90.0,99.0,1776886544.272
90.0,99.0,90.0,99.0,1776886544.287
90.0,99.0,90.0,99.0,1776886544.313
90.0,99.0,90.0,99.0,1776886544.327
69.0,94.0,69.0,94.0,1776886544.753
69.0,94.0,69.0,94.0,1776886544.767
69.0,94.0,69.0,94.0,1776886544.793
69.0,94.0,69.0,94.0,1776886544.807
69.0,94.0,69.0,94.0,1776886544.833
62.0,98.0,62.0,98.0,1776886545.247
61.0,98.0,61.0,98.0,1776886545.273
61.0,98.0,61.0,98.0,1776886545.287
61.0,98.0,61.0,98.0,1776886545.313
61.0,98.0,61.0,98.0,1776886545.33
60.0,100.0,60.0,100.0,1776886545.753
60.0,100.0,60.0,100.0,1776886545.767
60.0,100.0,60.0,100.0,1776886545.787
60.0,100.0,60.0,100.0,1776886545.813
60.0,100.0,60.0,100.0,1776886545.827
46.0,78.0,46.0,78.0,1776886546.247
46.0,78.0,46.0,78.0,1776886546.273
46.0,78.0,46.0,78.0,1776886546.287
46.0,78.0,46.0,78.0,1776886546.313
46.0,78.0,46.0,78.0,1776886546.327
22.0,39.0,22.0,39.0,1776886546.767
22.0,39.0,22.0,39.0,1776886546.793
22.0,39.0,22.0,39.0,1776886546.807
22.0,39.0,22.0,39.0,1776886546.834
16.0,28.0,16.0,28.0,1776886546.847
0.0,0.0,0.0,0.0,1776886547.267
0.0,0.0,0.0,0.0,1776886547.295
0.0,0.0,0.0,0.0,1776886547.311
0.0,0.0,0.0,0.0,1776886547.327
0.0,0.0,0.0,0.0,1776886547.353
0.0,0.0,0.0,0.0,1776886547.753
0.0,0.0,0.0,0.0,1776886547.767
0.0,0.0,0.0,0.0,1776886547.793
0.0,0.0,0.0,0.0,1776886547.807
0.0,0.0,0.0,0.0,1776886547.827
0.0,0.0,0.0,0.0,1776886548.269
0.0,0.0,0.0,0.0,1776886548.295
0.0,0.0,0.0,0.0,1776886548.307
0.0,0.0,0.0,0.0,1776886548.333
0.0,0.0,0.0,0.0,1776886548.347
0.0,0.0,0.0,0.0,1776886548.773
0.0,0.0,0.0,0.0,1776886548.787
0.0,0.0,0.0,0.0,1776886548.818
0.0,0.0,0.0,0.0,1776886548.832
0.0,0.0,0.0,0.0,1776886548.851
0.0,0.0,0.0,0.0,1776886549.273
0.0,0.0,0.0,0.0,1776886549.287
0.0,0.0,0.0,0.0,1776886549.313
0.0,0.0,0.0,0.0,1776886549.328
0.0,0.0,0.0,0.0,1776886549.354
0.0,0.0,0.0,0.0,1776886549.747
0.0,0.0,0.0,0.0,1776886549.775
0.0,0.0,0.0,0.0,1776886549.787
0.0,0.0,0.0,0.0,1776886549.813
0.0,0.0,0.0,0.0,1776886549.827
0.0,0.0,0.0,0.0,1776886550.288
0.0,0.0,0.0,0.0,1776886550.314
0.0,0.0,0.0,0.0,1776886550.327
0.0,0.0,0.0,0.0,1776886550.353
0.0,0.0,0.0,0.0,1776886550.368
0.0,0.0,0.0,0.0,1776886550.773
0.0,0.0,0.0,0.0,1776886550.787
0.0,0.0,0.0,0.0,1776886550.815
0.0,0.0,0.0,0.0,1776886550.831
0.0,0.0,0.0,0.0,1776886550.847
0.0,0.0,0.0,0.0,1776886551.287
0.0,0.0,0.0,0.0,1776886551.313
0.0,0.0,0.0,0.0,1776886551.327
0.0,0.0,0.0,0.0,1776886551.353
0.0,0.0,0.0,0.0,1776886551.367
0.0,0.0,0.0,0.0,1776886551.79
0.0,0.0,0.0,0.0,1776886551.807
0.0,0.0,0.0,0.0,1776886551.833
0.0,0.0,0.0,0.0,1776886551.847
0.0,0.0,0.0,0.0,1776886551.874
0.0,0.0,0.0,0.0,1776886552.287
0.0,0.0,0.0,0.0,1776886552.315
0.0,0.0,0.0,0.0,1776886552.327
0.0,0.0,0.0,0.0,1776886552.353
0.0,0.0,0.0,0.0,1776886552.368
0.0,0.0,0.0,0.0,1776886552.793
0.0,0.0,0.0,0.0,1776886552.807
0.0,0.0,0.0,0.0,1776886552.836
0.0,0.0,0.0,0.0,1776886552.848
0.0,0.0,0.0,0.0,1776886552.873
0.0,0.0,0.0,0.0,1776886553.299
0.0,0.0,0.0,0.0,1776886553.313
0.0,0.0,0.0,0.0,1776886553.331
0.0,0.0,0.0,0.0,1776886553.347
0.0,0.0,0.0,0.0,1776886553.374
0.0,0.0,0.0,0.0,1776886553.793
0.0,0.0,0.0,0.0,1776886553.807
0.0,0.0,0.0,0.0,1776886553.833
0.0,0.0,0.0,0.0,1776886553.847
0.0,0.0,0.0,0.0,1776886553.873
0.0,0.0,0.0,0.0,1776886554.289
0.0,0.0,0.0,0.0,1776886554.314
0.0,0.0,0.0,0.0,1776886554.327
0.0,0.0,0.0,0.0,1776886554.353
0.0,0.0,0.0,0.0,1776886554.367
0.0,0.0,0.0,0.0,1776886554.787
0.0,0.0,0.0,0.0,1776886554.815
0.0,0.0,0.0,0.0,1776886554.827
0.0,0.0,0.0,0.0,1776886554.853
0.0,0.0,0.0,0.0,1776886554.867
0.0,0.0,0.0,0.0,1776886555.313
0.0,0.0,0.0,0.0,1776886555.327
0.0,0.0,0.0,0.0,1776886555.347
0.0,0.0,0.0,0.0,1776886555.373
0.0,0.0,0.0,0.0,1776886555.387
0.0,0.0,0.0,0.0,1776886555.807
0.0,0.0,0.0,0.0,1776886555.833
0.0,0.0,0.0,0.0,1776886555.847
0.0,0.0,0.0,0.0,1776886555.873
0.0,0.0,0.0,0.0,1776886555.892
0.0,0.0,0.0,0.0,1776886556.313
0.0,0.0,0.0,0.0,1776886556.327
0.0,0.0,0.0,0.0,1776886556.354
0.0,0.0,0.0,0.0,1776886556.369
0.0,0.0,0.0,0.0,1776886556.396
0.0,0.0,0.0,0.0,1776886556.817
0.0,0.0,0.0,0.0,1776886556.828
0.0,0.0,0.0,0.0,1776886556.848
0.0,0.0,0.0,0.0,1776886556.874
0.0,0.0,0.0,0.0,1776886556.887
0.0,0.0,0.0,0.0,1776886557.313
0.0,0.0,0.0,0.0,1776886557.328
0.0,0.0,0.0,0.0,1776886557.362
0.0,0.0,0.0,0.0,1776886557.373
0.0,0.0,0.0,0.0,1776886557.387
0.0,0.0,0.0,0.0,1776886557.81
0.0,0.0,0.0,0.0,1776886557.836
0.0,0.0,0.0,0.0,1776886557.847
0.0,0.0,0.0,0.0,1776886557.873
0.0,0.0,0.0,0.0,1776886557.887
0.0,0.0,0.0,0.0,1776886558.313
0.0,0.0,0.0,0.0,1776886558.328
0.0,0.0,0.0,0.0,1776886558.354
0.0,0.0,0.0,0.0,1776886558.368
0.0,0.0,0.0,0.0,1776886558.393
0.0,0.0,0.0,0.0,1776886558.819
0.0,0.0,0.0,0.0,1776886558.831
0.0,0.0,0.0,0.0,1776886558.847
0.0,0.0,0.0,0.0,1776886558.873
0.0,0.0,0.0,0.0,1776886558.887
0.0,0.0,0.0,0.0,1776886559.307
0.0,0.0,0.0,0.0,1776886559.333
0.0,0.0,0.0,0.0,1776886559.347
0.0,0.0,0.0,0.0,1776886559.376
0.0,0.0,0.0,0.0,1776886559.387
0.0,3.0,0.0,3.0,1776886559.807
0.0,3.0,0.0,3.0,1776886559.833
0.0,3.0,0.0,3.0,1776886559.847
0.0,3.0,0.0,3.0,1776886559.873
0.0,3.0,0.0,3.0,1776886559.887
0.0,3.0,0.0,3.0,1776886560.334
0.0,3.0,0.0,3.0,1776886560.347
0.0,3.0,0.0,3.0,1776886560.375
0.0,3.0,0.0,3.0,1776886560.387
0.0,3.0,0.0,3.0,1776886560.414
0.0,-3.0,0.0,-3.0,1776886560.833
0.0,-3.0,0.0,-3.0,1776886560.847
0.0,-3.0,0.0,-3.0,1776886560.874
0.0,-3.0,0.0,-3.0,1776886560.887
0.0,-3.0,0.0,-3.0,1776886560.913
0.0,0.0,0.0,0.0,1776886561.328
0.0,0.0,0.0,0.0,1776886561.354
0.0,0.0,0.0,0.0,1776886561.367
0.0,0.0,0.0,0.0,1776886561.393
0.0,0.0,0.0,0.0,1776886561.407
0.0,0.0,0.0,0.0,1776886561.827
0.0,0.0,0.0,0.0,1776886561.848
0.0,0.0,0.0,0.0,1776886561.875
0.0,0.0,0.0,0.0,1776886561.887
0.0,0.0,0.0,0.0,1776886561.913
0.0,0.0,0.0,0.0,1776886562.327
0.0,0.0,0.0,0.0,1776886562.353
0.0,0.0,0.0,0.0,1776886562.368
0.0,0.0,0.0,0.0,1776886562.394
0.0,0.0,0.0,0.0,1776886562.407
0.0,0.0,0.0,0.0,1776886562.834
0.0,0.0,0.0,0.0,1776886562.847
0.0,0.0,0.0,0.0,1776886562.873
0.0,0.0,0.0,0.0,1776886562.887
0.0,0.0,0.0,0.0,1776886562.913
0.0,0.0,0.0,0.0,1776886563.327
0.0,0.0,0.0,0.0,1776886563.353
0.0,0.0,0.0,0.0,1776886563.367
0.0,0.0,0.0,0.0,1776886563.393
0.0,0.0,0.0,0.0,1776886563.407
0.0,0.0,0.0,0.0,1776886563.834
0.0,0.0,0.0,0.0,1776886563.847
0.0,0.0,0.0,0.0,1776886563.873
0.0,0.0,0.0,0.0,1776886563.89
0.0,0.0,0.0,0.0,1776886563.907
0.0,0.0,0.0,0.0,1776886564.347
0.0,0.0,0.0,0.0,1776886564.373
0.0,0.0,0.0,0.0,1776886564.387
0.0,0.0,0.0,0.0,1776886564.418
0.0,0.0,0.0,0.0,1776886564.429
0.0,0.0,0.0,0.0,1776886564.827
0.0,0.0,0.0,0.0,1776886564.856
0.0,0.0,0.0,0.0,1776886564.867
0.0,0.0,0.0,0.0,1776886564.899
0.0,0.0,0.0,0.0,1776886564.91
0.0,0.0,0.0,0.0,1776886565.327
0.0,0.0,0.0,0.0,1776886565.353
0.0,0.0,0.0,0.0,1776886565.367
0.0,0.0,0.0,0.0,1776886565.393
0.0,0.0,0.0,0.0,1776886565.407
0.0,0.0,0.0,0.0,1776886565.847
0.0,0.0,0.0,0.0,1776886565.873
0.0,0.0,0.0,0.0,1776886565.887
0.0,0.0,0.0,0.0,1776886565.914
0.0,0.0,0.0,0.0,1776886565.927
0.0,0.0,0.0,0.0,1776886566.354
0.0,0.0,0.0,0.0,1776886566.367
0.0,0.0,0.0,0.0,1776886566.393
0.0,0.0,0.0,0.0,1776886566.407
0.0,0.0,0.0,0.0,1776886566.433
0.0,0.0,0.0,0.0,1776886566.856
0.0,0.0,0.0,0.0,1776886566.867
0.0,0.0,0.0,0.0,1776886566.896
0.0,0.0,0.0,0.0,1776886566.907
0.0,0.0,0.0,0.0,1776886566.933
0.0,0.0,0.0,0.0,1776886567.347
0.0,0.0,0.0,0.0,1776886567.375
0.0,0.0,0.0,0.0,1776886567.387
0.0,0.0,0.0,0.0,1776886567.415
0.0,0.0,0.0,0.0,1776886567.427
0.0,0.0,0.0,0.0,1776886568.353
0.0,0.0,0.0,0.0,1776886568.368
0.0,0.0,0.0,0.0,1776886568.394
0.0,0.0,0.0,0.0,1776886568.407
0.0,0.0,0.0,0.0,1776886568.433
0.0,0.0,0.0,0.0,1776886568.848
0.0,0.0,0.0,0.0,1776886568.873
0.0,0.0,0.0,0.0,1776886568.887
0.0,0.0,0.0,0.0,1776886568.913
0.0,0.0,0.0,0.0,1776886568.928
0.0,0.0,0.0,0.0,1776886569.367
0.0,0.0,0.0,0.0,1776886569.394
0.0,0.0,0.0,0.0,1776886569.407
0.0,0.0,0.0,0.0,1776886569.433
0.0,0.0,0.0,0.0,1776886569.447
0.0,0.0,0.0,0.0,1776886569.848
0.0,0.0,0.0,0.0,1776886569.873
0.0,0.0,0.0,0.0,1776886569.887
0.0,0.0,0.0,0.0,1776886569.913
0.0,0.0,0.0,0.0,1776886569.927
0.0,0.0,0.0,0.0,1776886570.367
0.0,0.0,0.0,0.0,1776886570.394
0.0,0.0,0.0,0.0,1776886570.407
0.0,0.0,0.0,0.0,1776886570.436
0.0,0.0,0.0,0.0,1776886570.447
0.0,0.0,0.0,0.0,1776886570.876
0.0,0.0,0.0,0.0,1776886570.887
0.0,0.0,0.0,0.0,1776886570.913
0.0,0.0,0.0,0.0,1776886570.928
0.0,0.0,0.0,0.0,1776886570.954
0.0,0.0,0.0,0.0,1776886571.374
0.0,0.0,0.0,0.0,1776886571.387
0.0,0.0,0.0,0.0,1776886571.414
0.0,0.0,0.0,0.0,1776886571.429
0.0,0.0,0.0,0.0,1776886571.455
0.0,0.0,0.0,0.0,1776886571.875
0.0,0.0,0.0,0.0,1776886571.889
0.0,0.0,0.0,0.0,1776886571.915
0.0,0.0,0.0,0.0,1776886571.927
0.0,0.0,0.0,0.0,1776886571.953
0.0,0.0,0.0,0.0,1776886572.368
0.0,0.0,0.0,0.0,1776886572.406
0.0,0.0,0.0,0.0,1776886572.418
0.0,0.0,0.0,0.0,1776886572.429
0.0,0.0,0.0,0.0,1776886572.449
0.0,0.0,0.0,0.0,1776886572.876
0.0,0.0,0.0,0.0,1776886572.888
0.0,0.0,0.0,0.0,1776886572.913
0.0,0.0,0.0,0.0,1776886572.928
0.0,0.0,0.0,0.0,1776886572.954
0.0,0.0,0.0,0.0,1776886573.368
0.0,0.0,0.0,0.0,1776886573.394
0.0,0.0,0.0,0.0,1776886573.408
0.0,0.0,0.0,0.0,1776886573.434
0.0,0.0,0.0,0.0,1776886573.448
0.0,0.0,0.0,0.0,1776886573.873
0.0,0.0,0.0,0.0,1776886573.894
0.0,0.0,0.0,0.0,1776886573.908
0.0,0.0,0.0,0.0,1776886573.934
0.0,0.0,0.0,0.0,1776886573.948
0.0,0.0,0.0,0.0,1776886574.367
0.0,0.0,0.0,0.0,1776886574.393
0.0,0.0,0.0,0.0,1776886574.408
0.0,0.0,0.0,0.0,1776886574.433
0.0,0.0,0.0,0.0,1776886574.448
0.0,0.0,0.0,0.0,1776886574.897
0.0,0.0,0.0,0.0,1776886574.908
0.0,0.0,0.0,0.0,1776886574.934
0.0,0.0,0.0,0.0,1776886574.948
0.0,0.0,0.0,0.0,1776886574.968
0.0,0.0,0.0,0.0,1776886575.368
0.0,0.0,0.0,0.0,1776886575.394
0.0,0.0,0.0,0.0,1776886575.409
0.0,0.0,0.0,0.0,1776886575.434
0.0,0.0,0.0,0.0,1776886575.448
0.0,0.0,0.0,0.0,1776886575.888
0.0,0.0,0.0,0.0,1776886575.914
0.0,0.0,0.0,0.0,1776886575.928
0.0,0.0,0.0,0.0,1776886575.953
0.0,0.0,0.0,0.0,1776886575.968
0.0,0.0,0.0,0.0,1776886576.388
0.0,0.0,0.0,0.0,1776886576.414
0.0,0.0,0.0,0.0,1776886576.429
0.0,0.0,0.0,0.0,1776886576.456
0.0,0.0,0.0,0.0,1776886576.468
0.0,0.0,0.0,0.0,1776886576.894
0.0,0.0,0.0,0.0,1776886576.908
0.0,0.0,0.0,0.0,1776886576.933
0.0,0.0,0.0,0.0,1776886576.948
0.0,0.0,0.0,0.0,1776886576.974
0.0,0.0,0.0,0.0,1776886577.395
0.0,0.0,0.0,0.0,1776886577.408
0.0,0.0,0.0,0.0,1776886577.433
0.0,0.0,0.0,0.0,1776886577.448
0.0,0.0,0.0,0.0,1776886577.474
0.0,0.0,0.0,0.0,1776886577.888
0.0,0.0,0.0,0.0,1776886577.913
0.0,0.0,0.0,0.0,1776886577.928
0.0,0.0,0.0,0.0,1776886577.956
0.0,0.0,0.0,0.0,1776886577.968
0.0,0.0,0.0,0.0,1776886578.393
0.0,0.0,0.0,0.0,1776886578.408
0.0,0.0,0.0,0.0,1776886578.433
0.0,0.0,0.0,0.0,1776886578.448
0.0,0.0,0.0,0.0,1776886578.474
0.0,0.0,0.0,0.0,1776886578.894
0.0,0.0,0.0,0.0,1776886578.908
0.0,0.0,0.0,0.0,1776886578.932
0.0,0.0,0.0,0.0,1776886578.948
0.0,0.0,0.0,0.0,1776886578.976
0.0,0.0,0.0,0.0,1776886579.394
0.0,0.0,0.0,0.0,1776886579.408
0.0,0.0,0.0,0.0,1776886579.433
0.0,0.0,0.0,0.0,1776886579.448
0.0,0.0,0.0,0.0,1776886579.473
0.0,0.0,0.0,0.0,1776886579.889
0.0,0.0,0.0,0.0,1776886579.915
0.0,0.0,0.0,0.0,1776886579.928
0.0,0.0,0.0,0.0,1776886579.954
0.0,0.0,0.0,0.0,1776886579.968
0.0,0.0,0.0,0.0,1776886580.403
0.0,0.0,0.0,0.0,1776886580.416
0.0,0.0,0.0,0.0,1776886580.428
0.0,0.0,0.0,0.0,1776886580.453
0.0,0.0,0.0,0.0,1776886580.468
0.0,0.0,0.0,0.0,1776886580.888
0.0,0.0,0.0,0.0,1776886580.913
0.0,0.0,0.0,0.0,1776886580.928
0.0,0.0,0.0,0.0,1776886580.954
0.0,0.0,0.0,0.0,1776886580.968
0.0,0.0,0.0,0.0,1776886581.413
0.0,0.0,0.0,0.0,1776886581.428
0.0,0.0,0.0,0.0,1776886581.454
0.0,0.0,0.0,0.0,1776886581.468
0.0,0.0,0.0,0.0,1776886581.488
0.0,0.0,0.0,0.0,1776886581.888
0.0,0.0,0.0,0.0,1776886581.913
0.0,0.0,0.0,0.0,1776886581.928
0.0,0.0,0.0,0.0,1776886581.953
0.0,0.0,0.0,0.0,1776886581.968
0.0,0.0,0.0,0.0,1776886582.422
0.0,0.0,0.0,0.0,1776886582.433
0.0,0.0,0.0,0.0,1776886582.448
0.0,0.0,0.0,0.0,1776886582.474
0.0,0.0,0.0,0.0,1776886582.488
0.0,0.0,0.0,0.0,1776886582.888
0.0,0.0,0.0,0.0,1776886582.914
0.0,0.0,0.0,0.0,1776886582.928
0.0,0.0,0.0,0.0,1776886582.954
0.0,0.0,0.0,0.0,1776886582.968
0.0,0.0,0.0,0.0,1776886583.409
0.0,0.0,0.0,0.0,1776886583.436
0.0,0.0,0.0,0.0,1776886583.448
0.0,0.0,0.0,0.0,1776886583.473
0.0,0.0,0.0,0.0,1776886583.488
0.0,0.0,0.0,0.0,1776886583.914
0.0,0.0,0.0,0.0,1776886583.928
0.0,0.0,0.0,0.0,1776886583.953
0.0,0.0,0.0,0.0,1776886583.968
0.0,0.0,0.0,0.0,1776886583.988
0.0,0.0,0.0,0.0,1776886584.408
0.0,0.0,0.0,0.0,1776886584.435
0.0,0.0,0.0,0.0,1776886584.448
0.0,0.0,0.0,0.0,1776886584.475
0.0,0.0,0.0,0.0,1776886584.488
0.0,0.0,0.0,0.0,1776886584.914
0.0,0.0,0.0,0.0,1776886584.928
0.0,0.0,0.0,0.0,1776886584.953
0.0,0.0,0.0,0.0,1776886584.968
0.0,0.0,0.0,0.0,1776886584.994
0.0,0.0,0.0,0.0,1776886585.416
0.0,0.0,0.0,0.0,1776886585.428
0.0,0.0,0.0,0.0,1776886585.462
0.0,0.0,0.0,0.0,1776886585.473
0.0,0.0,0.0,0.0,1776886585.488
0.0,0.0,0.0,0.0,1776886585.935
0.0,0.0,0.0,0.0,1776886585.948
0.0,0.0,0.0,0.0,1776886585.969
0.0,0.0,0.0,0.0,1776886585.995
0.0,0.0,0.0,0.0,1776886586.008
0.0,0.0,0.0,0.0,1776886586.408
0.0,0.0,0.0,0.0,1776886586.434
0.0,0.0,0.0,0.0,1776886586.448
0.0,0.0,0.0,0.0,1776886586.474
0.0,0.0,0.0,0.0,1776886586.488
0.0,0.0,0.0,0.0,1776886586.908
0.0,0.0,0.0,0.0,1776886586.934
0.0,0.0,0.0,0.0,1776886586.948
0.0,0.0,0.0,0.0,1776886586.974
0.0,0.0,0.0,0.0,1776886586.99
0.0,0.0,0.0,0.0,1776886587.433
0.0,0.0,0.0,0.0,1776886587.448
0.0,0.0,0.0,0.0,1776886587.475
0.0,0.0,0.0,0.0,1776886587.488
0.0,0.0,0.0,0.0,1776886587.514
0.0,0.0,0.0,0.0,1776886587.928
0.0,0.0,0.0,0.0,1776886587.954
0.0,0.0,0.0,0.0,1776886587.968
0.0,0.0,0.0,0.0,1776886587.994
0.0,0.0,0.0,0.0,1776886588.008
0.0,0.0,0.0,0.0,1776886588.434
0.0,0.0,0.0,0.0,1776886588.448
0.0,0.0,0.0,0.0,1776886588.468
0.0,0.0,0.0,0.0,1776886588.497
0.0,0.0,0.0,0.0,1776886588.508
-4.0,0.0,-4.0,0.0,1776886588.928
-4.0,0.0,-4.0,0.0,1776886588.954
-4.0,0.0,-4.0,0.0,1776886588.968
-4.0,0.0,-4.0,0.0,1776886588.994
-4.0,0.0,-4.0,0.0,1776886589.008
-4.0,0.0,-4.0,0.0,1776886589.434
-4.0,0.0,-4.0,0.0,1776886589.448
-4.0,0.0,-4.0,0.0,1776886589.475
-4.0,0.0,-4.0,0.0,1776886589.493
-4.0,0.0,-4.0,0.0,1776886589.508
0.0,0.0,0.0,0.0,1776886589.943
0.0,0.0,0.0,0.0,1776886589.953
0.0,0.0,0.0,0.0,1776886589.968
0.0,0.0,0.0,0.0,1776886589.994
0.0,0.0,0.0,0.0,1776886590.008
0.0,0.0,0.0,0.0,1776886590.434
0.0,0.0,0.0,0.0,1776886590.448
0.0,0.0,0.0,0.0,1776886590.474
0.0,0.0,0.0,0.0,1776886590.488
0.0,0.0,0.0,0.0,1776886590.514
0.0,0.0,0.0,0.0,1776886590.936
0.0,0.0,0.0,0.0,1776886590.948
0.0,0.0,0.0,0.0,1776886590.968
0.0,0.0,0.0,0.0,1776886590.994
0.0,0.0,0.0,0.0,1776886591.008
0.0,0.0,0.0,0.0,1776886591.436
0.0,0.0,0.0,0.0,1776886591.448
0.0,0.0,0.0,0.0,1776886591.474
0.0,0.0,0.0,0.0,1776886591.488
