timestamp,battery,signal_level,orientation,lamp,speed,gps_signal,latitude,longitude,vibration
1776885838.485,100.0,0.0,266.0,0,1.100000023841858,27.329999923706055,1000.0,1000.0,0.0
1776885838.485,100.0,0.0,266.0,0,1.100000023841858,27.329999923706055,1000.0,1000.0,0.0
1776885838.485,100.0,0.0,266.0,0,1.100000023841858,27.329999923706055,1000.0,1000.0,0.0
1776885838.485,100.0,0.0,266.0,0,1.100000023841858,27.329999923706055,1000.0,1000.0,0.0
1776885838.485,100.0,0.0,266.0,0,1.100000023841858,27.329999923706055,1000.0,1000.0,0.0
1776885838.485,100.0,0.0,266.0,0,1.100000023841858,27.329999923706055,1000.0,1000.0,0.0
1776885841.595,100.0,0.0,320.0,0,1.159999966621399,27.329999923706055,1000.0,1000.0,0.0
1776885841.595,100.0,0.0,320.0,0,1.159999966621399,27.329999923706055,1000.0,1000.0,0.0
1776885841.595,100.0,0.0,320.0,0,1.159999966621399,27.329999923706055,1000.0,1000.0,0.0
1776885841.595,100.0,0.0,320.0,0,1.159999966621399,27.329999923706055,1000.0,1000.0,0.0
1776885843.469,100.0,0.0,263.0,0,0.0,27.670000076293945,1000.0,1000.0,0.0
1776885843.469,100.0,0.0,263.0,0,0.0,27.670000076293945,1000.0,1000.0,0.0
1776885844.434,100.0,0.0,279.0,0,0.3100000023841858,27.670000076293945,1000.0,1000.0,0.0
1776885844.434,100.0,0.0,279.0,0,0.3100000023841858,27.670000076293945,1000.0,1000.0,0.0
1776885844.434,100.0,0.0,279.0,0,0.3100000023841858,27.670000076293945,1000.0,1000.0,0.0
1776885846.01,100.0,0.0,280.0,0,0.0,27.329999923706055,1000.0,1000.0,0.0
1776885846.607,100.0,0.0,281.0,0,0.0,27.25,1000.0,1000.0,0.0
1776885846.607,100.0,0.0,281.0,0,0.0,27.25,1000.0,1000.0,0.0
1776885847.562,100.0,0.0,281.0,0,0.0,27.25,1000.0,1000.0,0.0
1776885848.014,100.0,0.0,281.0,0,0.0,27.25,1000.0,1000.0,0.0
1776885848.014,100.0,0.0,281.0,0,0.0,27.25,1000.0,1000.0,0.0
1776885848.014,100.0,0.0,281.0,0,0.0,27.25,1000.0,1000.0,0.0
1776885848.014,100.0,0.0,281.0,0,0.0,27.25,1000.0,1000.0,0.0
1776885848.014,100.0,0.0,281.0,0,0.0,27.25,1000.0,1000.0,0.0
1776885850.574,100.0,0.0,281.0,0,0.0,27.25,1000.0,1000.0,0.0
1776885850.574,100.0,0.0,281.0,0,0.0,27.25,1000.0,1000.0,0.0
1776885850.574,100.0,0.0,281.0,0,0.0,27.25,1000.0,1000.0,0.0
1776885852.004,100.0,0.0,280.0,0,0.0,27.25,1000.0,1000.0,0.0
1776885852.004,100.0,0.0,280.0,0,0.0,27.25,1000.0,1000.0,0.0
1776885852.983,100.0,0.0,281.0,0,0.0,27.25,1000.0,1000.0,0.0
1776885852.983,100.0,0.0,281.0,0,0.0,27.25,1000.0,1000.0,0.0
1776885852.983,100.0,0.0,281.0,0,0.0,27.25,1000.0,1000.0,0.0
1776885854.677,100.0,0.0,280.0,0,0.1899999976158142,27.25,1000.0,1000.0,0.0
1776885854.892,100.0,0.0,280.0,0,0.0,27.25,1000.0,1000.0,0.0
1776885854.892,100.0,0.0,280.0,0,0.0,27.25,1000.0,1000.0,0.0
1776885854.892,100.0,0.0,280.0,0,0.0,27.25,1000.0,1000.0,0.0
1776885854.892,100.0,0.0,280.0,0,0.0,27.25,1000.0,1000.0,0.0
1776885854.892,100.0,0.0,280.0,0,0.0,27.25,1000.0,1000.0,0.0
1776885854.892,100.0,0.0,280.0,0,0.0,27.25,1000.0,1000.0,0.0
1776885854.892,100.0,0.0,280.0,0,0.0,27.25,1000.0,1000.0,0.0
1776885854.892,100.0,0.0,280.0,0,0.0,27.25,1000.0,1000.0,0.0
1776885854.892,100.0,0.0,280.0,0,0.0,27.25,1000.0,1000.0,0.0
1776885859.587,100.0,0.0,281.0,0,0.0,27.25,1000.0,1000.0,0.0
1776885859.818,100.0,0.0,281.0,0,0.0,27.25,1000.0,1000.0,0.0
1776885860.341,100.0,0.0,284.0,0,0.0,27.25,1000.0,1000.0,0.0
1776885860.92,100.0,0.0,283.0,0,0.0,27.25,1000.0,1000.0,0.0
1776885860.92,100.0,0.0,283.0,0,0.0,27.25,1000.0,1000.0,0.0
1776885860.92,100.0,0.0,283.0,0,0.0,27.25,1000.0,1000.0,0.0
1776885860.92,100.0,0.0,283.0,0,0.0,27.25,1000.0,1000.0,0.0
1776885862.794,100.0,0.0,284.0,0,0.0,27.25,1000.0,1000.0,0.0
1776885862.794,100.0,0.0,284.0,0,0.0,27.25,1000.0,1000.0,0.0
1776885862.794,100.0,0.0,284.0,0,0.0,27.25,1000.0,1000.0,0.0
1776885862.794,100.0,0.0,284.0,0,0.0,27.25,1000.0,1000.0,0.0
1776885862.794,100.0,0.0,284.0,0,0.0,27.25,1000.0,1000.0,0.0
1776885862.794,100.0,0.0,284.0,0,0.0,27.25,1000.0,1000.0,0.0
1776885865.852,100.0,0.0,284.0,0,0.0,27.25,1000.0,1000.0,0.0
1776885866.577,100.0,0.0,284.0,0,0.0,27.25,1000.0,1000.0,0.0
1776885866.577,100.0,0.0,284.0,0,0.0,27.25,1000.0,1000.0,0.0
1776885866.577,100.0,0.0,284.0,0,0.0,27.25,1000.0,1000.0,0.0
1776885866.577,100.0,0.0,284.0,0,0.0,27.25,1000.0,1000.0,0.0
1776885866.577,100.0,0.0,284.0,0,0.0,27.25,1000.0,1000.0,0.0
1776885868.954,100.0,0.0,284.0,0,0.0,27.25,1000.0,1000.0,0.0
1776885868.954,100.0,0.0,284.0,0,0.0,27.25,1000.0,1000.0,0.0
1776885868.954,100.0,0.0,284.0,0,0.0,27.25,1000.0,1000.0,0.0
1776885868.954,100.0,0.0,284.0,0,0.0,27.25,1000.0,1000.0,0.0
1776885868.954,100.0,0.0,284.0,0,0.0,27.25,1000.0,1000.0,0.0
1776885868.954,100.0,0.0,284.0,0,0.0,27.25,1000.0,1000.0,0.0
1776885868.954,100.0,0.0,284.0,0,0.0,27.25,1000.0,1000.0,0.0
1776885868.954,100.0,0.0,284.0,0,0.0,27.25,1000.0,1000.0,0.0
1776885868.954,100.0,0.0,284.0,0,0.0,27.25,1000.0,1000.0,0.0
1776885868.954,100.0,0.0,284.0,0,0.0,27.25,1000.0,1000.0,0.0
1776885868.954,100.0,0.0,284.0,0,0.0,27.25,1000.0,1000.0,0.0
1776885868.954,100.0,0.0,284.0,0,0.0,27.25,1000.0,1000.0,0.0
1776885868.954,100.0,0.0,284.0,0,0.0,27.25,1000.0,1000.0,0.0
1776885868.954,100.0,0.0,284.0,0,0.0,27.25,1000.0,1000.0,0.0
1776885868.954,100.0,0.0,284.0,0,0.0,27.25,1000.0,1000.0,0.0
1776885868.954,100.0,0.0,284.0,0,0.0,27.25,1000.0,1000.0,0.0
1776885868.954,100.0,0.0,284.0,0,0.0,27.25,1000.0,1000.0,0.0
1776885868.954,100.0,0.0,284.0,0,0.0,27.25,1000.0,1000.0,0.0
1776885868.954,100.0,0.0,284.0,0,0.0,27.25,1000.0,1000.0,0.0
1776885868.954,100.0,0.0,284.0,0,0.0,27.25,1000.0,1000.0,0.0
1776885868.954,100.0,0.0,284.0,0,0.0,27.25,1000.0,1000.0,0.0
1776885868.954,100.0,0.0,284.0,0,0.0,27.25,1000.0,1000.0,0.0
1776885868.954,100.0,0.0,284.0,0,0.0,27.25,1000.0,1000.0,0.0
1776885868.954,100.0,0.0,284.0,0,0.0,27.25,1000.0,1000.0,0.0
1776885868.954,100.0,0.0,284.0,0,0.0,27.25,1000.0,1000.0,0.0
1776885868.954,100.0,0.0,284.0,0,0.0,27.25,1000.0,1000.0,0.0
1776885868.954,100.0,0.0,284.0,0,0.0,27.25,1000.0,1000.0,0.0
1776885868.954,100.0,0.0,284.0,0,0.0,27.25,1000.0,1000.0,0.0
1776885883.173,100.0,0.0,287.0,0,0.0,27.25,1000.0,1000.0,0.0
1776885883.671,100.0,0.0,288.0,0,0.0,27.25,1000.0,1000.0,0.0
1776885884.095,100.0,0.0,212.0,0,0.7400000095367432,27.25,1000.0,1000.0,0.0
1776885884.499,100.0,0.0,201.0,0,0.0,27.25,1000.0,1000.0,0.0
1776885884.877,100.0,0.0,204.0,0,0.0,27.25,1000.0,1000.0,0.0
1776885884.877,100.0,0.0,204.0,0,0.0,27.25,1000.0,1000.0,0.0
1776885885.871,100.0,0.0,203.0,0,0.0,27.25,1000.0,1000.0,0.0
1776885886.36,100.0,0.0,203.0,0,0.0,27.25,1000.0,1000.0,0.0
1776885886.844,100.0,0.0,202.0,0,0.0,27.25,1000.0,1000.0,0.0
1776885886.844,100.0,0.0,202.0,0,0.0,27.25,1000.0,1000.0,0.0
1776885887.711,100.0,0.0,202.0,0,0.0,27.25,1000.0,1000.0,0.0
1776885888.499,100.0,0.0,202.0,0,0.0,27.25,1000.0,1000.0,0.0
1776885889.055,100.0,0.0,203.0,0,0.0,27.25,1000.0,1000.0,0.0
1776885889.628,100.0,0.0,203.0,0,0.0,27.25,1000.0,1000.0,0.0
1776885889.876,100.0,0.0,203.0,0,0.0,27.25,1000.0,1000.0,0.0
1776885890.388,100.0,0.0,202.0,0,0.0,27.25,1000.0,1000.0,0.0
1776885891.073,100.0,0.0,202.0,0,0.0,27.25,1000.0,1000.0,0.0
1776885891.073,100.0,0.0,202.0,0,0.0,27.25,1000.0,1000.0,0.0
1776885891.073,100.0,0.0,202.0,0,0.0,27.25,1000.0,1000.0,0.0
1776885891.073,100.0,0.0,202.0,0,0.0,27.25,1000.0,1000.0,0.0
1776885891.073,100.0,0.0,202.0,0,0.0,27.25,1000.0,1000.0,0.0
1776885893.654,100.0,0.0,203.0,0,0.0,28.5,1000.0,1000.0,0.0
1776885893.875,100.0,0.0,202.0,0,0.0,28.5,1000.0,1000.0,0.0
1776885894.482,100.0,0.0,203.0,0,0.0,28.5,1000.0,1000.0,0.0
1776885894.894,100.0,0.0,202.0,0,0.0,28.5,1000.0,1000.0,0.0
1776885895.604,100.0,0.0,201.0,0,0.0,28.5,1000.0,1000.0,0.0
1776885895.604,100.0,0.0,201.0,0,0.0,28.5,1000.0,1000.0,0.0
1776885896.617,100.0,0.0,267.0,0,1.1200000047683716,28.5,1000.0,1000.0,0.0
1776885896.963,100.0,0.0,282.0,0,1.7899999618530273,28.5,1000.0,1000.0,0.0
1776885897.418,100.0,0.0,31.0,0,1.9199999570846558,28.5,1000.0,1000.0,0.0
1776885897.418,100.0,0.0,31.0,0,1.9199999570846558,28.5,1000.0,1000.0,0.0
1776885897.418,100.0,0.0,31.0,0,1.9199999570846558,28.5,1000.0,1000.0,0.0
1776885897.418,100.0,0.0,31.0,0,1.9199999570846558,28.5,1000.0,1000.0,0.0
1776885899.464,100.0,0.0,333.0,0,0.0,28.75,1000.0,1000.0,0.0
1776885899.949,100.0,0.0,208.0,0,0.0,28.75,1000.0,1000.0,0.0
1776885900.439,100.0,0.0,206.0,0,0.0,28.75,1000.0,1000.0,0.0
1776885901.161,100.0,0.0,205.0,0,0.0,28.75,1000.0,1000.0,0.0
1776885901.419,100.0,0.0,207.0,0,0.0,28.75,1000.0,1000.0,0.0
1776885901.957,100.0,0.0,204.0,0,0.0,28.75,1000.0,1000.0,0.0
1776885902.406,100.0,0.0,185.0,0,0.009999999776482582,28.75,1000.0,1000.0,0.0
1776885902.917,100.0,0.0,138.0,0,0.009999999776482582,28.75,1000.0,1000.0,0.0
1776885903.464,100.0,0.0,101.0,0,0.07999999821186066,29.5,1000.0,1000.0,0.0
1776885904.028,100.0,0.0,39.0,0,0.10999999940395355,29.5,1000.0,1000.0,0.0
1776885904.55,100.0,0.0,5.0,0,0.029999999329447746,30.75,1000.0,1000.0,0.0
1776885904.55,100.0,0.0,5.0,0,0.029999999329447746,30.75,1000.0,1000.0,0.0
1776885905.472,100.0,0.0,315.0,0,0.029999999329447746,30.5,1000.0,1000.0,0.0
1776885905.996,100.0,0.0,313.0,0,0.05999999865889549,30.5,1000.0,1000.0,0.0
1776885906.415,100.0,0.0,313.0,0,0.029999999329447746,30.5,1000.0,1000.0,0.0
1776885906.982,100.0,0.0,316.0,0,0.0,30.5,1000.0,1000.0,0.0
1776885907.641,100.0,0.0,317.0,0,0.0,30.5,1000.0,1000.0,0.0
1776885907.921,100.0,0.0,311.0,0,0.0,30.5,1000.0,1000.0,0.0
1776885907.921,100.0,0.0,311.0,0,0.0,30.5,1000.0,1000.0,0.0
1776885908.778,100.0,0.0,311.0,0,0.0,30.5,1000.0,1000.0,0.0
1776885909.59,100.0,0.0,347.0,0,0.009999999776482582,30.5,1000.0,1000.0,0.0
1776885909.59,100.0,0.0,347.0,0,0.009999999776482582,30.5,1000.0,1000.0,0.0
1776885910.487,100.0,0.0,56.0,0,0.0,30.5,1000.0,1000.0,0.0
1776885910.487,100.0,0.0,56.0,0,0.0,30.5,1000.0,1000.0,0.0
1776885911.526,100.0,0.0,90.0,0,0.029999999329447746,30.5,1000.0,1000.0,0.0
1776885911.979,100.0,0.0,122.0,0,0.009999999776482582,30.5,1000.0,1000.0,0.0
1776885912.434,100.0,0.0,125.0,0,0.0,30.5,1000.0,1000.0,0.0
1776885913.048,100.0,0.0,127.0,0,0.0,30.5,1000.0,1000.0,0.0
1776885913.451,100.0,0.0,125.0,0,0.0,30.5,1000.0,1000.0,0.0
1776885913.451,100.0,0.0,125.0,0,0.0,30.5,1000.0,1000.0,0.0
1776885914.361,100.0,0.0,109.0,0,0.009999999776482582,30.5,1000.0,1000.0,0.0
1776885915.108,100.0,0.0,198.0,0,0.05999999865889549,30.5,1000.0,1000.0,0.0
1776885915.501,100.0,0.0,238.0,0,0.029999999329447746,30.5,1000.0,1000.0,0.0
1776885916.071,100.0,0.0,272.0,0,0.029999999329447746,30.5,1000.0,1000.0,0.0
1776885916.535,100.0,0.0,303.0,0,0.07999999821186066,30.5,1000.0,1000.0,0.0
1776885916.958,100.0,0.0,322.0,0,0.05999999865889549,30.5,1000.0,1000.0,0.0
1776885916.958,100.0,0.0,322.0,0,0.05999999865889549,30.5,1000.0,1000.0,0.0
1776885918.086,100.0,0.0,299.0,0,0.019999999552965164,30.5,1000.0,1000.0,0.0
1776885918.458,100.0,0.0,206.0,0,0.029999999329447746,30.5,1000.0,1000.0,0.0
1776885918.976,100.0,0.0,217.0,0,0.009999999776482582,30.5,1000.0,1000.0,0.0
1776885919.501,100.0,0.0,217.0,0,0.0,30.5,1000.0,1000.0,0.0
1776885919.991,100.0,0.0,216.0,0,0.0,30.5,1000.0,1000.0,0.0
1776885920.512,100.0,0.0,216.0,0,0.0,30.25,1000.0,1000.0,0.0
1776885920.952,100.0,0.0,218.0,0,0.0,30.25,1000.0,1000.0,0.0
1776885921.469,100.0,0.0,217.0,0,0.0,30.25,1000.0,1000.0,0.0
1776885921.967,100.0,0.0,216.0,0,0.0,30.25,1000.0,1000.0,0.0
1776885922.495,100.0,0.0,211.0,0,0.03999999910593033,30.25,1000.0,1000.0,0.0
1776885922.997,100.0,0.0,199.0,0,0.03999999910593033,30.5,1000.0,1000.0,0.0
1776885923.517,100.0,0.0,174.0,0,0.009999999776482582,30.5,1000.0,1000.0,0.0
1776885923.993,100.0,0.0,161.0,0,0.029999999329447746,30.5,1000.0,1000.0,0.0
1776885924.504,100.0,0.0,155.0,0,0.03999999910593033,30.5,1000.0,1000.0,0.0
1776885925.02,100.0,0.0,162.0,0,0.03999999910593033,30.5,1000.0,1000.0,0.0
1776885925.556,100.0,0.0,218.0,0,0.07999999821186066,30.5,1000.0,1000.0,0.0
1776885926.062,100.0,0.0,245.0,0,0.07999999821186066,30.5,1000.0,1000.0,0.0
1776885926.561,100.0,0.0,227.0,0,0.029999999329447746,30.5,1000.0,1000.0,0.0
1776885926.983,100.0,0.0,181.0,0,0.07999999821186066,30.5,1000.0,1000.0,0.0
1776885926.983,100.0,0.0,181.0,0,0.07999999821186066,30.5,1000.0,1000.0,0.0
1776885927.988,100.0,0.0,185.0,0,0.009999999776482582,30.5,1000.0,1000.0,0.0
1776885928.523,100.0,0.0,177.0,0,0.0,30.5,1000.0,1000.0,0.0
1776885929.051,100.0,0.0,140.0,0,0.0,30.5,1000.0,1000.0,0.0
1776885929.63,100.0,0.0,64.0,0,0.0,30.5,1000.0,1000.0,0.0
1776885930.037,100.0,0.0,28.0,0,0.03999999910593033,30.5,1000.0,1000.0,0.0
1776885930.611,100.0,0.0,0.0,0,0.019999999552965164,30.5,1000.0,1000.0,0.0
1776885931.095,100.0,0.0,330.0,0,0.029999999329447746,30.5,1000.0,1000.0,0.0
1776885931.602,100.0,0.0,300.0,0,0.05000000074505806,30.5,1000.0,1000.0,0.0
1776885932.088,100.0,0.0,300.0,0,0.009999999776482582,30.5,1000.0,1000.0,0.0
1776885932.088,100.0,0.0,300.0,0,0.009999999776482582,30.5,1000.0,1000.0,0.0
1776885933.02,100.0,0.0,302.0,0,0.0,30.5,1000.0,1000.0,0.0
1776885933.625,100.0,0.0,301.0,0,0.0,30.5,1000.0,1000.0,0.0
1776885934.024,100.0,0.0,299.0,0,0.0,30.5,1000.0,1000.0,0.0
1776885934.551,100.0,0.0,317.0,0,0.25,30.5,1000.0,1000.0,0.0
1776885935.067,100.0,0.0,204.0,0,0.7300000190734863,30.5,1000.0,1000.0,0.0
1776885935.566,100.0,0.0,185.0,0,1.4800000190734863,30.5,1000.0,1000.0,0.0
1776885936.02,100.0,0.0,173.0,0,1.0800000429153442,30.5,1000.0,1000.0,0.0
1776885936.51,100.0,0.0,171.0,0,0.3700000047683716,30.5,1000.0,1000.0,0.0
1776885936.51,100.0,0.0,171.0,0,0.3700000047683716,30.5,1000.0,1000.0,0.0
1776885937.527,100.0,0.0,171.0,0,0.07000000029802322,30.5,1000.0,1000.0,0.0
1776885938.045,100.0,0.0,188.0,0,0.029999999329447746,30.5,1000.0,1000.0,0.0
1776885938.574,100.0,0.0,203.0,0,0.0,30.5,1000.0,1000.0,0.0
1776885939.059,100.0,0.0,211.0,0,0.0,30.5,1000.0,1000.0,0.0
1776885939.575,100.0,0.0,214.0,0,0.009999999776482582,30.5,1000.0,1000.0,0.0
1776885940.09,100.0,0.0,215.0,0,0.0,30.5,1000.0,1000.0,0.0
1776885940.576,100.0,0.0,214.0,0,0.0,30.5,1000.0,1000.0,0.0
1776885941.1,100.0,0.0,213.0,0,0.029999999329447746,30.5,1000.0,1000.0,0.0
1776885941.525,100.0,0.0,200.0,0,0.029999999329447746,30.5,1000.0,1000.0,0.0
1776885942.058,100.0,0.0,203.0,0,0.009999999776482582,30.5,1000.0,1000.0,0.0
1776885942.531,100.0,0.0,202.0,0,0.029999999329447746,30.5,1000.0,1000.0,0.0
1776885943.033,100.0,0.0,203.0,0,0.0,30.5,1000.0,1000.0,0.0
1776885943.568,100.0,0.0,202.0,0,0.0,30.5,1000.0,1000.0,0.0
1776885944.063,100.0,0.0,193.0,0,0.10999999940395355,30.5,1000.0,1000.0,0.0
1776885944.575,100.0,0.0,204.0,0,0.7599999904632568,30.5,1000.0,1000.0,0.0
1776885945.08,100.0,0.0,208.0,0,0.9399999976158142,30.5,1000.0,1000.0,0.0
1776885945.6,100.0,0.0,209.0,0,0.5099999904632568,30.5,1000.0,1000.0,0.0
1776885946.095,100.0,0.0,209.0,0,0.0,30.5,1000.0,1000.0,0.0
1776885946.614,100.0,0.0,208.0,0,0.009999999776482582,30.5,1000.0,1000.0,0.0
1776885947.05,100.0,0.0,208.0,0,0.019999999552965164,30.5,1000.0,1000.0,0.0
1776885947.05,100.0,0.0,208.0,0,0.019999999552965164,30.5,1000.0,1000.0,0.0
1776885948.127,100.0,0.0,226.0,0,1.149999976158142,30.5,1000.0,1000.0,0.0
1776885948.59,100.0,0.0,357.0,0,1.600000023841858,30.5,1000.0,1000.0,0.0
1776885949.094,100.0,0.0,1.0,0,0.9300000071525574,30.5,1000.0,1000.0,0.0
1776885949.606,100.0,0.0,1.0,0,0.18000000715255737,30.5,1000.0,1000.0,0.0
1776885950.207,100.0,0.0,1.0,0,0.0,30.25,1000.0,1000.0,0.0
1776885950.207,100.0,0.0,1.0,0,0.0,30.25,1000.0,1000.0,0.0
1776885951.133,100.0,0.0,1.0,0,0.05999999865889549,30.25,1000.0,1000.0,0.0
1776885951.64,100.0,0.0,342.0,0,0.07999999821186066,30.25,1000.0,1000.0,0.0
1776885952.166,100.0,0.0,332.0,0,0.029999999329447746,30.25,1000.0,1000.0,0.0
1776885952.567,100.0,0.0,332.0,0,0.07999999821186066,30.25,1000.0,1000.0,0.0
1776885953.09,100.0,0.0,332.0,0,0.0,30.25,1000.0,1000.0,0.0
1776885953.59,100.0,0.0,333.0,0,0.029999999329447746,30.25,1000.0,1000.0,0.0
1776885953.59,100.0,0.0,333.0,0,0.029999999329447746,30.25,1000.0,1000.0,0.0
1776885954.624,100.0,0.0,333.0,0,1.0,30.25,1000.0,1000.0,0.0
1776885955.1,100.0,0.0,330.0,0,0.8500000238418579,30.25,1000.0,1000.0,0.0
1776885955.639,100.0,0.0,329.0,0,0.18000000715255737,30.25,1000.0,1000.0,0.0
1776885956.156,100.0,0.0,329.0,0,0.0,30.0,1000.0,1000.0,0.0
1776885956.662,100.0,0.0,326.0,0,0.019999999552965164,30.0,1000.0,1000.0,0.0
1776885956.662,100.0,0.0,326.0,0,0.019999999552965164,30.0,1000.0,1000.0,0.0
1776885957.618,100.0,0.0,341.0,0,1.3600000143051147,30.0,1000.0,1000.0,0.0
1776885958.131,100.0,0.0,353.0,0,1.0700000524520874,30.0,1000.0,1000.0,0.0
1776885958.625,100.0,0.0,348.0,0,0.3799999952316284,30.0,1000.0,1000.0,0.0
1776885959.158,100.0,0.0,348.0,0,0.0,30.0,1000.0,1000.0,0.0
1776885959.653,100.0,0.0,347.0,0,0.0,30.0,1000.0,1000.0,0.0
1776885960.144,100.0,0.0,347.0,0,0.0,30.0,1000.0,1000.0,0.0
1776885960.66,100.0,0.0,348.0,0,0.0,30.0,1000.0,1000.0,0.0
1776885961.103,100.0,0.0,349.0,0,0.0,30.0,1000.0,1000.0,0.0
1776885961.609,100.0,0.0,349.0,0,0.0,30.0,1000.0,1000.0,0.0
1776885962.186,100.0,0.0,348.0,0,0.0,29.5,1000.0,1000.0,0.0
1776885962.186,100.0,0.0,348.0,0,0.0,29.5,1000.0,1000.0,0.0
1776885962.186,100.0,0.0,348.0,0,0.0,29.5,1000.0,1000.0,0.0
1776885963.615,100.0,0.0,348.0,0,0.0,29.5,1000.0,1000.0,0.0
1776885964.148,100.0,0.0,347.0,0,0.0,29.5,1000.0,1000.0,0.0
1776885964.148,100.0,0.0,347.0,0,0.0,29.5,1000.0,1000.0,0.0
1776885964.753,100.0,0.0,348.0,0,0.0,29.5,1000.0,1000.0,0.0
1776885965.682,100.0,0.0,349.0,0,0.0,31.0,1000.0,1000.0,0.0
1776885965.682,100.0,0.0,349.0,0,0.0,31.0,1000.0,1000.0,0.0
1776885966.424,100.0,0.0,347.0,0,0.0,31.0,1000.0,1000.0,0.0
1776885967.121,100.0,0.0,349.0,0,0.0,31.0,1000.0,1000.0,0.0
1776885967.629,100.0,0.0,348.0,0,0.0,31.0,1000.0,1000.0,0.0
1776885968.127,100.0,0.0,347.0,0,0.0,31.0,1000.0,1000.0,0.0
1776885968.642,100.0,0.0,348.0,0,0.0,31.0,1000.0,1000.0,0.0
1776885969.161,100.0,0.0,348.0,0,0.0,31.0,1000.0,1000.0,0.0
1776885969.662,100.0,0.0,350.0,0,0.0,31.0,1000.0,1000.0,0.0
1776885969.662,100.0,0.0,350.0,0,0.0,31.0,1000.0,1000.0,0.0
1776885970.285,100.0,0.0,355.0,0,0.0,32.5,1000.0,1000.0,0.0
1776885970.726,100.0,0.0,16.0,0,0.029999999329447746,32.5,1000.0,1000.0,0.0
1776885971.643,100.0,0.0,42.0,0,0.05000000074505806,32.5,1000.0,1000.0,0.0
1776885972.143,100.0,0.0,41.0,0,0.029999999329447746,32.5,1000.0,1000.0,0.0
1776885972.643,100.0,0.0,41.0,0,0.019999999552965164,32.5,1000.0,1000.0,0.0
1776885973.165,100.0,0.0,40.0,0,0.0,32.5,1000.0,1000.0,0.0
1776885973.654,100.0,0.0,46.0,0,0.4000000059604645,32.5,1000.0,1000.0,0.0
1776885974.187,100.0,0.0,40.0,0,1.090000033378601,32.5,1000.0,1000.0,0.0
1776885974.695,100.0,0.0,11.0,0,1.3600000143051147,32.5,1000.0,1000.0,0.0
1776885974.695,100.0,0.0,11.0,0,1.3600000143051147,32.5,1000.0,1000.0,0.0
1776885975.23,100.0,0.0,358.0,0,0.0,32.5,1000.0,1000.0,0.0
1776885976.211,100.0,0.0,351.0,0,0.029999999329447746,32.5,1000.0,1000.0,0.0
1776885976.211,100.0,0.0,351.0,0,0.029999999329447746,32.5,1000.0,1000.0,0.0
1776885976.757,100.0,0.0,331.0,0,0.029999999329447746,32.5,1000.0,1000.0,0.0
1776885977.657,100.0,0.0,308.0,0,0.1899999976158142,32.5,1000.0,1000.0,0.0
1776885977.657,100.0,0.0,308.0,0,0.1899999976158142,32.5,1000.0,1000.0,0.0
1776885978.71,100.0,0.0,305.0,0,0.05000000074505806,32.5,1000.0,1000.0,0.0
1776885979.182,100.0,0.0,299.0,0,0.699999988079071,32.5,1000.0,1000.0,0.0
1776885979.182,100.0,0.0,299.0,0,0.699999988079071,32.5,1000.0,1000.0,0.0
1776885979.799,100.0,0.0,262.0,0,1.25,32.5,1000.0,1000.0,0.0
1776885980.222,100.0,0.0,183.0,0,1.409999966621399,32.5,1000.0,1000.0,0.0
1776885980.755,100.0,0.0,167.0,0,0.7300000190734863,32.5,1000.0,1000.0,0.0
1776885981.24,100.0,0.0,170.0,0,0.0,32.5,1000.0,1000.0,0.0
1776885982.174,100.0,0.0,105.0,0,0.8299999833106995,32.5,1000.0,1000.0,0.0
1776885982.174,100.0,0.0,105.0,0,0.8299999833106995,32.5,1000.0,1000.0,0.0
1776885982.772,100.0,0.0,53.0,0,1.5700000524520874,32.5,1000.0,1000.0,0.0
1776885983.685,100.0,0.0,17.0,0,0.75,32.5,1000.0,1000.0,0.0
1776885984.2,100.0,0.0,19.0,0,0.0,32.5,1000.0,1000.0,0.0
1776885984.2,100.0,0.0,19.0,0,0.0,32.5,1000.0,1000.0,0.0
1776885984.842,100.0,0.0,19.0,0,0.029999999329447746,32.5,1000.0,1000.0,0.0
1776885985.454,100.0,0.0,23.0,0,0.029999999329447746,32.5,1000.0,1000.0,0.0
1776885986.19,100.0,0.0,34.0,0,0.0,32.5,1000.0,1000.0,0.0
1776885986.19,100.0,0.0,34.0,0,0.0,32.5,1000.0,1000.0,0.0
1776885987.2,100.0,0.0,33.0,0,0.0,32.5,1000.0,1000.0,0.0
1776885987.2,100.0,0.0,33.0,0,0.0,32.5,1000.0,1000.0,0.0
1776885987.8,100.0,0.0,32.0,0,0.029999999329447746,32.5,1000.0,1000.0,0.0
1776885988.299,100.0,0.0,26.0,0,0.029999999329447746,32.5,1000.0,1000.0,0.0
1776885988.954,100.0,0.0,11.0,0,0.029999999329447746,32.5,1000.0,1000.0,0.0
1776885989.393,100.0,0.0,10.0,0,0.009999999776482582,32.5,1000.0,1000.0,0.0
1776885989.735,100.0,0.0,9.0,0,0.009999999776482582,32.5,1000.0,1000.0,0.0
1776885990.258,100.0,0.0,10.0,0,0.0,32.5,1000.0,1000.0,0.0
1776885990.772,100.0,0.0,11.0,0,0.0,32.5,1000.0,1000.0,0.0
1776885991.267,100.0,0.0,11.0,0,0.0,32.5,1000.0,1000.0,0.0
1776885991.747,100.0,0.0,9.0,0,0.0,32.5,1000.0,1000.0,0.0
1776885992.219,100.0,0.0,10.0,0,0.0,32.5,1000.0,1000.0,0.0
1776885992.874,100.0,0.0,12.0,0,0.0,32.5,1000.0,1000.0,0.0
1776885993.53,100.0,0.0,10.0,0,0.0,32.5,1000.0,1000.0,0.0
1776885993.728,100.0,0.0,10.0,0,0.0,32.5,1000.0,1000.0,0.0
1776885994.245,100.0,0.0,10.0,0,0.0,32.5,1000.0,1000.0,0.0
1776885994.849,100.0,0.0,14.0,0,0.0,32.5,1000.0,1000.0,0.0
1776885995.265,100.0,0.0,12.0,0,0.0,32.5,1000.0,1000.0,0.0
1776885995.851,100.0,0.0,10.0,0,0.0,32.5,1000.0,1000.0,0.0
1776885996.291,100.0,0.0,9.0,0,0.0,32.5,1000.0,1000.0,0.0
1776885997.015,100.0,0.0,11.0,0,0.0,32.5,1000.0,1000.0,0.0
1776885997.247,100.0,0.0,11.0,0,0.0,32.5,1000.0,1000.0,0.0
1776885997.747,100.0,0.0,11.0,0,0.0,32.5,1000.0,1000.0,0.0
1776885998.337,100.0,0.0,10.0,0,0.0,32.5,1000.0,1000.0,0.0
1776885998.782,100.0,0.0,10.0,0,0.0,32.5,1000.0,1000.0,0.0
1776885999.281,100.0,0.0,11.0,0,0.0,32.5,1000.0,1000.0,0.0
1776885999.766,100.0,0.0,11.0,0,0.0,32.5,1000.0,1000.0,0.0
1776886000.381,100.0,0.0,10.0,0,0.0,32.5,1000.0,1000.0,0.0
1776886000.847,100.0,0.0,11.0,0,0.0,32.5,1000.0,1000.0,0.0
1776886001.293,100.0,0.0,12.0,0,0.0,32.5,1000.0,1000.0,0.0
1776886001.756,100.0,0.0,14.0,0,0.0,32.5,1000.0,1000.0,0.0
1776886002.509,100.0,0.0,10.0,0,0.0,32.5,1000.0,1000.0,0.0
1776886002.827,100.0,0.0,10.0,0,0.0,32.5,1000.0,1000.0,0.0
1776886003.349,100.0,0.0,11.0,0,0.0,32.5,1000.0,1000.0,0.0
1776886003.968,100.0,0.0,16.0,0,0.0,32.5,1000.0,1000.0,0.0
1776886004.297,100.0,0.0,22.0,0,0.03999999910593033,32.5,1000.0,1000.0,0.0
1776886004.765,100.0,0.0,40.0,0,0.03999999910593033,32.5,1000.0,1000.0,0.0
1776886005.438,100.0,0.0,55.0,0,0.07999999821186066,32.5,1000.0,1000.0,0.0
1776886006.035,100.0,0.0,66.0,0,0.029999999329447746,32.5,1000.0,1000.0,0.0
1776886006.309,100.0,0.0,64.0,0,0.0,28.0,1000.0,1000.0,0.0
1776886006.927,100.0,0.0,64.0,0,0.0,28.0,1000.0,1000.0,0.0
1776886007.457,100.0,0.0,64.0,0,0.0,28.5,1000.0,1000.0,0.0
1776886007.778,100.0,0.0,58.0,0,0.20999999344348907,28.5,1000.0,1000.0,0.0
1776886008.476,100.0,0.0,41.0,0,0.8700000047683716,28.5,1000.0,1000.0,0.0
1776886008.896,100.0,0.0,24.0,0,1.5800000429153442,28.5,1000.0,1000.0,0.0
1776886009.317,100.0,0.0,59.0,0,1.4700000286102295,28.5,1000.0,1000.0,0.0
1776886009.813,100.0,0.0,56.0,0,0.949999988079071,28.5,1000.0,1000.0,0.0
1776886010.289,100.0,0.0,54.0,0,0.18000000715255737,28.5,1000.0,1000.0,0.0
1776886010.847,100.0,0.0,39.0,0,0.28999999165534973,28.5,1000.0,1000.0,0.0
1776886011.363,100.0,0.0,23.0,0,0.9800000190734863,28.5,1000.0,1000.0,0.0
1776886011.959,100.0,0.0,35.0,0,1.7300000190734863,28.5,1000.0,1000.0,0.0
1776886012.59,100.0,0.0,66.0,0,1.690000057220459,28.5,1000.0,1000.0,0.0
1776886012.88,100.0,0.0,82.0,0,1.1399999856948853,28.5,1000.0,1000.0,0.0
1776886013.397,100.0,0.0,82.0,0,0.3799999952316284,28.25,1000.0,1000.0,0.0
1776886013.796,100.0,0.0,82.0,0,0.0,28.25,1000.0,1000.0,0.0
1776886014.307,100.0,0.0,81.0,0,0.14000000059604645,28.25,1000.0,1000.0,0.0
1776886014.827,100.0,0.0,93.0,0,0.7900000214576721,28.25,1000.0,1000.0,0.0
1776886015.455,100.0,0.0,82.0,0,1.5199999809265137,27.75,1000.0,1000.0,0.0
1776886015.843,100.0,0.0,7.0,0,1.809999942779541,27.75,1000.0,1000.0,0.0
1776886016.377,100.0,0.0,2.0,0,1.1399999856948853,27.75,1000.0,1000.0,0.0
1776886016.8,100.0,0.0,3.0,0,0.3700000047683716,27.75,1000.0,1000.0,0.0
1776886017.392,100.0,0.0,2.0,0,0.0,27.75,1000.0,1000.0,0.0
1776886017.803,100.0,0.0,8.0,0,0.3499999940395355,27.75,1000.0,1000.0,0.0
1776886018.344,100.0,0.0,25.0,0,0.33000001311302185,27.75,1000.0,1000.0,0.0
1776886018.827,100.0,0.0,46.0,0,0.3100000023841858,27.75,1000.0,1000.0,0.0
1776886019.324,100.0,0.0,65.0,0,0.019999999552965164,27.75,1000.0,1000.0,0.0
1776886019.808,100.0,0.0,86.0,0,0.009999999776482582,27.75,1000.0,1000.0,0.0
1776886020.346,100.0,0.0,105.0,0,0.019999999552965164,27.75,1000.0,1000.0,0.0
1776886020.857,100.0,0.0,134.0,0,0.029999999329447746,27.75,1000.0,1000.0,0.0
1776886021.311,100.0,0.0,144.0,0,0.0,27.75,1000.0,1000.0,0.0
1776886021.831,100.0,0.0,142.0,0,0.029999999329447746,27.75,1000.0,1000.0,0.0
1776886022.314,100.0,0.0,143.0,0,0.0,27.75,1000.0,1000.0,0.0
1776886022.826,100.0,0.0,144.0,0,0.009999999776482582,27.75,1000.0,1000.0,0.0
1776886023.317,100.0,0.0,141.0,0,0.44999998807907104,27.75,1000.0,1000.0,0.0
1776886023.833,100.0,0.0,125.0,0,1.1799999475479126,27.75,1000.0,1000.0,0.0
1776886024.336,100.0,0.0,101.0,0,1.2400000095367432,27.75,1000.0,1000.0,0.0
1776886024.838,100.0,0.0,100.0,0,0.7400000095367432,27.75,1000.0,1000.0,0.0
1776886025.373,100.0,0.0,96.0,0,0.0,27.75,1000.0,1000.0,0.0
1776886025.879,100.0,0.0,82.0,0,0.07000000029802322,27.75,1000.0,1000.0,0.0
1776886026.332,100.0,0.0,82.0,0,0.07999999821186066,27.75,1000.0,1000.0,0.0
1776886026.831,100.0,0.0,83.0,0,0.07999999821186066,27.75,1000.0,1000.0,0.0
1776886027.331,100.0,0.0,80.0,0,0.05000000074505806,29.5,1000.0,1000.0,0.0
1776886027.873,100.0,0.0,83.0,0,0.5,29.5,1000.0,1000.0,0.0
1776886028.338,100.0,0.0,110.0,0,0.5,29.5,1000.0,1000.0,0.0
1776886028.859,100.0,0.0,114.0,0,0.3100000023841858,29.5,1000.0,1000.0,0.0
1776886029.336,100.0,0.0,114.0,0,0.0,29.5,1000.0,1000.0,0.0
1776886029.839,100.0,0.0,130.0,0,0.15000000596046448,29.5,1000.0,1000.0,0.0
1776886030.356,100.0,0.0,132.0,0,0.15000000596046448,29.5,1000.0,1000.0,0.0
1776886030.863,100.0,0.0,132.0,0,0.07999999821186066,29.5,1000.0,1000.0,0.0
1776886031.393,100.0,0.0,126.0,0,0.10000000149011612,29.5,1000.0,1000.0,0.0
1776886031.84,100.0,0.0,132.0,0,0.10000000149011612,29.5,1000.0,1000.0,0.0
1776886032.406,100.0,0.0,132.0,0,0.07999999821186066,29.5,1000.0,1000.0,0.0
1776886032.887,100.0,0.0,148.0,0,0.44999998807907104,29.5,1000.0,1000.0,0.0
1776886033.358,100.0,0.0,154.0,0,0.9700000286102295,29.5,1000.0,1000.0,0.0
1776886033.847,100.0,0.0,154.0,0,1.2699999809265137,29.5,1000.0,1000.0,0.0
1776886034.493,100.0,0.0,147.0,0,0.699999988079071,29.5,1000.0,1000.0,0.0
1776886035.0,100.0,0.0,149.0,0,0.0,29.5,1000.0,1000.0,0.0
1776886035.428,100.0,0.0,146.0,0,0.0,29.5,1000.0,1000.0,0.0
1776886035.941,100.0,0.0,137.0,0,0.0,29.5,1000.0,1000.0,0.0
1776886036.565,100.0,0.0,119.0,0,0.019999999552965164,29.5,1000.0,1000.0,0.0
1776886036.87,100.0,0.0,107.0,0,0.05999999865889549,29.5,1000.0,1000.0,0.0
1776886037.363,100.0,0.0,89.0,0,0.05000000074505806,29.5,1000.0,1000.0,0.0
1776886037.976,100.0,0.0,90.0,0,0.029999999329447746,29.5,1000.0,1000.0,0.0
1776886038.477,100.0,0.0,90.0,0,0.0,29.5,1000.0,1000.0,0.0
1776886038.905,100.0,0.0,83.0,0,0.5099999904632568,29.5,1000.0,1000.0,0.0
1776886039.398,100.0,0.0,76.0,0,1.0399999618530273,31.25,1000.0,1000.0,0.0
1776886039.91,100.0,0.0,69.0,0,0.8100000023841858,31.25,1000.0,1000.0,0.0
1776886040.433,100.0,0.0,70.0,0,0.17000000178813934,31.25,1000.0,1000.0,0.0
1776886040.951,100.0,0.0,71.0,0,0.0,31.25,1000.0,1000.0,0.0
1776886041.619,100.0,0.0,68.0,0,0.05999999865889549,31.25,1000.0,1000.0,0.0
1776886041.938,100.0,0.0,64.0,0,0.5199999809265137,31.25,1000.0,1000.0,0.0
1776886042.405,100.0,0.0,60.0,0,1.059999942779541,31.25,1000.0,1000.0,0.0
1776886042.879,100.0,0.0,59.0,0,0.8500000238418579,31.25,1000.0,1000.0,0.0
1776886043.483,100.0,0.0,53.0,0,0.1899999976158142,31.25,1000.0,1000.0,0.0
1776886043.922,100.0,0.0,47.0,0,0.07999999821186066,31.25,1000.0,1000.0,0.0
1776886044.428,100.0,0.0,51.0,0,0.6200000047683716,32.75,1000.0,1000.0,0.0
1776886045.011,100.0,0.0,31.0,0,1.1399999856948853,32.75,1000.0,1000.0,0.0
1776886045.397,100.0,0.0,13.0,0,0.8600000143051147,32.75,1000.0,1000.0,0.0
1776886046.037,100.0,0.0,8.0,0,0.18000000715255737,32.75,1000.0,1000.0,0.0
1776886046.487,100.0,0.0,12.0,0,0.0,32.75,1000.0,1000.0,0.0
1776886046.969,100.0,0.0,28.0,0,0.029999999329447746,32.75,1000.0,1000.0,0.0
1776886047.42,100.0,0.0,41.0,0,0.029999999329447746,32.75,1000.0,1000.0,0.0
1776886047.926,100.0,0.0,38.0,0,0.009999999776482582,32.75,1000.0,1000.0,0.0
1776886048.438,100.0,0.0,32.0,0,0.14000000059604645,32.75,1000.0,1000.0,0.0
1776886048.951,100.0,0.0,28.0,0,0.4699999988079071,32.75,1000.0,1000.0,0.0
1776886049.471,100.0,0.0,38.0,0,0.9700000286102295,32.75,1000.0,1000.0,0.0
1776886049.922,100.0,0.0,60.0,0,0.3799999952316284,32.75,1000.0,1000.0,0.0
1776886050.482,100.0,0.0,63.0,0,0.0,32.75,1000.0,1000.0,0.0
1776886051.22,100.0,0.0,70.0,0,0.09000000357627869,32.75,1000.0,1000.0,0.0
1776886051.473,100.0,0.0,94.0,0,0.07000000029802322,32.75,1000.0,1000.0,0.0
1776886052.028,100.0,0.0,114.0,0,0.019999999552965164,32.75,1000.0,1000.0,0.0
1776886052.427,100.0,0.0,125.0,0,0.3499999940395355,32.75,1000.0,1000.0,0.0
1776886052.952,100.0,0.0,138.0,0,0.5299999713897705,32.75,1000.0,1000.0,0.0
1776886053.434,100.0,0.0,155.0,0,1.0399999618530273,32.75,1000.0,1000.0,0.0
1776886053.973,100.0,0.0,165.0,0,1.7100000381469727,32.75,1000.0,1000.0,0.0
1776886054.434,100.0,0.0,167.0,0,1.2899999618530273,32.75,1000.0,1000.0,0.0
1776886054.943,100.0,0.0,164.0,0,0.009999999776482582,32.75,1000.0,1000.0,0.0
1776886055.571,100.0,0.0,158.0,0,0.07999999821186066,32.75,1000.0,1000.0,0.0
1776886055.948,100.0,0.0,148.0,0,0.07999999821186066,32.75,1000.0,1000.0,0.0
1776886056.473,100.0,0.0,120.0,0,0.029999999329447746,32.75,1000.0,1000.0,0.0
1776886057.03,100.0,0.0,95.0,0,0.12999999523162842,32.75,1000.0,1000.0,0.0
1776886057.03,100.0,0.0,95.0,0,0.12999999523162842,32.75,1000.0,1000.0,0.0
1776886058.087,100.0,0.0,75.0,0,0.029999999329447746,32.75,1000.0,1000.0,0.0
1776886058.575,100.0,0.0,75.0,0,0.009999999776482582,32.75,1000.0,1000.0,0.0
1776886058.974,100.0,0.0,74.0,0,0.36000001430511475,32.75,1000.0,1000.0,0.0
1776886059.493,100.0,0.0,74.0,0,0.8299999833106995,32.75,1000.0,1000.0,0.0
1776886060.031,100.0,0.0,78.0,0,1.5499999523162842,32.75,1000.0,1000.0,0.0
1776886060.469,100.0,0.0,72.0,0,1.590000033378601,32.75,1000.0,1000.0,0.0
1776886061.014,100.0,0.0,73.0,0,0.05000000074505806,32.75,1000.0,1000.0,0.0
1776886061.459,100.0,0.0,74.0,0,0.029999999329447746,32.75,1000.0,1000.0,0.0
1776886061.956,100.0,0.0,74.0,0,0.019999999552965164,32.75,1000.0,1000.0,0.0
1776886062.722,100.0,0.0,102.0,0,0.09000000357627869,32.75,1000.0,1000.0,0.0
1776886063.053,100.0,0.0,120.0,0,0.07999999821186066,32.75,1000.0,1000.0,0.0
1776886063.467,100.0,0.0,142.0,0,0.019999999552965164,32.75,1000.0,1000.0,0.0
1776886063.961,100.0,0.0,173.0,0,0.07000000029802322,32.75,1000.0,1000.0,0.0
1776886064.459,100.0,0.0,174.0,0,0.029999999329447746,32.75,1000.0,1000.0,0.0
1776886064.963,100.0,0.0,173.0,0,0.0,32.75,1000.0,1000.0,0.0
1776886065.477,100.0,0.0,172.0,0,0.0,32.5,1000.0,1000.0,0.0
1776886065.984,100.0,0.0,163.0,0,0.0,32.5,1000.0,1000.0,0.0
1776886066.508,100.0,0.0,151.0,0,0.0,32.5,1000.0,1000.0,0.0
1776886066.979,100.0,0.0,170.0,0,0.0,32.5,1000.0,1000.0,0.0
1776886066.979,100.0,0.0,170.0,0,0.0,32.5,1000.0,1000.0,0.0
1776886067.979,100.0,0.0,169.0,0,0.0,32.5,1000.0,1000.0,0.0
1776886068.483,100.0,0.0,169.0,0,0.0,32.5,1000.0,1000.0,0.0
1776886069.08,100.0,0.0,163.0,0,0.0,32.5,1000.0,1000.0,0.0
1776886069.488,100.0,0.0,147.0,0,0.03999999910593033,32.5,1000.0,1000.0,0.0
1776886070.002,100.0,0.0,158.0,0,0.03999999910593033,32.5,1000.0,1000.0,0.0
1776886070.527,100.0,0.0,158.0,0,0.019999999552965164,32.5,1000.0,1000.0,0.0
1776886071.179,100.0,0.0,158.0,0,0.0,32.5,1000.0,1000.0,0.0
1776886071.528,100.0,0.0,155.0,0,0.0,32.5,1000.0,1000.0,0.0
1776886071.999,100.0,0.0,152.0,0,0.36000001430511475,32.5,1000.0,1000.0,0.0
1776886072.615,100.0,0.0,149.0,0,0.36000001430511475,32.5,1000.0,1000.0,0.0
1776886073.192,100.0,0.0,147.0,0,0.36000001430511475,32.5,1000.0,1000.0,0.0
1776886073.508,100.0,0.0,141.0,0,0.0,32.5,1000.0,1000.0,0.0
1776886074.004,100.0,0.0,128.0,0,0.07999999821186066,32.5,1000.0,1000.0,0.0
1776886074.511,100.0,0.0,104.0,0,0.05999999865889549,32.5,1000.0,1000.0,0.0
1776886075.013,100.0,0.0,91.0,0,0.09000000357627869,32.5,1000.0,1000.0,0.0
1776886075.539,100.0,0.0,89.0,0,0.0,32.5,1000.0,1000.0,0.0
1776886076.055,100.0,0.0,90.0,0,0.03999999910593033,32.5,1000.0,1000.0,0.0
1776886076.563,100.0,0.0,89.0,0,0.029999999329447746,32.5,1000.0,1000.0,0.0
1776886077.099,100.0,0.0,87.0,0,0.0,32.5,1000.0,1000.0,0.0
1776886077.628,100.0,0.0,82.0,0,0.009999999776482582,32.5,1000.0,1000.0,0.0
1776886077.628,100.0,0.0,82.0,0,0.009999999776482582,32.5,1000.0,1000.0,0.0
1776886078.534,100.0,0.0,54.0,0,0.05999999865889549,32.5,1000.0,1000.0,0.0
1776886079.132,100.0,0.0,31.0,0,0.07999999821186066,32.5,1000.0,1000.0,0.0
1776886079.531,100.0,0.0,19.0,0,0.11999999731779099,32.5,1000.0,1000.0,0.0
1776886080.023,100.0,0.0,20.0,0,0.05000000074505806,32.5,1000.0,1000.0,0.0
1776886080.539,100.0,0.0,21.0,0,0.0,32.5,1000.0,1000.0,0.0
1776886081.075,100.0,0.0,21.0,0,0.019999999552965164,32.5,1000.0,1000.0,0.0
1776886081.075,100.0,0.0,21.0,0,0.019999999552965164,32.5,1000.0,1000.0,0.0
1776886082.034,100.0,0.0,341.0,0,0.07000000029802322,32.5,1000.0,1000.0,0.0
1776886082.531,100.0,0.0,324.0,0,0.029999999329447746,32.5,1000.0,1000.0,0.0
1776886083.034,100.0,0.0,300.0,0,0.009999999776482582,32.5,1000.0,1000.0,0.0
1776886083.533,100.0,0.0,301.0,0,0.029999999329447746,32.5,1000.0,1000.0,0.0
1776886084.036,100.0,0.0,301.0,0,0.009999999776482582,32.5,1000.0,1000.0,0.0
1776886084.567,100.0,0.0,321.0,0,0.18000000715255737,32.5,1000.0,1000.0,0.0
1776886085.05,100.0,0.0,338.0,0,0.6600000262260437,32.5,1000.0,1000.0,0.0
1776886085.618,100.0,0.0,337.0,0,0.6600000262260437,32.5,1000.0,1000.0,0.0
1776886086.062,100.0,0.0,340.0,0,0.0,32.5,1000.0,1000.0,0.0
1776886086.611,100.0,0.0,347.0,0,0.0,30.75,1000.0,1000.0,0.0
1776886087.072,100.0,0.0,355.0,0,0.019999999552965164,30.75,1000.0,1000.0,0.0
1776886087.687,100.0,0.0,4.0,0,0.05999999865889549,30.75,1000.0,1000.0,0.0
1776886088.048,100.0,0.0,22.0,0,0.09000000357627869,30.75,1000.0,1000.0,0.0
1776886088.552,100.0,0.0,13.0,0,0.11999999731779099,31.0,1000.0,1000.0,0.0
1776886089.069,100.0,0.0,14.0,0,0.09000000357627869,31.0,1000.0,1000.0,0.0
1776886089.564,100.0,0.0,15.0,0,0.38999998569488525,31.0,1000.0,1000.0,0.0
1776886090.109,100.0,0.0,1.0,0,0.9300000071525574,31.0,1000.0,1000.0,0.0
1776886090.587,100.0,0.0,1.0,0,0.0,31.0,1000.0,1000.0,0.0
1776886091.099,100.0,0.0,0.0,0,0.019999999552965164,31.0,1000.0,1000.0,0.0
1776886091.586,100.0,0.0,351.0,0,0.009999999776482582,31.0,1000.0,1000.0,0.0
1776886092.137,100.0,0.0,335.0,0,0.0,31.0,1000.0,1000.0,0.0
1776886092.588,100.0,0.0,335.0,0,0.11999999731779099,31.0,1000.0,1000.0,0.0
1776886093.175,100.0,0.0,333.0,0,0.30000001192092896,32.5,1000.0,1000.0,0.0
1776886093.606,100.0,0.0,332.0,0,0.6100000143051147,32.5,1000.0,1000.0,0.0
1776886094.111,100.0,0.0,328.0,0,0.6000000238418579,32.5,1000.0,1000.0,0.0
1776886094.616,100.0,0.0,327.0,0,0.0,32.5,1000.0,1000.0,0.0
1776886094.616,100.0,0.0,327.0,0,0.0,32.5,1000.0,1000.0,0.0
1776886095.587,100.0,0.0,329.0,0,0.27000001072883606,34.0,1000.0,1000.0,0.0
1776886096.126,100.0,0.0,330.0,0,0.009999999776482582,34.0,1000.0,1000.0,0.0
1776886096.622,100.0,0.0,336.0,0,0.009999999776482582,34.0,1000.0,1000.0,0.0
1776886097.125,100.0,0.0,351.0,0,0.009999999776482582,34.0,1000.0,1000.0,0.0
1776886097.658,100.0,0.0,10.0,0,0.0,34.0,1000.0,1000.0,0.0
1776886098.151,100.0,0.0,15.0,0,0.009999999776482582,34.0,1000.0,1000.0,0.0
1776886098.619,100.0,0.0,13.0,0,0.10999999940395355,34.0,1000.0,1000.0,0.0
1776886099.18,100.0,0.0,6.0,0,0.3100000023841858,34.0,1000.0,1000.0,0.0
1776886099.63,100.0,0.0,355.0,0,0.8199999928474426,34.0,1000.0,1000.0,0.0
1776886100.112,100.0,0.0,353.0,0,0.0,34.0,1000.0,1000.0,0.0
1776886100.621,100.0,0.0,348.0,0,0.019999999552965164,34.0,1000.0,1000.0,0.0
1776886101.131,100.0,0.0,346.0,0,0.019999999552965164,34.0,1000.0,1000.0,0.0
1776886101.736,100.0,0.0,346.0,0,0.009999999776482582,34.0,1000.0,1000.0,0.0
1776886101.736,100.0,0.0,346.0,0,0.009999999776482582,34.0,1000.0,1000.0,0.0
1776886102.635,100.0,0.0,316.0,0,0.07000000029802322,34.0,1000.0,1000.0,0.0
1776886103.18,100.0,0.0,297.0,0,0.07999999821186066,34.0,1000.0,1000.0,0.0
1776886103.615,100.0,0.0,277.0,0,0.7200000286102295,34.0,1000.0,1000.0,0.0
1776886104.123,100.0,0.0,267.0,0,0.9100000262260437,34.0,1000.0,1000.0,0.0
1776886104.692,100.0,0.0,265.0,0,0.009999999776482582,34.0,1000.0,1000.0,0.0
1776886105.163,100.0,0.0,266.0,0,0.0,34.0,1000.0,1000.0,0.0
1776886105.646,100.0,0.0,266.0,0,0.029999999329447746,34.0,1000.0,1000.0,0.0
1776886106.184,100.0,0.0,261.0,0,0.029999999329447746,34.0,1000.0,1000.0,0.0
1776886106.646,100.0,0.0,259.0,0,0.029999999329447746,34.0,1000.0,1000.0,0.0
1776886107.18,100.0,0.0,263.0,0,0.07999999821186066,34.0,1000.0,1000.0,0.0
1776886107.708,100.0,0.0,242.0,0,0.6499999761581421,34.0,1000.0,1000.0,0.0
1776886108.13,100.0,0.0,244.0,0,1.1699999570846558,34.0,1000.0,1000.0,0.0
1776886108.637,100.0,0.0,247.0,0,0.8100000023841858,34.0,1000.0,1000.0,0.0
1776886109.138,100.0,0.0,246.0,0,0.15000000596046448,34.0,1000.0,1000.0,0.0
1776886109.644,100.0,0.0,247.0,0,0.07000000029802322,34.0,1000.0,1000.0,0.0
1776886110.233,100.0,0.0,252.0,0,0.5899999737739563,34.0,1000.0,1000.0,0.0
1776886110.233,100.0,0.0,252.0,0,0.5899999737739563,34.0,1000.0,1000.0,0.0
1776886111.189,100.0,0.0,272.0,0,1.0099999904632568,34.0,1000.0,1000.0,0.0
1776886111.189,100.0,0.0,272.0,0,1.0099999904632568,34.0,1000.0,1000.0,0.0
1776886112.181,100.0,0.0,280.0,0,0.03999999910593033,34.0,1000.0,1000.0,0.0
1776886112.715,100.0,0.0,287.0,0,0.07999999821186066,34.0,1000.0,1000.0,0.0
1776886113.232,100.0,0.0,284.0,0,0.07999999821186066,34.0,1000.0,1000.0,0.0
1776886113.232,100.0,0.0,284.0,0,0.07999999821186066,34.0,1000.0,1000.0,0.0
1776886113.748,100.0,0.0,295.0,0,0.1899999976158142,34.0,1000.0,1000.0,0.0
1776886114.678,100.0,0.0,296.0,0,0.8799999952316284,34.0,1000.0,1000.0,0.0
1776886114.678,100.0,0.0,296.0,0,0.8799999952316284,34.0,1000.0,1000.0,0.0
1776886115.731,100.0,0.0,300.0,0,0.12999999523162842,34.0,1000.0,1000.0,0.0
1776886116.181,100.0,0.0,301.0,0,0.7400000095367432,34.0,1000.0,1000.0,0.0
1776886116.702,100.0,0.0,302.0,0,1.4500000476837158,34.0,1000.0,1000.0,0.0
1776886117.239,100.0,0.0,300.0,0,1.8200000524520874,34.0,1000.0,1000.0,0.0
1776886117.239,100.0,0.0,300.0,0,1.8200000524520874,34.0,1000.0,1000.0,0.0
1776886117.74,100.0,0.0,297.0,0,1.75,34.0,1000.0,1000.0,0.0
1776886118.275,100.0,0.0,297.0,0,0.949999988079071,34.0,1000.0,1000.0,0.0
1776886119.084,100.0,0.0,297.0,0,0.17000000178813934,34.0,1000.0,1000.0,0.0
1776886119.707,100.0,0.0,286.0,0,1.0499999523162842,34.0,1000.0,1000.0,0.0
1776886120.216,100.0,0.0,283.0,0,1.600000023841858,34.0,1000.0,1000.0,0.0
1776886120.728,100.0,0.0,305.0,0,1.2799999713897705,34.0,1000.0,1000.0,0.0
1776886120.728,100.0,0.0,305.0,0,1.2799999713897705,34.0,1000.0,1000.0,0.0
1776886121.729,100.0,0.0,291.0,0,0.28999999165534973,34.0,1000.0,1000.0,0.0
1776886121.729,100.0,0.0,291.0,0,0.28999999165534973,34.0,1000.0,1000.0,0.0
1776886122.244,100.0,0.0,292.0,0,0.009999999776482582,34.0,1000.0,1000.0,0.0
1776886122.77,100.0,0.0,292.0,0,0.0,34.0,1000.0,1000.0,0.0
1776886123.7,100.0,0.0,277.0,0,0.5799999833106995,34.0,1000.0,1000.0,0.0
1776886124.208,100.0,0.0,274.0,0,0.8199999928474426,34.0,1000.0,1000.0,0.0
1776886124.705,100.0,0.0,272.0,0,0.6000000238418579,34.0,1000.0,1000.0,0.0
1776886125.207,100.0,0.0,271.0,0,0.14000000059604645,34.0,1000.0,1000.0,0.0
1776886125.207,100.0,0.0,271.0,0,0.14000000059604645,34.0,1000.0,1000.0,0.0
1776886125.854,100.0,0.0,271.0,0,0.0,34.0,1000.0,1000.0,0.0
1776886126.264,100.0,0.0,276.0,0,0.11999999731779099,34.0,1000.0,1000.0,0.0
1776886126.746,100.0,0.0,298.0,0,0.5400000214576721,34.0,1000.0,1000.0,0.0
1776886127.299,100.0,0.0,297.0,0,0.6700000166893005,34.0,1000.0,1000.0,0.0
1776886127.752,100.0,0.0,297.0,0,0.44999998807907104,27.75,1000.0,1000.0,0.0
1776886128.25,100.0,0.0,297.0,0,0.0,27.75,1000.0,1000.0,0.0
1776886128.754,100.0,0.0,297.0,0,0.0,27.75,1000.0,1000.0,0.0
1776886129.242,100.0,0.0,301.0,0,0.10000000149011612,27.75,1000.0,1000.0,0.0
1776886130.232,100.0,0.0,293.0,0,0.6700000166893005,27.75,1000.0,1000.0,0.0
1776886130.232,100.0,0.0,293.0,0,0.6700000166893005,27.75,1000.0,1000.0,0.0
1776886131.239,100.0,0.0,290.0,0,0.09000000357627869,27.75,1000.0,1000.0,0.0
1776886131.239,100.0,0.0,290.0,0,0.09000000357627869,27.75,1000.0,1000.0,0.0
1776886131.239,100.0,0.0,290.0,0,0.09000000357627869,27.75,1000.0,1000.0,0.0
1776886132.343,100.0,0.0,249.0,0,1.0299999713897705,27.75,1000.0,1000.0,0.0
1776886132.752,100.0,0.0,242.0,0,0.8100000023841858,27.75,1000.0,1000.0,0.0
1776886133.32,100.0,0.0,242.0,0,0.49000000953674316,27.75,1000.0,1000.0,0.0
1776886133.856,100.0,0.0,253.0,0,0.5899999737739563,27.75,1000.0,1000.0,0.0
1776886134.303,100.0,0.0,258.0,0,1.2699999809265137,27.75,1000.0,1000.0,0.0
1776886134.783,100.0,0.0,259.0,0,1.7400000095367432,28.25,1000.0,1000.0,0.0
1776886135.287,100.0,0.0,279.0,0,1.8600000143051147,28.25,1000.0,1000.0,0.0
1776886135.783,100.0,0.0,205.0,0,1.3300000429153442,28.25,1000.0,1000.0,0.0
1776886136.273,100.0,0.0,188.0,0,0.5799999833106995,28.25,1000.0,1000.0,0.0
1776886136.757,100.0,0.0,194.0,0,0.0,28.25,1000.0,1000.0,0.0
1776886137.297,100.0,0.0,207.0,0,0.3199999928474426,28.25,1000.0,1000.0,0.0
1776886137.82,100.0,0.0,271.0,0,0.09000000357627869,27.75,1000.0,1000.0,0.0
1776886138.303,100.0,0.0,275.0,0,0.10000000149011612,27.75,1000.0,1000.0,0.0
1776886138.807,100.0,0.0,274.0,0,0.10000000149011612,27.75,1000.0,1000.0,0.0
1776886139.28,100.0,0.0,265.0,0,0.07000000029802322,27.75,1000.0,1000.0,0.0
1776886139.833,100.0,0.0,258.0,0,0.10000000149011612,27.75,1000.0,1000.0,0.0
1776886140.272,100.0,0.0,244.0,0,0.07999999821186066,27.75,1000.0,1000.0,0.0
1776886140.922,100.0,0.0,223.0,0,0.03999999910593033,27.75,1000.0,1000.0,0.0
1776886141.292,100.0,0.0,204.0,0,0.009999999776482582,27.75,1000.0,1000.0,0.0
1776886141.809,100.0,0.0,203.0,0,0.009999999776482582,27.75,1000.0,1000.0,0.0
1776886142.332,100.0,0.0,204.0,0,0.05999999865889549,27.75,1000.0,1000.0,0.0
1776886142.827,100.0,0.0,201.0,0,0.17000000178813934,27.75,1000.0,1000.0,0.0
1776886143.456,100.0,0.0,163.0,0,0.75,27.75,1000.0,1000.0,0.0
1776886143.778,100.0,0.0,153.0,0,0.75,27.5,1000.0,1000.0,0.0
1776886144.458,100.0,0.0,146.0,0,0.2800000011920929,27.5,1000.0,1000.0,0.0
1776886144.907,100.0,0.0,143.0,0,0.0,27.5,1000.0,1000.0,0.0
1776886145.295,100.0,0.0,138.0,0,0.36000001430511475,27.5,1000.0,1000.0,0.0
1776886145.822,100.0,0.0,125.0,0,0.36000001430511475,27.75,1000.0,1000.0,0.0
1776886146.343,100.0,0.0,125.0,0,0.3700000047683716,27.75,1000.0,1000.0,0.0
1776886146.849,100.0,0.0,121.0,0,0.009999999776482582,27.75,1000.0,1000.0,0.0
1776886147.332,100.0,0.0,121.0,0,0.009999999776482582,27.75,1000.0,1000.0,0.0
1776886147.831,100.0,0.0,114.0,0,0.019999999552965164,28.0,1000.0,1000.0,0.0
1776886148.325,100.0,0.0,118.0,0,0.17000000178813934,28.0,1000.0,1000.0,0.0
1776886148.875,100.0,0.0,114.0,0,0.3100000023841858,27.75,1000.0,1000.0,0.0
1776886149.302,100.0,0.0,105.0,0,0.25,27.75,1000.0,1000.0,0.0
1776886149.813,100.0,0.0,103.0,0,0.25,27.75,1000.0,1000.0,0.0
1776886150.349,100.0,0.0,105.0,0,0.0,27.75,1000.0,1000.0,0.0
1776886150.847,100.0,0.0,104.0,0,0.0,27.75,1000.0,1000.0,0.0
1776886151.349,100.0,0.0,102.0,0,0.0,27.75,1000.0,1000.0,0.0
1776886151.819,100.0,0.0,91.0,0,0.6399999856948853,27.75,1000.0,1000.0,0.0
1776886152.321,100.0,0.0,85.0,0,1.0,27.5,1000.0,1000.0,0.0
1776886152.834,100.0,0.0,84.0,0,0.6200000047683716,27.5,1000.0,1000.0,0.0
1776886153.333,100.0,0.0,86.0,0,0.0,27.5,1000.0,1000.0,0.0
1776886153.859,100.0,0.0,84.0,0,0.05000000074505806,27.5,1000.0,1000.0,0.0
1776886154.37,100.0,0.0,82.0,0,0.07000000029802322,27.5,1000.0,1000.0,0.0
1776886154.841,100.0,0.0,81.0,0,0.07999999821186066,27.5,1000.0,1000.0,0.0
1776886155.337,100.0,0.0,129.0,0,0.029999999329447746,27.5,1000.0,1000.0,0.0
1776886155.837,100.0,0.0,143.0,0,0.05000000074505806,27.5,1000.0,1000.0,0.0
1776886156.34,100.0,0.0,144.0,0,0.0,27.5,1000.0,1000.0,0.0
1776886156.841,100.0,0.0,141.0,0,0.0,27.5,1000.0,1000.0,0.0
1776886157.365,100.0,0.0,141.0,0,0.0,27.5,1000.0,1000.0,0.0
1776886157.896,100.0,0.0,145.0,0,0.0,27.5,1000.0,1000.0,0.0
1776886158.356,100.0,0.0,144.0,0,0.0,27.5,1000.0,1000.0,0.0
1776886158.869,100.0,0.0,141.0,0,0.0,27.5,1000.0,1000.0,0.0
1776886159.371,100.0,0.0,139.0,0,0.0,27.5,1000.0,1000.0,0.0
1776886159.858,100.0,0.0,142.0,0,0.0,27.5,1000.0,1000.0,0.0
1776886160.366,100.0,0.0,145.0,0,0.0,27.5,1000.0,1000.0,0.0
1776886160.873,100.0,0.0,142.0,0,0.0,27.5,1000.0,1000.0,0.0
1776886161.367,100.0,0.0,140.0,0,0.0,27.75,1000.0,1000.0,0.0
1776886161.868,100.0,0.0,141.0,0,0.0,27.75,1000.0,1000.0,0.0
1776886162.375,100.0,0.0,143.0,0,0.0,27.5,1000.0,1000.0,0.0
1776886162.872,100.0,0.0,143.0,0,0.0,27.5,1000.0,1000.0,0.0
1776886163.397,100.0,0.0,142.0,0,0.0,27.5,1000.0,1000.0,0.0
1776886163.905,100.0,0.0,141.0,0,0.0,27.5,1000.0,1000.0,0.0
1776886164.398,100.0,0.0,144.0,0,0.0,27.5,1000.0,1000.0,0.0
1776886164.953,100.0,0.0,144.0,0,0.0,27.5,1000.0,1000.0,0.0
1776886165.382,100.0,0.0,143.0,0,0.0,27.0,1000.0,1000.0,0.0
1776886165.886,100.0,0.0,140.0,0,0.0,27.0,1000.0,1000.0,0.0
1776886166.402,100.0,0.0,141.0,0,0.019999999552965164,27.0,1000.0,1000.0,0.0
1776886166.929,100.0,0.0,131.0,0,0.019999999552965164,27.0,1000.0,1000.0,0.0
1776886167.412,100.0,0.0,128.0,0,0.009999999776482582,27.0,1000.0,1000.0,0.0
1776886167.931,100.0,0.0,147.0,0,0.0,27.0,1000.0,1000.0,0.0
1776886168.425,100.0,0.0,192.0,0,0.0,27.75,1000.0,1000.0,0.0
1776886168.899,100.0,0.0,198.0,0,0.03999999910593033,27.75,1000.0,1000.0,0.0
1776886169.413,100.0,0.0,197.0,0,0.029999999329447746,27.75,1000.0,1000.0,0.0
1776886169.924,100.0,0.0,186.0,0,0.2199999988079071,27.75,1000.0,1000.0,0.0
1776886169.924,100.0,0.0,186.0,0,0.2199999988079071,27.75,1000.0,1000.0,0.0
1776886170.925,100.0,0.0,166.0,0,0.8299999833106995,27.75,1000.0,1000.0,0.0
1776886171.412,100.0,0.0,167.0,0,0.3499999940395355,27.75,1000.0,1000.0,0.0
1776886171.913,100.0,0.0,166.0,0,0.0,27.75,1000.0,1000.0,0.0
1776886172.412,100.0,0.0,163.0,0,0.009999999776482582,27.75,1000.0,1000.0,0.0
1776886172.938,100.0,0.0,127.0,0,0.38999998569488525,27.75,1000.0,1000.0,0.0
1776886173.666,100.0,0.0,121.0,0,0.38999998569488525,28.0,1000.0,1000.0,0.0
1776886173.944,100.0,0.0,119.0,0,0.2800000011920929,28.0,1000.0,1000.0,0.0
1776886174.446,100.0,0.0,111.0,0,0.0,28.25,1000.0,1000.0,0.0
1776886174.963,100.0,0.0,106.0,0,0.0,28.25,1000.0,1000.0,0.0
1776886175.472,100.0,0.0,108.0,0,0.6100000143051147,28.25,1000.0,1000.0,0.0
1776886175.919,100.0,0.0,164.0,0,1.0800000429153442,28.25,1000.0,1000.0,0.0
1776886176.425,100.0,0.0,167.0,0,1.0,28.25,1000.0,1000.0,0.0
1776886176.979,100.0,0.0,167.0,0,0.009999999776482582,28.25,1000.0,1000.0,0.0
1776886177.478,100.0,0.0,167.0,0,0.009999999776482582,28.25,1000.0,1000.0,0.0
1776886177.969,100.0,0.0,165.0,0,0.029999999329447746,28.25,1000.0,1000.0,0.0
1776886178.429,100.0,0.0,162.0,0,0.10999999940395355,28.25,1000.0,1000.0,0.0
1776886178.947,100.0,0.0,157.0,0,0.46000000834465027,28.25,1000.0,1000.0,0.0
1776886179.477,100.0,0.0,153.0,0,0.49000000953674316,28.25,1000.0,1000.0,0.0
1776886179.974,100.0,0.0,151.0,0,0.18000000715255737,28.25,1000.0,1000.0,0.0
1776886180.439,100.0,0.0,158.0,0,0.14000000059604645,28.25,1000.0,1000.0,0.0
1776886181.016,100.0,0.0,169.0,0,0.5600000023841858,28.25,1000.0,1000.0,0.0
1776886181.473,100.0,0.0,163.0,0,1.2400000095367432,28.25,1000.0,1000.0,0.0
1776886181.94,100.0,0.0,184.0,0,1.4299999475479126,28.25,1000.0,1000.0,0.0
1776886182.6,100.0,0.0,191.0,0,1.0499999523162842,28.25,1000.0,1000.0,0.0
1776886182.969,100.0,0.0,187.0,0,0.3499999940395355,28.25,1000.0,1000.0,0.0
1776886183.668,100.0,0.0,192.0,0,0.03999999910593033,28.25,1000.0,1000.0,0.0
1776886183.961,100.0,0.0,187.0,0,0.03999999910593033,28.25,1000.0,1000.0,0.0
1776886184.494,100.0,0.0,176.0,0,0.029999999329447746,28.25,1000.0,1000.0,0.0
1776886184.988,100.0,0.0,154.0,0,0.029999999329447746,28.25,1000.0,1000.0,0.0
1776886185.503,100.0,0.0,152.0,0,0.019999999552965164,28.25,1000.0,1000.0,0.0
1776886186.018,100.0,0.0,153.0,0,0.029999999329447746,28.25,1000.0,1000.0,0.0
1776886186.537,97.0,0.0,164.0,0,0.029999999329447746,28.0,1000.0,1000.0,0.0
1776886186.97,96.0,0.0,166.0,0,0.029999999329447746,28.0,1000.0,1000.0,0.0
1776886187.462,95.0,0.0,180.0,0,0.029999999329447746,28.0,1000.0,1000.0,0.0
1776886187.97,97.0,0.0,181.0,0,0.0,28.0,1000.0,1000.0,0.0
1776886188.469,100.0,0.0,174.0,0,0.0,28.0,1000.0,1000.0,0.0
1776886189.06,100.0,0.0,167.0,0,0.0,28.0,1000.0,1000.0,0.0
1776886189.477,100.0,0.0,166.0,0,0.0,28.0,1000.0,1000.0,0.0
1776886190.034,100.0,0.0,169.0,0,0.0,28.0,1000.0,1000.0,0.0
1776886190.519,100.0,0.0,180.0,0,0.0,27.5,1000.0,1000.0,0.0
1776886190.983,100.0,0.0,175.0,0,0.10000000149011612,27.5,1000.0,1000.0,0.0
1776886191.483,100.0,0.0,162.0,0,0.4399999976158142,27.5,1000.0,1000.0,0.0
1776886192.044,100.0,0.0,165.0,0,0.5799999833106995,27.5,1000.0,1000.0,0.0
1776886192.492,100.0,0.0,170.0,0,0.4099999964237213,27.25,1000.0,1000.0,0.0
1776886193.028,100.0,0.0,170.0,0,0.10999999940395355,27.25,1000.0,1000.0,0.0
1776886193.608,100.0,0.0,165.0,0,0.0,27.25,1000.0,1000.0,0.0
1776886193.996,100.0,0.0,168.0,0,0.0,27.25,1000.0,1000.0,0.0
1776886194.495,100.0,0.0,160.0,0,0.019999999552965164,27.25,1000.0,1000.0,0.0
1776886195.035,100.0,0.0,140.0,0,0.4699999988079071,27.25,1000.0,1000.0,0.0
1776886195.509,100.0,0.0,116.0,0,0.9599999785423279,27.25,1000.0,1000.0,0.0
1776886195.998,100.0,0.0,52.0,0,0.9900000095367432,27.25,1000.0,1000.0,0.0
1776886196.498,100.0,0.0,32.0,0,0.5299999713897705,27.25,1000.0,1000.0,0.0
1776886197.019,100.0,0.0,36.0,0,0.0,27.25,1000.0,1000.0,0.0
1776886197.52,100.0,0.0,40.0,0,0.029999999329447746,27.25,1000.0,1000.0,0.0
1776886198.019,100.0,0.0,58.0,0,0.3799999952316284,27.25,1000.0,1000.0,0.0
1776886198.518,100.0,0.0,138.0,0,0.8700000047683716,27.0,1000.0,1000.0,0.0
1776886199.026,100.0,0.0,157.0,0,1.2899999618530273,27.0,1000.0,1000.0,0.0
1776886199.524,100.0,0.0,164.0,0,1.1399999856948853,27.0,1000.0,1000.0,0.0
1776886200.055,100.0,0.0,170.0,0,0.7300000190734863,27.0,1000.0,1000.0,0.0
1776886200.587,100.0,0.0,152.0,0,0.20999999344348907,27.0,1000.0,1000.0,0.0
1776886201.19,100.0,0.0,126.0,0,0.6100000143051147,27.0,1000.0,1000.0,0.0
1776886201.565,100.0,0.0,87.0,0,1.059999942779541,27.0,1000.0,1000.0,0.0
1776886202.04,100.0,0.0,47.0,0,1.1399999856948853,27.0,1000.0,1000.0,0.0
1776886202.539,100.0,0.0,38.0,0,0.5699999928474426,27.0,1000.0,1000.0,0.0
1776886203.039,100.0,0.0,40.0,0,0.0,27.0,1000.0,1000.0,0.0
1776886203.58,100.0,0.0,53.0,0,0.009999999776482582,27.0,1000.0,1000.0,0.0
1776886204.053,100.0,0.0,51.0,0,0.0,27.0,1000.0,1000.0,0.0
1776886204.543,100.0,0.0,33.0,0,0.029999999329447746,27.0,1000.0,1000.0,0.0
1776886205.087,100.0,0.0,15.0,0,0.09000000357627869,27.0,1000.0,1000.0,0.0
1776886205.602,100.0,0.0,13.0,0,0.05000000074505806,27.0,1000.0,1000.0,0.0
1776886206.08,100.0,0.0,352.0,0,0.07000000029802322,27.0,1000.0,1000.0,0.0
1776886206.552,100.0,0.0,323.0,0,0.05000000074505806,27.0,1000.0,1000.0,0.0
1776886207.083,100.0,0.0,307.0,0,0.029999999329447746,27.0,1000.0,1000.0,0.0
1776886207.555,100.0,0.0,317.0,0,0.029999999329447746,27.0,1000.0,1000.0,0.0
1776886208.063,100.0,0.0,339.0,0,0.03999999910593033,27.0,1000.0,1000.0,0.0
1776886208.603,100.0,0.0,351.0,0,0.029999999329447746,27.0,1000.0,1000.0,0.0
1776886209.056,100.0,0.0,331.0,0,0.029999999329447746,27.0,1000.0,1000.0,0.0
1776886209.593,100.0,0.0,327.0,0,0.1599999964237213,27.0,1000.0,1000.0,0.0
1776886210.089,100.0,0.0,356.0,0,0.5099999904632568,27.0,1000.0,1000.0,0.0
1776886210.635,100.0,0.0,6.0,0,1.2200000286102295,27.0,1000.0,1000.0,0.0
1776886211.07,100.0,0.0,130.0,0,1.75,27.0,1000.0,1000.0,0.0
1776886211.719,100.0,0.0,138.0,0,1.7599999904632568,27.0,1000.0,1000.0,0.0
1776886212.179,100.0,0.0,128.0,0,1.3200000524520874,27.0,1000.0,1000.0,0.0
1776886212.583,100.0,0.0,0.0,0,1.090000033378601,27.0,1000.0,1000.0,0.0
1776886213.123,100.0,0.0,328.0,0,1.0299999713897705,27.0,1000.0,1000.0,0.0
1776886213.604,100.0,0.0,326.0,0,1.5,27.0,1000.0,1000.0,0.0
1776886214.079,100.0,0.0,322.0,0,0.05000000074505806,27.0,1000.0,1000.0,0.0
1776886214.607,100.0,0.0,307.0,0,0.1899999976158142,27.0,1000.0,1000.0,0.0
1776886215.095,100.0,0.0,267.0,0,0.20999999344348907,27.0,1000.0,1000.0,0.0
1776886215.623,100.0,0.0,229.0,0,0.4000000059604645,27.0,1000.0,1000.0,0.0
1776886216.152,100.0,0.0,171.0,0,0.49000000953674316,27.0,1000.0,1000.0,0.0
1776886216.597,100.0,0.0,164.0,0,1.0299999713897705,27.0,1000.0,1000.0,0.0
1776886217.117,100.0,0.0,173.0,0,1.5299999713897705,27.0,1000.0,1000.0,0.0
1776886217.651,100.0,0.0,264.0,0,1.590000033378601,27.0,1000.0,1000.0,0.0
1776886218.093,100.0,0.0,358.0,0,1.4600000381469727,27.0,1000.0,1000.0,0.0
1776886218.616,100.0,0.0,359.0,0,1.3700000047683716,27.0,1000.0,1000.0,0.0
1776886219.096,100.0,0.0,6.0,0,1.5099999904632568,27.0,1000.0,1000.0,0.0
1776886219.603,100.0,0.0,357.0,0,1.5199999809265137,27.0,1000.0,1000.0,0.0
1776886220.108,100.0,0.0,356.0,0,1.4600000381469727,27.0,1000.0,1000.0,0.0
1776886220.612,100.0,0.0,353.0,0,1.4199999570846558,27.0,1000.0,1000.0,0.0
1776886221.142,100.0,0.0,347.0,0,1.5399999618530273,27.0,1000.0,1000.0,0.0
1776886221.619,100.0,0.0,293.0,0,1.5700000524520874,27.0,1000.0,1000.0,0.0
1776886222.161,100.0,0.0,308.0,0,1.440000057220459,27.0,1000.0,1000.0,0.0
1776886222.627,100.0,0.0,272.0,0,1.340000033378601,27.0,1000.0,1000.0,0.0
1776886223.112,100.0,0.0,220.0,0,1.3200000524520874,27.0,1000.0,1000.0,0.0
1776886223.609,100.0,0.0,186.0,0,1.5099999904632568,27.0,1000.0,1000.0,0.0
1776886224.109,100.0,0.0,174.0,0,1.6100000143051147,27.0,1000.0,1000.0,0.0
1776886224.629,100.0,0.0,179.0,0,1.590000033378601,27.0,1000.0,1000.0,0.0
1776886225.152,100.0,0.0,189.0,0,1.590000033378601,27.0,1000.0,1000.0,0.0
1776886225.753,100.0,0.0,231.0,0,1.6799999475479126,27.0,1000.0,1000.0,0.0
1776886226.114,100.0,0.0,274.0,0,1.649999976158142,27.0,1000.0,1000.0,0.0
1776886226.655,100.0,0.0,260.0,0,1.4199999570846558,27.0,1000.0,1000.0,0.0
1776886226.655,100.0,0.0,260.0,0,1.4199999570846558,27.0,1000.0,1000.0,0.0
1776886227.727,100.0,0.0,212.0,0,1.440000057220459,27.0,1000.0,1000.0,0.0
1776886228.248,100.0,0.0,197.0,0,1.6399999856948853,27.0,1000.0,1000.0,0.0
1776886228.619,100.0,0.0,196.0,0,1.6399999856948853,27.0,1000.0,1000.0,0.0
1776886229.123,100.0,0.0,208.0,0,1.559999942779541,27.0,1000.0,1000.0,0.0
1776886229.642,100.0,0.0,219.0,0,1.6399999856948853,27.0,1000.0,1000.0,0.0
1776886230.148,100.0,0.0,237.0,0,1.659999966621399,27.0,1000.0,1000.0,0.0
1776886230.148,100.0,0.0,237.0,0,1.659999966621399,27.0,1000.0,1000.0,0.0
1776886230.853,100.0,0.0,266.0,0,1.5499999523162842,27.0,1000.0,1000.0,0.0
1776886231.635,100.0,0.0,358.0,0,1.440000057220459,27.0,1000.0,1000.0,0.0
1776886232.184,100.0,0.0,22.0,0,1.5399999618530273,27.0,1000.0,1000.0,0.0
1776886232.718,100.0,0.0,118.0,0,1.5499999523162842,27.0,1000.0,1000.0,0.0
1776886233.174,100.0,0.0,160.0,0,1.3799999952316284,27.0,1000.0,1000.0,0.0
1776886233.755,100.0,0.0,186.0,0,1.3300000429153442,27.0,1000.0,1000.0,0.0
1776886234.152,100.0,0.0,198.0,0,1.309999942779541,27.0,1000.0,1000.0,0.0
1776886234.748,100.0,0.0,203.0,0,1.309999942779541,27.0,1000.0,1000.0,0.0
1776886235.187,100.0,0.0,185.0,0,1.309999942779541,27.0,1000.0,1000.0,0.0
1776886235.681,100.0,0.0,171.0,0,1.5,27.0,1000.0,1000.0,0.0
1776886236.218,100.0,0.0,172.0,0,1.6299999952316284,27.0,1000.0,1000.0,0.0
1776886236.734,100.0,0.0,170.0,0,1.5700000524520874,27.0,1000.0,1000.0,0.0
1776886237.153,100.0,0.0,171.0,0,1.4299999475479126,27.0,1000.0,1000.0,0.0
1776886237.153,100.0,0.0,171.0,0,1.4299999475479126,27.0,1000.0,1000.0,0.0
1776886238.181,100.0,0.0,146.0,0,1.350000023841858,27.0,1000.0,1000.0,0.0
1776886238.678,100.0,0.0,108.0,0,1.2999999523162842,27.0,1000.0,1000.0,0.0
1776886239.196,100.0,0.0,17.0,0,1.309999942779541,27.0,1000.0,1000.0,0.0
1776886239.196,100.0,0.0,17.0,0,1.309999942779541,27.0,1000.0,1000.0,0.0
1776886240.167,100.0,0.0,321.0,0,1.7300000190734863,27.0,1000.0,1000.0,0.0
1776886240.702,100.0,0.0,273.0,0,1.7300000190734863,27.0,1000.0,1000.0,0.0
1776886241.165,100.0,0.0,334.0,0,1.1399999856948853,27.0,1000.0,1000.0,0.0
1776886241.67,100.0,0.0,340.0,0,0.41999998688697815,27.0,1000.0,1000.0,0.0
1776886242.195,100.0,0.0,339.0,0,0.0,27.0,1000.0,1000.0,0.0
1776886242.736,100.0,0.0,0.0,0,0.41999998688697815,27.0,1000.0,1000.0,0.0
1776886242.736,100.0,0.0,0.0,0,0.41999998688697815,27.0,1000.0,1000.0,0.0
1776886243.693,100.0,0.0,274.0,0,0.029999999329447746,27.0,1000.0,1000.0,0.0
1776886243.693,100.0,0.0,274.0,0,0.029999999329447746,27.0,1000.0,1000.0,0.0
1776886244.699,100.0,0.0,286.0,0,0.019999999552965164,27.0,1000.0,1000.0,0.0
1776886245.235,100.0,0.0,275.0,0,0.029999999329447746,27.0,1000.0,1000.0,0.0
1776886245.698,100.0,0.0,271.0,0,0.029999999329447746,27.0,1000.0,1000.0,0.0
1776886246.205,100.0,0.0,253.0,0,0.019999999552965164,27.0,1000.0,1000.0,0.0
1776886246.736,100.0,0.0,253.0,0,0.029999999329447746,27.0,1000.0,1000.0,0.0
1776886247.194,100.0,0.0,253.0,0,0.019999999552965164,27.0,1000.0,1000.0,0.0
1776886247.7,100.0,0.0,253.0,0,0.0,27.0,1000.0,1000.0,0.0
1776886248.225,100.0,0.0,253.0,0,0.0,27.0,1000.0,1000.0,0.0
1776886248.7,100.0,0.0,254.0,0,0.0,27.329999923706055,1000.0,1000.0,0.0
1776886248.7,100.0,0.0,254.0,0,0.0,27.329999923706055,1000.0,1000.0,0.0
1776886249.735,100.0,0.0,253.0,0,0.0,27.329999923706055,1000.0,1000.0,0.0
1776886250.207,100.0,0.0,253.0,0,0.0,27.329999923706055,1000.0,1000.0,0.0
1776886250.207,100.0,0.0,253.0,0,0.0,27.329999923706055,1000.0,1000.0,0.0
1776886250.207,100.0,0.0,253.0,0,0.0,27.329999923706055,1000.0,1000.0,0.0
1776886251.707,100.0,0.0,253.0,0,0.0,27.329999923706055,1000.0,1000.0,0.0
1776886252.208,100.0,0.0,253.0,0,0.0,27.329999923706055,1000.0,1000.0,0.0
1776886252.729,100.0,0.0,253.0,0,0.0,27.329999923706055,1000.0,1000.0,0.0
1776886253.218,100.0,0.0,253.0,0,0.0,27.329999923706055,1000.0,1000.0,0.0
1776886253.711,100.0,0.0,254.0,0,0.0,27.329999923706055,1000.0,1000.0,0.0
1776886254.227,100.0,0.0,253.0,0,0.0,27.329999923706055,1000.0,1000.0,0.0
1776886254.726,100.0,0.0,253.0,0,0.0,27.329999923706055,1000.0,1000.0,0.0
1776886255.247,100.0,0.0,254.0,0,0.0,27.329999923706055,1000.0,1000.0,0.0
1776886255.247,100.0,0.0,254.0,0,0.0,27.329999923706055,1000.0,1000.0,0.0
1776886256.231,100.0,0.0,253.0,0,0.0,27.329999923706055,1000.0,1000.0,0.0
1776886256.719,100.0,0.0,254.0,0,0.0,27.329999923706055,1000.0,1000.0,0.0
1776886256.719,100.0,0.0,254.0,0,0.0,27.329999923706055,1000.0,1000.0,0.0
1776886257.723,100.0,0.0,252.0,0,0.0,27.329999923706055,1000.0,1000.0,0.0
1776886258.263,100.0,0.0,254.0,0,0.0,27.329999923706055,1000.0,1000.0,0.0
1776886258.748,100.0,0.0,253.0,0,0.0,27.0,1000.0,1000.0,0.0
1776886258.748,100.0,0.0,253.0,0,0.0,27.0,1000.0,1000.0,0.0
1776886259.738,100.0,0.0,254.0,0,0.0,27.0,1000.0,1000.0,0.0
1776886260.259,100.0,0.0,253.0,0,0.0,27.0,1000.0,1000.0,0.0
1776886260.76,100.0,0.0,253.0,0,0.0,27.0,1000.0,1000.0,0.0
1776886260.76,100.0,0.0,253.0,0,0.0,27.0,1000.0,1000.0,0.0
1776886261.758,100.0,0.0,254.0,0,0.0,27.0,1000.0,1000.0,0.0
1776886261.758,100.0,0.0,254.0,0,0.0,27.0,1000.0,1000.0,0.0
1776886262.74,100.0,0.0,253.0,0,0.0,27.329999923706055,1000.0,1000.0,0.0
1776886263.246,100.0,0.0,253.0,0,0.0,27.329999923706055,1000.0,1000.0,0.0
1776886263.754,100.0,0.0,254.0,0,0.0,27.329999923706055,1000.0,1000.0,0.0
1776886263.754,100.0,0.0,254.0,0,0.0,27.329999923706055,1000.0,1000.0,0.0
1776886264.761,100.0,0.0,253.0,0,0.0,27.329999923706055,1000.0,1000.0,0.0
1776886265.275,100.0,0.0,253.0,0,0.0,27.329999923706055,1000.0,1000.0,0.0
1776886265.275,100.0,0.0,253.0,0,0.0,27.329999923706055,1000.0,1000.0,0.0
1776886265.803,100.0,0.0,253.0,0,0.0,27.329999923706055,1000.0,1000.0,0.0
1776886266.35,100.0,0.0,255.0,0,0.0,27.329999923706055,1000.0,1000.0,0.0
1776886266.893,100.0,0.0,254.0,0,0.0,27.329999923706055,1000.0,1000.0,0.0
1776886267.346,100.0,0.0,253.0,0,0.0,27.329999923706055,1000.0,1000.0,0.0
1776886267.784,100.0,0.0,252.0,0,0.0,27.329999923706055,1000.0,1000.0,0.0
1776886268.36,100.0,0.0,253.0,0,0.0,27.329999923706055,1000.0,1000.0,0.0
1776886268.793,100.0,0.0,254.0,0,0.0,27.329999923706055,1000.0,1000.0,0.0
1776886269.284,100.0,0.0,253.0,0,0.0,27.329999923706055,1000.0,1000.0,0.0
1776886269.788,100.0,0.0,252.0,0,0.0,27.329999923706055,1000.0,1000.0,0.0
1776886270.327,100.0,0.0,253.0,0,0.0,27.329999923706055,1000.0,1000.0,0.0
1776886270.828,100.0,0.0,253.0,0,0.0,27.329999923706055,1000.0,1000.0,0.0
1776886271.305,100.0,0.0,253.0,0,0.0,27.329999923706055,1000.0,1000.0,0.0
1776886271.836,100.0,0.0,253.0,0,0.0,27.329999923706055,1000.0,1000.0,0.0
1776886272.309,100.0,0.0,253.0,0,0.0,27.329999923706055,1000.0,1000.0,0.0
1776886272.817,100.0,0.0,252.0,0,0.009999999776482582,26.670000076293945,1000.0,1000.0,0.0
1776886273.333,100.0,0.0,256.0,0,0.009999999776482582,26.670000076293945,1000.0,1000.0,0.0
1776886273.803,100.0,0.0,266.0,0,0.0,26.670000076293945,1000.0,1000.0,0.0
1776886274.326,100.0,0.0,278.0,0,0.0,26.670000076293945,1000.0,1000.0,0.0
1776886274.849,100.0,0.0,267.0,0,0.1899999976158142,26.670000076293945,1000.0,1000.0,0.0
1776886275.298,100.0,0.0,277.0,0,0.3799999952316284,26.670000076293945,1000.0,1000.0,0.0
1776886275.899,100.0,0.0,328.0,0,1.0299999713897705,26.670000076293945,1000.0,1000.0,0.0
1776886276.446,100.0,0.0,15.0,0,1.7400000095367432,26.670000076293945,1000.0,1000.0,0.0
1776886276.892,100.0,0.0,45.0,0,1.649999976158142,26.670000076293945,1000.0,1000.0,0.0
1776886277.399,100.0,0.0,43.0,0,0.9200000166893005,26.670000076293945,1000.0,1000.0,0.0
1776886277.81,100.0,0.0,45.0,0,0.20999999344348907,26.670000076293945,1000.0,1000.0,0.0
1776886278.315,100.0,0.0,43.0,0,0.029999999329447746,26.670000076293945,1000.0,1000.0,0.0
1776886278.818,100.0,0.0,47.0,0,0.5099999904632568,26.670000076293945,1000.0,1000.0,0.0
1776886279.327,100.0,0.0,243.0,0,0.8600000143051147,26.670000076293945,1000.0,1000.0,0.0
1776886279.859,100.0,0.0,238.0,0,0.009999999776482582,26.670000076293945,1000.0,1000.0,0.0
1776886279.859,100.0,0.0,238.0,0,0.009999999776482582,26.670000076293945,1000.0,1000.0,0.0
1776886279.859,100.0,0.0,238.0,0,0.009999999776482582,26.670000076293945,1000.0,1000.0,0.0
1776886281.385,100.0,0.0,239.0,0,0.05999999865889549,26.670000076293945,1000.0,1000.0,0.0
1776886281.385,100.0,0.0,239.0,0,0.05999999865889549,26.670000076293945,1000.0,1000.0,0.0
1776886282.381,100.0,0.0,237.0,0,0.03999999910593033,26.670000076293945,1000.0,1000.0,0.0
1776886282.381,100.0,0.0,237.0,0,0.03999999910593033,26.670000076293945,1000.0,1000.0,0.0
1776886283.438,100.0,0.0,237.0,0,0.0,26.670000076293945,1000.0,1000.0,0.0
1776886283.887,100.0,0.0,237.0,0,0.0,26.670000076293945,1000.0,1000.0,0.0
1776886284.364,100.0,0.0,239.0,0,0.029999999329447746,26.670000076293945,1000.0,1000.0,0.0
1776886284.94,100.0,0.0,299.0,0,0.6899999976158142,26.670000076293945,1000.0,1000.0,0.0
1776886285.373,100.0,0.0,315.0,0,0.0,26.670000076293945,1000.0,1000.0,0.0
1776886285.373,100.0,0.0,315.0,0,0.0,26.670000076293945,1000.0,1000.0,0.0
1776886286.612,100.0,0.0,322.0,0,0.03999999910593033,26.670000076293945,1000.0,1000.0,0.0
1776886286.92,100.0,0.0,323.0,0,0.0,26.670000076293945,1000.0,1000.0,0.0
1776886287.537,100.0,0.0,328.0,0,0.07000000029802322,26.670000076293945,1000.0,1000.0,0.0
1776886287.925,100.0,0.0,331.0,0,0.10000000149011612,26.670000076293945,1000.0,1000.0,0.0
1776886288.36,100.0,0.0,326.0,0,0.0,26.670000076293945,1000.0,1000.0,0.0
1776886288.947,100.0,0.0,327.0,0,0.019999999552965164,26.670000076293945,1000.0,1000.0,0.0
1776886289.473,97.0,0.0,328.0,0,0.0,26.670000076293945,1000.0,1000.0,0.0
1776886289.473,97.0,0.0,328.0,0,0.0,26.670000076293945,1000.0,1000.0,0.0
1776886290.657,97.0,0.0,316.0,0,0.0,26.670000076293945,1000.0,1000.0,0.0
1776886290.657,97.0,0.0,316.0,0,0.0,26.670000076293945,1000.0,1000.0,0.0
1776886291.759,98.0,0.0,329.0,0,0.009999999776482582,26.670000076293945,1000.0,1000.0,0.0
1776886291.759,98.0,0.0,329.0,0,0.009999999776482582,26.670000076293945,1000.0,1000.0,0.0
1776886292.639,97.0,0.0,312.0,0,0.0,26.670000076293945,1000.0,1000.0,0.0
1776886292.639,97.0,0.0,312.0,0,0.0,26.670000076293945,1000.0,1000.0,0.0
1776886293.521,97.0,0.0,301.0,0,0.4099999964237213,26.670000076293945,1000.0,1000.0,0.0
1776886294.206,100.0,0.0,195.0,0,1.7699999809265137,26.670000076293945,1000.0,1000.0,0.0
1776886294.206,100.0,0.0,195.0,0,1.7699999809265137,26.670000076293945,1000.0,1000.0,0.0
1776886294.206,100.0,0.0,195.0,0,1.7699999809265137,26.670000076293945,1000.0,1000.0,0.0
1776886295.613,100.0,0.0,250.0,0,1.9700000286102295,26.670000076293945,1000.0,1000.0,0.0
1776886295.613,100.0,0.0,250.0,0,1.9700000286102295,26.670000076293945,1000.0,1000.0,0.0
1776886295.613,100.0,0.0,250.0,0,1.9700000286102295,26.670000076293945,1000.0,1000.0,0.0
1776886296.857,100.0,0.0,321.0,0,0.25,26.670000076293945,1000.0,1000.0,0.0
1776886297.464,100.0,0.0,356.0,0,0.0,26.670000076293945,1000.0,1000.0,0.0
1776886297.464,100.0,0.0,356.0,0,0.0,26.670000076293945,1000.0,1000.0,0.0
1776886298.392,100.0,0.0,9.0,0,0.0,26.670000076293945,1000.0,1000.0,0.0
1776886298.908,100.0,0.0,2.0,0,0.029999999329447746,26.670000076293945,1000.0,1000.0,0.0
1776886299.437,100.0,0.0,339.0,0,0.029999999329447746,26.670000076293945,1000.0,1000.0,0.0
1776886299.957,100.0,0.0,321.0,0,0.019999999552965164,26.670000076293945,1000.0,1000.0,0.0
1776886300.383,100.0,0.0,305.0,0,0.03999999910593033,26.670000076293945,1000.0,1000.0,0.0
1776886300.9,100.0,0.0,295.0,0,0.03999999910593033,26.670000076293945,1000.0,1000.0,0.0
1776886301.411,100.0,0.0,283.0,0,0.03999999910593033,26.670000076293945,1000.0,1000.0,0.0
1776886301.941,100.0,0.0,277.0,0,0.05000000074505806,26.670000076293945,1000.0,1000.0,0.0
1776886302.39,100.0,0.0,276.0,0,0.03999999910593033,26.670000076293945,1000.0,1000.0,0.0
1776886302.897,100.0,0.0,271.0,0,0.029999999329447746,27.0,1000.0,1000.0,0.0
1776886303.394,100.0,0.0,270.0,0,0.029999999329447746,27.0,1000.0,1000.0,0.0
1776886303.985,100.0,0.0,270.0,0,0.009999999776482582,27.0,1000.0,1000.0,0.0
1776886304.396,100.0,0.0,265.0,0,0.029999999329447746,27.0,1000.0,1000.0,0.0
1776886304.917,100.0,0.0,262.0,0,0.029999999329447746,27.0,1000.0,1000.0,0.0
1776886305.44,100.0,0.0,243.0,0,0.07999999821186066,27.0,1000.0,1000.0,0.0
1776886305.96,100.0,0.0,221.0,0,0.029999999329447746,27.0,1000.0,1000.0,0.0
1776886306.455,100.0,0.0,198.0,0,0.029999999329447746,27.0,1000.0,1000.0,0.0
1776886306.975,100.0,0.0,182.0,0,0.029999999329447746,27.0,1000.0,1000.0,0.0
1776886307.451,100.0,0.0,178.0,0,0.029999999329447746,27.0,1000.0,1000.0,0.0
1776886307.995,100.0,0.0,186.0,0,0.05999999865889549,27.0,1000.0,1000.0,0.0
1776886308.512,100.0,0.0,152.0,0,0.7200000286102295,27.0,1000.0,1000.0,0.0
1776886308.92,100.0,0.0,148.0,0,1.4700000286102295,27.0,1000.0,1000.0,0.0
1776886309.454,100.0,0.0,158.0,0,1.8600000143051147,27.0,1000.0,1000.0,0.0
1776886309.94,100.0,0.0,292.0,0,1.75,27.5,1000.0,1000.0,0.0
1776886310.451,100.0,0.0,340.0,0,1.5199999809265137,27.5,1000.0,1000.0,0.0
1776886310.931,100.0,0.0,47.0,0,1.309999942779541,27.5,1000.0,1000.0,0.0
1776886311.435,100.0,0.0,46.0,0,0.18000000715255737,27.5,1000.0,1000.0,0.0
1776886311.979,100.0,0.0,32.0,0,0.10000000149011612,27.5,1000.0,1000.0,0.0
1776886312.613,100.0,0.0,9.0,0,0.019999999552965164,27.5,1000.0,1000.0,0.0
1776886312.949,100.0,0.0,342.0,0,0.009999999776482582,27.5,1000.0,1000.0,0.0
1776886313.437,100.0,0.0,340.0,0,0.009999999776482582,27.5,1000.0,1000.0,0.0
1776886313.939,100.0,0.0,340.0,0,0.019999999552965164,27.0,1000.0,1000.0,0.0
1776886314.467,100.0,0.0,339.0,0,0.0,27.0,1000.0,1000.0,0.0
1776886314.961,100.0,0.0,340.0,0,0.0,27.0,1000.0,1000.0,0.0
1776886315.446,100.0,0.0,339.0,0,0.0,27.0,1000.0,1000.0,0.0
1776886315.95,100.0,0.0,339.0,0,0.0,27.0,1000.0,1000.0,0.0
1776886316.452,100.0,0.0,341.0,0,0.0,27.0,1000.0,1000.0,0.0
1776886316.991,100.0,0.0,336.0,0,0.029999999329447746,27.0,1000.0,1000.0,0.0
1776886317.503,100.0,0.0,315.0,0,0.0,27.0,1000.0,1000.0,0.0
1776886317.999,100.0,0.0,297.0,0,0.009999999776482582,27.0,1000.0,1000.0,0.0
1776886318.546,100.0,0.0,278.0,0,0.029999999329447746,27.0,1000.0,1000.0,0.0
1776886319.025,100.0,0.0,268.0,0,0.0,27.0,1000.0,1000.0,0.0
1776886319.587,100.0,0.0,258.0,0,0.0,27.0,1000.0,1000.0,0.0
1776886319.958,100.0,0.0,258.0,0,0.009999999776482582,27.0,1000.0,1000.0,0.0
1776886320.458,100.0,0.0,258.0,0,0.009999999776482582,27.0,1000.0,1000.0,0.0
1776886320.966,100.0,0.0,259.0,0,0.0,27.0,1000.0,1000.0,0.0
1776886321.597,100.0,0.0,259.0,0,0.009999999776482582,27.0,1000.0,1000.0,0.0
1776886322.237,100.0,0.0,251.0,0,0.5699999928474426,27.0,1000.0,1000.0,0.0
1776886322.542,100.0,0.0,181.0,0,1.1200000047683716,27.0,1000.0,1000.0,0.0
1776886322.971,100.0,0.0,149.0,0,0.03999999910593033,27.0,1000.0,1000.0,0.0
1776886323.546,100.0,0.0,134.0,0,0.17000000178813934,27.0,1000.0,1000.0,0.0
1776886323.972,100.0,0.0,115.0,0,0.17000000178813934,27.0,1000.0,1000.0,0.0
1776886324.483,100.0,0.0,94.0,0,0.029999999329447746,27.0,1000.0,1000.0,0.0
1776886324.995,100.0,0.0,71.0,0,0.05000000074505806,27.0,1000.0,1000.0,0.0
1776886325.47,100.0,0.0,38.0,0,0.1899999976158142,27.0,1000.0,1000.0,0.0
1776886326.039,100.0,0.0,356.0,0,0.17000000178813934,27.0,1000.0,1000.0,0.0
1776886326.533,100.0,0.0,305.0,0,0.07999999821186066,27.0,1000.0,1000.0,0.0
1776886327.072,100.0,0.0,260.0,0,0.03999999910593033,27.0,1000.0,1000.0,0.0
1776886327.57,100.0,0.0,233.0,0,0.009999999776482582,27.0,1000.0,1000.0,0.0
1776886328.079,100.0,0.0,205.0,0,0.05999999865889549,27.0,1000.0,1000.0,0.0
1776886328.591,100.0,0.0,180.0,0,0.10999999940395355,27.0,1000.0,1000.0,0.0
1776886329.023,100.0,0.0,174.0,0,0.09000000357627869,27.0,1000.0,1000.0,0.0
1776886329.524,100.0,0.0,172.0,0,0.05000000074505806,27.0,1000.0,1000.0,0.0
1776886330.039,100.0,0.0,176.0,0,0.0,27.0,1000.0,1000.0,0.0
1776886330.502,100.0,0.0,178.0,0,0.27000001072883606,27.0,1000.0,1000.0,0.0
1776886331.02,100.0,0.0,305.0,0,0.75,27.0,1000.0,1000.0,0.0
1776886331.517,100.0,0.0,336.0,0,1.159999966621399,27.0,1000.0,1000.0,0.0
1776886332.03,100.0,0.0,44.0,0,0.27000001072883606,27.0,1000.0,1000.0,0.0
1776886332.503,100.0,0.0,42.0,0,0.1899999976158142,27.0,1000.0,1000.0,0.0
1776886333.05,100.0,0.0,40.0,0,0.1899999976158142,27.0,1000.0,1000.0,0.0
1776886333.531,100.0,0.0,50.0,0,0.4699999988079071,27.0,1000.0,1000.0,0.0
1776886334.054,100.0,0.0,127.0,0,1.100000023841858,26.5,1000.0,1000.0,0.0
1776886334.521,100.0,0.0,157.0,0,1.4800000190734863,26.5,1000.0,1000.0,0.0
1776886335.01,100.0,0.0,154.0,0,1.3899999856948853,26.5,1000.0,1000.0,0.0
1776886335.51,100.0,0.0,54.0,0,1.340000033378601,26.5,1000.0,1000.0,0.0
1776886336.03,100.0,0.0,117.0,0,1.0800000429153442,26.5,1000.0,1000.0,0.0
1776886336.532,100.0,0.0,164.0,0,0.5299999713897705,26.5,1000.0,1000.0,0.0
1776886337.017,100.0,0.0,165.0,0,0.0,26.5,1000.0,1000.0,0.0
1776886337.52,100.0,0.0,167.0,0,0.0,26.5,1000.0,1000.0,0.0
1776886338.024,100.0,0.0,166.0,0,0.0,26.5,1000.0,1000.0,0.0
1776886338.521,100.0,0.0,167.0,0,0.0,26.5,1000.0,1000.0,0.0
1776886339.273,100.0,0.0,136.0,0,0.27000001072883606,26.5,1000.0,1000.0,0.0
1776886339.567,100.0,0.0,26.0,0,0.949999988079071,26.5,1000.0,1000.0,0.0
1776886340.026,100.0,0.0,231.0,0,1.6699999570846558,26.5,1000.0,1000.0,0.0
1776886340.59,100.0,0.0,262.0,0,1.840000033378601,26.5,1000.0,1000.0,0.0
1776886341.09,100.0,0.0,309.0,0,1.7200000286102295,26.5,1000.0,1000.0,0.0
1776886341.586,100.0,0.0,315.0,0,1.2799999713897705,26.5,1000.0,1000.0,0.0
1776886342.075,100.0,0.0,311.0,0,0.800000011920929,26.5,1000.0,1000.0,0.0
1776886342.644,100.0,0.0,295.0,0,0.8700000047683716,26.5,1000.0,1000.0,0.0
1776886343.05,100.0,0.0,249.0,0,1.1399999856948853,26.5,1000.0,1000.0,0.0
1776886343.571,100.0,0.0,192.0,0,1.25,26.5,1000.0,1000.0,0.0
1776886344.075,100.0,0.0,146.0,0,1.2999999523162842,26.5,1000.0,1000.0,0.0
1776886344.545,100.0,0.0,317.0,0,1.3200000524520874,26.5,1000.0,1000.0,0.0
1776886345.052,100.0,0.0,271.0,0,1.309999942779541,26.5,1000.0,1000.0,0.0
1776886345.611,100.0,0.0,205.0,0,1.309999942779541,26.5,1000.0,1000.0,0.0
1776886346.054,100.0,0.0,205.0,0,1.3300000429153442,26.5,1000.0,1000.0,0.0
1776886346.633,100.0,0.0,207.0,0,1.5099999904632568,26.5,1000.0,1000.0,0.0
1776886347.107,100.0,0.0,310.0,0,1.690000057220459,26.5,1000.0,1000.0,0.0
1776886347.583,100.0,0.0,279.0,0,1.8700000047683716,26.5,1000.0,1000.0,0.0
1776886348.099,100.0,0.0,278.0,0,1.9199999570846558,26.5,1000.0,1000.0,0.0
1776886348.548,100.0,0.0,295.0,0,1.9299999475479126,26.5,1000.0,1000.0,0.0
1776886349.056,100.0,0.0,297.0,0,1.9500000476837158,26.5,1000.0,1000.0,0.0
1776886349.583,100.0,0.0,218.0,0,1.940000057220459,26.5,1000.0,1000.0,0.0
1776886350.117,100.0,0.0,238.0,0,1.9199999570846558,26.5,1000.0,1000.0,0.0
1776886350.595,100.0,0.0,292.0,0,1.9199999570846558,26.5,1000.0,1000.0,0.0
1776886351.098,100.0,0.0,324.0,0,1.9199999570846558,26.5,1000.0,1000.0,0.0
1776886351.707,100.0,0.0,331.0,0,1.909999966621399,26.5,1000.0,1000.0,0.0
1776886352.122,100.0,0.0,328.0,0,1.7200000286102295,26.5,1000.0,1000.0,0.0
1776886352.564,100.0,0.0,328.0,0,1.559999942779541,26.5,1000.0,1000.0,0.0
1776886353.139,100.0,0.0,333.0,0,1.5800000429153442,26.5,1000.0,1000.0,0.0
1776886353.759,100.0,0.0,339.0,0,1.659999966621399,26.5,1000.0,1000.0,0.0
1776886354.148,100.0,0.0,330.0,0,1.6100000143051147,26.5,1000.0,1000.0,0.0
1776886354.607,100.0,0.0,317.0,0,1.4199999570846558,26.5,1000.0,1000.0,0.0
1776886354.607,100.0,0.0,317.0,0,1.4199999570846558,26.5,1000.0,1000.0,0.0
1776886355.594,100.0,0.0,259.0,0,1.3700000047683716,26.5,1000.0,1000.0,0.0
1776886356.085,100.0,0.0,217.0,0,1.3600000143051147,26.5,1000.0,1000.0,0.0
1776886356.631,100.0,0.0,217.0,0,1.350000023841858,26.5,1000.0,1000.0,0.0
1776886357.086,100.0,0.0,227.0,0,1.340000033378601,26.5,1000.0,1000.0,0.0
1776886357.586,100.0,0.0,242.0,0,1.3799999952316284,26.5,1000.0,1000.0,0.0
1776886358.108,100.0,0.0,299.0,0,1.5499999523162842,26.5,1000.0,1000.0,0.0
1776886358.635,100.0,0.0,333.0,0,1.5800000429153442,26.5,1000.0,1000.0,0.0
1776886359.187,100.0,0.0,335.0,0,1.440000057220459,26.5,1000.0,1000.0,0.0
1776886359.611,100.0,0.0,313.0,0,1.3899999856948853,26.5,1000.0,1000.0,0.0
1776886360.126,100.0,0.0,291.0,0,1.409999966621399,26.5,1000.0,1000.0,0.0
1776886360.608,100.0,0.0,291.0,0,1.409999966621399,26.5,1000.0,1000.0,0.0
1776886361.258,100.0,0.0,314.0,0,1.340000033378601,26.5,1000.0,1000.0,0.0
1776886361.651,100.0,0.0,326.0,0,0.07999999821186066,26.5,1000.0,1000.0,0.0
1776886362.19,100.0,0.0,340.0,0,0.019999999552965164,26.5,1000.0,1000.0,0.0
1776886362.664,100.0,0.0,9.0,0,0.05000000074505806,26.5,1000.0,1000.0,0.0
1776886363.117,100.0,0.0,30.0,0,0.029999999329447746,26.5,1000.0,1000.0,0.0
1776886363.747,100.0,0.0,48.0,0,0.009999999776482582,26.5,1000.0,1000.0,0.0
1776886364.114,100.0,0.0,68.0,0,0.0,26.5,1000.0,1000.0,0.0
1776886364.665,100.0,0.0,78.0,0,0.18000000715255737,26.5,1000.0,1000.0,0.0
1776886365.149,100.0,0.0,26.0,0,0.6299999952316284,26.5,1000.0,1000.0,0.0
1776886365.683,100.0,0.0,48.0,0,1.2899999618530273,26.5,1000.0,1000.0,0.0
1776886366.164,100.0,0.0,118.0,0,1.659999966621399,27.0,1000.0,1000.0,0.0
1776886366.64,100.0,0.0,134.0,0,1.7699999809265137,27.0,1000.0,1000.0,0.0
1776886367.167,100.0,0.0,94.0,0,1.8700000047683716,27.0,1000.0,1000.0,0.0
1776886367.656,100.0,0.0,159.0,0,1.9299999475479126,27.0,1000.0,1000.0,0.0
1776886367.656,100.0,0.0,159.0,0,1.9299999475479126,27.0,1000.0,1000.0,0.0
1776886368.694,100.0,0.0,33.0,0,1.100000023841858,27.0,1000.0,1000.0,0.0
1776886369.142,100.0,0.0,327.0,0,0.36000001430511475,27.0,1000.0,1000.0,0.0
1776886369.63,100.0,0.0,350.0,0,0.0,27.0,1000.0,1000.0,0.0
1776886370.176,100.0,0.0,352.0,0,0.0,26.5,1000.0,1000.0,0.0
1776886370.68,100.0,0.0,343.0,0,0.0,26.5,1000.0,1000.0,0.0
1776886371.155,100.0,0.0,339.0,0,0.0,26.5,1000.0,1000.0,0.0
1776886371.643,100.0,0.0,345.0,0,0.0,26.5,1000.0,1000.0,0.0
1776886372.198,100.0,0.0,351.0,0,0.0,26.5,1000.0,1000.0,0.0
1776886372.679,100.0,0.0,347.0,0,0.0,26.5,1000.0,1000.0,0.0
1776886373.144,100.0,0.0,337.0,0,0.0,26.5,1000.0,1000.0,0.0
1776886373.722,100.0,0.0,30.0,0,0.0,26.5,1000.0,1000.0,0.0
1776886374.15,100.0,0.0,98.0,0,0.0,26.5,1000.0,1000.0,0.0
1776886374.648,100.0,0.0,98.0,0,0.0,26.5,1000.0,1000.0,0.0
1776886375.189,100.0,0.0,97.0,0,0.0,26.5,1000.0,1000.0,0.0
1776886375.667,100.0,0.0,95.0,0,0.0,26.5,1000.0,1000.0,0.0
1776886376.211,100.0,0.0,96.0,0,0.0,26.5,1000.0,1000.0,0.0
1776886376.211,100.0,0.0,96.0,0,0.0,26.5,1000.0,1000.0,0.0
1776886377.195,100.0,0.0,88.0,0,0.8600000143051147,26.5,1000.0,1000.0,0.0
1776886377.657,100.0,0.0,102.0,0,1.1299999952316284,26.5,1000.0,1000.0,0.0
1776886378.163,100.0,0.0,110.0,0,0.5799999833106995,26.5,1000.0,1000.0,0.0
1776886378.696,100.0,0.0,126.0,0,0.0,26.5,1000.0,1000.0,0.0
1776886379.207,100.0,0.0,115.0,0,0.28999999165534973,26.5,1000.0,1000.0,0.0
1776886379.743,100.0,0.0,102.0,0,0.9800000190734863,26.5,1000.0,1000.0,0.0
1776886380.206,100.0,0.0,113.0,0,1.5499999523162842,26.5,1000.0,1000.0,0.0
1776886380.206,100.0,0.0,113.0,0,1.5499999523162842,26.5,1000.0,1000.0,0.0
1776886381.234,100.0,0.0,121.0,0,0.019999999552965164,26.5,1000.0,1000.0,0.0
1776886381.728,100.0,0.0,105.0,0,0.07999999821186066,26.5,1000.0,1000.0,0.0
1776886382.207,100.0,0.0,111.0,0,0.03999999910593033,26.5,1000.0,1000.0,0.0
1776886382.759,100.0,0.0,115.0,0,0.019999999552965164,26.5,1000.0,1000.0,0.0
1776886383.227,100.0,0.0,118.0,0,0.0,26.5,1000.0,1000.0,0.0
1776886383.763,100.0,0.0,113.0,0,0.25,26.5,1000.0,1000.0,0.0
1776886384.202,100.0,0.0,108.0,0,0.9300000071525574,26.5,1000.0,1000.0,0.0
1776886384.698,100.0,0.0,112.0,0,0.029999999329447746,26.5,1000.0,1000.0,0.0
1776886385.201,100.0,0.0,111.0,0,0.0,26.5,1000.0,1000.0,0.0
1776886385.721,100.0,0.0,110.0,0,0.009999999776482582,26.5,1000.0,1000.0,0.0
1776886386.213,100.0,0.0,104.0,0,0.05000000074505806,26.5,1000.0,1000.0,0.0
1776886386.719,100.0,0.0,117.0,0,0.3100000023841858,26.5,1000.0,1000.0,0.0
1776886387.222,100.0,0.0,115.0,0,0.3100000023841858,26.5,1000.0,1000.0,0.0
1776886387.698,100.0,0.0,116.0,0,0.0,26.5,1000.0,1000.0,0.0
1776886388.279,100.0,0.0,114.0,0,0.0,26.5,1000.0,1000.0,0.0
1776886388.706,100.0,0.0,111.0,0,0.5600000023841858,26.5,1000.0,1000.0,0.0
1776886389.284,100.0,0.0,112.0,0,1.059999942779541,26.5,1000.0,1000.0,0.0
1776886389.717,100.0,0.0,123.0,0,0.0,26.5,1000.0,1000.0,0.0
1776886390.25,100.0,0.0,113.0,0,0.07000000029802322,26.5,1000.0,1000.0,0.0
1776886390.713,100.0,0.0,100.0,0,0.05999999865889549,26.5,1000.0,1000.0,0.0
1776886391.225,100.0,0.0,78.0,0,0.03999999910593033,26.5,1000.0,1000.0,0.0
1776886391.725,100.0,0.0,66.0,0,0.019999999552965164,26.5,1000.0,1000.0,0.0
1776886392.228,100.0,0.0,47.0,0,0.019999999552965164,26.5,1000.0,1000.0,0.0
1776886392.786,98.0,0.0,25.0,0,0.12999999523162842,26.5,1000.0,1000.0,0.0
1776886393.231,97.0,0.0,8.0,0,0.1899999976158142,26.5,1000.0,1000.0,0.0
1776886393.731,98.0,0.0,347.0,0,0.019999999552965164,26.5,1000.0,1000.0,0.0
1776886394.234,98.0,0.0,334.0,0,0.09000000357627869,26.5,1000.0,1000.0,0.0
1776886394.759,100.0,0.0,331.0,0,0.1899999976158142,26.5,1000.0,1000.0,0.0
1776886395.242,100.0,0.0,335.0,0,0.25999999046325684,26.5,1000.0,1000.0,0.0
1776886395.779,100.0,0.0,332.0,0,0.7699999809265137,26.5,1000.0,1000.0,0.0
1776886396.241,100.0,0.0,326.0,0,0.9200000166893005,26.5,1000.0,1000.0,0.0
1776886396.241,100.0,0.0,326.0,0,0.9200000166893005,26.5,1000.0,1000.0,0.0
1776886397.276,100.0,0.0,322.0,0,0.009999999776482582,26.5,1000.0,1000.0,0.0
1776886397.787,100.0,0.0,330.0,0,0.0,26.5,1000.0,1000.0,0.0
1776886397.787,100.0,0.0,330.0,0,0.0,26.5,1000.0,1000.0,0.0
1776886398.338,100.0,0.0,349.0,0,0.05999999865889549,26.5,1000.0,1000.0,0.0
1776886398.799,100.0,0.0,8.0,0,0.05999999865889549,26.5,1000.0,1000.0,0.0
1776886399.754,99.0,0.0,28.0,0,0.05999999865889549,26.5,1000.0,1000.0,0.0
1776886400.276,100.0,0.0,28.0,0,0.23000000417232513,26.5,1000.0,1000.0,0.0
1776886400.276,100.0,0.0,28.0,0,0.23000000417232513,26.5,1000.0,1000.0,0.0
1776886401.179,100.0,0.0,33.0,0,0.5299999713897705,26.5,1000.0,1000.0,0.0
1776886401.328,100.0,0.0,29.0,0,1.159999966621399,26.5,1000.0,1000.0,0.0
1776886401.873,100.0,0.0,23.0,0,1.7799999713897705,26.5,1000.0,1000.0,0.0
1776886402.302,100.0,0.0,15.0,0,1.6200000047683716,26.5,1000.0,1000.0,0.0
1776886402.938,100.0,0.0,17.0,0,0.029999999329447746,26.5,1000.0,1000.0,0.0
1776886403.347,100.0,0.0,16.0,0,0.0,26.5,1000.0,1000.0,0.0
1776886403.86,100.0,0.0,16.0,0,0.20000000298023224,26.5,1000.0,1000.0,0.0
1776886404.788,100.0,0.0,23.0,0,0.23000000417232513,26.5,1000.0,1000.0,0.0
1776886404.788,100.0,0.0,23.0,0,0.23000000417232513,26.5,1000.0,1000.0,0.0
1776886405.289,99.0,0.0,22.0,0,0.07999999821186066,26.5,1000.0,1000.0,0.0
1776886406.283,96.0,0.0,357.0,0,0.009999999776482582,26.5,1000.0,1000.0,0.0
1776886406.785,99.0,0.0,342.0,0,0.07999999821186066,26.5,1000.0,1000.0,0.0
1776886406.785,99.0,0.0,342.0,0,0.07999999821186066,26.5,1000.0,1000.0,0.0
1776886407.391,100.0,0.0,328.0,0,0.6000000238418579,26.5,1000.0,1000.0,0.0
1776886407.849,100.0,0.0,254.0,0,0.009999999776482582,26.5,1000.0,1000.0,0.0
1776886408.32,100.0,0.0,253.0,0,0.0,26.5,1000.0,1000.0,0.0
1776886408.795,100.0,0.0,335.0,0,0.0,26.5,1000.0,1000.0,0.0
1776886409.331,100.0,0.0,277.0,0,0.009999999776482582,26.5,1000.0,1000.0,0.0
1776886409.798,100.0,0.0,261.0,0,0.05000000074505806,26.5,1000.0,1000.0,0.0
1776886410.295,100.0,0.0,287.0,0,0.5799999833106995,26.5,1000.0,1000.0,0.0
1776886410.834,100.0,0.0,340.0,0,1.1399999856948853,26.5,1000.0,1000.0,0.0
1776886411.315,100.0,0.0,342.0,0,1.659999966621399,26.5,1000.0,1000.0,0.0
1776886411.806,100.0,0.0,351.0,0,1.0299999713897705,26.5,1000.0,1000.0,0.0
1776886412.32,100.0,0.0,355.0,0,0.05999999865889549,26.5,1000.0,1000.0,0.0
1776886412.842,100.0,0.0,0.0,0,0.14000000059604645,26.5,1000.0,1000.0,0.0
1776886413.332,100.0,0.0,359.0,0,0.14000000059604645,26.5,1000.0,1000.0,0.0
1776886413.81,100.0,0.0,1.0,0,0.10999999940395355,26.5,1000.0,1000.0,0.0
1776886414.354,100.0,0.0,2.0,0,0.009999999776482582,26.5,1000.0,1000.0,0.0
1776886414.815,100.0,0.0,2.0,0,0.009999999776482582,26.5,1000.0,1000.0,0.0
1776886415.323,100.0,0.0,1.0,0,0.10000000149011612,26.5,1000.0,1000.0,0.0
1776886415.83,100.0,0.0,1.0,0,0.09000000357627869,26.5,1000.0,1000.0,0.0
1776886416.324,100.0,0.0,349.0,0,0.4300000071525574,26.5,1000.0,1000.0,0.0
1776886416.828,100.0,0.0,335.0,0,1.0099999904632568,27.0,1000.0,1000.0,0.0
1776886417.328,100.0,0.0,338.0,0,0.9200000166893005,27.0,1000.0,1000.0,0.0
1776886417.883,100.0,0.0,336.0,0,0.10999999940395355,27.0,1000.0,1000.0,0.0
1776886418.341,100.0,0.0,336.0,0,0.07999999821186066,27.0,1000.0,1000.0,0.0
1776886418.856,100.0,0.0,337.0,0,0.3100000023841858,27.0,1000.0,1000.0,0.0
1776886419.379,100.0,0.0,344.0,0,0.3100000023841858,27.0,1000.0,1000.0,0.0
1776886419.859,100.0,0.0,348.0,0,0.3100000023841858,27.0,1000.0,1000.0,0.0
1776886420.346,100.0,0.0,344.0,0,0.029999999329447746,27.0,1000.0,1000.0,0.0
1776886420.843,100.0,0.0,352.0,0,0.019999999552965164,27.0,1000.0,1000.0,0.0
1776886421.352,100.0,0.0,354.0,0,0.0,27.0,1000.0,1000.0,0.0
1776886421.841,100.0,0.0,349.0,0,0.0,27.0,1000.0,1000.0,0.0
1776886422.367,100.0,0.0,350.0,0,0.0,27.0,1000.0,1000.0,0.0
1776886422.857,100.0,0.0,354.0,0,0.0,27.0,1000.0,1000.0,0.0
1776886423.362,100.0,0.0,2.0,0,0.009999999776482582,27.0,1000.0,1000.0,0.0
1776886423.897,100.0,0.0,8.0,0,0.009999999776482582,27.0,1000.0,1000.0,0.0
1776886424.363,100.0,0.0,23.0,0,0.07999999821186066,27.0,1000.0,1000.0,0.0
1776886424.968,100.0,0.0,32.0,0,0.14000000059604645,27.0,1000.0,1000.0,0.0
1776886425.37,99.0,0.0,38.0,0,0.30000001192092896,27.0,1000.0,1000.0,0.0
1776886425.883,98.0,0.0,30.0,0,0.18000000715255737,27.0,1000.0,1000.0,0.0
1776886426.368,99.0,0.0,31.0,0,0.20000000298023224,27.0,1000.0,1000.0,0.0
1776886426.899,100.0,0.0,36.0,0,0.019999999552965164,27.0,1000.0,1000.0,0.0
1776886427.368,99.0,0.0,40.0,0,0.019999999552965164,27.0,1000.0,1000.0,0.0
1776886427.863,98.0,0.0,33.0,0,0.019999999552965164,27.0,1000.0,1000.0,0.0
1776886428.423,100.0,0.0,32.0,0,0.0,27.0,1000.0,1000.0,0.0
1776886428.907,100.0,0.0,33.0,0,0.14000000059604645,27.0,1000.0,1000.0,0.0
1776886429.366,100.0,0.0,340.0,0,0.7799999713897705,27.0,1000.0,1000.0,0.0
1776886429.907,100.0,0.0,321.0,0,1.3600000143051147,27.0,1000.0,1000.0,0.0
1776886430.374,100.0,0.0,327.0,0,0.029999999329447746,27.0,1000.0,1000.0,0.0
1776886430.914,100.0,0.0,335.0,0,0.07000000029802322,27.0,1000.0,1000.0,0.0
1776886431.384,100.0,0.0,343.0,0,0.05999999865889549,27.0,1000.0,1000.0,0.0
1776886431.893,100.0,0.0,357.0,0,0.09000000357627869,27.0,1000.0,1000.0,0.0
1776886432.491,100.0,0.0,23.0,0,0.009999999776482582,27.0,1000.0,1000.0,0.0
1776886433.209,99.0,0.0,28.0,0,0.0,27.0,1000.0,1000.0,0.0
1776886433.399,100.0,0.0,25.0,0,0.17000000178813934,27.0,1000.0,1000.0,0.0
1776886433.903,100.0,0.0,18.0,0,0.5799999833106995,27.0,1000.0,1000.0,0.0
1776886434.423,100.0,0.0,24.0,0,1.309999942779541,27.0,1000.0,1000.0,0.0
1776886434.892,100.0,0.0,41.0,0,1.559999942779541,27.0,1000.0,1000.0,0.0
1776886435.397,100.0,0.0,41.0,0,0.9300000071525574,27.0,1000.0,1000.0,0.0
1776886435.921,100.0,0.0,40.0,0,0.20000000298023224,27.0,1000.0,1000.0,0.0
1776886436.513,100.0,0.0,39.0,0,0.0,27.0,1000.0,1000.0,0.0
1776886436.942,100.0,0.0,88.0,0,0.5,27.0,1000.0,1000.0,0.0
1776886437.426,100.0,0.0,208.0,0,0.6000000238418579,27.0,1000.0,1000.0,0.0
1776886437.909,100.0,0.0,205.0,0,0.44999998807907104,27.0,1000.0,1000.0,0.0
1776886438.447,100.0,0.0,204.0,0,0.0,27.0,1000.0,1000.0,0.0
1776886438.967,100.0,0.0,196.0,0,0.0,27.0,1000.0,1000.0,0.0
1776886439.467,100.0,0.0,174.0,0,0.0,27.0,1000.0,1000.0,0.0
1776886439.906,100.0,0.0,144.0,0,0.019999999552965164,27.0,1000.0,1000.0,0.0
1776886440.471,100.0,0.0,141.0,0,0.009999999776482582,27.0,1000.0,1000.0,0.0
1776886440.956,100.0,0.0,144.0,0,0.23999999463558197,27.0,1000.0,1000.0,0.0
1776886441.417,100.0,0.0,141.0,0,0.2800000011920929,27.0,1000.0,1000.0,0.0
1776886441.952,100.0,0.0,123.0,0,0.9200000166893005,27.0,1000.0,1000.0,0.0
1776886442.431,100.0,0.0,88.0,0,1.309999942779541,27.0,1000.0,1000.0,0.0
1776886442.934,100.0,0.0,81.0,0,0.8999999761581421,27.0,1000.0,1000.0,0.0
1776886443.442,100.0,0.0,83.0,0,0.1599999964237213,27.0,1000.0,1000.0,0.0
1776886443.956,100.0,0.0,75.0,0,0.23000000417232513,27.0,1000.0,1000.0,0.0
1776886444.497,100.0,0.0,20.0,0,0.7699999809265137,27.0,1000.0,1000.0,0.0
1776886444.923,100.0,0.0,242.0,0,0.9700000286102295,27.0,1000.0,1000.0,0.0
1776886445.467,100.0,0.0,221.0,0,0.5799999833106995,27.0,1000.0,1000.0,0.0
1776886445.994,100.0,0.0,215.0,0,0.0,27.0,1000.0,1000.0,0.0
1776886446.507,100.0,0.0,222.0,0,0.2800000011920929,27.0,1000.0,1000.0,0.0
1776886447.055,100.0,0.0,227.0,0,0.33000001311302185,27.0,1000.0,1000.0,0.0
1776886447.479,100.0,0.0,224.0,0,0.7099999785423279,27.0,1000.0,1000.0,0.0
1776886447.959,100.0,0.0,246.0,0,1.0499999523162842,27.0,1000.0,1000.0,0.0
1776886448.481,100.0,0.0,352.0,0,0.07999999821186066,27.0,1000.0,1000.0,0.0
1776886448.993,100.0,0.0,354.0,0,0.029999999329447746,27.0,1000.0,1000.0,0.0
1776886449.445,100.0,0.0,11.0,0,0.07000000029802322,27.0,1000.0,1000.0,0.0
1776886450.043,100.0,0.0,32.0,0,0.07000000029802322,27.0,1000.0,1000.0,0.0
1776886450.523,100.0,0.0,56.0,0,0.14000000059604645,27.0,1000.0,1000.0,0.0
1776886450.952,100.0,0.0,58.0,0,0.18000000715255737,30.5,1000.0,1000.0,0.0
1776886451.445,100.0,0.0,55.0,0,0.3400000035762787,30.5,1000.0,1000.0,0.0
1776886451.956,100.0,0.0,54.0,0,0.1599999964237213,30.5,1000.0,1000.0,0.0
1776886452.511,100.0,0.0,76.0,0,0.8199999928474426,30.5,1000.0,1000.0,0.0
1776886453.062,100.0,0.0,110.0,0,0.019999999552965164,31.670000076293945,1000.0,1000.0,0.0
1776886453.497,100.0,0.0,76.0,0,0.09000000357627869,31.670000076293945,1000.0,1000.0,0.0
1776886454.007,100.0,0.0,66.0,0,0.05000000074505806,31.670000076293945,1000.0,1000.0,0.0
1776886454.462,100.0,0.0,141.0,0,0.009999999776482582,31.670000076293945,1000.0,1000.0,0.0
1776886454.971,100.0,0.0,198.0,0,0.009999999776482582,31.670000076293945,1000.0,1000.0,0.0
1776886455.474,100.0,0.0,189.0,0,0.2199999988079071,31.670000076293945,1000.0,1000.0,0.0
1776886455.966,100.0,0.0,156.0,0,0.6399999856948853,31.670000076293945,1000.0,1000.0,0.0
1776886456.483,100.0,0.0,77.0,0,1.3200000524520874,31.670000076293945,1000.0,1000.0,0.0
1776886457.027,100.0,0.0,44.0,0,0.03999999910593033,31.670000076293945,1000.0,1000.0,0.0
1776886457.485,100.0,0.0,45.0,0,0.03999999910593033,31.670000076293945,1000.0,1000.0,0.0
1776886458.109,100.0,0.0,30.0,0,0.11999999731779099,31.670000076293945,1000.0,1000.0,0.0
1776886458.555,100.0,0.0,19.0,0,0.17000000178813934,31.670000076293945,1000.0,1000.0,0.0
1776886459.031,100.0,0.0,21.0,0,0.41999998688697815,31.670000076293945,1000.0,1000.0,0.0
1776886459.477,100.0,0.0,6.0,0,0.8399999737739563,31.670000076293945,1000.0,1000.0,0.0
1776886460.091,100.0,0.0,354.0,0,1.5700000524520874,31.670000076293945,1000.0,1000.0,0.0
1776886460.488,100.0,0.0,356.0,0,1.8700000047683716,31.670000076293945,1000.0,1000.0,0.0
1776886461.035,100.0,0.0,0.0,0,0.03999999910593033,31.670000076293945,1000.0,1000.0,0.0
1776886461.493,100.0,0.0,4.0,0,0.009999999776482582,31.670000076293945,1000.0,1000.0,0.0
1776886462.004,100.0,0.0,17.0,0,0.03999999910593033,31.670000076293945,1000.0,1000.0,0.0
1776886462.507,100.0,0.0,38.0,0,0.03999999910593033,31.670000076293945,1000.0,1000.0,0.0
1776886463.1,100.0,0.0,59.0,0,0.03999999910593033,31.670000076293945,1000.0,1000.0,0.0
1776886463.533,100.0,0.0,59.0,0,0.2199999988079071,31.670000076293945,1000.0,1000.0,0.0
1776886464.067,100.0,0.0,59.0,0,0.27000001072883606,31.670000076293945,1000.0,1000.0,0.0
1776886464.501,100.0,0.0,79.0,0,0.7900000214576721,31.670000076293945,1000.0,1000.0,0.0
1776886464.996,100.0,0.0,100.0,0,1.3300000429153442,31.670000076293945,1000.0,1000.0,0.0
1776886465.5,100.0,0.0,101.0,0,1.0,31.670000076293945,1000.0,1000.0,0.0
1776886466.015,100.0,0.0,101.0,0,0.019999999552965164,31.670000076293945,1000.0,1000.0,0.0
1776886466.525,100.0,0.0,95.0,0,0.05000000074505806,31.670000076293945,1000.0,1000.0,0.0
1776886467.02,100.0,0.0,84.0,0,0.07000000029802322,31.670000076293945,1000.0,1000.0,0.0
1776886467.514,100.0,0.0,80.0,0,0.029999999329447746,31.670000076293945,1000.0,1000.0,0.0
1776886468.119,100.0,0.0,79.0,0,0.07000000029802322,31.670000076293945,1000.0,1000.0,0.0
1776886468.547,100.0,0.0,72.0,0,0.5199999809265137,31.670000076293945,1000.0,1000.0,0.0
1776886469.095,100.0,0.0,70.0,0,1.0299999713897705,31.670000076293945,1000.0,1000.0,0.0
1776886469.599,100.0,0.0,68.0,0,0.14000000059604645,31.670000076293945,1000.0,1000.0,0.0
1776886470.015,100.0,0.0,65.0,0,0.17000000178813934,31.670000076293945,1000.0,1000.0,0.0
1776886470.522,100.0,0.0,45.0,0,0.03999999910593033,31.670000076293945,1000.0,1000.0,0.0
1776886471.038,100.0,0.0,35.0,0,0.5,31.670000076293945,1000.0,1000.0,0.0
1776886471.541,100.0,0.0,30.0,0,0.4699999988079071,31.670000076293945,1000.0,1000.0,0.0
1776886471.541,100.0,0.0,30.0,0,0.4699999988079071,31.670000076293945,1000.0,1000.0,0.0
1776886472.658,100.0,0.0,45.0,0,0.03999999910593033,31.670000076293945,1000.0,1000.0,0.0
1776886473.059,100.0,0.0,54.0,0,0.029999999329447746,31.670000076293945,1000.0,1000.0,0.0
1776886473.553,100.0,0.0,49.0,0,0.029999999329447746,31.670000076293945,1000.0,1000.0,0.0
1776886474.079,100.0,0.0,38.0,0,0.07000000029802322,31.670000076293945,1000.0,1000.0,0.0
1776886474.569,100.0,0.0,10.0,0,0.3100000023841858,31.670000076293945,1000.0,1000.0,0.0
1776886475.096,100.0,0.0,14.0,0,0.30000001192092896,31.670000076293945,1000.0,1000.0,0.0
1776886475.607,100.0,0.0,20.0,0,0.14000000059604645,31.670000076293945,1000.0,1000.0,0.0
1776886476.065,100.0,0.0,43.0,0,0.029999999329447746,31.670000076293945,1000.0,1000.0,0.0
1776886476.743,100.0,0.0,63.0,0,0.019999999552965164,31.670000076293945,1000.0,1000.0,0.0
1776886477.074,100.0,0.0,85.0,0,0.0,31.670000076293945,1000.0,1000.0,0.0
1776886477.074,100.0,0.0,85.0,0,0.0,31.670000076293945,1000.0,1000.0,0.0
1776886478.064,100.0,0.0,132.0,0,0.019999999552965164,31.670000076293945,1000.0,1000.0,0.0
1776886478.732,100.0,0.0,153.0,0,0.019999999552965164,31.670000076293945,1000.0,1000.0,0.0
1776886479.115,100.0,0.0,153.0,0,0.1899999976158142,31.670000076293945,1000.0,1000.0,0.0
1776886479.597,100.0,0.0,144.0,0,0.18000000715255737,31.670000076293945,1000.0,1000.0,0.0
1776886480.14,100.0,0.0,176.0,0,0.7300000190734863,31.670000076293945,1000.0,1000.0,0.0
1776886480.574,100.0,0.0,198.0,0,1.2799999713897705,31.670000076293945,1000.0,1000.0,0.0
1776886481.087,100.0,0.0,215.0,0,0.029999999329447746,31.670000076293945,1000.0,1000.0,0.0
1776886481.595,100.0,0.0,209.0,0,0.029999999329447746,31.670000076293945,1000.0,1000.0,0.0
1776886482.09,100.0,0.0,198.0,0,0.029999999329447746,31.670000076293945,1000.0,1000.0,0.0
1776886482.688,100.0,0.0,183.0,0,0.019999999552965164,31.670000076293945,1000.0,1000.0,0.0
1776886483.083,100.0,0.0,180.0,0,0.25,31.670000076293945,1000.0,1000.0,0.0
1776886483.584,100.0,0.0,178.0,0,0.6000000238418579,31.670000076293945,1000.0,1000.0,0.0
1776886484.119,100.0,0.0,167.0,0,1.1799999475479126,31.670000076293945,1000.0,1000.0,0.0
1776886484.631,100.0,0.0,187.0,0,1.6799999475479126,31.670000076293945,1000.0,1000.0,0.0
1776886485.103,100.0,0.0,223.0,0,0.009999999776482582,31.670000076293945,1000.0,1000.0,0.0
1776886485.663,100.0,0.0,221.0,0,0.07000000029802322,31.670000076293945,1000.0,1000.0,0.0
1776886486.096,100.0,0.0,213.0,0,0.009999999776482582,31.670000076293945,1000.0,1000.0,0.0
1776886486.629,100.0,0.0,219.0,0,0.28999999165534973,31.670000076293945,1000.0,1000.0,0.0
1776886487.214,100.0,0.0,255.0,0,0.6800000071525574,31.670000076293945,1000.0,1000.0,0.0
1776886487.599,100.0,0.0,263.0,0,1.1799999475479126,31.670000076293945,1000.0,1000.0,0.0
1776886488.229,100.0,0.0,241.0,0,0.10000000149011612,31.670000076293945,1000.0,1000.0,0.0
1776886488.229,100.0,0.0,241.0,0,0.10000000149011612,31.670000076293945,1000.0,1000.0,0.0
1776886489.131,100.0,0.0,250.0,0,0.0,31.670000076293945,1000.0,1000.0,0.0
1776886489.131,100.0,0.0,250.0,0,0.0,31.670000076293945,1000.0,1000.0,0.0
1776886490.144,100.0,0.0,264.0,0,0.14000000059604645,31.670000076293945,1000.0,1000.0,0.0
1776886490.691,100.0,0.0,251.0,0,0.7099999785423279,31.670000076293945,1000.0,1000.0,0.0
1776886491.157,100.0,0.0,232.0,0,1.3799999952316284,31.670000076293945,1000.0,1000.0,0.0
1776886491.652,100.0,0.0,193.0,0,0.009999999776482582,31.670000076293945,1000.0,1000.0,0.0
1776886492.155,100.0,0.0,196.0,0,0.009999999776482582,31.670000076293945,1000.0,1000.0,0.0
1776886492.736,100.0,0.0,216.0,0,0.029999999329447746,31.670000076293945,1000.0,1000.0,0.0
1776886493.164,100.0,0.0,229.0,0,0.019999999552965164,31.670000076293945,1000.0,1000.0,0.0
1776886493.639,100.0,0.0,234.0,0,0.009999999776482582,31.670000076293945,1000.0,1000.0,0.0
1776886494.132,100.0,0.0,233.0,0,0.1599999964237213,31.670000076293945,1000.0,1000.0,0.0
1776886494.649,100.0,0.0,231.0,0,0.18000000715255737,31.670000076293945,1000.0,1000.0,0.0
1776886495.182,100.0,0.0,216.0,0,0.18000000715255737,31.670000076293945,1000.0,1000.0,0.0
1776886495.697,100.0,0.0,196.0,0,0.009999999776482582,31.670000076293945,1000.0,1000.0,0.0
1776886496.215,100.0,0.0,185.0,0,0.029999999329447746,31.670000076293945,1000.0,1000.0,0.0
1776886496.644,100.0,0.0,182.0,0,0.14000000059604645,31.670000076293945,1000.0,1000.0,0.0
1776886497.233,100.0,0.0,206.0,0,0.5400000214576721,31.670000076293945,1000.0,1000.0,0.0
1776886497.654,100.0,0.0,227.0,0,1.2300000190734863,31.670000076293945,1000.0,1000.0,0.0
1776886498.164,100.0,0.0,261.0,0,1.2300000190734863,31.670000076293945,1000.0,1000.0,0.0
1776886498.652,100.0,0.0,264.0,0,0.7300000190734863,31.670000076293945,1000.0,1000.0,0.0
1776886499.182,100.0,0.0,263.0,0,0.029999999329447746,31.670000076293945,1000.0,1000.0,0.0
1776886499.652,100.0,0.0,269.0,0,0.6700000166893005,31.670000076293945,1000.0,1000.0,0.0
1776886500.2,100.0,0.0,199.0,0,1.399999976158142,31.670000076293945,1000.0,1000.0,0.0
1776886500.675,100.0,0.0,181.0,0,1.25,31.670000076293945,1000.0,1000.0,0.0
1776886501.159,100.0,0.0,182.0,0,0.5400000214576721,31.670000076293945,1000.0,1000.0,0.0
1776886501.709,100.0,0.0,183.0,0,0.0,31.670000076293945,1000.0,1000.0,0.0
1776886502.217,100.0,0.0,183.0,0,0.019999999552965164,31.670000076293945,1000.0,1000.0,0.0
1776886502.674,100.0,0.0,207.0,0,0.41999998688697815,31.670000076293945,1000.0,1000.0,0.0
1776886502.674,100.0,0.0,207.0,0,0.41999998688697815,31.670000076293945,1000.0,1000.0,0.0
1776886503.679,100.0,0.0,225.0,0,0.09000000357627869,31.670000076293945,1000.0,1000.0,0.0
1776886504.19,100.0,0.0,226.0,0,0.009999999776482582,31.670000076293945,1000.0,1000.0,0.0
1776886504.691,100.0,0.0,231.0,0,0.009999999776482582,31.670000076293945,1000.0,1000.0,0.0
1776886505.176,100.0,0.0,245.0,0,0.009999999776482582,31.670000076293945,1000.0,1000.0,0.0
1776886505.712,100.0,0.0,259.0,0,0.029999999329447746,31.670000076293945,1000.0,1000.0,0.0
1776886506.2,100.0,0.0,270.0,0,0.07999999821186066,31.670000076293945,1000.0,1000.0,0.0
1776886506.784,100.0,0.0,269.0,0,0.14000000059604645,31.670000076293945,1000.0,1000.0,0.0
1776886507.201,100.0,0.0,273.0,0,0.5299999713897705,31.670000076293945,1000.0,1000.0,0.0
1776886507.688,100.0,0.0,262.0,0,1.2200000286102295,31.670000076293945,1000.0,1000.0,0.0
1776886508.206,100.0,0.0,246.0,0,0.029999999329447746,31.670000076293945,1000.0,1000.0,0.0
1776886508.689,100.0,0.0,251.0,0,0.07999999821186066,31.670000076293945,1000.0,1000.0,0.0
1776886509.248,100.0,0.0,264.0,0,0.07999999821186066,31.670000076293945,1000.0,1000.0,0.0
1776886509.746,100.0,0.0,280.0,0,0.07000000029802322,31.670000076293945,1000.0,1000.0,0.0
1776886510.203,100.0,0.0,285.0,0,0.009999999776482582,31.670000076293945,1000.0,1000.0,0.0
1776886510.717,100.0,0.0,286.0,0,0.07999999821186066,31.670000076293945,1000.0,1000.0,0.0
1776886511.249,100.0,0.0,282.0,0,0.3499999940395355,31.670000076293945,1000.0,1000.0,0.0
1776886511.743,100.0,0.0,270.0,0,0.019999999552965164,31.670000076293945,1000.0,1000.0,0.0
1776886512.224,100.0,0.0,271.0,0,0.009999999776482582,31.670000076293945,1000.0,1000.0,0.0
1776886512.224,100.0,0.0,271.0,0,0.009999999776482582,31.670000076293945,1000.0,1000.0,0.0
1776886513.218,100.0,0.0,286.0,0,0.12999999523162842,31.670000076293945,1000.0,1000.0,0.0
1776886513.794,100.0,0.0,282.0,0,0.46000000834465027,31.670000076293945,1000.0,1000.0,0.0
1776886514.268,100.0,0.0,269.0,0,1.059999942779541,31.670000076293945,1000.0,1000.0,0.0
1776886514.745,100.0,0.0,255.0,0,1.6399999856948853,31.670000076293945,1000.0,1000.0,0.0
1776886515.23,100.0,0.0,242.0,0,1.5299999713897705,31.670000076293945,1000.0,1000.0,0.0
1776886515.73,100.0,0.0,233.0,0,1.399999976158142,31.670000076293945,1000.0,1000.0,0.0
1776886516.285,100.0,0.0,230.0,0,1.4500000476837158,31.670000076293945,1000.0,1000.0,0.0
1776886516.763,100.0,0.0,222.0,0,1.5700000524520874,31.670000076293945,1000.0,1000.0,0.0
1776886517.297,100.0,0.0,205.0,0,1.5,31.670000076293945,1000.0,1000.0,0.0
1776886517.742,100.0,0.0,180.0,0,1.3799999952316284,31.670000076293945,1000.0,1000.0,0.0
1776886518.294,100.0,0.0,156.0,0,1.4800000190734863,31.670000076293945,1000.0,1000.0,0.0
1776886518.294,100.0,0.0,156.0,0,1.4800000190734863,31.670000076293945,1000.0,1000.0,0.0
1776886519.259,100.0,0.0,135.0,0,1.850000023841858,31.670000076293945,1000.0,1000.0,0.0
1776886519.761,100.0,0.0,236.0,0,1.8799999952316284,31.670000076293945,1000.0,1000.0,0.0
1776886520.24,100.0,0.0,239.0,0,1.75,31.670000076293945,1000.0,1000.0,0.0
1776886520.24,100.0,0.0,239.0,0,1.75,31.670000076293945,1000.0,1000.0,0.0
1776886521.261,100.0,0.0,250.0,0,1.559999942779541,31.670000076293945,1000.0,1000.0,0.0
1776886521.833,100.0,0.0,266.0,0,1.4199999570846558,31.670000076293945,1000.0,1000.0,0.0
1776886521.833,100.0,0.0,266.0,0,1.4199999570846558,31.670000076293945,1000.0,1000.0,0.0
1776886522.76,100.0,0.0,1.0,0,1.309999942779541,31.670000076293945,1000.0,1000.0,0.0
1776886523.274,100.0,0.0,10.0,0,1.340000033378601,31.670000076293945,1000.0,1000.0,0.0
1776886523.788,100.0,0.0,17.0,0,1.3600000143051147,31.670000076293945,1000.0,1000.0,0.0
1776886524.268,100.0,0.0,24.0,0,1.3600000143051147,31.670000076293945,1000.0,1000.0,0.0
1776886524.809,100.0,0.0,15.0,0,1.309999942779541,31.670000076293945,1000.0,1000.0,0.0
1776886525.297,100.0,0.0,2.0,0,1.3799999952316284,31.670000076293945,1000.0,1000.0,0.0
1776886525.297,100.0,0.0,2.0,0,1.3799999952316284,31.670000076293945,1000.0,1000.0,0.0
1776886525.816,100.0,0.0,359.0,0,1.4199999570846558,31.670000076293945,1000.0,1000.0,0.0
1776886526.602,100.0,0.0,355.0,0,1.409999966621399,27.0,1000.0,1000.0,0.0
1776886527.275,100.0,0.0,326.0,0,1.3300000429153442,27.5,1000.0,1000.0,0.0
1776886527.275,100.0,0.0,326.0,0,1.3300000429153442,27.5,1000.0,1000.0,0.0
1776886527.982,100.0,0.0,321.0,0,1.3600000143051147,27.5,1000.0,1000.0,0.0
1776886528.395,100.0,0.0,271.0,0,1.350000023841858,27.5,1000.0,1000.0,0.0
1776886529.285,100.0,0.0,239.0,0,0.09000000357627869,27.5,1000.0,1000.0,0.0
1776886529.285,100.0,0.0,239.0,0,0.09000000357627869,27.5,1000.0,1000.0,0.0
1776886530.291,100.0,0.0,232.0,0,0.14000000059604645,27.75,1000.0,1000.0,0.0
1776886530.291,100.0,0.0,232.0,0,0.14000000059604645,27.75,1000.0,1000.0,0.0
1776886531.303,100.0,0.0,203.0,0,0.11999999731779099,28.0,1000.0,1000.0,0.0
1776886531.809,100.0,0.0,197.0,0,0.019999999552965164,28.0,1000.0,1000.0,0.0
1776886531.809,100.0,0.0,197.0,0,0.019999999552965164,28.0,1000.0,1000.0,0.0
1776886532.331,100.0,0.0,198.0,0,0.4399999976158142,28.0,1000.0,1000.0,0.0
1776886532.815,100.0,0.0,202.0,0,0.8100000023841858,28.0,1000.0,1000.0,0.0
1776886533.348,100.0,0.0,206.0,0,1.399999976158142,28.0,1000.0,1000.0,0.0
1776886534.307,100.0,0.0,187.0,0,1.6299999952316284,28.0,1000.0,1000.0,0.0
1776886534.809,100.0,0.0,209.0,0,1.409999966621399,28.0,1000.0,1000.0,0.0
1776886534.809,100.0,0.0,209.0,0,1.409999966621399,28.0,1000.0,1000.0,0.0
1776886535.344,100.0,0.0,210.0,0,1.350000023841858,28.0,1000.0,1000.0,0.0
1776886536.31,100.0,0.0,148.0,0,1.3899999856948853,28.0,1000.0,1000.0,0.0
1776886536.31,100.0,0.0,148.0,0,1.3899999856948853,28.0,1000.0,1000.0,0.0
1776886536.825,100.0,0.0,85.0,0,1.25,28.0,1000.0,1000.0,0.0
1776886537.327,100.0,0.0,80.0,0,0.8600000143051147,28.0,1000.0,1000.0,0.0
1776886537.858,100.0,0.0,92.0,0,0.9599999785423279,28.0,1000.0,1000.0,0.0
1776886538.329,100.0,0.0,157.0,0,1.4800000190734863,28.0,1000.0,1000.0,0.0
1776886538.828,100.0,0.0,207.0,0,0.14000000059604645,28.0,1000.0,1000.0,0.0
1776886539.327,100.0,0.0,206.0,0,0.1899999976158142,28.25,1000.0,1000.0,0.0
1776886539.832,100.0,0.0,213.0,0,0.1599999964237213,28.25,1000.0,1000.0,0.0
1776886540.335,100.0,0.0,233.0,0,0.0,28.25,1000.0,1000.0,0.0
1776886540.847,100.0,0.0,245.0,0,0.009999999776482582,28.25,1000.0,1000.0,0.0
1776886541.332,100.0,0.0,245.0,0,0.25,28.25,1000.0,1000.0,0.0
1776886541.844,100.0,0.0,243.0,0,0.38999998569488525,28.25,1000.0,1000.0,0.0
1776886542.386,100.0,0.0,246.0,0,1.0,28.25,1000.0,1000.0,0.0
1776886542.879,100.0,0.0,224.0,0,1.5299999713897705,28.25,1000.0,1000.0,0.0
1776886543.359,100.0,0.0,190.0,0,1.8300000429153442,28.25,1000.0,1000.0,0.0
1776886543.841,100.0,0.0,181.0,0,1.899999976158142,28.25,1000.0,1000.0,0.0
1776886544.348,100.0,0.0,192.0,0,1.809999942779541,28.25,1000.0,1000.0,0.0
1776886544.915,100.0,0.0,169.0,0,1.600000023841858,28.25,1000.0,1000.0,0.0
1776886545.399,100.0,0.0,144.0,0,1.3799999952316284,28.25,1000.0,1000.0,0.0
1776886545.891,100.0,0.0,114.0,0,1.350000023841858,28.25,1000.0,1000.0,0.0
1776886546.39,100.0,0.0,351.0,0,1.3600000143051147,28.25,1000.0,1000.0,0.0
1776886546.865,100.0,0.0,345.0,0,1.0499999523162842,28.25,1000.0,1000.0,0.0
1776886547.429,100.0,0.0,347.0,0,0.3700000047683716,28.25,1000.0,1000.0,0.0
1776886547.947,100.0,0.0,343.0,0,0.0,28.25,1000.0,1000.0,0.0
1776886548.422,100.0,0.0,337.0,0,0.0,28.25,1000.0,1000.0,0.0
1776886549.123,100.0,0.0,341.0,0,0.0,28.25,1000.0,1000.0,0.0
1776886549.382,100.0,0.0,347.0,0,0.0,28.25,1000.0,1000.0,0.0
1776886549.87,100.0,0.0,345.0,0,0.0,28.25,1000.0,1000.0,0.0
1776886550.381,100.0,0.0,337.0,0,0.0,28.25,1000.0,1000.0,0.0
1776886550.891,100.0,0.0,338.0,0,0.0,28.25,1000.0,1000.0,0.0
1776886551.632,100.0,0.0,344.0,0,0.0,28.25,1000.0,1000.0,0.0
1776886551.983,100.0,0.0,347.0,0,0.0,28.25,1000.0,1000.0,0.0
1776886552.39,100.0,0.0,340.0,0,0.0,28.25,1000.0,1000.0,0.0
1776886553.001,100.0,0.0,337.0,0,0.0,28.25,1000.0,1000.0,0.0
1776886553.432,100.0,0.0,343.0,0,0.0,28.25,1000.0,1000.0,0.0
1776886553.949,100.0,0.0,348.0,0,0.0,28.25,1000.0,1000.0,0.0
1776886554.4,100.0,0.0,343.0,0,0.0,28.25,1000.0,1000.0,0.0
1776886554.905,100.0,0.0,337.0,0,0.0,28.25,1000.0,1000.0,0.0
1776886555.402,100.0,0.0,340.0,0,0.0,28.25,1000.0,1000.0,0.0
1776886555.908,100.0,0.0,347.0,0,0.0,28.25,1000.0,1000.0,0.0
1776886556.412,100.0,0.0,346.0,0,0.0,27.75,1000.0,1000.0,0.0
1776886556.944,100.0,0.0,338.0,0,0.0,27.75,1000.0,1000.0,0.0
1776886557.426,100.0,0.0,339.0,0,0.0,27.75,1000.0,1000.0,0.0
1776886557.967,100.0,0.0,346.0,0,0.0,27.75,1000.0,1000.0,0.0
1776886558.475,100.0,0.0,347.0,0,0.0,27.75,1000.0,1000.0,0.0
1776886558.956,100.0,0.0,340.0,0,0.0,27.75,1000.0,1000.0,0.0
1776886559.419,100.0,0.0,337.0,0,0.0,27.75,1000.0,1000.0,0.0
1776886559.967,100.0,0.0,344.0,0,0.0,27.75,1000.0,1000.0,0.0
1776886560.5,100.0,0.0,348.0,0,0.029999999329447746,27.75,1000.0,1000.0,0.0
1776886560.963,100.0,0.0,344.0,0,0.029999999329447746,27.75,1000.0,1000.0,0.0
1776886561.426,100.0,0.0,337.0,0,0.029999999329447746,27.75,1000.0,1000.0,0.0
1776886561.96,100.0,0.0,339.0,0,0.0,27.75,1000.0,1000.0,0.0
1776886562.479,100.0,0.0,347.0,0,0.0,27.75,1000.0,1000.0,0.0
1776886562.982,100.0,0.0,347.0,0,0.0,27.75,1000.0,1000.0,0.0
1776886563.469,100.0,0.0,344.0,0,0.0,27.75,1000.0,1000.0,0.0
1776886563.96,100.0,0.0,337.0,0,0.0,27.75,1000.0,1000.0,0.0
1776886564.468,100.0,0.0,344.0,0,0.0,27.75,1000.0,1000.0,0.0
1776886565.055,100.0,0.0,348.0,0,0.0,27.75,1000.0,1000.0,0.0
1776886565.438,100.0,0.0,346.0,0,0.0,27.75,1000.0,1000.0,0.0
1776886565.947,100.0,0.0,337.0,0,0.0,27.75,1000.0,1000.0,0.0
1776886566.449,100.0,0.0,340.0,0,0.0,27.75,1000.0,1000.0,0.0
1776886566.958,100.0,0.0,346.0,0,0.0,27.75,1000.0,1000.0,0.0
1776886567.467,100.0,0.0,346.0,0,0.0,27.75,1000.0,1000.0,0.0
1776886568.035,100.0,0.0,340.0,0,0.0,27.75,1000.0,1000.0,0.0
1776886568.035,100.0,0.0,340.0,0,0.0,27.75,1000.0,1000.0,0.0
1776886568.999,100.0,0.0,344.0,0,0.0,27.75,1000.0,1000.0,0.0
1776886569.487,100.0,0.0,347.0,0,0.0,27.75,1000.0,1000.0,0.0
1776886570.007,100.0,0.0,342.0,0,0.0,27.75,1000.0,1000.0,0.0
1776886570.459,100.0,0.0,336.0,0,0.0,27.75,1000.0,1000.0,0.0
1776886571.015,100.0,0.0,341.0,0,0.0,27.75,1000.0,1000.0,0.0
1776886571.481,100.0,0.0,347.0,0,0.0,27.75,1000.0,1000.0,0.0
1776886571.968,100.0,0.0,345.0,0,0.0,27.75,1000.0,1000.0,0.0
1776886572.661,100.0,0.0,337.0,0,0.0,27.75,1000.0,1000.0,0.0
1776886572.994,100.0,0.0,339.0,0,0.0,27.75,1000.0,1000.0,0.0
1776886573.498,100.0,0.0,346.0,0,0.0,27.75,1000.0,1000.0,0.0
1776886573.981,100.0,0.0,346.0,0,0.0,27.75,1000.0,1000.0,0.0
1776886574.551,100.0,0.0,339.0,0,0.0,27.75,1000.0,1000.0,0.0
1776886575.213,100.0,0.0,337.0,0,0.0,27.75,1000.0,1000.0,0.0
1776886575.482,100.0,0.0,344.0,0,0.0,27.75,1000.0,1000.0,0.0
1776886576.156,100.0,0.0,347.0,0,0.0,27.75,1000.0,1000.0,0.0
1776886576.497,100.0,0.0,342.0,0,0.0,27.75,1000.0,1000.0,0.0
1776886577.014,100.0,0.0,337.0,0,0.0,27.75,1000.0,1000.0,0.0
1776886577.621,100.0,0.0,339.0,0,0.0,27.75,1000.0,1000.0,0.0
1776886578.014,100.0,0.0,347.0,0,0.0,27.75,1000.0,1000.0,0.0
1776886578.538,100.0,0.0,346.0,0,0.0,27.75,1000.0,1000.0,0.0
1776886579.048,100.0,0.0,338.0,0,0.0,27.75,1000.0,1000.0,0.0
1776886579.539,100.0,0.0,339.0,0,0.0,27.75,1000.0,1000.0,0.0
1776886579.997,100.0,0.0,346.0,0,0.0,27.75,1000.0,1000.0,0.0
1776886580.499,100.0,0.0,347.0,0,0.0,27.75,1000.0,1000.0,0.0
1776886581.006,100.0,0.0,341.0,0,0.0,27.75,1000.0,1000.0,0.0
1776886581.495,100.0,0.0,338.0,0,0.0,27.75,1000.0,1000.0,0.0
1776886582.032,100.0,0.0,343.0,0,0.0,27.75,1000.0,1000.0,0.0
1776886582.528,100.0,0.0,346.0,0,0.0,27.75,1000.0,1000.0,0.0
1776886583.006,100.0,0.0,344.0,0,0.0,27.75,1000.0,1000.0,0.0
1776886583.558,100.0,0.0,339.0,0,0.0,27.75,1000.0,1000.0,0.0
1776886584.049,100.0,0.0,340.0,0,0.0,27.75,1000.0,1000.0,0.0
1776886584.511,100.0,0.0,343.0,0,0.0,27.75,1000.0,1000.0,0.0
1776886585.012,100.0,0.0,347.0,0,0.0,27.75,1000.0,1000.0,0.0
1776886585.513,100.0,0.0,341.0,0,0.0,27.75,1000.0,1000.0,0.0
1776886586.022,100.0,0.0,337.0,0,0.0,27.75,1000.0,1000.0,0.0
1776886586.523,100.0,0.0,345.0,0,0.0,27.75,1000.0,1000.0,0.0
1776886587.043,100.0,0.0,347.0,0,0.0,27.75,1000.0,1000.0,0.0
1776886587.527,100.0,0.0,343.0,0,0.0,27.75,1000.0,1000.0,0.0
1776886588.032,100.0,0.0,339.0,0,0.0,27.75,1000.0,1000.0,0.0
1776886588.53,100.0,0.0,340.0,0,0.0,27.75,1000.0,1000.0,0.0
1776886589.131,100.0,0.0,347.0,0,0.0,27.75,1000.0,1000.0,0.0
1776886589.535,100.0,0.0,345.0,0,0.029999999329447746,27.75,1000.0,1000.0,0.0
1776886590.036,100.0,0.0,338.0,0,0.029999999329447746,27.75,1000.0,1000.0,0.0
1776886590.533,100.0,0.0,338.0,0,0.0,27.75,1000.0,1000.0,0.0
1776886591.042,100.0,0.0,346.0,0,0.0,27.75,1000.0,1000.0,0.0
1776886591.555,100.0,0.0,345.0,0,0.0,27.75,1000.0,1000.0,0.0
1776886592.039,100.0,0.0,340.0,0,0.0,27.75,1000.0,1000.0,0.0
