x,y,z,t
-0.017999999225139618,0.03799999877810478,1.100000023841858,1776886664.258
-0.014999999664723873,0.03999999910593033,1.093999981880188,1776886664.27
-0.01899999938905239,0.032999999821186066,1.100000023841858,1776886664.296
-0.014999999664723873,0.03799999877810478,1.0959999561309814,1776886664.31
-0.01600000075995922,0.039000000804662704,1.0950000286102295,1776886664.755
-0.017999999225139618,0.04100000113248825,1.0889999866485596,1776886664.77
-0.014999999664723873,0.035999998450279236,1.093999981880188,1776886664.8
-0.01899999938905239,0.03500000014901161,1.100000023841858,1776886664.813
-0.01899999938905239,0.03700000047683716,1.097000002861023,1776886664.83
-0.01899999938905239,0.039000000804662704,1.097000002861023,1776886665.256
-0.01600000075995922,0.03700000047683716,1.1009999513626099,1776886665.27
-0.017000000923871994,0.03700000047683716,1.0950000286102295,1776886665.295
-0.01899999938905239,0.03700000047683716,1.0989999771118164,1776886665.31
-0.01899999938905239,0.03799999877810478,1.1030000448226929,1776886665.335
-0.01600000075995922,0.04100000113248825,1.0950000286102295,1776886665.75
-0.017000000923871994,0.039000000804662704,1.0920000076293945,1776886665.776
-0.01600000075995922,0.03799999877810478,1.1009999513626099,1776886665.79
-0.017999999225139618,0.03700000047683716,1.0959999561309814,1776886665.817
-0.014999999664723873,0.03999999910593033,1.093999981880188,1776886665.83
0.020999999716877937,-0.20800000429153442,1.0429999828338623,1776886666.256
0.06199999898672104,-0.19499999284744263,1.093999981880188,1776886666.27
-0.007000000216066837,-0.1720000058412552,1.1089999675750732,1776886666.291
-0.004999999888241291,-0.054999999701976776,1.1069999933242798,1776886666.318
-0.07500000298023224,-0.07800000160932541,1.0820000171661377,1776886666.33
0.20499999821186066,0.004999999888241291,1.3799999952316284,1776886666.756
-0.08699999749660492,0.004000000189989805,1.2790000438690186,1776886666.77
-0.10999999940395355,-0.0020000000949949026,1.0679999589920044,1776886666.801
-0.04100000113248825,-0.0020000000949949026,1.187000036239624,1776886666.812
0.05999999865889549,0.04100000113248825,1.2890000343322754,1776886666.838
-0.07900000363588333,0.25,1.1130000352859497,1776886667.253
0.019999999552965164,0.06499999761581421,1.0369999408721924,1776886667.279
0.0820000022649765,0.25999999046325684,1.0429999828338623,1776886667.29
0.1459999978542328,0.2540000081062317,1.2589999437332153,1776886667.316
-0.15600000321865082,0.16300000250339508,1.0369999408721924,1776886667.33
-0.009999999776482582,-0.004999999888241291,1.090999960899353,1776886667.75
-0.017000000923871994,0.07000000029802322,1.1059999465942383,1776886667.776
-0.006000000052154064,0.061000000685453415,1.090999960899353,1776886667.79
0.012000000104308128,0.11599999666213989,1.090999960899353,1776886667.816
-0.009999999776482582,0.11100000143051147,1.0759999752044678,1776886667.83
0.02199999988079071,0.03799999877810478,0.9829999804496765,1776886668.25
-0.3310000002384186,0.2280000001192093,1.1349999904632568,1776886668.276
-0.012000000104308128,-0.1809999942779541,1.284000039100647,1776886668.29
-0.03500000014901161,0.1289999932050705,0.9160000085830688,1776886668.319
-0.33000001311302185,0.19099999964237213,1.3270000219345093,1776886668.33
0.07800000160932541,-0.06400000303983688,1.0820000171661377,1776886668.756
-0.10300000011920929,0.2549999952316284,0.9750000238418579,1776886668.77
-0.4269999861717224,0.44999998807907104,1.1009999513626099,1776886668.796
0.10400000214576721,-0.07500000298023224,1.3730000257492065,1776886668.81
0.03700000047683716,0.23499999940395355,1.0379999876022339,1776886668.836
0.3019999861717224,-0.26899999380111694,0.9679999947547913,1776886669.27
0.012000000104308128,0.21400000154972076,1.1119999885559082,1776886669.297
-0.3400000035762787,0.3370000123977661,1.2710000276565552,1776886669.31
0.2630000114440918,-0.24799999594688416,1.0199999809265137,1776886669.336
-0.3400000035762787,0.39899998903274536,1.2319999933242798,1776886669.35
-0.18700000643730164,0.2540000081062317,0.8730000257492065,1776886669.751
-0.37400001287460327,0.3230000138282776,1.1339999437332153,1776886669.778
0.2759999930858612,-0.19699999690055847,0.828000009059906,1776886669.79
0.00800000037997961,0.2709999978542328,1.1200000047683716,1776886669.816
-0.01899999938905239,-0.057999998331069946,1.1649999618530273,1776886669.83
0.03099999949336052,0.007000000216066837,1.1749999523162842,1776886670.276
0.06800000369548798,-0.1379999965429306,1.1180000305175781,1776886670.29
0.1550000011920929,-0.0729999989271164,1.0870000123977661,1776886670.323
-0.07199999690055847,0.11999999731779099,1.0920000076293945,1776886670.335
0.11800000071525574,-0.10999999940395355,1.1059999465942383,1776886670.35
-0.14800000190734863,0.3149999976158142,0.8980000019073486,1776886670.772
-0.3160000145435333,0.11500000208616257,1.2519999742507935,1776886670.8
0.22499999403953552,-0.12200000137090683,0.9049999713897705,1776886670.811
-0.25099998712539673,0.3610000014305115,1.1430000066757202,1776886670.837
-0.17000000178813934,-0.010999999940395355,1.1319999694824219,1776886670.85
-0.012000000104308128,0.050999999046325684,1.0959999561309814,1776886671.279
-0.014000000432133675,0.035999998450279236,1.093999981880188,1776886671.292
-0.009999999776482582,0.03400000184774399,1.097000002861023,1776886671.318
-0.006000000052154064,0.05000000074505806,1.0920000076293945,1776886671.33
-0.02500000037252903,0.04800000041723251,1.093000054359436,1776886671.35
0.012000000104308128,0.2619999945163727,1.0410000085830688,1776886671.776
-0.035999998450279236,0.1860000044107437,1.1720000505447388,1776886671.792
0.02800000086426735,0.22499999403953552,0.9390000104904175,1776886671.818
-0.006000000052154064,0.210999995470047,0.9800000190734863,1776886671.83
-0.10700000077486038,0.07400000095367432,1.2549999952316284,1776886671.856
-0.08799999952316284,0.07400000095367432,1.13100004196167,1776886672.27
-0.027000000700354576,0.08100000023841858,1.0199999809265137,1776886672.296
-0.03799999877810478,0.10199999809265137,1.1820000410079956,1776886672.31
0.019999999552965164,0.10700000077486038,1.125,1776886672.336
0.08799999952316284,0.06700000166893005,1.1050000190734863,1776886672.35
-0.05000000074505806,0.057999998331069946,1.059000015258789,1776886672.79
0.014999999664723873,0.052000001072883606,1.0880000591278076,1776886672.817
0.024000000208616257,0.06800000369548798,1.0679999589920044,1776886672.83
0.06700000166893005,-0.028999999165534973,1.1510000228881836,1776886672.857
0.04699999839067459,0.09799999743700027,1.2400000095367432,1776886672.87
-0.04500000178813934,0.006000000052154064,1.3109999895095825,1776886673.297
-0.010999999940395355,0.017000000923871994,1.1089999675750732,1776886673.31
-0.05900000035762787,0.03999999910593033,1.2769999504089355,1776886673.337
-0.012000000104308128,0.06400000303983688,1.0160000324249268,1776886673.35
0.039000000804662704,0.03999999910593033,1.0420000553131104,1776886673.377
-0.05400000140070915,0.03400000184774399,1.2039999961853027,1776886673.79
-0.03999999910593033,0.10100000351667404,0.7929999828338623,1776886673.816
-0.017000000923871994,0.017000000923871994,1.3009999990463257,1776886673.83
-0.03400000184774399,0.05700000002980232,1.0010000467300415,1776886673.856
0.03099999949336052,0.017999999225139618,1.0770000219345093,1776886673.87
0.3100000023841858,-0.2150000035762787,1.375,1776886674.79
-0.02800000086426735,-0.414000004529953,1.6080000400543213,1776886674.816
-0.003000000026077032,0.0430000014603138,0.9350000023841858,1776886674.83
0.16099999845027924,-0.024000000208616257,0.9869999885559082,1776886674.85
0.3330000042915344,-0.00800000037997961,1.1380000114440918,1776886674.878
-0.4359999895095825,0.052000001072883606,1.2549999952316284,1776886675.29
0.08299999684095383,0.5019999742507935,0.6759999990463257,1776886675.316
0.48899999260902405,0.39399999380111694,0.859000027179718,1776886675.33
0.31200000643730164,0.24699999392032623,0.8289999961853027,1776886675.356
0.11900000274181366,-0.24799999594688416,1.715000033378601,1776886675.37
-0.2150000035762787,0.07400000095367432,0.6890000104904175,1776886675.796
0.13899999856948853,-0.16500000655651093,1.4429999589920044,1776886675.81
0.05400000140070915,0.24799999594688416,1.3739999532699585,1776886675.836
0.4300000071525574,0.2680000066757202,1.1139999628067017,1776886675.85
0.21899999678134918,0.37700000405311584,1.156999945640564,1776886675.876
0.9120000004768372,-0.640999972820282,1.8250000476837158,1776886676.29
0.859000027179718,0.050999999046325684,0.5649999976158142,1776886676.319
0.17599999904632568,0.27799999713897705,0.9800000190734863,1776886676.33
0.04100000113248825,0.09300000220537186,0.8159999847412109,1776886676.357
0.3050000071525574,0.24300000071525574,1.222000002861023,1776886676.37
0.15299999713897705,0.17800000309944153,1.399999976158142,1776886676.79
0.09200000017881393,0.19499999284744263,1.3509999513626099,1776886676.816
-0.1979999989271164,-0.23000000417232513,1.281000018119812,1776886676.83
0.23899999260902405,0.41499999165534973,0.24300000071525574,1776886676.858
0.40299999713897705,0.4300000071525574,1.0399999618530273,1776886676.87
0.3449999988079071,0.367000013589859,0.6790000200271606,1776886677.31
0.024000000208616257,0.14900000393390656,1.2949999570846558,1776886677.331
0.32899999618530273,0.17000000178813934,1.0529999732971191,1776886677.35
1.2699999809265137,-1.1089999675750732,1.5989999771118164,1776886677.376
-0.24799999594688416,-0.5260000228881836,1.0440000295639038,1776886677.39
0.6100000143051147,0.03700000047683716,1.125,1776886677.79
0.21299999952316284,0.1420000046491623,0.5040000081062317,1776886677.816
-0.25,0.2329999953508377,0.6190000176429749,1776886677.83
-0.09600000083446503,0.2529999911785126,1.0019999742507935,1776886677.856
-0.5249999761581421,-0.753000020980835,-1.9160000085830688,1776886677.872
0.5550000071525574,-0.6299999952316284,-1.9199999570846558,1776886678.296
0.37599998712539673,0.19499999284744263,1.434999942779541,1776886678.31
-0.039000000804662704,0.07800000160932541,1.4609999656677246,1776886678.33
0.03500000014901161,0.1940000057220459,0.7580000162124634,1776886678.356
-0.28299999237060547,0.15000000596046448,1.0219999551773071,1776886678.37
-0.041999999433755875,0.04600000008940697,1.1649999618530273,1776886679.29
-0.050999999046325684,0.009999999776482582,1.2999999523162842,1776886679.316
0.09700000286102295,-0.054999999701976776,1.1660000085830688,1776886679.33
0.24300000071525574,-0.10999999940395355,1.0089999437332153,1776886679.356
0.09099999815225601,-0.03799999877810478,1.1319999694824219,1776886679.372
-0.19200000166893005,0.03999999910593033,1.0290000438690186,1776886679.81
-0.21400000154972076,0.057999998331069946,1.128000020980835,1776886679.838
-0.12700000405311584,0.07400000095367432,1.2200000286102295,1776886679.85
0.0729999989271164,0.004999999888241291,1.055999994277954,1776886679.876
-0.0020000000949949026,-0.03099999949336052,1.1119999885559082,1776886679.89
-0.024000000208616257,0.03400000184774399,0.9679999947547913,1776886680.316
-0.06599999964237213,0.019999999552965164,1.159000039100647,1776886680.33
-0.06700000166893005,0.029999999329447746,1.1059999465942383,1776886680.356
-0.04600000008940697,0.019999999552965164,1.0540000200271606,1776886680.373
0.012000000104308128,-0.01899999938905239,1.128000020980835,1776886680.399
0.017999999225139618,-0.22100000083446503,1.0839999914169312,1776886680.822
-0.05000000074505806,-0.18799999356269836,1.156000018119812,1776886680.832
-0.05400000140070915,-0.1459999978542328,1.2480000257492065,1776886680.858
0.0860000029206276,-0.08299999684095383,1.0529999732971191,1776886680.87
0.04699999839067459,-0.15399999916553497,1.1109999418258667,1776886680.896
0.00800000037997961,0.02500000037252903,1.093999981880188,1776886681.31
0.020999999716877937,-0.020999999716877937,1.0950000286102295,1776886681.337
0.008999999612569809,-0.019999999552965164,1.093999981880188,1776886681.35
-0.014999999664723873,0.06599999964237213,1.090999960899353,1776886681.376
0.00800000037997961,0.04600000008940697,1.0989999771118164,1776886681.39
0.02800000086426735,-0.004000000189989805,1.0549999475479126,1776886681.81
0.01600000075995922,-0.035999998450279236,1.125,1776886681.844
-0.03799999877810478,0.08100000023841858,1.0740000009536743,1776886681.855
-0.03500000014901161,0.027000000700354576,1.1019999980926514,1776886681.87
0.014000000432133675,-0.004000000189989805,1.0839999914169312,1776886681.896
0.009999999776482582,0.029999999329447746,1.0920000076293945,1776886682.316
-0.013000000268220901,0.05700000002980232,1.1069999933242798,1776886682.33
-0.004999999888241291,0.05299999937415123,1.0889999866485596,1776886682.356
0.013000000268220901,0.1720000058412552,1.11899995803833,1776886682.37
-0.0020000000949949026,0.24300000071525574,1.0679999589920044,1776886682.399
0.04800000041723251,-0.008999999612569809,0.8960000276565552,1776886683.337
-0.0989999994635582,0.04800000041723251,1.0440000295639038,1776886683.35
-0.09399999678134918,0.10300000011920929,1.1640000343322754,1776886683.377
-0.06199999898672104,0.05000000074505806,1.121999979019165,1776886683.39
-0.04800000041723251,0.0949999988079071,0.9729999899864197,1776886683.411
0.3720000088214874,0.2630000114440918,0.8939999938011169,1776886683.836
0.20999999344348907,0.4350000023841858,0.6660000085830688,1776886683.85
0.18700000643730164,0.1860000044107437,1.3300000429153442,1776886683.876
-0.15800000727176666,-1.2599999904632568,1.2330000400543213,1776886683.89
-0.4000000059604645,-1.1859999895095825,1.4320000410079956,1776886683.916
-0.02500000037252903,0.00800000037997961,1.0980000495910645,1776886684.336
-0.02199999988079071,-0.00800000037997961,1.1009999513626099,1776886684.35
-0.012000000104308128,0.024000000208616257,1.093999981880188,1776886684.376
-0.0020000000949949026,0.00800000037997961,1.093999981880188,1776886684.391
-0.014999999664723873,0.017999999225139618,1.0889999866485596,1776886684.417
-0.024000000208616257,0.03099999949336052,1.1100000143051147,1776886684.837
-0.07100000232458115,0.05400000140070915,1.13100004196167,1776886684.856
0.024000000208616257,-0.07900000363588333,1.0980000495910645,1776886684.872
-0.00800000037997961,-0.052000001072883606,1.1299999952316284,1776886684.898
-0.05299999937415123,-0.013000000268220901,1.1019999980926514,1776886684.911
0.12399999797344208,-0.28700000047683716,1.1440000534057617,1776886685.33
0.07699999958276749,0.0020000000949949026,1.0640000104904175,1776886685.357
-0.10199999809265137,0.3919999897480011,1.2599999904632568,1776886685.37
0.20000000298023224,-0.17499999701976776,0.9620000123977661,1776886685.396
0.20900000631809235,-0.08799999952316284,1.1380000114440918,1776886685.41
-0.22499999403953552,0.11800000071525574,1.0779999494552612,1776886685.83
-0.22499999403953552,0.11800000071525574,1.0779999494552612,1776886685.857
-0.30000001192092896,0.2029999941587448,1.2170000076293945,1776886685.87
-0.08500000089406967,0.03799999877810478,0.8920000195503235,1776886685.896
0.1120000034570694,-0.06499999761581421,1.2259999513626099,1776886685.91
-0.05000000074505806,0.04800000041723251,1.0889999866485596,1776886686.336
-0.032999999821186066,0.03799999877810478,1.093999981880188,1776886686.35
-0.020999999716877937,0.027000000700354576,1.0980000495910645,1776886686.376
-0.04600000008940697,0.0989999994635582,1.090999960899353,1776886686.39
-0.04100000113248825,0.13500000536441803,1.0959999561309814,1776886686.416
-0.06499999761581421,0.08100000023841858,1.1269999742507935,1776886686.837
-0.06499999761581421,0.08100000023841858,1.1269999742507935,1776886686.85
-0.004000000189989805,0.04899999871850014,1.1160000562667847,1776886686.879
-0.019999999552965164,0.03200000151991844,1.0169999599456787,1776886686.896
-0.09799999743700027,0.03500000014901161,1.1549999713897705,1776886686.91
0.02199999988079071,0.1469999998807907,1.027999997138977,1776886687.35
0.02199999988079071,0.1469999998807907,1.027999997138977,1776886687.376
0.02199999988079071,0.1469999998807907,1.027999997138977,1776886687.39
-0.007000000216066837,0.3100000023841858,0.8880000114440918,1776886687.416
-0.17399999499320984,0.3409999907016754,0.7459999918937683,1776886687.43
-0.07699999958276749,0.041999999433755875,1.0750000476837158,1776886687.836
0.13199999928474426,-0.07000000029802322,1.1540000438690186,1776886687.85
0.07000000029802322,-0.00800000037997961,1.0729999542236328,1776886687.876
0.014999999664723873,0.01600000075995922,1.0740000009536743,1776886687.894
-0.029999999329447746,0.01899999938905239,1.093000054359436,1776886687.91
0.013000000268220901,0.054999999701976776,1.1089999675750732,1776886688.351
0.013000000268220901,0.054999999701976776,1.1089999675750732,1776886688.377
0.013000000268220901,0.054999999701976776,1.1089999675750732,1776886688.39
0.041999999433755875,0.04100000113248825,1.1009999513626099,1776886688.416
0.009999999776482582,0.0,1.0709999799728394,1776886688.431
-0.013000000268220901,0.0430000014603138,1.1269999742507935,1776886688.856
-0.007000000216066837,0.039000000804662704,1.1130000352859497,1776886688.87
0.03200000151991844,0.14900000393390656,1.090999960899353,1776886688.898
0.0729999989271164,0.07000000029802322,1.062999963760376,1776886688.911
0.003000000026077032,0.010999999940395355,1.0789999961853027,1776886688.937
0.210999995470047,0.44600000977516174,1.5169999599456787,1776886689.363
0.3569999933242798,0.503000020980835,1.3830000162124634,1776886689.374
0.3569999933242798,0.503000020980835,1.3830000162124634,1776886689.39
0.3569999933242798,0.503000020980835,1.3830000162124634,1776886689.417
-0.24699999392032623,-0.15299999713897705,1.2799999713897705,1776886689.43
0.03099999949336052,0.09000000357627869,1.1069999933242798,1776886689.857
-0.014000000432133675,0.09200000017881393,1.0850000381469727,1776886689.87
-0.12700000405311584,0.12099999934434891,1.0809999704360962,1776886689.897
-0.14399999380111694,0.10300000011920929,1.0399999618530273,1776886689.91
-0.1720000058412552,0.14300000667572021,1.0180000066757202,1776886689.936
-0.05400000140070915,0.05400000140070915,1.097000002861023,1776886690.352
-0.024000000208616257,0.05700000002980232,1.090999960899353,1776886690.379
-0.024000000208616257,0.05700000002980232,1.090999960899353,1776886690.39
-0.024000000208616257,0.05700000002980232,1.090999960899353,1776886690.416
-0.02500000037252903,0.04699999839067459,1.0950000286102295,1776886690.43
0.10599999874830246,-0.12300000339746475,1.0240000486373901,1776886690.87
0.17900000512599945,-0.0860000029206276,1.2419999837875366,1776886690.896
0.31200000643730164,-0.0020000000949949026,1.1460000276565552,1776886690.911
0.2879999876022339,-0.035999998450279236,1.0149999856948853,1776886690.938
0.23100000619888306,0.014000000432133675,0.9309999942779541,1776886690.95
0.04500000178813934,0.7149999737739563,0.8100000023841858,1776886691.377
-0.07100000232458115,0.574999988079071,0.8059999942779541,1776886691.391
-0.07100000232458115,0.574999988079071,0.8059999942779541,1776886691.417
-0.07100000232458115,0.574999988079071,0.8059999942779541,1776886691.43
-0.07100000232458115,0.574999988079071,0.8059999942779541,1776886691.456
-0.052000001072883606,0.4189999997615814,0.828000009059906,1776886691.87
-0.05000000074505806,0.47099998593330383,0.8880000114440918,1776886691.896
-0.05900000035762787,0.492000013589859,0.9810000061988831,1776886691.911
-0.06400000303983688,0.4429999887943268,0.9210000038146973,1776886691.938
-0.02500000037252903,0.42800000309944153,0.9800000190734863,1776886691.95
-0.03200000151991844,0.20900000631809235,1.0709999799728394,1776886692.382
-0.012000000104308128,0.20200000703334808,1.0870000123977661,1776886692.392
0.004000000189989805,0.22100000083446503,1.0720000267028809,1776886692.419
0.004000000189989805,0.22100000083446503,1.0720000267028809,1776886692.431
0.004000000189989805,0.22100000083446503,1.0720000267028809,1776886692.456
-0.013000000268220901,0.1420000046491623,1.1100000143051147,1776886692.877
-0.020999999716877937,0.1550000011920929,1.121999979019165,1776886692.89
-0.003000000026077032,0.17399999499320984,1.062000036239624,1776886692.916
-0.004999999888241291,0.16300000250339508,1.0570000410079956,1776886692.931
-0.003000000026077032,0.17900000512599945,1.0989999771118164,1776886692.959
-0.023000000044703484,0.20100000500679016,1.1200000047683716,1776886693.37
-0.00800000037997961,0.18199999630451202,1.062999963760376,1776886693.396
-0.02500000037252903,0.1589999943971634,1.0989999771118164,1776886693.41
-0.03500000014901161,0.1420000046491623,1.0859999656677246,1776886693.444
-0.03500000014901161,0.1420000046491623,1.0859999656677246,1776886693.456
-0.024000000208616257,0.17299999296665192,1.0889999866485596,1776886693.871
-0.026000000536441803,0.16500000655651093,1.097000002861023,1776886693.897
-0.026000000536441803,0.164000004529953,1.0870000123977661,1776886693.911
-0.027000000700354576,0.16500000655651093,1.0870000123977661,1776886693.941
-0.028999999165534973,0.17399999499320984,1.0829999446868896,1776886693.951
-0.03500000014901161,0.1850000023841858,1.0740000009536743,1776886694.377
-0.028999999165534973,0.17900000512599945,1.0820000171661377,1776886694.39
-0.023000000044703484,0.18700000643730164,1.0889999866485596,1776886694.416
-0.02199999988079071,0.20800000429153442,1.0920000076293945,1776886694.43
0.0,0.20399999618530273,1.069000005722046,1776886694.456
0.028999999165534973,0.0560000017285347,1.059000015258789,1776886694.893
0.10100000351667404,0.1289999932050705,1.1380000114440918,1776886694.919
0.07800000160932541,0.16099999845027924,1.0789999961853027,1776886694.93
-0.023000000044703484,0.14800000190734863,1.0420000553131104,1776886694.961
-0.12999999523162842,0.1599999964237213,1.0709999799728394,1776886694.971
-0.08799999952316284,0.10000000149011612,1.097000002861023,1776886695.377
-0.0820000022649765,0.10100000351667404,1.090999960899353,1776886695.391
-0.06199999898672104,0.10400000214576721,1.093000054359436,1776886695.411
-0.06300000101327896,0.09799999743700027,1.0920000076293945,1776886695.439
-0.0820000022649765,0.10199999809265137,1.093000054359436,1776886695.45
0.04500000178813934,0.0860000029206276,1.215000033378601,1776886696.399
0.13899999856948853,0.1420000046491623,1.0509999990463257,1776886696.411
0.15299999713897705,0.23499999940395355,1.1039999723434448,1776886696.437
0.1850000023841858,0.23000000417232513,1.1009999513626099,1776886696.451
0.11500000208616257,0.1509999930858612,1.0230000019073486,1776886696.477
-0.13699999451637268,-0.16899999976158142,0.8949999809265137,1776886696.89
-0.03400000184774399,0.061000000685453415,1.0789999961853027,1776886696.916
0.03500000014901161,0.05999999865889549,1.0829999446868896,1776886696.931
-0.004000000189989805,0.0729999989271164,1.1100000143051147,1776886696.95
-0.0560000017285347,0.10499999672174454,1.156999945640564,1776886696.976
-0.13199999928474426,-0.06199999898672104,1.0839999914169312,1776886697.396
-0.14300000667572021,-0.07199999690055847,1.0809999704360962,1776886697.411
-0.1289999932050705,-0.0689999982714653,1.0889999866485596,1776886697.437
-0.13099999725818634,-0.06700000166893005,1.0829999446868896,1776886697.453
-0.1289999932050705,-0.07000000029802322,1.0809999704360962,1776886697.479
-0.41499999165534973,-0.5609999895095825,1.1490000486373901,1776886698.391
-0.1340000033378601,-0.503000020980835,0.7480000257492065,1776886698.423
-0.03200000151991844,-0.597000002861023,0.8410000205039978,1776886698.434
0.03099999949336052,-0.6179999709129333,0.8920000195503235,1776886698.451
0.1379999965429306,-0.5370000004768372,0.7129999995231628,1776886698.477
-0.04800000041723251,-0.20900000631809235,-0.0020000000949949026,1776886698.897
0.2070000022649765,-1.1230000257492065,-0.5490000247955322,1776886698.911
0.19900000095367432,-0.8100000023841858,-0.39100000262260437,1776886698.938
0.10999999940395355,-0.6919999718666077,-0.2160000056028366,1776886698.951
0.0860000029206276,-0.8999999761581421,-0.37400001287460327,1776886698.976
-0.054999999701976776,-0.9649999737739563,0.010999999940395355,1776886699.391
-0.05299999937415123,-0.9599999785423279,0.004000000189989805,1776886699.417
-0.061000000685453415,-0.9610000252723694,0.003000000026077032,1776886699.432
-0.06199999898672104,-0.9639999866485596,0.02500000037252903,1776886699.458
-0.05299999937415123,-0.9610000252723694,0.017999999225139618,1776886699.471
-0.05700000002980232,-0.9620000123977661,0.008999999612569809,1776886699.891
-0.05299999937415123,-0.9660000205039978,0.012000000104308128,1776886699.919
-0.05900000035762787,-0.9599999785423279,0.013000000268220901,1776886699.931
-0.05400000140070915,-0.9639999866485596,0.017999999225139618,1776886699.956
-0.05000000074505806,-0.9639999866485596,0.01600000075995922,1776886699.971
-0.057999998331069946,-0.9150000214576721,-0.017000000923871994,1776886700.912
-0.02500000037252903,-0.9769999980926514,-0.014999999664723873,1776886700.939
-0.052000001072883606,-0.9459999799728394,0.014000000432133675,1776886700.951
0.0020000000949949026,-0.9769999980926514,0.017999999225139618,1776886700.976
-0.04600000008940697,-0.9330000281333923,0.017000000923871994,1776886700.991
-0.0560000017285347,-0.9129999876022339,-0.02199999988079071,1776886701.391
-0.09200000017881393,-0.9810000061988831,0.04699999839067459,1776886701.416
0.00800000037997961,-0.9470000267028809,-0.07699999958276749,1776886701.431
-0.04699999839067459,-1.0240000486373901,0.024000000208616257,1776886701.457
-0.06499999761581421,-0.953000009059906,0.1120000034570694,1776886701.471
-0.050999999046325684,-0.9980000257492065,-0.0020000000949949026,1776886701.918
-0.032999999821186066,-0.9909999966621399,0.061000000685453415,1776886701.937
-0.0010000000474974513,-0.9110000133514404,-0.18400000035762787,1776886701.951
-0.08900000154972076,-0.9679999947547913,0.003000000026077032,1776886701.977
-0.061000000685453415,-0.953000009059906,-0.017000000923871994,1776886701.991
-0.02199999988079071,-0.9520000219345093,0.007000000216066837,1776886702.416
-0.06599999964237213,-0.972000002861023,-0.028999999165534973,1776886702.431
-0.07199999690055847,-0.9829999804496765,0.04100000113248825,1776886702.458
-0.06300000101327896,-0.9539999961853027,0.06400000303983688,1776886702.471
-0.07400000095367432,-0.9649999737739563,0.04500000178813934,1776886702.496
-0.050999999046325684,-0.9729999899864197,0.027000000700354576,1776886703.416
-0.052000001072883606,-0.949999988079071,0.008999999612569809,1776886703.431
-0.052000001072883606,-0.9580000042915344,0.012000000104308128,1776886703.456
-0.054999999701976776,-0.9580000042915344,0.010999999940395355,1776886703.473
-0.057999998331069946,-0.9679999947547913,0.026000000536441803,1776886703.498
-0.054999999701976776,-0.9639999866485596,0.052000001072883606,1776886703.911
-0.04600000008940697,-0.953000009059906,0.013000000268220901,1776886703.939
-0.04100000113248825,-0.9789999723434448,0.01899999938905239,1776886703.951
-0.06599999964237213,-0.9810000061988831,-0.010999999940395355,1776886703.976
-0.06400000303983688,-0.9470000267028809,0.009999999776482582,1776886703.991
-0.06599999964237213,-0.9769999980926514,0.035999998450279236,1776886704.417
-0.06700000166893005,-0.9509999752044678,0.01600000075995922,1776886704.431
-0.06300000101327896,-0.949999988079071,-0.007000000216066837,1776886704.457
-0.07000000029802322,-0.9459999799728394,0.02199999988079071,1776886704.471
-0.06400000303983688,-0.9589999914169312,0.014999999664723873,1776886704.497
-0.06800000369548798,-0.9570000171661377,0.029999999329447746,1776886704.911
-0.0729999989271164,-1.0,0.06499999761581421,1776886704.937
-0.054999999701976776,-0.9679999947547913,0.026000000536441803,1776886704.951
-0.06300000101327896,-0.9629999995231628,0.013000000268220901,1776886704.977
-0.07100000232458115,-0.949999988079071,0.003000000026077032,1776886704.991
-0.06599999964237213,-0.9670000076293945,0.019999999552965164,1776886705.431
-0.0689999982714653,-0.9710000157356262,0.06400000303983688,1776886705.457
-0.06700000166893005,-0.9850000143051147,0.04100000113248825,1776886705.471
-0.07699999958276749,-0.9520000219345093,0.035999998450279236,1776886705.497
-0.05900000035762787,-0.9679999947547913,-0.017000000923871994,1776886705.511
-0.061000000685453415,-0.9549999833106995,-0.026000000536441803,1776886705.938
-0.09399999678134918,-0.9890000224113464,-0.006000000052154064,1776886705.951
-0.0729999989271164,-0.9610000252723694,0.039000000804662704,1776886705.978
-0.05299999937415123,-0.9470000267028809,0.020999999716877937,1776886705.991
-0.0430000014603138,-0.9860000014305115,0.03799999877810478,1776886706.016
-0.10700000077486038,-0.9620000123977661,0.06599999964237213,1776886706.431
-0.10300000011920929,-0.9850000143051147,0.02199999988079071,1776886706.456
-0.10100000351667404,-0.9610000252723694,0.032999999821186066,1776886706.471
-0.10300000011920929,-0.9599999785423279,-0.004000000189989805,1776886706.497
-0.11800000071525574,-0.9570000171661377,0.014000000432133675,1776886706.511
-0.10899999737739563,-0.9589999914169312,0.019999999552965164,1776886706.937
-0.1080000028014183,-0.9470000267028809,0.012000000104308128,1776886706.951
-0.11400000005960464,-0.9599999785423279,0.020999999716877937,1776886706.981
-0.11299999803304672,-0.949999988079071,-0.004999999888241291,1776886706.992
-0.11400000005960464,-0.9559999704360962,0.008999999612569809,1776886707.018
-0.11500000208616257,-0.9610000252723694,0.013000000268220901,1776886707.431
-0.10700000077486038,-0.9599999785423279,0.010999999940395355,1776886707.457
-0.11100000143051147,-0.9480000138282776,0.003000000026077032,1776886707.471
-0.10999999940395355,-0.949999988079071,0.013000000268220901,1776886707.497
-0.1080000028014183,-0.9480000138282776,-0.007000000216066837,1776886707.511
-0.11900000274181366,-0.9580000042915344,0.014999999664723873,1776886707.951
-0.12600000202655792,-0.9470000267028809,0.014999999664723873,1776886707.977
-0.10599999874830246,-0.9710000157356262,0.010999999940395355,1776886707.991
-0.10199999809265137,-0.9580000042915344,-0.017000000923871994,1776886708.018
-0.09600000083446503,-0.9509999752044678,0.004999999888241291,1776886708.031
-0.10499999672174454,-0.9620000123977661,0.012000000104308128,1776886708.431
-0.12399999797344208,-0.9679999947547913,0.03200000151991844,1776886708.457
-0.1080000028014183,-0.9649999737739563,0.01899999938905239,1776886708.471
-0.11800000071525574,-0.9729999899864197,0.05900000035762787,1776886708.497
-0.09399999678134918,-0.9409999847412109,0.03799999877810478,1776886708.512
-0.10700000077486038,-0.9710000157356262,-0.0010000000474974513,1776886708.959
-0.10700000077486038,-0.9710000157356262,-0.0010000000474974513,1776886708.979
-0.11599999666213989,-0.9440000057220459,0.01600000075995922,1776886708.991
-0.125,-0.9629999995231628,0.023000000044703484,1776886709.017
-0.12200000137090683,-0.9700000286102295,0.03799999877810478,1776886709.031
-0.1080000028014183,-0.9570000171661377,0.03400000184774399,1776886709.451
-0.10000000149011612,-0.953000009059906,0.004000000189989805,1776886709.477
-0.09399999678134918,-0.9610000252723694,0.029999999329447746,1776886709.491
-0.12200000137090683,-0.9520000219345093,0.013000000268220901,1776886709.519
-0.13199999928474426,-0.9620000123977661,0.009999999776482582,1776886709.531
-0.10100000351667404,-1.0010000467300415,0.3269999921321869,1776886709.951
-0.10100000351667404,-1.0010000467300415,0.3269999921321869,1776886709.977
-0.10599999874830246,-0.9010000228881836,0.0010000000474974513,1776886709.992
-0.2590000033378601,-0.718999981880188,0.20399999618530273,1776886710.011
-0.19699999690055847,-0.8059999942779541,0.3050000071525574,1776886710.037
-0.15800000727176666,-0.5889999866485596,0.5740000009536743,1776886710.452
0.33899998664855957,-0.3700000047683716,0.1289999932050705,1776886710.48
0.34299999475479126,-0.3720000088214874,0.21799999475479126,1776886710.491
1.2710000276565552,0.09000000357627869,-1.930999994277954,1776886710.517
0.6589999794960022,1.5959999561309814,-1.9160000085830688,1776886710.531
-0.33799999952316284,-0.03799999877810478,1.0440000295639038,1776886710.951
-0.33799999952316284,-0.03799999877810478,1.0440000295639038,1776886710.977
-0.16500000655651093,-0.039000000804662704,1.0019999742507935,1776886710.991
-0.1469999998807907,-0.008999999612569809,1.024999976158142,1776886711.017
-0.08299999684095383,0.07000000029802322,1.1990000009536743,1776886711.031
-0.2160000056028366,0.33000001311302185,0.9729999899864197,1776886711.458
-0.17399999499320984,0.1509999930858612,0.5699999928474426,1776886711.471
-0.10000000149011612,0.49399998784065247,0.7450000047683716,1776886711.499
-0.10899999737739563,0.5090000033378601,0.9190000295639038,1776886711.511
-0.210999995470047,0.36399999260902405,0.9079999923706055,1776886711.537
-0.1340000033378601,0.0010000000474974513,1.093000054359436,1776886711.957
-0.1340000033378601,0.0010000000474974513,1.093000054359436,1776886711.971
-0.1340000033378601,0.0010000000474974513,1.093000054359436,1776886711.999
-0.1340000033378601,0.0010000000474974513,1.093000054359436,1776886712.011
-0.125,0.008999999612569809,1.0859999656677246,1776886712.037
-0.12200000137090683,0.008999999612569809,1.0950000286102295,1776886712.457
-0.12099999934434891,0.00800000037997961,1.090999960899353,1776886712.471
-0.125,0.009999999776482582,1.0859999656677246,1776886712.499
-0.12200000137090683,0.00800000037997961,1.093000054359436,1776886712.511
-0.12600000202655792,0.008999999612569809,1.0920000076293945,1776886712.537
-0.11800000071525574,0.009999999776482582,1.0980000495910645,1776886712.953
-0.12200000137090683,-0.0020000000949949026,1.0770000219345093,1776886712.979
-0.12200000137090683,-0.0020000000949949026,1.0770000219345093,1776886712.991
-0.12200000137090683,-0.0020000000949949026,1.0770000219345093,1776886713.017
-0.12200000137090683,-0.0020000000949949026,1.0770000219345093,1776886713.031
0.35600000619888306,-0.16099999845027924,1.003000020980835,1776886713.457
0.5640000104904175,-0.10499999672174454,1.2050000429153442,1776886713.471
0.5230000019073486,-0.050999999046325684,1.0529999732971191,1776886713.497
0.14100000262260437,-0.019999999552965164,0.7250000238418579,1776886713.511
0.01600000075995922,-0.02199999988079071,0.8809999823570251,1776886713.537
-0.2800000011920929,0.035999998450279236,1.0829999446868896,1776886713.951
-0.1899999976158142,-0.054999999701976776,0.824999988079071,1776886713.978
-0.01899999938905239,-0.15199999511241913,0.902999997138977,1776886713.991
-0.01899999938905239,-0.15199999511241913,0.902999997138977,1776886714.017
-0.01899999938905239,-0.15199999511241913,0.902999997138977,1776886714.031
-0.22200000286102295,-0.01899999938905239,1.069000005722046,1776886714.458
0.14300000667572021,-0.027000000700354576,1.2000000476837158,1776886714.471
0.25699999928474426,0.023000000044703484,0.9100000262260437,1776886714.497
0.3089999854564667,0.0989999994635582,0.8759999871253967,1776886714.511
0.3230000138282776,0.09799999743700027,0.8199999928474426,1776886714.546
-0.009999999776482582,0.1809999942779541,1.121000051498413,1776886714.977
-0.01600000075995922,0.22599999606609344,1.0490000247955322,1776886714.992
-0.01600000075995922,0.22599999606609344,1.0490000247955322,1776886715.018
-0.01600000075995922,0.22599999606609344,1.0490000247955322,1776886715.031
-0.01600000075995922,0.22599999606609344,1.0490000247955322,1776886715.057
-0.026000000536441803,0.04899999871850014,1.0959999561309814,1776886715.471
-0.026000000536441803,0.05400000140070915,1.1009999513626099,1776886715.498
-0.020999999716877937,0.06199999898672104,1.0989999771118164,1776886715.511
-0.02199999988079071,0.05900000035762787,1.0980000495910645,1776886715.537
-0.028999999165534973,0.050999999046325684,1.097000002861023,1776886715.551
-0.02800000086426735,0.05400000140070915,1.097000002861023,1776886715.971
-0.024000000208616257,0.0560000017285347,1.093000054359436,1776886715.998
-0.024000000208616257,0.05900000035762787,1.0980000495910645,1776886716.016
-0.023000000044703484,0.09200000017881393,1.0839999914169312,1776886716.031
-0.04600000008940697,0.08100000023841858,1.0889999866485596,1776886716.058
-0.020999999716877937,0.017999999225139618,1.1069999933242798,1776886716.471
-0.06700000166893005,0.007000000216066837,1.0540000200271606,1776886716.497
-0.04800000041723251,0.019999999552965164,1.0809999704360962,1776886716.511
0.007000000216066837,0.04899999871850014,1.0980000495910645,1776886716.538
-0.00800000037997961,0.04399999976158142,1.062000036239624,1776886716.551
0.05900000035762787,0.10300000011920929,1.1859999895095825,1776886717.0
0.009999999776482582,0.09799999743700027,1.0360000133514404,1776886717.011
0.09200000017881393,0.1770000010728836,1.0140000581741333,1776886717.045
-0.21799999475479126,-0.10700000077486038,1.1629999876022339,1776886717.058
-0.17299999296665192,-0.03700000047683716,1.1119999885559082,1776886717.071
-0.19499999284744263,0.0010000000474974513,1.1510000228881836,1776886717.491
-0.24400000274181366,0.17900000512599945,0.7599999904632568,1776886717.519
0.10300000011920929,0.1979999989271164,1.2450000047683716,1776886717.531
-0.15199999511241913,0.1080000028014183,1.0199999809265137,1776886717.558
-0.296999990940094,-0.10899999737739563,0.9139999747276306,1776886717.571
0.30799999833106995,0.4259999990463257,1.00600004196167,1776886717.991
0.1940000057220459,0.24199999868869781,0.8220000267028809,1776886718.017
-0.22499999403953552,-0.1589999943971634,1.2599999904632568,1776886718.031
-0.4869999885559082,-0.3190000057220459,1.2669999599456787,1776886718.058
-0.05299999937415123,0.027000000700354576,0.8019999861717224,1776886718.071
-0.2619999945163727,-0.1080000028014183,0.9860000014305115,1776886718.471
0.2590000033378601,0.4020000100135803,1.2259999513626099,1776886718.497
0.1589999943971634,0.023000000044703484,1.2359999418258667,1776886718.511
-0.3070000112056732,-0.1889999955892563,1.2549999952316284,1776886718.538
0.024000000208616257,0.12399999797344208,0.7549999952316284,1776886718.551
-0.30799999833106995,-0.12999999523162842,1.1260000467300415,1776886718.991
-0.09200000017881393,0.0820000022649765,0.9399999976158142,1776886719.017
-0.03700000047683716,0.03500000014901161,1.25600004196167,1776886719.031
-0.18400000035762787,-0.05000000074505806,1.222000002861023,1776886719.058
0.026000000536441803,0.07400000095367432,0.8209999799728394,1776886719.071
-0.1080000028014183,0.028999999165534973,1.2070000171661377,1776886719.498
-0.33000001311302185,-0.125,1.2330000400543213,1776886719.512
-0.2409999966621399,-0.013000000268220901,0.9779999852180481,1776886719.538
0.08799999952316284,0.11400000005960464,1.1469999551773071,1776886719.551
-0.24899999797344208,-0.052000001072883606,1.2990000247955322,1776886719.577
-0.3400000035762787,-0.257999986410141,1.402999997138977,1776886719.992
-0.23399999737739563,0.028999999165534973,0.8889999985694885,1776886720.018
0.23399999737739563,0.1850000023841858,1.0989999771118164,1776886720.031
-0.054999999701976776,-0.032999999821186066,1.2239999771118164,1776886720.058
-0.25699999928474426,-0.12600000202655792,1.312000036239624,1776886720.071
0.035999998450279236,0.08399999886751175,1.0479999780654907,1776886720.497
0.2619999945163727,0.19699999690055847,1.0299999713897705,1776886720.511
0.012000000104308128,-0.1720000058412552,1.2790000438690186,1776886720.537
-0.4519999921321869,-0.2980000078678131,1.2580000162124634,1776886720.551
0.006000000052154064,0.17299999296665192,0.9760000109672546,1776886720.577
0.33500000834465027,0.367000013589859,1.0130000114440918,1776886720.992
0.2919999957084656,0.2280000001192093,0.9470000267028809,1776886721.018
-0.5,-0.2849999964237213,1.340000033378601,1776886721.031
-0.10899999737739563,0.052000001072883606,0.9309999942779541,1776886721.058
0.2720000147819519,0.24799999594688416,0.9120000004768372,1776886721.072
-0.15700000524520874,0.0010000000474974513,1.1950000524520874,1776886721.497
-0.14000000059604645,0.035999998450279236,1.0529999732971191,1776886721.511
0.06599999964237213,-0.00800000037997961,1.0880000591278076,1776886721.531
-0.10700000077486038,-0.09399999678134918,1.2359999418258667,1776886721.557
0.017000000923871994,0.014999999664723873,1.0950000286102295,1776886721.571
0.04100000113248825,0.06300000101327896,1.0479999780654907,1776886721.999
-0.1599999964237213,-0.06599999964237213,1.1440000534057617,1776886722.012
-0.20399999618530273,-0.05400000140070915,1.2170000076293945,1776886722.039
0.20399999618530273,0.23399999737739563,1.0099999904632568,1776886722.051
0.010999999940395355,-0.0560000017285347,1.0870000123977661,1776886722.079
0.04500000178813934,0.23999999463558197,1.11899995803833,1776886722.511
0.026000000536441803,0.07000000029802322,1.0149999856948853,1776886722.538
-0.17800000309944153,-0.09300000220537186,1.1430000066757202,1776886722.551
-0.22499999403953552,-0.00800000037997961,1.1519999504089355,1776886722.577
0.17800000309944153,0.2529999911785126,1.0950000286102295,1776886722.591
-0.03799999877810478,0.13699999451637268,0.9739999771118164,1776886722.991
0.03799999877810478,0.15600000321865082,1.1200000047683716,1776886723.017
-0.10400000214576721,0.02800000086426735,1.0950000286102295,1776886723.031
0.004999999888241291,0.052000001072883606,1.0429999828338623,1776886723.058
0.026000000536441803,0.0430000014603138,1.149999976158142,1776886723.071
-0.08299999684095383,0.019999999552965164,1.1100000143051147,1776886723.497
0.07999999821186066,0.21400000154972076,0.9419999718666077,1776886723.511
0.20200000703334808,0.13300000131130219,1.1380000114440918,1776886723.538
-0.25,-0.08100000023841858,1.2879999876022339,1776886723.551
-0.06599999964237213,0.035999998450279236,0.8970000147819519,1776886723.572
-0.014000000432133675,-0.024000000208616257,1.1089999675750732,1776886723.991
0.04399999976158142,0.03700000047683716,1.125,1776886724.02
0.03999999910593033,0.01600000075995922,1.0119999647140503,1776886724.031
-0.041999999433755875,-0.004000000189989805,1.1729999780654907,1776886724.058
0.07000000029802322,-0.01600000075995922,1.034999966621399,1776886724.071
-0.1509999930858612,-0.10899999737739563,1.2890000343322754,1776886724.517
-0.2370000034570694,-0.18400000035762787,1.0089999437332153,1776886724.531
0.00800000037997961,0.12200000137090683,1.0920000076293945,1776886724.559
0.2290000021457672,0.3009999990463257,1.284000039100647,1776886724.571
0.25999999046325684,0.3479999899864197,1.093000054359436,1776886724.592
-0.24199999868869781,-0.019999999552965164,1.128999948501587,1776886725.011
-0.23899999260902405,-0.03200000151991844,1.1109999418258667,1776886725.047
-0.05299999937415123,0.11599999666213989,1.0210000276565552,1776886725.061
0.08699999749660492,0.24899999797344208,1.149999976158142,1776886725.071
-0.010999999940395355,0.07699999958276749,0.8550000190734863,1776886725.098
-0.10400000214576721,0.04500000178813934,1.0149999856948853,1776886725.519
0.296999990940094,0.3310000002384186,1.1369999647140503,1776886725.531
0.07599999755620956,0.009999999776482582,0.9620000123977661,1776886725.551
-0.1679999977350235,-0.22499999403953552,1.3329999446868896,1776886725.577
0.02500000037252903,-0.017999999225139618,0.9179999828338623,1776886725.591
0.07800000160932541,0.16099999845027924,0.9380000233650208,1776886726.017
0.15199999511241913,0.13300000131130219,0.9559999704360962,1776886726.031
0.07000000029802322,-0.00800000037997961,1.100000023841858,1776886726.058
0.010999999940395355,0.10499999672174454,1.093000054359436,1776886726.071
0.125,0.14100000262260437,1.024999976158142,1776886726.097
0.0,0.05400000140070915,1.0950000286102295,1776886726.517
-0.004000000189989805,0.04500000178813934,1.0959999561309814,1776886726.531
-0.008999999612569809,0.05900000035762787,1.097000002861023,1776886726.558
-0.007000000216066837,0.06199999898672104,1.093999981880188,1776886726.575
-0.006000000052154064,0.052000001072883606,1.097000002861023,1776886726.592
-0.012000000104308128,0.05400000140070915,1.0920000076293945,1776886727.011
-0.007000000216066837,0.04100000113248825,1.0950000286102295,1776886727.039
-0.00800000037997961,0.054999999701976776,1.093000054359436,1776886727.051
-0.004000000189989805,0.05299999937415123,1.1030000448226929,1776886727.077
-0.007000000216066837,0.050999999046325684,1.093999981880188,1776886727.091
-0.023000000044703484,0.0560000017285347,1.1019999980926514,1776886727.527
0.0,0.04699999839067459,1.1050000190734863,1776886727.539
0.008999999612569809,0.07699999958276749,1.097000002861023,1776886727.551
-0.0020000000949949026,0.08299999684095383,1.090999960899353,1776886727.578
0.008999999612569809,0.08100000023841858,1.0880000591278076,1776886727.591
0.026000000536441803,0.05000000074505806,1.093000054359436,1776886728.031
0.012000000104308128,0.07100000232458115,1.0880000591278076,1776886728.057
-0.035999998450279236,0.054999999701976776,1.1160000562667847,1776886728.071
-0.020999999716877937,0.0860000029206276,1.0800000429153442,1776886728.098
-0.028999999165534973,0.00800000037997961,1.0640000104904175,1776886728.111
0.057999998331069946,0.10700000077486038,0.9520000219345093,1776886728.511
0.04899999871850014,0.05999999865889549,1.190000057220459,1776886728.537
-0.13199999928474426,-0.1080000028014183,1.253999948501587,1776886728.551
-0.12200000137090683,-0.00800000037997961,0.9919999837875366,1776886728.579
0.09399999678134918,0.2370000034570694,1.090999960899353,1776886728.592
0.11900000274181366,0.006000000052154064,1.3830000162124634,1776886729.031
-0.35199999809265137,-0.14800000190734863,1.312000036239624,1776886729.057
-0.25999999046325684,-0.04899999871850014,0.7770000100135803,1776886729.072
0.21699999272823334,0.15299999713897705,1.2899999618530273,1776886729.098
-0.32600000500679016,-0.21799999475479126,1.3839999437332153,1776886729.111
-0.03099999949336052,0.04500000178813934,1.090999960899353,1776886729.532
-0.017000000923871994,0.041999999433755875,1.0920000076293945,1776886729.558
-0.03700000047683716,0.03700000047683716,1.0889999866485596,1776886729.571
-0.04899999871850014,0.04100000113248825,1.0950000286102295,1776886729.6
-0.014999999664723873,0.04100000113248825,1.0859999656677246,1776886729.611
-0.039000000804662704,0.04399999976158142,1.0989999771118164,1776886730.037
-0.04100000113248825,0.041999999433755875,1.100000023841858,1776886730.051
-0.032999999821186066,0.0430000014603138,1.0920000076293945,1776886730.079
-0.035999998450279236,0.04100000113248825,1.090000033378601,1776886730.1
-0.03999999910593033,0.05400000140070915,1.1009999513626099,1776886730.111
-0.09700000286102295,0.028999999165534973,1.2330000400543213,1776886730.544
-0.0560000017285347,0.050999999046325684,1.1979999542236328,1776886730.555
0.020999999716877937,0.019999999552965164,1.0529999732971191,1776886730.571
0.07999999821186066,0.03500000014901161,1.121999979019165,1776886730.597
-0.019999999552965164,0.0430000014603138,1.1119999885559082,1776886730.613
-0.013000000268220901,0.052000001072883606,1.128000020980835,1776886731.031
-0.07900000363588333,0.03099999949336052,1.003000020980835,1776886731.057
-0.11900000274181366,0.00800000037997961,0.9660000205039978,1776886731.071
0.03400000184774399,-0.032999999821186066,1.2680000066757202,1776886731.099
0.13099999725818634,0.00800000037997961,1.190000057220459,1776886731.111
-0.06700000166893005,0.05400000140070915,1.0770000219345093,1776886731.543
0.032999999821186066,0.02199999988079071,1.1050000190734863,1776886731.553
-0.029999999329447746,0.014999999664723873,1.0989999771118164,1776886731.579
-0.04399999976158142,0.07500000298023224,1.090000033378601,1776886731.591
-0.004000000189989805,0.041999999433755875,1.1019999980926514,1776886731.617
-0.06400000303983688,0.028999999165534973,1.0950000286102295,1776886732.051
-0.006000000052154064,0.029999999329447746,1.1019999980926514,1776886732.077
0.003000000026077032,0.03500000014901161,1.0870000123977661,1776886732.092
0.007000000216066837,0.007000000216066837,1.093000054359436,1776886732.118
-0.012000000104308128,-0.02800000086426735,1.1180000305175781,1776886732.131
0.11699999868869781,0.11400000005960464,1.1039999723434448,1776886732.551
-0.0020000000949949026,-0.09300000220537186,1.2610000371932983,1776886732.578
0.2409999966621399,0.21899999678134918,0.9039999842643738,1776886732.591
0.1599999964237213,0.07100000232458115,1.1799999475479126,1776886732.618
-0.1850000023841858,-0.27799999713897705,1.375,1776886732.631
0.2619999945163727,0.296999990940094,0.7620000243186951,1776886733.031
0.2150000035762787,0.1550000011920929,1.3559999465942383,1776886733.059
-0.1770000010728836,-0.06499999761581421,0.9169999957084656,1776886733.071
0.09799999743700027,0.1420000046491623,0.6570000052452087,1776886733.097
0.10100000351667404,0.19200000166893005,1.1440000534057617,1776886733.111
-0.024000000208616257,0.006000000052154064,1.0959999561309814,1776886733.552
-0.003000000026077032,0.029999999329447746,1.090000033378601,1776886733.578
-0.008999999612569809,0.05299999937415123,1.0980000495910645,1776886733.591
-0.03700000047683716,0.03400000184774399,1.093000054359436,1776886733.617
-0.004999999888241291,0.03799999877810478,1.1009999513626099,1776886733.631
0.026000000536441803,0.019999999552965164,1.159000039100647,1776886734.032
-0.0020000000949949026,0.01600000075995922,1.0509999990463257,1776886734.057
-0.06499999761581421,0.003000000026077032,1.13100004196167,1776886734.072
-0.029999999329447746,0.008999999612569809,1.0420000553131104,1776886734.099
-0.02199999988079071,0.03099999949336052,1.0470000505447388,1776886734.111
0.029999999329447746,0.12300000339746475,0.9459999799728394,1776886734.558
-0.039000000804662704,0.05999999865889549,1.2699999809265137,1776886734.58
-0.07199999690055847,0.03500000014901161,1.1100000143051147,1776886734.591
-0.07500000298023224,0.08699999749660492,0.9829999804496765,1776886734.617
-0.07000000029802322,0.09700000286102295,1.1440000534057617,1776886734.632
0.023000000044703484,-0.32600000500679016,1.1269999742507935,1776886735.057
0.0020000000949949026,-0.3100000023841858,1.0800000429153442,1776886735.071
0.11800000071525574,-0.1589999943971634,1.0130000114440918,1776886735.097
0.10300000011920929,-0.3089999854564667,1.0479999780654907,1776886735.111
-0.13600000739097595,-0.5899999737739563,1.2139999866485596,1776886735.138
-0.006000000052154064,0.04399999976158142,1.0740000009536743,1776886735.551
-0.004000000189989805,0.04600000008940697,1.0889999866485596,1776886735.577
-0.010999999940395355,0.02500000037252903,1.090999960899353,1776886735.591
0.014999999664723873,0.05700000002980232,1.1030000448226929,1776886735.618
0.0010000000474974513,0.05700000002980232,1.0880000591278076,1776886735.631
-0.028999999165534973,0.07699999958276749,1.097000002861023,1776886736.052
0.04100000113248825,-0.05299999937415123,1.0950000286102295,1776886736.078
0.027000000700354576,-0.03700000047683716,1.1119999885559082,1776886736.091
-0.006000000052154064,0.06400000303983688,1.1200000047683716,1776886736.112
-0.01600000075995922,0.029999999329447746,1.0709999799728394,1776886736.137
0.0560000017285347,0.0949999988079071,1.0640000104904175,1776886736.551
0.014999999664723873,0.01600000075995922,1.090999960899353,1776886736.577
0.014999999664723873,0.029999999329447746,1.1100000143051147,1776886736.592
-0.008999999612569809,0.05299999937415123,1.090000033378601,1776886736.619
-0.03400000184774399,0.050999999046325684,1.0880000591278076,1776886736.632
-0.11800000071525574,0.07800000160932541,1.065999984741211,1776886737.057
0.13699999451637268,-0.11900000274181366,1.1640000343322754,1776886737.072
0.06700000166893005,0.0,1.0920000076293945,1776886737.098
-0.0430000014603138,0.12800000607967377,0.9769999980926514,1776886737.111
-0.0560000017285347,0.16300000250339508,1.093999981880188,1776886737.137
-0.032999999821186066,0.0010000000474974513,1.093000054359436,1776886737.557
-0.032999999821186066,0.0010000000474974513,1.093000054359436,1776886737.571
-0.032999999821186066,0.0010000000474974513,1.093000054359436,1776886737.598
-0.041999999433755875,0.04399999976158142,1.0989999771118164,1776886737.611
0.023000000044703484,0.027000000700354576,1.090999960899353,1776886737.638
-0.00800000037997961,0.039000000804662704,1.0950000286102295,1776886738.073
-0.004999999888241291,0.04100000113248825,1.093000054359436,1776886738.099
-0.009999999776482582,0.03700000047683716,1.0989999771118164,1776886738.111
-0.009999999776482582,0.039000000804662704,1.093999981880188,1776886738.137
-0.010999999940395355,0.03999999910593033,1.0889999866485596,1776886738.152
0.003000000026077032,0.03999999910593033,1.1019999980926514,1776886738.577
-0.013000000268220901,0.04100000113248825,1.093000054359436,1776886738.592
-0.013000000268220901,0.04100000113248825,1.093000054359436,1776886738.612
-0.013000000268220901,0.04100000113248825,1.093000054359436,1776886738.639
-0.004999999888241291,0.03799999877810478,1.093999981880188,1776886738.652
0.010999999940395355,0.2930000126361847,1.0800000429153442,1776886739.071
-0.00800000037997961,0.33799999952316284,1.125,1776886739.1
0.010999999940395355,0.4350000023841858,1.1130000352859497,1776886739.112
0.03799999877810478,0.44600000977516174,1.0369999408721924,1776886739.138
0.01600000075995922,0.38199999928474426,0.8349999785423279,1776886739.152
-0.3109999895095825,-0.006000000052154064,0.9750000238418579,1776886739.572
-0.16500000655651093,0.04100000113248825,0.796999990940094,1776886739.598
-0.10999999940395355,0.07500000298023224,0.8920000195503235,1776886739.612
-0.10999999940395355,0.07500000298023224,0.8920000195503235,1776886739.635
-0.10999999940395355,0.07500000298023224,0.8920000195503235,1776886739.652
0.11400000005960464,0.4779999852180481,0.9829999804496765,1776886740.051
0.05700000002980232,0.4009999930858612,1.0119999647140503,1776886740.079
0.09300000220537186,0.4560000002384186,0.9610000252723694,1776886740.092
0.05400000140070915,0.5270000100135803,0.9819999933242798,1776886740.118
0.0430000014603138,0.6389999985694885,0.8859999775886536,1776886740.131
-0.0010000000474974513,0.6320000290870667,0.9010000228881836,1776886740.572
-0.007000000216066837,0.625,0.9010000228881836,1776886740.599
-0.007000000216066837,0.6269999742507935,0.9010000228881836,1776886740.612
-0.007000000216066837,0.6269999742507935,0.9010000228881836,1776886740.638
-0.007000000216066837,0.6269999742507935,0.9010000228881836,1776886740.659
-0.006000000052154064,0.621999979019165,0.9010000228881836,1776886741.072
-0.006000000052154064,0.6259999871253967,0.906000018119812,1776886741.105
-0.003000000026077032,0.734000027179718,0.9049999713897705,1776886741.117
0.13699999451637268,0.7910000085830688,0.7269999980926514,1776886741.132
0.03400000184774399,0.9449999928474426,0.8330000042915344,1776886741.157
-0.017000000923871994,0.13500000536441803,0.2919999957084656,1776886741.578
-0.07000000029802322,0.257999986410141,0.23499999940395355,1776886741.592
-0.6340000033378601,0.1850000023841858,1.5540000200271606,1776886741.617
0.01600000075995922,0.4350000023841858,-0.12200000137090683,1776886741.632
-0.32499998807907104,0.1550000011920929,0.9449999928474426,1776886741.658
0.029999999329447746,0.2939999997615814,0.9359999895095825,1776886742.078
0.27000001072883606,0.30799999833106995,1.0390000343322754,1776886742.092
0.16699999570846558,0.39100000262260437,0.9089999794960022,1776886742.118
-0.06400000303983688,0.7300000190734863,0.9710000157356262,1776886742.132
-0.35499998927116394,0.8330000042915344,1.187000036239624,1776886742.158
-0.05900000035762787,0.5289999842643738,0.9639999866485596,1776886742.579
-0.06400000303983688,0.5180000066757202,0.9700000286102295,1776886742.592
-0.07000000029802322,0.5139999985694885,0.972000002861023,1776886742.617
-0.06499999761581421,0.5220000147819519,0.9679999947547913,1776886742.632
-0.061000000685453415,0.5230000019073486,0.9679999947547913,1776886742.657
-0.06499999761581421,0.5239999890327454,0.9679999947547913,1776886743.072
-0.05900000035762787,0.5220000147819519,0.9639999866485596,1776886743.098
-0.06599999964237213,0.5230000019073486,0.9679999947547913,1776886743.112
-0.1860000044107437,0.8859999775886536,0.7680000066757202,1776886743.138
-0.1469999998807907,0.8989999890327454,0.8970000147819519,1776886743.152
-0.21199999749660492,0.6970000267028809,1.3949999809265137,1776886743.579
0.007000000216066837,0.5450000166893005,1.1009999513626099,1776886743.592
-0.006000000052154064,0.3109999895095825,1.2419999837875366,1776886743.612
0.05400000140070915,0.4729999899864197,1.11899995803833,1776886743.638
-0.01600000075995922,0.7820000052452087,0.9300000071525574,1776886743.652
0.10599999874830246,0.3569999933242798,0.8600000143051147,1776886744.092
0.289000004529953,0.531000018119812,0.9610000252723694,1776886744.121
0.164000004529953,0.414000004529953,0.8889999985694885,1776886744.132
0.06599999964237213,0.4690000116825104,0.9459999799728394,1776886744.159
0.06700000166893005,0.42899999022483826,0.9860000014305115,1776886744.176
-0.03500000014901161,0.5220000147819519,0.9769999980926514,1776886744.592
-0.03200000151991844,0.5149999856948853,0.9779999852180481,1776886744.612
-0.06300000101327896,0.5040000081062317,0.984000027179718,1776886744.638
-0.06800000369548798,0.5019999742507935,0.9750000238418579,1776886744.652
-0.04600000008940697,0.5130000114440918,0.9639999866485596,1776886744.678
-0.13300000131130219,0.8840000033378601,0.8320000171661377,1776886745.112
-0.061000000685453415,0.7990000247955322,0.8460000157356262,1776886745.137
0.00800000037997961,0.6840000152587891,0.8420000076293945,1776886745.152
-0.11299999803304672,0.5450000166893005,1.180999994277954,1776886745.172
-0.14800000190734863,0.4180000126361847,1.0399999618530273,1776886745.199
0.08799999952316284,0.5950000286102295,1.1039999723434448,1776886745.592
0.04399999976158142,0.5770000219345093,1.0950000286102295,1776886745.618
0.09399999678134918,0.375,0.953000009059906,1776886745.632
-0.07100000232458115,0.5559999942779541,1.0,1776886745.658
0.14800000190734863,0.5770000219345093,1.1490000486373901,1776886745.672
0.0729999989271164,0.46799999475479126,0.9929999709129333,1776886746.112
0.1289999932050705,0.5759999752044678,0.9169999957084656,1776886746.138
0.00800000037997961,0.5680000185966492,1.0540000200271606,1776886746.152
0.09399999678134918,0.49300000071525574,1.0230000019073486,1776886746.178
0.125,0.5239999890327454,0.8859999775886536,1776886746.192
0.07699999958276749,0.5509999990463257,0.9850000143051147,1776886746.632
0.20900000631809235,0.503000020980835,0.9570000171661377,1776886746.658
0.08299999684095383,0.5759999752044678,0.8870000243186951,1776886746.672
0.12600000202655792,0.4390000104904175,1.0640000104904175,1776886746.698
0.12099999934434891,0.5820000171661377,0.875,1776886746.712
0.18199999630451202,0.6200000047683716,0.9290000200271606,1776886747.132
0.0430000014603138,0.39899998903274536,0.8970000147819519,1776886747.158
0.2329999953508377,0.4729999899864197,1.0540000200271606,1776886747.172
0.23999999463558197,0.6150000095367432,1.1139999628067017,1776886747.192
0.0689999982714653,0.492000013589859,0.8659999966621399,1776886747.218
0.09399999678134918,0.5519999861717224,0.8159999847412109,1776886747.632
0.052000001072883606,0.5680000185966492,0.9990000128746033,1776886747.66
-0.11900000274181366,0.5199999809265137,0.9950000047683716,1776886747.672
-0.14000000059604645,0.47200000286102295,0.953000009059906,1776886747.697
-0.061000000685453415,0.47099998593330383,0.9890000224113464,1776886747.712
0.2849999964237213,0.10899999737739563,0.1599999964237213,1776886748.138
0.20800000429153442,0.3400000035762787,0.7730000019073486,1776886748.152
0.5389999747276306,0.6230000257492065,1.003000020980835,1776886748.178
0.05700000002980232,0.18000000715255737,0.3070000112056732,1776886748.192
-0.4830000102519989,-0.4320000112056732,1.4040000438690186,1776886748.219
0.2750000059604645,-0.5989999771118164,0.39100000262260437,1776886748.632
0.23100000619888306,-0.5440000295639038,0.24899999797344208,1776886748.658
0.10700000077486038,-0.38100001215934753,0.061000000685453415,1776886748.672
0.003000000026077032,-0.2849999964237213,-0.09600000083446503,1776886748.698
-0.3019999861717224,-0.9440000057220459,0.15600000321865082,1776886748.712
0.3490000069141388,-0.6510000228881836,0.28700000047683716,1776886749.138
0.07999999821186066,-0.7129999995231628,0.3569999933242798,1776886749.152
0.20200000703334808,-0.7870000004768372,0.2329999953508377,1776886749.178
0.39800000190734863,-1.0609999895095825,0.04399999976158142,1776886749.192
0.1860000044107437,-1.4190000295639038,-0.44200000166893005,1776886749.219
0.06300000101327896,-0.9559999704360962,0.07800000160932541,1776886749.632
0.052000001072883606,-0.9670000076293945,0.06800000369548798,1776886749.655
0.03999999910593033,-0.9620000123977661,0.06499999761581421,1776886749.672
0.039000000804662704,-0.9589999914169312,0.05400000140070915,1776886749.699
0.041999999433755875,-0.9670000076293945,0.0729999989271164,1776886749.713
0.05900000035762787,-0.9649999737739563,0.06599999964237213,1776886750.158
0.0560000017285347,-0.9629999995231628,0.06300000101327896,1776886750.172
0.05299999937415123,-0.9610000252723694,0.06199999898672104,1776886750.192
0.05000000074505806,-0.9679999947547913,0.06599999964237213,1776886750.218
0.04600000008940697,-0.9639999866485596,0.06199999898672104,1776886750.232
0.05900000035762787,-0.9580000042915344,0.06400000303983688,1776886750.658
0.06300000101327896,-0.9629999995231628,0.06800000369548798,1776886750.672
0.06599999964237213,-0.9620000123977661,0.07400000095367432,1776886750.698
0.07400000095367432,-0.9750000238418579,0.09799999743700027,1776886750.712
0.02199999988079071,-0.953000009059906,0.04100000113248825,1776886750.732
0.25600001215934753,-1.1610000133514404,0.03999999910593033,1776886751.16
0.21199999749660492,-1.0049999952316284,0.11599999666213989,1776886751.172
0.12399999797344208,-0.9150000214576721,-0.003000000026077032,1776886751.203
-0.006000000052154064,-0.9369999766349792,0.10499999672174454,1776886751.217
0.05700000002980232,-1.0210000276565552,0.11400000005960464,1776886751.234
0.10300000011920929,-0.9330000281333923,0.10899999737739563,1776886751.665
0.18400000035762787,-1.0080000162124634,0.10700000077486038,1776886751.676
0.004000000189989805,-0.9459999799728394,0.18400000035762787,1776886751.692
0.054999999701976776,-0.902999997138977,0.05999999865889549,1776886751.718
0.16099999845027924,-1.0379999876022339,0.04800000041723251,1776886751.732
0.13099999725818634,-0.9169999957084656,0.12200000137090683,1776886752.152
0.17000000178813934,-0.9929999709129333,0.17900000512599945,1776886752.178
0.019999999552965164,-0.9449999928474426,0.061000000685453415,1776886752.192
0.04800000041723251,-0.9150000214576721,0.014999999664723873,1776886752.219
0.16099999845027924,-0.8769999742507935,-0.05900000035762787,1776886752.232
0.17900000512599945,-0.9819999933242798,0.15199999511241913,1776886752.652
0.2809999883174896,-0.8450000286102295,0.19099999964237213,1776886752.678
0.17399999499320984,-0.8199999928474426,0.06599999964237213,1776886752.692
0.24699999392032623,-0.9649999737739563,-0.15600000321865082,1776886752.718
0.1979999989271164,-1.0099999904632568,-0.13699999451637268,1776886752.732
0.19499999284744263,-0.7639999985694885,0.5389999747276306,1776886753.152
0.11599999666213989,-0.4129999876022339,0.2939999997615814,1776886753.178
0.17499999701976776,-0.6209999918937683,0.5149999856948853,1776886753.192
0.2160000056028366,-0.7279999852180481,0.6779999732971191,1776886753.218
0.19200000166893005,-0.6669999957084656,0.5649999976158142,1776886753.232
-0.014000000432133675,-0.05900000035762787,1.5679999589920044,1776886753.659
-0.11299999803304672,0.032999999821186066,1.253000020980835,1776886753.672
-0.03400000184774399,0.21199999749660492,0.9430000185966492,1776886753.7
0.22699999809265137,0.2199999988079071,1.1260000467300415,1776886753.712
0.09300000220537186,0.19499999284744263,1.1629999876022339,1776886753.732
0.16500000655651093,0.6980000138282776,0.9819999933242798,1776886754.152
-0.22599999606609344,0.10499999672174454,1.2430000305175781,1776886754.178
-0.1899999976158142,-0.09000000357627869,1.2510000467300415,1776886754.192
-0.17499999701976776,0.17399999499320984,0.9610000252723694,1776886754.218
0.07699999958276749,0.21400000154972076,1.180999994277954,1776886754.232
0.07800000160932541,0.14900000393390656,1.0829999446868896,1776886754.656
0.0860000029206276,0.1509999930858612,1.0859999656677246,1776886754.672
0.08100000023841858,0.1509999930858612,1.0820000171661377,1776886754.698
0.07699999958276749,0.1509999930858612,1.0720000267028809,1776886754.712
0.08399999886751175,0.1550000011920929,1.0829999446868896,1776886754.738
0.09399999678134918,0.14399999380111694,1.069000005722046,1776886755.172
0.0820000022649765,0.1459999978542328,1.0800000429153442,1776886755.198
0.07000000029802322,0.1509999930858612,1.1009999513626099,1776886755.212
0.05700000002980232,0.1679999977350235,1.0759999752044678,1776886755.238
0.06199999898672104,0.16500000655651093,1.090999960899353,1776886755.252
0.0689999982714653,0.19900000095367432,1.027999997138977,1776886755.678
0.08299999684095383,0.19499999284744263,1.062000036239624,1776886755.697
0.04600000008940697,0.041999999433755875,1.1349999904632568,1776886755.712
0.02800000086426735,0.12700000405311584,1.1319999694824219,1776886755.738
0.04100000113248825,0.11800000071525574,1.065000057220459,1776886755.752
0.029999999329447746,0.12800000607967377,1.0829999446868896,1776886756.172
0.052000001072883606,0.14499999582767487,1.1019999980926514,1776886756.198
0.050999999046325684,0.14000000059604645,1.0770000219345093,1776886756.212
0.04399999976158142,0.11100000143051147,1.0809999704360962,1776886756.238
0.02800000086426735,0.11500000208616257,1.1009999513626099,1776886756.252
-0.05700000002980232,0.2529999911785126,0.9620000123977661,1776886756.672
0.004000000189989805,0.18299999833106995,1.2480000257492065,1776886756.698
0.1289999932050705,0.24699999392032623,0.968999981880188,1776886756.712
0.1850000023841858,0.1120000034570694,1.0870000123977661,1776886756.738
-0.09200000017881393,-0.1550000011920929,1.1089999675750732,1776886756.752
0.0820000022649765,0.11500000208616257,1.0989999771118164,1776886757.18
0.06199999898672104,0.0560000017285347,0.9980000257492065,1776886757.192
-0.07699999958276749,0.07699999958276749,1.059000015258789,1776886757.218
-0.0689999982714653,0.07800000160932541,1.090999960899353,1776886757.232
0.00800000037997961,0.13500000536441803,1.2480000257492065,1776886757.258
0.0010000000474974513,0.07199999690055847,0.996999979019165,1776886757.672
-0.014000000432133675,0.1420000046491623,1.1540000438690186,1776886757.698
-0.009999999776482582,0.1770000010728836,1.1050000190734863,1776886757.712
0.03099999949336052,0.13099999725818634,1.0329999923706055,1776886757.732
0.008999999612569809,0.11599999666213989,1.128000020980835,1776886757.758
0.1289999932050705,0.15800000727176666,1.1100000143051147,1776886758.172
-0.08900000154972076,-0.004000000189989805,1.0920000076293945,1776886758.192
-0.09600000083446503,-0.032999999821186066,1.059999942779541,1776886758.219
-0.01899999938905239,0.09399999678134918,1.0759999752044678,1776886758.232
0.10100000351667404,0.1459999978542328,1.0509999990463257,1776886758.258
0.2290000021457672,0.1289999932050705,1.0399999618530273,1776886758.672
0.16599999368190765,0.050999999046325684,1.128999948501587,1776886758.698
-0.12099999934434891,-0.09000000357627869,1.128000020980835,1776886758.712
-0.1860000044107437,-0.11999999731779099,1.1050000190734863,1776886758.74
-0.210999995470047,-0.21299999952316284,1.059000015258789,1776886758.752
0.11500000208616257,-0.04500000178813934,1.0740000009536743,1776886759.173
-0.004000000189989805,0.07100000232458115,1.121999979019165,1776886759.2
-0.3240000009536743,0.15399999916553497,1.2130000591278076,1776886759.216
-0.27300000190734863,0.07999999821186066,1.059999942779541,1776886759.232
-0.15299999713897705,-0.03099999949336052,1.0800000429153442,1776886759.258
-0.03500000014901161,0.06300000101327896,1.0989999771118164,1776886759.672
-0.039000000804662704,0.05999999865889549,1.0950000286102295,1776886759.694
-0.052000001072883606,0.054999999701976776,1.0870000123977661,1776886759.72
-0.0430000014603138,0.061000000685453415,1.0959999561309814,1776886759.732
-0.039000000804662704,0.05700000002980232,1.093999981880188,1776886759.76
-0.07000000029802322,0.35899999737739563,1.097000002861023,1776886760.176
-0.08699999749660492,0.3230000138282776,1.312999963760376,1776886760.192
0.14499999582767487,-0.014999999664723873,1.3229999542236328,1776886760.223
0.13600000739097595,0.03200000151991844,1.2630000114440918,1776886760.234
0.08299999684095383,0.24899999797344208,0.9129999876022339,1776886760.259
0.05000000074505806,0.07599999755620956,1.3229999542236328,1776886760.672
0.18799999356269836,-0.024000000208616257,0.9509999752044678,1776886760.693
0.041999999433755875,-0.019999999552965164,1.0140000581741333,1776886760.718
-0.19499999284744263,0.04399999976158142,1.0859999656677246,1776886760.732
-0.2370000034570694,0.02800000086426735,1.0119999647140503,1776886760.759
0.023000000044703484,0.09300000220537186,1.090999960899353,1776886761.172
0.03700000047683716,0.07199999690055847,1.1059999465942383,1776886761.198
-0.05999999865889549,-0.004000000189989805,1.0959999561309814,1776886761.212
-0.017999999225139618,-0.02199999988079071,1.100000023841858,1776886761.238
0.00800000037997961,0.04899999871850014,1.0889999866485596,1776886761.253
-0.003000000026077032,0.06199999898672104,1.1039999723434448,1776886761.672
-0.004999999888241291,0.03099999949336052,1.0950000286102295,1776886761.705
-0.003000000026077032,0.07500000298023224,1.0959999561309814,1776886761.716
-0.020999999716877937,0.06800000369548798,1.0920000076293945,1776886761.732
-0.017999999225139618,0.12099999934434891,1.1050000190734863,1776886761.758
-0.017999999225139618,0.017999999225139618,1.0420000553131104,1776886762.192
-0.10199999809265137,0.0430000014603138,1.0950000286102295,1776886762.218
-0.026000000536441803,0.026000000536441803,1.1059999465942383,1776886762.232
0.04100000113248825,0.017999999225139618,1.0269999504089355,1776886762.258
0.004999999888241291,0.029999999329447746,1.125,1776886762.272
-0.028999999165534973,-0.004000000189989805,1.0740000009536743,1776886762.699
-0.03099999949336052,0.02800000086426735,1.1050000190734863,1776886762.712
-0.032999999821186066,0.06700000166893005,1.0779999494552612,1776886762.738
-0.019999999552965164,0.026000000536441803,1.1030000448226929,1776886762.752
-0.032999999821186066,0.02500000037252903,1.093000054359436,1776886762.778
-0.009999999776482582,0.061000000685453415,1.0809999704360962,1776886763.192
-0.01899999938905239,0.02199999988079071,1.1069999933242798,1776886763.218
-0.006000000052154064,-0.020999999716877937,1.0959999561309814,1776886763.232
-0.035999998450279236,0.017000000923871994,1.0859999656677246,1776886763.252
-0.012000000104308128,0.009999999776482582,1.1080000400543213,1776886763.278
0.0729999989271164,-0.07500000298023224,1.121999979019165,1776886763.702
0.0729999989271164,-0.07500000298023224,1.121999979019165,1776886763.713
-0.052000001072883606,0.13500000536441803,1.0570000410079956,1776886763.739
0.020999999716877937,-0.06599999964237213,1.0880000591278076,1776886763.752
-0.07500000298023224,0.07000000029802322,1.1200000047683716,1776886763.778
0.0689999982714653,-0.14300000667572021,1.2120000123977661,1776886764.192
0.050999999046325684,0.017000000923871994,1.0880000591278076,1776886764.218
-0.10199999809265137,0.18400000035762787,1.0160000324249268,1776886764.232
0.08500000089406967,-0.08500000089406967,1.218000054359436,1776886764.259
0.17000000178813934,-0.06199999898672104,1.1579999923706055,1776886764.273
-0.017000000923871994,0.03200000151991844,1.0720000267028809,1776886764.698
-0.017000000923871994,0.03200000151991844,1.0720000267028809,1776886764.723
-0.017000000923871994,0.03200000151991844,1.0720000267028809,1776886764.737
0.06599999964237213,0.014000000432133675,1.0140000581741333,1776886764.752
-0.08299999684095383,0.04699999839067459,1.0509999990463257,1776886764.778
-0.0989999994635582,0.1589999943971634,1.0149999856948853,1776886765.198
0.03700000047683716,-0.09300000220537186,1.1759999990463257,1776886765.212
0.039000000804662704,-0.05900000035762787,1.0499999523162842,1776886765.24
-0.032999999821186066,0.052000001072883606,1.0520000457763672,1776886765.252
-0.04699999839067459,-0.04699999839067459,1.1349999904632568,1776886765.279
-0.020999999716877937,0.028999999165534973,1.1690000295639038,1776886765.698
-0.020999999716877937,0.028999999165534973,1.1690000295639038,1776886765.712
-0.020999999716877937,0.028999999165534973,1.1690000295639038,1776886765.74
-0.0689999982714653,0.14499999582767487,1.1160000562667847,1776886765.752
-0.05000000074505806,0.14800000190734863,1.128000020980835,1776886765.778
-0.020999999716877937,0.01899999938905239,1.1030000448226929,1776886766.192
-0.03200000151991844,0.00800000037997961,1.0820000171661377,1776886766.218
-0.029999999329447746,-0.024000000208616257,1.0850000381469727,1776886766.232
-0.029999999329447746,-0.019999999552965164,1.1050000190734863,1776886766.259
-0.029999999329447746,-0.019999999552965164,1.1050000190734863,1776886766.272
-0.02800000086426735,0.03400000184774399,1.0950000286102295,1776886766.719
-0.027000000700354576,0.032999999821186066,1.093999981880188,1776886766.732
-0.027000000700354576,0.039000000804662704,1.093999981880188,1776886766.755
-0.02800000086426735,0.04500000178813934,1.0989999771118164,1776886766.78
-0.02800000086426735,0.039000000804662704,1.0959999561309814,1776886766.792
-0.027000000700354576,0.03999999910593033,1.0989999771118164,1776886767.199
-0.03099999949336052,0.03799999877810478,1.1150000095367432,1776886767.216
-0.023000000044703484,0.09000000357627869,1.0570000410079956,1776886767.232
-0.028999999165534973,0.0729999989271164,1.1399999856948853,1776886767.258
-0.03799999877810478,0.10700000077486038,1.0789999961853027,1776886767.272
-0.04600000008940697,0.041999999433755875,1.1619999408721924,1776886767.692
-0.003000000026077032,0.029999999329447746,1.1139999628067017,1776886767.718
-0.03799999877810478,-0.017999999225139618,1.149999976158142,1776886767.733
-0.02500000037252903,0.06400000303983688,0.9929999709129333,1776886767.759
-0.061000000685453415,0.057999998331069946,0.902999997138977,1776886767.772
-0.03500000014901161,0.05900000035762787,1.0119999647140503,1776886768.192
-0.013000000268220901,0.08900000154972076,1.0190000534057617,1776886768.219
-0.06700000166893005,0.11900000274181366,1.1679999828338623,1776886768.232
-0.08500000089406967,0.07699999958276749,1.0670000314712524,1776886768.258
-0.07000000029802322,0.04500000178813934,1.1030000448226929,1776886768.273
-0.07599999755620956,0.04899999871850014,1.093999981880188,1776886768.712
-0.0560000017285347,0.039000000804662704,1.1169999837875366,1776886768.738
-0.04800000041723251,0.03999999910593033,1.1069999933242798,1776886768.752
0.01600000075995922,0.04600000008940697,1.1100000143051147,1776886768.772
-0.00800000037997961,0.06400000303983688,1.1319999694824219,1776886768.798
-0.03999999910593033,0.07100000232458115,1.121999979019165,1776886769.219
-0.05400000140070915,0.06800000369548798,1.1549999713897705,1776886769.232
-0.05700000002980232,0.009999999776482582,1.0850000381469727,1776886769.258
-0.06199999898672104,0.020999999716877937,1.0850000381469727,1776886769.273
0.003000000026077032,0.029999999329447746,1.0859999656677246,1776886769.3
-0.04699999839067459,0.11500000208616257,1.1039999723434448,1776886769.712
0.03799999877810478,0.03999999910593033,1.093999981880188,1776886769.738
-0.03099999949336052,0.11800000071525574,1.0950000286102295,1776886769.76
-0.06199999898672104,0.08100000023841858,1.093000054359436,1776886769.776
-0.07500000298023224,0.07599999755620956,1.0980000495910645,1776886769.793
-0.02500000037252903,0.07000000029802322,1.0829999446868896,1776886770.226
-0.02500000037252903,0.0860000029206276,1.0959999561309814,1776886770.239
-0.01899999938905239,0.0560000017285347,1.1009999513626099,1776886770.255
-0.04800000041723251,0.04600000008940697,1.0989999771118164,1776886770.273
-0.03999999910593033,0.023000000044703484,1.0809999704360962,1776886770.293
-0.012000000104308128,0.04699999839067459,1.0920000076293945,1776886770.713
-0.014999999664723873,0.054999999701976776,1.1150000095367432,1776886770.739
-0.03400000184774399,0.11500000208616257,1.1030000448226929,1776886770.752
-0.017000000923871994,0.11599999666213989,1.1039999723434448,1776886770.778
-0.014999999664723873,0.10700000077486038,1.0920000076293945,1776886770.792
-0.032999999821186066,0.035999998450279236,1.097000002861023,1776886771.234
-0.03099999949336052,0.041999999433755875,1.093000054359436,1776886771.252
-0.02500000037252903,0.03700000047683716,1.0950000286102295,1776886771.278
-0.026000000536441803,0.039000000804662704,1.0959999561309814,1776886771.292
-0.03200000151991844,0.04100000113248825,1.1030000448226929,1776886771.32
-0.02500000037252903,0.039000000804662704,1.0989999771118164,1776886771.738
-0.029999999329447746,0.0430000014603138,1.0950000286102295,1776886771.752
-0.026000000536441803,0.039000000804662704,1.0989999771118164,1776886771.779
-0.02800000086426735,0.039000000804662704,1.0920000076293945,1776886771.793
-0.02500000037252903,0.041999999433755875,1.100000023841858,1776886771.812
-0.01600000075995922,0.15299999713897705,1.097000002861023,1776886772.239
-0.0430000014603138,0.2199999988079071,1.1269999742507935,1776886772.252
-0.03500000014901161,0.25999999046325684,1.0820000171661377,1776886772.278
-0.032999999821186066,0.2800000011920929,1.0839999914169312,1776886772.293
-0.04699999839067459,0.3160000145435333,1.1239999532699585,1776886772.319
-0.10199999809265137,0.43299999833106995,0.9559999704360962,1776886772.733
0.03500000014901161,0.5049999952316284,1.0080000162124634,1776886772.758
0.035999998450279236,0.5360000133514404,0.9269999861717224,1776886772.773
0.012000000104308128,0.47999998927116394,0.9620000123977661,1776886772.799
-0.05299999937415123,0.5400000214576721,0.7170000076293945,1776886772.812
-0.10499999672174454,-0.40400001406669617,1.0089999437332153,1776886773.239
-0.14399999380111694,-0.3179999887943268,0.8119999766349792,1776886773.253
-0.09399999678134918,-0.28600001335144043,1.121999979019165,1776886773.279
-0.23199999332427979,-0.17599999904632568,1.1820000410079956,1776886773.294
-0.2529999911785126,0.10499999672174454,1.2309999465942383,1776886773.32
-0.039000000804662704,0.11100000143051147,1.1019999980926514,1776886773.732
-0.020999999716877937,0.15399999916553497,1.0789999961853027,1776886773.758
-0.004999999888241291,0.18199999630451202,1.0850000381469727,1776886773.772
-0.003000000026077032,0.09399999678134918,1.0820000171661377,1776886773.798
-0.012000000104308128,0.08900000154972076,1.097000002861023,1776886773.813
-0.008999999612569809,0.11999999731779099,1.0959999561309814,1776886774.232
-0.00800000037997961,0.12200000137090683,1.0920000076293945,1776886774.261
-0.008999999612569809,0.11900000274181366,1.090999960899353,1776886774.275
-0.010999999940395355,0.11699999868869781,1.090000033378601,1776886774.292
-0.010999999940395355,0.11900000274181366,1.0959999561309814,1776886774.318
-0.00800000037997961,0.11100000143051147,1.090999960899353,1776886774.739
-0.012000000104308128,0.11599999666213989,1.093999981880188,1776886774.752
-0.024000000208616257,0.11299999803304672,1.0920000076293945,1776886774.781
-0.00800000037997961,0.12300000339746475,1.0880000591278076,1776886774.802
-0.014000000432133675,0.10700000077486038,1.097000002861023,1776886774.816
-0.19599999487400055,0.10899999737739563,1.2009999752044678,1776886775.252
0.13199999928474426,-0.20399999618530273,1.0529999732971191,1776886775.28
0.2290000021457672,-0.1940000057220459,0.9539999961853027,1776886775.292
0.25999999046325684,-0.2939999997615814,0.9449999928474426,1776886775.318
0.17900000512599945,-0.30300000309944153,0.8360000252723694,1776886775.332
0.1850000023841858,-0.14900000393390656,1.0010000467300415,1776886775.733
0.04800000041723251,-0.03400000184774399,1.1510000228881836,1776886775.759
0.1889999955892563,-0.12600000202655792,0.9990000128746033,1776886775.772
0.2590000033378601,-0.10599999874830246,0.9459999799728394,1776886775.8
0.2199999988079071,-0.04899999871850014,0.7670000195503235,1776886775.813
0.035999998450279236,-0.12600000202655792,0.5590000152587891,1776886776.258
0.0,-0.06700000166893005,0.593999981880188,1776886776.273
-0.04500000178813934,-0.039000000804662704,1.059999942779541,1776886776.299
-0.19300000369548798,0.1120000034570694,1.3079999685287476,1776886776.312
0.008999999612569809,0.05900000035762787,0.9629999995231628,1776886776.338
0.026000000536441803,0.14300000667572021,1.1230000257492065,1776886776.752
-0.006000000052154064,0.16200000047683716,1.1200000047683716,1776886776.778
-0.04800000041723251,0.17000000178813934,1.090999960899353,1776886776.792
-0.007000000216066837,0.0729999989271164,1.1089999675750732,1776886776.819
0.004999999888241291,0.014999999664723873,1.1069999933242798,1776886776.832
-0.006000000052154064,0.027000000700354576,1.1030000448226929,1776886777.252
-0.007000000216066837,0.03200000151991844,1.0950000286102295,1776886777.28
-0.004000000189989805,0.03700000047683716,1.0980000495910645,1776886777.292
0.006000000052154064,0.02800000086426735,1.0989999771118164,1776886777.322
-0.004999999888241291,0.02800000086426735,1.097000002861023,1776886777.335
-0.007000000216066837,0.028999999165534973,1.0959999561309814,1776886777.761
-0.004999999888241291,0.028999999165534973,1.090999960899353,1776886777.777
-0.006000000052154064,0.03200000151991844,1.097000002861023,1776886777.794
-0.006000000052154064,0.03099999949336052,1.0950000286102295,1776886777.821
-0.006000000052154064,0.03099999949336052,1.1019999980926514,1776886777.833
-0.008999999612569809,0.05400000140070915,1.100000023841858,1776886778.259
-0.004999999888241291,0.06599999964237213,1.0829999446868896,1776886778.272
-0.020999999716877937,0.04399999976158142,1.1069999933242798,1776886778.296
-0.0020000000949949026,0.017999999225139618,1.0779999494552612,1776886778.313
0.0010000000474974513,-0.02199999988079071,1.097000002861023,1776886778.339
-0.03799999877810478,-0.003000000026077032,1.0829999446868896,1776886778.752
-0.04899999871850014,-0.004999999888241291,1.1239999532699585,1776886778.773
-0.05000000074505806,0.020999999716877937,1.152999997138977,1776886778.799
-0.057999998331069946,0.20600000023841858,1.100000023841858,1776886778.813
-0.17299999296665192,0.1420000046491623,1.0019999742507935,1776886778.839
-0.041999999433755875,0.02199999988079071,1.1339999437332153,1776886779.273
0.04800000041723251,0.02199999988079071,1.1610000133514404,1776886779.299
0.03500000014901161,-0.017000000923871994,1.0700000524520874,1776886779.313
-0.12200000137090683,0.18199999630451202,1.0399999618530273,1776886779.339
-0.30799999833106995,0.12099999934434891,0.7559999823570251,1776886779.352
0.12800000607967377,-0.035999998450279236,1.0509999990463257,1776886779.779
0.0820000022649765,-0.06400000303983688,1.0950000286102295,1776886779.792
0.14800000190734863,-0.054999999701976776,1.0850000381469727,1776886779.818
0.12800000607967377,-0.06199999898672104,1.0759999752044678,1776886779.839
0.14100000262260437,-0.027000000700354576,1.090999960899353,1776886779.853
0.09300000220537186,0.032999999821186066,1.0809999704360962,1776886780.28
0.09600000083446503,0.07699999958276749,1.0870000123977661,1776886780.293
0.08500000089406967,0.08900000154972076,1.0729999542236328,1776886780.323
0.14100000262260437,0.1809999942779541,1.0670000314712524,1776886780.334
0.15000000596046448,0.1979999989271164,1.1260000467300415,1776886780.36
-0.1120000034570694,0.026000000536441803,1.1349999904632568,1776886780.784
0.029999999329447746,0.04399999976158142,1.187000036239624,1776886780.794
0.07400000095367432,0.1550000011920929,1.2319999933242798,1776886780.82
0.4410000145435333,0.003000000026077032,1.0399999618530273,1776886780.832
-0.03200000151991844,0.2930000126361847,0.7620000243186951,1776886780.861
1.0820000171661377,-1.8639999628067017,1.8020000457763672,1776886781.272
0.32899999618530273,-0.7940000295639038,0.6660000085830688,1776886781.298
-1.6820000410079956,0.5350000262260437,1.5820000171661377,1776886781.313
-0.7900000214576721,0.2939999997615814,0.8790000081062317,1776886781.338
-0.4399999976158142,0.28600001335144043,0.6809999942779541,1776886781.353
-0.3019999861717224,0.1599999964237213,1.0429999828338623,1776886781.777
-0.2879999876022339,0.1469999998807907,1.0490000247955322,1776886781.793
-0.2919999957084656,0.14399999380111694,1.0410000085830688,1776886781.813
-0.31299999356269836,0.13899999856948853,1.0460000038146973,1776886781.839
-0.328000009059906,0.11400000005960464,1.0379999876022339,1776886781.853
-0.33000001311302185,0.1679999977350235,1.0490000247955322,1776886782.78
-0.3190000057220459,0.1899999976158142,1.0260000228881836,1776886782.793
-0.26899999380111694,0.12600000202655792,1.0089999437332153,1776886782.818
-0.367000013589859,0.22300000488758087,1.00600004196167,1776886782.834
-0.44200000166893005,0.26499998569488525,1.0369999408721924,1776886782.861
-0.15000000596046448,0.38600000739097595,1.2070000171661377,1776886783.28
-0.1850000023841858,0.3959999978542328,0.9039999842643738,1776886783.293
-0.4300000071525574,0.3050000071525574,0.859000027179718,1776886783.318
-0.49399998784065247,0.2680000066757202,0.8299999833106995,1776886783.333
-0.5009999871253967,0.32499998807907104,0.6060000061988831,1776886783.359
-0.34200000762939453,0.3190000057220459,1.0859999656677246,1776886783.779
0.13199999928474426,0.10899999737739563,1.1670000553131104,1776886783.793
0.28600001335144043,0.2840000092983246,0.7310000061988831,1776886783.819
-0.10400000214576721,0.7059999704360962,1.496999979019165,1776886783.833
0.37700000405311584,0.597000002861023,0.7459999918937683,1776886783.855
-0.18000000715255737,0.08900000154972076,1.1080000400543213,1776886784.273
0.004999999888241291,0.16899999976158142,1.090999960899353,1776886784.299
-0.03500000014901161,0.1599999964237213,1.090999960899353,1776886784.313
-0.125,0.08399999886751175,1.0549999475479126,1776886784.338
-0.05400000140070915,0.08500000089406967,1.13100004196167,1776886784.353
-0.06300000101327896,0.08399999886751175,1.0959999561309814,1776886784.773
-0.0729999989271164,0.08500000089406967,1.090000033378601,1776886784.798
-0.07100000232458115,0.08299999684095383,1.093999981880188,1776886784.818
-0.06300000101327896,0.07400000095367432,1.090999960899353,1776886784.833
-0.06599999964237213,0.08299999684095383,1.093000054359436,1776886784.854
-0.06499999761581421,0.08500000089406967,1.0980000495910645,1776886785.273
-0.06700000166893005,0.0820000022649765,1.097000002861023,1776886785.3
-0.07100000232458115,0.08699999749660492,1.093000054359436,1776886785.313
-0.0689999982714653,0.08299999684095383,1.0959999561309814,1776886785.341
-0.06800000369548798,0.0820000022649765,1.090000033378601,1776886785.353
-0.3370000123977661,0.10700000077486038,1.3880000114440918,1776886785.793
-0.5189999938011169,0.023000000044703484,1.3459999561309814,1776886785.819
-0.0010000000474974513,0.4790000021457672,1.1360000371932983,1776886785.833
-0.20200000703334808,0.49900001287460327,0.7829999923706055,1776886785.86
-0.1979999989271164,0.5230000019073486,0.7400000095367432,1776886785.873
-1.055999994277954,-0.2590000033378601,-0.08900000154972076,1776886786.293
-0.1850000023841858,0.05299999937415123,0.42500001192092896,1776886786.32
0.09000000357627869,0.0020000000949949026,0.23100000619888306,1776886786.335
-1.371000051498413,-0.20900000631809235,1.3650000095367432,1776886786.36
-0.10199999809265137,0.27300000190734863,1.253000020980835,1776886786.373
-0.20999999344348907,0.2409999966621399,1.0870000123977661,1776886786.793
-0.18299999833106995,0.2930000126361847,1.0119999647140503,1776886786.818
-0.17299999296665192,0.3019999861717224,1.069000005722046,1776886786.833
-0.23000000417232513,0.20000000298023224,1.0540000200271606,1776886786.862
-0.27000001072883606,0.14300000667572021,1.0470000505447388,1776886786.873
-0.17900000512599945,0.19099999964237213,1.059000015258789,1776886787.793
-0.14900000393390656,0.16699999570846558,1.0809999704360962,1776886787.819
-0.2240000069141388,0.23000000417232513,1.0750000476837158,1776886787.833
-0.08299999684095383,0.42399999499320984,0.9620000123977661,1776886787.861
-0.13600000739097595,0.4009999930858612,1.1230000257492065,1776886787.882
0.5230000019073486,-0.2980000078678131,1.4329999685287476,1776886788.299
0.5230000019073486,-0.2980000078678131,1.4329999685287476,1776886788.313
0.24699999392032623,0.07800000160932541,0.8429999947547913,1776886788.339
0.11299999803304672,0.0010000000474974513,0.9380000233650208,1776886788.353
0.03400000184774399,-0.21899999678134918,1.2089999914169312,1776886788.379
-0.30799999833106995,0.09300000220537186,1.1979999542236328,1776886788.793
-0.25,0.020999999716877937,0.9739999771118164,1776886788.818
0.5649999976158142,-0.1770000010728836,1.9329999685287476,1776886788.833
0.44200000166893005,-0.16300000250339508,1.3559999465942383,1776886788.853
0.26899999380111694,-0.1889999955892563,1.0920000076293945,1776886788.879
0.04899999871850014,0.08500000089406967,1.1139999628067017,1776886789.295
0.07800000160932541,0.1080000028014183,1.097000002861023,1776886789.321
0.07800000160932541,0.1080000028014183,1.097000002861023,1776886789.333
0.07800000160932541,0.1080000028014183,1.097000002861023,1776886789.361
0.019999999552965164,0.0430000014603138,1.0950000286102295,1776886789.373
0.02800000086426735,0.05700000002980232,1.0980000495910645,1776886789.801
0.029999999329447746,0.0560000017285347,1.093999981880188,1776886789.813
0.03200000151991844,0.061000000685453415,1.0989999771118164,1776886789.839
0.028999999165534973,0.05900000035762787,1.090999960899353,1776886789.857
0.029999999329447746,0.0560000017285347,1.0950000286102295,1776886789.873
0.029999999329447746,0.05999999865889549,1.0950000286102295,1776886790.326
0.03200000151991844,0.05900000035762787,1.093999981880188,1776886790.34
0.024000000208616257,0.05700000002980232,1.0950000286102295,1776886790.353
0.024000000208616257,0.05700000002980232,1.0950000286102295,1776886790.382
0.024000000208616257,0.05700000002980232,1.0950000286102295,1776886790.393
0.04699999839067459,0.10199999809265137,1.0850000381469727,1776886790.815
0.020999999716877937,0.019999999552965164,1.1130000352859497,1776886790.841
0.04399999976158142,0.06800000369548798,1.1019999980926514,1776886790.853
0.03099999949336052,0.09399999678134918,1.0709999799728394,1776886790.88
0.004000000189989805,-0.07199999690055847,1.13100004196167,1776886790.898
0.027000000700354576,0.05700000002980232,1.093999981880188,1776886791.314
0.028999999165534973,0.05400000140070915,1.093999981880188,1776886791.333
0.026000000536441803,0.054999999701976776,1.0959999561309814,1776886791.361
0.035999998450279236,0.05700000002980232,1.0950000286102295,1776886791.374
0.03099999949336052,0.0560000017285347,1.093000054359436,1776886791.4
0.028999999165534973,0.0560000017285347,1.0959999561309814,1776886791.819
0.03099999949336052,0.05700000002980232,1.0989999771118164,1776886791.833
0.035999998450279236,0.05900000035762787,1.093999981880188,1776886791.859
0.029999999329447746,0.05299999937415123,1.1009999513626099,1776886791.873
0.03200000151991844,0.0560000017285347,1.090999960899353,1776886791.899
0.1080000028014183,0.08100000023841858,1.2000000476837158,1776886792.313
-0.09399999678134918,0.0010000000474974513,1.093000054359436,1776886792.34
-0.007000000216066837,0.04600000008940697,1.1490000486373901,1776886792.353
0.09200000017881393,0.05999999865889549,1.1150000095367432,1776886792.373
-0.10300000011920929,0.05000000074505806,1.1430000066757202,1776886792.399
0.06199999898672104,0.04600000008940697,1.1019999980926514,1776886792.813
0.014999999664723873,0.06199999898672104,1.0859999656677246,1776886792.839
-0.004999999888241291,0.06499999761581421,1.0920000076293945,1776886792.853
0.03400000184774399,0.05299999937415123,1.097000002861023,1776886792.88
0.024000000208616257,0.05000000074505806,1.0980000495910645,1776886792.893
0.0010000000474974513,0.041999999433755875,1.1100000143051147,1776886793.814
0.026000000536441803,0.0689999982714653,1.069000005722046,1776886793.841
0.03700000047683716,0.08399999886751175,1.0859999656677246,1776886793.855
0.032999999821186066,0.06300000101327896,1.0750000476837158,1776886793.881
0.028999999165534973,0.05900000035762787,1.0809999704360962,1776886793.893
-0.06499999761581421,0.024000000208616257,1.2070000171661377,1776886794.322
0.04100000113248825,0.07900000363588333,1.1030000448226929,1776886794.336
0.15199999511241913,0.054999999701976776,1.1950000524520874,1776886794.353
0.003000000026077032,0.04899999871850014,1.3940000534057617,1776886794.379
0.10000000149011612,0.1720000058412552,0.7379999756813049,1776886794.393
0.16300000250339508,0.05299999937415123,1.2020000219345093,1776886794.814
0.15000000596046448,0.06199999898672104,0.9449999928474426,1776886794.84
0.12600000202655792,0.026000000536441803,1.3550000190734863,1776886794.854
0.19599999487400055,0.07000000029802322,0.921999990940094,1776886794.88
0.16200000047683716,0.05999999865889549,0.9110000133514404,1776886794.895
0.39899998903274536,0.15600000321865082,0.9190000295639038,1776886795.32
0.39100000262260437,0.24799999594688416,0.7559999823570251,1776886795.333
0.23199999332427979,0.1379999965429306,0.9010000228881836,1776886795.36
-0.052000001072883606,-0.0430000014603138,1.1410000324249268,1776886795.376
-0.4169999957084656,-0.34599998593330383,1.781999945640564,1776886795.393
0.29899999499320984,-0.010999999940395355,1.031000018119812,1776886795.813
0.12600000202655792,-0.18299999833106995,1.059999942779541,1776886795.84
0.24899999797344208,-0.13600000739097595,1.1740000247955322,1776886795.855
0.2409999966621399,-0.14000000059604645,0.9269999861717224,1776886795.88
0.2280000001192093,-0.1509999930858612,1.0800000429153442,1776886795.893
0.1340000033378601,-0.09399999678134918,1.1169999837875366,1776886796.313
0.09200000017881393,0.0,1.0449999570846558,1776886796.339
0.210999995470047,0.020999999716877937,1.1069999933242798,1776886796.353
0.1850000023841858,-0.004000000189989805,1.1269999742507935,1776886796.382
0.11999999731779099,-0.0430000014603138,1.0470000505447388,1776886796.393
0.16300000250339508,-0.06400000303983688,1.0779999494552612,1776886796.833
0.17900000512599945,-0.07500000298023224,1.065999984741211,1776886796.853
0.1899999976158142,-0.07800000160932541,1.0700000524520874,1776886796.879
0.19200000166893005,-0.08500000089406967,1.0670000314712524,1776886796.894
0.18000000715255737,-0.07500000298023224,1.0670000314712524,1776886796.92
0.18199999630451202,-0.07599999755620956,1.0709999799728394,1776886797.339
0.18000000715255737,-0.07100000232458115,1.069000005722046,1776886797.353
0.1940000057220459,-0.06300000101327896,1.059999942779541,1776886797.379
0.19900000095367432,-0.06599999964237213,1.059000015258789,1776886797.393
0.15700000524520874,-0.0860000029206276,1.0779999494552612,1776886797.413
0.1469999998807907,-0.06199999898672104,1.0429999828338623,1776886797.84
0.20900000631809235,-0.06599999964237213,1.0950000286102295,1776886797.855
0.13600000739097595,-0.05400000140070915,1.0490000247955322,1776886797.881
0.1469999998807907,-0.07500000298023224,1.0679999589920044,1776886797.893
0.2409999966621399,-0.08799999952316284,1.0750000476837158,1776886797.919
0.22599999606609344,-0.10100000351667404,1.0609999895095825,1776886798.334
0.061000000685453415,0.014000000432133675,0.9869999885559082,1776886798.36
0.012000000104308128,-0.03799999877810478,1.0290000438690186,1776886798.373
0.23199999332427979,-0.03700000047683716,1.1089999675750732,1776886798.4
0.0560000017285347,-0.11599999666213989,0.8569999933242798,1776886798.415
0.8259999752044678,-0.31299999356269836,1.6480000019073486,1776886799.342
-0.004000000189989805,0.25200000405311584,0.7820000052452087,1776886799.353
-0.578000009059906,0.08100000023841858,0.9869999885559082,1776886799.379
0.24799999594688416,0.3199999928474426,0.49300000071525574,1776886799.393
0.1770000010728836,0.07599999755620956,0.9120000004768372,1776886799.413
-0.13600000739097595,-0.23499999940395355,0.9449999928474426,1776886800.353
-0.0729999989271164,-0.4020000100135803,1.2339999675750732,1776886800.381
0.041999999433755875,-0.3100000023841858,1.003000020980835,1776886800.393
-0.13699999451637268,-0.08500000089406967,0.7419999837875366,1776886800.419
0.15600000321865082,-0.1860000044107437,1.1050000190734863,1776886800.433
-0.19499999284744263,0.09000000357627869,0.503000020980835,1776886800.86
-0.027000000700354576,-0.26100000739097595,1.4119999408721924,1776886800.873
0.2529999911785126,-0.3319999873638153,1.3849999904632568,1776886800.9
-0.16300000250339508,-0.3140000104904175,1.0980000495910645,1776886800.913
0.0729999989271164,-0.25999999046325684,-1.965000033378601,1776886800.943
-0.009999999776482582,-0.17000000178813934,1.0520000457763672,1776886801.859
-0.05000000074505806,-0.2070000022649765,1.1260000467300415,1776886801.873
-0.06700000166893005,-0.12600000202655792,1.0549999475479126,1776886801.893
-0.019999999552965164,-0.07900000363588333,1.1039999723434448,1776886801.922
-0.06199999898672104,-0.07800000160932541,1.0579999685287476,1776886801.935
-0.04100000113248825,-0.1340000033378601,1.0779999494552612,1776886802.353
-0.0430000014603138,-0.12800000607967377,1.0789999961853027,1776886802.379
-0.04600000008940697,-0.12800000607967377,1.0829999446868896,1776886802.393
-0.041999999433755875,-0.12800000607967377,1.0829999446868896,1776886802.419
-0.0430000014603138,-0.1340000033378601,1.0820000171661377,1776886802.433
-0.04500000178813934,-0.039000000804662704,1.125,1776886802.879
-0.03099999949336052,0.1340000033378601,1.0700000524520874,1776886802.895
0.04800000041723251,0.15600000321865082,1.090000033378601,1776886802.913
0.03400000184774399,0.13500000536441803,1.1950000524520874,1776886802.933
-0.0560000017285347,0.06800000369548798,1.0479999780654907,1776886802.96
0.9679999947547913,-0.08799999952316284,1.878000020980835,1776886803.377
0.6420000195503235,-0.07400000095367432,1.0,1776886803.393
-0.35199999809265137,0.10999999940395355,1.4880000352859497,1776886803.419
-0.21899999678134918,0.041999999433755875,1.5959999561309814,1776886803.433
0.0989999994635582,-0.09000000357627869,0.5410000085830688,1776886803.459
-0.08699999749660492,0.03999999910593033,1.309999942779541,1776886803.873
0.11599999666213989,-0.07000000029802322,1.1169999837875366,1776886803.894
0.009999999776482582,0.050999999046325684,1.1030000448226929,1776886803.92
-0.026000000536441803,0.0560000017285347,1.0670000314712524,1776886803.943
0.061000000685453415,-0.014000000432133675,1.2070000171661377,1776886803.955
0.0010000000474974513,-0.017000000923871994,1.187999963760376,1776886804.373
-0.09399999678134918,0.03999999910593033,1.1239999532699585,1776886804.399
0.1469999998807907,-0.18400000035762787,1.1330000162124634,1776886804.413
-0.05900000035762787,0.05000000074505806,0.9449999928474426,1776886804.439
0.0989999994635582,0.003000000026077032,1.3359999656677246,1776886804.453
-0.17800000309944153,0.13199999928474426,0.8519999980926514,1776886804.88
-0.04600000008940697,0.010999999940395355,1.1239999532699585,1776886804.896
-0.07199999690055847,0.11999999731779099,1.0110000371932983,1776886804.921
-0.057999998331069946,0.052000001072883606,1.125,1776886804.934
0.023000000044703484,-0.014000000432133675,1.2170000076293945,1776886804.961
0.125,-0.09399999678134918,1.0579999685287476,1776886805.38
0.0949999988079071,-0.052000001072883606,0.9330000281333923,1776886805.393
-0.15199999511241913,0.10499999672174454,1.24399995803833,1776886805.424
0.07500000298023224,-0.09799999743700027,0.8230000138282776,1776886805.436
0.04800000041723251,0.03099999949336052,1.2710000276565552,1776886805.462
0.0729999989271164,-0.00800000037997961,1.4600000381469727,1776886805.873
-0.1379999965429306,-0.00800000037997961,0.8090000152587891,1776886805.901
-0.004999999888241291,0.05000000074505806,1.3760000467300415,1776886805.913
0.09799999743700027,-0.013000000268220901,1.0709999799728394,1776886805.941
-0.012000000104308128,0.012000000104308128,1.1820000410079956,1776886805.953
0.050999999046325684,0.05900000035762787,1.1119999885559082,1776886806.373
-0.03799999877810478,0.1509999930858612,1.1230000257492065,1776886806.393
-0.061000000685453415,0.08299999684095383,0.9980000257492065,1776886806.419
0.05000000074505806,0.009999999776482582,1.003000020980835,1776886806.433
-0.007000000216066837,0.06800000369548798,1.1059999465942383,1776886806.461
-0.15399999916553497,0.0,1.2860000133514404,1776886806.879
0.012000000104308128,0.026000000536441803,1.0850000381469727,1776886806.895
0.05000000074505806,-0.007000000216066837,0.8309999704360962,1776886806.913
-0.06599999964237213,0.06300000101327896,1.0820000171661377,1776886806.94
0.006000000052154064,0.017000000923871994,1.0609999895095825,1776886806.953
0.006000000052154064,-0.009999999776482582,1.2009999752044678,1776886807.873
0.010999999940395355,0.004000000189989805,1.2330000400543213,1776886807.899
0.008999999612569809,-0.05400000140070915,0.996999979019165,1776886807.913
-0.10400000214576721,0.12399999797344208,1.0470000505447388,1776886807.939
-0.004999999888241291,0.03700000047683716,1.1710000038146973,1776886807.953
0.0729999989271164,-0.02199999988079071,1.0269999504089355,1776886808.373
0.039000000804662704,0.024000000208616257,1.190999984741211,1776886808.4
-0.1469999998807907,0.0989999994635582,1.2050000429153442,1776886808.415
0.07699999958276749,-0.0689999982714653,1.1069999933242798,1776886808.442
-0.12800000607967377,0.04800000041723251,1.0160000324249268,1776886808.453
0.07599999755620956,0.029999999329447746,1.0440000295639038,1776886809.401
-0.07999999821186066,0.029999999329447746,1.0770000219345093,1776886809.413
-0.0860000029206276,-0.014999999664723873,1.1050000190734863,1776886809.443
0.006000000052154064,0.012000000104308128,1.100000023841858,1776886809.457
0.06400000303983688,0.12999999523162842,1.0149999856948853,1776886809.473
-0.10700000077486038,0.06800000369548798,1.0759999752044678,1776886809.893
-0.07800000160932541,0.06700000166893005,1.0390000343322754,1776886809.921
0.028999999165534973,0.10100000351667404,1.1519999504089355,1776886809.935
0.035999998450279236,0.057999998331069946,1.1260000467300415,1776886809.961
-0.05400000140070915,0.03200000151991844,1.0820000171661377,1776886809.973
-0.3109999895095825,0.5450000166893005,0.640999972820282,1776886810.399
-0.3109999895095825,0.5450000166893005,0.640999972820282,1776886810.415
-0.026000000536441803,0.5410000085830688,0.8569999933242798,1776886810.441
-0.16599999368190765,0.46000000834465027,0.9070000052452087,1776886810.453
-0.16099999845027924,0.546999990940094,0.8550000190734863,1776886810.481
0.02199999988079071,0.27300000190734863,0.09300000220537186,1776886810.899
0.2770000100135803,0.3440000116825104,1.3350000381469727,1776886810.913
-0.5139999985694885,0.8370000123977661,1.6380000114440918,1776886810.939
-0.125,0.34200000762939453,1.0640000104904175,1776886810.953
0.15199999511241913,0.3440000116825104,0.8259999752044678,1776886810.979
0.38600000739097595,0.22100000083446503,0.9629999995231628,1776886811.902
-0.05999999865889549,0.42100000381469727,1.475000023841858,1776886811.913
0.26499998569488525,0.06199999898672104,1.1579999923706055,1776886811.94
0.15299999713897705,0.22699999809265137,0.9380000233650208,1776886811.953
0.11999999731779099,0.2680000066757202,1.0579999685287476,1776886811.979
0.16500000655651093,0.3149999976158142,1.0440000295639038,1776886812.394
0.16500000655651093,0.3149999976158142,1.0440000295639038,1776886812.42
0.16500000655651093,0.3149999976158142,1.0440000295639038,1776886812.433
0.16699999570846558,0.3199999928474426,1.031999945640564,1776886812.46
0.16699999570846558,0.3199999928474426,1.0440000295639038,1776886812.474
0.16899999976158142,0.3310000002384186,1.0230000019073486,1776886812.899
0.19900000095367432,0.36399999260902405,0.949999988079071,1776886812.913
0.13300000131130219,0.3490000069141388,1.1169999837875366,1776886812.939
0.13300000131130219,0.3490000069141388,1.1169999837875366,1776886812.954
0.13300000131130219,0.3490000069141388,1.1169999837875366,1776886812.98
0.11699999868869781,0.5370000004768372,0.8090000152587891,1776886813.893
0.03200000151991844,0.5609999895095825,1.0920000076293945,1776886813.919
-0.28600001335144043,0.3490000069141388,1.3919999599456787,1776886813.934
0.08500000089406967,0.4359999895095825,0.5680000185966492,1776886813.96
0.08500000089406967,0.4359999895095825,0.5680000185966492,1776886813.973
-0.05999999865889549,0.4180000126361847,1.0219999551773071,1776886814.42
-0.08100000023841858,0.4339999854564667,1.0140000581741333,1776886814.433
-0.07400000095367432,0.42899999022483826,1.0210000276565552,1776886814.453
-0.05900000035762787,0.41999998688697815,1.0149999856948853,1776886814.479
-0.06800000369548798,0.4269999861717224,1.0160000324249268,1776886814.494
-0.902999997138977,0.44999998807907104,0.38100001215934753,1776886815.413
-0.29899999499320984,0.32100000977516174,0.3889999985694885,1776886815.439
-0.35100001096725464,0.27399998903274536,-0.5839999914169312,1776886815.462
-0.6019999980926514,1.3660000562667847,0.49300000071525574,1776886815.473
-0.2939999997615814,0.9729999899864197,0.6600000262260437,1776886815.5
-1.1360000371932983,0.9340000152587891,-1.930999994277954,1776886815.913
-1.4850000143051147,-0.7419999837875366,-1.9160000085830688,1776886815.939
0.6060000061988831,0.05700000002980232,-0.1889999955892563,1776886815.953
-0.20999999344348907,0.22499999403953552,-0.3070000112056732,1776886815.982
-0.7940000295639038,-0.14100000262260437,-0.652999997138977,1776886816.001
-0.19499999284744263,-0.09200000017881393,-0.7020000219345093,1776886816.42
0.21699999272823334,-1.9589999914169312,-1.9160000085830688,1776886816.434
-1.2450000047683716,-0.08799999952316284,0.7160000205039978,1776886816.46
0.07999999821186066,-0.3240000009536743,-1.9160000085830688,1776886816.474
0.23399999737739563,-0.30399999022483826,-1.0959999561309814,1776886816.499
0.1289999932050705,-0.07100000232458115,-0.8149999976158142,1776886816.92
0.1679999977350235,-0.0860000029206276,-0.6660000085830688,1776886816.933
0.2409999966621399,-0.2930000126361847,-1.9160000085830688,1776886816.959
-0.5059999823570251,-0.29100000858306885,-0.3490000069141388,1776886816.977
-0.3140000104904175,-0.03500000014901161,-1.3489999771118164,1776886816.994
-0.014999999664723873,-0.15399999916553497,-0.9070000052452087,1776886817.42
0.007000000216066837,-0.14300000667572021,-0.9049999713897705,1776886817.433
-0.017999999225139618,-0.14399999380111694,-0.906000018119812,1776886817.46
-0.014999999664723873,-0.1420000046491623,-0.8999999761581421,1776886817.473
-0.008999999612569809,-0.13500000536441803,-0.902999997138977,1776886817.494
-0.014000000432133675,-0.14100000262260437,-0.8980000019073486,1776886817.913
-0.012000000104308128,-0.14100000262260437,-0.9039999842643738,1776886817.939
-0.009999999776482582,-0.13500000536441803,-0.906000018119812,1776886817.953
-0.02500000037252903,-0.1420000046491623,-0.9049999713897705,1776886817.979
-0.007000000216066837,-0.14100000262260437,-0.902999997138977,1776886817.993
-0.009999999776482582,-0.1379999965429306,-0.8980000019073486,1776886818.933
-0.010999999940395355,-0.1379999965429306,-0.9039999842643738,1776886818.96
-0.014000000432133675,-0.14300000667572021,-0.9020000100135803,1776886818.975
-0.012000000104308128,-0.13899999856948853,-0.9020000100135803,1776886819.0
-0.00800000037997961,-0.14000000059604645,-0.8999999761581421,1776886819.013
-0.012000000104308128,-0.13899999856948853,-0.9139999747276306,1776886819.433
-0.003000000026077032,-0.13899999856948853,-0.902999997138977,1776886819.459
-0.009999999776482582,-0.14100000262260437,-0.8999999761581421,1776886819.474
-0.010999999940395355,-0.1379999965429306,-0.906000018119812,1776886819.502
-0.00800000037997961,-0.1420000046491623,-0.9020000100135803,1776886819.513
-0.16599999368190765,0.24699999392032623,0.1080000028014183,1776886820.433
1.0989999771118164,0.3799999952316284,0.4099999964237213,1776886820.462
1.8370000123977661,0.3009999990463257,0.39100000262260437,1776886820.474
1.9600000381469727,0.09399999678134918,0.5419999957084656,1776886820.5
0.23999999463558197,-0.3140000104904175,-0.30399999022483826,1776886820.514
1.034999966621399,0.03400000184774399,0.2750000059604645,1776886820.94
0.9959999918937683,0.032999999821186066,0.28200000524520874,1776886820.954
0.9869999885559082,0.03799999877810478,0.3479999899864197,1776886820.98
0.8610000014305115,0.054999999701976776,0.3409999907016754,1776886820.994
0.7799999713897705,0.06499999761581421,0.46000000834465027,1776886821.02
-0.0010000000474974513,0.035999998450279236,1.0959999561309814,1776886821.939
-0.014999999664723873,0.03700000047683716,1.093000054359436,1776886821.953
-0.02199999988079071,0.039000000804662704,1.1069999933242798,1776886821.982
-0.008999999612569809,0.041999999433755875,1.093999981880188,1776886821.999
-0.017000000923871994,0.039000000804662704,1.0989999771118164,1776886822.015
-0.020999999716877937,0.05700000002980232,1.1100000143051147,1776886822.434
-0.01600000075995922,0.03200000151991844,1.093000054359436,1776886822.462
-0.01600000075995922,0.027000000700354576,1.097000002861023,1776886822.474
-0.017999999225139618,0.013000000268220901,1.1059999465942383,1776886822.499
-0.009999999776482582,0.01600000075995922,1.0920000076293945,1776886822.514
0.1420000046491623,0.20600000023841858,0.9829999804496765,1776886822.934
-0.0430000014603138,-0.11599999666213989,1.2990000247955322,1776886822.963
-0.22200000286102295,-0.12800000607967377,1.0920000076293945,1776886822.976
0.09399999678134918,0.09200000017881393,1.1950000524520874,1776886823.002
-0.09799999743700027,-0.10000000149011612,1.222000002861023,1776886823.014
0.20800000429153442,0.17900000512599945,1.2089999914169312,1776886823.44
-0.039000000804662704,-0.12200000137090683,1.6449999809265137,1776886823.456
0.014000000432133675,0.1720000058412552,0.4699999988079071,1776886823.482
0.061000000685453415,-0.010999999940395355,1.6729999780654907,1776886823.494
-0.12800000607967377,0.010999999940395355,1.0449999570846558,1776886823.519
0.0560000017285347,-0.017999999225139618,1.5399999618530273,1776886823.954
-0.11500000208616257,0.06199999898672104,1.309000015258789,1776886823.982
0.07699999958276749,0.04899999871850014,1.1640000343322754,1776886823.994
-0.296999990940094,-0.12700000405311584,1.6109999418258667,1776886824.02
-0.07999999821186066,-0.032999999821186066,0.7839999794960022,1776886824.034
-0.01600000075995922,0.03700000047683716,1.100000023841858,1776886824.441
-0.01899999938905239,0.03400000184774399,1.0959999561309814,1776886824.454
-0.017000000923871994,0.03099999949336052,1.1019999980926514,1776886824.479
-0.014000000432133675,0.035999998450279236,1.097000002861023,1776886824.497
-0.014999999664723873,0.03500000014901161,1.0959999561309814,1776886824.514
0.006000000052154064,0.035999998450279236,1.1779999732971191,1776886824.954
-0.06499999761581421,0.035999998450279236,1.0870000123977661,1776886824.98
-0.004999999888241291,0.07800000160932541,0.9700000286102295,1776886824.994
0.0,0.017000000923871994,1.0729999542236328,1776886825.014
0.012000000104308128,0.054999999701976776,1.1269999742507935,1776886825.04
0.035999998450279236,0.050999999046325684,0.9710000157356262,1776886825.461
-0.10300000011920929,0.05299999937415123,0.9940000176429749,1776886825.474
-0.024000000208616257,0.04800000041723251,1.055999994277954,1776886825.494
0.0689999982714653,0.05700000002980232,1.1629999876022339,1776886825.52
-0.03500000014901161,0.04899999871850014,1.1050000190734863,1776886825.536
-0.14300000667572021,0.01600000075995922,1.222000002861023,1776886825.954
0.041999999433755875,0.057999998331069946,1.0149999856948853,1776886825.98
0.008999999612569809,0.006000000052154064,1.2009999752044678,1776886825.994
0.019999999552965164,0.012000000104308128,1.1710000038146973,1776886826.021
0.02800000086426735,-0.003000000026077032,0.9940000176429749,1776886826.034
-0.09700000286102295,-0.06599999964237213,1.0140000581741333,1776886826.46
-0.0689999982714653,-0.05299999937415123,1.2699999809265137,1776886826.474
-0.09700000286102295,-0.5249999761581421,1.180999994277954,1776886826.497
0.0020000000949949026,-0.38600000739097595,0.902999997138977,1776886826.514
0.12999999523162842,-0.25099998712539673,1.159000039100647,1776886826.541
-0.032999999821186066,0.008999999612569809,1.11899995803833,1776886826.96
-0.014000000432133675,0.029999999329447746,1.097000002861023,1776886826.975
0.006000000052154064,0.05299999937415123,1.1180000305175781,1776886827.001
0.00800000037997961,0.061000000685453415,1.0920000076293945,1776886827.014
-0.03500000014901161,0.03200000151991844,1.0809999704360962,1776886827.04
-0.04100000113248825,-0.041999999433755875,0.8889999985694885,1776886827.456
-0.05000000074505806,-0.0010000000474974513,0.9229999780654907,1776886827.482
0.08100000023841858,0.164000004529953,0.8939999938011169,1776886827.494
0.008999999612569809,0.014000000432133675,1.0729999542236328,1776886827.52
-0.08500000089406967,0.006000000052154064,1.2209999561309814,1776886827.535
0.3269999921321869,0.2639999985694885,1.2139999866485596,1776886827.954
0.3269999921321869,0.2639999985694885,1.2139999866485596,1776886827.98
0.02500000037252903,-0.18799999356269836,1.5779999494552612,1776886827.994
-0.04800000041723251,0.032999999821186066,0.671999990940094,1776886828.018
0.1340000033378601,0.1509999930858612,1.2450000047683716,1776886828.034
-0.007000000216066837,0.014999999664723873,1.1100000143051147,1776886828.463
0.0010000000474974513,0.019999999552965164,1.090000033378601,1776886828.474
-0.008999999612569809,0.03500000014901161,1.1030000448226929,1776886828.501
-0.007000000216066837,0.041999999433755875,1.0870000123977661,1776886828.514
-0.003000000026077032,0.03099999949336052,1.0950000286102295,1776886828.534
-0.052000001072883606,0.18299999833106995,1.1260000467300415,1776886828.961
-0.052000001072883606,0.18299999833106995,1.1260000467300415,1776886828.979
-0.052000001072883606,0.18299999833106995,1.1260000467300415,1776886828.994
-0.11299999803304672,0.0729999989271164,1.312000036239624,1776886829.021
-0.2160000056028366,0.026000000536441803,1.0679999589920044,1776886829.034
-0.017000000923871994,0.0560000017285347,1.065000057220459,1776886829.46
0.07599999755620956,0.05999999865889549,1.1369999647140503,1776886829.474
0.024000000208616257,0.09000000357627869,1.0390000343322754,1776886829.499
-0.12600000202655792,0.02500000037252903,1.0290000438690186,1776886829.514
-0.03400000184774399,0.09099999815225601,1.1440000534057617,1776886829.54
0.07699999958276749,0.00800000037997961,1.253000020980835,1776886829.954
0.027000000700354576,0.03099999949336052,1.0989999771118164,1776886829.982
0.027000000700354576,0.03099999949336052,1.0989999771118164,1776886829.994
0.027000000700354576,0.03099999949336052,1.0989999771118164,1776886830.02
-0.05900000035762787,0.04600000008940697,0.9800000190734863,1776886830.035
0.03500000014901161,-0.003000000026077032,1.1469999551773071,1776886830.474
0.03400000184774399,0.06199999898672104,0.9480000138282776,1776886830.499
-0.02199999988079071,0.10199999809265137,1.1720000505447388,1776886830.514
-0.026000000536441803,0.09000000357627869,1.0800000429153442,1776886830.542
-0.020999999716877937,0.013000000268220901,1.156000018119812,1776886830.554
-0.04800000041723251,-0.027000000700354576,1.1299999952316284,1776886830.98
-0.04800000041723251,-0.027000000700354576,1.1299999952316284,1776886830.995
-0.04800000041723251,-0.027000000700354576,1.1299999952316284,1776886831.022
-0.09099999815225601,-0.03200000151991844,1.0679999589920044,1776886831.034
0.11900000274181366,0.10300000011920929,1.1019999980926514,1776886831.059
-0.05900000035762787,0.09000000357627869,0.859000027179718,1776886831.474
0.010999999940395355,0.10400000214576721,1.1690000295639038,1776886831.501
0.0020000000949949026,0.07800000160932541,1.1469999551773071,1776886831.514
0.039000000804662704,0.07599999755620956,1.190000057220459,1776886831.54
0.04500000178813934,0.05400000140070915,1.0549999475479126,1776886831.554
-0.10100000351667404,0.0949999988079071,0.9990000128746033,1776886831.98
-0.10100000351667404,0.0949999988079071,0.9990000128746033,1776886831.994
-0.10100000351667404,0.0949999988079071,0.9990000128746033,1776886832.02
-0.020999999716877937,0.05999999865889549,0.9710000157356262,1776886832.034
-0.09200000017881393,-0.004999999888241291,1.0119999647140503,1776886832.06
-0.02500000037252903,0.01600000075995922,1.093000054359436,1776886832.481
-0.017000000923871994,0.07000000029802322,1.0950000286102295,1776886832.497
-0.01899999938905239,0.07599999755620956,1.0889999866485596,1776886832.514
-0.01600000075995922,0.013000000268220901,1.100000023841858,1776886832.541
-0.014999999664723873,0.020999999716877937,1.093000054359436,1776886832.554
0.2709999978542328,-0.23100000619888306,0.906000018119812,1776886832.979
0.03999999910593033,0.05299999937415123,1.0099999904632568,1776886832.994
0.03999999910593033,0.05299999937415123,1.0099999904632568,1776886833.021
0.03999999910593033,0.05299999937415123,1.0099999904632568,1776886833.034
-0.2029999941587448,0.2460000067949295,1.2649999856948853,1776886833.06
0.032999999821186066,-0.03700000047683716,0.8199999928474426,1776886833.482
-0.009999999776482582,-0.0010000000474974513,0.953000009059906,1776886833.495
-0.06199999898672104,0.05999999865889549,1.5110000371932983,1776886833.521
-0.08100000023841858,0.054999999701976776,0.7450000047683716,1776886833.535
-0.03500000014901161,0.03099999949336052,1.4550000429153442,1776886833.561
-0.028999999165534973,0.04600000008940697,1.100000023841858,1776886833.974
-0.017999999225139618,0.04399999976158142,1.090999960899353,1776886834.0
-0.017999999225139618,0.04399999976158142,1.090999960899353,1776886834.014
-0.017999999225139618,0.04399999976158142,1.090999960899353,1776886834.043
-0.01899999938905239,0.04500000178813934,1.1119999885559082,1776886834.054
-0.02500000037252903,0.017000000923871994,1.2139999866485596,1776886834.5
-0.004999999888241291,0.06199999898672104,0.9879999756813049,1776886834.514
0.06800000369548798,0.08799999952316284,1.2339999675750732,1776886834.534
0.08500000089406967,0.12800000607967377,1.0329999923706055,1776886834.56
-0.07900000363588333,0.12600000202655792,1.0290000438690186,1776886834.575
-0.023000000044703484,0.03200000151991844,1.305999994277954,1776886834.995
-0.023000000044703484,0.03200000151991844,1.305999994277954,1776886835.021
-0.041999999433755875,0.07199999690055847,1.0809999704360962,1776886835.034
-0.09399999678134918,0.05400000140070915,0.8610000014305115,1776886835.06
-0.03099999949336052,0.11599999666213989,1.1169999837875366,1776886835.074
-0.09700000286102295,0.1340000033378601,1.0839999914169312,1776886835.474
0.03400000184774399,-0.02800000086426735,1.0440000295639038,1776886835.502
-0.007000000216066837,0.04699999839067459,1.034999966621399,1776886835.514
-0.10199999809265137,0.09300000220537186,1.2239999771118164,1776886835.541
-0.10199999809265137,0.09300000220537186,1.2239999771118164,1776886835.554
0.05000000074505806,0.007000000216066837,1.2799999713897705,1776886835.975
-0.0949999988079071,0.06400000303983688,0.6819999814033508,1776886836.001
-0.1679999977350235,0.11800000071525574,0.9539999961853027,1776886836.015
-0.019999999552965164,0.057999998331069946,0.7009999752044678,1776886836.042
-0.09799999743700027,0.054999999701976776,0.9549999833106995,1776886836.055
0.13600000739097595,-0.10199999809265137,1.190999984741211,1776886836.5
0.20999999344348907,-0.13099999725818634,1.0889999866485596,1776886836.518
-0.29100000858306885,0.13899999856948853,1.246999979019165,1776886836.534
-0.29100000858306885,0.13899999856948853,1.246999979019165,1776886836.56
-0.29100000858306885,0.13899999856948853,1.246999979019165,1776886836.576
0.16300000250339508,-0.06400000303983688,1.340999960899353,1776886836.995
0.04899999871850014,0.07100000232458115,0.8790000081062317,1776886837.022
0.10999999940395355,-0.027000000700354576,1.534999966621399,1776886837.034
0.1379999965429306,-0.09000000357627869,0.9129999876022339,1776886837.06
-0.061000000685453415,0.0729999989271164,0.7289999723434448,1776886837.074
-0.22100000083446503,0.2409999966621399,1.1080000400543213,1776886837.494
-0.008999999612569809,-0.02800000086426735,1.0889999866485596,1776886837.521
0.20399999618530273,-0.2280000001192093,1.0199999809265137,1776886837.539
0.20399999618530273,-0.2280000001192093,1.0199999809265137,1776886837.555
0.20399999618530273,-0.2280000001192093,1.0199999809265137,1776886837.581
-0.061000000685453415,-0.012000000104308128,0.953000009059906,1776886838.004
-0.04100000113248825,0.052000001072883606,1.0160000324249268,1776886838.017
-0.2370000034570694,0.1599999964237213,0.7179999947547913,1776886838.035
0.014999999664723873,0.0020000000949949026,1.2890000343322754,1776886838.054
-0.1459999978542328,0.22100000083446503,0.9929999709129333,1776886838.08
-0.19300000369548798,0.18199999630451202,1.2510000467300415,1776886838.495
-0.050999999046325684,-0.06400000303983688,0.8690000176429749,1776886838.521
-0.012000000104308128,0.1340000033378601,1.3270000219345093,1776886838.534
-0.31299999356269836,0.25999999046325684,1.0180000066757202,1776886838.56
-0.15399999916553497,0.0989999994635582,0.8579999804496765,1776886838.577
0.12399999797344208,-0.12999999523162842,1.1649999618530273,1776886838.996
0.03500000014901161,0.07000000029802322,0.6980000138282776,1776886839.022
0.08500000089406967,-0.09600000083446503,1.5199999809265137,1776886839.034
0.1599999964237213,-0.14000000059604645,0.8349999785423279,1776886839.06
-0.14399999380111694,0.15600000321865082,1.1269999742507935,1776886839.075
0.03799999877810478,0.05000000074505806,1.0089999437332153,1776886839.502
0.02800000086426735,-0.032999999821186066,1.3680000305175781,1776886839.514
0.12600000202655792,-0.09600000083446503,1.0010000467300415,1776886839.54
-0.07400000095367432,0.07400000095367432,0.8059999942779541,1776886839.555
0.061000000685453415,0.004000000189989805,1.2020000219345093,1776886839.582
-0.1899999976158142,0.08900000154972076,0.7680000066757202,1776886840.0
0.04800000041723251,0.003000000026077032,1.2130000591278076,1776886840.018
-0.14499999582767487,0.1379999965429306,0.4020000100135803,1776886840.051
-0.07699999958276749,-0.04699999839067459,1.465999960899353,1776886840.073
0.1770000010728836,-0.13500000536441803,1.4509999752044678,1776886840.083
0.004000000189989805,-0.11400000005960464,1.069000005722046,1776886840.496
-0.054999999701976776,-0.08100000023841858,1.1080000400543213,1776886840.521
0.009999999776482582,-0.06499999761581421,1.093000054359436,1776886840.534
0.00800000037997961,-0.01600000075995922,1.1319999694824219,1776886840.56
-0.008999999612569809,-0.06499999761581421,1.0759999752044678,1776886840.576
-0.012000000104308128,0.027000000700354576,1.0959999561309814,1776886840.994
-0.010999999940395355,0.03099999949336052,1.0959999561309814,1776886841.02
-0.012000000104308128,0.02800000086426735,1.1009999513626099,1776886841.034
-0.010999999940395355,0.023000000044703484,1.0920000076293945,1776886841.061
-0.008999999612569809,0.009999999776482582,1.1009999513626099,1776886841.074
-0.008999999612569809,0.06300000101327896,1.0920000076293945,1776886841.501
-0.01600000075995922,0.01899999938905239,1.1030000448226929,1776886841.522
-0.003000000026077032,0.007000000216066837,1.0950000286102295,1776886841.536
0.00800000037997961,-0.006000000052154064,1.1009999513626099,1776886841.562
-0.017000000923871994,0.028999999165534973,1.1009999513626099,1776886841.574
-0.05299999937415123,-0.012000000104308128,1.0490000247955322,1776886842.0
0.003000000026077032,-0.006000000052154064,1.1130000352859497,1776886842.015
-0.07599999755620956,0.08900000154972076,1.069000005722046,1776886842.041
0.004999999888241291,0.003000000026077032,1.194000005722046,1776886842.055
-0.08100000023841858,0.14100000262260437,1.0329999923706055,1776886842.081
0.35899999737739563,-0.29899999499320984,1.0010000467300415,1776886842.515
-0.08500000089406967,0.3619999885559082,1.0679999589920044,1776886842.544
0.1550000011920929,-0.18400000035762787,1.2719999551773071,1776886842.554
0.21400000154972076,-0.2329999953508377,0.8619999885559082,1776886842.58
-0.27799999713897705,0.2879999876022339,1.2059999704360962,1776886842.594
0.004999999888241291,0.024000000208616257,1.0920000076293945,1776886843.014
-0.020999999716877937,0.010999999940395355,1.0889999866485596,1776886843.04
-0.02199999988079071,0.024000000208616257,1.090000033378601,1776886843.057
-0.00800000037997961,0.019999999552965164,1.1019999980926514,1776886843.074
-0.004999999888241291,0.023000000044703484,1.0959999561309814,1776886843.101
-0.014999999664723873,0.3160000145435333,1.1579999923706055,1776886843.52
0.024000000208616257,0.34700000286102295,1.1970000267028809,1776886843.538
-0.02199999988079071,0.36399999260902405,0.9100000262260437,1776886843.554
-0.010999999940395355,0.18299999833106995,1.3969999551773071,1776886843.58
-0.014999999664723873,0.18400000035762787,1.0089999437332153,1776886843.594
-0.15399999916553497,0.10999999940395355,0.9419999718666077,1776886844.021
0.0010000000474974513,0.03400000184774399,1.0870000123977661,1776886844.034
0.06800000369548798,0.09300000220537186,0.9909999966621399,1776886844.062
-0.06800000369548798,0.07199999690055847,1.0230000019073486,1776886844.075
-0.16300000250339508,0.06199999898672104,1.1360000371932983,1776886844.101
0.014999999664723873,-0.014999999664723873,0.9710000157356262,1776886844.514
0.0,-0.09099999815225601,1.246000051498413,1776886844.534
-0.024000000208616257,-0.04800000041723251,0.984000027179718,1776886844.561
-0.06800000369548798,-0.0820000022649765,1.1970000267028809,1776886844.576
-0.026000000536441803,-0.1080000028014183,1.1440000534057617,1776886844.602
-0.013000000268220901,0.04699999839067459,1.0959999561309814,1776886845.034
-0.014000000432133675,0.04399999976158142,1.0959999561309814,1776886845.06
-0.014000000432133675,0.03700000047683716,1.0980000495910645,1776886845.074
-0.012000000104308128,0.035999998450279236,1.0959999561309814,1776886845.103
-0.014999999664723873,0.04500000178813934,1.0950000286102295,1776886845.114
-0.01899999938905239,0.0729999989271164,1.0989999771118164,1776886845.514
-0.006000000052154064,0.11699999868869781,1.093000054359436,1776886845.54
-0.014999999664723873,0.06499999761581421,1.0950000286102295,1776886845.554
-0.01899999938905239,0.10400000214576721,1.1089999675750732,1776886845.581
-0.05900000035762787,0.10599999874830246,1.062000036239624,1776886845.594
-0.10899999737739563,0.05400000140070915,1.0809999704360962,1776886846.016
-0.004999999888241291,0.06199999898672104,1.100000023841858,1776886846.036
0.017999999225139618,0.027000000700354576,1.0770000219345093,1776886846.062
0.00800000037997961,0.0729999989271164,0.9300000071525574,1776886846.079
-0.13699999451637268,-0.04399999976158142,1.2000000476837158,1776886846.096
0.028999999165534973,-0.06300000101327896,1.1169999837875366,1776886846.534
-0.03099999949336052,-0.09000000357627869,1.0820000171661377,1776886846.56
-0.02800000086426735,-0.10999999940395355,1.0779999494552612,1776886846.577
-0.023000000044703484,-0.02199999988079071,1.1269999742507935,1776886846.602
0.019999999552965164,0.020999999716877937,1.090000033378601,1776886846.614
-0.03700000047683716,0.04699999839067459,1.1009999513626099,1776886847.034
-0.02500000037252903,0.04800000041723251,1.0889999866485596,1776886847.061
-0.03099999949336052,0.041999999433755875,1.1150000095367432,1776886847.074
-0.039000000804662704,0.04899999871850014,1.0839999914169312,1776886847.1
-0.0010000000474974513,0.03099999949336052,1.100000023841858,1776886847.114
-0.05999999865889549,-0.04399999976158142,0.8870000243186951,1776886847.54
-0.03700000047683716,-0.04800000041723251,1.0379999876022339,1776886847.554
0.050999999046325684,0.1289999932050705,0.9610000252723694,1776886847.581
-0.05900000035762787,-0.09000000357627869,1.0260000228881836,1776886847.602
-0.07900000363588333,-0.02800000086426735,1.2139999866485596,1776886847.615
-0.04399999976158142,-0.03999999910593033,1.11899995803833,1776886848.034
0.004999999888241291,0.04899999871850014,1.1399999856948853,1776886848.055
0.02199999988079071,0.06300000101327896,1.0950000286102295,1776886848.08
-0.017000000923871994,0.06700000166893005,1.1169999837875366,1776886848.096
-0.019999999552965164,0.05400000140070915,1.093999981880188,1776886848.122
-0.004999999888241291,0.03400000184774399,1.093999981880188,1776886848.541
-0.003000000026077032,0.03500000014901161,1.097000002861023,1776886848.554
-0.004000000189989805,0.029999999329447746,1.1019999980926514,1776886848.581
-0.006000000052154064,0.03200000151991844,1.0950000286102295,1776886848.594
-0.004999999888241291,0.03099999949336052,1.097000002861023,1776886848.623
0.026000000536441803,0.03099999949336052,1.0950000286102295,1776886849.04
-0.014000000432133675,0.026000000536441803,1.1080000400543213,1776886849.058
-0.009999999776482582,0.03500000014901161,1.097000002861023,1776886849.074
-0.0020000000949949026,0.04100000113248825,1.1059999465942383,1776886849.101
-0.004000000189989805,0.03500000014901161,1.065999984741211,1776886849.114
0.004000000189989805,0.035999998450279236,1.097000002861023,1776886849.536
-0.0020000000949949026,0.035999998450279236,1.097000002861023,1776886849.561
-0.006000000052154064,0.03200000151991844,1.0920000076293945,1776886849.574
-0.0020000000949949026,0.032999999821186066,1.1009999513626099,1776886849.6
0.0,0.035999998450279236,1.0989999771118164,1776886849.617
-0.004999999888241291,0.03500000014901161,1.0980000495910645,1776886850.034
-0.004999999888241291,0.03999999910593033,1.0950000286102295,1776886850.06
-0.003000000026077032,0.0560000017285347,1.1030000448226929,1776886850.075
-0.0010000000474974513,0.04500000178813934,1.090999960899353,1776886850.099
-0.006000000052154064,0.039000000804662704,1.097000002861023,1776886850.114
-0.06599999964237213,-0.010999999940395355,1.0260000228881836,1776886850.541
-0.04399999976158142,-0.006000000052154064,1.0369999408721924,1776886850.554
0.006000000052154064,-0.054999999701976776,1.0950000286102295,1776886850.58
0.029999999329447746,-0.06300000101327896,1.0329999923706055,1776886850.594
-0.05700000002980232,-0.04699999839067459,1.1430000066757202,1776886850.614
0.029999999329447746,0.04100000113248825,1.090000033378601,1776886851.04
-0.032999999821186066,0.03700000047683716,1.0950000286102295,1776886851.055
0.017000000923871994,0.0430000014603138,1.0950000286102295,1776886851.081
-0.010999999940395355,0.035999998450279236,1.093999981880188,1776886851.094
-0.035999998450279236,0.03400000184774399,1.093999981880188,1776886851.121
-0.006000000052154064,0.02800000086426735,1.097000002861023,1776886851.536
-0.010999999940395355,0.03999999910593033,1.0980000495910645,1776886851.562
-0.006000000052154064,0.039000000804662704,1.097000002861023,1776886851.574
-0.010999999940395355,0.029999999329447746,1.1019999980926514,1776886851.6
-0.013000000268220901,0.03400000184774399,1.0950000286102295,1776886851.615
-0.16599999368190765,0.09600000083446503,1.184000015258789,1776886852.04
0.11500000208616257,0.04600000008940697,1.0579999685287476,1776886852.054
-0.04399999976158142,-0.010999999940395355,1.1510000228881836,1776886852.086
-0.0560000017285347,0.013000000268220901,1.0980000495910645,1776886852.103
0.05700000002980232,0.04800000041723251,1.1239999532699585,1776886852.114
-0.013000000268220901,0.039000000804662704,1.0980000495910645,1776886852.534
-0.004999999888241291,0.03700000047683716,1.093000054359436,1776886852.561
-0.013000000268220901,0.039000000804662704,1.0980000495910645,1776886852.576
-0.010999999940395355,0.035999998450279236,1.0950000286102295,1776886852.602
-0.010999999940395355,0.03799999877810478,1.0889999866485596,1776886852.614
0.014000000432133675,0.010999999940395355,1.0759999752044678,1776886853.062
-0.003000000026077032,-0.00800000037997961,1.0980000495910645,1776886853.074
0.04100000113248825,0.0020000000949949026,1.0829999446868896,1776886853.108
-0.007000000216066837,0.029999999329447746,1.1069999933242798,1776886853.122
-0.029999999329447746,0.06199999898672104,1.1019999980926514,1776886853.136
0.14100000262260437,0.5090000033378601,0.8560000061988831,1776886853.554
0.17599999904632568,0.6840000152587891,0.9049999713897705,1776886853.581
0.004000000189989805,0.593999981880188,0.8230000138282776,1776886853.594
-0.0949999988079071,0.6690000295639038,0.8830000162124634,1776886853.62
-0.023000000044703484,0.6179999709129333,0.824999988079071,1776886853.634
0.20999999344348907,0.1379999965429306,0.9639999866485596,1776886854.054
0.33000001311302185,0.19300000369548798,1.0859999656677246,1776886854.081
0.42399999499320984,0.164000004529953,1.0429999828338623,1776886854.098
0.37599998712539673,0.1420000046491623,1.0429999828338623,1776886854.114
0.3540000021457672,0.12300000339746475,1.0479999780654907,1776886854.14
0.36800000071525574,0.1420000046491623,1.0169999599456787,1776886854.56
0.35499998927116394,0.15199999511241913,1.0190000534057617,1776886854.577
0.3540000021457672,0.16200000047683716,1.0149999856948853,1776886854.603
0.35199999809265137,0.16099999845027924,1.027999997138977,1776886854.614
0.35600000619888306,0.15800000727176666,1.0219999551773071,1776886854.641
0.46000000834465027,0.19099999964237213,0.9860000014305115,1776886855.06
0.40700000524520874,0.11500000208616257,1.1399999856948853,1776886855.074
0.3070000112056732,0.08799999952316284,0.9359999895095825,1776886855.101
0.328000009059906,0.14800000190734863,1.0299999713897705,1776886855.114
0.35100001096725464,0.16200000047683716,1.1019999980926514,1776886855.14
0.38999998569488525,0.13199999928474426,0.9990000128746033,1776886855.562
0.3499999940395355,0.15399999916553497,0.9810000061988831,1776886855.574
0.3700000047683716,0.16099999845027924,1.0230000019073486,1776886855.6
0.3140000104904175,0.16899999976158142,1.0190000534057617,1776886855.616
0.3190000057220459,0.18400000035762787,1.0130000114440918,1776886855.641
0.3540000021457672,0.1120000034570694,1.027999997138977,1776886856.054
0.35600000619888306,0.20999999344348907,1.0160000324249268,1776886856.08
0.36800000071525574,0.19900000095367432,1.0049999952316284,1776886856.096
0.4020000100135803,0.1809999942779541,0.9909999966621399,1776886856.114
0.4059999883174896,0.08799999952316284,1.0460000038146973,1776886856.136
0.3709999918937683,0.21899999678134918,0.9449999928474426,1776886856.577
0.4189999997615814,0.12099999934434891,0.9800000190734863,1776886856.603
0.37299999594688416,0.13500000536441803,1.065999984741211,1776886856.614
0.2720000147819519,0.2150000035762787,0.9850000143051147,1776886856.642
0.3700000047683716,0.19900000095367432,1.0180000066757202,1776886856.657
0.37299999594688416,0.18799999356269836,1.0069999694824219,1776886857.074
0.3140000104904175,0.08699999749660492,1.0850000381469727,1776886857.1
0.30799999833106995,0.19699999690055847,0.9789999723434448,1776886857.119
0.27399998903274536,0.1809999942779541,1.0049999952316284,1776886857.141
0.38499999046325684,0.21199999749660492,1.031999945640564,1776886857.155
0.3499999940395355,0.16899999976158142,1.0160000324249268,1776886857.584
0.35899999737739563,0.16699999570846558,1.0080000162124634,1776886857.595
0.3490000069141388,0.17299999296665192,1.0180000066757202,1776886857.621
0.3370000123977661,0.16599999368190765,1.0230000019073486,1776886857.634
0.35499998927116394,0.17000000178813934,1.0169999599456787,1776886857.656
0.3540000021457672,0.17100000381469727,1.0140000581741333,1776886858.074
0.3499999940395355,0.15299999713897705,1.0199999809265137,1776886858.1
0.35600000619888306,0.17000000178813934,1.0160000324249268,1776886858.114
0.3610000014305115,0.18000000715255737,0.9940000176429749,1776886858.142
0.3540000021457672,0.1550000011920929,1.0130000114440918,1776886858.163
0.2240000069141388,0.3779999911785126,1.0950000286102295,1776886858.575
0.1509999930858612,0.3070000112056732,1.2960000038146973,1776886858.611
-0.04399999976158142,0.3580000102519989,1.190000057220459,1776886858.621
-0.061000000685453415,0.41100001335144043,1.0679999589920044,1776886858.634
0.19900000095367432,0.48500001430511475,1.0470000505447388,1776886858.66
1.2979999780654907,1.0520000457763672,1.309000015258789,1776886859.074
1.2979999780654907,1.0520000457763672,1.309000015258789,1776886859.1
0.3100000023841858,0.375,0.7429999709129333,1776886859.117
0.2540000081062317,0.35199999809265137,0.4699999988079071,1776886859.143
-0.39800000190734863,-0.057999998331069946,0.6740000247955322,1776886859.155
0.6179999709129333,-0.007000000216066837,0.703000009059906,1776886859.576
0.765999972820282,-0.013000000268220901,0.7789999842643738,1776886859.602
0.574999988079071,-0.18199999630451202,0.984000027179718,1776886859.618
0.37599998712539673,-0.1589999943971634,0.9269999861717224,1776886859.634
0.5009999871253967,0.13199999928474426,1.0779999494552612,1776886859.661
0.5260000228881836,0.03400000184774399,0.9440000057220459,1776886860.086
0.5260000228881836,0.03400000184774399,0.9440000057220459,1776886860.097
0.5260000228881836,0.03400000184774399,0.9440000057220459,1776886860.123
0.5260000228881836,0.03400000184774399,0.9440000057220459,1776886860.138
0.5189999938011169,0.029999999329447746,0.9449999928474426,1776886860.154
0.5230000019073486,0.03500000014901161,0.9399999976158142,1776886860.58
0.4830000102519989,0.08500000089406967,1.0230000019073486,1776886860.594
0.43799999356269836,0.3799999952316284,1.1360000371932983,1776886860.621
0.4350000023841858,0.4620000123977661,1.0750000476837158,1776886860.634
0.296999990940094,0.07599999755620956,1.1160000562667847,1776886860.66
0.7720000147819519,0.04800000041723251,0.8569999933242798,1776886861.085
0.6269999742507935,-0.24799999594688416,0.7919999957084656,1776886861.096
0.6269999742507935,-0.24799999594688416,0.7919999957084656,1776886861.121
0.6269999742507935,-0.24799999594688416,0.7919999957084656,1776886861.135
0.8339999914169312,-0.414000004529953,0.8629999756813049,1776886861.175
0.6430000066757202,0.03500000014901161,0.8560000061988831,1776886861.581
0.6460000276565552,0.029999999329447746,0.8539999723434448,1776886861.595
0.6380000114440918,0.027000000700354576,0.8479999899864197,1776886861.622
0.6439999938011169,0.020999999716877937,0.8550000190734863,1776886861.634
0.6389999985694885,0.03999999910593033,0.843999981880188,1776886861.661
0.628000020980835,0.0949999988079071,0.8610000014305115,1776886862.096
0.6830000281333923,0.15700000524520874,0.7739999890327454,1776886862.129
0.6830000281333923,0.15700000524520874,0.7739999890327454,1776886862.153
0.6830000281333923,0.15700000524520874,0.7739999890327454,1776886862.164
0.7020000219345093,0.04500000178813934,0.9179999828338623,1776886862.175
0.5740000009536743,0.05000000074505806,0.652999997138977,1776886862.602
0.703000009059906,0.02199999988079071,0.9459999799728394,1776886862.614
0.42399999499320984,-0.01600000075995922,0.48500001430511475,1776886862.644
0.5479999780654907,0.07199999690055847,0.9670000076293945,1776886862.654
0.5789999961853027,-0.03799999877810478,0.7480000257492065,1776886862.681
0.35499998927116394,-0.08900000154972076,1.090999960899353,1776886863.097
0.3490000069141388,-0.05400000140070915,0.875,1776886863.123
0.3490000069141388,-0.05400000140070915,0.875,1776886863.135
0.3490000069141388,-0.05400000140070915,0.875,1776886863.161
0.3580000102519989,-0.019999999552965164,1.1579999923706055,1776886863.175
0.37299999594688416,0.041999999433755875,1.0169999599456787,1776886863.596
0.3790000081062317,0.01899999938905239,1.0180000066757202,1776886863.622
0.37599998712539673,0.019999999552965164,1.0089999437332153,1776886863.634
0.375,0.05400000140070915,1.0169999599456787,1776886863.662
0.3799999952316284,0.03099999949336052,1.0210000276565552,1776886863.674
0.3959999978542328,0.04699999839067459,1.0219999551773071,1776886864.1
0.3720000088214874,0.04899999871850014,1.0169999599456787,1776886864.115
0.3779999911785126,0.029999999329447746,1.0190000534057617,1776886864.142
0.375,0.03400000184774399,1.0160000324249268,1776886864.155
0.37299999594688416,0.041999999433755875,1.0069999694824219,1776886864.18
0.38199999928474426,0.03700000047683716,1.0180000066757202,1776886864.603
0.367000013589859,0.039000000804662704,1.0199999809265137,1776886864.614
0.38199999928474426,0.03400000184774399,1.0169999599456787,1776886864.64
0.37599998712539673,0.03099999949336052,1.0169999599456787,1776886864.655
0.37700000405311584,0.03700000047683716,1.0190000534057617,1776886864.681
0.3790000081062317,0.032999999821186066,1.0199999809265137,1776886865.115
0.3790000081062317,0.03700000047683716,1.0140000581741333,1776886865.14
0.37700000405311584,0.03700000047683716,1.0210000276565552,1776886865.156
0.3779999911785126,0.03400000184774399,1.0180000066757202,1776886865.182
0.3790000081062317,0.035999998450279236,1.0190000534057617,1776886865.197
0.3799999952316284,0.06199999898672104,0.984000027179718,1776886865.615
0.42100000381469727,-0.04100000113248825,1.0609999895095825,1776886865.641
0.3790000081062317,-0.017999999225139618,1.027999997138977,1776886865.655
0.36899998784065247,0.10999999940395355,1.027999997138977,1776886865.681
0.4020000100135803,0.032999999821186066,0.9919999837875366,1776886865.698
0.45899999141693115,0.05900000035762787,0.9779999852180481,1776886866.115
0.3619999885559082,0.11100000143051147,0.9490000009536743,1776886866.135
0.3779999911785126,0.15000000596046448,0.9919999837875366,1776886866.161
0.4050000011920929,0.08699999749660492,0.9869999885559082,1776886866.176
0.38499999046325684,0.05299999937415123,1.0089999437332153,1776886866.195
0.38600000739097595,0.026000000536441803,1.0140000581741333,1776886866.616
0.3880000114440918,0.03799999877810478,1.0119999647140503,1776886866.641
0.3919999897480011,0.04100000113248825,1.0160000324249268,1776886866.655
0.38499999046325684,0.03799999877810478,1.0149999856948853,1776886866.681
0.38100001215934753,0.03500000014901161,1.0149999856948853,1776886866.695
0.3840000033378601,0.039000000804662704,1.0160000324249268,1776886867.12
0.38199999928474426,0.035999998450279236,1.0149999856948853,1776886867.135
0.38199999928474426,0.03799999877810478,1.0130000114440918,1776886867.162
0.38600000739097595,0.035999998450279236,1.0160000324249268,1776886867.175
0.3840000033378601,0.03400000184774399,1.0080000162124634,1776886867.203
0.3840000033378601,0.03799999877810478,1.0190000534057617,1776886867.624
0.382999986410141,0.03700000047683716,1.0169999599456787,1776886867.635
0.38499999046325684,0.035999998450279236,1.0119999647140503,1776886867.661
0.3889999985694885,0.035999998450279236,1.0140000581741333,1776886867.675
0.382999986410141,0.03700000047683716,1.0160000324249268,1776886867.698
0.4580000042915344,-0.006000000052154064,1.0490000247955322,1776886868.115
0.3440000116825104,-0.023000000044703484,1.0080000162124634,1776886868.143
0.34200000762939453,-0.03799999877810478,1.0410000085830688,1776886868.155
0.44600000977516174,-0.05000000074505806,1.0299999713897705,1776886868.181
0.44699999690055847,-0.03099999949336052,0.9739999771118164,1776886868.195
0.3889999985694885,0.05000000074505806,1.0119999647140503,1776886868.622
0.4359999895095825,0.06499999761581421,1.031999945640564,1776886868.635
0.40799999237060547,0.05299999937415123,0.9539999961853027,1776886868.661
0.41100001335144043,0.06400000303983688,1.0399999618530273,1776886868.675
0.39899998903274536,0.2720000147819519,1.0490000247955322,1776886868.701
0.6700000166893005,0.07400000095367432,1.1859999895095825,1776886869.12
0.49399998784065247,-0.020999999716877937,1.062000036239624,1776886869.136
0.5899999737739563,-0.04899999871850014,1.0160000324249268,1776886869.162
0.3240000009536743,0.08399999886751175,0.7689999938011169,1776886869.175
0.7089999914169312,0.08299999684095383,0.9160000085830688,1776886869.2
-0.3720000088214874,0.02199999988079071,1.0219999551773071,1776886869.62
0.00800000037997961,0.25600001215934753,1.0609999895095825,1776886869.635
0.1550000011920929,0.5070000290870667,1.3619999885559082,1776886869.655
-0.0729999989271164,0.14300000667572021,0.8799999952316284,1776886869.68
-0.25600001215934753,-0.05900000035762787,0.7590000033378601,1776886869.697
-0.03400000184774399,0.03099999949336052,1.1030000448226929,1776886870.115
-0.014000000432133675,0.029999999329447746,1.093999981880188,1776886870.141
-0.00800000037997961,0.03500000014901161,1.097000002861023,1776886870.155
-0.026000000536441803,0.03999999910593033,1.093999981880188,1776886870.181
-0.026000000536441803,0.03500000014901161,1.100000023841858,1776886870.195
-0.009999999776482582,0.032999999821186066,1.093000054359436,1776886870.615
-0.01899999938905239,0.03400000184774399,1.0950000286102295,1776886870.641
-0.01600000075995922,0.028999999165534973,1.100000023841858,1776886870.656
-0.014999999664723873,0.03500000014901161,1.100000023841858,1776886870.682
-0.014999999664723873,0.03400000184774399,1.0959999561309814,1776886870.695
-0.013000000268220901,0.032999999821186066,1.1050000190734863,1776886871.115
-0.020999999716877937,0.032999999821186066,1.0959999561309814,1776886871.14
-0.017000000923871994,0.032999999821186066,1.1030000448226929,1776886871.155
-0.014999999664723873,0.03500000014901161,1.0980000495910645,1776886871.181
-0.01899999938905239,0.026000000536441803,1.093000054359436,1776886871.199
0.00800000037997961,-0.04100000113248825,1.1269999742507935,1776886871.617
-0.050999999046325684,-0.07599999755620956,1.093999981880188,1776886871.643
-0.02199999988079071,-0.10599999874830246,1.0490000247955322,1776886871.655
-0.03400000184774399,-0.05400000140070915,1.1169999837875366,1776886871.681
0.032999999821186066,-0.08299999684095383,1.1139999628067017,1776886871.696
0.08100000023841858,0.08399999886751175,1.0670000314712524,1776886872.141
-0.0010000000474974513,0.06400000303983688,1.034000039100647,1776886872.156
-0.029999999329447746,0.023000000044703484,1.1699999570846558,1776886872.176
-0.08500000089406967,0.03200000151991844,1.0180000066757202,1776886872.202
-0.04699999839067459,0.08799999952316284,1.1790000200271606,1776886872.215
-0.010999999940395355,-0.007000000216066837,1.0980000495910645,1776886872.615
-0.010999999940395355,0.05999999865889549,1.1460000276565552,1776886872.64
-0.13300000131130219,-0.0010000000474974513,1.1510000228881836,1776886872.655
-0.035999998450279236,0.16699999570846558,0.9340000152587891,1776886872.682
-0.17900000512599945,0.009999999776482582,1.2400000095367432,1776886872.695
-0.03200000151991844,0.16099999845027924,1.055999994277954,1776886873.121
-0.014000000432133675,0.10300000011920929,1.180999994277954,1776886873.143
0.003000000026077032,0.14499999582767487,1.0490000247955322,1776886873.155
-0.04899999871850014,0.16500000655651093,1.0880000591278076,1776886873.181
-0.024000000208616257,0.22200000286102295,1.1039999723434448,1776886873.197
-0.020999999716877937,0.0560000017285347,1.0920000076293945,1776886873.635
-0.012000000104308128,0.07500000298023224,1.093999981880188,1776886873.661
-0.010999999940395355,0.04699999839067459,1.1009999513626099,1776886873.675
-0.04899999871850014,0.10100000351667404,1.090000033378601,1776886873.701
0.010999999940395355,0.09700000286102295,1.1230000257492065,1776886873.719
0.08399999886751175,0.15700000524520874,1.0829999446868896,1776886874.135
-0.004999999888241291,0.0820000022649765,1.0140000581741333,1776886874.162
0.02199999988079071,0.05000000074505806,1.2269999980926514,1776886874.176
-0.07599999755620956,0.061000000685453415,1.0609999895095825,1776886874.201
0.0,0.057999998331069946,1.218000054359436,1776886874.215
-0.1679999977350235,-0.04100000113248825,1.4930000305175781,1776886874.635
-0.01899999938905239,-0.004000000189989805,0.9739999771118164,1776886874.661
0.014000000432133675,0.05700000002980232,1.5399999618530273,1776886874.675
-0.2460000067949295,-0.04100000113248825,1.1540000438690186,1776886874.701
0.1080000028014183,0.22200000286102295,0.7200000286102295,1776886874.715
0.003000000026077032,-0.2919999957084656,1.062000036239624,1776886875.136
0.06800000369548798,0.10400000214576721,1.1549999713897705,1776886875.163
-0.11900000274181366,0.06199999898672104,1.1399999856948853,1776886875.18
-0.08699999749660492,0.04500000178813934,1.034000039100647,1776886875.195
0.024000000208616257,0.07900000363588333,1.128000020980835,1776886875.22
-0.028999999165534973,0.03500000014901161,1.0989999771118164,1776886875.635
-0.024000000208616257,0.035999998450279236,1.0950000286102295,1776886875.661
-0.01899999938905239,0.03799999877810478,1.0980000495910645,1776886875.675
-0.02500000037252903,0.032999999821186066,1.090999960899353,1776886875.704
-0.03099999949336052,0.032999999821186066,1.100000023841858,1776886875.715
-0.02500000037252903,0.039000000804662704,1.0889999866485596,1776886876.135
-0.027000000700354576,0.04600000008940697,1.090000033378601,1776886876.161
-0.023000000044703484,0.02500000037252903,1.0989999771118164,1776886876.176
-0.03999999910593033,0.02800000086426735,1.100000023841858,1776886876.202
-0.020999999716877937,0.04500000178813934,1.0959999561309814,1776886876.218
-0.0010000000474974513,0.6169999837875366,0.8769999742507935,1776886876.643
-0.15199999511241913,0.503000020980835,0.8849999904632568,1776886876.658
-0.1289999932050705,0.5120000243186951,0.843999981880188,1776886876.675
-0.04899999871850014,0.5979999899864197,0.8519999980926514,1776886876.701
-0.0010000000474974513,0.5350000262260437,0.8669999837875366,1776886876.722
0.746999979019165,0.9369999766349792,1.1749999523162842,1776886877.143
0.20600000023841858,-0.05000000074505806,0.1459999978542328,1776886877.155
-0.007000000216066837,0.25999999046325684,0.13600000739097595,1776886877.175
-0.3490000069141388,1.5449999570846558,1.8359999656677246,1776886877.201
-0.019999999552965164,0.11800000071525574,0.8769999742507935,1776886877.216
0.13600000739097595,0.5960000157356262,0.8640000224113464,1776886877.635
0.10400000214576721,0.6629999876022339,0.9959999918937683,1776886877.661
-0.4399999976158142,0.453000009059906,0.8050000071525574,1776886877.676
0.04699999839067459,0.39800000190734863,1.0750000476837158,1776886877.702
-0.10400000214576721,0.5370000004768372,1.0190000534057617,1776886877.715
-0.03799999877810478,0.5099999904632568,0.9789999723434448,1776886878.161
-0.035999998450279236,0.5070000290870667,0.9750000238418579,1776886878.177
-0.027000000700354576,0.5170000195503235,0.9750000238418579,1776886878.195
-0.03400000184774399,0.5139999985694885,0.9769999980926514,1776886878.222
-0.04100000113248825,0.5130000114440918,0.972000002861023,1776886878.235
-0.14499999582767487,0.6129999756813049,0.6759999990463257,1776886878.656
-0.32199999690055847,0.7149999737739563,1.569000005722046,1776886878.681
-0.21299999952316284,0.3659999966621399,0.875,1776886878.695
0.03400000184774399,0.20499999821186066,0.8730000257492065,1776886878.723
0.25099998712539673,0.9509999752044678,0.953000009059906,1776886878.736
0.032999999821186066,1.3960000276565552,1.9129999876022339,1776886879.155
-0.020999999716877937,0.5260000228881836,1.3320000171661377,1776886879.181
-0.1889999955892563,0.003000000026077032,0.14300000667572021,1776886879.199
0.0010000000474974513,1.003999948501587,1.4869999885559082,1776886879.218
0.09099999815225601,0.8309999704360962,1.0570000410079956,1776886879.235
-0.02199999988079071,0.9340000152587891,1.2869999408721924,1776886879.655
-0.17399999499320984,0.3700000047683716,0.7590000033378601,1776886879.682
-0.17000000178813934,0.2290000021457672,0.4320000112056732,1776886879.696
-0.16699999570846558,0.19099999964237213,0.20900000631809235,1776886879.722
0.36000001430511475,1.24399995803833,1.7920000553131104,1776886879.735
-0.11699999868869781,0.6370000243186951,0.8069999814033508,1776886880.155
-0.003000000026077032,0.8970000147819519,0.859000027179718,1776886880.175
-0.00800000037997961,0.27900001406669617,0.47099998593330383,1776886880.201
-0.0949999988079071,0.5989999771118164,1.1699999570846558,1776886880.216
-0.2709999978542328,0.8889999985694885,1.187999963760376,1776886880.241
-0.07199999690055847,0.5490000247955322,0.9309999942779541,1776886880.656
-0.026000000536441803,0.49000000953674316,1.0410000085830688,1776886880.682
-0.017999999225139618,0.3779999911785126,1.0509999990463257,1776886880.695
-0.1720000058412552,0.5339999794960022,0.9700000286102295,1776886880.721
0.07199999690055847,0.5669999718666077,0.8679999709129333,1776886880.736
0.6759999990463257,-0.15299999713897705,-1.9160000085830688,1776886881.155
0.6679999828338623,-0.4230000078678131,0.7639999985694885,1776886881.182
0.08100000023841858,-0.12399999797344208,0.1509999930858612,1776886881.206
-0.03700000047683716,-0.6110000014305115,0.8790000081062317,1776886881.218
0.1979999989271164,-0.5770000219345093,1.2710000276565552,1776886881.244
-0.041999999433755875,0.1379999965429306,1.0290000438690186,1776886881.655
-0.0010000000474974513,0.027000000700354576,1.1150000095367432,1776886881.681
-0.017999999225139618,0.04399999976158142,1.100000023841858,1776886881.696
0.024000000208616257,0.08100000023841858,1.097000002861023,1776886881.721
-0.08299999684095383,0.1120000034570694,1.1890000104904175,1776886881.735
-0.06800000369548798,0.2460000067949295,1.0230000019073486,1776886882.157
-0.08500000089406967,0.21899999678134918,1.2009999752044678,1776886882.183
-0.008999999612569809,0.09200000017881393,1.0190000534057617,1776886882.195
0.0989999994635582,0.24500000476837158,1.2309999465942383,1776886882.222
0.014999999664723873,0.1889999955892563,1.0809999704360962,1776886882.235
-0.014000000432133675,0.08100000023841858,1.097000002861023,1776886882.658
-0.027000000700354576,0.009999999776482582,1.0989999771118164,1776886882.683
-0.0010000000474974513,0.035999998450279236,1.100000023841858,1776886882.695
-0.014999999664723873,0.04800000041723251,1.1009999513626099,1776886882.721
-0.02500000037252903,0.052000001072883606,1.0870000123977661,1776886882.736
-0.010999999940395355,0.10700000077486038,1.0720000267028809,1776886883.162
-0.04899999871850014,0.0860000029206276,1.0950000286102295,1776886883.175
-0.04899999871850014,0.0860000029206276,1.0950000286102295,1776886883.201
-0.04899999871850014,0.0860000029206276,1.0950000286102295,1776886883.218
-0.027000000700354576,0.1420000046491623,1.0889999866485596,1776886883.235
0.06199999898672104,0.06300000101327896,1.1829999685287476,1776886883.655
-0.02500000037252903,0.06599999964237213,1.2029999494552612,1776886883.683
-0.10100000351667404,0.10100000351667404,0.9750000238418579,1776886883.697
-0.09300000220537186,0.050999999046325684,1.0989999771118164,1776886883.723
-0.06499999761581421,0.07900000363588333,1.13100004196167,1776886883.735
-0.08299999684095383,0.05400000140070915,1.2519999742507935,1776886884.176
-0.08299999684095383,0.05400000140070915,1.2519999742507935,1776886884.207
-0.08299999684095383,0.05400000140070915,1.2519999742507935,1776886884.218
-0.08299999684095383,0.05400000140070915,1.2519999742507935,1776886884.243
-0.1289999932050705,0.07000000029802322,1.0160000324249268,1776886884.257
-0.023000000044703484,0.008999999612569809,1.1480000019073486,1776886884.675
-0.16200000047683716,0.07599999755620956,1.062999963760376,1776886884.701
0.0560000017285347,0.03400000184774399,1.2799999713897705,1776886884.717
0.47999998927116394,-1.8910000324249268,1.2680000066757202,1776886884.742
0.2879999876022339,-1.3009999990463257,0.8679999709129333,1776886884.755
-0.023000000044703484,0.5220000147819519,0.7979999780654907,1776886885.195
-0.023000000044703484,0.5220000147819519,0.7979999780654907,1776886885.221
-0.023000000044703484,0.5220000147819519,0.7979999780654907,1776886885.235
-0.05400000140070915,0.3400000035762787,0.8069999814033508,1776886885.263
-0.03400000184774399,0.4259999990463257,-1.9160000085830688,1776886885.275
-0.13699999451637268,0.7379999756813049,1.031999945640564,1776886885.684
0.05900000035762787,0.3449999988079071,1.0499999523162842,1776886885.697
-0.08500000089406967,0.3140000104904175,0.8090000152587891,1776886885.722
0.023000000044703484,0.7860000133514404,1.0850000381469727,1776886885.735
-0.08699999749660492,0.4779999852180481,1.093000054359436,1776886885.761
-0.12800000607967377,0.35899999737739563,1.190999984741211,1776886886.195
-0.12800000607967377,0.35899999737739563,1.190999984741211,1776886886.222
-0.12800000607967377,0.35899999737739563,1.190999984741211,1776886886.235
-0.08799999952316284,0.8230000138282776,1.0959999561309814,1776886886.264
0.04899999871850014,0.7039999961853027,1.065999984741211,1776886886.275
0.12600000202655792,0.1770000010728836,0.8149999976158142,1776886886.695
0.012000000104308128,0.3149999976158142,0.7910000085830688,1776886886.721
-0.421999990940094,0.9929999709129333,1.6139999628067017,1776886886.735
-0.20999999344348907,0.5139999985694885,1.0049999952316284,1776886886.761
-0.09399999678134918,0.3059999942779541,0.8629999756813049,1776886886.775
-0.10599999874830246,1.034000039100647,1.7170000076293945,1776886887.195
-0.0689999982714653,0.20499999821186066,0.6809999942779541,1776886887.216
-0.0689999982714653,0.20499999821186066,0.6809999942779541,1776886887.242
-0.0689999982714653,0.20499999821186066,0.6809999942779541,1776886887.262
0.03400000184774399,1.0720000267028809,1.4390000104904175,1776886887.279
-0.09700000286102295,0.5730000138282776,0.722000002861023,1776886887.696
-0.07100000232458115,0.36000001430511475,1.1130000352859497,1776886887.723
0.017000000923871994,0.4620000123977661,0.878000020980835,1776886887.735
-0.23800000548362732,0.5009999871253967,1.100000023841858,1776886887.761
0.03700000047683716,0.45399999618530273,1.1050000190734863,1776886887.777
0.18400000035762787,0.257999986410141,1.1180000305175781,1776886888.195
-0.008999999612569809,0.2930000126361847,0.8429999947547913,1776886888.222
-0.008999999612569809,0.2930000126361847,0.8429999947547913,1776886888.245
-0.008999999612569809,0.2930000126361847,0.8429999947547913,1776886888.258
0.20000000298023224,0.5019999742507935,0.7580000162124634,1776886888.283
-0.25200000405311584,0.36500000953674316,0.5730000138282776,1776886888.696
0.019999999552965164,0.5460000038146973,0.9829999804496765,1776886888.722
0.09600000083446503,0.27000001072883606,0.5440000295639038,1776886888.736
0.003000000026077032,0.20100000500679016,0.9559999704360962,1776886888.755
-0.44200000166893005,1.0800000429153442,1.5429999828338623,1776886888.781
0.10700000077486038,0.32600000500679016,1.1510000228881836,1776886889.215
0.05299999937415123,0.14300000667572021,0.4790000021457672,1776886889.242
-0.03799999877810478,1.1180000305175781,1.1449999809265137,1776886889.255
-0.026000000536441803,0.46799999475479126,1.3769999742507935,1776886889.283
0.05900000035762787,0.20000000298023224,0.6949999928474426,1776886889.296
0.07199999690055847,0.2840000092983246,0.4819999933242798,1776886889.701
0.028999999165534973,0.41499999165534973,0.33799999952316284,1776886889.715
0.07699999958276749,0.4580000042915344,0.7639999985694885,1776886889.742
-0.01899999938905239,0.44600000977516174,0.6140000224113464,1776886889.759
-0.01899999938905239,0.44600000977516174,0.6140000224113464,1776886889.776
-0.008999999612569809,0.04899999871850014,1.3990000486373901,1776886890.215
-0.012000000104308128,0.032999999821186066,0.7020000219345093,1776886890.241
-0.04800000041723251,0.1080000028014183,1.3389999866485596,1776886890.26
-0.1080000028014183,0.07199999690055847,1.2070000171661377,1776886890.276
-0.12300000339746475,0.03400000184774399,1.0410000085830688,1776886890.296
-0.09700000286102295,0.04500000178813934,1.0449999570846558,1776886890.719
0.004999999888241291,0.010999999940395355,0.7059999704360962,1776886890.746
-0.03999999910593033,0.04899999871850014,1.3589999675750732,1776886890.756
0.028999999165534973,0.06599999964237213,0.8489999771118164,1776886890.782
0.028999999165534973,0.06599999964237213,0.8489999771118164,1776886890.796
-0.02500000037252903,0.17000000178813934,1.1979999542236328,1776886891.215
-0.020999999716877937,0.0689999982714653,1.1779999732971191,1776886891.241
0.01899999938905239,0.18000000715255737,0.9929999709129333,1776886891.255
-0.029999999329447746,0.11500000208616257,1.1369999647140503,1776886891.282
-0.05000000074505806,0.12300000339746475,1.2289999723434448,1776886891.296
-0.004000000189989805,0.03099999949336052,1.1059999465942383,1776886891.715
-0.017000000923871994,0.03500000014901161,1.0959999561309814,1776886891.743
-0.024000000208616257,0.0010000000474974513,1.0829999446868896,1776886891.763
-0.004999999888241291,0.05999999865889549,1.1030000448226929,1776886891.776
-0.004999999888241291,0.05999999865889549,1.1030000448226929,1776886891.802
-0.10599999874830246,0.024000000208616257,1.1399999856948853,1776886892.221
0.11100000143051147,0.25200000405311584,0.9240000247955322,1776886892.235
-0.14100000262260437,-0.0689999982714653,1.468999981880188,1776886892.261
0.07599999755620956,0.09300000220537186,0.5649999976158142,1776886892.275
0.019999999552965164,0.12099999934434891,1.093000054359436,1776886892.302
-0.013000000268220901,0.10000000149011612,1.1330000162124634,1776886892.715
-0.02500000037252903,0.13199999928474426,1.0920000076293945,1776886892.736
-0.02199999988079071,0.13899999856948853,1.0779999494552612,1776886892.762
-0.0020000000949949026,0.17100000381469727,1.1109999418258667,1776886892.775
0.0,0.16500000655651093,1.0740000009536743,1776886892.801
-0.019999999552965164,0.04600000008940697,1.0950000286102295,1776886893.216
-0.01600000075995922,0.04100000113248825,1.0920000076293945,1776886893.245
-0.017000000923871994,0.03799999877810478,1.097000002861023,1776886893.256
-0.01600000075995922,0.039000000804662704,1.0950000286102295,1776886893.282
-0.019999999552965164,0.07900000363588333,1.090999960899353,1776886893.297
0.032999999821186066,0.09700000286102295,1.0379999876022339,1776886893.722
-0.09600000083446503,0.06499999761581421,1.100000023841858,1776886893.735
-0.07800000160932541,0.08799999952316284,1.0429999828338623,1776886893.761
0.08100000023841858,0.03099999949336052,1.0670000314712524,1776886893.781
0.01600000075995922,0.07100000232458115,1.0609999895095825,1776886893.795
-0.010999999940395355,0.054999999701976776,1.1019999980926514,1776886894.216
0.07999999821186066,0.0820000022649765,1.1799999475479126,1776886894.242
-0.10999999940395355,0.032999999821186066,1.0759999752044678,1776886894.256
-0.14399999380111694,0.054999999701976776,1.1549999713897705,1776886894.282
0.01600000075995922,0.04699999839067459,1.1369999647140503,1776886894.295
-0.027000000700354576,0.023000000044703484,1.0880000591278076,1776886894.721
-0.017000000923871994,0.05900000035762787,1.0880000591278076,1776886894.736
-0.014999999664723873,0.05999999865889549,1.093000054359436,1776886894.762
-0.027000000700354576,0.054999999701976776,1.0880000591278076,1776886894.776
-0.03500000014901161,0.054999999701976776,1.093000054359436,1776886894.802
-0.00800000037997961,0.02500000037252903,1.1360000371932983,1776886895.216
0.039000000804662704,0.09600000083446503,1.034999966621399,1776886895.242
-0.09700000286102295,-0.06499999761581421,1.093000054359436,1776886895.255
-0.010999999940395355,0.019999999552965164,1.0750000476837158,1776886895.279
0.026000000536441803,0.057999998331069946,1.1019999980926514,1776886895.296
0.07199999690055847,0.10999999940395355,0.8550000190734863,1776886895.716
-0.16699999570846558,-0.13300000131130219,1.277999997138977,1776886895.744
-0.03400000184774399,-0.02199999988079071,0.9279999732971191,1776886895.755
0.09799999743700027,0.19499999284744263,0.9620000123977661,1776886895.781
-0.17900000512599945,-0.08500000089406967,1.090000033378601,1776886895.795
-0.12800000607967377,-0.029999999329447746,0.968999981880188,1776886896.241
-0.014999999664723873,0.06599999964237213,0.8069999814033508,1776886896.256
-0.006000000052154064,0.12399999797344208,1.2699999809265137,1776886896.283
0.02500000037252903,0.11299999803304672,0.7459999918937683,1776886896.295
0.10899999737739563,0.0,1.4819999933242798,1776886896.321
0.017000000923871994,0.11699999868869781,1.2039999961853027,1776886896.736
0.05700000002980232,0.04399999976158142,1.0429999828338623,1776886896.756
-0.03099999949336052,0.013000000268220901,1.1480000019073486,1776886896.782
-0.029999999329447746,0.013000000268220901,1.0839999914169312,1776886896.799
-0.020999999716877937,0.006000000052154064,1.1080000400543213,1776886896.816
-0.05400000140070915,0.19300000369548798,0.9710000157356262,1776886897.243
-0.06599999964237213,0.15600000321865082,1.1629999876022339,1776886897.255
0.061000000685453415,0.1509999930858612,1.0709999799728394,1776886897.281
0.12999999523162842,0.12600000202655792,1.2089999914169312,1776886897.296
-0.14800000190734863,0.08900000154972076,1.1690000295639038,1776886897.323
0.02800000086426735,0.050999999046325684,1.2649999856948853,1776886897.744
-0.03500000014901161,0.09000000357627869,1.0520000457763672,1776886897.759
-0.11999999731779099,0.05999999865889549,1.187000036239624,1776886897.775
0.05999999865889549,0.032999999821186066,1.1950000524520874,1776886897.801
0.17100000381469727,0.01899999938905239,1.0049999952316284,1776886897.815
0.09300000220537186,0.04600000008940697,1.0369999408721924,1776886898.241
0.035999998450279236,-0.004999999888241291,0.9850000143051147,1776886898.257
-0.08299999684095383,0.04800000041723251,1.0829999446868896,1776886898.275
-0.09200000017881393,0.023000000044703484,1.0230000019073486,1776886898.304
-0.12099999934434891,0.0949999988079071,0.9390000104904175,1776886898.319
-0.06700000166893005,0.019999999552965164,1.0329999923706055,1776886898.737
0.017999999225139618,0.08399999886751175,1.0049999952316284,1776886898.763
-0.014000000432133675,0.029999999329447746,1.1030000448226929,1776886898.775
0.04600000008940697,0.03099999949336052,1.1629999876022339,1776886898.801
-0.01600000075995922,0.08500000089406967,1.1069999933242798,1776886898.816
-0.00800000037997961,0.027000000700354576,1.0779999494552612,1776886899.242
-0.07999999821186066,0.05299999937415123,1.0839999914169312,1776886899.255
0.004000000189989805,0.041999999433755875,1.0529999732971191,1776886899.282
-0.08699999749660492,0.035999998450279236,1.1230000257492065,1776886899.298
0.10300000011920929,0.0820000022649765,1.0579999685287476,1776886899.324
0.05400000140070915,-0.012000000104308128,1.128999948501587,1776886899.735
-0.07400000095367432,0.0560000017285347,1.5149999856948853,1776886899.762
0.07400000095367432,0.09000000357627869,0.7239999771118164,1776886899.776
-0.18799999356269836,0.013000000268220901,1.3530000448226929,1776886899.802
0.17000000178813934,0.2759999930858612,1.031999945640564,1776886899.815
-0.04500000178813934,0.03799999877810478,0.9890000224113464,1776886900.242
0.06400000303983688,0.08900000154972076,1.1260000467300415,1776886900.256
0.024000000208616257,0.017000000923871994,1.1549999713897705,1776886900.281
-0.023000000044703484,0.032999999821186066,1.0449999570846558,1776886900.295
-0.03099999949336052,-0.003000000026077032,1.090000033378601,1776886900.322
-0.0560000017285347,0.007000000216066837,1.0570000410079956,1776886900.736
0.07199999690055847,0.06499999761581421,1.1749999523162842,1776886900.762
0.009999999776482582,0.0,1.1690000295639038,1776886900.775
-0.08299999684095383,0.041999999433755875,1.0269999504089355,1776886900.801
-0.017000000923871994,0.04699999839067459,0.9649999737739563,1776886900.816
-0.0010000000474974513,0.032999999821186066,1.0729999542236328,1776886901.261
-0.05999999865889549,0.017999999225139618,1.1269999742507935,1776886901.276
-0.02199999988079071,0.04500000178813934,1.1100000143051147,1776886901.298
-0.009999999776482582,0.04100000113248825,1.031999945640564,1776886901.324
-0.028999999165534973,-0.010999999940395355,1.0750000476837158,1776886901.335
0.057999998331069946,0.006000000052154064,1.0670000314712524,1776886901.761
-0.017999999225139618,0.041999999433755875,1.0570000410079956,1776886901.779
-0.10199999809265137,0.09200000017881393,1.093000054359436,1776886901.795
-0.06800000369548798,0.05299999937415123,1.0499999523162842,1776886901.821
-0.08799999952316284,0.03999999910593033,1.0399999618530273,1776886901.836
-0.013000000268220901,0.027000000700354576,0.9300000071525574,1776886902.256
-0.012000000104308128,0.0560000017285347,1.0140000581741333,1776886902.282
-0.14900000393390656,0.12300000339746475,1.1660000085830688,1776886902.295
0.039000000804662704,-0.02800000086426735,1.1640000343322754,1776886902.323
-0.0820000022649765,0.12800000607967377,0.9279999732971191,1776886902.338
-0.03099999949336052,0.07599999755620956,1.3539999723434448,1776886902.738
0.006000000052154064,-0.00800000037997961,0.7910000085830688,1776886902.758
-0.08399999886751175,0.08699999749660492,1.1720000505447388,1776886902.776
-0.1720000058412552,0.12600000202655792,1.003999948501587,1776886902.803
0.05700000002980232,-0.04600000008940697,1.2929999828338623,1776886902.816
-0.04399999976158142,0.03700000047683716,1.406999945640564,1776886903.261
-0.06800000369548798,0.03500000014901161,1.0,1776886903.282
-0.041999999433755875,0.054999999701976776,1.468000054359436,1776886903.297
-0.09200000017881393,0.14100000262260437,1.1130000352859497,1776886903.322
-0.07500000298023224,-0.07900000363588333,0.8849999904632568,1776886903.336
0.19499999284744263,-0.1459999978542328,0.8980000019073486,1776886903.761
-0.2639999985694885,0.25999999046325684,1.2489999532699585,1776886903.778
-0.16099999845027924,0.10100000351667404,1.1160000562667847,1776886903.795
0.16899999976158142,-0.1720000058412552,0.9850000143051147,1776886903.821
-0.3319999873638153,0.33399999141693115,1.055999994277954,1776886903.836
-0.12399999797344208,0.15800000727176666,1.1549999713897705,1776886904.257
0.14399999380111694,-0.1679999977350235,0.921999990940094,1776886904.282
0.0689999982714653,-0.07000000029802322,0.9829999804496765,1776886904.295
-0.08399999886751175,0.125,1.375,1776886904.321
0.05999999865889549,-0.09300000220537186,0.8349999785423279,1776886904.337
0.1899999976158142,-0.1809999942779541,0.9810000061988831,1776886904.756
-0.2070000022649765,0.210999995470047,1.194000005722046,1776886904.781
-0.03799999877810478,0.10300000011920929,1.5750000476837158,1776886904.799
0.10000000149011612,-0.01899999938905239,0.8339999914169312,1776886904.817
-0.1459999978542328,0.07199999690055847,1.496000051498413,1776886904.843
-0.06700000166893005,0.09200000017881393,1.1820000410079956,1776886905.256
-0.010999999940395355,0.03700000047683716,0.9010000228881836,1776886905.282
-0.052000001072883606,0.05999999865889549,0.9570000171661377,1776886905.296
-0.07599999755620956,0.09799999743700027,1.1779999732971191,1776886905.322
-0.12800000607967377,0.10199999809265137,0.8230000138282776,1776886905.336
-0.050999999046325684,0.029999999329447746,1.0839999914169312,1776886905.756
-0.03799999877810478,0.07999999821186066,1.1050000190734863,1776886905.782
0.009999999776482582,-0.020999999716877937,1.0240000486373901,1776886905.796
0.03400000184774399,0.03700000047683716,1.024999976158142,1776886905.822
0.04899999871850014,0.0689999982714653,1.0740000009536743,1776886905.838
-0.039000000804662704,-0.039000000804662704,1.1200000047683716,1776886906.256
-0.009999999776482582,0.04899999871850014,0.9869999885559082,1776886906.282
0.05999999865889549,0.09200000017881393,1.0219999551773071,1776886906.297
-0.039000000804662704,0.03200000151991844,1.1330000162124634,1776886906.323
-0.0860000029206276,0.013000000268220901,1.0880000591278076,1776886906.336
0.006000000052154064,0.07400000095367432,1.159000039100647,1776886906.756
0.06400000303983688,0.04500000178813934,1.0750000476837158,1776886906.782
-0.01600000075995922,0.04800000041723251,1.0920000076293945,1776886906.8
-0.05999999865889549,0.0689999982714653,1.0570000410079956,1776886906.816
-0.02800000086426735,0.03200000151991844,1.159999966621399,1776886906.843
-0.02800000086426735,0.04899999871850014,1.1030000448226929,1776886907.256
-0.0560000017285347,0.14300000667572021,1.069000005722046,1776886907.283
-0.03200000151991844,0.14900000393390656,1.1030000448226929,1776886907.302
-0.017999999225139618,0.17800000309944153,1.1069999933242798,1776886907.316
-0.050999999046325684,0.052000001072883606,1.1200000047683716,1776886907.341
-0.0560000017285347,0.07900000363588333,1.100000023841858,1776886907.761
-0.03799999877810478,0.06700000166893005,1.0989999771118164,1776886907.776
-0.04699999839067459,0.06599999964237213,1.0950000286102295,1776886907.802
-0.03799999877810478,0.05900000035762787,1.1100000143051147,1776886907.816
-0.03799999877810478,0.06700000166893005,1.093000054359436,1776886907.842
-0.16200000047683716,-0.009999999776482582,1.309000015258789,1776886908.256
-0.027000000700354576,0.012000000104308128,0.9290000200271606,1776886908.281
-0.017000000923871994,0.06499999761581421,1.024999976158142,1776886908.296
-0.029999999329447746,0.17900000512599945,1.0140000581741333,1776886908.322
-0.054999999701976776,0.15800000727176666,1.1150000095367432,1776886908.336
-0.05900000035762787,0.2280000001192093,1.184000015258789,1776886908.762
-0.07999999821186066,0.20800000429153442,1.128000020980835,1776886908.776
-0.0989999994635582,0.26100000739097595,1.159000039100647,1776886908.801
-0.02800000086426735,0.25200000405311584,1.1180000305175781,1776886908.817
0.014000000432133675,0.2720000147819519,1.0980000495910645,1776886908.843
-0.012000000104308128,0.1979999989271164,0.9660000205039978,1776886909.256
0.023000000044703484,0.1679999977350235,1.059999942779541,1776886909.283
0.06499999761581421,0.1289999932050705,1.1460000276565552,1776886909.298
0.07699999958276749,0.06199999898672104,1.1369999647140503,1776886909.325
0.050999999046325684,-0.026000000536441803,1.1009999513626099,1776886909.336
0.0010000000474974513,0.0729999989271164,1.1050000190734863,1776886910.282
-0.01600000075995922,0.061000000685453415,1.0959999561309814,1776886910.296
-0.019999999552965164,0.04699999839067459,1.1019999980926514,1776886910.322
-0.017000000923871994,0.020999999716877937,1.100000023841858,1776886910.336
-0.009999999776482582,0.03999999910593033,1.0800000429153442,1776886910.361
-0.014000000432133675,-0.004000000189989805,1.0859999656677246,1776886910.776
-0.023000000044703484,0.026000000536441803,1.0959999561309814,1776886910.801
0.004000000189989805,0.013000000268220901,1.0950000286102295,1776886910.816
0.008999999612569809,0.003000000026077032,1.1019999980926514,1776886910.841
-0.04600000008940697,0.03700000047683716,1.0520000457763672,1776886910.856
-0.017000000923871994,0.03400000184774399,1.097000002861023,1776886911.279
-0.028999999165534973,0.06800000369548798,1.093999981880188,1776886911.296
-0.009999999776482582,0.05900000035762787,1.093999981880188,1776886911.322
-0.02199999988079071,0.041999999433755875,1.0959999561309814,1776886911.336
-0.024000000208616257,0.03700000047683716,1.0870000123977661,1776886911.361
0.11900000274181366,0.17599999904632568,1.0779999494552612,1776886911.779
-0.017999999225139618,0.2029999941587448,0.9179999828338623,1776886911.796
-0.1889999955892563,0.2290000021457672,0.8700000047683716,1776886911.821
-0.23399999737739563,0.21699999272823334,0.9079999923706055,1776886911.839
-0.2809999883174896,0.2029999941587448,1.0149999856948853,1776886911.858
0.2290000021457672,0.26499998569488525,0.5929999947547913,1776886912.279
-0.21199999749660492,0.1720000058412552,0.578000009059906,1776886912.296
0.5889999866485596,0.6240000128746033,1.7690000534057617,1776886912.322
0.5809999704360962,0.47099998593330383,1.5420000553131104,1776886912.336
0.004999999888241291,0.3050000071525574,0.8339999914169312,1776886912.362
-0.05900000035762787,0.13199999928474426,1.003000020980835,1776886912.782
0.2029999941587448,0.289000004529953,1.0490000247955322,1776886912.802
0.04500000178813934,0.17599999904632568,1.1779999732971191,1776886912.817
-0.1459999978542328,0.13199999928474426,1.2519999742507935,1776886912.843
-0.11800000071525574,0.2409999966621399,1.0219999551773071,1776886912.856
-0.11900000274181366,0.1120000034570694,1.0829999446868896,1776886913.302
-0.014999999664723873,0.10300000011920929,1.0950000286102295,1776886913.316
-0.052000001072883606,0.10899999737739563,1.100000023841858,1776886913.336
-0.10100000351667404,0.10300000011920929,1.0850000381469727,1776886913.362
-0.07000000029802322,0.10400000214576721,1.0880000591278076,1776886913.376
0.11699999868869781,-0.06800000369548798,1.1779999732971191,1776886913.785
-0.004000000189989805,-0.017000000923871994,1.1080000400543213,1776886913.796
0.12300000339746475,0.012000000104308128,1.0080000162124634,1776886913.823
-0.14399999380111694,0.13899999856948853,1.1469999551773071,1776886913.839
-0.20000000298023224,0.13199999928474426,1.218999981880188,1776886913.857
-0.023000000044703484,0.31299999356269836,0.949999988079071,1776886914.302
-0.11999999731779099,0.3529999852180481,1.0540000200271606,1776886914.32
0.017000000923871994,0.17900000512599945,1.1039999723434448,1776886914.337
-0.18000000715255737,0.24899999797344208,0.9940000176429749,1776886914.356
-0.12300000339746475,0.14499999582767487,1.0260000228881836,1776886914.382
-0.34299999475479126,0.2919999957084656,1.371999979019165,1776886914.802
-0.13699999451637268,0.35499998927116394,1.274999976158142,1776886914.816
-0.014000000432133675,0.34700000286102295,0.8709999918937683,1776886914.842
-0.2630000114440918,0.4169999957084656,0.8489999771118164,1776886914.856
-0.09000000357627869,0.09399999678134918,1.3420000076293945,1776886914.882
0.03799999877810478,0.3070000112056732,0.8880000114440918,1776886915.296
-0.010999999940395355,0.2540000081062317,1.1660000085830688,1776886915.322
-0.013000000268220901,0.26100000739097595,0.9879999756813049,1776886915.336
-0.057999998331069946,0.2240000069141388,1.1239999532699585,1776886915.362
0.00800000037997961,0.20499999821186066,1.0479999780654907,1776886915.381
-0.42399999499320984,0.527999997138977,1.0290000438690186,1776886915.796
-0.42399999499320984,0.527999997138977,1.0290000438690186,1776886915.822
-0.12099999934434891,0.41600000858306885,0.5879999995231628,1776886915.836
-0.5090000033378601,-0.15399999916553497,1.503999948501587,1776886915.862
0.9779999852180481,-0.6869999766349792,1.8029999732971191,1776886915.876
0.027000000700354576,0.14800000190734863,1.1330000162124634,1776886916.302
0.03799999877810478,0.1379999965429306,1.0750000476837158,1776886916.316
0.09600000083446503,0.012000000104308128,1.1399999856948853,1776886916.336
-0.004999999888241291,0.1080000028014183,1.1059999465942383,1776886916.362
0.00800000037997961,0.09000000357627869,1.0829999446868896,1776886916.376
0.05900000035762787,0.10300000011920929,1.1009999513626099,1776886916.802
0.05900000035762787,0.10300000011920929,1.1009999513626099,1776886916.82
0.05900000035762787,0.10300000011920929,1.1009999513626099,1776886916.836
0.05700000002980232,0.10300000011920929,1.1009999513626099,1776886916.862
0.03799999877810478,0.10599999874830246,1.0859999656677246,1776886916.876
0.05400000140070915,0.1120000034570694,1.097000002861023,1776886917.302
0.041999999433755875,0.09399999678134918,1.1050000190734863,1776886917.316
0.0560000017285347,0.10700000077486038,1.0789999961853027,1776886917.342
0.06400000303983688,0.12800000607967377,1.0950000286102295,1776886917.36
0.08299999684095383,0.2630000114440918,1.1119999885559082,1776886917.376
0.3009999990463257,0.40700000524520874,0.8270000219345093,1776886917.802
0.3580000102519989,0.15700000524520874,-1.9190000295639038,1776886917.816
0.3580000102519989,0.15700000524520874,-1.9190000295639038,1776886917.842
0.3580000102519989,0.15700000524520874,-1.9190000295639038,1776886917.857
-0.061000000685453415,0.6119999885559082,0.8399999737739563,1776886917.876
0.1589999943971634,0.31700000166893005,1.0679999589920044,1776886918.296
0.1120000034570694,0.3089999854564667,1.0399999618530273,1776886918.323
0.125,0.257999986410141,1.0329999923706055,1776886918.337
0.14100000262260437,0.30799999833106995,1.031000018119812,1776886918.363
0.13300000131130219,0.34299999475479126,1.0479999780654907,1776886918.376
0.1770000010728836,0.25699999928474426,1.0019999742507935,1776886918.816
0.12600000202655792,0.3880000114440918,1.2050000429153442,1776886918.842
0.12600000202655792,0.3880000114440918,1.2050000429153442,1776886918.856
0.12600000202655792,0.3880000114440918,1.2050000429153442,1776886918.883
0.09700000286102295,0.37400001287460327,1.0740000009536743,1776886918.896
-0.014999999664723873,0.35100001096725464,1.1139999628067017,1776886919.33
0.4169999957084656,0.3050000071525574,1.2480000257492065,1776886919.34
0.32600000500679016,0.17599999904632568,1.034000039100647,1776886919.359
0.14499999582767487,0.22599999606609344,1.0190000534057617,1776886919.376
0.26100000739097595,0.28999999165534973,1.0670000314712524,1776886919.402
0.3440000116825104,0.22300000488758087,1.1540000438690186,1776886919.816
0.23100000619888306,0.15700000524520874,1.0210000276565552,1776886919.842
0.23100000619888306,0.15700000524520874,1.0210000276565552,1776886919.856
0.23100000619888306,0.15700000524520874,1.0210000276565552,1776886919.882
0.2919999957084656,0.20499999821186066,1.0269999504089355,1776886919.896
0.12399999797344208,0.31299999356269836,1.0360000133514404,1776886920.323
0.30000001192092896,0.17000000178813934,1.184000015258789,1776886920.336
0.6800000071525574,0.23899999260902405,1.1990000009536743,1776886920.362
0.1509999930858612,0.24799999594688416,0.14800000190734863,1776886920.376
0.257999986410141,0.3409999907016754,0.5870000123977661,1776886920.402
0.8989999890327454,0.6859999895095825,1.5260000228881836,1776886920.822
0.2930000126361847,0.3720000088214874,0.43700000643730164,1776886920.836
0.34200000762939453,0.25699999928474426,0.675000011920929,1776886920.862
0.34200000762939453,0.25699999928474426,0.675000011920929,1776886920.879
0.34200000762939453,0.25699999928474426,0.675000011920929,1776886920.896
0.38100001215934753,0.6200000047683716,0.8629999756813049,1776886921.316
0.3319999873638153,0.5130000114440918,0.6980000138282776,1776886921.342
0.46799999475479126,0.6039999723434448,0.8339999914169312,1776886921.359
0.3409999907016754,0.3659999966621399,0.8379999995231628,1776886921.376
0.08699999749660492,0.20100000500679016,0.8519999980926514,1776886921.396
0.22499999403953552,0.6399999856948853,0.9179999828338623,1776886922.316
0.28600001335144043,0.5960000157356262,0.7450000047683716,1776886922.343
0.1599999964237213,0.5789999961853027,0.7379999756813049,1776886922.356
0.33000001311302185,0.5049999952316284,0.7590000033378601,1776886922.382
-0.3330000042915344,0.531000018119812,0.9850000143051147,1776886922.396
-0.11699999868869781,0.47999998927116394,0.9409999847412109,1776886922.818
-0.5630000233650208,0.4690000116825104,0.972000002861023,1776886922.845
-0.33899998664855957,0.40400001406669617,0.8949999809265137,1776886922.856
-0.18299999833106995,0.375,1.059000015258789,1776886922.882
-0.11900000274181366,0.3970000147819519,1.0709999799728394,1776886922.896
-0.3050000071525574,0.4129999876022339,0.9829999804496765,1776886923.336
-0.29899999499320984,0.4189999997615814,0.9779999852180481,1776886923.362
-0.2930000126361847,0.41600000858306885,0.9829999804496765,1776886923.376
-0.2939999997615814,0.4169999957084656,0.9779999852180481,1776886923.402
-0.2939999997615814,0.4169999957084656,0.972000002861023,1776886923.416
-0.28700000047683716,0.4399999976158142,0.9909999966621399,1776886923.823
-0.29600000381469727,0.4189999997615814,0.9760000109672546,1776886923.839
-0.28299999237060547,0.4090000092983246,0.9919999837875366,1776886923.856
-0.2879999876022339,0.41999998688697815,0.9760000109672546,1776886923.882
-0.3109999895095825,0.503000020980835,0.9779999852180481,1776886923.896
-0.4169999957084656,0.5960000157356262,0.8450000286102295,1776886924.344
-0.328000009059906,0.4059999883174896,0.9480000138282776,1776886924.356
-0.21400000154972076,0.4410000145435333,0.9539999961853027,1776886924.383
-0.4090000092983246,0.6420000195503235,0.7390000224113464,1776886924.399
-0.4429999887943268,0.5360000133514404,0.8360000252723694,1776886924.416
-0.22300000488758087,0.6290000081062317,0.9829999804496765,1776886924.817
-0.14100000262260437,0.6349999904632568,0.9950000047683716,1776886924.852
-0.14900000393390656,0.6389999985694885,0.8640000224113464,1776886924.863
-0.12800000607967377,0.6019999980926514,0.9620000123977661,1776886924.879
-0.19699999690055847,0.5559999942779541,1.0269999504089355,1776886924.896
-0.27000001072883606,0.3619999885559082,1.1019999980926514,1776886925.843
-0.2329999953508377,0.2639999985694885,0.9179999828338623,1776886925.869
0.2630000114440918,0.4410000145435333,1.9670000076293945,1776886925.879
-0.23999999463558197,0.07100000232458115,0.6119999885559082,1776886925.896
-0.07400000095367432,0.19300000369548798,0.3310000002384186,1776886925.922
0.2460000067949295,0.6069999933242798,0.8830000162124634,1776886926.336
0.30000001192092896,0.5180000066757202,0.9210000038146973,1776886926.362
0.12200000137090683,0.5249999761581421,0.8159999847412109,1776886926.376
0.09200000017881393,0.5120000243186951,1.0379999876022339,1776886926.402
0.05400000140070915,0.4959999918937683,1.1130000352859497,1776886926.418
-0.06199999898672104,0.23899999260902405,1.093999981880188,1776886926.836
-0.09099999815225601,0.23100000619888306,1.128000020980835,1776886926.862
-0.09399999678134918,0.18199999630451202,1.0859999656677246,1776886926.884
-0.10100000351667404,0.1289999932050705,1.0859999656677246,1776886926.897
-0.125,0.11800000071525574,1.0850000381469727,1776886926.922
-0.11900000274181366,0.13300000131130219,1.0859999656677246,1776886927.336
-0.11800000071525574,0.12999999523162842,1.090999960899353,1776886927.362
-0.11599999666213989,0.13600000739097595,1.0839999914169312,1776886927.376
-0.11800000071525574,0.13600000739097595,1.0870000123977661,1776886927.402
-0.11599999666213989,0.12999999523162842,1.0889999866485596,1776886927.424
-0.10100000351667404,0.10499999672174454,1.090999960899353,1776886927.842
-0.12200000137090683,0.15199999511241913,1.0850000381469727,1776886927.857
-0.10400000214576721,0.11500000208616257,1.090999960899353,1776886927.883
-0.1080000028014183,0.10899999737739563,1.0750000476837158,1776886927.896
-0.13600000739097595,0.13199999928474426,1.0759999752044678,1776886927.924
-0.10499999672174454,0.13899999856948853,1.090999960899353,1776886928.336
-0.11900000274181366,0.13500000536441803,1.0859999656677246,1776886928.362
-0.11999999731779099,0.125,1.0850000381469727,1776886928.376
-0.11999999731779099,0.11900000274181366,1.0870000123977661,1776886928.402
-0.13099999725818634,0.12700000405311584,1.0880000591278076,1776886928.416
-0.06800000369548798,0.21799999475479126,1.1349999904632568,1776886928.843
-0.23100000619888306,0.3310000002384186,0.9440000057220459,1776886928.856
-0.16300000250339508,0.30799999833106995,1.0190000534057617,1776886928.882
-0.23100000619888306,0.37599998712539673,1.0119999647140503,1776886928.897
-0.12399999797344208,0.31200000643730164,1.1269999742507935,1776886928.923
-0.11900000274181366,0.460999995470047,0.9580000042915344,1776886929.336
-0.7720000147819519,0.5059999823570251,1.3700000047683716,1776886929.362
-0.23199999332427979,0.39899998903274536,0.625,1776886929.376
-0.3959999978542328,0.597000002861023,1.0759999752044678,1776886929.396
-0.2709999978542328,0.48500001430511475,1.434999942779541,1776886929.422
0.23499999940395355,0.4749999940395355,0.8519999980926514,1776886929.842
0.3869999945163727,0.5109999775886536,0.828000009059906,1776886929.857
-0.0010000000474974513,0.7129999995231628,0.7379999756813049,1776886929.883
-0.3160000145435333,0.6690000295639038,1.0410000085830688,1776886929.896
-1.3960000276565552,0.4269999861717224,1.9800000190734863,1776886929.922
-0.17000000178813934,0.17599999904632568,1.2740000486373901,1776886930.336
-0.26499998569488525,0.04500000178813934,0.7429999709129333,1776886930.356
-0.4699999988079071,0.09600000083446503,1.2009999752044678,1776886930.383
-0.5139999985694885,-0.019999999552965164,1.3320000171661377,1776886930.399
-0.38999998569488525,0.11699999868869781,0.9810000061988831,1776886930.417
-0.2150000035762787,0.3089999854564667,0.7929999828338623,1776886930.856
-0.12600000202655792,0.2240000069141388,0.8799999952316284,1776886930.879
-0.19200000166893005,0.35899999737739563,0.8140000104904175,1776886930.896
-0.23600000143051147,0.12600000202655792,0.609000027179718,1776886930.922
-0.3840000033378601,0.09000000357627869,0.3889999985694885,1776886930.936
-0.1120000034570694,0.11400000005960464,1.0950000286102295,1776886931.856
-0.09200000017881393,0.11599999666213989,1.0859999656677246,1776886931.882
-0.09399999678134918,0.12700000405311584,1.0859999656677246,1776886931.896
-0.10400000214576721,0.12600000202655792,1.0870000123977661,1776886931.922
-0.09399999678134918,0.11699999868869781,1.090000033378601,1776886931.938
-0.09799999743700027,0.12099999934434891,1.0920000076293945,1776886932.34
-0.10000000149011612,0.11999999731779099,1.0759999752044678,1776886932.356
-0.10199999809265137,0.12099999934434891,1.0920000076293945,1776886932.383
-0.10199999809265137,0.12200000137090683,1.0839999914169312,1776886932.401
-0.10199999809265137,0.12399999797344208,1.093999981880188,1776886932.416
-0.11699999868869781,0.12300000339746475,1.0920000076293945,1776886932.856
-0.09799999743700027,0.125,1.0889999866485596,1776886932.882
-0.0989999994635582,0.12399999797344208,1.0950000286102295,1776886932.897
-0.10300000011920929,0.12300000339746475,1.090000033378601,1776886932.926
-0.10100000351667404,0.11999999731779099,1.0920000076293945,1776886932.937
-0.15199999511241913,-0.09600000083446503,1.0700000524520874,1776886933.362
-0.1340000033378601,-0.23800000548362732,1.1109999418258667,1776886933.376
-0.25600001215934753,-0.1420000046491623,0.9860000014305115,1776886933.403
-0.2160000056028366,-0.09700000286102295,1.0219999551773071,1776886933.416
-0.23899999260902405,0.0430000014603138,0.9200000166893005,1776886933.442
0.6340000033378601,0.4399999976158142,1.0080000162124634,1776886933.857
-0.004999999888241291,0.23800000548362732,0.503000020980835,1776886933.876
-0.2370000034570694,0.26100000739097595,0.6570000052452087,1776886933.902
-0.007000000216066837,0.5950000286102295,1.3860000371932983,1776886933.918
0.10300000011920929,0.42800000309944153,0.8360000252723694,1776886933.945
0.03400000184774399,0.1860000044107437,1.1180000305175781,1776886934.362
-0.009999999776482582,0.18700000643730164,1.093000054359436,1776886934.376
0.03700000047683716,0.21199999749660492,1.1449999809265137,1776886934.402
0.07999999821186066,0.1809999942779541,1.1640000343322754,1776886934.417
0.05700000002980232,0.2029999941587448,1.1030000448226929,1776886934.446
-0.006000000052154064,0.0989999994635582,1.1009999513626099,1776886935.362
-0.006000000052154064,0.0949999988079071,1.0920000076293945,1776886935.377
-0.004000000189989805,0.09399999678134918,1.0950000286102295,1776886935.402
-0.0010000000474974513,0.09700000286102295,1.100000023841858,1776886935.416
0.0,0.09600000083446503,1.0950000286102295,1776886935.443
-0.02500000037252903,0.0989999994635582,1.1009999513626099,1776886935.856
0.017999999225139618,0.05999999865889549,1.1360000371932983,1776886935.882
0.008999999612569809,0.07599999755620956,1.1089999675750732,1776886935.904
-0.009999999776482582,0.04899999871850014,1.0679999589920044,1776886935.921
-0.014000000432133675,0.08399999886751175,1.1130000352859497,1776886935.936
0.024000000208616257,0.40700000524520874,0.9449999928474426,1776886936.363
0.035999998450279236,0.40299999713897705,1.0130000114440918,1776886936.376
-0.007000000216066837,0.39899998903274536,0.8899999856948853,1776886936.402
0.1720000058412552,0.4009999930858612,1.0920000076293945,1776886936.416
0.20900000631809235,0.335999995470047,0.9649999737739563,1776886936.442
-0.2070000022649765,0.06300000101327896,1.0080000162124634,1776886936.856
0.25099998712539673,-0.46700000762939453,0.9700000286102295,1776886936.882
-0.10000000149011612,0.2199999988079071,0.8130000233650208,1776886936.897
-0.5049999952316284,0.4970000088214874,0.8669999837875366,1776886936.926
-0.6129999756813049,0.4819999933242798,1.0080000162124634,1776886936.936
0.05900000035762787,0.19200000166893005,1.1319999694824219,1776886937.363
-0.01899999938905239,0.17800000309944153,0.9800000190734863,1776886937.378
-0.023000000044703484,0.18199999630451202,1.090999960899353,1776886937.404
-0.04800000041723251,0.36899998784065247,1.0390000343322754,1776886937.416
0.01899999938905239,0.3179999887943268,1.0870000123977661,1776886937.442
-0.5230000019073486,0.6520000100135803,1.36899995803833,1776886937.857
-0.041999999433755875,0.47600001096725464,0.9589999914169312,1776886937.882
0.21400000154972076,-0.017999999225139618,1.3589999675750732,1776886937.896
0.26499998569488525,0.44600000977516174,0.703000009059906,1776886937.922
0.3889999985694885,0.6019999980926514,0.8600000143051147,1776886937.936
0.22599999606609344,0.5720000267028809,0.5820000171661377,1776886938.383
0.054999999701976776,0.7120000123977661,0.6930000185966492,1776886938.402
0.0949999988079071,0.9380000233650208,0.9679999947547913,1776886938.416
-0.35899999737739563,0.5120000243186951,0.996999979019165,1776886938.442
-0.035999998450279236,0.6159999966621399,0.8429999947547913,1776886938.456
0.1860000044107437,0.41200000047683716,-0.8500000238418579,1776886938.882
0.2150000035762787,0.27000001072883606,-0.8579999804496765,1776886938.896
0.08500000089406967,0.09700000286102295,-0.656000018119812,1776886938.929
0.02500000037252903,0.061000000685453415,-0.5720000267028809,1776886938.94
-0.03700000047683716,-0.15399999916553497,-0.9340000152587891,1776886938.957
0.18199999630451202,0.30799999833106995,-1.0,1776886939.377
0.210999995470047,0.3700000047683716,-1.0390000343322754,1776886939.403
0.11100000143051147,0.2619999945163727,-0.6439999938011169,1776886939.417
0.10400000214576721,0.2150000035762787,-0.6430000066757202,1776886939.443
0.15000000596046448,0.2919999957084656,-0.8410000205039978,1776886939.457
-0.05400000140070915,-0.09799999743700027,-0.9390000104904175,1776886939.883
-0.03700000047683716,-0.11800000071525574,-0.9670000076293945,1776886939.896
-0.029999999329447746,-0.21199999749660492,-0.8790000081062317,1776886939.922
-0.028999999165534973,-0.20900000631809235,-0.8539999723434448,1776886939.937
-0.009999999776482582,-0.21199999749660492,-0.8870000243186951,1776886939.956
-0.019999999552965164,-0.11800000071525574,-0.9129999876022339,1776886940.383
-0.02199999988079071,-0.11699999868869781,-0.9089999794960022,1776886940.405
-0.02199999988079071,-0.10300000011920929,-0.9039999842643738,1776886940.419
-0.020999999716877937,-0.0989999994635582,-0.8960000276565552,1776886940.437
-0.01899999938905239,-0.1080000028014183,-0.8960000276565552,1776886940.462
-0.019999999552965164,-0.11400000005960464,-0.8759999871253967,1776886941.376
-0.009999999776482582,-0.10499999672174454,-0.9070000052452087,1776886941.403
-0.01600000075995922,-0.11299999803304672,-0.8840000033378601,1776886941.416
-0.017000000923871994,-0.0989999994635582,-0.9399999976158142,1776886941.442
-0.014999999664723873,-0.10700000077486038,-0.9129999876022339,1776886941.456
-0.026000000536441803,-0.11400000005960464,-0.9169999957084656,1776886941.877
-0.02199999988079071,-0.11299999803304672,-0.8920000195503235,1776886941.903
-0.014000000432133675,-0.10999999940395355,-0.8880000114440918,1776886941.919
-0.013000000268220901,-0.12300000339746475,-0.9039999842643738,1776886941.946
-0.013000000268220901,-0.10599999874830246,-0.9100000262260437,1776886941.957
-0.01899999938905239,-0.10000000149011612,-0.9110000133514404,1776886942.402
-0.014999999664723873,-0.15199999511241913,-0.7020000219345093,1776886942.414
-0.01899999938905239,-0.11599999666213989,-0.9940000176429749,1776886942.424
-0.04500000178813934,-0.08299999684095383,-0.8169999718666077,1776886942.437
-0.08299999684095383,-0.1589999943971634,-0.9660000205039978,1776886942.456
-0.01899999938905239,-0.11699999868869781,-0.8849999904632568,1776886943.376
-0.026000000536441803,-0.12700000405311584,-0.8700000047683716,1776886943.402
-0.02199999988079071,-0.10700000077486038,-0.9430000185966492,1776886943.416
-0.02199999988079071,-0.11400000005960464,-0.9259999990463257,1776886943.443
-0.01899999938905239,-0.11599999666213989,-0.9039999842643738,1776886943.457
-0.02199999988079071,-0.11100000143051147,-0.8939999938011169,1776886943.902
-0.014999999664723873,-0.10899999737739563,-0.9179999828338623,1776886943.926
-0.019999999552965164,-0.1289999932050705,-0.9089999794960022,1776886943.938
-0.019999999552965164,-0.1120000034570694,-0.9139999747276306,1776886943.965
-0.013000000268220901,-0.10300000011920929,-0.906000018119812,1776886943.976
-0.08399999886751175,-0.08799999952316284,-0.8259999752044678,1776886944.399
-0.1120000034570694,-0.06199999898672104,-0.9369999766349792,1776886944.425
-0.052000001072883606,-0.12200000137090683,-0.8550000190734863,1776886944.437
0.014999999664723873,-0.12800000607967377,-0.9179999828338623,1776886944.465
-0.017000000923871994,-0.10499999672174454,-0.9150000214576721,1776886944.478
-0.01600000075995922,-0.11400000005960464,-0.9110000133514404,1776886944.897
-0.020999999716877937,-0.1080000028014183,-0.9100000262260437,1776886944.925
-0.017999999225139618,-0.11100000143051147,-0.9100000262260437,1776886944.937
-0.024000000208616257,-0.10100000351667404,-0.8920000195503235,1776886944.963
-0.014000000432133675,-0.10000000149011612,-0.9470000267028809,1776886944.976
-0.020999999716877937,-0.11500000208616257,-0.902999997138977,1776886945.404
-0.01899999938905239,-0.11100000143051147,-0.9039999842643738,1776886945.416
-0.026000000536441803,-0.10499999672174454,-0.9039999842643738,1776886945.442
-0.014000000432133675,-0.11599999666213989,-0.8999999761581421,1776886945.457
-0.019999999552965164,-0.10899999737739563,-0.902999997138977,1776886945.487
-0.013000000268220901,-0.09799999743700027,-0.781000018119812,1776886945.897
-0.020999999716877937,-0.11999999731779099,-0.9879999756813049,1776886945.923
-0.023000000044703484,-0.11599999666213989,-0.8790000081062317,1776886945.937
-0.013000000268220901,-0.11100000143051147,-0.8669999837875366,1776886945.963
-0.026000000536441803,-0.11400000005960464,-0.9319999814033508,1776886945.976
-0.01899999938905239,-0.10999999940395355,-0.8889999985694885,1776886946.898
-0.014999999664723873,-0.11299999803304672,-0.9089999794960022,1776886946.928
-0.03400000184774399,-0.10700000077486038,-0.9129999876022339,1776886946.939
-0.01600000075995922,-0.11100000143051147,-0.8960000276565552,1776886946.964
-0.017999999225139618,-0.1120000034570694,-0.9039999842643738,1776886946.977
-0.01899999938905239,-0.10999999940395355,-0.9089999794960022,1776886947.404
-0.01899999938905239,-0.10999999940395355,-0.9089999794960022,1776886947.417
-0.01899999938905239,-0.10999999940395355,-0.9089999794960022,1776886947.442
-0.019999999552965164,-0.10499999672174454,-0.902999997138977,1776886947.457
-0.014000000432133675,-0.11100000143051147,-0.9079999923706055,1776886947.483
-0.020999999716877937,-0.10899999737739563,-0.9100000262260437,1776886947.898
-0.01600000075995922,-0.10899999737739563,-0.9049999713897705,1776886947.924
-0.017999999225139618,-0.1080000028014183,-0.9079999923706055,1776886947.938
-0.017000000923871994,-0.11100000143051147,-0.8989999890327454,1776886947.957
-0.020999999716877937,-0.10899999737739563,-0.9070000052452087,1776886947.982
-0.019999999552965164,-0.11299999803304672,-0.902999997138977,1776886948.404
-0.02199999988079071,-0.1120000034570694,-0.9110000133514404,1776886948.424
-0.02199999988079071,-0.1120000034570694,-0.9110000133514404,1776886948.437
-0.02199999988079071,-0.1120000034570694,-0.9110000133514404,1776886948.463
-0.019999999552965164,-0.11100000143051147,-0.906000018119812,1776886948.479
-0.017999999225139618,-0.11299999803304672,-0.9039999842643738,1776886948.897
-0.017999999225139618,-0.10999999940395355,-0.9079999923706055,1776886948.926
-0.017000000923871994,-0.10999999940395355,-0.9049999713897705,1776886948.937
-0.01899999938905239,-0.10700000077486038,-0.902999997138977,1776886948.963
-0.01899999938905239,-0.11100000143051147,-0.9010000228881836,1776886948.977
-0.017000000923871994,-0.10599999874830246,-0.9070000052452087,1776886949.397
-0.017000000923871994,-0.10999999940395355,-0.9070000052452087,1776886949.423
-0.017999999225139618,-0.1120000034570694,-0.906000018119812,1776886949.437
-0.014999999664723873,-0.11100000143051147,-0.906000018119812,1776886949.463
-0.017000000923871994,-0.1120000034570694,-0.9089999794960022,1776886949.477
-0.017000000923871994,-0.10700000077486038,-0.9079999923706055,1776886949.897
-0.014000000432133675,-0.10999999940395355,-0.9089999794960022,1776886949.923
-0.014999999664723873,-0.11400000005960464,-0.9049999713897705,1776886949.941
-0.017000000923871994,-0.1120000034570694,-0.9079999923706055,1776886949.957
-0.01600000075995922,-0.10899999737739563,-0.9039999842643738,1776886949.984
-0.017999999225139618,-0.11299999803304672,-0.9039999842643738,1776886950.899
-0.019999999552965164,-0.10999999940395355,-0.902999997138977,1776886950.926
-0.017999999225139618,-0.10999999940395355,-0.9070000052452087,1776886950.939
-0.02199999988079071,-0.10999999940395355,-0.9049999713897705,1776886950.964
-0.01600000075995922,-0.10899999737739563,-0.9079999923706055,1776886950.977
-0.01600000075995922,-0.10599999874830246,-0.902999997138977,1776886951.417
-0.023000000044703484,-0.1080000028014183,-0.9070000052452087,1776886951.443
-0.02199999988079071,-0.11100000143051147,-0.8980000019073486,1776886951.457
-0.01600000075995922,-0.10899999737739563,-0.9039999842643738,1776886951.485
-0.017000000923871994,-0.11100000143051147,-0.9049999713897705,1776886951.498
-0.020999999716877937,-0.11299999803304672,-0.9039999842643738,1776886951.917
-0.007000000216066837,-0.014000000432133675,-0.8119999766349792,1776886951.937
0.010999999940395355,-0.14000000059604645,-0.9340000152587891,1776886951.963
-0.0430000014603138,-0.11900000274181366,-0.843999981880188,1776886951.977
-0.004999999888241291,-0.12099999934434891,-0.8270000219345093,1776886952.004
-0.014999999664723873,-0.10499999672174454,-0.9319999814033508,1776886952.918
-0.017999999225139618,-0.10400000214576721,-0.8830000162124634,1776886952.944
-0.01600000075995922,-0.10499999672174454,-0.9279999732971191,1776886952.957
-0.02500000037252903,-0.12700000405311584,-0.925000011920929,1776886952.983
-0.012000000104308128,-0.10300000011920929,-0.9020000100135803,1776886952.997
-0.02500000037252903,-0.11699999868869781,-0.9089999794960022,1776886953.417
-0.010999999940395355,-0.10599999874830246,-0.9150000214576721,1776886953.443
-0.01899999938905239,-0.1120000034570694,-0.8989999890327454,1776886953.457
-0.008999999612569809,-0.11599999666213989,-0.9160000085830688,1776886953.482
-0.023000000044703484,-0.0989999994635582,-0.9049999713897705,1776886953.497
-0.019999999552965164,-0.1080000028014183,-0.9409999847412109,1776886953.918
-0.017000000923871994,-0.10700000077486038,-0.8949999809265137,1776886953.945
-0.00800000037997961,-0.11100000143051147,-0.9089999794960022,1776886953.957
-0.01899999938905239,-0.10100000351667404,-0.9010000228881836,1776886953.985
-0.013000000268220901,-0.11100000143051147,-0.9049999713897705,1776886954.003
-0.01600000075995922,-0.10199999809265137,-0.906000018119812,1776886954.417
-0.012000000104308128,-0.10599999874830246,-0.906000018119812,1776886954.443
-0.017999999225139618,-0.1080000028014183,-0.9290000200271606,1776886954.457
-0.02199999988079071,-0.125,-0.9340000152587891,1776886954.483
-0.02800000086426735,-0.10400000214576721,-0.890999972820282,1776886954.497
-0.017000000923871994,-0.10899999737739563,-0.9200000166893005,1776886955.443
-0.013000000268220901,-0.10999999940395355,-0.9110000133514404,1776886955.46
-0.01600000075995922,-0.11699999868869781,-0.9089999794960022,1776886955.477
-0.027000000700354576,-0.11599999666213989,-0.8899999856948853,1776886955.503
-0.026000000536441803,-0.11100000143051147,-0.9049999713897705,1776886955.519
-0.020999999716877937,-0.0989999994635582,-0.8769999742507935,1776886956.423
-0.01600000075995922,-0.10899999737739563,-0.925000011920929,1776886956.437
-0.023000000044703484,-0.10499999672174454,-0.9160000085830688,1776886956.463
-0.014999999664723873,-0.10999999940395355,-0.9120000004768372,1776886956.481
-0.02500000037252903,-0.11900000274181366,-0.890999972820282,1776886956.497
-0.035999998450279236,-0.125,-0.9110000133514404,1776886957.443
-0.020999999716877937,-0.11699999868869781,-0.9369999766349792,1776886957.457
-0.014999999664723873,-0.11900000274181366,-0.878000020980835,1776886957.488
-0.02800000086426735,-0.11299999803304672,-0.8820000290870667,1776886957.499
-0.02199999988079071,-0.1080000028014183,-0.9120000004768372,1776886957.525
0.22200000286102295,-0.19200000166893005,-1.069000005722046,1776886957.937
0.25999999046325684,-0.1550000011920929,-0.9819999933242798,1776886957.964
0.3840000033378601,-0.18400000035762787,-0.9449999928474426,1776886957.977
0.6269999742507935,-0.28600001335144043,-0.9110000133514404,1776886958.003
0.7369999885559082,-0.3569999933242798,-0.9359999895095825,1776886958.017
0.2070000022649765,-0.027000000700354576,0.6389999985694885,1776886958.437
0.2849999964237213,0.017000000923871994,0.6620000004768372,1776886958.457
0.2800000011920929,0.07699999958276749,0.6399999856948853,1776886958.483
0.16200000047683716,0.07800000160932541,0.6740000247955322,1776886958.5
-0.0949999988079071,-0.5270000100135803,-1.9259999990463257,1776886958.517
-0.02500000037252903,0.028999999165534973,1.0989999771118164,1776886958.937
-0.04800000041723251,0.04100000113248825,1.0920000076293945,1776886958.963
-0.05299999937415123,0.0560000017285347,1.0850000381469727,1776886958.977
-0.03500000014901161,0.03700000047683716,1.1039999723434448,1776886959.003
-0.03999999910593033,0.03799999877810478,1.100000023841858,1776886959.017
-0.0430000014603138,0.04100000113248825,1.0989999771118164,1776886959.443
-0.04600000008940697,0.03999999910593033,1.097000002861023,1776886959.457
-0.03999999910593033,0.039000000804662704,1.0980000495910645,1776886959.486
-0.04899999871850014,0.039000000804662704,1.093999981880188,1776886959.497
-0.04500000178813934,0.03799999877810478,1.0980000495910645,1776886959.524
-0.04600000008940697,0.03500000014901161,1.100000023841858,1776886959.937
-0.04500000178813934,0.04100000113248825,1.093000054359436,1776886959.97
-0.04699999839067459,0.041999999433755875,1.0850000381469727,1776886959.982
-0.04500000178813934,0.03799999877810478,1.093999981880188,1776886959.999
-0.04100000113248825,0.03700000047683716,1.097000002861023,1776886960.025
-0.04600000008940697,0.04100000113248825,1.097000002861023,1776886960.443
-0.04699999839067459,0.039000000804662704,1.097000002861023,1776886960.457
-0.04600000008940697,0.03999999910593033,1.097000002861023,1776886960.483
-0.04899999871850014,0.04100000113248825,1.093000054359436,1776886960.5
-0.04600000008940697,0.03999999910593033,1.093000054359436,1776886960.517
-0.04100000113248825,0.039000000804662704,1.0950000286102295,1776886961.443
-0.04500000178813934,0.039000000804662704,1.0989999771118164,1776886961.458
-0.04500000178813934,0.04100000113248825,1.0980000495910645,1776886961.484
-0.04699999839067459,0.04100000113248825,1.0959999561309814,1776886961.497
-0.04699999839067459,0.054999999701976776,1.0950000286102295,1776886961.523
-0.017000000923871994,0.0430000014603138,1.128000020980835,1776886962.457
-0.04500000178813934,0.0560000017285347,1.0789999961853027,1776886962.483
-0.03999999910593033,0.039000000804662704,1.093999981880188,1776886962.497
-0.00800000037997961,0.0010000000474974513,1.0870000123977661,1776886962.524
-0.05000000074505806,0.008999999612569809,1.1299999952316284,1776886962.537
-0.11900000274181366,0.057999998331069946,1.0720000267028809,1776886962.937
-0.11900000274181366,0.057999998331069946,1.0720000267028809,1776886962.963
-0.11599999666213989,0.12999999523162842,1.1449999809265137,1776886962.977
-0.10899999737739563,0.057999998331069946,1.1230000257492065,1776886962.997
0.08399999886751175,-0.05700000002980232,1.0509999990463257,1776886963.023
-0.023000000044703484,0.03999999910593033,1.0959999561309814,1776886963.946
-0.023000000044703484,0.03999999910593033,1.0959999561309814,1776886963.957
-0.0010000000474974513,0.012000000104308128,1.0770000219345093,1776886963.983
-0.027000000700354576,0.010999999940395355,1.1019999980926514,1776886963.999
-0.008999999612569809,0.04600000008940697,1.1059999465942383,1776886964.019
-0.009999999776482582,0.06499999761581421,1.0880000591278076,1776886964.444
-0.0689999982714653,-0.024000000208616257,1.1160000562667847,1776886964.462
-0.04899999871850014,-0.05700000002980232,1.0980000495910645,1776886964.479
-0.02199999988079071,-0.01600000075995922,1.0809999704360962,1776886964.507
0.02500000037252903,0.0430000014603138,1.0989999771118164,1776886964.518
0.07100000232458115,0.057999998331069946,1.152999997138977,1776886965.457
0.04699999839067459,0.03400000184774399,1.159000039100647,1776886965.483
0.006000000052154064,-0.00800000037997961,1.0190000534057617,1776886965.498
-0.017999999225139618,-0.008999999612569809,1.0399999618530273,1776886965.524
-0.03999999910593033,0.07999999821186066,1.215000033378601,1776886965.537
-0.05999999865889549,-0.020999999716877937,1.2070000171661377,1776886966.464
-0.04899999871850014,-0.004999999888241291,1.0640000104904175,1776886966.479
-0.006000000052154064,0.028999999165534973,1.062000036239624,1776886966.497
-0.0010000000474974513,0.017000000923871994,1.0820000171661377,1776886966.523
-0.0010000000474974513,0.017000000923871994,1.1339999437332153,1776886966.537
-0.004000000189989805,-0.010999999940395355,1.0700000524520874,1776886966.959
-0.004000000189989805,-0.010999999940395355,1.0700000524520874,1776886966.985
-0.004000000189989805,-0.010999999940395355,1.0700000524520874,1776886966.997
0.05400000140070915,0.09700000286102295,1.0679999589920044,1776886967.023
-0.0560000017285347,-0.00800000037997961,1.180999994277954,1776886967.039
-0.041999999433755875,0.008999999612569809,1.0870000123977661,1776886967.457
0.012000000104308128,0.052000001072883606,1.0850000381469727,1776886967.486
0.01600000075995922,0.06199999898672104,1.1150000095367432,1776886967.497
0.03700000047683716,0.027000000700354576,1.0839999914169312,1776886967.524
-0.04800000041723251,-0.009999999776482582,1.0980000495910645,1776886967.537
-0.03500000014901161,0.03999999910593033,1.128999948501587,1776886967.963
-0.019999999552965164,0.04699999839067459,1.0329999923706055,1776886967.977
-0.019999999552965164,0.04699999839067459,1.0329999923706055,1776886968.003
-0.019999999552965164,0.04699999839067459,1.0329999923706055,1776886968.017
0.035999998450279236,0.07199999690055847,1.1380000114440918,1776886968.048
-0.04800000041723251,-0.03999999910593033,1.093000054359436,1776886968.457
-0.06700000166893005,-0.05999999865889549,1.1089999675750732,1776886968.483
-0.054999999701976776,-0.05700000002980232,1.13100004196167,1776886968.497
-0.029999999329447746,0.028999999165534973,1.0570000410079956,1776886968.524
-0.008999999612569809,0.06700000166893005,1.0199999809265137,1776886968.537
-0.09300000220537186,0.11400000005960464,1.0369999408721924,1776886968.964
-0.07999999821186066,0.09200000017881393,1.1369999647140503,1776886968.977
-0.12600000202655792,0.054999999701976776,1.2020000219345093,1776886969.003
-0.12600000202655792,0.054999999701976776,1.2020000219345093,1776886969.017
-0.12600000202655792,0.054999999701976776,1.2020000219345093,1776886969.043
-0.041999999433755875,0.03700000047683716,1.1059999465942383,1776886969.477
-0.03400000184774399,0.035999998450279236,1.1119999885559082,1776886969.503
-0.032999999821186066,0.03099999949336052,1.1380000114440918,1776886969.526
-0.03500000014901161,0.014999999664723873,1.1139999628067017,1776886969.537
-0.017000000923871994,0.02800000086426735,1.0720000267028809,1776886969.563
-0.06800000369548798,0.019999999552965164,1.0800000429153442,1776886969.98
-0.0430000014603138,0.05999999865889549,1.0889999866485596,1776886970.005
-0.00800000037997961,0.08299999684095383,1.1160000562667847,1776886970.017
-0.00800000037997961,0.08299999684095383,1.1160000562667847,1776886970.047
-0.00800000037997961,0.08299999684095383,1.1160000562667847,1776886970.058
-0.010999999940395355,0.1080000028014183,1.090000033378601,1776886970.479
-0.02500000037252903,0.07999999821186066,1.0520000457763672,1776886970.497
-0.004999999888241291,0.054999999701976776,1.1069999933242798,1776886970.523
-0.06300000101327896,0.004999999888241291,1.1100000143051147,1776886970.537
-0.11100000143051147,-0.03999999910593033,1.0260000228881836,1776886970.563
0.07800000160932541,0.1889999955892563,1.2209999561309814,1776886970.977
0.21899999678134918,0.0729999989271164,1.0670000314712524,1776886971.006
0.1550000011920929,-0.0020000000949949026,1.1019999980926514,1776886971.018
0.035999998450279236,-0.03400000184774399,1.1399999856948853,1776886971.044
0.035999998450279236,-0.03400000184774399,1.1399999856948853,1776886971.057
-0.017000000923871994,0.03500000014901161,1.0980000495910645,1776886971.483
-0.017000000923871994,0.03799999877810478,1.0980000495910645,1776886971.497
-0.017000000923871994,0.03799999877810478,1.097000002861023,1776886971.523
-0.01600000075995922,0.035999998450279236,1.0980000495910645,1776886971.537
-0.017000000923871994,0.03400000184774399,1.0980000495910645,1776886971.566
-0.01899999938905239,0.03999999910593033,1.1150000095367432,1776886971.984
-0.017000000923871994,0.04699999839067459,1.0950000286102295,1776886972.001
-0.013000000268220901,0.04500000178813934,1.093999981880188,1776886972.017
-0.023000000044703484,0.04100000113248825,1.1009999513626099,1776886972.043
-0.020999999716877937,0.05999999865889549,1.0880000591278076,1776886972.057
-0.3100000023841858,0.25600001215934753,1.284999966621399,1776886972.479
-0.2680000066757202,-0.11599999666213989,1.1950000524520874,1776886972.505
-0.2290000021457672,-0.12800000607967377,1.003000020980835,1776886972.517
0.19900000095367432,-0.32899999618530273,1.4259999990463257,1776886972.545
0.421999990940094,-0.25,1.0850000381469727,1776886972.559
-0.06599999964237213,0.16099999845027924,1.0980000495910645,1776886972.977
-0.05999999865889549,0.15199999511241913,1.090999960899353,1776886973.003
-0.06700000166893005,0.16899999976158142,1.0740000009536743,1776886973.017
-0.04800000041723251,0.20800000429153442,1.0839999914169312,1776886973.043
-0.041999999433755875,0.18700000643730164,1.0770000219345093,1776886973.057
-0.0560000017285347,0.18700000643730164,1.0880000591278076,1776886973.503
-0.07100000232458115,0.1899999976158142,1.0870000123977661,1776886973.519
-0.057999998331069946,0.18799999356269836,1.0839999914169312,1776886973.546
-0.05700000002980232,0.18799999356269836,1.0839999914169312,1776886973.563
-0.05900000035762787,0.1899999976158142,1.0870000123977661,1776886973.577
-0.05400000140070915,0.1899999976158142,1.090000033378601,1776886973.977
-0.052000001072883606,0.18799999356269836,1.0880000591278076,1776886974.004
-0.07000000029802322,0.1860000044107437,1.0399999618530273,1776886974.019
-0.07000000029802322,0.1860000044107437,1.100000023841858,1776886974.045
-0.06700000166893005,0.1770000010728836,1.1069999933242798,1776886974.057
-0.004000000189989805,0.1899999976158142,1.093000054359436,1776886974.504
-0.02800000086426735,0.18799999356269836,1.0789999961853027,1776886974.517
-0.027000000700354576,0.19499999284744263,1.090000033378601,1776886974.544
-0.02500000037252903,0.19599999487400055,1.0549999475479126,1776886974.559
-0.07999999821186066,0.20100000500679016,1.0770000219345093,1776886974.577
-0.04100000113248825,0.2029999941587448,1.0850000381469727,1776886974.977
-0.04800000041723251,0.1889999955892563,1.069000005722046,1776886975.006
-0.04899999871850014,0.20200000703334808,1.0809999704360962,1776886975.017
-0.04399999976158142,0.1940000057220459,1.0859999656677246,1776886975.045
-0.05400000140070915,0.20000000298023224,1.0679999589920044,1776886975.057
0.014000000432133675,0.15700000524520874,1.0720000267028809,1776886975.497
-0.03700000047683716,0.1720000058412552,1.0989999771118164,1776886975.523
-0.07999999821186066,0.19300000369548798,1.1019999980926514,1776886975.539
-0.06499999761581421,0.1809999942779541,1.0809999704360962,1776886975.566
-0.03999999910593033,0.16200000047683716,1.0670000314712524,1776886975.577
0.10199999809265137,0.09000000357627869,0.9610000252723694,1776886976.003
0.09200000017881393,0.057999998331069946,0.9079999923706055,1776886976.019
0.07199999690055847,0.09099999815225601,0.777999997138977,1776886976.049
-0.1940000057220459,0.33399999141693115,1.2869999408721924,1776886976.06
-0.1599999964237213,0.28200000524520874,1.1349999904632568,1776886976.086
-0.032999999821186066,0.057999998331069946,1.0099999904632568,1776886976.506
0.026000000536441803,0.05400000140070915,1.1299999952316284,1776886976.517
0.035999998450279236,0.04800000041723251,1.1399999856948853,1776886976.543
0.03400000184774399,0.06599999964237213,1.1050000190734863,1776886976.564
0.009999999776482582,0.07800000160932541,1.00600004196167,1776886976.578
0.0020000000949949026,0.05999999865889549,1.0720000267028809,1776886977.011
0.0010000000474974513,0.08900000154972076,1.0859999656677246,1776886977.022
-0.02199999988079071,0.10300000011920929,1.0740000009536743,1776886977.043
0.009999999776482582,0.0989999994635582,1.093999981880188,1776886977.057
0.04100000113248825,0.0689999982714653,1.0809999704360962,1776886977.086
0.014999999664723873,-0.0860000029206276,1.0679999589920044,1776886977.498
0.003000000026077032,-0.017000000923871994,1.0870000123977661,1776886977.523
-0.08699999749660492,0.04500000178813934,1.1369999647140503,1776886977.537
-0.08799999952316284,0.06499999761581421,1.0829999446868896,1776886977.563
0.004999999888241291,0.03099999949336052,1.1139999628067017,1776886977.577
-0.01899999938905239,0.03400000184774399,1.1050000190734863,1776886978.003
-0.012000000104308128,0.035999998450279236,1.1009999513626099,1776886978.017
-0.017000000923871994,0.03400000184774399,1.097000002861023,1776886978.037
-0.014000000432133675,0.03700000047683716,1.1119999885559082,1776886978.063
-0.014000000432133675,0.03400000184774399,1.093000054359436,1776886978.079
-0.01600000075995922,0.039000000804662704,1.1019999980926514,1776886978.497
-0.017000000923871994,0.03400000184774399,1.1100000143051147,1776886978.523
-0.014999999664723873,0.03500000014901161,1.1009999513626099,1776886978.537
-0.012000000104308128,0.03500000014901161,1.0950000286102295,1776886978.563
-0.014999999664723873,0.03799999877810478,1.100000023841858,1776886978.577
-0.027000000700354576,0.22200000286102295,1.1160000562667847,1776886979.017
-0.04399999976158142,0.2759999930858612,1.1490000486373901,1776886979.043
-0.03700000047683716,0.26499998569488525,1.1150000095367432,1776886979.059
-0.007000000216066837,0.2750000059604645,1.034999966621399,1776886979.086
-0.16099999845027924,0.06700000166893005,1.4390000104904175,1776886979.098
-0.08299999684095383,-0.020999999716877937,1.3839999437332153,1776886979.498
0.017000000923871994,0.07999999821186066,1.1080000400543213,1776886979.523
-0.10599999874830246,0.1979999989271164,1.0399999618530273,1776886979.537
-0.2199999988079071,0.28299999237060547,1.0870000123977661,1776886979.565
-0.19200000166893005,0.3240000009536743,0.9879999756813049,1776886979.577
-0.07599999755620956,0.3019999861717224,1.0570000410079956,1776886980.026
-0.07400000095367432,0.3009999990463257,1.059999942779541,1776886980.037
-0.07800000160932541,0.2919999957084656,1.062999963760376,1776886980.064
-0.07900000363588333,0.3070000112056732,1.055999994277954,1776886980.079
-0.07400000095367432,0.3019999861717224,1.0549999475479126,1776886980.097
-0.07599999755620956,0.3050000071525574,1.059999942779541,1776886980.519
-0.07999999821186066,0.3050000071525574,1.055999994277954,1776886980.545
-0.08399999886751175,0.3059999942779541,1.0609999895095825,1776886980.559
-0.07800000160932541,0.3050000071525574,1.0579999685287476,1776886980.586
-0.07699999958276749,0.30399999022483826,1.0579999685287476,1776886980.597
-0.0989999994635582,0.4410000145435333,0.8240000009536743,1776886981.024
-0.019999999552965164,0.5239999890327454,1.0269999504089355,1776886981.039
-0.05900000035762787,0.4580000042915344,0.949999988079071,1776886981.059
0.04399999976158142,0.6380000114440918,0.9769999980926514,1776886981.078
0.3499999940395355,0.7929999828338623,0.972000002861023,1776886981.104
0.017000000923871994,0.25699999928474426,1.0720000267028809,1776886981.523
0.017999999225139618,0.25,1.0740000009536743,1776886981.538
0.02800000086426735,0.24500000476837158,1.069000005722046,1776886981.563
0.03400000184774399,0.24300000071525574,1.0720000267028809,1776886981.577
0.035999998450279236,0.24500000476837158,1.0789999961853027,1776886981.603
0.01899999938905239,0.23000000417232513,1.1160000562667847,1776886982.017
0.05400000140070915,0.25200000405311584,1.0720000267028809,1776886982.043
0.0430000014603138,0.27300000190734863,1.0449999570846558,1776886982.058
0.024000000208616257,0.2770000100135803,1.0509999990463257,1776886982.084
0.0,0.23399999737739563,1.1380000114440918,1776886982.098
-0.03200000151991844,0.27799999713897705,1.0920000076293945,1776886982.521
-0.017000000923871994,0.2669999897480011,1.059999942779541,1776886982.537
-0.02500000037252903,0.2750000059604645,1.0779999494552612,1776886982.563
-0.04100000113248825,0.2849999964237213,1.062000036239624,1776886982.577
-0.03200000151991844,0.2720000147819519,1.0720000267028809,1776886982.603
-0.18799999356269836,0.15000000596046448,1.055999994277954,1776886983.017
0.02800000086426735,0.367000013589859,1.1670000553131104,1776886983.043
0.08100000023841858,0.37700000405311584,1.031000018119812,1776886983.057
-0.0560000017285347,0.382999986410141,1.0149999856948853,1776886983.09
-0.006000000052154064,0.24300000071525574,1.034999966621399,1776886983.1
-0.024000000208616257,0.31200000643730164,1.0720000267028809,1776886983.523
-0.039000000804662704,0.2930000126361847,1.0399999618530273,1776886983.541
-0.020999999716877937,0.30000001192092896,1.1009999513626099,1776886983.557
-0.032999999821186066,0.29100000858306885,1.0889999866485596,1776886983.583
-0.06800000369548798,0.25999999046325684,1.059000015258789,1776886983.599
0.04699999839067459,0.32199999690055847,1.0130000114440918,1776886984.017
0.00800000037997961,0.2759999930858612,1.100000023841858,1776886984.044
0.0020000000949949026,0.31200000643730164,1.1030000448226929,1776886984.057
0.10499999672174454,0.3179999887943268,1.0260000228881836,1776886984.083
-0.039000000804662704,0.2800000011920929,1.0950000286102295,1776886984.102
0.020999999716877937,0.30399999022483826,1.059000015258789,1776886984.545
0.010999999940395355,0.2980000078678131,1.0490000247955322,1776886984.559
-0.003000000026077032,0.3070000112056732,1.0829999446868896,1776886984.586
-0.012000000104308128,0.3100000023841858,1.0540000200271606,1776886984.598
-0.004000000189989805,0.28600001335144043,1.059000015258789,1776886984.624
0.004999999888241291,0.2879999876022339,1.0509999990463257,1776886985.027
-0.03700000047683716,0.2770000100135803,1.0470000505447388,1776886985.037
-0.01899999938905239,0.30799999833106995,1.0870000123977661,1776886985.064
0.007000000216066837,0.2930000126361847,1.0490000247955322,1776886985.078
0.014000000432133675,0.28700000047683716,1.0549999475479126,1776886985.104
-0.014999999664723873,0.30000001192092896,1.0770000219345093,1776886985.546
0.0020000000949949026,0.32199999690055847,1.0700000524520874,1776886985.558
0.004000000189989805,0.32199999690055847,1.0479999780654907,1776886985.589
0.019999999552965164,0.31299999356269836,1.0570000410079956,1776886985.6
0.004999999888241291,0.27300000190734863,1.0579999685287476,1776886985.618
-0.024000000208616257,0.3400000035762787,1.0369999408721924,1776886986.044
-0.027000000700354576,0.37700000405311584,1.0640000104904175,1776886986.058
0.017999999225139618,0.29899999499320984,1.0360000133514404,1776886986.084
-0.028999999165534973,0.328000009059906,1.0479999780654907,1776886986.099
-0.05999999865889549,0.3149999976158142,1.0809999704360962,1776886986.118
-0.014000000432133675,0.3499999940395355,1.065999984741211,1776886986.544
-0.03500000014901161,0.3230000138282776,1.0410000085830688,1776886986.558
-0.04800000041723251,0.3059999942779541,1.0529999732971191,1776886986.586
-0.007000000216066837,0.32600000500679016,1.062999963760376,1776886986.598
-0.03200000151991844,0.3140000104904175,1.0499999523162842,1776886986.624
-0.03099999949336052,0.3179999887943268,1.0529999732971191,1776886987.038
-0.02500000037252903,0.32199999690055847,1.0529999732971191,1776886987.064
-0.020999999716877937,0.3240000009536743,1.062999963760376,1776886987.077
-0.03099999949336052,0.3149999976158142,1.0540000200271606,1776886987.104
-0.03099999949336052,0.3149999976158142,1.0549999475479126,1776886987.127
0.03500000014901161,0.34299999475479126,0.9229999780654907,1776886987.538
0.057999998331069946,0.296999990940094,1.184999942779541,1776886987.57
0.1679999977350235,0.5170000195503235,0.949999988079071,1776886987.581
0.020999999716877937,0.6740000247955322,0.7760000228881836,1776886987.599
0.035999998450279236,0.5419999957084656,1.340000033378601,1776886987.625
0.38499999046325684,0.2980000078678131,0.953000009059906,1776886988.038
0.30000001192092896,0.30300000309944153,1.0180000066757202,1776886988.064
0.26600000262260437,0.3100000023841858,0.9779999852180481,1776886988.08
0.257999986410141,0.28600001335144043,1.0379999876022339,1776886988.106
0.2849999964237213,0.27300000190734863,1.0199999809265137,1776886988.118
0.29499998688697815,0.30799999833106995,1.00600004196167,1776886988.538
0.2939999997615814,0.30399999022483826,1.0110000371932983,1776886988.564
0.296999990940094,0.30300000309944153,1.00600004196167,1776886988.578
0.2939999997615814,0.3059999942779541,1.0140000581741333,1776886988.598
0.29600000381469727,0.3009999990463257,1.0149999856948853,1776886988.624
0.29899999499320984,0.30300000309944153,1.0110000371932983,1776886989.038
0.2939999997615814,0.3070000112056732,1.0080000162124634,1776886989.066
0.2930000126361847,0.3059999942779541,1.0069999694824219,1776886989.078
0.29499998688697815,0.3059999942779541,1.0089999437332153,1776886989.104
0.296999990940094,0.3070000112056732,1.0099999904632568,1776886989.119
0.296999990940094,0.3050000071525574,1.0080000162124634,1776886989.538
0.2939999997615814,0.3070000112056732,1.0130000114440918,1776886989.566
0.2939999997615814,0.3059999942779541,1.0049999952316284,1776886989.577
0.2930000126361847,0.3059999942779541,1.0149999856948853,1776886989.603
0.29499998688697815,0.3059999942779541,1.0130000114440918,1776886989.619
0.19900000095367432,0.24699999392032623,1.0549999475479126,1776886990.043
0.25699999928474426,0.28299999237060547,1.003000020980835,1776886990.058
0.29899999499320984,0.3190000057220459,0.9990000128746033,1776886990.083
0.22599999606609344,0.32100000977516174,1.003000020980835,1776886990.098
0.24699999392032623,0.3109999895095825,1.0240000486373901,1776886990.125
0.25099998712539673,0.3050000071525574,1.0329999923706055,1776886990.558
0.29899999499320984,0.3179999887943268,1.0390000343322754,1776886990.584
0.22499999403953552,0.289000004529953,1.0499999523162842,1776886990.598
0.27000001072883606,0.2939999997615814,1.0180000066757202,1776886990.624
0.25999999046325684,0.27000001072883606,1.0529999732971191,1776886990.64
-0.23499999940395355,0.09700000286102295,1.1640000343322754,1776886991.043
-0.21899999678134918,0.1679999977350235,1.0709999799728394,1776886991.058
-0.04699999839067459,0.10999999940395355,1.3869999647140503,1776886991.094
0.12200000137090683,0.1120000034570694,1.1469999551773071,1776886991.106
-0.03999999910593033,0.24400000274181366,1.0980000495910645,1776886991.119
-0.017999999225139618,-0.5910000205039978,1.3009999990463257,1776886991.538
-0.017999999225139618,-0.5910000205039978,1.3009999990463257,1776886991.568
-0.010999999940395355,0.0989999994635582,1.128000020980835,1776886991.579
0.02199999988079071,0.023000000044703484,1.0240000486373901,1776886991.605
0.07500000298023224,0.04899999871850014,1.093000054359436,1776886991.618
0.14100000262260437,0.06499999761581421,1.003999948501587,1776886992.038
0.13199999928474426,0.032999999821186066,0.9340000152587891,1776886992.064
0.13199999928474426,0.032999999821186066,0.9340000152587891,1776886992.079
0.13199999928474426,0.032999999821186066,0.9340000152587891,1776886992.098
-0.0020000000949949026,-0.10899999737739563,1.1369999647140503,1776886992.118
0.04100000113248825,0.04800000041723251,1.065000057220459,1776886992.565
0.050999999046325684,0.026000000536441803,1.1139999628067017,1776886992.578
0.06400000303983688,-0.008999999612569809,1.097000002861023,1776886992.604
0.05900000035762787,-0.04800000041723251,1.0850000381469727,1776886992.618
0.03200000151991844,-0.03400000184774399,1.1239999532699585,1776886992.643
0.024000000208616257,0.1940000057220459,1.0750000476837158,1776886993.058
0.04399999976158142,0.1469999998807907,1.1019999980926514,1776886993.086
0.04399999976158142,0.1469999998807907,1.1019999980926514,1776886993.098
0.04399999976158142,0.1469999998807907,1.1019999980926514,1776886993.124
0.04399999976158142,0.1469999998807907,1.1019999980926514,1776886993.14
0.04600000008940697,0.05299999937415123,1.093999981880188,1776886993.566
0.12800000607967377,0.04100000113248825,1.0850000381469727,1776886993.578
0.08799999952316284,0.0949999988079071,0.984000027179718,1776886993.603
0.05999999865889549,0.08500000089406967,1.0119999647140503,1776886993.618
0.0689999982714653,-0.15700000524520874,1.3650000095367432,1776886993.646
0.28999999165534973,0.04600000008940697,1.11899995803833,1776886994.063
0.05299999937415123,-0.026000000536441803,0.9190000295639038,1776886994.078
0.05299999937415123,-0.026000000536441803,0.9190000295639038,1776886994.107
0.05299999937415123,-0.026000000536441803,0.9190000295639038,1776886994.118
-0.17599999904632568,0.07000000029802322,0.9319999814033508,1776886994.144
-0.48100000619888306,0.39399999380111694,0.6830000281333923,1776886994.564
-0.1420000046491623,-0.1340000033378601,1.3270000219345093,1776886994.578
-0.06599999964237213,-0.24899999797344208,1.5360000133514404,1776886994.606
0.12600000202655792,0.12399999797344208,1.184999942779541,1776886994.618
0.0560000017285347,0.125,1.121999979019165,1776886994.643
-0.03500000014901161,0.32600000500679016,1.0779999494552612,1776886995.061
-0.375,0.7020000219345093,0.8790000081062317,1776886995.078
-0.39899998903274536,0.9190000295639038,1.2699999809265137,1776886995.103
-0.39899998903274536,0.9190000295639038,1.2699999809265137,1776886995.119
-0.39899998903274536,0.9190000295639038,1.2699999809265137,1776886995.147
0.0010000000474974513,0.061000000685453415,1.1119999885559082,1776886995.567
-0.03999999910593033,0.05299999937415123,1.0399999618530273,1776886995.578
-0.03700000047683716,0.12099999934434891,1.1269999742507935,1776886995.604
-0.028999999165534973,0.1379999965429306,1.1890000104904175,1776886995.62
0.10000000149011612,0.03500000014901161,1.1640000343322754,1776886995.646
-0.16899999976158142,0.656000018119812,0.781000018119812,1776886996.058
-0.17599999904632568,0.6499999761581421,0.7059999704360962,1776886996.084
-0.16899999976158142,0.6539999842643738,0.7730000019073486,1776886996.098
-0.061000000685453415,0.6050000190734863,1.0679999589920044,1776886996.123
-0.061000000685453415,0.6050000190734863,1.0679999589920044,1776886996.138
0.5220000147819519,0.4449999928474426,0.8379999995231628,1776886996.565
-0.20399999618530273,0.22699999809265137,1.531999945640564,1776886996.578
0.041999999433755875,0.328000009059906,1.3380000591278076,1776886996.604
0.2549999952316284,0.15399999916553497,1.1540000438690186,1776886996.618
0.367000013589859,0.3880000114440918,0.7179999947547913,1776886996.648
0.20200000703334808,0.47099998593330383,1.1119999885559082,1776886997.058
0.20100000500679016,0.3580000102519989,0.9660000205039978,1776886997.086
0.16899999976158142,0.3880000114440918,0.8840000033378601,1776886997.098
0.09300000220537186,0.33500000834465027,1.1970000267028809,1776886997.123
0.09300000220537186,0.33500000834465027,1.1970000267028809,1776886997.138
0.5139999985694885,0.4339999854564667,0.9409999847412109,1776886997.558
0.16899999976158142,0.5979999899864197,1.093000054359436,1776886997.583
0.21899999678134918,0.4519999921321869,0.8370000123977661,1776886997.6
0.2540000081062317,0.492000013589859,1.0360000133514404,1776886997.62
0.3490000069141388,0.460999995470047,0.9340000152587891,1776886997.649
0.19900000095367432,0.4790000021457672,1.024999976158142,1776886998.065
0.18199999630451202,0.46700000762939453,0.9860000014305115,1776886998.078
0.1979999989271164,0.44699999690055847,1.0119999647140503,1776886998.098
0.18299999833106995,0.46799999475479126,0.9580000042915344,1776886998.124
0.13899999856948853,0.36000001430511475,0.9179999828338623,1776886998.138
0.12200000137090683,0.38100001215934753,1.0119999647140503,1776886998.578
0.12200000137090683,0.36399999260902405,1.027999997138977,1776886998.604
0.15299999713897705,0.3569999933242798,1.0290000438690186,1776886998.618
0.1379999965429306,0.35899999737739563,1.0410000085830688,1776886998.644
0.11800000071525574,0.3700000047683716,1.0149999856948853,1776886998.658
-0.289000004529953,0.2750000059604645,1.0980000495910645,1776886999.058
-0.028999999165534973,0.29899999499320984,1.25,1776886999.089
-0.11999999731779099,0.24400000274181366,1.059999942779541,1776886999.1
-0.04699999839067459,0.32899999618530273,1.0260000228881836,1776886999.125
0.07400000095367432,0.3149999976158142,1.0720000267028809,1776886999.138
-0.36899998784065247,-0.07800000160932541,1.2300000190734863,1776886999.578
0.057999998331069946,0.027000000700354576,1.1699999570846558,1776886999.604
-0.08299999684095383,0.04100000113248825,0.8320000171661377,1776886999.618
-0.25699999928474426,-0.0729999989271164,0.49300000071525574,1776886999.647
0.7129999995231628,0.32499998807907104,1.5080000162124634,1776886999.659
-0.08299999684095383,0.13500000536441803,1.0110000371932983,1776887000.081
0.2529999911785126,0.10000000149011612,1.1449999809265137,1776887000.099
0.12800000607967377,0.10300000011920929,0.7559999823570251,1776887000.126
0.11699999868869781,0.020999999716877937,0.8659999966621399,1776887000.138
0.014000000432133675,-0.017999999225139618,1.1080000400543213,1776887000.163
0.0989999994635582,0.17299999296665192,0.9700000286102295,1776887000.578
0.09000000357627869,0.2240000069141388,1.2200000286102295,1776887000.604
0.03200000151991844,0.19699999690055847,1.0529999732971191,1776887000.618
0.03200000151991844,0.20600000023841858,1.4459999799728394,1776887000.645
0.13300000131130219,0.1860000044107437,1.059999942779541,1776887000.658
0.041999999433755875,0.14300000667572021,1.097000002861023,1776887001.084
0.041999999433755875,0.24199999868869781,1.090000033378601,1776887001.098
0.039000000804662704,0.20100000500679016,1.0850000381469727,1776887001.124
0.02500000037252903,0.17100000381469727,1.1019999980926514,1776887001.138
0.039000000804662704,0.2160000056028366,1.0800000429153442,1776887001.164
-0.024000000208616257,0.04699999839067459,0.9330000281333923,1776887001.586
0.0860000029206276,-0.05700000002980232,1.343000054359436,1776887001.598
0.3659999966621399,-0.210999995470047,1.3569999933242798,1776887001.625
0.10000000149011612,0.04899999871850014,0.7329999804496765,1776887001.638
-0.03700000047683716,0.15600000321865082,0.921999990940094,1776887001.666
0.09399999678134918,0.07500000298023224,1.0160000324249268,1776887002.084
0.03999999910593033,0.14000000059604645,0.9810000061988831,1776887002.098
-0.13600000739097595,0.0949999988079071,0.9160000085830688,1776887002.126
-0.421999990940094,-0.039000000804662704,1.0019999742507935,1776887002.138
0.16500000655651093,0.19200000166893005,1.5470000505447388,1776887002.164
0.08299999684095383,0.4020000100135803,0.9900000095367432,1776887002.586
0.010999999940395355,0.38600000739097595,0.9860000014305115,1776887002.598
-0.01899999938905239,0.3840000033378601,0.8830000162124634,1776887002.625
-0.06199999898672104,0.3490000069141388,0.753000020980835,1776887002.639
-0.13600000739097595,0.3440000116825104,0.7860000133514404,1776887002.666
-0.17000000178813934,0.0860000029206276,1.1039999723434448,1776887003.084
-0.09600000083446503,0.041999999433755875,1.065999984741211,1776887003.098
-0.03500000014901161,0.026000000536441803,1.0740000009536743,1776887003.124
0.04100000113248825,-0.07000000029802322,1.159000039100647,1776887003.138
-0.02199999988079071,0.004000000189989805,1.0839999914169312,1776887003.164
-0.019999999552965164,0.05000000074505806,1.0959999561309814,1776887003.604
-0.02199999988079071,0.04399999976158142,1.0950000286102295,1776887003.62
-0.02500000037252903,0.03200000151991844,1.0920000076293945,1776887003.647
-0.01899999938905239,0.04800000041723251,1.1019999980926514,1776887003.658
-0.01600000075995922,0.07100000232458115,1.0950000286102295,1776887003.685
0.0020000000949949026,0.06300000101327896,1.0549999475479126,1776887004.107
-0.061000000685453415,0.0729999989271164,1.027999997138977,1776887004.118
-0.05400000140070915,0.0729999989271164,1.0299999713897705,1776887004.145
-0.08299999684095383,0.10400000214576721,1.0679999589920044,1776887004.159
-0.06800000369548798,0.12200000137090683,1.159000039100647,1776887004.185
-0.14000000059604645,0.07000000029802322,0.9409999847412109,1776887004.598
-0.10700000077486038,0.09200000017881393,0.9779999852180481,1776887004.624
-0.16200000047683716,0.16899999976158142,1.1779999732971191,1776887004.639
-0.10700000077486038,0.0989999994635582,1.0839999914169312,1776887004.667
-0.03400000184774399,0.08299999684095383,1.0520000457763672,1776887004.678
-0.004999999888241291,0.11299999803304672,0.8289999961853027,1776887005.098
-0.1289999932050705,0.22699999809265137,1.4889999628067017,1776887005.124
-0.13199999928474426,0.41999998688697815,1.1779999732971191,1776887005.138
-0.02199999988079071,0.03099999949336052,1.2389999628067017,1776887005.165
-0.020999999716877937,0.09099999815225601,1.2039999961853027,1776887005.178
-0.006000000052154064,0.1979999989271164,1.059999942779541,1776887005.599
-0.027000000700354576,0.2070000022649765,1.1130000352859497,1776887005.62
-0.035999998450279236,0.1860000044107437,1.1059999465942383,1776887005.646
-0.008999999612569809,0.1940000057220459,1.059000015258789,1776887005.658
-0.04100000113248825,0.20200000703334808,1.0789999961853027,1776887005.684
-0.07900000363588333,0.24400000274181366,1.1160000562667847,1776887006.098
-0.07800000160932541,0.2460000067949295,1.062999963760376,1776887006.126
-0.04399999976158142,0.19599999487400055,1.0199999809265137,1776887006.138
0.028999999165534973,0.20100000500679016,1.1619999408721924,1776887006.164
0.01600000075995922,0.18799999356269836,1.0850000381469727,1776887006.178
0.14100000262260437,-0.028999999165534973,1.2400000095367432,1776887006.606
0.18400000035762787,0.013000000268220901,1.3020000457763672,1776887006.618
0.1860000044107437,-0.014999999664723873,1.1019999980926514,1776887006.644
0.07699999958276749,0.004999999888241291,1.0509999990463257,1776887006.658
0.026000000536441803,0.08699999749660492,1.1059999465942383,1776887006.684
-0.17800000309944153,-0.3100000023841858,1.3140000104904175,1776887007.098
-0.1459999978542328,-0.0560000017285347,0.9190000295639038,1776887007.124
-0.10199999809265137,0.023000000044703484,1.0579999685287476,1776887007.138
-0.03799999877810478,0.07999999821186066,1.1770000457763672,1776887007.166
0.035999998450279236,0.15000000596046448,1.0540000200271606,1776887007.178
-0.023000000044703484,0.06800000369548798,1.0950000286102295,1776887007.604
-0.019999999552965164,0.07000000029802322,1.0989999771118164,1776887007.618
-0.02199999988079071,0.06400000303983688,1.093999981880188,1776887007.644
-0.02500000037252903,0.06700000166893005,1.0959999561309814,1776887007.658
-0.01899999938905239,0.07100000232458115,1.0989999771118164,1776887007.684
-0.06300000101327896,0.17900000512599945,1.0839999914169312,1776887008.105
-0.04600000008940697,0.21799999475479126,1.1349999904632568,1776887008.118
-0.04600000008940697,0.22300000488758087,1.1050000190734863,1776887008.144
-0.05000000074505806,0.2199999988079071,1.1150000095367432,1776887008.16
-0.028999999165534973,0.2329999953508377,1.0789999961853027,1776887008.18
-0.09099999815225601,0.3880000114440918,1.1610000133514404,1776887008.598
-0.257999986410141,0.3160000145435333,1.1360000371932983,1776887008.635
-0.24699999392032623,0.2590000033378601,1.1640000343322754,1776887008.649
-0.25600001215934753,0.0,1.2599999904632568,1776887008.659
-0.24300000071525574,0.09600000083446503,1.0859999656677246,1776887008.685
0.4390000104904175,0.45899999141693115,0.33500000834465027,1776887009.105
-0.49000000953674316,0.7870000004768372,1.1380000114440918,1776887009.12
-0.6809999942779541,0.7409999966621399,0.7080000042915344,1776887009.139
-0.6690000295639038,0.6779999732971191,0.8169999718666077,1776887009.167
-0.4659999907016754,0.5960000157356262,0.6639999747276306,1776887009.178
-0.017999999225139618,0.026000000536441803,1.1269999742507935,1776887009.625
-0.7279999852180481,0.628000020980835,0.8040000200271606,1776887009.638
-0.4779999852180481,0.4429999887943268,0.5090000033378601,1776887009.658
-0.29100000858306885,0.42800000309944153,0.5899999737739563,1776887009.684
-0.5820000171661377,0.546999990940094,0.7429999709129333,1776887009.698
-0.18799999356269836,0.09099999815225601,0.722000002861023,1776887010.128
-0.21299999952316284,0.42500001192092896,1.0369999408721924,1776887010.139
-0.3930000066757202,0.2759999930858612,1.2230000495910645,1776887010.159
-0.28600001335144043,0.3109999895095825,0.6990000009536743,1776887010.186
-0.12999999523162842,0.09099999815225601,0.8119999766349792,1776887010.198
-0.03500000014901161,0.40400001406669617,0.8270000219345093,1776887010.618
0.23199999332427979,0.492000013589859,1.1549999713897705,1776887010.644
-0.12399999797344208,0.9150000214576721,0.8330000042915344,1776887010.659
0.007000000216066837,0.7300000190734863,0.7620000243186951,1776887010.678
-0.052000001072883606,0.7480000257492065,0.6200000047683716,1776887010.704
-0.09300000220537186,0.3700000047683716,1.0440000295639038,1776887011.125
-0.16200000047683716,0.3100000023841858,0.9819999933242798,1776887011.138
-0.09700000286102295,0.3720000088214874,1.0180000066757202,1776887011.164
-0.08399999886751175,0.4099999964237213,1.0679999589920044,1776887011.178
-0.0560000017285347,0.3700000047683716,0.9919999837875366,1776887011.204
-0.08500000089406967,0.3919999897480011,1.034000039100647,1776887011.618
-0.07999999821186066,0.39100000262260437,1.0299999713897705,1776887011.644
-0.07699999958276749,0.39100000262260437,1.0230000019073486,1776887011.658
-0.07599999755620956,0.3880000114440918,1.0260000228881836,1776887011.684
-0.08299999684095383,0.39100000262260437,1.031000018119812,1776887011.7
-0.15700000524520874,0.5049999952316284,0.7609999775886536,1776887012.119
0.003000000026077032,0.7239999771118164,0.7639999985694885,1776887012.145
-0.10400000214576721,0.7229999899864197,0.968999981880188,1776887012.159
0.07999999821186066,0.6060000061988831,0.9449999928474426,1776887012.186
0.017000000923871994,0.6340000033378601,1.090999960899353,1776887012.198
-0.4740000069141388,0.5360000133514404,0.41100001335144043,1776887012.624
-0.6100000143051147,0.45899999141693115,0.8450000286102295,1776887012.64
-0.6320000290870667,0.5820000171661377,1.5800000429153442,1776887012.659
-0.3840000033378601,0.44699999690055847,0.9890000224113464,1776887012.686
-0.43299999833106995,0.4429999887943268,0.9620000123977661,1776887012.698
0.5640000104904175,0.32100000977516174,1.4889999628067017,1776887013.14
-0.6690000295639038,0.4350000023841858,-1.9160000085830688,1776887013.166
-0.29600000381469727,0.24300000071525574,0.574999988079071,1776887013.178
-0.19900000095367432,0.164000004529953,1.0839999914169312,1776887013.204
-0.24799999594688416,0.08299999684095383,0.3269999921321869,1776887013.218
0.003000000026077032,0.6019999980926514,1.312000036239624,1776887013.638
-0.1340000033378601,0.2800000011920929,0.8140000104904175,1776887013.664
0.014000000432133675,0.46000000834465027,0.9580000042915344,1776887013.679
-0.12200000137090683,0.46700000762939453,0.8360000252723694,1776887013.707
-0.503000020980835,0.16599999368190765,1.3450000286102295,1776887013.718
-0.12399999797344208,0.42899999022483826,0.9890000224113464,1776887014.126
-0.2809999883174896,0.32199999690055847,1.1540000438690186,1776887014.138
-0.24500000476837158,0.26499998569488525,0.9480000138282776,1776887014.167
-0.1589999943971634,0.31200000643730164,1.0369999408721924,1776887014.182
-0.1899999976158142,0.3400000035762787,1.0789999961853027,1776887014.198
-0.23100000619888306,0.3149999976158142,1.0329999923706055,1776887014.639
-0.22699999809265137,0.3179999887943268,1.0379999876022339,1776887014.665
-0.22699999809265137,0.3140000104904175,1.0329999923706055,1776887014.678
-0.23000000417232513,0.3179999887943268,1.031000018119812,1776887014.705
-0.23100000619888306,0.3190000057220459,1.0360000133514404,1776887014.719
-0.2280000001192093,0.3149999976158142,1.0329999923706055,1776887015.119
-0.2280000001192093,0.3149999976158142,1.0329999923706055,1776887015.147
-0.2280000001192093,0.3149999976158142,1.0329999923706055,1776887015.158
-0.22599999606609344,0.3160000145435333,1.0329999923706055,1776887015.184
-0.22499999403953552,0.3149999976158142,1.031000018119812,1776887015.198
-0.2879999876022339,0.30799999833106995,1.059000015258789,1776887015.618
-0.25099998712539673,0.26899999380111694,1.0199999809265137,1776887015.644
-0.22200000286102295,0.36899998784065247,1.0329999923706055,1776887015.658
-0.23499999940395355,0.4180000126361847,1.0490000247955322,1776887015.684
-0.23499999940395355,0.4180000126361847,1.0490000247955322,1776887015.698
-0.2540000081062317,0.5299999713897705,1.034000039100647,1776887016.146
-0.29100000858306885,0.48399999737739563,1.034000039100647,1776887016.159
-0.15800000727176666,0.46000000834465027,1.2000000476837158,1776887016.186
-0.2150000035762787,0.4690000116825104,0.9509999752044678,1776887016.198
-0.19900000095367432,0.4519999921321869,0.9559999704360962,1776887016.224
-0.2709999978542328,0.5070000290870667,0.8790000081062317,1776887016.639
-0.31299999356269836,0.5580000281333923,0.9580000042915344,1776887016.665
-0.4009999930858612,0.6100000143051147,0.9139999747276306,1776887016.678
-0.4009999930858612,0.6100000143051147,0.9139999747276306,1776887016.704
-0.4009999930858612,0.6100000143051147,0.9139999747276306,1776887016.72
-0.20600000023841858,0.6470000147819519,0.492000013589859,1776887017.145
-0.17000000178813934,0.9390000104904175,1.0130000114440918,1776887017.158
-0.19099999964237213,0.4490000009536743,0.5889999866485596,1776887017.185
-0.14399999380111694,0.871999979019165,1.9639999866485596,1776887017.2
-0.8119999766349792,0.12800000607967377,1.7879999876022339,1776887017.226
-0.4350000023841858,0.9610000252723694,0.7789999842643738,1776887017.649
-0.3149999976158142,1.0140000581741333,0.7099999785423279,1776887017.659
-0.33799999952316284,0.7210000157356262,0.621999979019165,1776887017.685
-0.33799999952316284,0.7210000157356262,0.621999979019165,1776887017.698
-0.33799999952316284,0.7210000157356262,0.621999979019165,1776887017.726
-0.42399999499320984,0.6200000047683716,0.7889999747276306,1776887018.144
-0.42100000381469727,0.652999997138977,0.7720000147819519,1776887018.159
-0.4050000011920929,0.5720000267028809,0.8420000076293945,1776887018.185
-0.4099999964237213,0.5559999942779541,0.8600000143051147,1776887018.198
-0.41600000858306885,0.5619999766349792,0.8259999752044678,1776887018.225
-0.414000004529953,0.5979999899864197,0.8149999976158142,1776887018.638
-0.4230000078678131,0.597000002861023,0.8140000104904175,1776887018.667
-0.42100000381469727,0.5929999947547913,0.8199999928474426,1776887018.678
-0.414000004529953,0.5899999737739563,0.8169999718666077,1776887018.704
-0.41600000858306885,0.597000002861023,0.8220000267028809,1776887018.719
-0.20000000298023224,0.6299999952316284,0.7789999842643738,1776887019.146
-0.3100000023841858,0.47099998593330383,0.6779999732971191,1776887019.158
-0.5120000243186951,0.550000011920929,1.0410000085830688,1776887019.185
-0.45100000500679016,0.48399999737739563,0.6610000133514404,1776887019.199
-0.43299999833106995,0.5509999990463257,0.7379999756813049,1776887019.226
-0.6029999852180481,0.7329999804496765,0.7099999785423279,1776887019.658
-0.47099998593330383,0.7229999899864197,0.6069999933242798,1776887019.685
-0.5789999961853027,0.5120000243186951,0.46000000834465027,1776887019.698
-0.3970000147819519,0.5590000152587891,0.7409999966621399,1776887019.725
-0.5189999938011169,0.7429999709129333,0.8059999942779541,1776887019.738
-0.6320000290870667,0.24500000476837158,-0.7139999866485596,1776887020.14
-0.37700000405311584,0.14300000667572021,-0.4230000078678131,1776887020.166
-0.546999990940094,-0.023000000044703484,-0.09200000017881393,1776887020.178
-0.3199999928474426,0.02500000037252903,-1.9160000085830688,1776887020.206
-1.6660000085830688,-0.2370000034570694,-1.9160000085830688,1776887020.218
-0.949999988079071,-0.125,-0.32600000500679016,1776887020.639
-0.9279999732971191,-0.10199999809265137,-0.27799999713897705,1776887020.665
-0.9100000262260437,-0.10599999874830246,-0.3400000035762787,1776887020.678
-0.9150000214576721,-0.14499999582767487,-0.3529999852180481,1776887020.704
-0.9190000295639038,-0.15700000524520874,-0.33899998664855957,1776887020.72
-0.9020000100135803,-0.12800000607967377,-0.3319999873638153,1776887021.159
-0.9100000262260437,-0.12800000607967377,-0.3330000042915344,1776887021.187
-0.9039999842643738,-0.13300000131130219,-0.335999995470047,1776887021.199
-0.9049999713897705,-0.13600000739097595,-0.35199999809265137,1776887021.225
-0.9100000262260437,-0.13199999928474426,-0.3310000002384186,1776887021.238
-0.9120000004768372,-0.12800000607967377,-0.3319999873638153,1776887021.664
-0.9139999747276306,-0.13099999725818634,-0.33000001311302185,1776887021.681
-0.9079999923706055,-0.13500000536441803,-0.33399999141693115,1776887021.707
-0.9079999923706055,-0.1340000033378601,-0.3310000002384186,1776887021.719
-0.9070000052452087,-0.13199999928474426,-0.3310000002384186,1776887021.743
-0.9110000133514404,-0.13300000131130219,-0.33799999952316284,1776887022.16
-0.9079999923706055,-0.13199999928474426,-0.3310000002384186,1776887022.186
-0.9089999794960022,-0.13500000536441803,-0.33399999141693115,1776887022.198
-0.9110000133514404,-0.13500000536441803,-0.33399999141693115,1776887022.224
-0.9070000052452087,-0.13099999725818634,-0.3310000002384186,1776887022.239
-0.9089999794960022,-0.1340000033378601,-0.3319999873638153,1776887022.667
-0.9120000004768372,-0.13300000131130219,-0.3319999873638153,1776887022.678
-0.906000018119812,-0.11999999731779099,-0.3330000042915344,1776887022.708
-0.9079999923706055,-0.13099999725818634,-0.3310000002384186,1776887022.719
-0.9079999923706055,-0.1340000033378601,-0.33399999141693115,1776887022.74
-0.9079999923706055,-0.13300000131130219,-0.3319999873638153,1776887023.161
-0.9089999794960022,-0.13300000131130219,-0.3310000002384186,1776887023.187
-0.9100000262260437,-0.13699999451637268,-0.33000001311302185,1776887023.199
-0.9079999923706055,-0.13300000131130219,-0.3330000042915344,1776887023.225
-0.9100000262260437,-0.13199999928474426,-0.3370000123977661,1776887023.238
-0.906000018119812,-0.1289999932050705,-0.33899998664855957,1776887023.658
-0.9070000052452087,-0.13300000131130219,-0.33500000834465027,1776887023.684
-0.9110000133514404,-0.13300000131130219,-0.33399999141693115,1776887023.699
-0.9139999747276306,-0.13500000536441803,-0.33500000834465027,1776887023.731
-0.9089999794960022,-0.1289999932050705,-0.33500000834465027,1776887023.742
-0.9049999713897705,-0.13300000131130219,-0.3310000002384186,1776887024.164
-0.9089999794960022,-0.13199999928474426,-0.3319999873638153,1776887024.179
-0.9100000262260437,-0.13600000739097595,-0.33399999141693115,1776887024.209
-0.9100000262260437,-0.13600000739097595,-0.3330000042915344,1776887024.219
-0.9049999713897705,-0.13099999725818634,-0.33399999141693115,1776887024.246
-0.902999997138977,-0.1459999978542328,-0.3330000042915344,1776887024.666
-0.9100000262260437,-0.13099999725818634,-0.3310000002384186,1776887024.678
-0.9100000262260437,-0.13300000131130219,-0.32899999618530273,1776887024.704
-0.9129999876022339,-0.1340000033378601,-0.34599998593330383,1776887024.719
-0.9100000262260437,-0.13300000131130219,-0.33399999141693115,1776887024.75
-0.9129999876022339,-0.13300000131130219,-0.33399999141693115,1776887025.166
-0.9129999876022339,-0.12999999523162842,-0.32899999618530273,1776887025.178
-0.9070000052452087,-0.11900000274181366,-0.328000009059906,1776887025.208
-0.9079999923706055,-0.1340000033378601,-0.3330000042915344,1776887025.218
-0.9089999794960022,-0.1340000033378601,-0.335999995470047,1776887025.245
-0.9070000052452087,-0.13199999928474426,-0.3319999873638153,1776887025.661
-0.9089999794960022,-0.14000000059604645,-0.3370000123977661,1776887025.679
-0.9079999923706055,-0.13300000131130219,-0.3330000042915344,1776887025.705
-0.9100000262260437,-0.13500000536441803,-0.3319999873638153,1776887025.719
-0.9100000262260437,-0.13300000131130219,-0.3269999921321869,1776887025.745
-0.906000018119812,-0.13300000131130219,-0.3330000042915344,1776887026.164
-0.9089999794960022,-0.13500000536441803,-0.3330000042915344,1776887026.179
-0.9079999923706055,-0.13300000131130219,-0.3330000042915344,1776887026.207
-0.9049999713897705,-0.12999999523162842,-0.33500000834465027,1776887026.221
-0.9110000133514404,-0.13199999928474426,-0.3370000123977661,1776887026.247
-0.906000018119812,-0.13500000536441803,-0.33500000834465027,1776887026.659
-0.9079999923706055,-0.13099999725818634,-0.3409999907016754,1776887026.686
-0.906000018119812,-0.1340000033378601,-0.328000009059906,1776887026.698
-0.9089999794960022,-0.13099999725818634,-0.328000009059906,1776887026.724
-0.9089999794960022,-0.13199999928474426,-0.3319999873638153,1776887026.739
-0.9089999794960022,-0.13500000536441803,-0.335999995470047,1776887027.158
-0.9049999713897705,-0.1289999932050705,-0.328000009059906,1776887027.184
-0.9100000262260437,-0.1340000033378601,-0.3330000042915344,1776887027.199
-0.9089999794960022,-0.13199999928474426,-0.33500000834465027,1776887027.226
-0.9070000052452087,-0.13500000536441803,-0.3370000123977661,1776887027.239
-0.9089999794960022,-0.13300000131130219,-0.32899999618530273,1776887027.664
-0.9079999923706055,-0.13500000536441803,-0.3310000002384186,1776887027.682
-0.906000018119812,-0.13300000131130219,-0.3330000042915344,1776887027.699
-0.9039999842643738,-0.13300000131130219,-0.33399999141693115,1776887027.726
-0.9070000052452087,-0.1340000033378601,-0.33000001311302185,1776887027.739
-0.906000018119812,-0.13099999725818634,-0.33500000834465027,1776887028.159
-0.9079999923706055,-0.13300000131130219,-0.33500000834465027,1776887028.185
-0.906000018119812,-0.1340000033378601,-0.3330000042915344,1776887028.199
-0.9110000133514404,-0.13300000131130219,-0.33399999141693115,1776887028.226
-0.9100000262260437,-0.13300000131130219,-0.3330000042915344,1776887028.239
-0.9110000133514404,-0.1459999978542328,-0.33500000834465027,1776887028.659
-0.9079999923706055,-0.1340000033378601,-0.33399999141693115,1776887028.688
-0.9120000004768372,-0.13500000536441803,-0.3269999921321869,1776887028.699
-0.906000018119812,-0.13300000131130219,-0.33399999141693115,1776887028.726
-0.9089999794960022,-0.13300000131130219,-0.3319999873638153,1776887028.739
-0.9039999842643738,-0.13600000739097595,-0.328000009059906,1776887029.158
-0.9089999794960022,-0.1340000033378601,-0.33500000834465027,1776887029.184
-0.9089999794960022,-0.1340000033378601,-0.33500000834465027,1776887029.2
-0.9089999794960022,-0.1340000033378601,-0.33500000834465027,1776887029.231
-0.9100000262260437,-0.13300000131130219,-0.3310000002384186,1776887029.241
-0.9110000133514404,-0.13199999928474426,-0.335999995470047,1776887029.683
-0.9070000052452087,-0.13199999928474426,-0.3310000002384186,1776887029.699
-0.902999997138977,-0.1340000033378601,-0.328000009059906,1776887029.726
-0.9089999794960022,-0.12999999523162842,-0.33500000834465027,1776887029.742
-0.9070000052452087,-0.13199999928474426,-0.3310000002384186,1776887029.759
-0.9049999713897705,-0.13300000131130219,-0.3310000002384186,1776887030.185
-0.9079999923706055,-0.12999999523162842,-0.32899999618530273,1776887030.199
-0.9079999923706055,-0.12999999523162842,-0.32899999618530273,1776887030.225
-0.9079999923706055,-0.12999999523162842,-0.32899999618530273,1776887030.239
-0.906000018119812,-0.13300000131130219,-0.3330000042915344,1776887030.265
-0.9089999794960022,-0.1340000033378601,-0.33399999141693115,1776887030.686
-0.9110000133514404,-0.1340000033378601,-0.335999995470047,1776887030.7
-0.9110000133514404,-0.13500000536441803,-0.335999995470047,1776887030.725
-0.9110000133514404,-0.13199999928474426,-0.3319999873638153,1776887030.739
-0.9070000052452087,-0.13199999928474426,-0.3319999873638153,1776887030.766
-0.9079999923706055,-0.1340000033378601,-0.3330000042915344,1776887031.185
-0.9070000052452087,-0.13300000131130219,-0.32899999618530273,1776887031.199
-0.9070000052452087,-0.13300000131130219,-0.32899999618530273,1776887031.225
-0.9070000052452087,-0.13300000131130219,-0.32899999618530273,1776887031.239
-0.9070000052452087,-0.13300000131130219,-0.32899999618530273,1776887031.264
-0.9110000133514404,-0.13199999928474426,-0.3319999873638153,1776887031.68
-0.906000018119812,-0.13199999928474426,-0.3330000042915344,1776887031.706
-0.9089999794960022,-0.13300000131130219,-0.32899999618530273,1776887031.719
-0.9049999713897705,-0.13199999928474426,-0.328000009059906,1776887031.745
-0.9049999713897705,-0.13199999928474426,-0.328000009059906,1776887031.759
-0.9070000052452087,-0.1340000033378601,-0.3330000042915344,1776887032.179
-0.9079999923706055,-0.13199999928474426,-0.33500000834465027,1776887032.207
-0.9129999876022339,-0.1340000033378601,-0.33899998664855957,1776887032.219
-0.9079999923706055,-0.13199999928474426,-0.328000009059906,1776887032.244
-0.9110000133514404,-0.13500000536441803,-0.33000001311302185,1776887032.259
-0.9079999923706055,-0.13300000131130219,-0.3330000042915344,1776887032.68
-0.906000018119812,-0.1340000033378601,-0.33500000834465027,1776887032.706
-0.9100000262260437,-0.13300000131130219,-0.32899999618530273,1776887032.72
-0.9079999923706055,-0.13600000739097595,-0.3319999873638153,1776887032.746
-0.9049999713897705,-0.12800000607967377,-0.3319999873638153,1776887032.759
-0.9089999794960022,-0.13300000131130219,-0.3330000042915344,1776887033.182
-0.9100000262260437,-0.13199999928474426,-0.33000001311302185,1776887033.199
-0.9079999923706055,-0.11800000071525574,-0.3330000042915344,1776887033.226
-0.9079999923706055,-0.13500000536441803,-0.3319999873638153,1776887033.24
-0.9049999713897705,-0.13099999725818634,-0.33399999141693115,1776887033.266
-0.9110000133514404,-0.13600000739097595,-0.33399999141693115,1776887033.679
-0.9039999842643738,-0.1340000033378601,-0.3269999921321869,1776887033.706
-0.9089999794960022,-0.13300000131130219,-0.3330000042915344,1776887033.719
-0.9120000004768372,-0.13500000536441803,-0.33899998664855957,1776887033.745
-0.9070000052452087,-0.13199999928474426,-0.3370000123977661,1776887033.759
-0.9089999794960022,-0.13500000536441803,-0.3330000042915344,1776887034.206
-0.9110000133514404,-0.13300000131130219,-0.33000001311302185,1776887034.221
-0.9089999794960022,-0.13300000131130219,-0.3319999873638153,1776887034.239
-0.9100000262260437,-0.13500000536441803,-0.3330000042915344,1776887034.265
-0.9070000052452087,-0.13199999928474426,-0.32899999618530273,1776887034.279
-0.9100000262260437,-0.13300000131130219,-0.328000009059906,1776887034.699
-0.9089999794960022,-0.1340000033378601,-0.3330000042915344,1776887034.725
-0.9079999923706055,-0.13199999928474426,-0.33799999952316284,1776887034.739
-0.9070000052452087,-0.1340000033378601,-0.3319999873638153,1776887034.766
-0.9089999794960022,-0.13199999928474426,-0.3330000042915344,1776887034.779
-0.9079999923706055,-0.12800000607967377,-0.33500000834465027,1776887035.199
-0.9100000262260437,-0.13099999725818634,-0.3310000002384186,1776887035.225
-0.9070000052452087,-0.13300000131130219,-0.3319999873638153,1776887035.239
-0.9110000133514404,-0.13099999725818634,-0.3330000042915344,1776887035.264
-0.9070000052452087,-0.13300000131130219,-0.3310000002384186,1776887035.279
-0.9089999794960022,-0.13199999928474426,-0.3310000002384186,1776887035.705
-0.9070000052452087,-0.13199999928474426,-0.33399999141693115,1776887035.719
-0.9089999794960022,-0.13300000131130219,-0.33899998664855957,1776887035.745
-0.9079999923706055,-0.13300000131130219,-0.33399999141693115,1776887035.765
-0.9049999713897705,-0.13199999928474426,-0.3330000042915344,1776887035.779
-0.9079999923706055,-0.13300000131130219,-0.335999995470047,1776887036.199
-0.9079999923706055,-0.13300000131130219,-0.3310000002384186,1776887036.226
-0.9100000262260437,-0.1289999932050705,-0.33799999952316284,1776887036.239
-0.9079999923706055,-0.13099999725818634,-0.32600000500679016,1776887036.265
-0.9110000133514404,-0.13199999928474426,-0.3269999921321869,1776887036.279
-0.9079999923706055,-0.13099999725818634,-0.33399999141693115,1776887036.699
-0.9089999794960022,-0.13099999725818634,-0.3319999873638153,1776887036.724
-0.9110000133514404,-0.13500000536441803,-0.3310000002384186,1776887036.739
-0.9110000133514404,-0.13500000536441803,-0.33500000834465027,1776887036.766
-0.906000018119812,-0.13199999928474426,-0.33500000834465027,1776887036.782
-0.9100000262260437,-0.1289999932050705,-0.335999995470047,1776887037.204
-0.9110000133514404,-0.11599999666213989,-0.335999995470047,1776887037.219
-0.9110000133514404,-0.13099999725818634,-0.3319999873638153,1776887037.246
-0.9100000262260437,-0.13199999928474426,-0.3310000002384186,1776887037.259
-0.9129999876022339,-0.13199999928474426,-0.33799999952316284,1776887037.284
-0.9079999923706055,-0.13300000131130219,-0.33000001311302185,1776887037.699
-0.9100000262260437,-0.13199999928474426,-0.3310000002384186,1776887037.726
-0.9089999794960022,-0.1340000033378601,-0.3319999873638153,1776887037.739
-0.9089999794960022,-0.13099999725818634,-0.33399999141693115,1776887037.764
-0.9079999923706055,-0.13199999928474426,-0.3310000002384186,1776887037.779
-0.9110000133514404,-0.13300000131130219,-0.335999995470047,1776887038.225
-0.9089999794960022,-0.1459999978542328,-0.3319999873638153,1776887038.242
-0.9010000228881836,-0.13199999928474426,-0.3330000042915344,1776887038.259
-0.9079999923706055,-0.13500000536441803,-0.33399999141693115,1776887038.286
-0.9100000262260437,-0.13300000131130219,-0.3330000042915344,1776887038.299
-0.9070000052452087,-0.1340000033378601,-0.3310000002384186,1776887038.719
-0.9070000052452087,-0.1340000033378601,-0.3310000002384186,1776887038.745
-0.9070000052452087,-0.13099999725818634,-0.3370000123977661,1776887038.759
-0.9079999923706055,-0.1340000033378601,-0.33399999141693115,1776887038.786
-0.9070000052452087,-0.13099999725818634,-0.33399999141693115,1776887038.799
-0.9110000133514404,-0.13199999928474426,-0.3330000042915344,1776887039.199
-0.9110000133514404,-0.13099999725818634,-0.33500000834465027,1776887039.227
-0.9089999794960022,-0.1340000033378601,-0.3319999873638153,1776887039.239
-0.9079999923706055,-0.12999999523162842,-0.3310000002384186,1776887039.265
-0.9110000133514404,-0.12999999523162842,-0.33399999141693115,1776887039.28
-0.9120000004768372,-0.1340000033378601,-0.32899999618530273,1776887039.719
-0.9079999923706055,-0.1340000033378601,-0.32899999618530273,1776887039.744
-0.9089999794960022,-0.13500000536441803,-0.33399999141693115,1776887039.759
-0.9079999923706055,-0.13199999928474426,-0.3370000123977661,1776887039.781
-0.9110000133514404,-0.13300000131130219,-0.33500000834465027,1776887039.799
-0.9100000262260437,-0.1289999932050705,-0.3370000123977661,1776887040.225
-0.906000018119812,-0.13500000536441803,-0.33399999141693115,1776887040.243
-0.9129999876022339,-0.12999999523162842,-0.33000001311302185,1776887040.259
-0.9049999713897705,-0.13500000536441803,-0.3330000042915344,1776887040.286
-0.9070000052452087,-0.13099999725818634,-0.33799999952316284,1776887040.302
-0.9079999923706055,-0.11900000274181366,-0.32499998807907104,1776887040.719
-0.9100000262260437,-0.13199999928474426,-0.3330000042915344,1776887040.745
-0.906000018119812,-0.1459999978542328,-0.33500000834465027,1776887040.759
-0.9100000262260437,-0.13300000131130219,-0.3310000002384186,1776887040.785
-0.9070000052452087,-0.13300000131130219,-0.335999995470047,1776887040.799
-0.906000018119812,-0.13500000536441803,-0.3370000123977661,1776887041.219
-0.9120000004768372,-0.1340000033378601,-0.33500000834465027,1776887041.246
-0.9110000133514404,-0.1340000033378601,-0.33399999141693115,1776887041.26
-0.9089999794960022,-0.13199999928474426,-0.32899999618530273,1776887041.285
-0.9120000004768372,-0.12999999523162842,-0.33399999141693115,1776887041.299
-0.9110000133514404,-0.12700000405311584,-0.33399999141693115,1776887041.719
-0.9110000133514404,-0.12700000405311584,-0.33399999141693115,1776887041.745
-0.9070000052452087,-0.13199999928474426,-0.3330000042915344,1776887041.76
-0.9079999923706055,-0.13699999451637268,-0.3310000002384186,1776887041.786
-0.906000018119812,-0.1340000033378601,-0.33500000834465027,1776887041.799
-0.9100000262260437,-0.1340000033378601,-0.33000001311302185,1776887042.225
-0.9070000052452087,-0.13199999928474426,-0.3319999873638153,1776887042.239
-0.9089999794960022,-0.12700000405311584,-0.3330000042915344,1776887042.266
-0.9079999923706055,-0.13199999928474426,-0.33899998664855957,1776887042.279
-0.9070000052452087,-0.13300000131130219,-0.33500000834465027,1776887042.305
-0.9100000262260437,-0.13500000536441803,-0.3310000002384186,1776887042.725
-0.9100000262260437,-0.13500000536441803,-0.3310000002384186,1776887042.745
-0.9100000262260437,-0.13500000536441803,-0.3310000002384186,1776887042.759
-0.9089999794960022,-0.12999999523162842,-0.335999995470047,1776887042.786
-0.9120000004768372,-0.1340000033378601,-0.33500000834465027,1776887042.8
-0.9070000052452087,-0.13600000739097595,-0.33500000834465027,1776887043.219
-0.9100000262260437,-0.13500000536441803,-0.335999995470047,1776887043.251
-0.9120000004768372,-0.13300000131130219,-0.32499998807907104,1776887043.262
-0.9089999794960022,-0.12999999523162842,-0.33500000834465027,1776887043.284
-0.906000018119812,-0.1340000033378601,-0.3310000002384186,1776887043.299
-0.9089999794960022,-0.13500000536441803,-0.3330000042915344,1776887043.726
-0.9100000262260437,-0.1340000033378601,-0.3310000002384186,1776887043.739
-0.9100000262260437,-0.1340000033378601,-0.3310000002384186,1776887043.765
-0.9100000262260437,-0.1340000033378601,-0.3310000002384186,1776887043.779
-0.9100000262260437,-0.1340000033378601,-0.3310000002384186,1776887043.806
-0.9079999923706055,-0.13199999928474426,-0.3310000002384186,1776887044.225
-0.9010000228881836,-0.1340000033378601,-0.33000001311302185,1776887044.239
-0.9100000262260437,-0.13699999451637268,-0.3370000123977661,1776887044.266
-0.906000018119812,-0.13199999928474426,-0.3240000009536743,1776887044.279
-0.9100000262260437,-0.13600000739097595,-0.33500000834465027,1776887044.305
-0.9079999923706055,-0.13300000131130219,-0.33500000834465027,1776887044.724
-0.9089999794960022,-0.1340000033378601,-0.33500000834465027,1776887044.739
-0.9120000004768372,-0.13500000536441803,-0.3319999873638153,1776887044.766
-0.9070000052452087,-0.13099999725818634,-0.335999995470047,1776887044.782
-0.9129999876022339,-0.1340000033378601,-0.33000001311302185,1776887044.799
-0.9089999794960022,-0.13199999928474426,-0.328000009059906,1776887045.225
-0.9110000133514404,-0.1340000033378601,-0.3319999873638153,1776887045.239
-0.9039999842643738,-0.13300000131130219,-0.33399999141693115,1776887045.265
-0.9120000004768372,-0.13199999928474426,-0.32899999618530273,1776887045.279
-0.9079999923706055,-0.13300000131130219,-0.3330000042915344,1776887045.305
-0.9079999923706055,-0.13500000536441803,-0.3319999873638153,1776887045.726
-0.9110000133514404,-0.12999999523162842,-0.3370000123977661,1776887045.739
-0.9079999923706055,-0.1340000033378601,-0.33799999952316284,1776887045.765
-0.9079999923706055,-0.13199999928474426,-0.3269999921321869,1776887045.779
-0.9089999794960022,-0.13099999725818634,-0.328000009059906,1776887045.806
-0.9100000262260437,-0.13199999928474426,-0.33799999952316284,1776887046.225
-0.9089999794960022,-0.1340000033378601,-0.3319999873638153,1776887046.239
-0.9070000052452087,-0.13199999928474426,-0.3319999873638153,1776887046.265
-0.9100000262260437,-0.13500000536441803,-0.3310000002384186,1776887046.281
-0.9120000004768372,-0.14499999582767487,-0.3319999873638153,1776887046.307
-0.906000018119812,-0.11999999731779099,-0.328000009059906,1776887046.719
-0.9110000133514404,-0.13600000739097595,-0.3310000002384186,1776887046.746
-0.9089999794960022,-0.13500000536441803,-0.3310000002384186,1776887046.759
-0.906000018119812,-0.13199999928474426,-0.33799999952316284,1776887046.785
-0.9070000052452087,-0.13500000536441803,-0.33399999141693115,1776887046.799
-0.9089999794960022,-0.13199999928474426,-0.3330000042915344,1776887047.219
-0.9129999876022339,-0.13199999928474426,-0.3370000123977661,1776887047.246
-0.9089999794960022,-0.13199999928474426,-0.33500000834465027,1776887047.259
-0.9089999794960022,-0.13300000131130219,-0.3330000042915344,1776887047.286
-0.9089999794960022,-0.13500000536441803,-0.3370000123977661,1776887047.3
-0.9039999842643738,-0.12999999523162842,-0.33399999141693115,1776887047.739
-0.9089999794960022,-0.13500000536441803,-0.3310000002384186,1776887047.765
-0.9089999794960022,-0.13199999928474426,-0.3319999873638153,1776887047.779
-0.906000018119812,-0.1340000033378601,-0.3310000002384186,1776887047.805
-0.9070000052452087,-0.13500000536441803,-0.33799999952316284,1776887047.819
-0.9089999794960022,-0.1289999932050705,-0.3319999873638153,1776887048.239
-0.9100000262260437,-0.13300000131130219,-0.3310000002384186,1776887048.265
-0.906000018119812,-0.1340000033378601,-0.33399999141693115,1776887048.279
-0.9079999923706055,-0.1340000033378601,-0.33500000834465027,1776887048.305
-0.9110000133514404,-0.12999999523162842,-0.33399999141693115,1776887048.319
-0.9070000052452087,-0.13199999928474426,-0.3330000042915344,1776887048.745
-0.9070000052452087,-0.13500000536441803,-0.33399999141693115,1776887048.759
-0.9079999923706055,-0.12999999523162842,-0.3330000042915344,1776887048.786
-0.9039999842643738,-0.13300000131130219,-0.3330000042915344,1776887048.799
-0.9089999794960022,-0.13600000739097595,-0.3319999873638153,1776887048.825
-0.9070000052452087,-0.13199999928474426,-0.335999995470047,1776887049.245
-0.9110000133514404,-0.13300000131130219,-0.3330000042915344,1776887049.262
-0.9110000133514404,-0.13199999928474426,-0.335999995470047,1776887049.288
-0.9100000262260437,-0.13199999928474426,-0.3370000123977661,1776887049.299
-0.9089999794960022,-0.13199999928474426,-0.3310000002384186,1776887049.326
-0.9089999794960022,-0.13199999928474426,-0.33399999141693115,1776887050.243
-0.9089999794960022,-0.13199999928474426,-0.33399999141693115,1776887050.259
-0.9070000052452087,-0.13500000536441803,-0.3330000042915344,1776887050.285
-0.906000018119812,-0.1340000033378601,-0.335999995470047,1776887050.299
-0.9070000052452087,-0.13500000536441803,-0.3319999873638153,1776887050.326
-0.9100000262260437,-0.13600000739097595,-0.33399999141693115,1776887050.759
-0.9079999923706055,-0.13500000536441803,-0.3310000002384186,1776887050.785
-0.9089999794960022,-0.1340000033378601,-0.33799999952316284,1776887050.801
-0.9150000214576721,-0.13199999928474426,-0.3370000123977661,1776887050.827
-0.9110000133514404,-0.13600000739097595,-0.3330000042915344,1776887050.839
-0.9079999923706055,-0.13199999928474426,-0.33399999141693115,1776887051.239
-0.9089999794960022,-0.13199999928474426,-0.328000009059906,1776887051.266
-0.9070000052452087,-0.13099999725818634,-0.3370000123977661,1776887051.279
-0.9100000262260437,-0.1340000033378601,-0.33500000834465027,1776887051.305
-0.9039999842643738,-0.1340000033378601,-0.32899999618530273,1776887051.319
-0.9089999794960022,-0.1340000033378601,-0.3370000123977661,1776887051.765
-0.9100000262260437,-0.13500000536441803,-0.3319999873638153,1776887051.779
-0.9079999923706055,-0.13300000131130219,-0.328000009059906,1776887051.806
-0.9070000052452087,-0.13099999725818634,-0.3330000042915344,1776887051.823
-0.9100000262260437,-0.13300000131130219,-0.3310000002384186,1776887051.839
-0.9070000052452087,-0.13099999725818634,-0.328000009059906,1776887052.259
-0.9079999923706055,-0.13199999928474426,-0.335999995470047,1776887052.286
-0.906000018119812,-0.13300000131130219,-0.3269999921321869,1776887052.299
-0.906000018119812,-0.13600000739097595,-0.3310000002384186,1776887052.325
-0.9120000004768372,-0.13199999928474426,-0.33399999141693115,1776887052.341
-0.9079999923706055,-0.13300000131130219,-0.33000001311302185,1776887052.766
-0.9100000262260437,-0.13199999928474426,-0.3319999873638153,1776887052.784
-0.9120000004768372,-0.13099999725818634,-0.328000009059906,1776887052.799
-0.9070000052452087,-0.13099999725818634,-0.3269999921321869,1776887052.82
-0.9110000133514404,-0.1340000033378601,-0.3330000042915344,1776887052.846
-0.9089999794960022,-0.13199999928474426,-0.3269999921321869,1776887053.265
-0.9079999923706055,-0.13099999725818634,-0.32899999618530273,1776887053.279
-0.9089999794960022,-0.13699999451637268,-0.335999995470047,1776887053.305
-0.9070000052452087,-0.13199999928474426,-0.3310000002384186,1776887053.321
-0.9110000133514404,-0.13500000536441803,-0.3370000123977661,1776887053.347
-0.9089999794960022,-0.13600000739097595,-0.3319999873638153,1776887053.768
-0.9100000262260437,-0.13099999725818634,-0.335999995470047,1776887053.779
-0.9120000004768372,-0.13300000131130219,-0.3330000042915344,1776887053.812
-0.9100000262260437,-0.13300000131130219,-0.33500000834465027,1776887053.822
-0.9089999794960022,-0.13300000131130219,-0.33500000834465027,1776887053.84
-0.9120000004768372,-0.1340000033378601,-0.33399999141693115,1776887054.26
-0.906000018119812,-0.13300000131130219,-0.3319999873638153,1776887054.286
-0.906000018119812,-0.13500000536441803,-0.3330000042915344,1776887054.299
-0.9079999923706055,-0.13300000131130219,-0.328000009059906,1776887054.327
-0.9049999713897705,-0.1340000033378601,-0.3310000002384186,1776887054.339
-0.9079999923706055,-0.13099999725818634,-0.328000009059906,1776887054.759
-0.9110000133514404,-0.1340000033378601,-0.33500000834465027,1776887054.785
-0.9070000052452087,-0.13300000131130219,-0.33000001311302185,1776887054.8
-0.9100000262260437,-0.12999999523162842,-0.33500000834465027,1776887054.819
-0.9079999923706055,-0.13500000536441803,-0.3319999873638153,1776887054.839
-0.906000018119812,-0.1340000033378601,-0.3269999921321869,1776887055.266
-0.9089999794960022,-0.13199999928474426,-0.3330000042915344,1776887055.279
-0.9079999923706055,-0.13199999928474426,-0.3319999873638153,1776887055.306
-0.9120000004768372,-0.1340000033378601,-0.3310000002384186,1776887055.319
-0.9039999842643738,-0.12999999523162842,-0.33399999141693115,1776887055.345
-0.9079999923706055,-0.13099999725818634,-0.33399999141693115,1776887055.779
-0.9079999923706055,-0.13099999725818634,-0.33399999141693115,1776887055.806
-0.9079999923706055,-0.13099999725818634,-0.33399999141693115,1776887055.819
-0.9089999794960022,-0.13600000739097595,-0.3310000002384186,1776887055.845
-0.9089999794960022,-0.1340000033378601,-0.32899999618530273,1776887055.859
-0.9100000262260437,-0.13199999928474426,-0.33500000834465027,1776887056.279
-0.9039999842643738,-0.13500000536441803,-0.33399999141693115,1776887056.305
-0.9070000052452087,-0.13300000131130219,-0.3319999873638153,1776887056.32
-0.9100000262260437,-0.13099999725818634,-0.33799999952316284,1776887056.346
-0.9070000052452087,-0.13199999928474426,-0.32899999618530273,1776887056.36
-0.9100000262260437,-0.1340000033378601,-0.3330000042915344,1776887056.779
-0.9070000052452087,-0.1340000033378601,-0.3310000002384186,1776887056.805
-0.9070000052452087,-0.1340000033378601,-0.3310000002384186,1776887056.819
-0.9070000052452087,-0.1340000033378601,-0.3310000002384186,1776887056.845
-0.9039999842643738,-0.13199999928474426,-0.3319999873638153,1776887056.859
-0.9100000262260437,-0.13199999928474426,-0.3330000042915344,1776887057.279
-0.9089999794960022,-0.1340000033378601,-0.328000009059906,1776887057.301
-0.9079999923706055,-0.13600000739097595,-0.33000001311302185,1776887057.327
-0.9100000262260437,-0.1340000033378601,-0.33399999141693115,1776887057.339
-0.9070000052452087,-0.13199999928474426,-0.33399999141693115,1776887057.365
-0.9079999923706055,-0.13199999928474426,-0.33399999141693115,1776887057.785
-0.9070000052452087,-0.13600000739097595,-0.33000001311302185,1776887057.799
-0.9079999923706055,-0.12800000607967377,-0.33000001311302185,1776887057.826
-0.9079999923706055,-0.13500000536441803,-0.33399999141693115,1776887057.842
-0.9079999923706055,-0.13199999928474426,-0.335999995470047,1776887057.859
-0.9100000262260437,-0.1340000033378601,-0.3310000002384186,1776887058.286
-0.9070000052452087,-0.13500000536441803,-0.33000001311302185,1776887058.299
-0.9100000262260437,-0.13300000131130219,-0.33000001311302185,1776887058.325
-0.9120000004768372,-0.13500000536441803,-0.3319999873638153,1776887058.339
-0.9100000262260437,-0.1289999932050705,-0.3310000002384186,1776887058.366
-0.9100000262260437,-0.13300000131130219,-0.3310000002384186,1776887058.805
-0.9110000133514404,-0.1340000033378601,-0.3330000042915344,1776887058.819
-0.9039999842643738,-0.1340000033378601,-0.33799999952316284,1776887058.848
-0.9089999794960022,-0.13600000739097595,-0.32899999618530273,1776887058.864
-0.9129999876022339,-0.13600000739097595,-0.3529999852180481,1776887058.879
-0.9070000052452087,-0.13600000739097595,-0.3319999873638153,1776887059.279
-0.9100000262260437,-0.13099999725818634,-0.3310000002384186,1776887059.305
-0.9100000262260437,-0.13300000131130219,-0.33799999952316284,1776887059.319
-0.9079999923706055,-0.13500000536441803,-0.3310000002384186,1776887059.345
-0.9070000052452087,-0.12999999523162842,-0.33000001311302185,1776887059.359
-0.9100000262260437,-0.13600000739097595,-0.33000001311302185,1776887059.799
-0.9070000052452087,-0.1340000033378601,-0.3310000002384186,1776887059.825
-0.9079999923706055,-0.13300000131130219,-0.33000001311302185,1776887059.839
-0.9100000262260437,-0.13300000131130219,-0.33500000834465027,1776887059.867
-0.9100000262260437,-0.13300000131130219,-0.33000001311302185,1776887059.88
-0.906000018119812,-0.1340000033378601,-0.3319999873638153,1776887060.305
-0.9079999923706055,-0.13300000131130219,-0.32600000500679016,1776887060.321
-0.9079999923706055,-0.13199999928474426,-0.33899998664855957,1776887060.348
-0.9100000262260437,-0.13099999725818634,-0.3330000042915344,1776887060.359
-0.9110000133514404,-0.12999999523162842,-0.3370000123977661,1776887060.385
-0.9089999794960022,-0.12700000405311584,-0.328000009059906,1776887060.805
-0.9079999923706055,-0.13199999928474426,-0.3330000042915344,1776887060.819
-0.9079999923706055,-0.13600000739097595,-0.3310000002384186,1776887060.847
-0.9079999923706055,-0.1340000033378601,-0.3319999873638153,1776887060.859
-0.9039999842643738,-0.13500000536441803,-0.33000001311302185,1776887060.886
-0.9100000262260437,-0.1340000033378601,-0.32899999618530273,1776887061.306
-0.9129999876022339,-0.13300000131130219,-0.33399999141693115,1776887061.32
-0.9120000004768372,-0.13300000131130219,-0.3330000042915344,1776887061.346
-0.9110000133514404,-0.13199999928474426,-0.33500000834465027,1776887061.359
-0.9070000052452087,-0.1340000033378601,-0.3370000123977661,1776887061.385
-0.906000018119812,-0.13500000536441803,-0.3310000002384186,1776887061.799
-0.9110000133514404,-0.1340000033378601,-0.33500000834465027,1776887061.826
-0.9079999923706055,-0.13300000131130219,-0.335999995470047,1776887061.839
-0.9079999923706055,-0.13300000131130219,-0.3319999873638153,1776887061.865
-0.9079999923706055,-0.13500000536441803,-0.33399999141693115,1776887061.879
-0.9089999794960022,-0.13300000131130219,-0.3269999921321869,1776887062.299
-0.9089999794960022,-0.13099999725818634,-0.3310000002384186,1776887062.321
-0.906000018119812,-0.13199999928474426,-0.33399999141693115,1776887062.347
-0.9039999842643738,-0.13300000131130219,-0.3330000042915344,1776887062.359
-0.9110000133514404,-0.13300000131130219,-0.33500000834465027,1776887062.385
-0.9079999923706055,-0.13300000131130219,-0.3330000042915344,1776887062.799
-0.906000018119812,-0.13300000131130219,-0.32899999618530273,1776887062.819
-0.9079999923706055,-0.1379999965429306,-0.3370000123977661,1776887062.845
-0.9110000133514404,-0.13300000131130219,-0.33000001311302185,1776887062.86
-0.9049999713897705,-0.13099999725818634,-0.335999995470047,1776887062.88
-0.9049999713897705,-0.12999999523162842,-0.3330000042915344,1776887063.299
-0.9110000133514404,-0.13699999451637268,-0.33500000834465027,1776887063.327
-0.9100000262260437,-0.13099999725818634,-0.3310000002384186,1776887063.342
-0.9100000262260437,-0.13300000131130219,-0.3330000042915344,1776887063.359
-0.9079999923706055,-0.13099999725818634,-0.32899999618530273,1776887063.386
-0.9089999794960022,-0.12999999523162842,-0.33399999141693115,1776887063.801
-0.9079999923706055,-0.13099999725818634,-0.32899999618530273,1776887063.827
-0.9110000133514404,-0.13300000131130219,-0.33399999141693115,1776887063.839
-0.9079999923706055,-0.1289999932050705,-0.3330000042915344,1776887063.865
-0.9079999923706055,-0.13199999928474426,-0.33000001311302185,1776887063.879
-0.9049999713897705,-0.13600000739097595,-0.33399999141693115,1776887064.302
-0.9100000262260437,-0.13099999725818634,-0.33399999141693115,1776887064.319
-0.906000018119812,-0.12999999523162842,-0.335999995470047,1776887064.345
-0.9120000004768372,-0.13600000739097595,-0.33799999952316284,1776887064.359
-0.9049999713897705,-0.13300000131130219,-0.33000001311302185,1776887064.387
-0.9100000262260437,-0.1340000033378601,-0.3319999873638153,1776887064.821
-0.9049999713897705,-0.13500000536441803,-0.3310000002384186,1776887064.846
-0.9150000214576721,-0.13199999928474426,-0.32899999618530273,1776887064.859
-0.9100000262260437,-0.13300000131130219,-0.3330000042915344,1776887064.889
-0.9079999923706055,-0.1340000033378601,-0.33399999141693115,1776887064.9
-0.9110000133514404,-0.13199999928474426,-0.3330000042915344,1776887065.319
-0.9100000262260437,-0.1340000033378601,-0.33399999141693115,1776887065.345
-0.9079999923706055,-0.13500000536441803,-0.3319999873638153,1776887065.36
-0.9110000133514404,-0.1340000033378601,-0.33000001311302185,1776887065.389
-0.9100000262260437,-0.13199999928474426,-0.3310000002384186,1776887065.4
-0.9100000262260437,-0.13500000536441803,-0.3330000042915344,1776887066.319
-0.9079999923706055,-0.12999999523162842,-0.33500000834465027,1776887066.345
-0.9070000052452087,-0.11999999731779099,-0.33500000834465027,1776887066.359
-0.906000018119812,-0.1340000033378601,-0.32600000500679016,1776887066.385
-0.906000018119812,-0.13099999725818634,-0.3330000042915344,1776887066.399
-0.9120000004768372,-0.13600000739097595,-0.33399999141693115,1776887066.819
-0.9089999794960022,-0.13099999725818634,-0.33000001311302185,1776887066.846
-0.9079999923706055,-0.1340000033378601,-0.33799999952316284,1776887066.862
-0.9100000262260437,-0.13699999451637268,-0.3330000042915344,1776887066.879
-0.9079999923706055,-0.1469999998807907,-0.33399999141693115,1776887066.906
-0.9100000262260437,-0.13300000131130219,-0.33000001311302185,1776887067.326
-0.9100000262260437,-0.13300000131130219,-0.33000001311302185,1776887067.339
-0.9110000133514404,-0.13199999928474426,-0.33399999141693115,1776887067.367
-0.9079999923706055,-0.13500000536441803,-0.3310000002384186,1776887067.38
-0.9110000133514404,-0.1340000033378601,-0.32899999618530273,1776887067.406
-0.9120000004768372,-0.13199999928474426,-0.33399999141693115,1776887068.325
-0.9120000004768372,-0.13199999928474426,-0.33399999141693115,1776887068.34
-0.9100000262260437,-0.13300000131130219,-0.33000001311302185,1776887068.371
-0.906000018119812,-0.13300000131130219,-0.3330000042915344,1776887068.382
-0.9100000262260437,-0.13099999725818634,-0.3319999873638153,1776887068.4
-0.9079999923706055,-0.13099999725818634,-0.33399999141693115,1776887069.319
-0.9110000133514404,-0.13600000739097595,-0.3310000002384186,1776887069.345
-0.9129999876022339,-0.13199999928474426,-0.3330000042915344,1776887069.36
-0.9100000262260437,-0.1340000033378601,-0.3409999907016754,1776887069.386
-0.9039999842643738,-0.13300000131130219,-0.3319999873638153,1776887069.399
-0.9049999713897705,-0.13500000536441803,-0.3269999921321869,1776887069.825
-0.9139999747276306,-0.13500000536441803,-0.33500000834465027,1776887069.84
-0.9120000004768372,-0.1340000033378601,-0.33799999952316284,1776887069.868
-0.9129999876022339,-0.1289999932050705,-0.33500000834465027,1776887069.88
-0.9100000262260437,-0.13300000131130219,-0.33399999141693115,1776887069.905
-0.9120000004768372,-0.13199999928474426,-0.328000009059906,1776887070.819
-0.906000018119812,-0.13099999725818634,-0.3330000042915344,1776887070.846
-0.9079999923706055,-0.13699999451637268,-0.33000001311302185,1776887070.859
-0.906000018119812,-0.13300000131130219,-0.33000001311302185,1776887070.886
-0.9089999794960022,-0.1340000033378601,-0.3330000042915344,1776887070.9
-0.9070000052452087,-0.13199999928474426,-0.3330000042915344,1776887071.32
-0.9100000262260437,-0.13300000131130219,-0.335999995470047,1776887071.346
-0.9079999923706055,-0.1340000033378601,-0.3370000123977661,1776887071.36
-0.9129999876022339,-0.13099999725818634,-0.3319999873638153,1776887071.385
-0.9079999923706055,-0.13199999928474426,-0.33799999952316284,1776887071.399
-0.9079999923706055,-0.1469999998807907,-0.3310000002384186,1776887071.819
-0.9070000052452087,-0.13099999725818634,-0.3330000042915344,1776887071.845
-0.9100000262260437,-0.13300000131130219,-0.32899999618530273,1776887071.86
-0.906000018119812,-0.1340000033378601,-0.335999995470047,1776887071.886
-0.9070000052452087,-0.1340000033378601,-0.3330000042915344,1776887071.9
-0.9070000052452087,-0.13099999725818634,-0.33500000834465027,1776887072.32
-0.9100000262260437,-0.13199999928474426,-0.3330000042915344,1776887072.347
-0.902999997138977,-0.13899999856948853,-0.33399999141693115,1776887072.36
-0.9079999923706055,-0.13600000739097595,-0.3310000002384186,1776887072.386
-0.906000018119812,-0.13300000131130219,-0.33000001311302185,1776887072.401
-0.9089999794960022,-0.13500000536441803,-0.328000009059906,1776887073.34
-0.9079999923706055,-0.12999999523162842,-0.335999995470047,1776887073.366
-0.9089999794960022,-0.13300000131130219,-0.33500000834465027,1776887073.38
-0.9100000262260437,-0.13500000536441803,-0.3319999873638153,1776887073.405
-0.9100000262260437,-0.13300000131130219,-0.3319999873638153,1776887073.42
-0.9089999794960022,-0.13600000739097595,-0.3330000042915344,1776887074.346
-0.906000018119812,-0.1340000033378601,-0.33399999141693115,1776887074.36
-0.9110000133514404,-0.13300000131130219,-0.335999995470047,1776887074.386
-0.9110000133514404,-0.13300000131130219,-0.3330000042915344,1776887074.4
-0.9089999794960022,-0.13199999928474426,-0.3330000042915344,1776887074.42
-0.9079999923706055,-0.13300000131130219,-0.33399999141693115,1776887074.846
-0.9110000133514404,-0.12999999523162842,-0.3269999921321869,1776887074.862
-0.9089999794960022,-0.13099999725818634,-0.33500000834465027,1776887074.888
-0.9089999794960022,-0.13199999928474426,-0.3240000009536743,1776887074.9
-0.906000018119812,-0.13500000536441803,-0.3319999873638153,1776887074.927
-0.9079999923706055,-0.13300000131130219,-0.33799999952316284,1776887075.868
-0.9110000133514404,-0.13500000536441803,-0.3310000002384186,1776887075.88
-0.9079999923706055,-0.14499999582767487,-0.3330000042915344,1776887075.906
-0.9089999794960022,-0.13099999725818634,-0.33799999952316284,1776887075.92
-0.9110000133514404,-0.13199999928474426,-0.33500000834465027,1776887075.946
-0.9129999876022339,-0.13300000131130219,-0.33399999141693115,1776887076.36
-0.9100000262260437,-0.13199999928474426,-0.33399999141693115,1776887076.385
-0.9070000052452087,-0.13500000536441803,-0.33399999141693115,1776887076.4
-0.9110000133514404,-0.13199999928474426,-0.33000001311302185,1776887076.426
-0.9100000262260437,-0.13199999928474426,-0.3319999873638153,1776887076.44
-0.906000018119812,-0.12999999523162842,-0.3330000042915344,1776887076.86
-0.9049999713897705,-0.13300000131130219,-0.33399999141693115,1776887076.889
-0.9070000052452087,-0.1340000033378601,-0.328000009059906,1776887076.901
-0.9039999842643738,-0.13099999725818634,-0.33500000834465027,1776887076.927
-0.9100000262260437,-0.13099999725818634,-0.3310000002384186,1776887076.94
-0.9070000052452087,-0.13300000131130219,-0.3310000002384186,1776887077.36
-0.906000018119812,-0.13699999451637268,-0.33000001311302185,1776887077.386
-0.9110000133514404,-0.13199999928474426,-0.3330000042915344,1776887077.4
-0.9100000262260437,-0.13199999928474426,-0.3319999873638153,1776887077.426
-0.9110000133514404,-0.13500000536441803,-0.3310000002384186,1776887077.44
-0.9089999794960022,-0.13300000131130219,-0.3310000002384186,1776887077.865
-0.9129999876022339,-0.1340000033378601,-0.32899999618530273,1776887077.88
-0.906000018119812,-0.1340000033378601,-0.33000001311302185,1776887077.906
-0.9049999713897705,-0.1289999932050705,-0.33799999952316284,1776887077.92
-0.9129999876022339,-0.13600000739097595,-0.3319999873638153,1776887077.946
-0.9100000262260437,-0.13199999928474426,-0.3310000002384186,1776887078.366
-0.9070000052452087,-0.13300000131130219,-0.33000001311302185,1776887078.383
-0.9100000262260437,-0.13199999928474426,-0.32899999618530273,1776887078.4
-0.9079999923706055,-0.13300000131130219,-0.33000001311302185,1776887078.426
-0.9100000262260437,-0.13500000536441803,-0.33500000834465027,1776887078.44
-0.9070000052452087,-0.13300000131130219,-0.335999995470047,1776887079.86
-0.9070000052452087,-0.13300000131130219,-0.335999995470047,1776887079.887
-0.9100000262260437,-0.13300000131130219,-0.33000001311302185,1776887079.9
-0.9100000262260437,-0.12999999523162842,-0.33500000834465027,1776887079.927
-0.9079999923706055,-0.13500000536441803,-0.33000001311302185,1776887079.94
-0.906000018119812,-0.13099999725818634,-0.33500000834465027,1776887080.36
-0.9079999923706055,-0.13099999725818634,-0.3310000002384186,1776887080.387
-0.9089999794960022,-0.13300000131130219,-0.3310000002384186,1776887080.4
-0.9110000133514404,-0.13500000536441803,-0.3319999873638153,1776887080.43
-0.9129999876022339,-0.13500000536441803,-0.3330000042915344,1776887080.441
-0.9110000133514404,-0.1340000033378601,-0.335999995470047,1776887080.88
-0.9110000133514404,-0.1340000033378601,-0.335999995470047,1776887080.907
-0.9110000133514404,-0.1340000033378601,-0.335999995470047,1776887080.92
-0.9070000052452087,-0.1340000033378601,-0.3330000042915344,1776887080.946
-0.9100000262260437,-0.13500000536441803,-0.3330000042915344,1776887080.96
-0.9110000133514404,-0.1340000033378601,-0.3330000042915344,1776887081.38
-0.9070000052452087,-0.13300000131130219,-0.32899999618530273,1776887081.406
-0.906000018119812,-0.13699999451637268,-0.3310000002384186,1776887081.42
-0.9070000052452087,-0.13099999725818634,-0.33399999141693115,1776887081.445
-0.9070000052452087,-0.13099999725818634,-0.33399999141693115,1776887081.46
-0.9070000052452087,-0.13300000131130219,-0.33000001311302185,1776887082.88
-0.9070000052452087,-0.13699999451637268,-0.32899999618530273,1776887082.906
-0.906000018119812,-0.13099999725818634,-0.3319999873638153,1776887082.92
-0.9089999794960022,-0.1340000033378601,-0.3319999873638153,1776887082.947
-0.9089999794960022,-0.13099999725818634,-0.33399999141693115,1776887082.96
-0.9100000262260437,-0.13099999725818634,-0.3330000042915344,1776887083.38
-0.9089999794960022,-0.13500000536441803,-0.33899998664855957,1776887083.406
-0.9079999923706055,-0.1340000033378601,-0.3319999873638153,1776887083.42
-0.9110000133514404,-0.13099999725818634,-0.3310000002384186,1776887083.447
-0.906000018119812,-0.13300000131130219,-0.33399999141693115,1776887083.46
-0.906000018119812,-0.13300000131130219,-0.32899999618530273,1776887083.88
-0.9079999923706055,-0.1340000033378601,-0.33799999952316284,1776887083.911
-0.9070000052452087,-0.13300000131130219,-0.3310000002384186,1776887083.921
-0.9089999794960022,-0.13600000739097595,-0.3330000042915344,1776887083.951
-0.9079999923706055,-0.13500000536441803,-0.33500000834465027,1776887083.963
-0.9079999923706055,-0.13300000131130219,-0.3319999873638153,1776887084.88
-0.906000018119812,-0.13699999451637268,-0.3330000042915344,1776887084.906
-0.9100000262260437,-0.13099999725818634,-0.33799999952316284,1776887084.92
-0.9079999923706055,-0.13199999928474426,-0.33399999141693115,1776887084.946
-0.906000018119812,-0.13300000131130219,-0.3310000002384186,1776887084.96
-0.9070000052452087,-0.13099999725818634,-0.335999995470047,1776887085.38
-0.9100000262260437,-0.13699999451637268,-0.33500000834465027,1776887085.407
-0.9070000052452087,-0.1340000033378601,-0.33000001311302185,1776887085.42
-0.9039999842643738,-0.13300000131130219,-0.3310000002384186,1776887085.447
-0.9100000262260437,-0.1340000033378601,-0.32600000500679016,1776887085.46
-0.9070000052452087,-0.12800000607967377,-0.335999995470047,1776887086.4
-0.9089999794960022,-0.13199999928474426,-0.33399999141693115,1776887086.427
-0.9049999713897705,-0.13500000536441803,-0.3319999873638153,1776887086.44
-0.9070000052452087,-0.13500000536441803,-0.33799999952316284,1776887086.466
-0.9079999923706055,-0.13500000536441803,-0.33500000834465027,1776887086.48
-0.9100000262260437,-0.1340000033378601,-0.32899999618530273,1776887086.902
-0.9110000133514404,-0.13099999725818634,-0.3370000123977661,1776887086.928
-0.9089999794960022,-0.1340000033378601,-0.3319999873638153,1776887086.94
-0.9070000052452087,-0.13600000739097595,-0.335999995470047,1776887086.968
-0.9110000133514404,-0.1340000033378601,-0.3330000042915344,1776887086.98
-0.9089999794960022,-0.13300000131130219,-0.32899999618530273,1776887087.41
-0.9079999923706055,-0.13699999451637268,-0.3310000002384186,1776887087.42
-0.9070000052452087,-0.11800000071525574,-0.3310000002384186,1776887087.448
-0.9129999876022339,-0.13600000739097595,-0.3330000042915344,1776887087.463
-0.906000018119812,-0.13199999928474426,-0.33500000834465027,1776887087.48
-0.9129999876022339,-0.13099999725818634,-0.33500000834465027,1776887087.923
-0.906000018119812,-0.13500000536441803,-0.3310000002384186,1776887087.94
-0.9100000262260437,-0.13500000536441803,-0.33399999141693115,1776887087.967
-0.9100000262260437,-0.1340000033378601,-0.335999995470047,1776887087.987
-0.9100000262260437,-0.13099999725818634,-0.33500000834465027,1776887088.0
-0.9070000052452087,-0.13199999928474426,-0.3319999873638153,1776887088.426
-0.9089999794960022,-0.13600000739097595,-0.3319999873638153,1776887088.44
-0.9079999923706055,-0.13600000739097595,-0.328000009059906,1776887088.466
-0.9089999794960022,-0.13300000131130219,-0.33399999141693115,1776887088.482
-0.9100000262260437,-0.13300000131130219,-0.33399999141693115,1776887088.5
-0.9089999794960022,-0.11699999868869781,-0.3370000123977661,1776887088.9
-0.9070000052452087,-0.12999999523162842,-0.33500000834465027,1776887088.926
-0.9100000262260437,-0.13600000739097595,-0.33500000834465027,1776887088.94
-0.9089999794960022,-0.13500000536441803,-0.3319999873638153,1776887088.966
-0.9070000052452087,-0.13600000739097595,-0.33399999141693115,1776887088.98
-0.906000018119812,-0.1340000033378601,-0.33399999141693115,1776887089.426
-0.9079999923706055,-0.13500000536441803,-0.335999995470047,1776887089.44
-0.9100000262260437,-0.13199999928474426,-0.33000001311302185,1776887089.461
-0.9070000052452087,-0.13600000739097595,-0.3319999873638153,1776887089.489
-0.9100000262260437,-0.12999999523162842,-0.3310000002384186,1776887089.5
-0.9100000262260437,-0.13199999928474426,-0.3269999921321869,1776887089.92
-0.9070000052452087,-0.13199999928474426,-0.33500000834465027,1776887089.948
-0.9039999842643738,-0.12999999523162842,-0.33500000834465027,1776887089.96
-0.9100000262260437,-0.13199999928474426,-0.32899999618530273,1776887089.986
-0.9089999794960022,-0.13699999451637268,-0.328000009059906,1776887090.001
-0.9079999923706055,-0.13199999928474426,-0.32600000500679016,1776887090.921
-0.9120000004768372,-0.1340000033378601,-0.335999995470047,1776887090.94
-0.9079999923706055,-0.1289999932050705,-0.335999995470047,1776887090.966
-0.902999997138977,-0.1340000033378601,-0.32499998807907104,1776887090.98
-0.9070000052452087,-0.13099999725818634,-0.33000001311302185,1776887091.006
-0.9070000052452087,-0.1340000033378601,-0.3269999921321869,1776887091.42
-0.9100000262260437,-0.13300000131130219,-0.32899999618530273,1776887091.446
-0.906000018119812,-0.13300000131130219,-0.335999995470047,1776887091.46
-0.9070000052452087,-0.13099999725818634,-0.33500000834465027,1776887091.486
-0.9079999923706055,-0.13500000536441803,-0.3310000002384186,1776887091.506
-0.906000018119812,-0.13500000536441803,-0.3319999873638153,1776887091.926
-0.906000018119812,-0.13500000536441803,-0.3319999873638153,1776887091.94
-0.9110000133514404,-0.1340000033378601,-0.335999995470047,1776887091.967
-0.9039999842643738,-0.13300000131130219,-0.33000001311302185,1776887091.98
-0.9079999923706055,-0.1340000033378601,-0.335999995470047,1776887092.006
-0.9120000004768372,-0.1340000033378601,-0.3319999873638153,1776887092.427
-0.9120000004768372,-0.13600000739097595,-0.328000009059906,1776887092.44
-0.9079999923706055,-0.13099999725818634,-0.33500000834465027,1776887092.466
-0.9100000262260437,-0.13099999725818634,-0.33000001311302185,1776887092.48
-0.9070000052452087,-0.12999999523162842,-0.335999995470047,1776887092.507
-0.9049999713897705,-0.13199999928474426,-0.3330000042915344,1776887092.92
-0.9089999794960022,-0.1340000033378601,-0.33000001311302185,1776887092.946
-0.9089999794960022,-0.1340000033378601,-0.33000001311302185,1776887092.962
-0.9089999794960022,-0.1340000033378601,-0.33000001311302185,1776887092.98
-0.9110000133514404,-0.1340000033378601,-0.32899999618530273,1776887093.006
-0.9070000052452087,-0.13300000131130219,-0.3310000002384186,1776887093.426
-0.9020000100135803,-0.13099999725818634,-0.3319999873638153,1776887093.44
-0.906000018119812,-0.13300000131130219,-0.33000001311302185,1776887093.466
-0.9100000262260437,-0.12999999523162842,-0.328000009059906,1776887093.48
-0.9089999794960022,-0.1340000033378601,-0.32199999690055847,1776887093.506
-0.9110000133514404,-0.13099999725818634,-0.335999995470047,1776887093.94
-0.906000018119812,-0.13300000131130219,-0.33399999141693115,1776887093.966
-0.906000018119812,-0.13300000131130219,-0.33399999141693115,1776887093.98
-0.906000018119812,-0.13300000131130219,-0.33399999141693115,1776887094.007
-0.906000018119812,-0.1340000033378601,-0.32600000500679016,1776887094.02
-0.9049999713897705,-0.1340000033378601,-0.3319999873638153,1776887094.429
-0.9070000052452087,-0.13199999928474426,-0.33500000834465027,1776887094.44
-0.9139999747276306,-0.13099999725818634,-0.3269999921321869,1776887094.466
-0.9100000262260437,-0.1340000033378601,-0.3310000002384186,1776887094.483
-0.906000018119812,-0.13199999928474426,-0.3319999873638153,1776887094.5
-0.9079999923706055,-0.1340000033378601,-0.3310000002384186,1776887095.446
-0.9079999923706055,-0.13500000536441803,-0.328000009059906,1776887095.46
-0.9120000004768372,-0.13600000739097595,-0.33000001311302185,1776887095.486
-0.9070000052452087,-0.1469999998807907,-0.33399999141693115,1776887095.5
-0.9020000100135803,-0.13300000131130219,-0.3370000123977661,1776887095.525
-0.9120000004768372,-0.12800000607967377,-0.33399999141693115,1776887095.969
-0.9110000133514404,-0.13500000536441803,-0.3370000123977661,1776887095.98
-0.9079999923706055,-0.13500000536441803,-0.3310000002384186,1776887096.006
-0.9079999923706055,-0.13600000739097595,-0.3319999873638153,1776887096.02
-0.9070000052452087,-0.1340000033378601,-0.335999995470047,1776887096.048
-0.9079999923706055,-0.13099999725818634,-0.33399999141693115,1776887096.466
-0.9049999713897705,-0.13500000536441803,-0.3269999921321869,1776887096.48
-0.9089999794960022,-0.13300000131130219,-0.335999995470047,1776887096.508
-0.9110000133514404,-0.13199999928474426,-0.3310000002384186,1776887096.52
-0.9100000262260437,-0.1340000033378601,-0.335999995470047,1776887096.546
-0.9100000262260437,-0.13300000131130219,-0.3310000002384186,1776887096.968
-0.9070000052452087,-0.1340000033378601,-0.3310000002384186,1776887096.98
-0.9110000133514404,-0.1340000033378601,-0.32899999618530273,1776887097.007
-0.9079999923706055,-0.13199999928474426,-0.33399999141693115,1776887097.02
-0.9110000133514404,-0.13199999928474426,-0.3370000123977661,1776887097.046
-0.9089999794960022,-0.13300000131130219,-0.33399999141693115,1776887097.461
-0.9070000052452087,-0.13500000536441803,-0.33399999141693115,1776887097.487
-0.9100000262260437,-0.13300000131130219,-0.3319999873638153,1776887097.5
-0.9089999794960022,-0.13300000131130219,-0.3330000042915344,1776887097.52
-0.9070000052452087,-0.13300000131130219,-0.335999995470047,1776887097.544
-0.9079999923706055,-0.1340000033378601,-0.3330000042915344,1776887098.46
-0.9070000052452087,-0.1340000033378601,-0.3319999873638153,1776887098.487
-0.9089999794960022,-0.13199999928474426,-0.3310000002384186,1776887098.5
-0.9089999794960022,-0.13300000131130219,-0.33000001311302185,1776887098.526
-0.906000018119812,-0.1289999932050705,-0.328000009059906,1776887098.544
-0.9100000262260437,-0.13099999725818634,-0.3310000002384186,1776887098.96
-0.9120000004768372,-0.1340000033378601,-0.3269999921321869,1776887098.986
-0.9100000262260437,-0.13500000536441803,-0.33399999141693115,1776887099.0
-0.9089999794960022,-0.13300000131130219,-0.3310000002384186,1776887099.026
-0.9089999794960022,-0.13199999928474426,-0.3370000123977661,1776887099.04
-0.9079999923706055,-0.1340000033378601,-0.32899999618530273,1776887099.46
-0.9070000052452087,-0.13099999725818634,-0.33399999141693115,1776887099.486
-0.9089999794960022,-0.13199999928474426,-0.3330000042915344,1776887099.502
-0.9100000262260437,-0.13300000131130219,-0.3370000123977661,1776887099.529
-0.9100000262260437,-0.13199999928474426,-0.3310000002384186,1776887099.54
-0.9150000214576721,-0.1340000033378601,-0.3310000002384186,1776887100.464
-0.9049999713897705,-0.13099999725818634,-0.3319999873638153,1776887100.484
-0.9070000052452087,-0.13600000739097595,-0.32899999618530273,1776887100.5
-0.9100000262260437,-0.13099999725818634,-0.3319999873638153,1776887100.529
-0.9089999794960022,-0.1340000033378601,-0.3310000002384186,1776887100.54
-0.9110000133514404,-0.13199999928474426,-0.3370000123977661,1776887100.98
-0.906000018119812,-0.13300000131130219,-0.3310000002384186,1776887101.007
-0.9070000052452087,-0.13300000131130219,-0.32899999618530273,1776887101.02
-0.9079999923706055,-0.1340000033378601,-0.33500000834465027,1776887101.049
-0.906000018119812,-0.1289999932050705,-0.3330000042915344,1776887101.06
-0.9110000133514404,-0.13199999928474426,-0.33500000834465027,1776887101.48
-0.9089999794960022,-0.1340000033378601,-0.3330000042915344,1776887101.507
-0.9120000004768372,-0.13199999928474426,-0.33000001311302185,1776887101.52
-0.9089999794960022,-0.12800000607967377,-0.3370000123977661,1776887101.546
-0.9110000133514404,-0.13199999928474426,-0.32899999618530273,1776887101.56
-0.9079999923706055,-0.13300000131130219,-0.3370000123977661,1776887101.96
-0.9089999794960022,-0.13300000131130219,-0.3310000002384186,1776887101.986
-0.9100000262260437,-0.13199999928474426,-0.33000001311302185,1776887102.0
-0.9070000052452087,-0.13699999451637268,-0.33799999952316284,1776887102.027
-0.9110000133514404,-0.13600000739097595,-0.33500000834465027,1776887102.042
-0.9110000133514404,-0.13300000131130219,-0.3319999873638153,1776887102.481
-0.9089999794960022,-0.13899999856948853,-0.33000001311302185,1776887102.5
-0.9079999923706055,-0.13199999928474426,-0.33399999141693115,1776887102.528
-0.9120000004768372,-0.13199999928474426,-0.33500000834465027,1776887102.54
-0.9089999794960022,-0.12999999523162842,-0.33500000834465027,1776887102.566
-0.9089999794960022,-0.13199999928474426,-0.33399999141693115,1776887103.486
-0.9049999713897705,-0.13199999928474426,-0.3319999873638153,1776887103.5
-0.9089999794960022,-0.12999999523162842,-0.3319999873638153,1776887103.529
-0.9089999794960022,-0.1340000033378601,-0.33000001311302185,1776887103.54
-0.9079999923706055,-0.13300000131130219,-0.335999995470047,1776887103.566
-0.9089999794960022,-0.1289999932050705,-0.3330000042915344,1776887103.986
-0.9079999923706055,-0.13199999928474426,-0.3330000042915344,1776887104.0
-0.9110000133514404,-0.13099999725818634,-0.33000001311302185,1776887104.026
-0.9110000133514404,-0.1340000033378601,-0.335999995470047,1776887104.041
-0.9079999923706055,-0.13500000536441803,-0.328000009059906,1776887104.06
-0.9110000133514404,-0.13300000131130219,-0.3319999873638153,1776887104.48
-0.9079999923706055,-0.1340000033378601,-0.33000001311302185,1776887104.5
-0.9100000262260437,-0.13099999725818634,-0.33000001311302185,1776887104.529
-0.9070000052452087,-0.13500000536441803,-0.32899999618530273,1776887104.541
-0.9100000262260437,-0.13500000536441803,-0.33399999141693115,1776887104.566
-0.9070000052452087,-0.13099999725818634,-0.3330000042915344,1776887105.0
-0.9100000262260437,-0.14499999582767487,-0.33000001311302185,1776887105.026
-0.9079999923706055,-0.13199999928474426,-0.3310000002384186,1776887105.04
-0.9110000133514404,-0.13199999928474426,-0.33399999141693115,1776887105.066
-0.9089999794960022,-0.13199999928474426,-0.3319999873638153,1776887105.08
-0.9079999923706055,-0.13099999725818634,-0.33500000834465027,1776887105.48
-0.9100000262260437,-0.12999999523162842,-0.3319999873638153,1776887105.506
-0.9039999842643738,-0.13300000131130219,-0.3330000042915344,1776887105.525
-0.906000018119812,-0.13699999451637268,-0.33000001311302185,1776887105.54
-0.9100000262260437,-0.13099999725818634,-0.33799999952316284,1776887105.566
-0.9139999747276306,-0.12999999523162842,-0.33399999141693115,1776887106.0
-0.9110000133514404,-0.13300000131130219,-0.3319999873638153,1776887106.026
-0.9129999876022339,-0.1340000033378601,-0.3310000002384186,1776887106.04
-0.9079999923706055,-0.1379999965429306,-0.3440000116825104,1776887106.067
-0.9120000004768372,-0.13699999451637268,-0.3319999873638153,1776887106.08
-0.9089999794960022,-0.1340000033378601,-0.32899999618530273,1776887106.5
-0.9089999794960022,-0.13199999928474426,-0.3330000042915344,1776887106.527
-0.9100000262260437,-0.13500000536441803,-0.3330000042915344,1776887106.54
-0.9100000262260437,-0.13300000131130219,-0.33000001311302185,1776887106.566
-0.9100000262260437,-0.1340000033378601,-0.3319999873638153,1776887106.58
-0.9120000004768372,-0.13300000131130219,-0.3319999873638153,1776887107.0
-0.9120000004768372,-0.13300000131130219,-0.3319999873638153,1776887107.026
-0.9120000004768372,-0.13300000131130219,-0.3319999873638153,1776887107.04
-0.906000018119812,-0.13099999725818634,-0.3310000002384186,1776887107.06
-0.9100000262260437,-0.13300000131130219,-0.3310000002384186,1776887107.091
-0.906000018119812,-0.12800000607967377,-0.33399999141693115,1776887107.502
-0.9100000262260437,-0.13099999725818634,-0.3310000002384186,1776887107.528
-0.9110000133514404,-0.1379999965429306,-0.3310000002384186,1776887107.54
-0.9110000133514404,-0.13300000131130219,-0.33399999141693115,1776887107.567
-0.9110000133514404,-0.13199999928474426,-0.3269999921321869,1776887107.58
-0.9100000262260437,-0.11699999868869781,-0.328000009059906,1776887108.002
-0.9070000052452087,-0.13300000131130219,-0.33500000834465027,1776887108.028
-0.9070000052452087,-0.13300000131130219,-0.33500000834465027,1776887108.04
-0.9070000052452087,-0.13300000131130219,-0.33500000834465027,1776887108.066
-0.9070000052452087,-0.13600000739097595,-0.33399999141693115,1776887108.081
-0.9100000262260437,-0.13300000131130219,-0.3269999921321869,1776887108.5
-0.9110000133514404,-0.13199999928474426,-0.3310000002384186,1776887108.53
-0.9079999923706055,-0.13300000131130219,-0.33000001311302185,1776887108.54
-0.9129999876022339,-0.1289999932050705,-0.33399999141693115,1776887108.568
-0.9139999747276306,-0.13600000739097595,-0.3330000042915344,1776887108.58
-0.9100000262260437,-0.11999999731779099,-0.3269999921321869,1776887109.009
-0.9100000262260437,-0.13600000739097595,-0.33799999952316284,1776887109.02
-0.9100000262260437,-0.13600000739097595,-0.33799999952316284,1776887109.047
-0.9100000262260437,-0.13600000739097595,-0.33799999952316284,1776887109.06
-0.9100000262260437,-0.13600000739097595,-0.33799999952316284,1776887109.087
-0.9049999713897705,-0.1340000033378601,-0.33000001311302185,1776887109.5
-0.9049999713897705,-0.13099999725818634,-0.3330000042915344,1776887109.529
-0.9089999794960022,-0.13500000536441803,-0.3269999921321869,1776887109.54
-0.9120000004768372,-0.13300000131130219,-0.3330000042915344,1776887109.567
-0.9079999923706055,-0.13099999725818634,-0.33399999141693115,1776887109.58
-0.9129999876022339,-0.13099999725818634,-0.33000001311302185,1776887110.021
-0.9049999713897705,-0.13199999928474426,-0.328000009059906,1776887110.046
-0.9089999794960022,-0.13300000131130219,-0.33500000834465027,1776887110.062
-0.9079999923706055,-0.1340000033378601,-0.335999995470047,1776887110.09
-0.9110000133514404,-0.13199999928474426,-0.33399999141693115,1776887110.1
-0.9049999713897705,-0.13300000131130219,-0.33000001311302185,1776887110.506
-0.9100000262260437,-0.12999999523162842,-0.335999995470047,1776887110.52
-0.9079999923706055,-0.13300000131130219,-0.335999995470047,1776887110.547
-0.9089999794960022,-0.13199999928474426,-0.3319999873638153,1776887110.56
-0.9079999923706055,-0.13199999928474426,-0.3330000042915344,1776887110.581
-0.9100000262260437,-0.11699999868869781,-0.3310000002384186,1776887111.007
-0.9079999923706055,-0.13500000536441803,-0.33399999141693115,1776887111.026
-0.906000018119812,-0.1340000033378601,-0.3409999907016754,1776887111.04
-0.9089999794960022,-0.13199999928474426,-0.3310000002384186,1776887111.066
-0.9089999794960022,-0.1340000033378601,-0.3330000042915344,1776887111.08
-0.906000018119812,-0.1340000033378601,-0.33399999141693115,1776887111.506
-0.9079999923706055,-0.13699999451637268,-0.3370000123977661,1776887111.52
-0.9070000052452087,-0.1340000033378601,-0.328000009059906,1776887111.541
-0.9070000052452087,-0.13199999928474426,-0.3319999873638153,1776887111.567
-0.9120000004768372,-0.12999999523162842,-0.3330000042915344,1776887111.58
-0.9070000052452087,-0.13199999928474426,-0.3319999873638153,1776887112.001
-0.9089999794960022,-0.13300000131130219,-0.3310000002384186,1776887112.026
-0.9089999794960022,-0.13199999928474426,-0.33799999952316284,1776887112.041
-0.9100000262260437,-0.13300000131130219,-0.33799999952316284,1776887112.066
-0.9049999713897705,-0.1340000033378601,-0.33500000834465027,1776887112.081
-0.906000018119812,-0.13099999725818634,-0.335999995470047,1776887112.501
-0.9079999923706055,-0.13300000131130219,-0.33399999141693115,1776887112.526
-0.9100000262260437,-0.1340000033378601,-0.3370000123977661,1776887112.541
-0.9100000262260437,-0.13099999725818634,-0.335999995470047,1776887112.568
-0.9089999794960022,-0.13199999928474426,-0.328000009059906,1776887112.581
-0.9070000052452087,-0.1340000033378601,-0.3370000123977661,1776887113.027
-0.9070000052452087,-0.1340000033378601,-0.33500000834465027,1776887113.041
-0.9110000133514404,-0.1340000033378601,-0.32899999618530273,1776887113.067
-0.906000018119812,-0.13199999928474426,-0.3319999873638153,1776887113.081
-0.9100000262260437,-0.13300000131130219,-0.3370000123977661,1776887113.107
-0.9129999876022339,-0.13300000131130219,-0.335999995470047,1776887113.521
-0.9100000262260437,-0.13500000536441803,-0.3310000002384186,1776887113.546
-0.9089999794960022,-0.13500000536441803,-0.3310000002384186,1776887113.561
-0.9100000262260437,-0.13600000739097595,-0.33399999141693115,1776887113.587
-0.9120000004768372,-0.13199999928474426,-0.3370000123977661,1776887113.601
-0.9100000262260437,-0.13300000131130219,-0.3330000042915344,1776887114.033
-0.906000018119812,-0.13300000131130219,-0.33500000834465027,1776887114.045
-0.9100000262260437,-0.1340000033378601,-0.32899999618530273,1776887114.061
-0.9079999923706055,-0.1340000033378601,-0.33399999141693115,1776887114.086
-0.906000018119812,-0.13500000536441803,-0.33399999141693115,1776887114.101
-0.9079999923706055,-0.13099999725818634,-0.335999995470047,1776887114.527
-0.9150000214576721,-0.13300000131130219,-0.3319999873638153,1776887114.542
-0.902999997138977,-0.13500000536441803,-0.33000001311302185,1776887114.569
-0.906000018119812,-0.1340000033378601,-0.33000001311302185,1776887114.581
-0.9110000133514404,-0.13500000536441803,-0.32899999618530273,1776887114.608
-0.9110000133514404,-0.13300000131130219,-0.328000009059906,1776887115.021
-0.9089999794960022,-0.13199999928474426,-0.33500000834465027,1776887115.049
-0.9070000052452087,-0.13199999928474426,-0.3319999873638153,1776887115.061
-0.9089999794960022,-0.1340000033378601,-0.3310000002384186,1776887115.086
-0.906000018119812,-0.1340000033378601,-0.3319999873638153,1776887115.101
-0.9089999794960022,-0.1340000033378601,-0.3370000123977661,1776887115.527
-0.9110000133514404,-0.13300000131130219,-0.33399999141693115,1776887115.541
-0.9079999923706055,-0.13199999928474426,-0.33500000834465027,1776887115.572
-0.9089999794960022,-0.1289999932050705,-0.32899999618530273,1776887115.584
-0.9079999923706055,-0.13199999928474426,-0.3269999921321869,1776887115.601
-0.9100000262260437,-0.13500000536441803,-0.33000001311302185,1776887116.029
-0.906000018119812,-0.13300000131130219,-0.33399999141693115,1776887116.041
-0.9079999923706055,-0.12999999523162842,-0.3330000042915344,1776887116.067
-0.906000018119812,-0.13500000536441803,-0.3269999921321869,1776887116.081
-0.9070000052452087,-0.13300000131130219,-0.3330000042915344,1776887116.106
-0.9110000133514404,-0.13199999928474426,-0.32600000500679016,1776887116.526
-0.906000018119812,-0.1340000033378601,-0.33399999141693115,1776887116.541
-0.9120000004768372,-0.13300000131130219,-0.3330000042915344,1776887116.567
-0.906000018119812,-0.13500000536441803,-0.3310000002384186,1776887116.581
-0.9100000262260437,-0.13099999725818634,-0.33500000834465027,1776887116.607
-0.9129999876022339,-0.12999999523162842,-0.3319999873638153,1776887117.021
-0.9110000133514404,-0.13300000131130219,-0.335999995470047,1776887117.049
-0.9079999923706055,-0.11699999868869781,-0.33399999141693115,1776887117.061
-0.9089999794960022,-0.13300000131130219,-0.3310000002384186,1776887117.087
-0.9079999923706055,-0.1340000033378601,-0.33500000834465027,1776887117.102
-0.9039999842643738,-0.13300000131130219,-0.3240000009536743,1776887117.541
-0.9079999923706055,-0.13099999725818634,-0.3319999873638153,1776887117.566
-0.9070000052452087,-0.13300000131130219,-0.32600000500679016,1776887117.581
-0.9079999923706055,-0.13099999725818634,-0.3319999873638153,1776887117.601
-0.9100000262260437,-0.13600000739097595,-0.33500000834465027,1776887117.621
-0.9079999923706055,-0.13300000131130219,-0.3319999873638153,1776887118.048
-0.9070000052452087,-0.13099999725818634,-0.3310000002384186,1776887118.063
-0.9100000262260437,-0.1340000033378601,-0.33500000834465027,1776887118.081
-0.9089999794960022,-0.1340000033378601,-0.3370000123977661,1776887118.106
-0.9129999876022339,-0.13199999928474426,-0.3319999873638153,1776887118.121
-0.906000018119812,-0.13500000536441803,-0.3319999873638153,1776887118.522
-0.9120000004768372,-0.13500000536441803,-0.33399999141693115,1776887118.547
-0.9079999923706055,-0.1340000033378601,-0.335999995470047,1776887118.561
-0.906000018119812,-0.12800000607967377,-0.33000001311302185,1776887118.589
-0.9089999794960022,-0.13199999928474426,-0.3310000002384186,1776887118.601
-0.9110000133514404,-0.13500000536441803,-0.3330000042915344,1776887119.049
-0.9070000052452087,-0.13300000131130219,-0.3230000138282776,1776887119.061
-0.9049999713897705,-0.1289999932050705,-0.3319999873638153,1776887119.088
-0.9079999923706055,-0.13699999451637268,-0.3330000042915344,1776887119.101
-0.9100000262260437,-0.13199999928474426,-0.3310000002384186,1776887119.127
-0.9089999794960022,-0.13199999928474426,-0.3319999873638153,1776887119.547
-0.9089999794960022,-0.1340000033378601,-0.3330000042915344,1776887119.561
-0.9079999923706055,-0.13300000131130219,-0.33000001311302185,1776887119.586
-0.9070000052452087,-0.13500000536441803,-0.33500000834465027,1776887119.601
-0.9089999794960022,-0.13099999725818634,-0.33000001311302185,1776887119.627
-0.9070000052452087,-0.13300000131130219,-0.33000001311302185,1776887120.048
-0.9089999794960022,-0.13699999451637268,-0.3310000002384186,1776887120.061
-0.9100000262260437,-0.13099999725818634,-0.33399999141693115,1776887120.089
-0.9089999794960022,-0.13699999451637268,-0.335999995470047,1776887120.101
-0.9070000052452087,-0.1289999932050705,-0.3409999907016754,1776887120.127
-0.9089999794960022,-0.13600000739097595,-0.3370000123977661,1776887120.547
-0.9079999923706055,-0.1340000033378601,-0.3330000042915344,1776887120.562
-0.9089999794960022,-0.13300000131130219,-0.3400000035762787,1776887120.588
-0.9049999713897705,-0.13300000131130219,-0.335999995470047,1776887120.601
-0.9079999923706055,-0.13500000536441803,-0.33500000834465027,1776887120.627
-0.9079999923706055,-0.13300000131130219,-0.33399999141693115,1776887121.041
-0.9070000052452087,-0.11900000274181366,-0.3330000042915344,1776887121.067
-0.9079999923706055,-0.13300000131130219,-0.33799999952316284,1776887121.081
-0.9110000133514404,-0.1340000033378601,-0.3449999988079071,1776887121.106
-0.9120000004768372,-0.13600000739097595,-0.3370000123977661,1776887121.121
-0.9070000052452087,-0.13199999928474426,-0.33500000834465027,1776887121.548
-0.9070000052452087,-0.13199999928474426,-0.33500000834465027,1776887121.561
-0.9070000052452087,-0.13199999928474426,-0.33500000834465027,1776887121.586
-0.9070000052452087,-0.13099999725818634,-0.32600000500679016,1776887121.601
-0.9100000262260437,-0.12999999523162842,-0.3330000042915344,1776887121.627
-0.9089999794960022,-0.13300000131130219,-0.3330000042915344,1776887122.061
-0.9049999713897705,-0.1340000033378601,-0.335999995470047,1776887122.089
-0.9079999923706055,-0.13300000131130219,-0.32899999618530273,1776887122.101
-0.9079999923706055,-0.13500000536441803,-0.335999995470047,1776887122.126
-0.906000018119812,-0.13099999725818634,-0.3499999940395355,1776887122.141
-0.9079999923706055,-0.1340000033378601,-0.328000009059906,1776887122.561
-0.9079999923706055,-0.1340000033378601,-0.328000009059906,1776887122.586
-0.9079999923706055,-0.1340000033378601,-0.328000009059906,1776887122.601
-0.9100000262260437,-0.13099999725818634,-0.33500000834465027,1776887122.628
-0.9139999747276306,-0.13300000131130219,-0.3310000002384186,1776887122.641
-0.9089999794960022,-0.14499999582767487,-0.33399999141693115,1776887123.069
-0.9089999794960022,-0.1379999965429306,-0.33500000834465027,1776887123.081
-0.9120000004768372,-0.13300000131130219,-0.32899999618530273,1776887123.107
-0.9110000133514404,-0.13199999928474426,-0.3330000042915344,1776887123.121
-0.9079999923706055,-0.13300000131130219,-0.3370000123977661,1776887123.147
-0.9120000004768372,-0.13099999725818634,-0.33500000834465027,1776887123.561
-0.9089999794960022,-0.1340000033378601,-0.3370000123977661,1776887123.588
-0.9089999794960022,-0.1340000033378601,-0.3370000123977661,1776887123.601
-0.9089999794960022,-0.1340000033378601,-0.3370000123977661,1776887123.631
-0.9079999923706055,-0.13300000131130219,-0.33399999141693115,1776887123.642
-0.9129999876022339,-0.1340000033378601,-0.33399999141693115,1776887124.062
-0.9070000052452087,-0.1340000033378601,-0.3330000042915344,1776887124.089
-0.9089999794960022,-0.13300000131130219,-0.33500000834465027,1776887124.101
-0.9079999923706055,-0.11900000274181366,-0.3310000002384186,1776887124.127
-0.906000018119812,-0.13300000131130219,-0.3409999907016754,1776887124.141
-0.9079999923706055,-0.12999999523162842,-0.3330000042915344,1776887124.561
-0.9089999794960022,-0.13199999928474426,-0.33399999141693115,1776887124.589
-0.9100000262260437,-0.11999999731779099,-0.3240000009536743,1776887124.601
-0.9120000004768372,-0.13699999451637268,-0.33000001311302185,1776887124.627
-0.9070000052452087,-0.13099999725818634,-0.335999995470047,1776887124.641
-0.9100000262260437,-0.13199999928474426,-0.3499999940395355,1776887125.068
-0.9089999794960022,-0.13300000131130219,-0.33399999141693115,1776887125.081
-0.906000018119812,-0.13300000131130219,-0.33799999952316284,1776887125.107
-0.9079999923706055,-0.13300000131130219,-0.33000001311302185,1776887125.121
-0.9070000052452087,-0.13300000131130219,-0.335999995470047,1776887125.148
-0.9089999794960022,-0.1340000033378601,-0.3310000002384186,1776887125.567
-0.9089999794960022,-0.13300000131130219,-0.3310000002384186,1776887125.581
-0.9160000085830688,-0.13199999928474426,-0.32899999618530273,1776887125.601
-0.9100000262260437,-0.13300000131130219,-0.328000009059906,1776887125.629
-0.9100000262260437,-0.13099999725818634,-0.33399999141693115,1776887125.641
-0.9070000052452087,-0.13699999451637268,-0.33500000834465027,1776887126.063
-0.9089999794960022,-0.13600000739097595,-0.33799999952316284,1776887126.089
-0.9110000133514404,-0.13600000739097595,-0.32899999618530273,1776887126.101
-0.9120000004768372,-0.1340000033378601,-0.33399999141693115,1776887126.127
-0.9100000262260437,-0.1340000033378601,-0.3319999873638153,1776887126.141
-0.9089999794960022,-0.13300000131130219,-0.33000001311302185,1776887126.581
-0.9039999842643738,-0.12700000405311584,-0.335999995470047,1776887126.608
-0.9110000133514404,-0.13199999928474426,-0.33399999141693115,1776887126.621
-0.9039999842643738,-0.13699999451637268,-0.3310000002384186,1776887126.647
-0.9120000004768372,-0.1289999932050705,-0.335999995470047,1776887126.661
-0.9120000004768372,-0.13500000536441803,-0.33000001311302185,1776887127.081
-0.9079999923706055,-0.13500000536441803,-0.328000009059906,1776887127.107
-0.9100000262260437,-0.13300000131130219,-0.3330000042915344,1776887127.121
-0.9110000133514404,-0.13099999725818634,-0.33399999141693115,1776887127.149
-0.9089999794960022,-0.13199999928474426,-0.33399999141693115,1776887127.161
-0.9049999713897705,-0.13500000536441803,-0.335999995470047,1776887127.587
-0.9070000052452087,-0.13300000131130219,-0.3330000042915344,1776887127.606
-0.9100000262260437,-0.13300000131130219,-0.335999995470047,1776887127.621
-0.9129999876022339,-0.13199999928474426,-0.33000001311302185,1776887127.647
-0.9079999923706055,-0.13300000131130219,-0.328000009059906,1776887127.662
-0.9079999923706055,-0.13300000131130219,-0.33399999141693115,1776887128.063
-0.9089999794960022,-0.13099999725818634,-0.33500000834465027,1776887128.081
-0.906000018119812,-0.13199999928474426,-0.3330000042915344,1776887128.111
-0.9070000052452087,-0.1459999978542328,-0.3319999873638153,1776887128.122
-0.9079999923706055,-0.1289999932050705,-0.335999995470047,1776887128.155
-0.9120000004768372,-0.13500000536441803,-0.33399999141693115,1776887128.581
-0.9079999923706055,-0.13300000131130219,-0.33399999141693115,1776887128.607
-0.9089999794960022,-0.1340000033378601,-0.33000001311302185,1776887128.627
-0.9089999794960022,-0.1340000033378601,-0.33500000834465027,1776887128.641
-0.9070000052452087,-0.13199999928474426,-0.33000001311302185,1776887128.667
-0.9070000052452087,-0.1340000033378601,-0.33799999952316284,1776887129.081
-0.9070000052452087,-0.13099999725818634,-0.3310000002384186,1776887129.107
-0.906000018119812,-0.13099999725818634,-0.3269999921321869,1776887129.121
-0.9120000004768372,-0.13199999928474426,-0.3330000042915344,1776887129.149
-0.9089999794960022,-0.13500000536441803,-0.33399999141693115,1776887129.161
-0.9089999794960022,-0.13300000131130219,-0.328000009059906,1776887129.582
-0.9079999923706055,-0.13199999928474426,-0.3319999873638153,1776887129.608
-0.9070000052452087,-0.13300000131130219,-0.3330000042915344,1776887129.621
-0.9049999713897705,-0.13300000131130219,-0.328000009059906,1776887129.647
-0.9100000262260437,-0.13199999928474426,-0.3330000042915344,1776887129.661
-0.906000018119812,-0.1459999978542328,-0.32899999618530273,1776887130.081
-0.9070000052452087,-0.13300000131130219,-0.33500000834465027,1776887130.102
-0.9070000052452087,-0.13199999928474426,-0.3269999921321869,1776887130.128
-0.9100000262260437,-0.1289999932050705,-0.3310000002384186,1776887130.141
-0.9110000133514404,-0.13199999928474426,-0.33399999141693115,1776887130.168
-0.9100000262260437,-0.13300000131130219,-0.335999995470047,1776887130.587
-0.9070000052452087,-0.13300000131130219,-0.3370000123977661,1776887130.601
-0.9049999713897705,-0.11599999666213989,-0.3319999873638153,1776887130.627
-0.9089999794960022,-0.12999999523162842,-0.33500000834465027,1776887130.641
-0.9079999923706055,-0.13300000131130219,-0.33500000834465027,1776887130.67
-0.9100000262260437,-0.13300000131130219,-0.32899999618530273,1776887131.087
-0.906000018119812,-0.1340000033378601,-0.3330000042915344,1776887131.101
-0.9139999747276306,-0.13199999928474426,-0.33000001311302185,1776887131.127
-0.9089999794960022,-0.13099999725818634,-0.3310000002384186,1776887131.141
-0.9079999923706055,-0.13199999928474426,-0.32499998807907104,1776887131.167
-0.9079999923706055,-0.1289999932050705,-0.33500000834465027,1776887131.587
-0.9089999794960022,-0.13199999928474426,-0.33500000834465027,1776887131.601
-0.9070000052452087,-0.13199999928474426,-0.3370000123977661,1776887131.627
-0.9110000133514404,-0.13099999725818634,-0.33399999141693115,1776887131.641
-0.9070000052452087,-0.13500000536441803,-0.3330000042915344,1776887131.667
-0.9100000262260437,-0.13199999928474426,-0.33399999141693115,1776887132.102
-0.9070000052452087,-0.13600000739097595,-0.335999995470047,1776887132.128
-0.9110000133514404,-0.13300000131130219,-0.3319999873638153,1776887132.143
-0.9070000052452087,-0.13699999451637268,-0.3269999921321869,1776887132.169
-0.9120000004768372,-0.13500000536441803,-0.33000001311302185,1776887132.181
-0.9100000262260437,-0.13199999928474426,-0.3319999873638153,1776887132.587
-0.9089999794960022,-0.11800000071525574,-0.33500000834465027,1776887132.601
-0.9089999794960022,-0.1289999932050705,-0.3330000042915344,1776887132.627
-0.906000018119812,-0.13099999725818634,-0.3330000042915344,1776887132.641
-0.9089999794960022,-0.1459999978542328,-0.33500000834465027,1776887132.661
-0.906000018119812,-0.13300000131130219,-0.33500000834465027,1776887133.109
-0.906000018119812,-0.13199999928474426,-0.3310000002384186,1776887133.121
-0.9049999713897705,-0.1340000033378601,-0.33000001311302185,1776887133.149
-0.9079999923706055,-0.12999999523162842,-0.335999995470047,1776887133.161
-0.9070000052452087,-0.12999999523162842,-0.33899998664855957,1776887133.187
-0.9100000262260437,-0.13199999928474426,-0.33000001311302185,1776887133.601
-0.9079999923706055,-0.13199999928474426,-0.3330000042915344,1776887133.629
-0.9079999923706055,-0.1340000033378601,-0.3370000123977661,1776887133.641
-0.9070000052452087,-0.1340000033378601,-0.33399999141693115,1776887133.667
-0.9100000262260437,-0.13500000536441803,-0.3319999873638153,1776887133.683
-0.9070000052452087,-0.13699999451637268,-0.3310000002384186,1776887134.108
-0.9100000262260437,-0.13500000536441803,-0.3330000042915344,1776887134.122
-0.9110000133514404,-0.13099999725818634,-0.32899999618530273,1776887134.144
-0.9070000052452087,-0.12999999523162842,-0.3330000042915344,1776887134.161
-0.9070000052452087,-0.13600000739097595,-0.33399999141693115,1776887134.189
-0.9070000052452087,-0.11900000274181366,-0.33000001311302185,1776887134.608
-0.9070000052452087,-0.11900000274181366,-0.33000001311302185,1776887134.621
-0.9079999923706055,-0.13500000536441803,-0.33500000834465027,1776887134.649
-0.9079999923706055,-0.13300000131130219,-0.32899999618530273,1776887134.661
-0.9079999923706055,-0.1459999978542328,-0.3310000002384186,1776887134.687
-0.9110000133514404,-0.13199999928474426,-0.3319999873638153,1776887135.101
-0.9049999713897705,-0.13099999725818634,-0.33799999952316284,1776887135.129
-0.9079999923706055,-0.12999999523162842,-0.3319999873638153,1776887135.143
-0.9079999923706055,-0.12999999523162842,-0.3319999873638153,1776887135.169
-0.9079999923706055,-0.12999999523162842,-0.3319999873638153,1776887135.181
-0.9089999794960022,-0.1340000033378601,-0.33500000834465027,1776887135.601
-0.9120000004768372,-0.13300000131130219,-0.33000001311302185,1776887135.627
-0.9120000004768372,-0.13500000536441803,-0.33399999141693115,1776887135.641
-0.9089999794960022,-0.13199999928474426,-0.33000001311302185,1776887135.668
-0.9089999794960022,-0.13199999928474426,-0.33500000834465027,1776887135.681
-0.9079999923706055,-0.13199999928474426,-0.34200000762939453,1776887136.127
-0.9079999923706055,-0.13099999725818634,-0.33399999141693115,1776887136.141
-0.9070000052452087,-0.13099999725818634,-0.33000001311302185,1776887136.161
-0.9070000052452087,-0.13199999928474426,-0.3310000002384186,1776887136.189
-0.9070000052452087,-0.13199999928474426,-0.3310000002384186,1776887136.201
-0.9079999923706055,-0.13500000536441803,-0.3240000009536743,1776887136.607
-0.9110000133514404,-0.13099999725818634,-0.3310000002384186,1776887136.622
-0.9120000004768372,-0.13300000131130219,-0.3319999873638153,1776887136.649
-0.9049999713897705,-0.13699999451637268,-0.335999995470047,1776887136.661
-0.9089999794960022,-0.1340000033378601,-0.3370000123977661,1776887136.693
-0.7139999866485596,0.004000000189989805,-0.2809999883174896,1776887137.101
-0.9070000052452087,0.03400000184774399,-0.3889999985694885,1776887137.122
-0.7839999794960022,0.18400000035762787,-0.7319999933242798,1776887137.141
-0.8410000205039978,0.07199999690055847,-0.5550000071525574,1776887137.167
-0.9169999957084656,0.019999999552965164,-0.27300000190734863,1776887137.181
-0.5950000286102295,0.019999999552965164,-0.5040000081062317,1776887137.602
-0.8679999709129333,0.035999998450279236,-0.3310000002384186,1776887137.628
-0.7009999752044678,-0.006000000052154064,-0.9070000052452087,1776887137.641
-0.6579999923706055,0.17000000178813934,-0.3880000114440918,1776887137.667
-0.734000027179718,0.06400000303983688,-0.2529999911785126,1776887137.681
-0.6610000133514404,0.2639999985694885,-0.4740000069141388,1776887138.121
-0.9350000023841858,-0.01600000075995922,-0.6029999852180481,1776887138.147
-0.7609999775886536,-0.07800000160932541,-0.3720000088214874,1776887138.163
-0.7599999904632568,-0.11299999803304672,-0.7829999923706055,1776887138.181
-0.9340000152587891,-0.13899999856948853,-0.8399999737739563,1776887138.207
-0.8320000171661377,-0.08900000154972076,-0.47600001096725464,1776887138.628
-0.8370000123977661,-0.08699999749660492,-0.4690000116825104,1776887138.641
-0.8389999866485596,-0.09000000357627869,-0.45100000500679016,1776887138.671
-0.8370000123977661,-0.08799999952316284,-0.4749999940395355,1776887138.682
-0.8320000171661377,-0.09099999815225601,-0.4790000021457672,1776887138.708
-0.8360000252723694,-0.08799999952316284,-0.4749999940395355,1776887139.142
-0.8339999914169312,-0.09300000220537186,-0.47200000286102295,1776887139.169
-0.8379999995231628,-0.09200000017881393,-0.47699999809265137,1776887139.182
-0.8349999785423279,-0.08799999952316284,-0.4699999988079071,1776887139.208
-0.8339999914169312,-0.09099999815225601,-0.4690000116825104,1776887139.221
-0.8349999785423279,-0.09099999815225601,-0.47200000286102295,1776887139.641
-0.8299999833106995,-0.09000000357627869,-0.33899998664855957,1776887139.667
-0.7839999794960022,-0.08500000089406967,-0.47999998927116394,1776887139.681
-0.8169999718666077,-0.11699999868869781,-0.5370000004768372,1776887139.709
-0.8230000138282776,-0.09700000286102295,-0.4560000002384186,1776887139.721
-0.6970000267028809,-0.1289999932050705,-0.5770000219345093,1776887140.121
-1.0260000228881836,-0.003000000026077032,-0.4959999918937683,1776887140.147
-0.6510000228881836,-0.09000000357627869,-0.3190000057220459,1776887140.161
-0.7070000171661377,0.0020000000949949026,-0.5339999794960022,1776887140.187
-0.6859999895095825,-0.07500000298023224,-0.781000018119812,1776887140.202
-0.5360000133514404,-0.1599999964237213,-0.36000001430511475,1776887140.643
-0.5860000252723694,0.07000000029802322,-0.38499999046325684,1776887140.669
-0.7509999871253967,-0.12800000607967377,-0.9039999842643738,1776887140.682
-0.9670000076293945,-0.2160000056028366,-0.1589999943971634,1776887140.708
-0.8059999942779541,-0.10100000351667404,-0.38100001215934753,1776887140.726
-0.46299999952316284,-0.12999999523162842,-0.597000002861023,1776887141.142
-0.9470000267028809,0.1340000033378601,-0.041999999433755875,1776887141.168
-0.5910000205039978,-0.16500000655651093,-0.7720000147819519,1776887141.181
-1.0700000524520874,-0.02800000086426735,-0.20800000429153442,1776887141.209
-0.8230000138282776,-0.029999999329447746,-0.6420000195503235,1776887141.221
-0.7020000219345093,-0.13500000536441803,-0.5270000100135803,1776887141.641
-0.765999972820282,-0.1120000034570694,-0.6349999904632568,1776887141.669
-0.7789999842643738,-0.1899999976158142,-0.4959999918937683,1776887141.683
-0.8159999847412109,-0.23199999332427979,-0.47999998927116394,1776887141.709
-0.8009999990463257,-0.09000000357627869,-0.40700000524520874,1776887141.721
-0.7239999771118164,-0.1459999978542328,-0.5419999957084656,1776887142.148
-0.8460000157356262,-0.11999999731779099,-0.414000004529953,1776887142.161
-0.7289999723434448,-0.10999999940395355,-0.527999997138977,1776887142.19
-0.9039999842643738,-0.10899999737739563,-0.6029999852180481,1776887142.201
-0.8040000200271606,-0.12800000607967377,-0.5339999794960022,1776887142.227
-0.8769999742507935,-0.1589999943971634,-0.6370000243186951,1776887142.647
-0.6909999847412109,-0.13300000131130219,-0.5009999871253967,1776887142.661
-0.902999997138977,-0.1469999998807907,-0.5849999785423279,1776887142.689
-0.6919999718666077,-0.11500000208616257,-0.4429999887943268,1776887142.702
-0.9290000200271606,-0.1899999976158142,-0.6140000224113464,1776887142.729
-0.7799999713897705,-0.11599999666213989,-0.5460000038146973,1776887143.141
-0.8399999737739563,-0.07100000232458115,-0.5040000081062317,1776887143.167
-0.8159999847412109,-0.09099999815225601,-0.4779999852180481,1776887143.181
-0.8450000286102295,-0.1720000058412552,-0.6010000109672546,1776887143.21
-0.8140000104904175,-0.05999999865889549,-0.49399998784065247,1776887143.221
-0.7099999785423279,-0.13099999725818634,-0.4189999997615814,1776887143.648
-0.9039999842643738,-0.18199999630451202,-0.6959999799728394,1776887143.662
-0.671999990940094,-0.12099999934434891,-0.4650000035762787,1776887143.688
-0.8510000109672546,-0.15399999916553497,-0.5440000295639038,1776887143.701
-0.8180000185966492,-0.11400000005960464,-0.45100000500679016,1776887143.727
-0.800000011920929,-0.10199999809265137,-0.48899999260902405,1776887144.148
-0.8700000047683716,-0.0820000022649765,-0.6520000100135803,1776887144.161
-0.828000009059906,-0.17800000309944153,-0.5080000162124634,1776887144.182
-0.8230000138282776,-0.11500000208616257,-0.5040000081062317,1776887144.208
-0.8429999947547913,-0.12999999523162842,-0.515999972820282,1776887144.221
-0.800000011920929,-0.12800000607967377,-0.5210000276565552,1776887144.648
-0.800000011920929,-0.11800000071525574,-0.5170000195503235,1776887144.661
-0.8119999766349792,-0.12399999797344208,-0.5130000114440918,1776887144.687
-0.7960000038146973,-0.11699999868869781,-0.5130000114440918,1776887144.701
-0.8029999732971191,-0.11800000071525574,-0.5090000033378601,1776887144.73
-0.7889999747276306,-0.125,-0.5460000038146973,1776887145.161
-0.8019999861717224,-0.10100000351667404,-0.49900001287460327,1776887145.188
-0.8040000200271606,-0.12200000137090683,-0.5009999871253967,1776887145.201
-0.8140000104904175,-0.15199999511241913,-0.5049999952316284,1776887145.228
-0.800000011920929,-0.08399999886751175,-0.5180000066757202,1776887145.241
-0.8029999732971191,-0.11900000274181366,-0.5059999823570251,1776887145.667
-0.8040000200271606,-0.10999999940395355,-0.5329999923706055,1776887145.681
-0.8059999942779541,-0.10999999940395355,-0.4950000047683716,1776887145.71
-0.8069999814033508,-0.125,-0.5139999985694885,1776887145.721
-0.7990000247955322,-0.1080000028014183,-0.5040000081062317,1776887145.748
-0.8059999942779541,-0.12200000137090683,-0.5090000033378601,1776887146.168
-0.7979999780654907,-0.12300000339746475,-0.5239999890327454,1776887146.181
-0.8080000281333923,-0.11100000143051147,-0.4950000047683716,1776887146.207
-0.8109999895095825,-0.11299999803304672,-0.4819999933242798,1776887146.225
-0.8050000071525574,-0.10999999940395355,-0.5059999823570251,1776887146.241
-0.8190000057220459,-0.12700000405311584,-0.5299999713897705,1776887146.661
-0.7990000247955322,-0.11400000005960464,-0.5090000033378601,1776887146.687
-0.8050000071525574,-0.12099999934434891,-0.5080000162124634,1776887146.703
-0.8029999732971191,-0.11100000143051147,-0.49799999594688416,1776887146.729
-0.8059999942779541,-0.11900000274181366,-0.531000018119812,1776887146.742
-0.8230000138282776,-0.12099999934434891,-0.3230000138282776,1776887147.168
-0.8579999804496765,-0.09200000017881393,-0.5649999976158142,1776887147.189
-0.800000011920929,-0.12099999934434891,-0.5580000281333923,1776887147.201
-0.8019999861717224,-0.1120000034570694,-0.5329999923706055,1776887147.227
-0.7879999876022339,-0.1080000028014183,-0.5189999938011169,1776887147.242
-0.8029999732971191,-0.09099999815225601,-0.5149999856948853,1776887147.667
-0.8029999732971191,-0.09600000083446503,-0.5130000114440918,1776887147.681
-0.800000011920929,-0.09799999743700027,-0.531000018119812,1776887147.707
-0.7979999780654907,-0.10300000011920929,-0.5120000243186951,1776887147.722
-0.800000011920929,-0.0949999988079071,-0.5109999775886536,1776887147.748
-0.8019999861717224,-0.10199999809265137,-0.5149999856948853,1776887148.161
-0.7990000247955322,-0.09799999743700027,-0.5149999856948853,1776887148.189
-0.796999990940094,-0.10300000011920929,-0.5189999938011169,1776887148.202
-0.8029999732971191,-0.10100000351667404,-0.5180000066757202,1776887148.228
-0.8069999814033508,-0.10700000077486038,-0.5440000295639038,1776887148.241
-0.8069999814033508,-0.0989999994635582,-0.5120000243186951,1776887148.662
-0.7879999876022339,-0.08500000089406967,-0.5299999713897705,1776887148.688
-0.8270000219345093,-0.12800000607967377,-0.5220000147819519,1776887148.701
-0.8410000205039978,-0.09700000286102295,-0.49799999594688416,1776887148.727
-0.777999997138977,-0.06599999964237213,-0.5389999747276306,1776887148.741
-0.7950000166893005,-0.07800000160932541,-0.5260000228881836,1776887149.188
-0.8040000200271606,-0.07400000095367432,-0.5509999990463257,1776887149.202
-0.8140000104904175,-0.10300000011920929,-0.460999995470047,1776887149.228
-0.7940000295639038,-0.07900000363588333,-0.5040000081062317,1776887149.241
-0.8220000267028809,-0.07500000298023224,-0.5389999747276306,1776887149.267
-0.8029999732971191,-0.13600000739097595,-0.492000013589859,1776887149.682
-0.8140000104904175,-0.12300000339746475,-0.5249999761581421,1776887149.708
-0.7990000247955322,-0.14300000667572021,-0.5170000195503235,1776887149.721
-0.796999990940094,-0.12399999797344208,-0.5220000147819519,1776887149.747
-0.7919999957084656,-0.12300000339746475,-0.5109999775886536,1776887149.761
-0.8019999861717224,-0.12399999797344208,-0.49900001287460327,1776887150.182
-0.8009999990463257,-0.12399999797344208,-0.5130000114440918,1776887150.207
-0.8029999732971191,-0.125,-0.4970000088214874,1776887150.221
-0.8040000200271606,-0.125,-0.5139999985694885,1776887150.242
-0.8090000152587891,-0.12099999934434891,-0.5210000276565552,1776887150.27
-0.7990000247955322,-0.1289999932050705,-0.5049999952316284,1776887150.689
-0.8040000200271606,-0.12399999797344208,-0.5540000200271606,1776887150.701
-0.8019999861717224,-0.1340000033378601,-0.4860000014305115,1776887150.729
-0.8489999771118164,-0.1509999930858612,-0.6209999918937683,1776887150.741
-0.7820000052452087,-0.1420000046491623,-0.6140000224113464,1776887150.768
-0.7860000133514404,-0.06199999898672104,-0.550000011920929,1776887151.182
-0.7870000004768372,-0.17900000512599945,-0.531000018119812,1776887151.209
-0.7239999771118164,-0.18199999630451202,-0.4970000088214874,1776887151.222
-0.9150000214576721,-0.1459999978542328,-0.5979999899864197,1776887151.248
-0.7900000214576721,-0.15000000596046448,-0.5139999985694885,1776887151.261
-0.7390000224113464,-0.14499999582767487,-0.5370000004768372,1776887151.689
-0.9570000171661377,-0.07999999821186066,-0.5649999976158142,1776887151.701
-0.7440000176429749,-0.1809999942779541,-0.5040000081062317,1776887151.728
-0.9390000104904175,-0.164000004529953,-0.5659999847412109,1776887151.741
-0.796999990940094,-0.0860000029206276,-0.43799999356269836,1776887151.769
-0.8930000066757202,-0.09799999743700027,-0.5419999957084656,1776887152.182
-0.75,-0.09700000286102295,-0.4959999918937683,1776887152.202
-0.8579999804496765,-0.18400000035762787,-0.6269999742507935,1776887152.228
-0.7509999871253967,-0.09700000286102295,-0.47099998593330383,1776887152.249
-0.7720000147819519,-0.11999999731779099,-0.5320000052452087,1776887152.261
-0.7009999752044678,-0.05999999865889549,-0.38199999928474426,1776887152.708
-0.7850000262260437,-0.13300000131130219,-0.5600000023841858,1776887152.721
-0.9229999780654907,-0.16699999570846558,-0.5690000057220459,1776887152.741
-0.859000027179718,-0.18000000715255737,-0.6069999933242798,1776887152.767
-0.8009999990463257,-0.10899999737739563,-0.5009999871253967,1776887152.781
-0.8299999833106995,-0.12700000405311584,-0.5759999752044678,1776887153.181
-0.8069999814033508,-0.13300000131130219,-0.5040000081062317,1776887153.207
-0.8090000152587891,-0.14900000393390656,-0.4950000047683716,1776887153.221
-0.8140000104904175,-0.14499999582767487,-0.48899999260902405,1776887153.247
-0.8069999814033508,-0.0949999988079071,-0.49399998784065247,1776887153.263
-0.8029999732971191,-0.12999999523162842,-0.5080000162124634,1776887153.69
-0.8059999942779541,-0.13600000739097595,-0.4950000047683716,1776887153.711
-0.8090000152587891,-0.13300000131130219,-0.5090000033378601,1776887153.722
-0.800000011920929,-0.12099999934434891,-0.5090000033378601,1776887153.747
-0.8069999814033508,-0.11999999731779099,-0.5049999952316284,1776887153.762
-0.8059999942779541,-0.11699999868869781,-0.5040000081062317,1776887154.182
-0.8019999861717224,-0.12300000339746475,-0.5239999890327454,1776887154.208
-0.8040000200271606,-0.1289999932050705,-0.4970000088214874,1776887154.222
-0.8080000281333923,-0.12800000607967377,-0.5049999952316284,1776887154.249
-0.8130000233650208,-0.11999999731779099,-0.5049999952316284,1776887154.262
-0.8069999814033508,-0.12200000137090683,-0.5,1776887154.682
-0.8100000023841858,-0.12300000339746475,-0.5210000276565552,1776887154.708
-0.8009999990463257,-0.1289999932050705,-0.4970000088214874,1776887154.722
-0.8080000281333923,-0.12600000202655792,-0.5120000243186951,1776887154.752
-0.8059999942779541,-0.11900000274181366,-0.5080000162124634,1776887154.763
-0.8019999861717224,-0.12800000607967377,-0.5090000033378601,1776887155.208
-0.8059999942779541,-0.12600000202655792,-0.4970000088214874,1776887155.222
-0.8069999814033508,-0.12800000607967377,-0.503000020980835,1776887155.248
-0.8069999814033508,-0.12600000202655792,-0.5,1776887155.262
-0.8029999732971191,-0.12399999797344208,-0.503000020980835,1776887155.289
-0.8080000281333923,-0.12399999797344208,-0.5080000162124634,1776887155.702
-0.8080000281333923,-0.125,-0.4970000088214874,1776887155.728
-0.8069999814033508,-0.12600000202655792,-0.5049999952316284,1776887155.742
-0.8050000071525574,-0.12800000607967377,-0.5059999823570251,1776887155.769
-0.8059999942779541,-0.12600000202655792,-0.5009999871253967,1776887155.782
-0.8080000281333923,-0.12700000405311584,-0.5049999952316284,1776887156.702
-0.8059999942779541,-0.125,-0.5099999904632568,1776887156.73
-0.8090000152587891,-0.12399999797344208,-0.5040000081062317,1776887156.742
-0.8090000152587891,-0.12200000137090683,-0.5040000081062317,1776887156.768
-0.8080000281333923,-0.125,-0.5049999952316284,1776887156.782
-0.8069999814033508,-0.12200000137090683,-0.503000020980835,1776887157.202
-0.8059999942779541,-0.12700000405311584,-0.5049999952316284,1776887157.23
-0.8069999814033508,-0.12399999797344208,-0.503000020980835,1776887157.251
-0.8069999814033508,-0.12700000405311584,-0.5040000081062317,1776887157.262
-0.8080000281333923,-0.12700000405311584,-0.5059999823570251,1776887157.282
-0.8080000281333923,-0.12099999934434891,-0.5040000081062317,1776887157.707
-0.8080000281333923,-0.12200000137090683,-0.5090000033378601,1776887157.722
-0.8090000152587891,-0.12600000202655792,-0.5049999952316284,1776887157.747
-0.8069999814033508,-0.12700000405311584,-0.5049999952316284,1776887157.762
