x,y,z,t
0.0,0.18299999833106995,-1.4019999504089355,1776886664.258
0.0,0.24400000274181366,-1.4630000591278076,1776886664.27
0.0,0.24400000274181366,-1.4019999504089355,1776886664.296
0.0,0.18299999833106995,-1.4630000591278076,1776886664.31
0.0,0.3050000071525574,-1.4019999504089355,1776886664.755
0.0,0.18299999833106995,-1.340999960899353,1776886664.77
0.061000000685453415,0.12200000137090683,-1.340999960899353,1776886664.8
0.0,0.18299999833106995,-1.4630000591278076,1776886664.813
-0.061000000685453415,0.3050000071525574,-1.4019999504089355,1776886664.83
-0.061000000685453415,0.18299999833106995,14.02400016784668,1776886665.256
-0.061000000685453415,0.12200000137090683,-1.4019999504089355,1776886665.27
0.0,0.12200000137090683,-1.4019999504089355,1776886665.295
0.0,0.12200000137090683,-1.5850000381469727,1776886665.31
0.0,0.3050000071525574,-1.340999960899353,1776886665.335
0.0,0.18299999833106995,-1.4630000591278076,1776886665.75
0.0,0.24400000274181366,-1.4019999504089355,1776886665.776
0.0,0.12200000137090683,-1.4630000591278076,1776886665.79
0.0,0.12200000137090683,-1.4630000591278076,1776886665.817
0.0,0.24400000274181366,-1.4630000591278076,1776886665.83
-0.9150000214576721,0.9150000214576721,4.75600004196167,1776886666.256
-1.2200000286102295,1.0369999408721924,-3.6589999198913574,1776886666.27
6.706999778747559,5.73199987411499,-6.0980000495910645,1776886666.291
-6.21999979019165,5.793000221252441,-1.5240000486373901,1776886666.318
7.439000129699707,-2.805000066757202,0.4880000054836273,1776886666.33
-1.5240000486373901,15.427000045776367,-4.206999778747559,1776886666.756
9.329000473022461,-2.805000066757202,-2.865999937057495,1776886666.77
-0.9150000214576721,-7.622000217437744,0.24400000274181366,1776886666.801
6.951000213623047,-1.5240000486373901,-4.02400016784668,1776886666.812
-4.02400016784668,5.73199987411499,-0.4880000054836273,1776886666.838
-7.072999954223633,-7.25600004196167,0.061000000685453415,1776886667.253
5.0,3.8410000801086426,-0.9760000109672546,1776886667.279
6.28000020980835,-1.8289999961853027,1.340999960899353,1776886667.29
-10.305000305175781,10.121999740600586,-1.8899999856948853,1776886667.316
5.0,4.633999824523926,2.683000087738037,1776886667.33
0.18299999833106995,0.4880000054836273,-0.4269999861717224,1776886667.75
1.2200000286102295,0.9150000214576721,-0.6710000038146973,1776886667.776
0.18299999833106995,-0.6100000143051147,4.939000129699707,1776886667.79
1.8899999856948853,1.4630000591278076,8.170999526977539,1776886667.816
0.24400000274181366,-0.7319999933242798,-4.02400016784668,1776886667.83
16.03700065612793,6.0370001792907715,26.584999084472656,1776886668.25
-1.8289999961853027,5.122000217437744,33.231998443603516,1776886668.276
-24.878000259399414,-8.963000297546387,28.597999572753906,1776886668.29
23.415000915527344,13.659000396728516,31.340999603271484,1776886668.319
-10.732000350952148,-0.18299999833106995,47.31700134277344,1776886668.33
-18.780000686645508,-16.03700065612793,37.926998138427734,1776886668.756
29.93899917602539,24.634000778198242,32.012001037597656,1776886668.77
6.52400016784668,8.048999786376953,48.902000427246094,1776886668.796
-35.792999267578125,-4.085000038146973,38.597999572753906,1776886668.81
23.048999786376953,21.645999908447266,47.25600051879883,1776886668.836
10.914999961853027,1.4019999504089355,19.93899917602539,1776886669.27
23.292999267578125,10.366000175476074,33.597999572753906,1776886669.297
-6.951000213623047,5.24399995803833,37.43899917602539,1776886669.31
12.927000045776367,3.2929999828338623,29.145999908447266,1776886669.336
18.840999603271484,12.866000175476074,39.93899917602539,1776886669.35
24.02400016784668,12.072999954223633,31.03700065612793,1776886669.751
-9.51200008392334,2.438999891281128,40.487998962402344,1776886669.778
8.902000427246094,-0.5490000247955322,16.097999572753906,1776886669.79
23.110000610351562,12.927000045776367,25.243999481201172,1776886669.816
-25.67099952697754,-16.82900047302246,22.988000869750977,1776886669.83
16.219999313354492,9.694999694824219,23.96299934387207,1776886670.276
-14.267999649047852,-9.939000129699707,16.707000732421875,1776886670.29
7.439000129699707,6.21999979019165,19.878000259399414,1776886670.323
9.939000129699707,6.21999979019165,11.829000473022461,1776886670.335
-0.9150000214576721,-4.451000213623047,16.03700065612793,1776886670.35
16.584999084472656,10.97599983215332,39.32899856567383,1776886670.772
-25.365999221801758,-10.182999610900879,44.93899917602539,1776886670.8
17.011999130249023,14.329000473022461,16.889999389648438,1776886670.811
8.779999732971191,9.572999954223633,31.951000213623047,1776886670.837
-24.02400016784668,-11.279999732971191,23.96299934387207,1776886670.85
-0.12200000137090683,0.3659999966621399,-1.340999960899353,1776886671.279
-0.12200000137090683,0.24400000274181366,-1.7070000171661377,1776886671.292
-0.061000000685453415,0.061000000685453415,-1.5240000486373901,1776886671.318
0.061000000685453415,0.4269999861717224,-1.5240000486373901,1776886671.33
-0.061000000685453415,0.3050000071525574,-1.4630000591278076,1776886671.35
2.072999954223633,6.585000038146973,0.4269999861717224,1776886671.776
-1.340999960899353,2.01200008392334,-3.8410000801086426,1776886671.792
1.7070000171661377,3.4760000705718994,-0.6100000143051147,1776886671.818
-4.939000129699707,0.8539999723434448,-3.2929999828338623,1776886671.83
-1.8289999961853027,-7.98799991607666,-3.2320001125335693,1776886671.856
-0.6100000143051147,0.3659999966621399,0.24400000274181366,1776886672.27
2.74399995803833,-7.01200008392334,-2.561000108718872,1776886672.296
-6.0370001792907715,-2.194999933242798,-2.134000062942505,1776886672.31
-0.061000000685453415,2.561000108718872,-1.9509999752044678,1776886672.336
-3.4760000705718994,4.695000171661377,-2.621999979019165,1776886672.35
-5.671000003814697,-1.340999960899353,-1.4630000591278076,1776886672.79
3.6589999198913574,-2.98799991607666,-0.18299999833106995,1776886672.817
-1.159000039100647,-6.0370001792907715,-1.8289999961853027,1776886672.83
1.5850000381469727,-5.97599983215332,-3.2929999828338623,1776886672.857
-2.194999933242798,3.2929999828338623,-2.438999891281128,1776886672.87
3.6589999198913574,-1.0369999408721924,-4.572999954223633,1776886673.297
-4.451000213623047,2.072999954223633,-1.340999960899353,1776886673.31
4.145999908447266,-6.4629998207092285,-0.3050000071525574,1776886673.337
-0.9150000214576721,-6.889999866485596,-1.6460000276565552,1776886673.35
9.51200008392334,-1.8899999856948853,-4.206999778747559,1776886673.377
5.854000091552734,5.0,-3.4760000705718994,1776886673.79
-4.02400016784668,-1.8289999961853027,-1.0369999408721924,1776886673.816
0.8539999723434448,-3.7200000286102295,0.0,1776886673.83
1.159000039100647,-4.939000129699707,-1.8899999856948853,1776886673.856
14.878000259399414,-4.02400016784668,-1.9509999752044678,1776886673.87
-11.463000297546387,10.97599983215332,-20.427000045776367,1776886674.79
28.110000610351562,-26.159000396728516,-11.645999908447266,1776886674.816
15.548999786376953,3.5369999408721924,1.7680000066757202,1776886674.83
1.7070000171661377,-25.121999740600586,0.12200000137090683,1776886674.85
-0.9760000109672546,-15.182999610900879,-17.56100082397461,1776886674.878
-40.36600112915039,-59.512001037597656,-42.56100082397461,1776886675.29
-34.81700134277344,-42.37799835205078,-32.926998138427734,1776886675.316
-47.13399887084961,-6.341000080108643,-30.610000610351562,1776886675.33
-71.4020004272461,-28.719999313354492,-27.621999740600586,1776886675.356
-30.97599983215332,-13.659000396728516,-40.12200164794922,1776886675.37
33.231998443603516,-27.072999954223633,24.816999435424805,1776886675.796
64.14600372314453,-0.9760000109672546,5.183000087738037,1776886675.81
85.97599792480469,-22.865999221801758,-26.159000396728516,1776886675.836
52.86600112915039,-23.840999603271484,-14.329000473022461,1776886675.85
31.52400016784668,-9.145999908447266,-23.840999603271484,1776886675.876
11.036999702453613,43.292999267578125,-63.17100143432617,1776886676.29
45.61000061035156,18.415000915527344,-88.47599792480469,1776886676.319
53.04899978637695,43.840999603271484,-94.26799774169922,1776886676.33
57.073001861572266,51.340999603271484,-92.19499969482422,1776886676.357
42.62200164794922,1.9509999752044678,-80.24400329589844,1776886676.37
-24.816999435424805,14.267999649047852,-21.340999603271484,1776886676.79
-17.316999435424805,-1.2200000286102295,-8.109999656677246,1776886676.816
-36.584999084472656,-45.854000091552734,-33.415000915527344,1776886676.83
-20.243999481201172,-20.610000610351562,-57.43899917602539,1776886676.858
-41.402000427246094,-23.415000915527344,-67.80500030517578,1776886676.87
-17.865999221801758,-5.304999828338623,19.816999435424805,1776886677.31
-57.62200164794922,-16.52400016784668,-4.02400016784668,1776886677.331
-95.427001953125,-36.279998779296875,19.511999130249023,1776886677.35
-59.084999084472656,96.70700073242188,48.47600173950195,1776886677.376
31.159000396728516,44.207000732421875,-22.56100082397461,1776886677.39
48.17100143432617,69.63400268554688,62.37799835205078,1776886677.79
33.9630012512207,82.01200103759766,36.82899856567383,1776886677.816
10.305000305175781,65.79299926757812,56.0369987487793,1776886677.83
-72.43900299072266,28.597999572753906,21.76799964904785,1776886677.856
-40.24399948120117,-30.06100082397461,-39.93899917602539,1776886677.872
-13.109999656677246,11.706999778747559,-4.451000213623047,1776886678.296
10.97599983215332,60.97600173950195,28.110000610351562,1776886678.31
54.145999908447266,-12.866000175476074,50.67100143432617,1776886678.33
83.84100341796875,-26.159000396728516,33.779998779296875,1776886678.356
97.072998046875,-29.634000778198242,21.76799964904785,1776886678.37
-10.732000350952148,-5.427000045776367,-1.340999960899353,1776886679.29
3.2320001125335693,12.682999610900879,-9.267999649047852,1776886679.316
2.378000020980835,28.17099952697754,-14.206999778747559,1776886679.33
5.183000087738037,20.67099952697754,8.170999526977539,1776886679.356
1.2799999713897705,2.25600004196167,7.74399995803833,1776886679.372
-8.720000267028809,0.7319999933242798,-4.877999782562256,1776886679.81
3.0490000247955322,-13.170999526977539,-12.927000045776367,1776886679.838
-1.8899999856948853,-10.548999786376953,-11.767999649047852,1776886679.85
-1.6460000276565552,-2.98799991607666,2.683000087738037,1776886679.876
8.659000396728516,-3.1710000038146973,-2.438999891281128,1776886679.89
-2.194999933242798,1.2799999713897705,17.378000259399414,1776886680.316
-3.109999895095825,-2.74399995803833,17.988000869750977,1776886680.33
-2.805000066757202,-10.48799991607666,13.47599983215332,1776886680.356
-6.889999866485596,-6.158999919891357,14.02400016784668,1776886680.373
-5.793000221252441,-7.804999828338623,16.52400016784668,1776886680.399
-9.817000389099121,-12.133999824523926,-30.67099952697754,1776886680.822
2.98799991607666,2.134000062942505,-50.30500030517578,1776886680.832
20.488000869750977,-4.572999954223633,-23.292999267578125,1776886680.858
0.3050000071525574,0.18299999833106995,8.659000396728516,1776886680.87
-1.8899999856948853,-1.5240000486373901,10.121999740600586,1776886680.896
-1.9509999752044678,0.6710000038146973,2.438999891281128,1776886681.31
-3.1710000038146973,0.7929999828338623,3.4760000705718994,1776886681.337
-14.145999908447266,0.8539999723434448,2.438999891281128,1776886681.35
0.8539999723434448,0.12200000137090683,-1.0369999408721924,1776886681.376
-0.4269999861717224,0.061000000685453415,0.3659999966621399,1776886681.39
-4.085000038146973,3.109999895095825,5.793000221252441,1776886681.81
-1.8289999961853027,2.438999891281128,4.695000171661377,1776886681.844
3.9630000591278076,-1.0980000495910645,-2.5,1776886681.855
-3.4149999618530273,1.5850000381469727,-1.6460000276565552,1776886681.87
1.4630000591278076,0.3050000071525574,4.572999954223633,1776886681.896
-0.061000000685453415,0.5490000247955322,-0.9760000109672546,1776886682.316
1.7680000066757202,-0.18299999833106995,-0.12200000137090683,1776886682.33
-0.7929999828338623,1.5850000381469727,1.6460000276565552,1776886682.356
6.0370001792907715,-1.2799999713897705,-1.9509999752044678,1776886682.37
4.328999996185303,-0.4269999861717224,-3.9630000591278076,1776886682.399
-6.706999778747559,19.93899917602539,5.914999961853027,1776886683.337
4.816999912261963,13.47599983215332,4.51200008392334,1776886683.35
-3.7200000286102295,11.097999572753906,1.159000039100647,1776886683.377
-8.779999732971191,7.439000129699707,-2.98799991607666,1776886683.39
-4.51200008392334,7.74399995803833,-2.194999933242798,1776886683.411
25.67099952697754,56.4630012512207,23.354000091552734,1776886683.836
32.86600112915039,-21.707000732421875,-73.96299743652344,1776886683.85
3.7200000286102295,-12.072999954223633,25.183000564575195,1776886683.876
-28.840999603271484,13.779999732971191,-16.03700065612793,1776886683.89
-5.671000003814697,-59.207000732421875,-106.52400207519531,1776886683.916
0.5490000247955322,0.6100000143051147,-0.3050000071525574,1776886684.336
-0.3659999966621399,0.061000000685453415,1.7070000171661377,1776886684.35
-1.0369999408721924,0.0,0.4269999861717224,1776886684.376
-0.12200000137090683,0.12200000137090683,-0.4880000054836273,1776886684.391
0.6710000038146973,0.24400000274181366,3.1710000038146973,1776886684.417
0.3050000071525574,-0.3659999966621399,-2.134000062942505,1776886684.837
-0.5490000247955322,1.8899999856948853,-3.8410000801086426,1776886684.856
-1.5240000486373901,2.438999891281128,5.610000133514404,1776886684.872
-0.9150000214576721,4.695000171661377,6.158999919891357,1776886684.898
-1.4019999504089355,2.74399995803833,11.829000473022461,1776886684.911
1.8289999961853027,-0.3050000071525574,38.597999572753906,1776886685.33
13.779999732971191,16.219999313354492,29.02400016784668,1776886685.357
-0.4269999861717224,15.793000221252441,48.840999603271484,1776886685.37
-14.51200008392334,-7.377999782562256,31.951000213623047,1776886685.396
13.720000267028809,8.170999526977539,47.56100082397461,1776886685.41
-14.755999565124512,10.182999610900879,33.779998779296875,1776886685.83
-14.755999565124512,10.182999610900879,33.779998779296875,1776886685.857
-4.02400016784668,4.206999778747559,40.731998443603516,1776886685.87
-18.902000427246094,-1.8289999961853027,28.780000686645508,1776886685.896
22.988000869750977,-3.7200000286102295,48.231998443603516,1776886685.91
1.9509999752044678,-0.18299999833106995,-5.548999786376953,1776886686.336
0.0,0.0,0.7319999933242798,1776886686.35
-1.4630000591278076,0.7319999933242798,-4.02400016784668,1776886686.376
5.366000175476074,-0.9150000214576721,-3.0490000247955322,1776886686.39
1.4019999504089355,1.0980000495910645,-1.340999960899353,1776886686.416
-3.2929999828338623,-6.645999908447266,-1.4019999504089355,1776886686.837
-3.2929999828338623,-6.645999908447266,-1.4019999504089355,1776886686.85
1.9509999752044678,3.1710000038146973,-3.0490000247955322,1776886686.879
4.695000171661377,5.793000221252441,-4.26800012588501,1776886686.896
13.293000221252441,-5.183000087738037,-6.0980000495910645,1776886686.91
31.280000686645508,21.03700065612793,0.24400000274181366,1776886687.35
31.280000686645508,21.03700065612793,0.24400000274181366,1776886687.376
31.280000686645508,21.03700065612793,0.24400000274181366,1776886687.39
-1.159000039100647,43.415000915527344,-2.25600004196167,1776886687.416
-47.25600051879883,29.207000732421875,-10.244000434875488,1776886687.43
-3.8410000801086426,-1.4019999504089355,3.4760000705718994,1776886687.836
-0.3659999966621399,-0.7319999933242798,-2.98799991607666,1776886687.85
1.7680000066757202,1.9509999752044678,-1.5240000486373901,1776886687.876
2.01200008392334,1.5850000381469727,-4.451000213623047,1776886687.894
0.9150000214576721,0.8539999723434448,-4.451000213623047,1776886687.91
2.194999933242798,1.2200000286102295,-2.316999912261963,1776886688.351
2.194999933242798,1.2200000286102295,-2.316999912261963,1776886688.377
2.194999933242798,1.2200000286102295,-2.316999912261963,1776886688.39
4.877999782562256,2.5,-12.378000259399414,1776886688.416
-0.4880000054836273,2.805000066757202,-6.21999979019165,1776886688.431
5.122000217437744,4.816999912261963,-12.072999954223633,1776886688.856
4.572999954223633,2.865999937057495,-9.02400016784668,1776886688.87
10.793000221252441,5.0,-21.280000686645508,1776886688.898
-0.6100000143051147,4.51200008392334,-30.183000564575195,1776886688.911
-2.621999979019165,8.779999732971191,-24.32900047302246,1776886688.937
5.366000175476074,-21.219999313354492,-33.840999603271484,1776886689.363
15.0,-10.914999961853027,-66.22000122070312,1776886689.374
15.0,-10.914999961853027,-66.22000122070312,1776886689.39
15.0,-10.914999961853027,-66.22000122070312,1776886689.417
6.76800012588501,29.02400016784668,-71.8290023803711,1776886689.43
14.51200008392334,14.085000038146973,-39.084999084472656,1776886689.857
10.305000305175781,17.316999435424805,-39.573001861572266,1776886689.87
18.780000686645508,25.243999481201172,-20.427000045776367,1776886689.897
12.682999610900879,20.792999267578125,-15.548999786376953,1776886689.91
5.671000003814697,10.670999526977539,-14.329000473022461,1776886689.936
0.24400000274181366,-0.12200000137090683,-1.6460000276565552,1776886690.352
-0.24400000274181366,-0.24400000274181366,-1.340999960899353,1776886690.379
-0.24400000274181366,-0.24400000274181366,-1.340999960899353,1776886690.39
-0.24400000274181366,-0.24400000274181366,-1.340999960899353,1776886690.416
-0.061000000685453415,0.0,-1.5850000381469727,1776886690.43
33.9630012512207,-63.5369987487793,-3.9019999504089355,1776886690.87
62.5,-42.012001037597656,-7.683000087738037,1776886690.896
-19.93899917602539,-3.9019999504089355,5.0,1776886690.911
-23.902000427246094,12.255999565124512,11.52400016784668,1776886690.938
-19.389999389648438,47.19499969482422,3.7200000286102295,1776886690.95
50.67100143432617,-2.805000066757202,-26.159000396728516,1776886691.377
34.573001861572266,-10.914999961853027,-18.902000427246094,1776886691.391
34.573001861572266,-10.914999961853027,-18.902000427246094,1776886691.417
34.573001861572266,-10.914999961853027,-18.902000427246094,1776886691.43
34.573001861572266,-10.914999961853027,-18.902000427246094,1776886691.456
23.292999267578125,7.133999824523926,0.9760000109672546,1776886691.87
6.76800012588501,4.451000213623047,14.633999824523926,1776886691.896
-7.25600004196167,11.585000038146973,20.30500030517578,1776886691.911
-14.755999565124512,7.316999912261963,19.451000213623047,1776886691.938
-16.889999389648438,3.9630000591278076,16.03700065612793,1776886691.95
-33.779998779296875,5.548999786376953,60.36600112915039,1776886692.382
-28.659000396728516,2.072999954223633,69.38999938964844,1776886692.392
-22.56100082397461,8.536999702453613,67.86599731445312,1776886692.419
-22.56100082397461,8.536999702453613,67.86599731445312,1776886692.431
-22.56100082397461,8.536999702453613,67.86599731445312,1776886692.456
7.866000175476074,6.52400016784668,35.54899978637695,1776886692.877
7.072999954223633,8.536999702453613,38.597999572753906,1776886692.89
6.158999919891357,6.828999996185303,41.097999572753906,1776886692.916
7.195000171661377,7.01200008392334,41.340999603271484,1776886692.931
3.2929999828338623,6.4019999504089355,37.43899917602539,1776886692.959
-9.390000343322754,0.7929999828338623,-5.060999870300293,1776886693.37
-12.194999694824219,-0.7929999828338623,-4.633999824523926,1776886693.396
-8.963000297546387,1.4630000591278076,-3.4149999618530273,1776886693.41
-8.414999961853027,-0.061000000685453415,-4.02400016784668,1776886693.444
-8.414999961853027,-0.061000000685453415,-4.02400016784668,1776886693.456
-1.2799999713897705,0.0,-1.4019999504089355,1776886693.871
-0.4880000054836273,0.24400000274181366,-1.5240000486373901,1776886693.897
0.12200000137090683,0.3050000071525574,-1.5240000486373901,1776886693.911
0.7929999828338623,0.3659999966621399,-1.6460000276565552,1776886693.941
1.0369999408721924,0.4269999861717224,-1.5850000381469727,1776886693.951
-0.6100000143051147,0.5490000247955322,-6.28000020980835,1776886694.377
-1.159000039100647,0.7929999828338623,-6.341000080108643,1776886694.39
-0.9760000109672546,0.3659999966621399,-5.854000091552734,1776886694.416
-2.072999954223633,1.0369999408721924,-6.158999919891357,1776886694.43
-1.0980000495910645,1.2200000286102295,-10.305000305175781,1776886694.456
16.03700065612793,-5.427000045776367,-5.0,1776886694.893
17.621999740600586,-3.4760000705718994,6.76800012588501,1776886694.919
11.767999649047852,3.109999895095825,14.085000038146973,1776886694.93
9.085000038146973,11.767999649047852,-7.927000045776367,1776886694.961
-0.18299999833106995,6.4019999504089355,-9.145999908447266,1776886694.971
0.18299999833106995,0.24400000274181366,-1.4630000591278076,1776886695.377
0.0,-0.061000000685453415,-1.340999960899353,1776886695.391
-0.18299999833106995,0.18299999833106995,-1.5850000381469727,1776886695.411
-0.12200000137090683,0.4269999861717224,-1.5850000381469727,1776886695.439
0.061000000685453415,0.24400000274181366,-1.5240000486373901,1776886695.45
-33.840999603271484,-52.80500030517578,-45.06100082397461,1776886696.399
-29.32900047302246,-37.25600051879883,-62.19499969482422,1776886696.411
-33.292999267578125,-40.854000091552734,-47.5,1776886696.437
-35.06100082397461,-24.145999908447266,-28.719999313354492,1776886696.451
-43.231998443603516,16.340999603271484,-10.182999610900879,1776886696.477
-73.35399627685547,-10.609999656677246,-3.2929999828338623,1776886696.89
-75.427001953125,-7.316999912261963,3.2320001125335693,1776886696.916
-79.51200103759766,-4.695000171661377,13.354000091552734,1776886696.931
-82.98799896240234,2.74399995803833,18.415000915527344,1776886696.95
-73.65899658203125,7.804999828338623,15.914999961853027,1776886696.976
-0.3659999966621399,0.3050000071525574,-1.5850000381469727,1776886697.396
-0.3659999966621399,0.4880000054836273,-1.5850000381469727,1776886697.411
-0.3659999966621399,0.4880000054836273,-1.4630000591278076,1776886697.437
-0.24400000274181366,0.4269999861717224,-1.4630000591278076,1776886697.453
-0.24400000274181366,0.3659999966621399,-1.5240000486373901,1776886697.479
-50.854000091552734,-8.170999526977539,15.182999610900879,1776886698.391
-37.31700134277344,-54.268001556396484,36.279998779296875,1776886698.423
-54.32899856567383,-46.82899856567383,28.47599983215332,1776886698.434
-64.14600372314453,-28.719999313354492,22.378000259399414,1776886698.451
-96.0979995727539,27.865999221801758,-14.755999565124512,1776886698.477
-30.73200035095215,-44.38999938964844,-24.756000518798828,1776886698.897
7.25600004196167,-25.854000091552734,4.51200008392334,1776886698.911
16.03700065612793,-17.621999740600586,19.02400016784668,1776886698.938
39.45100021362305,8.232000350952148,42.5,1776886698.951
53.17100143432617,19.02400016784668,54.084999084472656,1776886698.976
-1.159000039100647,0.6710000038146973,-0.7929999828338623,1776886699.391
-0.6100000143051147,0.24400000274181366,-0.9150000214576721,1776886699.417
-0.18299999833106995,0.24400000274181366,-1.0980000495910645,1776886699.432
0.3659999966621399,-0.061000000685453415,-1.8289999961853027,1776886699.458
0.061000000685453415,0.4269999861717224,-2.01200008392334,1776886699.471
-0.12200000137090683,0.24400000274181366,-1.4019999504089355,1776886699.891
-0.12200000137090683,0.3659999966621399,-1.4019999504089355,1776886699.919
0.061000000685453415,0.18299999833106995,-1.5240000486373901,1776886699.931
0.061000000685453415,0.18299999833106995,-1.5240000486373901,1776886699.956
0.0,0.12200000137090683,-1.5850000381469727,1776886699.971
3.5369999408721924,-0.5490000247955322,-4.572999954223633,1776886700.912
2.865999937057495,-1.340999960899353,-5.854000091552734,1776886700.939
3.6589999198913574,-0.18299999833106995,-5.366000175476074,1776886700.951
2.5,0.061000000685453415,-3.3540000915527344,1776886700.976
1.5850000381469727,0.7319999933242798,-2.438999891281128,1776886700.991
3.2929999828338623,3.2929999828338623,0.3659999966621399,1776886701.391
0.6710000038146973,-8.47599983215332,-4.451000213623047,1776886701.416
0.18299999833106995,1.159000039100647,2.98799991607666,1776886701.431
0.7929999828338623,7.98799991607666,4.389999866485596,1776886701.457
-2.316999912261963,-3.7200000286102295,-4.75600004196167,1776886701.471
-2.683000087738037,0.7929999828338623,1.4630000591278076,1776886701.918
-1.4019999504089355,-5.0,0.0,1776886701.937
-14.633999824523926,12.866000175476074,3.3540000915527344,1776886701.951
0.3050000071525574,-0.9760000109672546,0.24400000274181366,1776886701.977
0.24400000274181366,-0.6710000038146973,-0.9150000214576721,1776886701.991
0.6710000038146973,-7.683000087738037,7.195000171661377,1776886702.416
2.561000108718872,-11.463000297546387,6.341000080108643,1776886702.431
1.9509999752044678,-15.914999961853027,4.389999866485596,1776886702.458
0.18299999833106995,-15.609999656677246,2.98799991607666,1776886702.471
-0.3659999966621399,-15.793000221252441,0.9150000214576721,1776886702.496
0.061000000685453415,-0.5490000247955322,-1.5240000486373901,1776886703.416
-0.6710000038146973,1.340999960899353,-0.4269999861717224,1776886703.431
-0.12200000137090683,-0.7319999933242798,-1.2799999713897705,1776886703.456
-0.18299999833106995,0.061000000685453415,-1.159000039100647,1776886703.473
-0.12200000137090683,-0.3659999966621399,-1.2200000286102295,1776886703.498
-0.8539999723434448,-0.8539999723434448,-2.927000045776367,1776886703.911
-1.4019999504089355,-0.061000000685453415,13.720000267028809,1776886703.939
-0.9760000109672546,0.061000000685453415,-0.6100000143051147,1776886703.951
-0.061000000685453415,-1.4630000591278076,1.0980000495910645,1776886703.976
0.7929999828338623,-5.366000175476074,-0.7929999828338623,1776886703.991
-0.4269999861717224,-2.316999912261963,-0.18299999833106995,1776886704.417
-0.6710000038146973,-2.25600004196167,-1.0369999408721924,1776886704.431
-1.0369999408721924,-0.9760000109672546,-1.2200000286102295,1776886704.457
-1.4019999504089355,0.6710000038146973,-0.6100000143051147,1776886704.471
-0.3659999966621399,-0.18299999833106995,-1.4630000591278076,1776886704.497
-0.4269999861717224,-0.061000000685453415,-0.18299999833106995,1776886704.911
-0.3050000071525574,-1.4019999504089355,-1.340999960899353,1776886704.937
0.8539999723434448,0.6710000038146973,-1.0980000495910645,1776886704.951
-0.7319999933242798,2.194999933242798,-0.9150000214576721,1776886704.977
0.9760000109672546,-2.194999933242798,-2.74399995803833,1776886704.991
-0.3050000071525574,0.5490000247955322,-0.6100000143051147,1776886705.431
-1.6460000276565552,0.061000000685453415,-0.6710000038146973,1776886705.457
-2.438999891281128,0.12200000137090683,-1.0980000495910645,1776886705.471
-0.4880000054836273,0.18299999833106995,-0.8539999723434448,1776886705.497
1.0369999408721924,1.5850000381469727,-0.24400000274181366,1776886705.511
0.4269999861717224,-0.061000000685453415,-1.4630000591278076,1776886705.938
2.134000062942505,-3.5369999408721924,-3.9630000591278076,1776886705.951
2.927000045776367,-4.877999782562256,-5.73199987411499,1776886705.978
0.24400000274181366,0.5490000247955322,-3.3540000915527344,1776886705.991
-1.5240000486373901,15.914999961853027,-1.9509999752044678,1776886706.016
3.0490000247955322,8.779999732971191,-1.0980000495910645,1776886706.431
1.4630000591278076,7.560999870300293,-1.8899999856948853,1776886706.456
-1.159000039100647,2.927000045776367,-1.0369999408721924,1776886706.471
-3.1710000038146973,3.7200000286102295,0.24400000274181366,1776886706.497
-1.5850000381469727,1.159000039100647,-0.6100000143051147,1776886706.511
0.24400000274181366,3.109999895095825,-1.159000039100647,1776886706.937
0.9760000109672546,1.8899999856948853,-1.2200000286102295,1776886706.951
0.3659999966621399,0.9150000214576721,-1.4630000591278076,1776886706.981
-0.18299999833106995,0.8539999723434448,-1.2200000286102295,1776886706.992
1.0369999408721924,2.805000066757202,-1.5240000486373901,1776886707.018
0.0,0.3050000071525574,-1.7070000171661377,1776886707.431
-0.24400000274181366,0.4269999861717224,-1.6460000276565552,1776886707.457
0.061000000685453415,1.5850000381469727,-0.7929999828338623,1776886707.471
0.12200000137090683,0.3050000071525574,-1.159000039100647,1776886707.497
0.9150000214576721,1.159000039100647,-0.9150000214576721,1776886707.511
-0.5490000247955322,1.4019999504089355,-0.8539999723434448,1776886707.951
-0.061000000685453415,0.12200000137090683,-1.159000039100647,1776886707.977
-0.18299999833106995,-0.7929999828338623,-1.0980000495910645,1776886707.991
-0.061000000685453415,-0.12200000137090683,-1.2200000286102295,1776886708.018
0.24400000274181366,-0.5490000247955322,-1.2799999713897705,1776886708.031
0.4269999861717224,0.6710000038146973,-1.0980000495910645,1776886708.431
1.0369999408721924,0.12200000137090683,-1.8899999856948853,1776886708.457
0.9150000214576721,1.9509999752044678,-1.6460000276565552,1776886708.471
0.4880000054836273,0.6710000038146973,-2.134000062942505,1776886708.497
-0.18299999833106995,1.4630000591278076,-1.4630000591278076,1776886708.512
0.8539999723434448,1.4019999504089355,-1.5850000381469727,1776886708.959
0.8539999723434448,1.4019999504089355,-1.5850000381469727,1776886708.979
0.3659999966621399,0.9150000214576721,-1.0980000495910645,1776886708.991
0.0,-0.12200000137090683,-1.2799999713897705,1776886709.017
-0.4269999861717224,0.9150000214576721,-1.159000039100647,1776886709.031
1.0369999408721924,17.072999954223633,-1.340999960899353,1776886709.451
-1.5850000381469727,-0.6710000038146973,-0.9760000109672546,1776886709.477
-1.5240000486373901,1.8899999856948853,1.159000039100647,1776886709.491
-1.4019999504089355,-1.0980000495910645,-0.18299999833106995,1776886709.519
-1.159000039100647,0.3659999966621399,-0.061000000685453415,1776886709.531
73.11000061035156,14.694999694824219,22.683000564575195,1776886709.951
73.11000061035156,14.694999694824219,22.683000564575195,1776886709.977
1.7070000171661377,106.46299743652344,20.0,1776886709.992
12.378000259399414,135.61000061035156,-23.719999313354492,1776886710.011
24.878000259399414,164.38999938964844,-43.659000396728516,1776886710.037
339.7560119628906,-48.720001220703125,-55.731998443603516,1776886710.452
417.5610046386719,-1.8899999856948853,-42.80500030517578,1776886710.48
435.6709899902344,29.93899917602539,-51.340999603271484,1776886710.491
457.6830139160156,232.25599670410156,-54.93899917602539,1776886710.517
98.1709976196289,159.572998046875,143.59800720214844,1776886710.531
5.97599983215332,-72.13400268554688,-7.377999782562256,1776886710.951
5.97599983215332,-72.13400268554688,-7.377999782562256,1776886710.977
16.82900047302246,-84.45099639892578,-9.572999954223633,1776886710.991
17.621999740600586,-79.45099639892578,-5.427000045776367,1776886711.017
28.597999572753906,-71.15899658203125,-0.4880000054836273,1776886711.031
106.4020004272461,-0.8539999723434448,-4.877999782562256,1776886711.458
-47.25600051879883,-11.279999732971191,-1.0980000495910645,1776886711.471
-59.32899856567383,5.914999961853027,-7.072999954223633,1776886711.499
-98.53700256347656,1.8289999961853027,9.145999908447266,1776886711.511
-154.32899475097656,-1.6460000276565552,18.23200035095215,1776886711.537
-0.4880000054836273,0.3659999966621399,-1.4630000591278076,1776886711.957
-0.4880000054836273,0.3659999966621399,-1.4630000591278076,1776886711.971
-0.4880000054836273,0.3659999966621399,-1.4630000591278076,1776886711.999
-0.4880000054836273,0.3659999966621399,-1.4630000591278076,1776886712.011
-0.4269999861717224,0.3050000071525574,-1.340999960899353,1776886712.037
-0.18299999833106995,0.18299999833106995,-1.5240000486373901,1776886712.457
-0.3050000071525574,0.24400000274181366,-1.4630000591278076,1776886712.471
-0.24400000274181366,0.3050000071525574,-1.4630000591278076,1776886712.499
-0.24400000274181366,0.24400000274181366,-1.5850000381469727,1776886712.511
-0.3050000071525574,0.18299999833106995,-1.340999960899353,1776886712.537
-0.5490000247955322,0.061000000685453415,-1.4630000591278076,1776886712.953
-1.4630000591278076,0.18299999833106995,-1.0980000495910645,1776886712.979
-1.4630000591278076,0.18299999833106995,-1.0980000495910645,1776886712.991
-1.4630000591278076,0.18299999833106995,-1.0980000495910645,1776886713.017
-1.4630000591278076,0.18299999833106995,-1.0980000495910645,1776886713.031
51.95100021362305,-7.74399995803833,-0.4880000054836273,1776886713.457
68.53700256347656,32.68299865722656,-12.805000305175781,1776886713.471
65.24400329589844,75.12200164794922,-14.633999824523926,1776886713.497
25.183000564575195,86.03700256347656,0.7929999828338623,1776886713.511
15.609999656677246,93.96299743652344,7.560999870300293,1776886713.537
-16.951000213623047,-17.43899917602539,-4.75600004196167,1776886713.951
-27.256000518798828,-25.243999481201172,-10.0,1776886713.978
-22.988000869750977,-13.232000350952148,-9.755999565124512,1776886713.991
-22.988000869750977,-13.232000350952148,-9.755999565124512,1776886714.017
-22.988000869750977,-13.232000350952148,-9.755999565124512,1776886714.031
-5.793000221252441,-41.584999084472656,25.792999267578125,1776886714.458
0.6100000143051147,-24.451000213623047,18.415000915527344,1776886714.471
-9.939000129699707,0.6710000038146973,-20.183000564575195,1776886714.497
-29.634000778198242,22.134000778198242,-27.621999740600586,1776886714.511
-42.926998138427734,52.5,-31.097999572753906,1776886714.546
1.0980000495910645,-0.7929999828338623,-1.7070000171661377,1776886714.977
2.683000087738037,0.12200000137090683,-5.671000003814697,1776886714.992
2.683000087738037,0.12200000137090683,-5.671000003814697,1776886715.018
2.683000087738037,0.12200000137090683,-5.671000003814697,1776886715.031
2.683000087738037,0.12200000137090683,-5.671000003814697,1776886715.057
-0.18299999833106995,0.3050000071525574,-1.4630000591278076,1776886715.471
0.24400000274181366,0.12200000137090683,-1.5240000486373901,1776886715.498
0.0,0.18299999833106995,-1.4630000591278076,1776886715.511
0.0,0.12200000137090683,-1.4630000591278076,1776886715.537
-0.12200000137090683,0.18299999833106995,-1.4630000591278076,1776886715.551
0.0,0.24400000274181366,-1.8289999961853027,1776886715.971
0.18299999833106995,0.18299999833106995,-1.4019999504089355,1776886715.998
0.12200000137090683,0.18299999833106995,-1.8289999961853027,1776886716.016
1.5240000486373901,-0.5490000247955322,-3.7200000286102295,1776886716.031
0.6710000038146973,0.18299999833106995,-8.048999786376953,1776886716.058
-3.2320001125335693,0.18299999833106995,-10.427000045776367,1776886716.471
1.0980000495910645,-0.3050000071525574,-12.072999954223633,1776886716.497
1.340999960899353,-3.6589999198913574,-15.97599983215332,1776886716.511
-2.194999933242798,0.3050000071525574,-10.609999656677246,1776886716.538
-1.8289999961853027,0.061000000685453415,-9.51200008392334,1776886716.551
0.4880000054836273,-0.8539999723434448,-23.110000610351562,1776886717.0
2.438999891281128,-3.0490000247955322,-15.121999740600586,1776886717.011
4.26800012588501,-9.817000389099121,-28.23200035095215,1776886717.045
-9.939000129699707,13.232000350952148,-50.731998443603516,1776886717.058
28.719999313354492,4.877999782562256,-39.38999938964844,1776886717.071
0.18299999833106995,4.877999782562256,-56.402000427246094,1776886717.491
9.633999824523926,-5.183000087738037,-42.86600112915039,1776886717.519
-1.9509999752044678,-21.402000427246094,-57.56100082397461,1776886717.531
-26.584999084472656,-9.145999908447266,-66.64600372314453,1776886717.558
9.51200008392334,10.182999610900879,-36.402000427246094,1776886717.571
-4.877999782562256,-25.488000869750977,-49.75600051879883,1776886717.991
-28.659000396728516,-20.915000915527344,-72.5,1776886718.017
-30.06100082397461,7.927000045776367,-98.11000061035156,1776886718.031
-13.536999702453613,22.19499969482422,-72.927001953125,1776886718.058
29.69499969482422,-10.48799991607666,-37.74399948120117,1776886718.071
25.0,10.0,-32.86600112915039,1776886718.471
-10.793000221252441,-25.548999786376953,-65.06099700927734,1776886718.497
-35.30500030517578,1.6460000276565552,-72.43900299072266,1776886718.511
-12.98799991607666,10.732000350952148,-49.512001037597656,1776886718.538
22.134000778198242,-8.293000221252441,-28.47599983215332,1776886718.551
4.328999996185303,14.145999908447266,-30.0,1776886718.991
15.670999526977539,5.914999961853027,-22.134000778198242,1776886719.017
-12.98799991607666,-11.645999908447266,-56.097999572753906,1776886719.031
-7.25600004196167,7.133999824523926,-30.548999786376953,1776886719.058
8.109999656677246,-11.951000213623047,-25.915000915527344,1776886719.071
-13.840999603271484,2.683000087738037,-34.38999938964844,1776886719.498
1.8899999856948853,20.365999221801758,-29.084999084472656,1776886719.512
20.792999267578125,-0.18299999833106995,-17.43899917602539,1776886719.538
-27.011999130249023,-0.4880000054836273,-45.67100143432617,1776886719.551
-6.158999919891357,2.01200008392334,-32.68299865722656,1776886719.577
-29.084999084472656,-11.706999778747559,-56.097999572753906,1776886719.992
18.47599983215332,11.159000396728516,-33.9630012512207,1776886720.018
-0.4880000054836273,-13.354000091552734,-49.32899856567383,1776886720.031
-28.048999786376953,-11.645999908447266,-60.12200164794922,1776886720.058
-8.170999526977539,1.6460000276565552,-43.659000396728516,1776886720.071
11.951000213623047,-1.0980000495910645,-53.779998779296875,1776886720.497
-10.121999740600586,-16.097999572753906,-59.145999908447266,1776886720.511
-25.183000564575195,6.4629998207092285,-73.53700256347656,1776886720.537
1.7680000066757202,22.927000045776367,-63.231998443603516,1776886720.551
41.159000396728516,-5.183000087738037,-46.82899856567383,1776886720.577
23.780000686645508,-25.243999481201172,-47.073001861572266,1776886720.992
-19.145999908447266,-0.6710000038146973,-74.572998046875,1776886721.018
6.889999866485596,25.427000045776367,-63.597999572753906,1776886721.031
41.82899856567383,14.694999694824219,-40.12200164794922,1776886721.058
36.95100021362305,-15.244000434875488,-42.926998138427734,1776886721.072
-2.98799991607666,1.0980000495910645,-49.69499969482422,1776886721.497
7.439000129699707,-2.316999912261963,-37.86600112915039,1776886721.511
-8.232000350952148,3.3540000915527344,-39.45100021362305,1776886721.531
-5.304999828338623,0.3659999966621399,-35.54899978637695,1776886721.557
11.706999778747559,-2.438999891281128,-29.145999908447266,1776886721.571
-1.2799999713897705,-0.7319999933242798,-63.354000091552734,1776886721.999
-3.7200000286102295,8.47599983215332,-69.20700073242188,1776886722.012
9.633999824523926,0.9760000109672546,-64.75599670410156,1776886722.039
-3.5369999408721924,-11.52400016784668,-62.37799835205078,1776886722.051
-16.52400016784668,9.939000129699707,-65.36599731445312,1776886722.079
-1.5850000381469727,-4.816999912261963,-53.47600173950195,1776886722.511
-9.085000038146973,-0.24400000274181366,-53.292999267578125,1776886722.538
-1.0369999408721924,5.366000175476074,-45.67100143432617,1776886722.551
11.890000343322754,0.3659999966621399,-31.46299934387207,1776886722.577
1.5850000381469727,-6.341000080108643,-37.073001861572266,1776886722.591
7.683000087738037,0.061000000685453415,-23.597999572753906,1776886722.991
-1.7680000066757202,-5.914999961853027,-35.731998443603516,1776886723.017
-5.48799991607666,-2.134000062942505,-22.988000869750977,1776886723.031
1.159000039100647,-4.75600004196167,-26.645999908447266,1776886723.058
-4.816999912261963,-1.9509999752044678,-29.572999954223633,1776886723.071
0.4269999861717224,4.145999908447266,-46.768001556396484,1776886723.497
15.244000434875488,-8.170999526977539,-42.012001037597656,1776886723.511
-12.317000389099121,-19.69499969482422,-56.402000427246094,1776886723.538
-27.378000259399414,8.47599983215332,-63.11000061035156,1776886723.551
23.53700065612793,5.060999870300293,-41.88999938964844,1776886723.572
2.927000045776367,0.3050000071525574,-3.109999895095825,1776886723.991
3.6589999198913574,3.5369999408721924,-7.195000171661377,1776886724.02
-12.98799991607666,4.695000171661377,-2.134000062942505,1776886724.031
-5.060999870300293,-5.366000175476074,-14.572999954223633,1776886724.058
3.3540000915527344,11.402000427246094,-19.084999084472656,1776886724.071
-8.414999961853027,5.914999961853027,-53.5369987487793,1776886724.517
8.170999526977539,31.584999084472656,-37.012001037597656,1776886724.531
28.597999572753906,19.26799964904785,-47.31700134277344,1776886724.559
14.206999778747559,-8.779999732971191,-51.707000732421875,1776886724.571
-0.9150000214576721,-24.69499969482422,-51.097999572753906,1776886724.592
10.670999526977539,14.451000213623047,-40.97600173950195,1776886725.011
-0.4880000054836273,0.9760000109672546,-44.084999084472656,1776886725.047
-3.1710000038146973,-14.572999954223633,-49.32899856567383,1776886725.061
-6.21999979019165,-27.316999435424805,-68.9020004272461,1776886725.071
-31.219999313354492,-20.0,-57.31700134277344,1776886725.098
22.865999221801758,-4.085000038146973,-42.012001037597656,1776886725.519
-30.0,-44.32899856567383,-45.487998962402344,1776886725.531
-44.573001861572266,-29.878000259399414,-61.159000396728516,1776886725.551
-18.17099952697754,11.706999778747559,-59.02399826049805,1776886725.577
21.584999084472656,1.8899999856948853,-39.69499969482422,1776886725.591
12.133999824523926,-0.7929999828338623,-28.47599983215332,1776886726.017
-5.610000133514404,-10.548999786376953,-30.121999740600586,1776886726.031
-15.548999786376953,2.072999954223633,-23.840999603271484,1776886726.058
17.621999740600586,4.145999908447266,-10.0,1776886726.071
-12.317000389099121,-0.18299999833106995,-8.840999603271484,1776886726.097
-0.3659999966621399,0.24400000274181366,-1.4630000591278076,1776886726.517
-0.061000000685453415,0.5490000247955322,-1.340999960899353,1776886726.531
0.061000000685453415,0.24400000274181366,-1.6460000276565552,1776886726.558
0.0,0.061000000685453415,13.902000427246094,1776886726.575
-0.12200000137090683,0.3050000071525574,-1.340999960899353,1776886726.592
0.0,0.24400000274181366,-1.4630000591278076,1776886727.011
0.0,0.3050000071525574,-1.4630000591278076,1776886727.039
0.0,0.12200000137090683,-1.4630000591278076,1776886727.051
-0.061000000685453415,0.18299999833106995,-1.4019999504089355,1776886727.077
0.0,0.12200000137090683,-1.4630000591278076,1776886727.091
-0.061000000685453415,1.159000039100647,-4.451000213623047,1776886727.527
-2.25600004196167,-2.378000020980835,-6.4629998207092285,1776886727.539
-2.25600004196167,-2.621999979019165,-5.854000091552734,1776886727.551
1.4019999504089355,2.01200008392334,-1.6460000276565552,1776886727.578
0.7319999933242798,0.24400000274181366,-0.061000000685453415,1776886727.591
0.4880000054836273,-0.7319999933242798,-4.75600004196167,1776886728.031
0.7319999933242798,0.6710000038146973,-1.4019999504089355,1776886728.057
1.2799999713897705,-0.4880000054836273,-19.93899917602539,1776886728.071
-2.438999891281128,-3.3540000915527344,-16.76799964904785,1776886728.098
-6.158999919891357,-1.6460000276565552,-8.659000396728516,1776886728.111
-8.293000221252441,1.340999960899353,-54.512001037597656,1776886728.511
0.9150000214576721,5.914999961853027,-57.68299865722656,1776886728.537
-7.195000171661377,12.621999740600586,-60.54899978637695,1776886728.551
13.293000221252441,0.6710000038146973,-43.17100143432617,1776886728.579
12.621999740600586,-11.585000038146973,-60.915000915527344,1776886728.592
-26.82900047302246,2.74399995803833,-69.26799774169922,1776886729.031
-13.720000267028809,12.560999870300293,-43.11000061035156,1776886729.057
19.451000213623047,4.633999824523926,-32.073001861572266,1776886729.072
-14.329000473022461,5.122000217437744,-66.15899658203125,1776886729.098
-6.76800012588501,13.232000350952148,-59.32899856567383,1776886729.111
-0.3050000071525574,-0.3659999966621399,-2.25600004196167,1776886729.532
-0.061000000685453415,0.24400000274181366,-1.0980000495910645,1776886729.558
0.0,0.6710000038146973,-0.9150000214576721,1776886729.571
0.0,-0.061000000685453415,-1.8289999961853027,1776886729.6
0.0,-0.18299999833106995,-1.4019999504089355,1776886729.611
-0.061000000685453415,0.18299999833106995,-1.4630000591278076,1776886730.037
-0.061000000685453415,0.24400000274181366,-1.5240000486373901,1776886730.051
0.061000000685453415,0.18299999833106995,-1.4630000591278076,1776886730.079
0.0,0.24400000274181366,-1.4630000591278076,1776886730.1
1.340999960899353,0.24400000274181366,-1.340999960899353,1776886730.111
0.6100000143051147,3.109999895095825,-5.671000003814697,1776886730.544
1.0980000495910645,1.9509999752044678,0.18299999833106995,1776886730.555
1.5850000381469727,7.804999828338623,7.25600004196167,1776886730.571
2.621999979019165,13.779999732971191,5.183000087738037,1776886730.597
2.01200008392334,13.597999572753906,1.2200000286102295,1776886730.613
-2.865999937057495,1.2200000286102295,-4.633999824523926,1776886731.031
-6.76800012588501,-1.0980000495910645,-8.779999732971191,1776886731.057
-6.4019999504089355,-10.609999656677246,-8.293000221252441,1776886731.071
3.7799999713897705,-7.927000045776367,-2.683000087738037,1776886731.099
6.706999778747559,3.5369999408721924,-1.5850000381469727,1776886731.111
0.3659999966621399,-0.7929999828338623,-1.0369999408721924,1776886731.543
-0.8539999723434448,0.061000000685453415,-3.2929999828338623,1776886731.553
0.4269999861717224,0.7929999828338623,-5.427000045776367,1776886731.579
2.25600004196167,0.6710000038146973,-6.828999996185303,1776886731.591
15.121999740600586,0.3050000071525574,-2.072999954223633,1776886731.617
-0.9760000109672546,-0.061000000685453415,-9.51200008392334,1776886732.051
-0.9760000109672546,0.18299999833106995,-11.645999908447266,1776886732.077
-0.9760000109672546,-0.9760000109672546,-10.244000434875488,1776886732.092
-2.01200008392334,-0.5490000247955322,-8.597999572753906,1776886732.118
-0.9760000109672546,-0.5490000247955322,-5.548999786376953,1776886732.131
-7.560999870300293,-2.74399995803833,-53.415000915527344,1776886732.551
-7.01200008392334,5.0,-52.5,1776886732.578
7.560999870300293,-12.744000434875488,-40.18299865722656,1776886732.591
-13.536999702453613,7.133999824523926,-46.95100021362305,1776886732.618
-8.536999702453613,10.427000045776367,-49.145999908447266,1776886732.631
-0.9760000109672546,-15.793000221252441,-41.95100021362305,1776886733.031
-24.93899917602539,18.840999603271484,-66.22000122070312,1776886733.059
18.23200035095215,7.133999824523926,-47.80500030517578,1776886733.071
16.52400016784668,-0.18299999833106995,-55.30500030517578,1776886733.097
-5.671000003814697,-6.341000080108643,-84.45099639892578,1776886733.111
15.670999526977539,0.0,-0.9150000214576721,1776886733.552
0.4880000054836273,0.0,-1.6460000276565552,1776886733.578
0.18299999833106995,0.6100000143051147,-1.4019999504089355,1776886733.591
-0.12200000137090683,0.0,-1.4019999504089355,1776886733.617
0.6100000143051147,-0.4269999861717224,-1.0369999408721924,1776886733.631
3.1710000038146973,4.877999782562256,-5.914999961853027,1776886734.032
2.683000087738037,5.914999961853027,-2.98799991607666,1776886734.057
6.828999996185303,5.48799991607666,-0.12200000137090683,1776886734.072
5.548999786376953,5.427000045776367,0.9150000214576721,1776886734.099
5.366000175476074,7.377999782562256,3.3540000915527344,1776886734.111
13.597999572753906,4.51200008392334,-3.1710000038146973,1776886734.558
-2.865999937057495,8.170999526977539,-4.389999866485596,1776886734.58
3.6589999198913574,1.340999960899353,-6.76800012588501,1776886734.591
6.645999908447266,0.24400000274181366,-5.304999828338623,1776886734.617
4.816999912261963,-0.7319999933242798,-5.304999828338623,1776886734.632
-25.121999740600586,-6.52400016784668,-2.927000045776367,1776886735.057
-5.854000091552734,-6.28000020980835,-17.43899917602539,1776886735.071
27.927000045776367,1.6460000276565552,-7.622000217437744,1776886735.097
-10.854000091552734,6.4629998207092285,-0.9150000214576721,1776886735.111
-24.451000213623047,-15.0,5.122000217437744,1776886735.138
0.0,-0.3050000071525574,-1.7680000066757202,1776886735.551
14.267999649047852,-0.24400000274181366,2.134000062942505,1776886735.577
-2.25600004196167,-0.6100000143051147,3.1710000038146973,1776886735.591
2.805000066757202,0.24400000274181366,0.9760000109672546,1776886735.618
-0.061000000685453415,0.18299999833106995,0.4269999861717224,1776886735.631
4.02400016784668,-0.8539999723434448,6.76800012588501,1776886736.052
-3.5369999408721924,-2.74399995803833,4.328999996185303,1776886736.078
-0.3659999966621399,-0.12200000137090683,3.2929999828338623,1776886736.091
5.671000003814697,0.9150000214576721,0.0,1776886736.112
-1.5850000381469727,-1.7070000171661377,4.02400016784668,1776886736.137
-2.134000062942505,1.0369999408721924,-2.25600004196167,1776886736.551
-0.12200000137090683,-0.6710000038146973,0.7929999828338623,1776886736.577
0.18299999833106995,0.24400000274181366,4.75600004196167,1776886736.592
1.2200000286102295,-0.7319999933242798,6.645999908447266,1776886736.619
-1.5240000486373901,-0.12200000137090683,7.072999954223633,1776886736.632
-6.645999908447266,6.28000020980835,45.30500030517578,1776886737.057
-5.0,0.0,29.32900047302246,1776886737.072
8.293000221252441,1.7680000066757202,17.621999740600586,1776886737.098
6.4629998207092285,2.194999933242798,18.902000427246094,1776886737.111
-0.7929999828338623,4.75600004196167,30.121999740600586,1776886737.137
0.24400000274181366,-0.4880000054836273,-1.6460000276565552,1776886737.557
0.24400000274181366,-0.4880000054836273,-1.6460000276565552,1776886737.571
0.24400000274181366,-0.4880000054836273,-1.6460000276565552,1776886737.598
-0.3659999966621399,0.18299999833106995,-2.01200008392334,1776886737.611
0.12200000137090683,-0.12200000137090683,-1.340999960899353,1776886737.638
-0.061000000685453415,0.061000000685453415,-1.5240000486373901,1776886738.073
0.0,0.24400000274181366,-1.4630000591278076,1776886738.099
-0.061000000685453415,0.18299999833106995,-1.4019999504089355,1776886738.111
0.061000000685453415,0.061000000685453415,-1.4630000591278076,1776886738.137
-0.061000000685453415,0.24400000274181366,-1.4630000591278076,1776886738.152
0.0,0.24400000274181366,-1.5240000486373901,1776886738.577
-0.061000000685453415,0.061000000685453415,-1.4630000591278076,1776886738.592
-0.061000000685453415,0.061000000685453415,-1.4630000591278076,1776886738.612
-0.061000000685453415,0.061000000685453415,-1.4630000591278076,1776886738.639
0.0,0.18299999833106995,-1.4630000591278076,1776886738.652
12.133999824523926,-5.793000221252441,1.7680000066757202,1776886739.071
21.03700065612793,-4.145999908447266,2.194999933242798,1776886739.1
24.511999130249023,0.7929999828338623,1.2799999713897705,1776886739.112
16.52400016784668,-1.8289999961853027,-2.194999933242798,1776886739.138
-16.707000732421875,1.0369999408721924,5.914999961853027,1776886739.152
4.02400016784668,6.645999908447266,-4.51200008392334,1776886739.572
7.622000217437744,-6.951000213623047,-3.6589999198913574,1776886739.598
9.02400016784668,-22.256000518798828,-1.4019999504089355,1776886739.612
9.02400016784668,-22.256000518798828,-1.4019999504089355,1776886739.635
9.02400016784668,-22.256000518798828,-1.4019999504089355,1776886739.652
1.7680000066757202,-18.780000686645508,-10.97599983215332,1776886740.051
-10.121999740600586,-18.719999313354492,-22.19499969482422,1776886740.079
-9.085000038146973,-9.145999908447266,-7.01200008392334,1776886740.092
1.340999960899353,8.170999526977539,4.633999824523926,1776886740.118
2.683000087738037,16.645999908447266,8.963000297546387,1776886740.131
0.12200000137090683,0.3050000071525574,-1.4630000591278076,1776886740.572
-0.12200000137090683,0.18299999833106995,-1.6460000276565552,1776886740.599
-0.061000000685453415,0.12200000137090683,-1.2799999713897705,1776886740.612
-0.061000000685453415,0.12200000137090683,-1.2799999713897705,1776886740.638
-0.061000000685453415,0.12200000137090683,-1.2799999713897705,1776886740.659
0.0,0.18299999833106995,-1.4630000591278076,1776886741.072
0.061000000685453415,0.24400000274181366,-1.5240000486373901,1776886741.105
3.7799999713897705,-1.340999960899353,-1.2200000286102295,1776886741.117
31.951000213623047,0.8539999723434448,-14.572999954223633,1776886741.132
58.415000915527344,8.109999656677246,2.194999933242798,1776886741.157
-30.427000045776367,49.81700134277344,39.268001556396484,1776886741.578
-26.340999603271484,4.206999778747559,34.02399826049805,1776886741.592
48.04899978637695,-16.82900047302246,101.22000122070312,1776886741.617
18.17099952697754,-33.354000091552734,75.18299865722656,1776886741.632
4.085000038146973,-52.80500030517578,101.8290023803711,1776886741.658
-10.609999656677246,14.51200008392334,2.25600004196167,1776886742.078
-18.17099952697754,39.32899856567383,5.548999786376953,1776886742.092
-17.683000564575195,55.731998443603516,-9.02400016784668,1776886742.118
-20.854000091552734,67.68299865722656,-4.26800012588501,1776886742.132
-22.316999435424805,45.0,26.280000686645508,1776886742.158
0.061000000685453415,0.24400000274181366,-1.4630000591278076,1776886742.579
-0.061000000685453415,0.5490000247955322,-1.340999960899353,1776886742.592
-0.12200000137090683,0.18299999833106995,-1.2799999713897705,1776886742.617
0.061000000685453415,0.061000000685453415,-1.5850000381469727,1776886742.632
0.061000000685453415,0.061000000685453415,-1.5240000486373901,1776886742.657
-0.12200000137090683,0.18299999833106995,-1.5240000486373901,1776886743.072
-0.061000000685453415,0.12200000137090683,-1.5240000486373901,1776886743.098
0.0,0.24400000274181366,-1.4630000591278076,1776886743.112
39.268001556396484,-12.621999740600586,2.98799991607666,1776886743.138
20.183000564575195,-11.890000343322754,-2.865999937057495,1776886743.152
5.914999961853027,-23.47599983215332,11.52400016784668,1776886743.579
-7.377999782562256,-15.48799991607666,-0.9760000109672546,1776886743.592
3.7799999713897705,19.634000778198242,-7.98799991607666,1776886743.612
-5.48799991607666,-28.292999267578125,-3.2929999828338623,1776886743.638
3.9019999504089355,21.951000213623047,-9.451000213623047,1776886743.652
-3.7799999713897705,5.304999828338623,-2.98799991607666,1776886744.092
-8.048999786376953,27.19499969482422,-13.779999732971191,1776886744.121
-10.305000305175781,27.5,-15.793000221252441,1776886744.132
-14.817000389099121,49.084999084472656,-15.182999610900879,1776886744.159
-22.011999130249023,69.45099639892578,2.621999979019165,1776886744.176
0.18299999833106995,-0.12200000137090683,-1.5240000486373901,1776886744.592
-0.18299999833106995,0.6100000143051147,-1.0980000495910645,1776886744.612
-0.3050000071525574,0.6100000143051147,-0.9150000214576721,1776886744.638
0.18299999833106995,-0.18299999833106995,-1.8289999961853027,1776886744.652
0.24400000274181366,-0.12200000137090683,-1.7680000066757202,1776886744.678
32.62200164794922,-4.633999824523926,-4.572999954223633,1776886745.112
10.0,-4.633999824523926,-8.720000267028809,1776886745.137
17.621999740600586,1.5240000486373901,-6.889999866485596,1776886745.152
38.292999267578125,-38.659000396728516,-4.328999996185303,1776886745.172
19.145999908447266,-25.488000869750977,-36.52399826049805,1776886745.199
-7.74399995803833,5.548999786376953,1.7070000171661377,1776886745.592
-2.683000087738037,4.877999782562256,6.52400016784668,1776886745.618
-6.158999919891357,20.792999267578125,-6.4019999504089355,1776886745.632
-0.3659999966621399,-5.24399995803833,16.46299934387207,1776886745.658
1.2799999713897705,-9.02400016784668,6.0370001792907715,1776886745.672
2.072999954223633,3.5980000495910645,8.963000297546387,1776886746.112
-3.0490000247955322,-0.6100000143051147,-13.659000396728516,1776886746.138
-14.145999908447266,-7.133999824523926,8.47599983215332,1776886746.152
0.9760000109672546,0.7929999828338623,-0.4269999861717224,1776886746.178
-2.316999912261963,1.7680000066757202,-1.2799999713897705,1776886746.192
6.951000213623047,12.378000259399414,5.97599983215332,1776886746.632
-3.5980000495910645,7.01200008392334,-4.206999778747559,1776886746.658
-6.158999919891357,2.683000087738037,-1.7680000066757202,1776886746.672
-2.865999937057495,-14.390000343322754,10.305000305175781,1776886746.698
2.98799991607666,6.52400016784668,-15.305000305175781,1776886746.712
-3.9630000591278076,-10.427000045776367,7.560999870300293,1776886747.132
-6.706999778747559,-1.7680000066757202,0.061000000685453415,1776886747.158
-2.865999937057495,-2.683000087738037,-8.048999786376953,1776886747.172
-2.865999937057495,6.4019999504089355,-14.572999954223633,1776886747.192
-6.4019999504089355,1.2200000286102295,-5.548999786376953,1776886747.218
0.9150000214576721,-8.414999961853027,-7.377999782562256,1776886747.632
13.779999732971191,-0.12200000137090683,-8.293000221252441,1776886747.66
-2.865999937057495,3.4760000705718994,2.072999954223633,1776886747.672
-0.12200000137090683,-11.890000343322754,0.4880000054836273,1776886747.697
1.0369999408721924,-1.2200000286102295,-1.340999960899353,1776886747.712
176.09800720214844,-46.159000396728516,2.134000062942505,1776886748.138
122.01200103759766,13.170999526977539,-21.03700065612793,1776886748.152
-1.0980000495910645,48.292999267578125,-16.82900047302246,1776886748.178
-158.77999877929688,100.30500030517578,-6.21999979019165,1776886748.192
-187.80499267578125,81.27999877929688,6.4629998207092285,1776886748.219
-269.572998046875,47.25600051879883,13.720000267028809,1776886748.632
-298.35400390625,39.32899856567383,29.26799964904785,1776886748.658
-346.8290100097656,16.584999084472656,47.13399887084961,1776886748.672
-375.1830139160156,1.5240000486373901,56.82899856567383,1776886748.698
-358.47601318359375,-13.170999526977539,137.68299865722656,1776886748.712
-9.145999908447266,11.767999649047852,-33.902000427246094,1776886749.138
-17.011999130249023,-18.23200035095215,-0.4269999861717224,1776886749.152
-24.93899917602539,-15.121999740600586,40.54899978637695,1776886749.178
-26.82900047302246,-8.536999702453613,55.61000061035156,1776886749.192
-30.854000091552734,-12.255999565124512,68.47599792480469,1776886749.219
0.061000000685453415,0.7929999828338623,-1.159000039100647,1776886749.632
-0.7929999828338623,0.3050000071525574,-0.6100000143051147,1776886749.655
-0.5490000247955322,0.3659999966621399,-1.0369999408721924,1776886749.672
0.18299999833106995,0.7319999933242798,-1.5240000486373901,1776886749.699
1.0980000495910645,1.0369999408721924,-2.316999912261963,1776886749.713
0.3050000071525574,0.3659999966621399,-1.7070000171661377,1776886750.158
0.0,0.24400000274181366,-1.5240000486373901,1776886750.172
-0.12200000137090683,0.18299999833106995,-1.2200000286102295,1776886750.192
-0.061000000685453415,0.3050000071525574,-1.340999960899353,1776886750.218
0.0,0.3050000071525574,-1.5850000381469727,1776886750.232
0.24400000274181366,1.0980000495910645,-1.7680000066757202,1776886750.658
0.12200000137090683,-0.061000000685453415,-1.7680000066757202,1776886750.672
-0.18299999833106995,0.24400000274181366,-0.7929999828338623,1776886750.698
-0.6100000143051147,-2.805000066757202,-1.8289999961853027,1776886750.712
-10.366000175476074,1.0980000495910645,3.1710000038146973,1776886750.732
-5.304999828338623,31.951000213623047,2.438999891281128,1776886751.16
-0.3659999966621399,42.56100082397461,12.072999954223633,1776886751.172
-7.683000087738037,46.584999084472656,11.645999908447266,1776886751.203
-0.061000000685453415,29.816999435424805,1.0369999408721924,1776886751.217
2.74399995803833,19.207000732421875,-7.98799991607666,1776886751.234
-1.340999960899353,7.316999912261963,4.26800012588501,1776886751.665
-3.7200000286102295,10.854000091552734,4.51200008392334,1776886751.676
0.18299999833106995,10.732000350952148,-2.561000108718872,1776886751.692
2.134000062942505,1.8289999961853027,-6.76800012588501,1776886751.718
3.7799999713897705,-1.0980000495910645,-7.98799991607666,1776886751.732
1.4019999504089355,-1.5240000486373901,0.6100000143051147,1776886752.152
-4.572999954223633,5.0,6.0370001792907715,1776886752.178
-8.597999572753906,10.914999961853027,8.779999732971191,1776886752.192
-6.341000080108643,11.279999732971191,4.816999912261963,1776886752.219
-2.927000045776367,2.74399995803833,-0.7929999828338623,1776886752.232
-12.439000129699707,-30.97599983215332,-0.6100000143051147,1776886752.652
-15.914999961853027,-42.073001861572266,-4.085000038146973,1776886752.678
-10.97599983215332,-49.75600051879883,-3.2929999828338623,1776886752.692
-7.195000171661377,-50.30500030517578,15.0,1776886752.718
-6.828999996185303,-66.46299743652344,2.621999979019165,1776886752.732
236.88999938964844,0.18299999833106995,-8.840999603271484,1776886753.152
250.24400329589844,-9.694999694824219,-17.011999130249023,1776886753.178
267.8659973144531,14.085000038146973,1.340999960899353,1776886753.192
291.76800537109375,18.415000915527344,-5.304999828338623,1776886753.218
320.4880065917969,16.340999603271484,-11.52400016784668,1776886753.232
-30.97599983215332,19.511999130249023,5.610000133514404,1776886753.659
-0.061000000685453415,9.633999824523926,-10.732000350952148,1776886753.672
0.18299999833106995,-3.4149999618530273,6.341000080108643,1776886753.7
2.378000020980835,-6.158999919891357,1.0980000495910645,1776886753.712
1.8899999856948853,-4.695000171661377,3.7200000286102295,1776886753.732
-27.865999221801758,42.19499969482422,-27.743999481201172,1776886754.152
-50.24399948120117,33.5369987487793,-1.0980000495910645,1776886754.178
-34.512001037597656,22.072999954223633,3.7200000286102295,1776886754.192
8.170999526977539,-7.133999824523926,2.683000087738037,1776886754.218
8.048999786376953,-12.255999565124512,2.621999979019165,1776886754.232
-0.12200000137090683,0.24400000274181366,-1.4630000591278076,1776886754.656
0.0,0.12200000137090683,-1.4630000591278076,1776886754.672
-0.061000000685453415,0.3050000071525574,-1.4630000591278076,1776886754.698
0.0,0.24400000274181366,-1.5240000486373901,1776886754.712
0.0,0.18299999833106995,-1.340999960899353,1776886754.738
-0.4880000054836273,0.4880000054836273,-4.633999824523926,1776886755.172
-1.2200000286102295,0.7929999828338623,-5.610000133514404,1776886755.198
-2.316999912261963,2.194999933242798,-3.1710000038146973,1776886755.212
-0.4880000054836273,0.7929999828338623,-1.6460000276565552,1776886755.238
0.24400000274181366,-0.4269999861717224,-1.9509999752044678,1776886755.252
-4.02400016784668,6.341000080108643,-2.805000066757202,1776886755.678
-2.072999954223633,6.0980000495910645,-3.2320001125335693,1776886755.697
-8.293000221252441,6.585000038146973,-13.779999732971191,1776886755.712
-5.73199987411499,2.98799991607666,-12.194999694824219,1776886755.738
-1.4630000591278076,0.0,-4.939000129699707,1776886755.752
0.24400000274181366,0.0,-2.5,1776886756.172
-0.6710000038146973,-0.24400000274181366,-5.793000221252441,1776886756.198
-0.7929999828338623,0.0,-2.865999937057495,1776886756.212
-2.561000108718872,-0.12200000137090683,-7.072999954223633,1776886756.238
-2.98799991607666,-0.061000000685453415,-7.683000087738037,1776886756.252
1.0980000495910645,-24.756000518798828,-33.840999603271484,1776886756.672
-1.7070000171661377,-7.560999870300293,-51.4630012512207,1776886756.698
-0.061000000685453415,-10.060999870300293,-45.854000091552734,1776886756.712
-9.02400016784668,-3.7200000286102295,-51.402000427246094,1776886756.738
-10.427000045776367,11.890000343322754,-30.06100082397461,1776886756.752
2.98799991607666,-0.24400000274181366,-33.5369987487793,1776886757.18
3.0490000247955322,7.01200008392334,-27.56100082397461,1776886757.192
-5.97599983215332,-10.914999961853027,-14.694999694824219,1776886757.218
2.25600004196167,2.805000066757202,-22.19499969482422,1776886757.232
8.902000427246094,0.3659999966621399,-24.93899917602539,1776886757.258
4.51200008392334,9.02400016784668,-17.072999954223633,1776886757.672
3.7200000286102295,1.8289999961853027,-22.19499969482422,1776886757.698
3.4149999618530273,1.4630000591278076,-24.69499969482422,1776886757.712
-4.939000129699707,-2.378000020980835,-34.32899856567383,1776886757.732
-7.133999824523926,1.4630000591278076,-40.426998138427734,1776886757.758
-12.439000129699707,-18.292999267578125,-38.5369987487793,1776886758.172
-18.719999313354492,-13.048999786376953,-47.62200164794922,1776886758.192
-5.366000175476074,-4.572999954223633,-51.402000427246094,1776886758.219
-1.7680000066757202,-9.451000213623047,-48.779998779296875,1776886758.232
-8.840999603271484,-16.280000686645508,-49.32899856567383,1776886758.258
22.621999740600586,15.366000175476074,-36.220001220703125,1776886758.672
8.902000427246094,17.19499969482422,-47.073001861572266,1776886758.698
15.121999740600586,23.96299934387207,-43.354000091552734,1776886758.712
31.82900047302246,44.75600051879883,-44.63399887084961,1776886758.74
42.012001037597656,62.926998138427734,-46.95100021362305,1776886758.752
16.03700065612793,20.06100082397461,48.231998443603516,1776886759.173
21.097999572753906,30.488000869750977,27.988000869750977,1776886759.2
15.793000221252441,7.01200008392334,7.5,1776886759.216
-6.52400016784668,-1.340999960899353,-3.3540000915527344,1776886759.232
-7.560999870300293,-11.706999778747559,-11.340999603271484,1776886759.258
0.061000000685453415,0.12200000137090683,-1.5240000486373901,1776886759.672
-0.061000000685453415,0.3659999966621399,-1.340999960899353,1776886759.694
0.061000000685453415,0.3050000071525574,-1.4019999504089355,1776886759.72
0.0,0.061000000685453415,-1.6460000276565552,1776886759.732
-0.061000000685453415,0.3050000071525574,-1.340999960899353,1776886759.76
-34.512001037597656,-42.19499969482422,-10.548999786376953,1776886760.176
-63.04899978637695,-52.19499969482422,8.840999603271484,1776886760.192
-46.340999603271484,-25.183000564575195,8.170999526977539,1776886760.223
-28.17099952697754,-17.011999130249023,-12.194999694824219,1776886760.234
12.5,-14.267999649047852,-3.9630000591278076,1776886760.259
-22.683000564575195,4.451000213623047,6.706999778747559,1776886760.672
-12.805000305175781,25.06100082397461,-2.438999891281128,1776886760.693
-1.340999960899353,25.0,-6.158999919891357,1776886760.718
2.194999933242798,3.4760000705718994,-9.329000473022461,1776886760.732
8.720000267028809,-6.585000038146973,-1.7680000066757202,1776886760.759
-14.817000389099121,-0.9760000109672546,-2.683000087738037,1776886761.172
0.24400000274181366,-0.4880000054836273,-1.5240000486373901,1776886761.198
-1.6460000276565552,0.061000000685453415,-2.01200008392334,1776886761.212
1.340999960899353,-0.4269999861717224,-2.805000066757202,1776886761.238
1.4019999504089355,-0.18299999833106995,-2.316999912261963,1776886761.253
0.12200000137090683,0.24400000274181366,-1.8289999961853027,1776886761.672
0.4269999861717224,0.3050000071525574,-1.5850000381469727,1776886761.705
0.6100000143051147,0.6710000038146973,0.18299999833106995,1776886761.716
-0.12200000137090683,0.3050000071525574,-1.7680000066757202,1776886761.732
2.865999937057495,-1.0980000495910645,-4.451000213623047,1776886761.758
-1.5850000381469727,6.0370001792907715,-2.805000066757202,1776886762.192
0.6710000038146973,-2.865999937057495,-0.7319999933242798,1776886762.218
-4.26800012588501,-0.18299999833106995,1.5240000486373901,1776886762.232
0.9760000109672546,1.5240000486373901,1.0369999408721924,1776886762.258
1.4630000591278076,3.2320001125335693,1.8289999961853027,1776886762.272
4.085000038146973,-0.6710000038146973,-2.621999979019165,1776886762.699
-0.9760000109672546,0.6710000038146973,0.6710000038146973,1776886762.712
-14.694999694824219,0.4880000054836273,-1.7680000066757202,1776886762.738
-1.7070000171661377,0.12200000137090683,4.02400016784668,1776886762.752
0.9760000109672546,0.12200000137090683,-1.5240000486373901,1776886762.778
2.316999912261963,0.24400000274181366,1.9509999752044678,1776886763.192
-1.2799999713897705,-0.4880000054836273,2.805000066757202,1776886763.218
-0.9760000109672546,0.3050000071525574,4.633999824523926,1776886763.232
0.18299999833106995,0.9760000109672546,1.2200000286102295,1776886763.252
-0.9150000214576721,0.5490000247955322,3.2929999828338623,1776886763.278
-12.133999824523926,-0.6710000038146973,13.597999572753906,1776886763.702
-12.133999824523926,-0.6710000038146973,13.597999572753906,1776886763.713
-2.98799991607666,-1.340999960899353,17.134000778198242,1776886763.739
-0.6100000143051147,-0.6710000038146973,-5.914999961853027,1776886763.752
2.194999933242798,2.865999937057495,7.195000171661377,1776886763.778
-5.793000221252441,0.3050000071525574,32.926998138427734,1776886764.192
9.267999649047852,-3.2320001125335693,14.939000129699707,1776886764.218
7.5,-2.072999954223633,10.793000221252441,1776886764.232
-7.316999912261963,-0.24400000274181366,37.012001037597656,1776886764.259
8.597999572753906,-4.02400016784668,19.32900047302246,1776886764.273
6.0980000495910645,1.5240000486373901,14.51200008392334,1776886764.698
6.0980000495910645,1.5240000486373901,14.51200008392334,1776886764.723
6.0980000495910645,1.5240000486373901,14.51200008392334,1776886764.737
4.51200008392334,-2.927000045776367,11.52400016784668,1776886764.752
-6.0370001792907715,0.8539999723434448,25.97599983215332,1776886764.778
5.24399995803833,2.621999979019165,3.109999895095825,1776886765.198
-9.085000038146973,-0.18299999833106995,24.26799964904785,1776886765.212
1.2799999713897705,1.340999960899353,16.82900047302246,1776886765.24
5.48799991607666,-1.9509999752044678,4.695000171661377,1776886765.252
-6.4629998207092285,-0.18299999833106995,26.584999084472656,1776886765.279
1.8899999856948853,2.927000045776367,-1.8289999961853027,1776886765.698
1.8899999856948853,2.927000045776367,-1.8289999961853027,1776886765.712
1.8899999856948853,2.927000045776367,-1.8289999961853027,1776886765.74
1.8899999856948853,-1.0369999408721924,0.6100000143051147,1776886765.752
-2.621999979019165,-2.25600004196167,-0.7319999933242798,1776886765.778
-0.24400000274181366,0.6710000038146973,0.5490000247955322,1776886766.192
-1.2200000286102295,0.3659999966621399,0.9760000109672546,1776886766.218
-2.072999954223633,0.3659999966621399,1.8289999961853027,1776886766.232
-0.6100000143051147,0.6100000143051147,2.316999912261963,1776886766.259
-0.6100000143051147,0.6100000143051147,2.316999912261963,1776886766.272
-0.061000000685453415,0.24400000274181366,-1.4019999504089355,1776886766.719
0.061000000685453415,0.3050000071525574,-1.5850000381469727,1776886766.732
0.061000000685453415,0.24400000274181366,-1.4630000591278076,1776886766.755
0.12200000137090683,0.18299999833106995,-1.6460000276565552,1776886766.78
-0.061000000685453415,0.12200000137090683,-1.2799999713897705,1776886766.792
-0.12200000137090683,0.18299999833106995,-1.5240000486373901,1776886767.199
0.0,0.3050000071525574,-1.4630000591278076,1776886767.216
2.072999954223633,0.4880000054836273,-5.854000091552734,1776886767.232
0.3659999966621399,0.4269999861717224,-2.438999891281128,1776886767.258
2.561000108718872,0.4269999861717224,-4.939000129699707,1776886767.272
3.7200000286102295,-6.28000020980835,-9.085000038146973,1776886767.692
5.122000217437744,9.206999778747559,-3.9630000591278076,1776886767.718
4.877999782562256,5.427000045776367,-2.98799991607666,1776886767.733
-2.072999954223633,-3.9019999504089355,-7.866000175476074,1776886767.759
-5.122000217437744,5.183000087738037,-11.340999603271484,1776886767.772
-2.134000062942505,-3.5369999408721924,-8.902000427246094,1776886768.192
3.5369999408721924,1.8289999961853027,-4.51200008392334,1776886768.219
-2.134000062942505,-2.438999891281128,0.9150000214576721,1776886768.232
-7.377999782562256,-0.4880000054836273,-3.6589999198913574,1776886768.258
-2.25600004196167,-2.316999912261963,-5.0,1776886768.273
3.5980000495910645,-0.6710000038146973,-7.439000129699707,1776886768.712
2.621999979019165,-2.194999933242798,-4.816999912261963,1776886768.738
2.683000087738037,-3.2929999828338623,-4.633999824523926,1776886768.752
6.4629998207092285,2.072999954223633,-6.645999908447266,1776886768.772
2.927000045776367,0.6100000143051147,-6.52400016784668,1776886768.798
-2.805000066757202,1.5850000381469727,-6.585000038146973,1776886769.219
-2.683000087738037,-0.8539999723434448,-7.072999954223633,1776886769.232
-1.5850000381469727,-1.8899999856948853,-7.560999870300293,1776886769.258
-0.061000000685453415,-8.109999656677246,-11.159000396728516,1776886769.273
-3.7200000286102295,-2.194999933242798,-7.804999828338623,1776886769.3
1.0980000495910645,-0.4880000054836273,-4.877999782562256,1776886769.712
-1.2799999713897705,16.340999603271484,-2.01200008392334,1776886769.738
3.1710000038146973,0.3659999966621399,1.0369999408721924,1776886769.76
-2.25600004196167,2.316999912261963,-2.01200008392334,1776886769.776
-0.8539999723434448,-0.4269999861717224,4.085000038146973,1776886769.793
-0.4880000054836273,0.6100000143051147,-3.5369999408721924,1776886770.226
1.0369999408721924,0.0,1.4019999504089355,1776886770.239
-0.7929999828338623,-0.3050000071525574,-3.109999895095825,1776886770.255
0.0,0.24400000274181366,-1.6460000276565552,1776886770.273
-3.109999895095825,-0.7929999828338623,10.609999656677246,1776886770.293
0.061000000685453415,2.621999979019165,-0.6710000038146973,1776886770.713
0.18299999833106995,2.01200008392334,-2.25600004196167,1776886770.739
-15.182999610900879,1.0369999408721924,-2.561000108718872,1776886770.752
-0.3659999966621399,1.159000039100647,-1.159000039100647,1776886770.778
-0.061000000685453415,1.7070000171661377,-1.6460000276565552,1776886770.792
0.12200000137090683,0.24400000274181366,-1.4019999504089355,1776886771.234
-0.061000000685453415,0.18299999833106995,-1.5240000486373901,1776886771.252
-0.12200000137090683,0.18299999833106995,-1.4630000591278076,1776886771.278
0.061000000685453415,0.12200000137090683,-1.4630000591278076,1776886771.292
0.061000000685453415,0.24400000274181366,-1.4630000591278076,1776886771.32
0.0,0.18299999833106995,-1.5240000486373901,1776886771.738
0.0,0.24400000274181366,-17.011999130249023,1776886771.752
0.0,0.12200000137090683,-1.4630000591278076,1776886771.779
0.0,0.18299999833106995,-1.4019999504089355,1776886771.793
0.0,0.18299999833106995,-1.4019999504089355,1776886771.812
1.2200000286102295,1.2200000286102295,-9.694999694824219,1776886772.239
6.4629998207092285,-1.2200000286102295,-4.085000038146973,1776886772.252
3.4149999618530273,-1.0980000495910645,-2.194999933242798,1776886772.278
1.4019999504089355,-1.0369999408721924,-4.877999782562256,1776886772.293
1.8899999856948853,-0.6710000038146973,-5.48799991607666,1776886772.319
64.81700134277344,-38.354000091552734,-76.64600372314453,1776886772.733
64.75599670410156,-25.06100082397461,-50.36600112915039,1776886772.758
58.04899978637695,-12.744000434875488,-34.084999084472656,1776886772.773
51.95100021362305,-5.793000221252441,-26.889999389648438,1776886772.799
33.11000061035156,1.0980000495910645,-13.963000297546387,1776886772.812
29.878000259399414,87.86599731445312,54.63399887084961,1776886773.239
38.659000396728516,106.34100341796875,59.512001037597656,1776886773.253
53.11000061035156,95.91500091552734,85.54900360107422,1776886773.279
53.9630012512207,66.0979995727539,94.38999938964844,1776886773.294
37.13399887084961,-10.48799991607666,59.145999908447266,1776886773.32
-0.7929999828338623,-0.24400000274181366,-4.206999778747559,1776886773.732
-0.7319999933242798,-2.5,-5.183000087738037,1776886773.758
0.6710000038146973,-1.5850000381469727,-1.0369999408721924,1776886773.772
-0.4880000054836273,1.159000039100647,0.24400000274181366,1776886773.798
-0.3050000071525574,0.061000000685453415,-1.8289999961853027,1776886773.813
0.0,0.24400000274181366,-1.6460000276565552,1776886774.232
-0.061000000685453415,0.24400000274181366,-1.5240000486373901,1776886774.261
0.061000000685453415,0.24400000274181366,-1.4019999504089355,1776886774.275
0.0,0.12200000137090683,-1.4630000591278076,1776886774.292
0.0,0.24400000274181366,-1.4019999504089355,1776886774.318
-0.18299999833106995,0.24400000274181366,-1.5240000486373901,1776886774.739
-0.12200000137090683,0.24400000274181366,-1.5240000486373901,1776886774.752
-0.3050000071525574,0.18299999833106995,-1.5850000381469727,1776886774.781
-0.24400000274181366,0.3659999966621399,-1.7070000171661377,1776886774.802
-1.0369999408721924,0.4269999861717224,-1.4019999504089355,1776886774.816
-60.915000915527344,-20.610000610351562,-8.232000350952148,1776886775.252
-72.68299865722656,-37.31700134277344,-7.927000045776367,1776886775.28
-59.81700134277344,-33.11000061035156,2.621999979019165,1776886775.292
-23.53700065612793,0.6100000143051147,6.4629998207092285,1776886775.318
-13.840999603271484,5.122000217437744,-1.8289999961853027,1776886775.332
-8.109999656677246,-62.74399948120117,3.1710000038146973,1776886775.733
-21.889999389648438,-70.91500091552734,-14.694999694824219,1776886775.759
-22.19499969482422,-83.23200225830078,-43.9630012512207,1776886775.772
-41.279998779296875,-70.48799896240234,-55.97600173950195,1776886775.8
-62.56100082397461,-54.81700134277344,-60.792999267578125,1776886775.813
17.80500030517578,0.7319999933242798,16.340999603271484,1776886776.258
22.378000259399414,-23.780000686645508,4.451000213623047,1776886776.273
27.011999130249023,-19.32900047302246,-8.354000091552734,1776886776.299
-17.80500030517578,-59.63399887084961,1.2799999713897705,1776886776.312
-52.43899917602539,-61.82899856567383,9.755999565124512,1776886776.338
0.9150000214576721,2.865999937057495,-13.170999526977539,1776886776.752
0.7929999828338623,3.5980000495910645,-10.670999526977539,1776886776.778
0.7319999933242798,0.7929999828338623,-0.9150000214576721,1776886776.792
-2.072999954223633,-1.0980000495910645,1.9509999752044678,1776886776.819
-1.4019999504089355,-2.072999954223633,1.5850000381469727,1776886776.832
0.0,0.18299999833106995,-1.5240000486373901,1776886777.252
0.0,0.3050000071525574,14.085000038146973,1776886777.28
0.061000000685453415,0.24400000274181366,-1.4630000591278076,1776886777.292
-0.061000000685453415,0.24400000274181366,-1.340999960899353,1776886777.322
-0.061000000685453415,0.18299999833106995,-1.4630000591278076,1776886777.335
0.0,0.24400000274181366,-1.4019999504089355,1776886777.732
0.0,0.24400000274181366,-1.5240000486373901,1776886777.761
0.061000000685453415,0.3050000071525574,-1.4019999504089355,1776886777.777
0.061000000685453415,0.18299999833106995,-1.4019999504089355,1776886777.794
-0.061000000685453415,0.18299999833106995,-1.4019999504089355,1776886777.821
0.4269999861717224,0.061000000685453415,-1.5240000486373901,1776886778.259
1.2799999713897705,0.24400000274181366,3.6589999198913574,1776886778.272
-0.3050000071525574,-0.3050000071525574,3.7799999713897705,1776886778.296
-1.2799999713897705,-0.4269999861717224,0.24400000274181366,1776886778.313
-0.6100000143051147,-0.6710000038146973,-1.0369999408721924,1776886778.339
-2.072999954223633,-1.8899999856948853,18.17099952697754,1776886778.752
-2.316999912261963,-1.5850000381469727,20.06100082397461,1776886778.773
-0.7319999933242798,-5.183000087738037,24.26799964904785,1776886778.799
4.816999912261963,0.18299999833106995,38.9630012512207,1776886778.813
3.6589999198913574,-9.939000129699707,43.17100143432617,1776886778.839
4.572999954223633,0.6710000038146973,23.719999313354492,1776886779.273
-4.695000171661377,-3.5980000495910645,24.816999435424805,1776886779.299
6.4629998207092285,-11.159000396728516,18.597999572753906,1776886779.313
8.47599983215332,-3.9019999504089355,11.585000038146973,1776886779.339
-16.707000732421875,-22.43899917602539,27.621999740600586,1776886779.352
-5.48799991607666,-6.645999908447266,-1.0369999408721924,1776886779.779
-5.548999786376953,-4.02400016784668,-2.561000108718872,1776886779.792
-0.4269999861717224,0.3050000071525574,-5.793000221252441,1776886779.818
-0.4880000054836273,-0.4880000054836273,-3.9019999504089355,1776886779.839
2.25600004196167,3.6589999198913574,-0.6100000143051147,1776886779.853
-2.683000087738037,-1.7070000171661377,1.9509999752044678,1776886780.28
-1.4630000591278076,-4.085000038146973,1.2200000286102295,1776886780.293
-1.340999960899353,-1.7680000066757202,2.134000062942505,1776886780.323
4.145999908447266,-3.4149999618530273,5.366000175476074,1776886780.334
3.4149999618530273,-1.5850000381469727,2.5,1776886780.36
58.04899978637695,-17.5,-5.427000045776367,1776886780.784
43.597999572753906,-49.084999084472656,-16.52400016784668,1776886780.794
22.743999481201172,-59.81700134277344,-6.4629998207092285,1776886780.82
23.597999572753906,23.17099952697754,35.30500030517578,1776886780.832
27.743999481201172,1.6460000276565552,19.02400016784668,1776886780.861
79.26799774169922,166.76800537109375,149.0850067138672,1776886781.272
135.48800659179688,99.51200103759766,126.0979995727539,1776886781.298
79.14600372314453,62.56100082397461,-9.02400016784668,1776886781.313
8.720000267028809,118.5979995727539,-115.97599792480469,1776886781.338
17.378000259399414,107.86599731445312,-100.36599731445312,1776886781.353
3.8410000801086426,-3.9019999504089355,-1.4019999504089355,1776886781.777
-1.4019999504089355,1.6460000276565552,-1.5850000381469727,1776886781.793
-3.109999895095825,3.5369999408721924,-1.340999960899353,1776886781.813
-4.51200008392334,4.816999912261963,-0.5490000247955322,1776886781.839
-5.427000045776367,5.914999961853027,-0.9760000109672546,1776886781.853
4.451000213623047,-4.389999866485596,0.3050000071525574,1776886782.78
6.828999996185303,-8.720000267028809,-0.4269999861717224,1776886782.793
3.6589999198913574,-6.951000213623047,-9.939000129699707,1776886782.818
5.0,3.9019999504089355,-20.548999786376953,1776886782.834
6.585000038146973,-7.98799991607666,-8.414999961853027,1776886782.861
25.365999221801758,102.62200164794922,-2.5,1776886783.28
33.659000396728516,119.93900299072266,-18.53700065612793,1776886783.293
27.43899917602539,60.36600112915039,-34.75600051879883,1776886783.318
14.633999824523926,48.415000915527344,-30.30500030517578,1776886783.333
13.963000297546387,24.878000259399414,-1.0980000495910645,1776886783.359
0.3050000071525574,-3.2320001125335693,69.63400268554688,1776886783.779
29.878000259399414,-9.755999565124512,11.463000297546387,1776886783.793
24.634000778198242,92.56099700927734,-17.927000045776367,1776886783.819
51.82899856567383,18.47599983215332,55.61000061035156,1776886783.833
17.621999740600586,30.67099952697754,56.279998779296875,1776886783.855
0.6710000038146973,-1.0980000495910645,-1.5850000381469727,1776886784.273
2.98799991607666,15.670999526977539,-0.5490000247955322,1776886784.299
1.7070000171661377,1.7680000066757202,4.877999782562256,1776886784.313
-3.7200000286102295,-2.621999979019165,0.6100000143051147,1776886784.338
-4.085000038146973,-3.4760000705718994,-0.7319999933242798,1776886784.353
0.0,0.3659999966621399,-1.7680000066757202,1776886784.773
0.061000000685453415,0.24400000274181366,-1.2799999713897705,1776886784.798
-0.12200000137090683,0.0,-1.340999960899353,1776886784.818
-0.18299999833106995,0.061000000685453415,-1.4630000591278076,1776886784.833
0.0,0.3050000071525574,-1.7070000171661377,1776886784.854
0.061000000685453415,0.18299999833106995,-1.4630000591278076,1776886785.273
-0.061000000685453415,0.3050000071525574,-1.5850000381469727,1776886785.3
-0.061000000685453415,0.18299999833106995,-1.5850000381469727,1776886785.313
-0.061000000685453415,0.12200000137090683,-1.4630000591278076,1776886785.341
0.061000000685453415,0.18299999833106995,-1.4019999504089355,1776886785.353
70.54900360107422,-19.451000213623047,-18.840999603271484,1776886785.793
73.29299926757812,-76.22000122070312,-50.30500030517578,1776886785.819
48.597999572753906,-59.145999908447266,-2.316999912261963,1776886785.833
23.96299934387207,-77.13400268554688,20.792999267578125,1776886785.86
19.878000259399414,-73.47599792480469,-3.9630000591278076,1776886785.873
37.37799835205078,-91.64600372314453,-129.4510040283203,1776886786.293
39.207000732421875,-73.5979995727539,-123.47599792480469,1776886786.32
23.96299934387207,-77.86599731445312,-119.45099639892578,1776886786.335
-7.683000087738037,-104.38999938964844,-30.792999267578125,1776886786.36
-10.0,-65.85399627685547,2.134000062942505,1776886786.373
10.121999740600586,14.085000038146973,-1.8899999856948853,1776886786.793
3.109999895095825,3.9019999504089355,-0.3659999966621399,1776886786.818
2.5,8.597999572753906,-1.5850000381469727,1776886786.833
1.8899999856948853,0.0,-2.134000062942505,1776886786.862
-2.378000020980835,-0.8539999723434448,-2.194999933242798,1776886786.873
-0.18299999833106995,-0.3659999966621399,0.4269999861717224,1776886787.78
0.3659999966621399,-8.597999572753906,-0.12200000137090683,1776886787.793
-0.9760000109672546,-4.816999912261963,-6.951000213623047,1776886787.819
7.133999824523926,-8.47599983215332,-14.145999908447266,1776886787.833
8.597999572753906,-3.4760000705718994,-15.060999870300293,1776886787.861
-173.35400390625,-79.02400207519531,35.18299865722656,1776886788.299
-173.35400390625,-79.02400207519531,35.18299865722656,1776886788.313
26.707000732421875,41.402000427246094,-10.97599983215332,1776886788.339
18.902000427246094,54.145999908447266,3.3540000915527344,1776886788.353
-3.109999895095825,20.73200035095215,9.329000473022461,1776886788.379
-32.86600112915039,27.988000869750977,-6.585000038146973,1776886788.793
-44.573001861572266,-15.121999740600586,16.951000213623047,1776886788.818
-31.52400016784668,32.5,-2.134000062942505,1776886788.833
-21.584999084472656,12.378000259399414,-6.341000080108643,1776886788.853
-0.3050000071525574,21.03700065612793,-28.048999786376953,1776886788.879
1.159000039100647,-0.4880000054836273,-0.3050000071525574,1776886789.295
0.6710000038146973,0.24400000274181366,-2.5,1776886789.321
0.6710000038146973,0.24400000274181366,-2.5,1776886789.333
0.6710000038146973,0.24400000274181366,-2.5,1776886789.361
-0.24400000274181366,0.3050000071525574,-0.8539999723434448,1776886789.373
0.0,0.0,-1.4630000591278076,1776886789.801
0.0,0.24400000274181366,-1.5240000486373901,1776886789.813
0.061000000685453415,0.18299999833106995,-1.5240000486373901,1776886789.839
-0.061000000685453415,0.12200000137090683,-1.5240000486373901,1776886789.857
-0.061000000685453415,0.18299999833106995,-17.072999954223633,1776886789.873
0.0,0.24400000274181366,-1.4019999504089355,1776886790.326
0.061000000685453415,0.18299999833106995,-1.4019999504089355,1776886790.34
0.061000000685453415,0.12200000137090683,-1.4630000591278076,1776886790.353
0.061000000685453415,0.12200000137090683,-1.4630000591278076,1776886790.382
0.061000000685453415,0.12200000137090683,-1.4630000591278076,1776886790.393
-0.8539999723434448,-0.6710000038146973,-3.109999895095825,1776886790.815
0.3659999966621399,-0.18299999833106995,-3.2320001125335693,1776886790.841
1.9509999752044678,0.4269999861717224,-3.7799999713897705,1776886790.853
-0.18299999833106995,-1.2799999713897705,-2.927000045776367,1776886790.88
-4.877999782562256,-13.597999572753906,-2.01200008392334,1776886790.898
-0.061000000685453415,0.18299999833106995,-1.340999960899353,1776886791.314
-0.12200000137090683,0.18299999833106995,-1.4630000591278076,1776886791.333
0.0,0.18299999833106995,-1.5850000381469727,1776886791.361
-0.061000000685453415,0.24400000274181366,-1.5850000381469727,1776886791.374
-0.061000000685453415,0.18299999833106995,-1.5240000486373901,1776886791.4
0.0,0.18299999833106995,-1.5240000486373901,1776886791.819
0.0,0.24400000274181366,-1.5240000486373901,1776886791.833
0.0,0.18299999833106995,-1.5240000486373901,1776886791.859
0.0,0.18299999833106995,-1.4630000591278076,1776886791.873
-0.061000000685453415,0.18299999833106995,-1.4630000591278076,1776886791.899
-10.366000175476074,-7.560999870300293,-13.779999732971191,1776886792.313
-7.927000045776367,-7.622000217437744,-12.805000305175781,1776886792.34
-6.28000020980835,-6.158999919891357,-17.5,1776886792.353
-7.01200008392334,-11.52400016784668,-22.80500030517578,1776886792.373
-5.183000087738037,-5.548999786376953,-14.451000213623047,1776886792.399
0.061000000685453415,-0.4880000054836273,-2.072999954223633,1776886792.813
0.18299999833106995,0.6100000143051147,-0.9760000109672546,1776886792.839
-0.18299999833106995,0.18299999833106995,-1.7680000066757202,1776886792.853
-0.18299999833106995,-0.3050000071525574,-1.8289999961853027,1776886792.88
0.12200000137090683,0.6710000038146973,-1.159000039100647,1776886792.893
0.6710000038146973,-2.561000108718872,-9.878000259399414,1776886793.814
0.3659999966621399,-0.12200000137090683,-7.98799991607666,1776886793.841
1.9509999752044678,2.438999891281128,-8.048999786376953,1776886793.855
-2.621999979019165,0.4880000054836273,-6.645999908447266,1776886793.881
0.18299999833106995,-1.8289999961853027,-8.597999572753906,1776886793.893
7.622000217437744,-7.5,-43.11000061035156,1776886794.322
-6.4629998207092285,-13.109999656677246,-21.951000213623047,1776886794.336
-8.597999572753906,-4.389999866485596,-34.63399887084961,1776886794.353
-15.548999786376953,-5.73199987411499,-38.47600173950195,1776886794.379
-21.097999572753906,-19.816999435424805,-23.597999572753906,1776886794.393
-10.548999786376953,-16.951000213623047,-38.17100143432617,1776886794.814
-27.134000778198242,-18.53700065612793,-22.927000045776367,1776886794.84
-1.0980000495910645,-6.951000213623047,-51.4630012512207,1776886794.854
-14.755999565124512,-9.390000343322754,-29.756000518798828,1776886794.88
-15.548999786376953,-15.854000091552734,-25.97599983215332,1776886794.895
-6.0370001792907715,-14.451000213623047,10.854000091552734,1776886795.32
-8.293000221252441,23.048999786376953,20.0,1776886795.333
6.0370001792907715,6.889999866485596,-4.145999908447266,1776886795.36
-30.06100082397461,44.87799835205078,5.73199987411499,1776886795.376
-26.584999084472656,-44.268001556396484,-56.0369987487793,1776886795.393
-6.341000080108643,-16.76799964904785,3.9019999504089355,1776886795.813
-1.6460000276565552,3.1710000038146973,-18.902000427246094,1776886795.84
3.4760000705718994,11.463000297546387,-23.96299934387207,1776886795.855
-6.28000020980835,-7.5,-6.951000213623047,1776886795.88
3.3540000915527344,4.75600004196167,-12.560999870300293,1776886795.893
5.914999961853027,2.621999979019165,7.74399995803833,1776886796.313
14.267999649047852,6.76800012588501,5.304999828338623,1776886796.339
10.305000305175781,1.2200000286102295,3.6589999198913574,1776886796.353
-3.109999895095825,2.438999891281128,-5.060999870300293,1776886796.382
-8.840999603271484,-2.5,0.4269999861717224,1776886796.393
-0.3050000071525574,-0.12200000137090683,-1.5240000486373901,1776886796.833
-1.0369999408721924,-0.3659999966621399,-1.7070000171661377,1776886796.853
-0.7319999933242798,-0.24400000274181366,-1.5240000486373901,1776886796.879
-0.3659999966621399,0.3050000071525574,-1.5850000381469727,1776886796.894
0.9150000214576721,0.4880000054836273,-1.0980000495910645,1776886796.92
0.24400000274181366,0.3659999966621399,-1.4630000591278076,1776886797.339
0.061000000685453415,0.18299999833106995,-1.2200000286102295,1776886797.353
0.7319999933242798,1.0369999408721924,-0.3050000071525574,1776886797.379
1.9509999752044678,1.7680000066757202,0.4880000054836273,1776886797.393
1.0369999408721924,1.2799999713897705,-0.9760000109672546,1776886797.413
0.18299999833106995,0.24400000274181366,2.621999979019165,1776886797.84
1.0369999408721924,0.5490000247955322,-3.0490000247955322,1776886797.855
1.159000039100647,2.683000087738037,-1.9509999752044678,1776886797.881
1.0369999408721924,1.7070000171661377,1.2200000286102295,1776886797.893
-3.0490000247955322,1.2200000286102295,1.8899999856948853,1776886797.919
-4.572999954223633,-3.3540000915527344,20.854000091552734,1776886798.334
0.6710000038146973,-6.21999979019165,9.633999824523926,1776886798.36
-2.74399995803833,-2.805000066757202,29.816999435424805,1776886798.373
0.3050000071525574,-10.121999740600586,-2.683000087738037,1776886798.4
2.134000062942505,1.7680000066757202,0.4880000054836273,1776886798.415
20.121999740600586,-56.279998779296875,75.61000061035156,1776886799.342
2.01200008392334,27.5,-9.51200008392334,1776886799.353
13.536999702453613,-3.6589999198913574,27.5,1776886799.379
3.2929999828338623,22.134000778198242,50.06100082397461,1776886799.393
-1.0369999408721924,-15.670999526977539,21.402000427246094,1776886799.413
-8.170999526977539,-3.5980000495910645,19.26799964904785,1776886800.353
-1.7680000066757202,-15.305000305175781,26.889999389648438,1776886800.381
1.7680000066757202,4.695000171661377,13.354000091552734,1776886800.393
11.279999732971191,-7.439000129699707,8.414999961853027,1776886800.419
-0.7929999828338623,3.1710000038146973,-2.805000066757202,1776886800.433
8.597999572753906,5.0,13.109999656677246,1776886800.86
-8.597999572753906,-9.633999824523926,36.340999603271484,1776886800.873
-2.438999891281128,-10.793000221252441,16.707000732421875,1776886800.9
26.46299934387207,-22.927000045776367,41.52399826049805,1776886800.913
15.121999740600586,-2.805000066757202,65.97599792480469,1776886800.943
3.1710000038146973,2.74399995803833,-3.5369999408721924,1776886801.859
4.145999908447266,2.865999937057495,0.24400000274181366,1776886801.873
3.4760000705718994,4.02400016784668,-2.01200008392334,1776886801.893
0.3050000071525574,-0.5490000247955322,-0.9150000214576721,1776886801.922
-0.3050000071525574,-1.4630000591278076,-1.8899999856948853,1776886801.935
-0.12200000137090683,0.24400000274181366,-17.072999954223633,1776886802.353
0.061000000685453415,0.18299999833106995,-1.4019999504089355,1776886802.379
0.061000000685453415,0.12200000137090683,-1.5240000486373901,1776886802.393
-0.12200000137090683,0.24400000274181366,-1.5240000486373901,1776886802.419
-0.12200000137090683,0.18299999833106995,-1.5240000486373901,1776886802.433
3.5369999408721924,-2.805000066757202,-0.061000000685453415,1776886802.879
10.0,-5.060999870300293,-0.6710000038146973,1776886802.895
11.097999572753906,2.865999937057495,4.75600004196167,1776886802.913
8.170999526977539,9.755999565124512,13.720000267028809,1776886802.933
13.048999786376953,3.4760000705718994,3.7200000286102295,1776886802.96
60.731998443603516,-31.52400016784668,-12.255999565124512,1776886803.377
30.0,48.720001220703125,6.645999908447266,1776886803.393
-12.560999870300293,-5.24399995803833,49.145999908447266,1776886803.419
-10.121999740600586,-5.671000003814697,22.43899917602539,1776886803.433
9.390000343322754,-3.9630000591278076,-9.085000038146973,1776886803.459
-5.24399995803833,-8.840999603271484,20.915000915527344,1776886803.873
3.1710000038146973,-4.389999866485596,12.866000175476074,1776886803.894
7.560999870300293,16.03700065612793,15.670999526977539,1776886803.92
-0.7319999933242798,1.0980000495910645,20.73200035095215,1776886803.943
0.7929999828338623,8.170999526977539,21.280000686645508,1776886803.955
10.914999961853027,15.182999610900879,33.47600173950195,1776886804.373
-15.548999786376953,-5.97599983215332,19.511999130249023,1776886804.399
1.2799999713897705,-4.328999996185303,19.145999908447266,1776886804.413
10.548999786376953,3.7200000286102295,30.121999740600586,1776886804.439
-8.779999732971191,3.3540000915527344,32.31700134277344,1776886804.453
1.2200000286102295,0.4880000054836273,14.755999565124512,1776886804.88
-3.2929999828338623,-1.5850000381469727,29.93899917602539,1776886804.896
8.354000091552734,3.4760000705718994,23.415000915527344,1776886804.921
-2.072999954223633,3.1710000038146973,30.97599983215332,1776886804.934
-2.683000087738037,-5.0,17.316999435424805,1776886804.961
-13.963000297546387,-7.439000129699707,29.511999130249023,1776886805.38
11.706999778747559,4.451000213623047,29.878000259399414,1776886805.393
7.866000175476074,10.609999656677246,43.11000061035156,1776886805.424
-5.366000175476074,-0.3050000071525574,19.93899917602539,1776886805.436
13.720000267028809,6.951000213623047,39.573001861572266,1776886805.462
4.451000213623047,1.6460000276565552,40.12200164794922,1776886805.873
-0.6710000038146973,1.159000039100647,20.30500030517578,1776886805.901
0.3659999966621399,-7.316999912261963,43.902000427246094,1776886805.913
2.561000108718872,9.694999694824219,28.23200035095215,1776886805.941
-10.305000305175781,2.072999954223633,43.17100143432617,1776886805.953
1.7680000066757202,-0.6100000143051147,20.792999267578125,1776886806.373
7.5,6.4629998207092285,26.340999603271484,1776886806.393
-8.963000297546387,-6.4019999504089355,11.340999603271484,1776886806.419
0.4880000054836273,-2.134000062942505,11.585000038146973,1776886806.433
5.48799991607666,1.4630000591278076,19.207000732421875,1776886806.461
-8.902000427246094,-14.51200008392334,18.292999267578125,1776886806.879
2.98799991607666,1.9509999752044678,6.645999908447266,1776886806.895
3.5980000495910645,11.52400016784668,8.963000297546387,1776886806.913
-3.3540000915527344,1.9509999752044678,3.4760000705718994,1776886806.94
-0.7319999933242798,-5.48799991607666,5.97599983215332,1776886806.953
-1.2799999713897705,11.829000473022461,27.316999435424805,1776886807.873
-3.109999895095825,1.0369999408721924,14.633999824523926,1776886807.899
0.18299999833106995,2.5,15.97599983215332,1776886807.913
2.74399995803833,1.4630000591278076,25.97599983215332,1776886807.939
-0.7929999828338623,0.0,22.865999221801758,1776886807.953
-5.0,-2.134000062942505,20.30500030517578,1776886808.373
3.7799999713897705,6.76800012588501,29.634000778198242,1776886808.4
-8.354000091552734,-0.18299999833106995,32.19499969482422,1776886808.415
-2.683000087738037,-5.73199987411499,22.988000869750977,1776886808.442
4.26800012588501,8.902000427246094,29.756000518798828,1776886808.453
4.145999908447266,5.366000175476074,-0.4880000054836273,1776886809.401
-1.0980000495910645,4.328999996185303,-2.438999891281128,1776886809.413
3.7200000286102295,2.5,-4.633999824523926,1776886809.443
7.072999954223633,-0.9150000214576721,-3.0490000247955322,1776886809.457
1.5850000381469727,-0.3659999966621399,-3.9630000591278076,1776886809.473
-0.3659999966621399,-3.4149999618530273,-9.878000259399414,1776886809.893
1.0369999408721924,-2.194999933242798,-5.610000133514404,1776886809.921
0.0,1.0369999408721924,-7.01200008392334,1776886809.935
-2.194999933242798,3.4149999618530273,-9.878000259399414,1776886809.961
1.2200000286102295,4.328999996185303,-6.28000020980835,1776886809.973
95.97599792480469,-50.487998962402344,-36.707000732421875,1776886810.399
95.97599792480469,-50.487998962402344,-36.707000732421875,1776886810.415
64.81700134277344,-2.072999954223633,-4.939000129699707,1776886810.441
46.220001220703125,6.951000213623047,-15.914999961853027,1776886810.453
37.74399948120117,-6.158999919891357,-14.085000038146973,1776886810.481
4.695000171661377,-54.084999084472656,78.77999877929688,1776886810.899
73.72000122070312,-6.585000038146973,86.4020004272461,1776886810.913
55.30500030517578,80.18299865722656,76.03700256347656,1776886810.939
31.097999572753906,38.415000915527344,50.36600112915039,1776886810.953
13.232000350952148,37.926998138427734,63.720001220703125,1776886810.979
5.914999961853027,15.854000091552734,-2.194999933242798,1776886811.902
-6.706999778747559,-17.743999481201172,5.854000091552734,1776886811.913
-18.17099952697754,5.97599983215332,-21.159000396728516,1776886811.94
16.889999389648438,8.232000350952148,-1.4019999504089355,1776886811.953
14.02400016784668,10.670999526977539,-3.8410000801086426,1776886811.979
-0.24400000274181366,0.12200000137090683,-1.340999960899353,1776886812.394
-0.24400000274181366,0.12200000137090683,-1.340999960899353,1776886812.42
-0.24400000274181366,0.12200000137090683,-1.340999960899353,1776886812.433
1.2200000286102295,0.9150000214576721,-0.4269999861717224,1776886812.46
0.6100000143051147,0.12200000137090683,-2.683000087738037,1776886812.474
13.536999702453613,7.560999870300293,-7.927000045776367,1776886812.899
13.414999961853027,11.463000297546387,-6.889999866485596,1776886812.913
13.354000091552734,10.914999961853027,-11.279999732971191,1776886812.939
13.354000091552734,10.914999961853027,-11.279999732971191,1776886812.954
13.354000091552734,10.914999961853027,-11.279999732971191,1776886812.98
-14.572999954223633,-21.280000686645508,-43.720001220703125,1776886813.893
-25.06100082397461,-36.645999908447266,-53.597999572753906,1776886813.919
-21.340999603271484,-36.88999938964844,-66.95099639892578,1776886813.934
-10.732000350952148,-5.854000091552734,-40.97600173950195,1776886813.96
-10.732000350952148,-5.854000091552734,-40.97600173950195,1776886813.973
-0.7319999933242798,0.061000000685453415,-0.7319999933242798,1776886814.42
0.0,0.7319999933242798,-2.316999912261963,1776886814.433
-0.24400000274181366,0.0,-1.159000039100647,1776886814.453
0.12200000137090683,0.3050000071525574,-1.8289999961853027,1776886814.479
0.061000000685453415,0.3659999966621399,-1.4630000591278076,1776886814.494
22.621999740600586,-3.7200000286102295,-24.878000259399414,1776886815.413
-47.012001037597656,-27.80500030517578,-70.30500030517578,1776886815.439
-101.95099639892578,-62.012001037597656,-111.76799774169922,1776886815.462
-88.84100341796875,-90.54900360107422,-192.072998046875,1776886815.473
-64.93900299072266,-59.268001556396484,-197.31700134277344,1776886815.5
-147.25599670410156,169.75599670410156,-107.01200103759766,1776886815.913
-59.81700134277344,177.13400268554688,-32.68299865722656,1776886815.939
-46.097999572753906,178.0489959716797,-20.30500030517578,1776886815.953
-9.817000389099121,153.59800720214844,-34.32899856567383,1776886815.982
15.548999786376953,132.80499267578125,-36.768001556396484,1776886816.001
2.072999954223633,189.32899475097656,-35.97600173950195,1776886816.42
101.46299743652344,119.45099639892578,-27.927000045776367,1776886816.434
34.87799835205078,128.29299926757812,-13.109999656677246,1776886816.46
4.085000038146973,107.37799835205078,-17.072999954223633,1776886816.474
-0.5490000247955322,65.48799896240234,-14.451000213623047,1776886816.499
1.340999960899353,-23.23200035095215,2.621999979019165,1776886816.92
0.4880000054836273,-44.81700134277344,6.341000080108643,1776886816.933
0.061000000685453415,-80.91500091552734,12.927000045776367,1776886816.959
6.585000038146973,-47.62200164794922,7.01200008392334,1776886816.977
-4.633999824523926,-3.9019999504089355,-0.4269999861717224,1776886816.994
-0.24400000274181366,0.4880000054836273,-1.4630000591278076,1776886817.42
0.12200000137090683,0.18299999833106995,-1.4630000591278076,1776886817.433
0.0,0.24400000274181366,-1.4630000591278076,1776886817.46
0.0,0.18299999833106995,-1.4630000591278076,1776886817.473
-0.061000000685453415,0.24400000274181366,-1.5240000486373901,1776886817.494
-0.061000000685453415,0.24400000274181366,-1.5240000486373901,1776886817.913
-0.12200000137090683,0.18299999833106995,-1.4630000591278076,1776886817.939
0.0,0.24400000274181366,-1.5240000486373901,1776886817.953
-0.061000000685453415,0.3050000071525574,-1.340999960899353,1776886817.979
0.0,0.24400000274181366,-1.4019999504089355,1776886817.993
0.0,0.24400000274181366,-17.072999954223633,1776886818.933
0.0,0.18299999833106995,-1.4019999504089355,1776886818.96
0.0,0.12200000137090683,-1.340999960899353,1776886818.975
-0.061000000685453415,0.12200000137090683,-1.4019999504089355,1776886819.0
0.0,0.18299999833106995,-1.4630000591278076,1776886819.013
0.061000000685453415,0.18299999833106995,-1.4630000591278076,1776886819.433
0.0,0.18299999833106995,-1.4630000591278076,1776886819.459
-0.061000000685453415,0.18299999833106995,-1.4019999504089355,1776886819.474
-0.061000000685453415,0.3050000071525574,-1.5240000486373901,1776886819.502
0.061000000685453415,0.18299999833106995,-1.4630000591278076,1776886819.513
-14.02400016784668,73.9020004272461,4.633999824523926,1776886820.433
-1.0980000495910645,36.95100021362305,94.572998046875,1776886820.462
-43.9630012512207,9.451000213623047,124.572998046875,1776886820.474
-36.159000396728516,64.20700073242188,44.69499969482422,1776886820.5
-0.6710000038146973,27.865999221801758,-38.354000091552734,1776886820.514
11.890000343322754,147.98800659179688,2.561000108718872,1776886820.94
9.572999954223633,153.17100524902344,2.25600004196167,1776886820.954
10.0,164.75599670410156,-2.927000045776367,1776886820.98
10.97599983215332,185.427001953125,-9.206999778747559,1776886820.994
6.28000020980835,185.85400390625,-9.085000038146973,1776886821.02
-0.12200000137090683,0.3659999966621399,-1.4630000591278076,1776886821.939
0.0,0.4880000054836273,-1.4019999504089355,1776886821.953
-0.061000000685453415,0.0,-1.4630000591278076,1776886821.982
0.0,-0.061000000685453415,-1.7070000171661377,1776886821.999
0.0,0.4269999861717224,-1.340999960899353,1776886822.015
0.12200000137090683,0.12200000137090683,-2.865999937057495,1776886822.434
-0.8539999723434448,0.12200000137090683,-1.5240000486373901,1776886822.462
0.24400000274181366,0.3659999966621399,-2.25600004196167,1776886822.474
-0.3050000071525574,-0.24400000274181366,-2.98799991607666,1776886822.499
1.7070000171661377,0.9150000214576721,-5.060999870300293,1776886822.514
-2.01200008392334,2.438999891281128,-15.670999526977539,1776886822.934
-12.560999870300293,7.683000087738037,-22.988000869750977,1776886822.963
4.939000129699707,-1.5240000486373901,-27.743999481201172,1776886822.976
-5.854000091552734,-0.061000000685453415,-12.072999954223633,1776886823.002
-0.4880000054836273,7.25600004196167,-22.988000869750977,1776886823.014
-5.793000221252441,-4.816999912261963,-42.80500030517578,1776886823.44
-12.01200008392334,3.4760000705718994,-62.62200164794922,1776886823.456
2.438999891281128,0.3050000071525574,-27.80500030517578,1776886823.482
-7.439000129699707,-2.25600004196167,-71.0979995727539,1776886823.494
2.01200008392334,-5.366000175476074,-19.511999130249023,1776886823.519
-2.438999891281128,-4.51200008392334,-76.64600372314453,1776886823.954
8.170999526977539,-6.21999979019165,-18.110000610351562,1776886823.982
-9.329000473022461,0.24400000274181366,-34.02399826049805,1776886823.994
-10.427000045776367,8.536999702453613,-29.451000213623047,1776886824.02
12.255999565124512,-1.2799999713897705,-15.305000305175781,1776886824.034
-0.061000000685453415,0.24400000274181366,-1.4019999504089355,1776886824.441
-0.12200000137090683,0.12200000137090683,-1.7070000171661377,1776886824.454
-0.12200000137090683,0.061000000685453415,-1.2799999713897705,1776886824.479
0.061000000685453415,0.24400000274181366,-1.5850000381469727,1776886824.497
0.061000000685453415,0.24400000274181366,-1.2799999713897705,1776886824.514
-3.3540000915527344,4.939000129699707,-2.378000020980835,1776886824.954
-2.865999937057495,-3.8410000801086426,-1.0369999408721924,1776886824.98
1.4630000591278076,-0.6100000143051147,0.9150000214576721,1776886824.994
6.76800012588501,1.7680000066757202,-1.0980000495910645,1776886825.014
-2.805000066757202,-2.316999912261963,-5.854000091552734,1776886825.04
-0.4880000054836273,-1.5850000381469727,0.5490000247955322,1776886825.461
4.51200008392334,-1.0980000495910645,-1.5240000486373901,1776886825.474
1.2200000286102295,1.5850000381469727,-4.206999778747559,1776886825.494
-1.340999960899353,1.7680000066757202,-1.7070000171661377,1776886825.52
-0.3659999966621399,-3.109999895095825,-3.5369999408721924,1776886825.536
0.18299999833106995,-7.195000171661377,-4.633999824523926,1776886825.954
-3.2929999828338623,10.0,-4.816999912261963,1776886825.98
-0.6100000143051147,4.451000213623047,-4.633999824523926,1776886825.994
1.0369999408721924,12.01200008392334,-1.5850000381469727,1776886826.021
-2.194999933242798,-9.694999694824219,-3.3540000915527344,1776886826.034
5.548999786376953,2.194999933242798,-9.02400016784668,1776886826.46
-3.9630000591278076,-4.939000129699707,-23.354000091552734,1776886826.474
-19.93899917602539,-12.439000129699707,-16.340999603271484,1776886826.497
9.206999778747559,6.889999866485596,-21.584999084472656,1776886826.514
1.4630000591278076,-7.622000217437744,-4.75600004196167,1776886826.541
1.4019999504089355,0.6100000143051147,-1.8899999856948853,1776886826.96
-0.12200000137090683,-0.18299999833106995,-1.5850000381469727,1776886826.975
2.072999954223633,1.0980000495910645,-5.854000091552734,1776886827.001
-0.4269999861717224,0.24400000274181366,-11.402000427246094,1776886827.014
0.4880000054836273,0.7929999828338623,-9.02400016784668,1776886827.04
-0.4880000054836273,3.7200000286102295,-22.256000518798828,1776886827.456
4.572999954223633,-12.255999565124512,-38.659000396728516,1776886827.482
-2.865999937057495,0.8539999723434448,-33.47600173950195,1776886827.494
-7.195000171661377,6.4019999504089355,-45.18299865722656,1776886827.52
-0.18299999833106995,-1.0369999408721924,-54.69499969482422,1776886827.535
-11.279999732971191,-6.341000080108643,-47.74399948120117,1776886827.954
-11.279999732971191,-6.341000080108643,-47.74399948120117,1776886827.98
-21.645999908447266,7.866000175476074,-61.097999572753906,1776886827.994
11.890000343322754,-0.24400000274181366,-43.659000396728516,1776886828.018
-0.6100000143051147,-9.633999824523926,-68.11000061035156,1776886828.034
0.24400000274181366,-0.24400000274181366,-2.805000066757202,1776886828.463
0.061000000685453415,0.4880000054836273,-1.5850000381469727,1776886828.474
0.24400000274181366,0.061000000685453415,-0.5490000247955322,1776886828.501
-0.4880000054836273,0.061000000685453415,-2.072999954223633,1776886828.514
0.061000000685453415,0.24400000274181366,-1.2200000286102295,1776886828.534
-4.877999782562256,-9.145999908447266,-4.877999782562256,1776886828.961
-4.877999782562256,-9.145999908447266,-4.877999782562256,1776886828.979
-4.877999782562256,-9.145999908447266,-4.877999782562256,1776886828.994
-1.340999960899353,3.6589999198913574,-2.74399995803833,1776886829.021
2.316999912261963,-5.610000133514404,-7.866000175476074,1776886829.034
-1.5850000381469727,2.378000020980835,0.0,1776886829.46
-1.6460000276565552,10.793000221252441,2.01200008392334,1776886829.474
-2.805000066757202,0.0,0.7319999933242798,1776886829.499
-2.378000020980835,0.12200000137090683,-4.633999824523926,1776886829.514
0.3659999966621399,-4.389999866485596,-3.7200000286102295,1776886829.54
4.145999908447266,-1.7680000066757202,-1.7680000066757202,1776886829.954
-0.12200000137090683,-9.939000129699707,-0.24400000274181366,1776886829.982
-0.12200000137090683,-9.939000129699707,-0.24400000274181366,1776886829.994
-0.12200000137090683,-9.939000129699707,-0.24400000274181366,1776886830.02
-2.134000062942505,3.5980000495910645,-4.328999996185303,1776886830.035
1.2200000286102295,2.316999912261963,-10.670999526977539,1776886830.474
3.0490000247955322,1.340999960899353,-12.927000045776367,1776886830.499
-4.572999954223633,-1.9509999752044678,-16.402000427246094,1776886830.514
2.865999937057495,-9.51200008392334,-16.951000213623047,1776886830.542
3.9630000591278076,5.671000003814697,-13.779999732971191,1776886830.554
3.0490000247955322,8.779999732971191,-23.354000091552734,1776886830.98
3.0490000247955322,8.779999732971191,-23.354000091552734,1776886830.995
3.0490000247955322,8.779999732971191,-23.354000091552734,1776886831.022
4.939000129699707,6.28000020980835,-17.56100082397461,1776886831.034
2.25600004196167,4.206999778747559,-39.207000732421875,1776886831.059
6.21999979019165,2.072999954223633,-5.366000175476074,1776886831.474
0.18299999833106995,-10.670999526977539,-13.659000396728516,1776886831.501
-5.122000217437744,-0.7929999828338623,-10.244000434875488,1776886831.514
0.4269999861717224,-6.828999996185303,-7.439000129699707,1776886831.54
0.4880000054836273,4.51200008392334,0.8539999723434448,1776886831.554
-3.2320001125335693,-0.061000000685453415,-0.24400000274181366,1776886831.98
-3.2320001125335693,-0.061000000685453415,-0.24400000274181366,1776886831.994
-3.2320001125335693,-0.061000000685453415,-0.24400000274181366,1776886832.02
0.9150000214576721,6.0370001792907715,3.8410000801086426,1776886832.034
3.2320001125335693,-1.0369999408721924,-2.805000066757202,1776886832.06
-1.2200000286102295,-0.4269999861717224,2.438999891281128,1776886832.481
2.316999912261963,-0.18299999833106995,1.0980000495910645,1776886832.497
-0.3050000071525574,-0.24400000274181366,1.8899999856948853,1776886832.514
-3.9019999504089355,-0.5490000247955322,1.4019999504089355,1776886832.541
-1.159000039100647,0.4269999861717224,2.74399995803833,1776886832.554
2.74399995803833,-5.854000091552734,21.280000686645508,1776886832.979
19.26799964904785,10.548999786376953,28.780000686645508,1776886832.994
19.26799964904785,10.548999786376953,28.780000686645508,1776886833.021
19.26799964904785,10.548999786376953,28.780000686645508,1776886833.034
4.26800012588501,-1.8289999961853027,48.231998443603516,1776886833.06
-6.0980000495910645,0.8539999723434448,4.816999912261963,1776886833.482
3.7200000286102295,1.0369999408721924,32.43899917602539,1776886833.495
1.4019999504089355,-4.26800012588501,36.95100021362305,1776886833.521
-2.5,2.25600004196167,25.548999786376953,1776886833.535
0.061000000685453415,-3.5980000495910645,53.415000915527344,1776886833.561
0.12200000137090683,0.3050000071525574,-2.25600004196167,1776886833.974
-0.24400000274181366,-0.061000000685453415,-1.6460000276565552,1776886834.0
-0.24400000274181366,-0.061000000685453415,-1.6460000276565552,1776886834.014
-0.24400000274181366,-0.061000000685453415,-1.6460000276565552,1776886834.043
0.3659999966621399,0.061000000685453415,-0.6710000038146973,1776886834.054
5.183000087738037,-2.74399995803833,0.3050000071525574,1776886834.5
0.8539999723434448,5.610000133514404,0.061000000685453415,1776886834.514
-1.8899999856948853,5.060999870300293,7.74399995803833,1776886834.534
-3.109999895095825,8.779999732971191,15.548999786376953,1776886834.56
-4.633999824523926,6.0980000495910645,12.621999740600586,1776886834.575
4.877999782562256,0.4880000054836273,18.17099952697754,1776886834.995
4.877999782562256,0.4880000054836273,18.17099952697754,1776886835.021
-2.378000020980835,-7.133999824523926,9.51200008392334,1776886835.034
3.9019999504089355,-12.317000389099121,18.719999313354492,1776886835.06
-0.8539999723434448,4.75600004196167,15.609999656677246,1776886835.074
-8.963000297546387,3.7200000286102295,22.011999130249023,1776886835.474
-9.085000038146973,-4.451000213623047,22.683000564575195,1776886835.502
4.389999866485596,-1.340999960899353,23.048999786376953,1776886835.514
-6.951000213623047,9.145999908447266,34.69499969482422,1776886835.541
-6.951000213623047,9.145999908447266,34.69499969482422,1776886835.554
3.7200000286102295,4.206999778747559,31.402000427246094,1776886835.975
7.01200008392334,1.9509999752044678,18.048999786376953,1776886836.001
-2.5,-1.159000039100647,38.5369987487793,1776886836.015
2.865999937057495,-2.927000045776367,21.889999389648438,1776886836.042
4.75600004196167,-2.378000020980835,33.720001220703125,1776886836.055
-23.354000091552734,-0.18299999833106995,29.878000259399414,1776886836.5
16.584999084472656,7.01200008392334,30.97599983215332,1776886836.518
-8.963000297546387,-4.51200008392334,31.584999084472656,1776886836.534
-8.963000297546387,-4.51200008392334,31.584999084472656,1776886836.56
-8.963000297546387,-4.51200008392334,31.584999084472656,1776886836.576
-0.12200000137090683,-0.4269999861717224,27.743999481201172,1776886836.995
7.377999782562256,-7.316999912261963,27.316999435424805,1776886837.022
-13.293000221252441,-0.9150000214576721,31.340999603271484,1776886837.034
3.3540000915527344,-0.6100000143051147,19.389999389648438,1776886837.06
7.804999828338623,5.0,38.17100143432617,1776886837.074
1.4630000591278076,9.939000129699707,28.780000686645508,1776886837.494
-15.182999610900879,-17.256000518798828,34.38999938964844,1776886837.521
-1.4630000591278076,2.5,33.659000396728516,1776886837.539
-1.4630000591278076,2.5,33.659000396728516,1776886837.555
-1.4630000591278076,2.5,33.659000396728516,1776886837.581
-14.51200008392334,-7.683000087738037,44.573001861572266,1776886838.004
8.840999603271484,3.5369999408721924,23.840999603271484,1776886838.017
-3.5980000495910645,-0.4269999861717224,26.52400016784668,1776886838.035
-8.170999526977539,-5.060999870300293,43.11000061035156,1776886838.054
5.671000003814697,5.48799991607666,16.645999908447266,1776886838.08
-8.902000427246094,3.9019999504089355,35.426998138427734,1776886838.495
-17.43899917602539,-9.51200008392334,24.634000778198242,1776886838.521
15.48799991607666,5.24399995803833,47.987998962402344,1776886838.534
-5.73199987411499,5.548999786376953,26.645999908447266,1776886838.56
-17.80500030517578,-9.390000343322754,31.645999908447266,1776886838.577
3.2320001125335693,0.6710000038146973,22.865999221801758,1776886838.996
17.43899917602539,0.9760000109672546,33.11000061035156,1776886839.022
-21.76799964904785,-10.060999870300293,32.74399948120117,1776886839.034
6.0370001792907715,4.695000171661377,18.110000610351562,1776886839.06
12.5,10.060999870300293,39.38999938964844,1776886839.075
6.828999996185303,8.779999732971191,24.26799964904785,1776886839.502
-13.048999786376953,-4.389999866485596,40.18299865722656,1776886839.514
4.877999782562256,-7.622000217437744,27.256000518798828,1776886839.54
4.695000171661377,4.816999912261963,32.86600112915039,1776886839.555
-10.914999961853027,-5.548999786376953,25.73200035095215,1776886839.582
-6.76800012588501,-8.536999702453613,29.207000732421875,1776886840.0
1.340999960899353,8.963000297546387,22.316999435424805,1776886840.018
-0.061000000685453415,-2.378000020980835,12.194999694824219,1776886840.051
-6.645999908447266,-5.48799991607666,55.854000091552734,1776886840.073
-6.0980000495910645,10.060999870300293,29.26799964904785,1776886840.083
-1.7680000066757202,-0.6710000038146973,1.159000039100647,1776886840.496
0.9150000214576721,0.5490000247955322,-8.354000091552734,1776886840.521
-0.4880000054836273,-3.0490000247955322,-1.4630000591278076,1776886840.534
0.6710000038146973,-2.25600004196167,1.2799999713897705,1776886840.56
-2.927000045776367,1.0980000495910645,-4.328999996185303,1776886840.576
0.12200000137090683,0.12200000137090683,-1.4630000591278076,1776886840.994
0.061000000685453415,0.18299999833106995,-1.4630000591278076,1776886841.02
-0.12200000137090683,0.24400000274181366,-1.4019999504089355,1776886841.034
-0.061000000685453415,0.3050000071525574,-1.4630000591278076,1776886841.061
0.0,0.12200000137090683,-1.5240000486373901,1776886841.074
0.4880000054836273,0.0,2.98799991607666,1776886841.501
0.4880000054836273,0.3050000071525574,1.0980000495910645,1776886841.522
-1.4630000591278076,-0.061000000685453415,2.316999912261963,1776886841.536
0.12200000137090683,-0.18299999833106995,-2.01200008392334,1776886841.562
0.6710000038146973,-0.18299999833106995,-0.3659999966621399,1776886841.574
-2.134000062942505,0.4269999861717224,6.889999866485596,1776886842.0
3.5369999408721924,0.6100000143051147,3.3540000915527344,1776886842.015
4.206999778747559,1.8899999856948853,11.340999603271484,1776886842.041
-3.9630000591278076,-2.74399995803833,11.402000427246094,1776886842.055
6.341000080108643,5.793000221252441,15.121999740600586,1776886842.081
11.159000396728516,1.6460000276565552,26.645999908447266,1776886842.515
18.902000427246094,15.670999526977539,29.32900047302246,1776886842.544
-24.572999954223633,-5.854000091552734,28.597999572753906,1776886842.554
13.597999572753906,0.4880000054836273,21.280000686645508,1776886842.58
18.902000427246094,10.670999526977539,31.280000686645508,1776886842.594
-0.6100000143051147,0.4880000054836273,-3.3540000915527344,1776886843.014
-0.12200000137090683,0.24400000274181366,-0.7319999933242798,1776886843.04
0.3050000071525574,0.6710000038146973,0.24400000274181366,1776886843.057
-0.3050000071525574,0.061000000685453415,-2.621999979019165,1776886843.074
0.061000000685453415,0.24400000274181366,-0.7319999933242798,1776886843.101
-1.4630000591278076,-2.865999937057495,-2.683000087738037,1776886843.52
6.4019999504089355,0.9760000109672546,-14.51200008392334,1776886843.538
7.560999870300293,-4.206999778747559,-7.133999824523926,1776886843.554
-7.072999954223633,1.6460000276565552,5.97599983215332,1776886843.58
6.585000038146973,5.060999870300293,1.0369999408721924,1776886843.594
-3.2929999828338623,-3.8410000801086426,-3.5369999408721924,1776886844.021
-0.24400000274181366,-5.854000091552734,-3.1710000038146973,1776886844.034
6.0370001792907715,4.145999908447266,0.4880000054836273,1776886844.062
2.134000062942505,9.878000259399414,-1.0980000495910645,1776886844.075
2.25600004196167,3.0490000247955322,-1.8899999856948853,1776886844.101
-0.4880000054836273,-6.645999908447266,-3.2320001125335693,1776886844.514
-5.122000217437744,3.4149999618530273,-2.01200008392334,1776886844.534
4.633999824523926,0.4269999861717224,-5.0,1776886844.561
-8.354000091552734,1.7680000066757202,-2.74399995803833,1776886844.576
0.4269999861717224,-2.74399995803833,-1.4019999504089355,1776886844.602
0.0,0.18299999833106995,-1.7070000171661377,1776886845.034
-0.12200000137090683,0.18299999833106995,-1.2799999713897705,1776886845.06
-0.061000000685453415,0.24400000274181366,-1.4630000591278076,1776886845.074
0.0,0.12200000137090683,-1.6460000276565552,1776886845.103
0.12200000137090683,0.18299999833106995,-1.4019999504089355,1776886845.114
-0.3050000071525574,-1.5850000381469727,-2.5,1776886845.514
1.159000039100647,1.5240000486373901,13.720000267028809,1776886845.54
-1.340999960899353,-1.2200000286102295,-5.671000003814697,1776886845.554
1.6460000276565552,0.7319999933242798,-3.2320001125335693,1776886845.581
-0.8539999723434448,-4.75600004196167,6.706999778747559,1776886845.594
0.4880000054836273,-5.122000217437744,-5.0,1776886846.016
-2.74399995803833,-3.0490000247955322,0.4880000054836273,1776886846.036
0.3050000071525574,17.011999130249023,-1.7070000171661377,1776886846.062
3.0490000247955322,1.4019999504089355,-1.7680000066757202,1776886846.079
-4.02400016784668,-3.9630000591278076,-1.8899999856948853,1776886846.096
1.7070000171661377,2.134000062942505,0.3050000071525574,1776886846.534
-3.2320001125335693,1.0980000495910645,-0.8539999723434448,1776886846.56
0.5490000247955322,-0.24400000274181366,-5.427000045776367,1776886846.577
0.9150000214576721,-0.8539999723434448,-0.12200000137090683,1776886846.602
4.389999866485596,0.3050000071525574,-0.3050000071525574,1776886846.614
-1.8899999856948853,-0.12200000137090683,-11.706999778747559,1776886847.034
1.159000039100647,4.75600004196167,-13.170999526977539,1776886847.061
-1.9509999752044678,-0.5490000247955322,-8.47599983215332,1776886847.074
-0.3050000071525574,-0.12200000137090683,-14.694999694824219,1776886847.1
0.5490000247955322,-0.4880000054836273,-15.914999961853027,1776886847.114
-4.633999824523926,5.793000221252441,-26.159000396728516,1776886847.54
3.4760000705718994,-6.0370001792907715,-51.279998779296875,1776886847.554
-3.7200000286102295,0.3659999966621399,-27.683000564575195,1776886847.581
-6.951000213623047,2.74399995803833,-46.220001220703125,1776886847.602
6.21999979019165,-5.854000091552734,-55.12200164794922,1776886847.615
-1.5850000381469727,1.0369999408721924,3.0490000247955322,1776886848.034
0.9760000109672546,-1.2799999713897705,-2.194999933242798,1776886848.055
0.12200000137090683,0.7929999828338623,-0.3659999966621399,1776886848.08
0.18299999833106995,0.9760000109672546,-1.5240000486373901,1776886848.096
-0.3050000071525574,-0.3050000071525574,-2.683000087738037,1776886848.122
-0.061000000685453415,0.18299999833106995,-1.4630000591278076,1776886848.541
-0.061000000685453415,0.24400000274181366,-1.5240000486373901,1776886848.554
0.0,0.18299999833106995,-1.4019999504089355,1776886848.581
0.061000000685453415,0.12200000137090683,-1.4630000591278076,1776886848.594
0.0,0.24400000274181366,-1.340999960899353,1776886848.623
-0.061000000685453415,-0.3050000071525574,-1.8289999961853027,1776886849.04
-0.12200000137090683,0.7319999933242798,-3.2929999828338623,1776886849.058
-15.305000305175781,-0.061000000685453415,-1.4019999504089355,1776886849.074
-0.18299999833106995,0.24400000274181366,-2.561000108718872,1776886849.101
0.061000000685453415,0.3050000071525574,-0.3659999966621399,1776886849.114
0.0,0.061000000685453415,-1.5850000381469727,1776886849.536
-0.12200000137090683,0.3050000071525574,-1.159000039100647,1776886849.561
0.0,0.061000000685453415,-1.7070000171661377,1776886849.574
0.0,0.12200000137090683,-1.340999960899353,1776886849.6
-0.061000000685453415,0.18299999833106995,-1.5240000486373901,1776886849.617
0.0,0.24400000274181366,-1.340999960899353,1776886850.034
0.061000000685453415,0.4269999861717224,-1.2200000286102295,1776886850.06
0.3659999966621399,0.4880000054836273,0.18299999833106995,1776886850.075
-0.3659999966621399,0.3050000071525574,-1.159000039100647,1776886850.099
0.18299999833106995,-0.24400000274181366,-1.7070000171661377,1776886850.114
9.694999694824219,1.7070000171661377,-8.170999526977539,1776886850.541
2.01200008392334,-4.695000171661377,8.414999961853027,1776886850.554
2.378000020980835,-2.194999933242798,6.0370001792907715,1776886850.58
-1.2200000286102295,1.4019999504089355,-5.73199987411499,1776886850.594
-3.109999895095825,-1.2799999713897705,-12.621999740600586,1776886850.614
0.0,-0.24400000274181366,-1.5240000486373901,1776886851.055
0.061000000685453415,-0.4269999861717224,-1.6460000276565552,1776886851.081
0.0,0.7319999933242798,-1.2200000286102295,1776886851.094
0.061000000685453415,0.18299999833106995,-1.5850000381469727,1776886851.121
0.0,-0.12200000137090683,-1.7070000171661377,1776886851.137
0.0,0.24400000274181366,-1.4630000591278076,1776886851.536
-0.061000000685453415,0.18299999833106995,-17.072999954223633,1776886851.562
0.12200000137090683,0.12200000137090683,-1.0980000495910645,1776886851.574
-0.3659999966621399,0.18299999833106995,-1.8289999961853027,1776886851.6
0.3050000071525574,0.18299999833106995,-1.159000039100647,1776886851.615
-0.8539999723434448,-1.8289999961853027,6.4629998207092285,1776886852.04
-1.8899999856948853,-0.18299999833106995,-6.21999979019165,1776886852.054
-0.3050000071525574,1.2200000286102295,-6.4629998207092285,1776886852.086
-0.061000000685453415,-0.8539999723434448,1.5850000381469727,1776886852.103
0.8539999723434448,-0.7319999933242798,-0.8539999723434448,1776886852.114
0.0,0.061000000685453415,-1.4019999504089355,1776886852.534
-0.061000000685453415,0.24400000274181366,-1.4630000591278076,1776886852.561
0.0,0.24400000274181366,-1.4019999504089355,1776886852.576
0.0,0.12200000137090683,-1.2799999713897705,1776886852.602
0.0,0.24400000274181366,-1.4019999504089355,1776886852.614
3.7799999713897705,-2.683000087738037,-9.633999824523926,1776886853.062
-0.4269999861717224,-1.5240000486373901,-7.316999912261963,1776886853.074
1.159000039100647,1.4630000591278076,-3.7200000286102295,1776886853.108
1.0980000495910645,0.4880000054836273,-0.4269999861717224,1776886853.122
2.316999912261963,2.194999933242798,-16.645999908447266,1776886853.136
39.75600051879883,7.866000175476074,-0.6100000143051147,1776886853.554
18.840999603271484,11.402000427246094,13.048999786376953,1776886853.581
1.9509999752044678,14.02400016784668,4.572999954223633,1776886853.594
-4.085000038146973,1.2200000286102295,5.914999961853027,1776886853.62
-3.5980000495910645,-1.6460000276565552,5.24399995803833,1776886853.634
4.816999912261963,2.316999912261963,1.6460000276565552,1776886854.054
-7.439000129699707,-6.706999778747559,8.47599983215332,1776886854.081
-9.02400016784668,-8.414999961853027,-0.4880000054836273,1776886854.098
-7.5,-11.036999702453613,-12.317000389099121,1776886854.114
-6.0980000495910645,-2.561000108718872,-6.889999866485596,1776886854.14
0.7319999933242798,1.0980000495910645,-0.9150000214576721,1776886854.56
1.4630000591278076,1.6460000276565552,-0.8539999723434448,1776886854.577
1.159000039100647,1.2200000286102295,-1.2799999713897705,1776886854.603
-15.182999610900879,0.3659999966621399,-1.4630000591278076,1776886854.614
-0.7929999828338623,-0.4880000054836273,-1.8899999856948853,1776886854.641
6.158999919891357,9.878000259399414,-4.633999824523926,1776886855.06
9.817000389099121,6.706999778747559,-6.341000080108643,1776886855.074
8.109999656677246,7.622000217437744,-0.3050000071525574,1776886855.101
3.1710000038146973,4.451000213623047,-0.3659999966621399,1776886855.114
-1.0369999408721924,-2.5,-6.76800012588501,1776886855.14
-1.340999960899353,2.5,-1.2200000286102295,1776886855.562
2.072999954223633,1.8289999961853027,-1.4630000591278076,1776886855.574
0.6100000143051147,5.97599983215332,-2.5,1776886855.6
-0.8539999723434448,0.061000000685453415,-2.98799991607666,1776886855.616
-0.12200000137090683,-2.438999891281128,-5.122000217437744,1776886855.641
1.340999960899353,2.194999933242798,-3.8410000801086426,1776886856.054
0.18299999833106995,0.9150000214576721,-5.914999961853027,1776886856.08
-1.7070000171661377,1.2799999713897705,-2.927000045776367,1776886856.096
-0.4269999861717224,15.793000221252441,1.0369999408721924,1776886856.114
2.561000108718872,5.548999786376953,1.340999960899353,1776886856.136
-2.683000087738037,1.5240000486373901,-0.3050000071525574,1776886856.577
2.194999933242798,2.805000066757202,3.1710000038146973,1776886856.603
1.6460000276565552,9.451000213623047,-0.7319999933242798,1776886856.614
0.9760000109672546,4.633999824523926,-2.927000045776367,1776886856.642
0.9760000109672546,-1.6460000276565552,-10.548999786376953,1776886856.657
-0.9150000214576721,3.1710000038146973,-0.7929999828338623,1776886857.074
2.74399995803833,0.7929999828338623,-2.194999933242798,1776886857.1
-0.061000000685453415,1.159000039100647,-5.122000217437744,1776886857.119
0.4269999861717224,-2.072999954223633,-8.170999526977539,1776886857.141
-3.2320001125335693,-4.206999778747559,-2.378000020980835,1776886857.155
-0.18299999833106995,-0.12200000137090683,-1.4630000591278076,1776886857.584
0.24400000274181366,0.18299999833106995,-1.2799999713897705,1776886857.595
0.4269999861717224,0.5490000247955322,-1.0980000495910645,1776886857.621
0.12200000137090683,0.24400000274181366,-1.5850000381469727,1776886857.634
-0.24400000274181366,0.061000000685453415,-1.5240000486373901,1776886857.656
0.18299999833106995,0.3050000071525574,-1.5240000486373901,1776886858.074
0.061000000685453415,0.3050000071525574,-1.5240000486373901,1776886858.1
0.18299999833106995,0.18299999833106995,-1.8899999856948853,1776886858.114
0.3659999966621399,1.0369999408721924,-2.316999912261963,1776886858.142
0.6710000038146973,-0.12200000137090683,1.8899999856948853,1776886858.163
17.43899917602539,-24.207000732421875,-71.76799774169922,1776886858.575
61.279998779296875,-24.572999954223633,-5.793000221252441,1776886858.611
47.926998138427734,-67.74400329589844,6.889999866485596,1776886858.621
48.292999267578125,-68.5979995727539,-16.645999908447266,1776886858.634
64.3290023803711,-92.31700134277344,-24.02400016784668,1776886858.66
137.072998046875,-62.68299865722656,89.81700134277344,1776886859.074
137.072998046875,-62.68299865722656,89.81700134277344,1776886859.1
63.415000915527344,135.06100463867188,132.072998046875,1776886859.117
77.25599670410156,126.34100341796875,128.11000061035156,1776886859.143
36.82899856567383,43.47600173950195,117.62200164794922,1776886859.155
-2.01200008392334,16.584999084472656,-9.878000259399414,1776886859.576
-10.366000175476074,31.219999313354492,-19.451000213623047,1776886859.602
-3.7799999713897705,28.17099952697754,-18.719999313354492,1776886859.618
8.902000427246094,23.048999786376953,12.317000389099121,1776886859.634
17.011999130249023,7.316999912261963,12.621999740600586,1776886859.661
-0.4269999861717224,0.24400000274181366,-1.8899999856948853,1776886860.086
-0.4269999861717224,0.24400000274181366,-1.8899999856948853,1776886860.097
-0.4269999861717224,0.24400000274181366,-1.8899999856948853,1776886860.123
-0.4269999861717224,0.24400000274181366,-1.8899999856948853,1776886860.138
-0.3050000071525574,0.12200000137090683,-1.6460000276565552,1776886860.154
0.0,0.18299999833106995,-1.4630000591278076,1776886860.58
0.061000000685453415,-0.3050000071525574,-1.5850000381469727,1776886860.594
18.17099952697754,-18.415000915527344,-3.4149999618530273,1776886860.621
-1.8289999961853027,-39.63399887084961,-2.134000062942505,1776886860.634
0.7929999828338623,-36.645999908447266,2.194999933242798,1776886860.66
-16.52400016784668,22.865999221801758,-10.121999740600586,1776886861.085
-33.231998443603516,19.511999130249023,-3.0490000247955322,1776886861.096
-33.231998443603516,19.511999130249023,-3.0490000247955322,1776886861.121
-33.231998443603516,19.511999130249023,-3.0490000247955322,1776886861.135
14.633999824523926,43.292999267578125,-13.414999961853027,1776886861.175
-1.0369999408721924,0.9760000109672546,-2.25600004196167,1776886861.581
-0.9760000109672546,0.3050000071525574,-2.438999891281128,1776886861.595
-0.6710000038146973,0.4269999861717224,-1.8289999961853027,1776886861.622
0.24400000274181366,-0.3050000071525574,-1.0369999408721924,1776886861.634
0.5490000247955322,-0.9150000214576721,-0.7319999933242798,1776886861.661
3.5980000495910645,-4.328999996185303,-0.4880000054836273,1776886862.096
-3.5980000495910645,-3.3540000915527344,-7.683000087738037,1776886862.129
-3.5980000495910645,-3.3540000915527344,-7.683000087738037,1776886862.153
-3.5980000495910645,-3.3540000915527344,-7.683000087738037,1776886862.164
-7.560999870300293,-1.0369999408721924,0.12200000137090683,1776886862.175
-4.695000171661377,10.060999870300293,-9.572999954223633,1776886862.602
-26.52400016784668,23.23200035095215,-20.183000564575195,1776886862.614
8.963000297546387,32.80500030517578,-15.793000221252441,1776886862.644
-14.451000213623047,12.866000175476074,-9.694999694824219,1776886862.654
9.206999778747559,38.9630012512207,2.316999912261963,1776886862.681
-9.451000213623047,-8.170999526977539,-12.98799991607666,1776886863.097
-7.927000045776367,-0.061000000685453415,-14.206999778747559,1776886863.123
-7.927000045776367,-0.061000000685453415,-14.206999778747559,1776886863.135
-7.927000045776367,-0.061000000685453415,-14.206999778747559,1776886863.161
-14.694999694824219,6.28000020980835,-21.402000427246094,1776886863.175
-0.24400000274181366,0.3659999966621399,-1.4630000591278076,1776886863.596
-0.18299999833106995,0.18299999833106995,-1.2799999713897705,1776886863.622
0.3050000071525574,0.061000000685453415,-1.6460000276565552,1776886863.634
0.12200000137090683,0.3050000071525574,-1.2799999713897705,1776886863.662
-0.24400000274181366,0.3050000071525574,-1.7070000171661377,1776886863.674
0.4880000054836273,0.18299999833106995,-0.061000000685453415,1776886864.1
-0.6100000143051147,-0.3659999966621399,-2.621999979019165,1776886864.115
-0.061000000685453415,0.6710000038146973,-1.340999960899353,1776886864.142
0.3050000071525574,0.061000000685453415,-1.8289999961853027,1776886864.155
0.12200000137090683,0.5490000247955322,-1.0369999408721924,1776886864.18
-0.061000000685453415,0.18299999833106995,-2.01200008392334,1776886864.603
-0.061000000685453415,0.061000000685453415,-1.159000039100647,1776886864.614
-0.061000000685453415,0.24400000274181366,-1.5240000486373901,1776886864.64
0.12200000137090683,0.18299999833106995,-1.0980000495910645,1776886864.655
0.0,0.3659999966621399,-1.7070000171661377,1776886864.681
0.0,0.12200000137090683,-1.5240000486373901,1776886865.115
-0.061000000685453415,0.18299999833106995,-1.4630000591278076,1776886865.14
-0.061000000685453415,0.24400000274181366,-1.5240000486373901,1776886865.156
0.061000000685453415,0.24400000274181366,-1.4630000591278076,1776886865.182
0.0,0.24400000274181366,-1.4019999504089355,1776886865.197
-0.5490000247955322,0.8539999723434448,0.0,1776886865.615
-4.085000038146973,2.927000045776367,11.340999603271484,1776886865.641
5.0,-1.4630000591278076,-15.854000091552734,1776886865.655
-0.24400000274181366,0.12200000137090683,1.2200000286102295,1776886865.681
-2.072999954223633,0.3659999966621399,-2.621999979019165,1776886865.698
2.378000020980835,-1.8899999856948853,-2.316999912261963,1776886866.115
4.816999912261963,-1.2799999713897705,3.7799999713897705,1776886866.135
3.9630000591278076,0.9760000109672546,0.7319999933242798,1776886866.161
-15.366000175476074,1.5240000486373901,-1.6460000276565552,1776886866.176
-3.2929999828338623,0.3050000071525574,-2.683000087738037,1776886866.195
0.18299999833106995,0.18299999833106995,-1.4019999504089355,1776886866.616
0.12200000137090683,0.0,-1.4019999504089355,1776886866.641
-0.061000000685453415,0.3050000071525574,-1.5240000486373901,1776886866.655
-0.24400000274181366,0.3050000071525574,-1.4630000591278076,1776886866.681
-0.061000000685453415,0.18299999833106995,-1.4019999504089355,1776886866.695
0.0,0.18299999833106995,-1.5240000486373901,1776886867.12
-0.061000000685453415,0.24400000274181366,-1.4630000591278076,1776886867.135
0.0,0.24400000274181366,-16.951000213623047,1776886867.162
0.0,0.12200000137090683,-1.4630000591278076,1776886867.175
0.0,0.18299999833106995,-1.4019999504089355,1776886867.203
0.0,0.24400000274181366,-1.4630000591278076,1776886867.624
-0.061000000685453415,0.18299999833106995,-1.4019999504089355,1776886867.635
-0.061000000685453415,0.18299999833106995,-1.4630000591278076,1776886867.661
0.0,0.18299999833106995,-1.4630000591278076,1776886867.675
0.061000000685453415,0.18299999833106995,-1.4630000591278076,1776886867.698
7.316999912261963,-1.4630000591278076,6.706999778747559,1776886868.115
6.158999919891357,-3.8410000801086426,2.621999979019165,1776886868.143
5.548999786376953,-7.195000171661377,-0.7929999828338623,1776886868.155
9.633999824523926,-7.804999828338623,0.24400000274181366,1776886868.181
15.182999610900879,-2.316999912261963,2.927000045776367,1776886868.195
-0.24400000274181366,0.24400000274181366,-0.9760000109672546,1776886868.622
-1.9509999752044678,-1.5240000486373901,-1.5240000486373901,1776886868.635
0.9760000109672546,1.9509999752044678,-0.7929999828338623,1776886868.661
0.3659999966621399,0.3659999966621399,-1.4019999504089355,1776886868.675
7.195000171661377,1.8289999961853027,-7.74399995803833,1776886868.701
-43.354000091552734,46.52399826049805,-19.816999435424805,1776886869.12
-10.244000434875488,31.097999572753906,-7.622000217437744,1776886869.136
-4.085000038146973,46.52399826049805,-6.889999866485596,1776886869.162
14.878000259399414,47.31700134277344,-5.854000091552734,1776886869.175
12.560999870300293,103.96299743652344,1.2799999713897705,1776886869.2
-29.145999908447266,22.011999130249023,-18.354000091552734,1776886869.62
-31.219999313354492,-37.987998962402344,23.354000091552734,1776886869.635
-43.779998779296875,-16.707000732421875,-15.182999610900879,1776886869.655
-42.62200164794922,8.109999656677246,-69.14600372314453,1776886869.68
-52.43899917602539,19.93899917602539,-62.13399887084961,1776886869.697
0.12200000137090683,0.0,-1.5850000381469727,1776886870.115
-0.061000000685453415,-0.061000000685453415,-1.4630000591278076,1776886870.141
0.12200000137090683,0.5490000247955322,-1.5850000381469727,1776886870.155
0.061000000685453415,0.3659999966621399,-1.4630000591278076,1776886870.181
-0.12200000137090683,0.0,-1.340999960899353,1776886870.195
-0.061000000685453415,0.12200000137090683,-1.4630000591278076,1776886870.615
0.0,0.24400000274181366,-1.4019999504089355,1776886870.641
-0.061000000685453415,0.24400000274181366,-1.5240000486373901,1776886870.656
0.0,0.12200000137090683,-1.4630000591278076,1776886870.682
-0.061000000685453415,0.24400000274181366,-1.340999960899353,1776886870.695
0.0,0.24400000274181366,-1.4019999504089355,1776886871.115
0.0,0.24400000274181366,-1.4630000591278076,1776886871.14
0.0,0.18299999833106995,-1.4630000591278076,1776886871.155
-0.061000000685453415,0.24400000274181366,-1.4630000591278076,1776886871.181
-0.061000000685453415,0.18299999833106995,-1.2799999713897705,1776886871.199
1.7680000066757202,5.183000087738037,-7.133999824523926,1776886871.617
-7.622000217437744,-0.6100000143051147,-0.8539999723434448,1776886871.643
6.28000020980835,-3.4760000705718994,0.3659999966621399,1776886871.655
7.98799991607666,-2.072999954223633,-6.706999778747559,1776886871.681
-6.828999996185303,-1.2200000286102295,-6.0980000495910645,1776886871.696
1.2799999713897705,10.914999961853027,-9.878000259399414,1776886872.141
3.1710000038146973,8.47599983215332,-15.060999870300293,1776886872.156
-1.0369999408721924,-1.5850000381469727,-16.402000427246094,1776886872.176
-1.5850000381469727,2.621999979019165,-11.340999603271484,1776886872.202
1.4630000591278076,-7.072999954223633,-19.389999389648438,1776886872.215
-5.0,3.6589999198913574,-29.69499969482422,1776886872.615
-0.6710000038146973,-13.963000297546387,-31.707000732421875,1776886872.64
2.621999979019165,1.2799999713897705,-25.427000045776367,1776886872.655
5.183000087738037,0.7929999828338623,-26.402000427246094,1776886872.682
-3.9630000591278076,0.18299999833106995,-25.0,1776886872.695
-2.378000020980835,0.24400000274181366,0.12200000137090683,1776886873.121
0.061000000685453415,0.7319999933242798,0.5490000247955322,1776886873.143
2.5,-0.3050000071525574,-0.9150000214576721,1776886873.155
-1.4019999504089355,-0.12200000137090683,-0.6710000038146973,1776886873.181
2.072999954223633,-0.3659999966621399,-5.060999870300293,1776886873.197
0.18299999833106995,0.18299999833106995,-1.0980000495910645,1776886873.635
0.8539999723434448,0.12200000137090683,1.340999960899353,1776886873.661
-1.5850000381469727,0.6100000143051147,-2.438999891281128,1776886873.675
0.9150000214576721,0.9150000214576721,-3.5369999408721924,1776886873.701
-0.12200000137090683,0.061000000685453415,1.2200000286102295,1776886873.719
2.25600004196167,-1.2799999713897705,-12.317000389099121,1776886874.135
-0.4880000054836273,0.24400000274181366,-12.927000045776367,1776886874.162
0.7319999933242798,6.645999908447266,-10.854000091552734,1776886874.176
2.5,-4.26800012588501,-15.609999656677246,1776886874.201
0.24400000274181366,-1.9509999752044678,-18.597999572753906,1776886874.215
-7.377999782562256,-2.25600004196167,-37.56100082397461,1776886874.635
8.232000350952148,0.12200000137090683,-17.5,1776886874.661
-13.840999603271484,-8.414999961853027,-47.987998962402344,1776886874.675
8.232000350952148,6.52400016784668,-22.865999221801758,1776886874.701
1.7070000171661377,-3.0490000247955322,-18.292999267578125,1776886874.715
-4.633999824523926,3.9019999504089355,-24.511999130249023,1776886875.136
5.854000091552734,0.3050000071525574,22.256000518798828,1776886875.163
-1.4019999504089355,7.195000171661377,25.548999786376953,1776886875.18
2.74399995803833,-4.572999954223633,-2.316999912261963,1776886875.195
-1.9509999752044678,-2.438999891281128,-12.866000175476074,1776886875.22
0.0,0.24400000274181366,-1.2200000286102295,1776886875.635
0.0,0.061000000685453415,-1.6460000276565552,1776886875.661
0.0,0.12200000137090683,-1.2200000286102295,1776886875.675
0.0,0.3050000071525574,-1.4019999504089355,1776886875.704
-0.061000000685453415,0.18299999833106995,-1.5240000486373901,1776886875.715
0.12200000137090683,0.18299999833106995,-1.2799999713897705,1776886876.135
-0.061000000685453415,0.24400000274181366,-0.7319999933242798,1776886876.161
0.12200000137090683,0.18299999833106995,-1.6460000276565552,1776886876.176
-0.18299999833106995,0.12200000137090683,-1.7070000171661377,1776886876.202
0.3050000071525574,0.24400000274181366,-1.7070000171661377,1776886876.218
135.85400390625,18.47599983215332,8.232000350952148,1776886876.643
99.08499908447266,-0.7929999828338623,-7.98799991607666,1776886876.658
87.19499969482422,-13.779999732971191,-12.194999694824219,1776886876.675
76.27999877929688,-6.828999996185303,-11.890000343322754,1776886876.701
51.159000396728516,4.02400016784668,6.76800012588501,1776886876.722
12.927000045776367,22.011999130249023,-35.67100143432617,1776886877.143
-31.76799964904785,44.38999938964844,-27.134000778198242,1776886877.155
-29.02400016784668,29.756000518798828,-46.584999084472656,1776886877.175
21.340999603271484,24.93899917602539,-1.8899999856948853,1776886877.201
-26.82900047302246,26.280000686645508,4.206999778747559,1776886877.216
-29.878000259399414,-3.5980000495910645,-12.621999740600586,1776886877.635
-32.43899917602539,2.194999933242798,-11.279999732971191,1776886877.661
-12.01200008392334,-15.548999786376953,0.9760000109672546,1776886877.676
12.439000129699707,6.28000020980835,-8.414999961853027,1776886877.702
7.622000217437744,-3.3540000915527344,-12.98799991607666,1776886877.715
-0.12200000137090683,0.3050000071525574,-1.4630000591278076,1776886878.161
0.061000000685453415,0.18299999833106995,-1.5850000381469727,1776886878.177
0.0,0.18299999833106995,-1.4630000591278076,1776886878.195
-0.12200000137090683,0.24400000274181366,-1.4019999504089355,1776886878.222
-0.061000000685453415,0.12200000137090683,-1.4019999504089355,1776886878.235
10.305000305175781,-11.767999649047852,9.572999954223633,1776886878.656
26.097999572753906,6.52400016784668,-10.0,1776886878.681
-5.671000003814697,-7.5,3.6589999198913574,1776886878.695
-0.8539999723434448,-16.46299934387207,17.134000778198242,1776886878.723
28.048999786376953,-4.75600004196167,-31.645999908447266,1776886878.736
24.69499969482422,-3.1710000038146973,4.328999996185303,1776886879.155
29.511999130249023,-2.438999891281128,-1.8289999961853027,1776886879.181
-17.072999954223633,-23.110000610351562,10.48799991607666,1776886879.199
7.133999824523926,-25.0,-12.378000259399414,1776886879.218
2.194999933242798,21.219999313354492,-14.878000259399414,1776886879.235
27.743999481201172,-12.317000389099121,-25.67099952697754,1776886879.655
-20.915000915527344,35.731998443603516,-4.389999866485596,1776886879.682
-26.219999313354492,26.159000396728516,21.645999908447266,1776886879.696
-31.03700065612793,-2.316999912261963,19.756000518798828,1776886879.722
36.584999084472656,22.988000869750977,2.5,1776886879.735
14.51200008392334,3.1710000038146973,-5.24399995803833,1776886880.155
20.97599983215332,-31.52400016784668,32.5,1776886880.175
-7.072999954223633,1.4019999504089355,-18.597999572753906,1776886880.201
1.9509999752044678,14.206999778747559,20.854000091552734,1776886880.216
42.073001861572266,-32.43899917602539,21.76799964904785,1776886880.241
7.01200008392334,-5.060999870300293,-0.6710000038146973,1776886880.656
3.7200000286102295,-4.085000038146973,0.3050000071525574,1776886880.682
-5.24399995803833,-16.402000427246094,-4.939000129699707,1776886880.695
4.085000038146973,-17.80500030517578,-14.878000259399414,1776886880.721
-2.25600004196167,-8.597999572753906,-5.97599983215332,1776886880.736
-226.22000122070312,11.767999649047852,19.572999954223633,1776886881.155
-12.621999740600586,0.061000000685453415,0.9150000214576721,1776886881.182
-26.159000396728516,-15.609999656677246,-15.670999526977539,1776886881.206
-18.902000427246094,19.756000518798828,-15.914999961853027,1776886881.218
51.95100021362305,3.3540000915527344,-31.46299934387207,1776886881.244
-3.4149999618530273,-3.4149999618530273,-3.1710000038146973,1776886881.655
-6.4629998207092285,2.316999912261963,2.621999979019165,1776886881.681
2.98799991607666,0.6710000038146973,3.0490000247955322,1776886881.696
-0.7929999828338623,7.622000217437744,-2.865999937057495,1776886881.721
-4.206999778747559,-0.6100000143051147,-0.4880000054836273,1776886881.735
5.73199987411499,0.24400000274181366,-2.072999954223633,1776886882.157
-4.145999908447266,5.73199987411499,2.072999954223633,1776886882.183
-0.3659999966621399,2.438999891281128,-2.74399995803833,1776886882.195
13.232000350952148,-4.51200008392334,-1.9509999752044678,1776886882.222
-8.109999656677246,6.889999866485596,0.9150000214576721,1776886882.235
-1.0369999408721924,0.3659999966621399,-4.695000171661377,1776886882.658
-0.4880000054836273,0.3659999966621399,-2.865999937057495,1776886882.683
0.3659999966621399,0.18299999833106995,-0.4880000054836273,1776886882.695
0.24400000274181366,0.18299999833106995,-2.25600004196167,1776886882.721
0.061000000685453415,0.5490000247955322,-1.8899999856948853,1776886882.736
1.2799999713897705,0.4880000054836273,-2.74399995803833,1776886883.162
-0.24400000274181366,-0.18299999833106995,-2.194999933242798,1776886883.175
-0.24400000274181366,-0.18299999833106995,-2.194999933242798,1776886883.201
-0.24400000274181366,-0.18299999833106995,-2.194999933242798,1776886883.218
1.0980000495910645,1.4630000591278076,-3.4149999618530273,1776886883.235
0.4880000054836273,5.24399995803833,1.6460000276565552,1776886883.683
-3.4149999618530273,1.4630000591278076,-0.8539999723434448,1776886883.697
-0.3050000071525574,-0.24400000274181366,-4.389999866485596,1776886883.723
-4.695000171661377,-7.25600004196167,0.3050000071525574,1776886883.735
2.01200008392334,-3.5980000495910645,-1.4019999504089355,1776886883.765
2.316999912261963,-4.877999782562256,-1.5850000381469727,1776886884.176
2.316999912261963,-4.877999782562256,-1.5850000381469727,1776886884.207
2.316999912261963,-4.877999782562256,-1.5850000381469727,1776886884.218
2.316999912261963,-4.877999782562256,-1.5850000381469727,1776886884.243
-0.9150000214576721,3.0490000247955322,-5.427000045776367,1776886884.257
0.0,4.816999912261963,-1.2799999713897705,1776886884.675
-1.2200000286102295,-8.170999526977539,-0.5490000247955322,1776886884.701
-3.2929999828338623,1.4630000591278076,0.9760000109672546,1776886884.717
-15.48799991607666,32.25600051879883,85.24400329589844,1776886884.742
-1.6460000276565552,-29.02400016784668,19.878000259399414,1776886884.755
32.37799835205078,-23.840999603271484,1.2799999713897705,1776886885.195
32.37799835205078,-23.840999603271484,1.2799999713897705,1776886885.221
32.37799835205078,-23.840999603271484,1.2799999713897705,1776886885.235
50.731998443603516,6.158999919891357,6.52400016784668,1776886885.263
42.86600112915039,103.47599792480469,5.793000221252441,1776886885.275
-27.56100082397461,18.659000396728516,-4.085000038146973,1776886885.684
-50.97600173950195,-2.683000087738037,24.207000732421875,1776886885.697
-29.451000213623047,47.80500030517578,-43.720001220703125,1776886885.722
3.4149999618530273,-14.02400016784668,-3.2929999828338623,1776886885.735
-35.61000061035156,15.914999961853027,6.951000213623047,1776886885.761
7.316999912261963,6.158999919891357,48.779998779296875,1776886886.195
7.316999912261963,6.158999919891357,48.779998779296875,1776886886.222
7.316999912261963,6.158999919891357,48.779998779296875,1776886886.235
28.23200035095215,-34.45100021362305,-36.88999938964844,1776886886.264
15.670999526977539,-27.43899917602539,-15.914999961853027,1776886886.275
-19.511999130249023,12.255999565124512,9.755999565124512,1776886886.695
-10.732000350952148,0.12200000137090683,4.877999782562256,1776886886.721
32.926998138427734,3.2320001125335693,22.256000518798828,1776886886.735
3.9019999504089355,20.854000091552734,11.279999732971191,1776886886.761
-21.097999572753906,-17.988000869750977,15.121999740600586,1776886886.775
36.584999084472656,0.061000000685453415,20.243999481201172,1776886887.195
-14.694999694824219,5.793000221252441,13.597999572753906,1776886887.216
-14.694999694824219,5.793000221252441,13.597999572753906,1776886887.242
-14.694999694824219,5.793000221252441,13.597999572753906,1776886887.262
32.073001861572266,-41.279998779296875,-10.732000350952148,1776886887.279
-11.951000213623047,12.439000129699707,-16.889999389648438,1776886887.696
-1.8289999961853027,-25.365999221801758,9.755999565124512,1776886887.723
1.8289999961853027,-10.732000350952148,-4.085000038146973,1776886887.735
23.110000610351562,-18.292999267578125,34.512001037597656,1776886887.761
12.133999824523926,-5.122000217437744,3.9630000591278076,1776886887.777
9.085000038146973,-5.48799991607666,-23.110000610351562,1776886888.195
-10.305000305175781,17.80500030517578,-27.56100082397461,1776886888.222
-10.305000305175781,17.80500030517578,-27.56100082397461,1776886888.245
-10.305000305175781,17.80500030517578,-27.56100082397461,1776886888.258
-11.645999908447266,28.719999313354492,-17.56100082397461,1776886888.283
-16.402000427246094,17.378000259399414,5.366000175476074,1776886888.696
2.865999937057495,-3.1710000038146973,3.0490000247955322,1776886888.722
-8.293000221252441,7.560999870300293,-0.18299999833106995,1776886888.736
-0.5490000247955322,11.52400016784668,-12.255999565124512,1776886888.755
35.731998443603516,-0.9150000214576721,23.292999267578125,1776886888.781
-4.572999954223633,-20.427000045776367,-29.93899917602539,1776886889.215
-23.292999267578125,13.354000091552734,-28.780000686645508,1776886889.242
15.548999786376953,0.8539999723434448,-12.133999824523926,1776886889.255
6.585000038146973,6.341000080108643,25.854000091552734,1776886889.283
-16.889999389648438,12.317000389099121,5.48799991607666,1776886889.296
-106.0979995727539,-16.645999908447266,-1.159000039100647,1776886889.701
-137.5,-9.878000259399414,-4.695000171661377,1776886889.715
-202.31700134277344,10.244000434875488,-8.354000091552734,1776886889.742
-262.0119934082031,17.011999130249023,-4.51200008392334,1776886889.759
-262.0119934082031,17.011999130249023,-4.51200008392334,1776886889.776
4.26800012588501,-3.1710000038146973,1.7680000066757202,1776886890.215
-5.427000045776367,-0.6710000038146973,-2.561000108718872,1776886890.241
5.060999870300293,-6.0980000495910645,-2.194999933242798,1776886890.26
-1.2200000286102295,3.6589999198913574,-5.610000133514404,1776886890.276
4.389999866485596,-6.951000213623047,-0.5490000247955322,1776886890.296
5.24399995803833,3.9019999504089355,2.378000020980835,1776886890.719
-3.2929999828338623,-0.4880000054836273,1.0369999408721924,1776886890.746
4.328999996185303,4.877999782562256,-1.7680000066757202,1776886890.756
-5.548999786376953,-3.4149999618530273,-3.3540000915527344,1776886890.782
-5.548999786376953,-3.4149999618530273,-3.3540000915527344,1776886890.796
-10.366000175476074,-0.4880000054836273,-4.451000213623047,1776886891.215
5.48799991607666,4.145999908447266,-0.12200000137090683,1776886891.241
9.694999694824219,3.6589999198913574,-0.9760000109672546,1776886891.255
-4.695000171661377,3.1710000038146973,-1.340999960899353,1776886891.282
4.451000213623047,-5.914999961853027,1.7070000171661377,1776886891.296
0.4269999861717224,0.24400000274181366,-2.927000045776367,1776886891.715
0.061000000685453415,0.8539999723434448,-2.865999937057495,1776886891.743
-1.4019999504089355,-0.12200000137090683,-3.9019999504089355,1776886891.763
0.12200000137090683,-0.3659999966621399,-2.927000045776367,1776886891.776
0.12200000137090683,-0.3659999966621399,-2.927000045776367,1776886891.802
7.133999824523926,-0.4269999861717224,-23.902000427246094,1776886892.221
2.561000108718872,0.061000000685453415,-32.5,1776886892.235
-3.3540000915527344,-0.8539999723434448,-33.17100143432617,1776886892.261
11.097999572753906,8.414999961853027,-24.756000518798828,1776886892.275
-13.902000427246094,-9.02400016784668,-1.8899999856948853,1776886892.302
-0.5490000247955322,2.5,-2.98799991607666,1776886892.715
2.438999891281128,-2.5,-1.4019999504089355,1776886892.736
-0.7319999933242798,0.6710000038146973,-0.3659999966621399,1776886892.762
0.24400000274181366,-1.8899999856948853,-4.328999996185303,1776886892.775
-1.5240000486373901,0.9150000214576721,-3.2929999828338623,1776886892.801
-0.24400000274181366,0.18299999833106995,-0.9760000109672546,1776886893.216
-0.061000000685453415,0.12200000137090683,-1.5850000381469727,1776886893.245
0.0,0.12200000137090683,-1.8289999961853027,1776886893.256
-0.061000000685453415,0.24400000274181366,-1.4019999504089355,1776886893.282
-0.18299999833106995,0.7929999828338623,0.9760000109672546,1776886893.297
-8.414999961853027,14.817000389099121,-3.7200000286102295,1776886893.722
3.1710000038146973,-2.98799991607666,-0.061000000685453415,1776886893.735
-1.9509999752044678,-5.914999961853027,-0.12200000137090683,1776886893.761
7.133999824523926,0.061000000685453415,-2.5,1776886893.781
0.3050000071525574,-0.061000000685453415,-3.7200000286102295,1776886893.795
-0.9150000214576721,1.5850000381469727,-10.732000350952148,1776886894.216
-0.4269999861717224,3.4760000705718994,-11.036999702453613,1776886894.242
0.9150000214576721,-7.866000175476074,-10.48799991607666,1776886894.256
1.0369999408721924,-11.097999572753906,-11.890000343322754,1776886894.282
-1.0980000495910645,-8.47599983215332,-14.572999954223633,1776886894.295
1.2200000286102295,0.4269999861717224,-2.25600004196167,1776886894.721
-0.24400000274181366,-0.12200000137090683,-2.98799991607666,1776886894.736
0.8539999723434448,0.7319999933242798,0.6710000038146973,1776886894.762
-0.4269999861717224,0.7319999933242798,-17.072999954223633,1776886894.776
-0.9150000214576721,-0.061000000685453415,-8.414999961853027,1776886894.802
-1.159000039100647,0.9760000109672546,-10.244000434875488,1776886895.216
1.5240000486373901,-1.5850000381469727,-12.255999565124512,1776886895.242
-2.316999912261963,0.5490000247955322,-10.548999786376953,1776886895.255
4.02400016784668,-1.4630000591278076,-11.767999649047852,1776886895.279
0.18299999833106995,-0.9760000109672546,-11.585000038146973,1776886895.296
15.914999961853027,-6.951000213623047,-19.02400016784668,1776886895.716
-9.145999908447266,3.109999895095825,-26.645999908447266,1776886895.744
7.927000045776367,-4.633999824523926,-20.548999786376953,1776886895.755
8.720000267028809,0.8539999723434448,-25.97599983215332,1776886895.781
-2.072999954223633,2.194999933242798,-26.951000213623047,1776886895.795
-3.4760000705718994,3.4149999618530273,-20.610000610351562,1776886896.241
6.341000080108643,1.0369999408721924,-25.183000564575195,1776886896.256
0.061000000685453415,-0.9760000109672546,-35.67100143432617,1776886896.283
-14.329000473022461,4.02400016784668,-28.96299934387207,1776886896.295
-3.4760000705718994,-3.2320001125335693,-63.231998443603516,1776886896.321
4.328999996185303,-8.720000267028809,-10.97599983215332,1776886896.736
-6.21999979019165,-2.927000045776367,-11.220000267028809,1776886896.756
2.072999954223633,-0.4269999861717224,4.26800012588501,1776886896.782
-0.061000000685453415,1.2200000286102295,1.5240000486373901,1776886896.799
0.5490000247955322,-1.5850000381469727,-3.6589999198913574,1776886896.816
0.12200000137090683,4.02400016784668,-1.8289999961853027,1776886897.243
-1.7070000171661377,-4.206999778747559,-2.5,1776886897.255
-0.3659999966621399,0.3050000071525574,-2.316999912261963,1776886897.281
-1.7680000066757202,3.0490000247955322,-0.8539999723434448,1776886897.296
1.2200000286102295,-1.8899999856948853,-1.2200000286102295,1776886897.323
1.5240000486373901,6.28000020980835,0.3659999966621399,1776886897.744
-5.122000217437744,0.4880000054836273,-1.8289999961853027,1776886897.759
-1.5850000381469727,-6.52400016784668,-1.4019999504089355,1776886897.775
-2.98799991607666,-4.145999908447266,-0.3050000071525574,1776886897.801
-1.5850000381469727,13.840999603271484,-1.2200000286102295,1776886897.815
-5.793000221252441,0.3050000071525574,0.5490000247955322,1776886898.241
3.0490000247955322,-1.8899999856948853,-3.2929999828338623,1776886898.257
0.0,0.24400000274181366,0.24400000274181366,1776886898.275
-1.0369999408721924,-1.4630000591278076,-2.74399995803833,1776886898.304
-12.805000305175781,-8.597999572753906,2.134000062942505,1776886898.319
7.25600004196167,9.329000473022461,-12.317000389099121,1776886898.737
-12.621999740600586,3.7799999713897705,-9.51200008392334,1776886898.763
0.24400000274181366,0.24400000274181366,-13.963000297546387,1776886898.775
-1.7680000066757202,-3.0490000247955322,-12.01200008392334,1776886898.801
-4.389999866485596,-10.97599983215332,-12.682999610900879,1776886898.816
-0.9760000109672546,4.816999912261963,-14.390000343322754,1776886899.242
3.1710000038146973,-0.6100000143051147,-22.43899917602539,1776886899.255
-0.9150000214576721,6.0980000495910645,-21.76799964904785,1776886899.282
1.8899999856948853,-5.854000091552734,-27.865999221801758,1776886899.298
3.1710000038146973,-0.4269999861717224,-25.427000045776367,1776886899.324
3.2929999828338623,1.159000039100647,-45.487998962402344,1776886899.735
0.7929999828338623,-3.7200000286102295,-31.159000396728516,1776886899.762
-0.24400000274181366,0.12200000137090683,-22.378000259399414,1776886899.776
10.182999610900879,-4.389999866485596,-40.487998962402344,1776886899.802
8.720000267028809,2.194999933242798,-23.719999313354492,1776886899.815
5.48799991607666,-0.8539999723434448,-15.97599983215332,1776886900.242
-3.3540000915527344,-1.8899999856948853,-15.548999786376953,1776886900.256
-6.951000213623047,1.340999960899353,-17.743999481201172,1776886900.281
0.6100000143051147,-6.585000038146973,-12.5,1776886900.295
1.4630000591278076,-3.1710000038146973,-16.280000686645508,1776886900.322
6.76800012588501,2.25600004196167,-10.854000091552734,1776886900.736
4.75600004196167,-0.6710000038146973,-6.28000020980835,1776886900.762
-0.8539999723434448,3.1710000038146973,-9.206999778747559,1776886900.775
-1.7680000066757202,-7.377999782562256,-7.195000171661377,1776886900.801
-1.2799999713897705,1.7070000171661377,-7.439000129699707,1776886900.816
0.7929999828338623,2.316999912261963,-1.7070000171661377,1776886901.261
0.7319999933242798,-1.8289999961853027,-1.5240000486373901,1776886901.276
3.109999895095825,0.4269999861717224,1.2799999713897705,1776886901.298
-0.24400000274181366,-3.4760000705718994,-0.5490000247955322,1776886901.324
1.159000039100647,4.085000038146973,3.7799999713897705,1776886901.335
-0.4269999861717224,-1.159000039100647,8.47599983215332,1776886901.761
1.5850000381469727,9.878000259399414,9.694999694824219,1776886901.779
-4.02400016784668,-1.9509999752044678,8.47599983215332,1776886901.795
3.3540000915527344,-4.451000213623047,9.02400016784668,1776886901.821
-1.0980000495910645,-1.8899999856948853,10.548999786376953,1776886901.836
-3.1710000038146973,2.5,12.255999565124512,1776886902.256
2.805000066757202,-4.51200008392334,16.645999908447266,1776886902.282
-4.02400016784668,4.816999912261963,23.17099952697754,1776886902.295
-6.158999919891357,-7.98799991607666,24.32900047302246,1776886902.323
1.5850000381469727,4.633999824523926,35.30500030517578,1776886902.338
-3.5369999408721924,-4.939000129699707,18.048999786376953,1776886902.738
-1.7680000066757202,3.4760000705718994,19.634000778198242,1776886902.758
1.7680000066757202,8.47599983215332,28.597999572753906,1776886902.776
-2.194999933242798,-10.244000434875488,22.988000869750977,1776886902.803
4.633999824523926,-5.0,37.13399887084961,1776886902.816
-5.793000221252441,-9.939000129699707,32.68299865722656,1776886903.261
-5.793000221252441,-5.73199987411499,17.378000259399414,1776886903.282
6.951000213623047,-1.159000039100647,50.792999267578125,1776886903.297
-4.145999908447266,1.9509999752044678,19.389999389648438,1776886903.322
0.6710000038146973,-7.5,16.82900047302246,1776886903.336
-4.145999908447266,-4.328999996185303,22.80500030517578,1776886903.761
14.633999824523926,12.927000045776367,34.87799835205078,1776886903.778
-16.889999389648438,-6.951000213623047,23.415000915527344,1776886903.795
4.085000038146973,-3.5369999408721924,23.780000686645508,1776886903.821
9.51200008392334,11.097999572753906,35.06100082397461,1776886903.836
13.232000350952148,7.439000129699707,44.207000732421875,1776886904.257
-10.48799991607666,-6.4019999504089355,11.097999572753906,1776886904.282
10.427000045776367,7.195000171661377,27.011999130249023,1776886904.295
11.097999572753906,8.048999786376953,42.987998962402344,1776886904.321
-7.560999870300293,-4.328999996185303,21.280000686645508,1776886904.337
-7.622000217437744,-2.98799991607666,21.951000213623047,1776886904.756
18.048999786376953,17.011999130249023,45.30500030517578,1776886904.781
-9.329000473022461,-7.98799991607666,26.707000732421875,1776886904.799
-9.939000129699707,-2.134000062942505,9.572999954223633,1776886904.817
17.134000778198242,7.5,51.159000396728516,1776886904.843
8.536999702453613,-2.805000066757202,25.121999740600586,1776886905.256
-1.5850000381469727,7.74399995803833,29.207000732421875,1776886905.282
-2.072999954223633,-0.18299999833106995,32.073001861572266,1776886905.296
6.341000080108643,-6.645999908447266,22.011999130249023,1776886905.322
-7.5,7.133999824523926,21.03700065612793,1776886905.336
-2.134000062942505,-3.5369999408721924,7.74399995803833,1776886905.756
-1.5240000486373901,-1.0980000495910645,3.0490000247955322,1776886905.782
6.585000038146973,-0.8539999723434448,6.52400016784668,1776886905.796
-3.5980000495910645,4.02400016784668,6.585000038146973,1776886905.822
0.3050000071525574,10.854000091552734,9.51200008392334,1776886905.838
0.0,-2.378000020980835,-1.9509999752044678,1776886906.256
1.340999960899353,-8.414999961853027,-2.561000108718872,1776886906.282
2.683000087738037,9.02400016784668,-0.4269999861717224,1776886906.297
-6.0980000495910645,13.170999526977539,-5.427000045776367,1776886906.323
3.109999895095825,0.9760000109672546,-2.927000045776367,1776886906.336
0.6100000143051147,-3.9019999504089355,-9.329000473022461,1776886906.756
-2.25600004196167,7.683000087738037,-8.963000297546387,1776886906.782
4.939000129699707,10.427000045776367,-12.133999824523926,1776886906.8
1.8899999856948853,-3.109999895095825,-14.145999908447266,1776886906.816
1.8899999856948853,3.0490000247955322,-15.914999961853027,1776886906.843
0.3050000071525574,-1.4630000591278076,-1.4019999504089355,1776886907.256
-0.24400000274181366,-1.0980000495910645,-2.805000066757202,1776886907.283
-1.0369999408721924,-0.7929999828338623,-7.439000129699707,1776886907.302
2.5,-0.4269999861717224,1.4630000591278076,1776886907.316
-1.7070000171661377,0.9760000109672546,-1.5850000381469727,1776886907.341
-2.805000066757202,-1.5850000381469727,4.389999866485596,1776886907.761
-2.621999979019165,-1.5850000381469727,4.51200008392334,1776886907.776
-2.805000066757202,-1.4019999504089355,5.060999870300293,1776886907.802
-1.7680000066757202,-1.159000039100647,5.0,1776886907.816
-2.134000062942505,-0.4880000054836273,4.389999866485596,1776886907.842
1.7680000066757202,-7.927000045776367,-38.231998443603516,1776886908.256
3.3540000915527344,-6.951000213623047,-4.572999954223633,1776886908.281
0.061000000685453415,3.0490000247955322,10.182999610900879,1776886908.296
0.5490000247955322,-0.8539999723434448,-9.451000213623047,1776886908.322
1.159000039100647,-1.9509999752044678,-4.145999908447266,1776886908.336
13.536999702453613,3.1710000038146973,-0.3659999966621399,1776886908.762
20.67099952697754,-0.3659999966621399,3.0490000247955322,1776886908.776
34.63399887084961,-9.939000129699707,-4.26800012588501,1776886908.801
34.75600051879883,-7.927000045776367,0.0,1776886908.817
34.207000732421875,-8.170999526977539,2.5,1776886908.843
-11.767999649047852,-27.80500030517578,-13.597999572753906,1776886909.256
-9.51200008392334,-17.072999954223633,-8.963000297546387,1776886909.283
-12.98799991607666,-11.036999702453613,-3.3540000915527344,1776886909.298
-13.536999702453613,-3.7799999713897705,2.072999954223633,1776886909.325
-8.597999572753906,6.645999908447266,12.927000045776367,1776886909.336
1.2799999713897705,-0.3050000071525574,5.366000175476074,1776886910.282
-0.9760000109672546,0.9150000214576721,0.0,1776886910.296
-0.24400000274181366,0.061000000685453415,2.072999954223633,1776886910.322
-3.4149999618530273,-0.3659999966621399,5.854000091552734,1776886910.336
1.5850000381469727,0.9760000109672546,7.622000217437744,1776886910.361
-2.25600004196167,3.7200000286102295,33.720001220703125,1776886910.776
-1.0980000495910645,-0.4269999861717224,37.073001861572266,1776886910.801
-1.340999960899353,1.4630000591278076,38.659000396728516,1776886910.816
0.18299999833106995,1.8899999856948853,38.5369987487793,1776886910.841
1.7680000066757202,2.5,36.82899856567383,1776886910.856
0.4880000054836273,0.18299999833106995,-0.061000000685453415,1776886911.279
0.18299999833106995,-0.3050000071525574,-2.25600004196167,1776886911.296
-0.18299999833106995,0.061000000685453415,-0.5490000247955322,1776886911.322
-0.5490000247955322,0.24400000274181366,-1.4630000591278076,1776886911.336
0.061000000685453415,0.24400000274181366,-0.9760000109672546,1776886911.361
24.878000259399414,29.756000518798828,-3.3540000915527344,1776886911.779
24.084999084472656,22.621999740600586,-6.52400016784668,1776886911.796
3.0490000247955322,2.561000108718872,-17.621999740600586,1776886911.821
-9.02400016784668,-10.97599983215332,-19.32900047302246,1776886911.839
-21.645999908447266,-24.084999084472656,-17.865999221801758,1776886911.858
76.64600372314453,-19.634000778198242,-37.13399887084961,1776886912.279
76.76799774169922,-27.927000045776367,-37.012001037597656,1776886912.296
71.0979995727539,-89.51200103759766,-14.206999778747559,1776886912.322
12.255999565124512,4.328999996185303,1.6460000276565552,1776886912.336
-12.378000259399414,-9.572999954223633,22.683000564575195,1776886912.362
10.97599983215332,-3.4760000705718994,5.914999961853027,1776886912.782
7.316999912261963,7.316999912261963,3.8410000801086426,1776886912.802
1.7680000066757202,11.829000473022461,6.828999996185303,1776886912.817
6.706999778747559,9.267999649047852,-15.305000305175781,1776886912.843
1.8899999856948853,12.866000175476074,-4.572999954223633,1776886912.856
-2.01200008392334,-0.18299999833106995,0.4880000054836273,1776886913.302
0.12200000137090683,-0.24400000274181366,14.085000038146973,1776886913.316
0.24400000274181366,0.3050000071525574,-1.4019999504089355,1776886913.336
0.18299999833106995,0.061000000685453415,-0.9760000109672546,1776886913.362
-1.4630000591278076,-0.8539999723434448,-0.12200000137090683,1776886913.376
-0.8539999723434448,-3.2929999828338623,38.5369987487793,1776886913.785
12.744000434875488,2.74399995803833,35.54899978637695,1776886913.796
20.06100082397461,3.2929999828338623,23.597999572753906,1776886913.823
52.926998138427734,3.7200000286102295,9.755999565124512,1776886913.839
36.4630012512207,1.7070000171661377,26.584999084472656,1776886913.857
1.4630000591278076,2.134000062942505,2.194999933242798,1776886914.302
-1.0369999408721924,6.0980000495910645,7.98799991607666,1776886914.32
-4.02400016784668,1.5850000381469727,10.244000434875488,1776886914.337
3.5980000495910645,-5.914999961853027,7.377999782562256,1776886914.356
-2.25600004196167,-1.2799999713897705,18.902000427246094,1776886914.382
-0.4880000054836273,15.060999870300293,49.69499969482422,1776886914.802
4.633999824523926,4.75600004196167,38.47600173950195,1776886914.816
-6.52400016784668,7.98799991607666,3.9019999504089355,1776886914.842
0.6100000143051147,26.402000427246094,20.121999740600586,1776886914.856
-12.621999740600586,-7.133999824523926,30.06100082397461,1776886914.882
-1.4019999504089355,1.0369999408721924,-2.25600004196167,1776886915.296
-4.633999824523926,3.2929999828338623,6.52400016784668,1776886915.322
-3.7200000286102295,2.74399995803833,0.061000000685453415,1776886915.336
-2.316999912261963,3.4760000705718994,9.02400016784668,1776886915.362
-1.340999960899353,0.18299999833106995,1.7070000171661377,1776886915.381
4.328999996185303,-12.744000434875488,136.34100341796875,1776886915.796
4.328999996185303,-12.744000434875488,136.34100341796875,1776886915.822
-132.98800659179688,62.25600051879883,204.20700073242188,1776886915.836
-156.64599609375,-44.45100021362305,190.73199462890625,1776886915.862
-8.293000221252441,16.889999389648438,-30.488000869750977,1776886915.876
4.328999996185303,2.316999912261963,7.74399995803833,1776886916.302
4.206999778747559,2.01200008392334,0.3050000071525574,1776886916.316
-2.927000045776367,-2.072999954223633,3.6589999198913574,1776886916.336
1.5850000381469727,1.9509999752044678,3.9630000591278076,1776886916.362
1.4630000591278076,2.5,7.804999828338623,1776886916.376
0.9760000109672546,1.159000039100647,-3.9630000591278076,1776886916.802
0.9760000109672546,1.159000039100647,-3.9630000591278076,1776886916.82
0.9760000109672546,1.159000039100647,-3.9630000591278076,1776886916.836
-0.4880000054836273,-0.3659999966621399,0.5490000247955322,1776886916.862
0.3050000071525574,0.18299999833106995,-2.98799991607666,1776886916.876
1.4630000591278076,1.0980000495910645,-2.378000020980835,1776886917.302
-0.3050000071525574,-0.4269999861717224,-0.12200000137090683,1776886917.316
1.2799999713897705,0.7929999828338623,-1.5240000486373901,1776886917.342
4.816999912261963,3.5369999408721924,-1.159000039100647,1776886917.36
7.98799991607666,5.427000045776367,-2.805000066757202,1776886917.376
28.53700065612793,-6.341000080108643,6.28000020980835,1776886917.802
37.5,-23.96299934387207,24.389999389648438,1776886917.816
37.5,-23.96299934387207,24.389999389648438,1776886917.842
37.5,-23.96299934387207,24.389999389648438,1776886917.857
11.463000297546387,-11.52400016784668,6.28000020980835,1776886917.876
0.24400000274181366,0.6100000143051147,-1.2799999713897705,1776886918.296
-2.378000020980835,1.7070000171661377,0.4269999861717224,1776886918.323
-4.26800012588501,1.2200000286102295,6.585000038146973,1776886918.337
-1.7070000171661377,-0.6100000143051147,2.438999891281128,1776886918.363
-3.109999895095825,-1.2799999713897705,1.0980000495910645,1776886918.376
-3.4149999618530273,1.159000039100647,14.390000343322754,1776886918.816
-0.9150000214576721,-0.6710000038146973,17.683000564575195,1776886918.842
-0.9150000214576721,-0.6710000038146973,17.683000564575195,1776886918.856
-0.9150000214576721,-0.6710000038146973,17.683000564575195,1776886918.883
2.25600004196167,-5.793000221252441,6.0370001792907715,1776886918.896
-16.03700065612793,-4.451000213623047,48.354000091552734,1776886919.33
-6.21999979019165,-0.6100000143051147,48.04899978637695,1776886919.34
-3.9019999504089355,21.707000732421875,-10.609999656677246,1776886919.359
16.219999313354492,1.2799999713897705,4.51200008392334,1776886919.376
5.48799991607666,13.414999961853027,14.267999649047852,1776886919.402
2.134000062942505,4.389999866485596,-1.8289999961853027,1776886919.816
5.73199987411499,4.51200008392334,-2.927000045776367,1776886919.842
5.73199987411499,4.51200008392334,-2.927000045776367,1776886919.856
5.73199987411499,4.51200008392334,-2.927000045776367,1776886919.882
-1.7070000171661377,-2.621999979019165,-3.5980000495910645,1776886919.896
77.072998046875,-56.402000427246094,-1.8289999961853027,1776886920.323
78.35399627685547,-79.02400207519531,0.4269999861717224,1776886920.336
58.779998779296875,3.9019999504089355,20.427000045776367,1776886920.362
25.488000869750977,53.11000061035156,47.37799835205078,1776886920.376
35.0,15.182999610900879,54.268001556396484,1776886920.402
13.293000221252441,-5.793000221252441,14.817000389099121,1776886920.822
15.48799991607666,6.828999996185303,21.03700065612793,1776886920.836
12.621999740600586,51.52399826049805,15.97599983215332,1776886920.862
12.621999740600586,51.52399826049805,15.97599983215332,1776886920.879
12.621999740600586,51.52399826049805,15.97599983215332,1776886920.896
20.243999481201172,-33.902000427246094,-13.414999961853027,1776886921.316
13.659000396728516,-3.0490000247955322,-35.792999267578125,1776886921.342
-14.390000343322754,-24.451000213623047,-30.243999481201172,1776886921.359
-20.97599983215332,-3.6589999198913574,-37.25600051879883,1776886921.376
-28.719999313354492,12.621999740600586,-33.231998443603516,1776886921.396
30.73200035095215,10.548999786376953,-55.61000061035156,1776886922.316
5.793000221252441,14.267999649047852,-122.25599670410156,1776886922.343
-14.451000213623047,-4.26800012588501,-136.27999877929688,1776886922.356
-22.134000778198242,42.19499969482422,-153.29299926757812,1776886922.382
18.415000915527344,8.354000091552734,-77.98799896240234,1776886922.396
-0.4880000054836273,4.939000129699707,-19.207000732421875,1776886922.818
-1.4019999504089355,0.4880000054836273,1.4630000591278076,1776886922.845
1.8899999856948853,-2.927000045776367,5.671000003814697,1776886922.856
-1.7680000066757202,-6.28000020980835,0.18299999833106995,1776886922.882
-0.6100000143051147,-1.159000039100647,-4.75600004196167,1776886922.896
0.0,0.3659999966621399,-1.4630000591278076,1776886923.336
0.0,0.3659999966621399,-1.4630000591278076,1776886923.362
0.061000000685453415,0.12200000137090683,-1.4630000591278076,1776886923.376
0.0,0.18299999833106995,-1.4630000591278076,1776886923.402
-0.061000000685453415,0.4269999861717224,-1.5850000381469727,1776886923.416
0.18299999833106995,1.5240000486373901,-0.3050000071525574,1776886923.823
0.6710000038146973,0.18299999833106995,0.4269999861717224,1776886923.839
-1.5850000381469727,-0.3659999966621399,2.683000087738037,1776886923.856
1.9509999752044678,-0.24400000274181366,0.4880000054836273,1776886923.882
-0.18299999833106995,3.6589999198913574,0.3659999966621399,1776886923.896
-2.865999937057495,6.4019999504089355,7.622000217437744,1776886924.344
-3.4149999618530273,-10.48799991607666,12.560999870300293,1776886924.356
11.585000038146973,5.060999870300293,6.28000020980835,1776886924.383
2.438999891281128,8.47599983215332,10.427000045776367,1776886924.399
-3.8410000801086426,-5.24399995803833,16.159000396728516,1776886924.416
18.780000686645508,12.378000259399414,-3.6589999198913574,1776886924.817
16.645999908447266,16.951000213623047,12.621999740600586,1776886924.852
13.293000221252441,17.378000259399414,-1.4019999504089355,1776886924.863
13.659000396728516,22.134000778198242,-0.4880000054836273,1776886924.879
14.939000129699707,22.988000869750977,-3.1710000038146973,1776886924.896
-4.877999782562256,-7.683000087738037,-20.427000045776367,1776886925.843
-34.084999084472656,-9.206999778747559,0.9760000109672546,1776886925.869
29.26799964904785,20.792999267578125,2.072999954223633,1776886925.879
72.37799835205078,2.927000045776367,-5.914999961853027,1776886925.896
66.88999938964844,-13.293000221252441,-6.0980000495910645,1776886925.922
-28.719999313354492,-39.573001861572266,-7.072999954223633,1776886926.336
-43.04899978637695,-15.182999610900879,-1.2799999713897705,1776886926.362
-60.426998138427734,19.756000518798828,-0.6100000143051147,1776886926.376
-69.08499908447266,33.231998443603516,-7.25600004196167,1776886926.402
-65.427001953125,42.80500030517578,-7.377999782562256,1776886926.418
-2.072999954223633,2.5,-4.328999996185303,1776886926.836
1.0980000495910645,1.0369999408721924,-5.427000045776367,1776886926.862
-1.5850000381469727,2.98799991607666,-1.7680000066757202,1776886926.884
-3.7799999713897705,5.304999828338623,-0.6100000143051147,1776886926.897
-5.122000217437744,5.548999786376953,-2.5,1776886926.922
-0.12200000137090683,0.3050000071525574,-1.4019999504089355,1776886927.336
-0.061000000685453415,0.18299999833106995,-1.5850000381469727,1776886927.362
0.061000000685453415,0.061000000685453415,-1.5850000381469727,1776886927.376
0.061000000685453415,0.18299999833106995,-1.4630000591278076,1776886927.402
0.061000000685453415,0.24400000274181366,-1.4630000591278076,1776886927.424
0.4880000054836273,0.18299999833106995,-1.2200000286102295,1776886927.842
1.159000039100647,0.18299999833106995,1.2200000286102295,1776886927.857
-2.74399995803833,2.01200008392334,0.4269999861717224,1776886927.883
-2.378000020980835,2.5,0.9760000109672546,1776886927.896
-2.316999912261963,1.6460000276565552,1.0980000495910645,1776886927.924
-15.366000175476074,-0.12200000137090683,-1.4630000591278076,1776886928.336
-0.24400000274181366,0.7929999828338623,-1.340999960899353,1776886928.362
-0.3659999966621399,0.9150000214576721,-0.8539999723434448,1776886928.376
-0.18299999833106995,0.3050000071525574,-1.4630000591278076,1776886928.402
15.793000221252441,0.0,-1.2799999713897705,1776886928.416
35.24399948120117,26.097999572753906,6.951000213623047,1776886928.843
24.878000259399414,7.195000171661377,9.755999565124512,1776886928.856
22.378000259399414,9.329000473022461,9.390000343322754,1776886928.882
26.76799964904785,10.0,5.060999870300293,1776886928.897
34.87799835205078,1.2200000286102295,-1.2200000286102295,1776886928.923
46.82899856567383,52.25600051879883,11.829000473022461,1776886929.336
-8.170999526977539,-47.926998138427734,12.866000175476074,1776886929.362
-32.74399948120117,-12.439000129699707,-24.02400016784668,1776886929.376
-13.720000267028809,-22.316999435424805,-14.329000473022461,1776886929.396
-9.390000343322754,-20.121999740600586,-1.6460000276565552,1776886929.422
44.45100021362305,9.694999694824219,-68.47599792480469,1776886929.842
6.706999778747559,8.963000297546387,-36.95100021362305,1776886929.857
-10.670999526977539,32.25600051879883,-44.87799835205078,1776886929.883
-25.365999221801758,31.03700065612793,-48.902000427246094,1776886929.896
-21.402000427246094,-17.134000778198242,-24.32900047302246,1776886929.922
14.694999694824219,-3.0490000247955322,-23.17099952697754,1776886930.336
-32.37799835205078,36.645999908447266,-56.4630012512207,1776886930.356
-31.03700065612793,23.659000396728516,-7.439000129699707,1776886930.383
-32.86600112915039,21.46299934387207,-11.52400016784668,1776886930.399
22.80500030517578,5.73199987411499,7.804999828338623,1776886930.417
23.902000427246094,14.390000343322754,-18.47599983215332,1776886930.856
43.47600173950195,-1.9509999752044678,-33.11000061035156,1776886930.879
21.889999389648438,15.97599983215332,-8.720000267028809,1776886930.896
16.340999603271484,-2.683000087738037,-12.317000389099121,1776886930.922
32.19499969482422,2.438999891281128,3.1710000038146973,1776886930.936
-0.12200000137090683,0.0,-1.340999960899353,1776886931.856
0.3659999966621399,-0.061000000685453415,-0.5490000247955322,1776886931.882
0.061000000685453415,0.061000000685453415,-2.316999912261963,1776886931.896
-0.061000000685453415,0.24400000274181366,-0.5490000247955322,1776886931.922
-0.061000000685453415,0.3050000071525574,-1.6460000276565552,1776886931.938
-0.061000000685453415,0.18299999833106995,-1.4630000591278076,1776886932.34
-0.061000000685453415,0.18299999833106995,-1.5240000486373901,1776886932.356
0.061000000685453415,0.18299999833106995,-1.4019999504089355,1776886932.383
0.0,0.18299999833106995,-1.4019999504089355,1776886932.401
0.061000000685453415,0.12200000137090683,-1.5240000486373901,1776886932.416
0.0,0.3050000071525574,-1.4630000591278076,1776886932.856
0.061000000685453415,0.18299999833106995,-1.5240000486373901,1776886932.882
0.061000000685453415,0.18299999833106995,-1.4019999504089355,1776886932.897
0.0,0.24400000274181366,-1.4630000591278076,1776886932.926
0.0,0.18299999833106995,-1.4630000591278076,1776886932.937
-33.47600173950195,-12.194999694824219,0.12200000137090683,1776886933.362
-40.487998962402344,-15.670999526977539,-1.5240000486373901,1776886933.376
-42.62200164794922,-40.426998138427734,13.414999961853027,1776886933.403
-36.4630012512207,-43.902000427246094,0.24400000274181366,1776886933.416
-27.988000869750977,-68.11000061035156,-9.633999824523926,1776886933.442
35.915000915527344,24.634000778198242,3.1710000038146973,1776886933.857
79.45099639892578,21.76799964904785,-11.890000343322754,1776886933.876
83.1709976196289,-20.915000915527344,-20.854000091552734,1776886933.902
62.012001037597656,-27.011999130249023,-33.720001220703125,1776886933.918
0.4880000054836273,10.182999610900879,-31.645999908447266,1776886933.945
-19.878000259399414,-15.244000434875488,7.560999870300293,1776886934.362
-23.597999572753906,-13.963000297546387,4.206999778747559,1776886934.376
-19.145999908447266,-10.97599983215332,0.6710000038146973,1776886934.402
-13.536999702453613,-9.085000038146973,-2.01200008392334,1776886934.417
0.7319999933242798,1.340999960899353,-1.0369999408721924,1776886934.446
-0.061000000685453415,0.18299999833106995,-1.4630000591278076,1776886935.362
-0.12200000137090683,0.18299999833106995,-1.4630000591278076,1776886935.377
-0.12200000137090683,0.24400000274181366,-1.4630000591278076,1776886935.402
-0.12200000137090683,0.24400000274181366,-1.4630000591278076,1776886935.416
-0.061000000685453415,0.18299999833106995,-1.4630000591278076,1776886935.443
0.7319999933242798,0.9760000109672546,-1.4019999504089355,1776886935.856
2.316999912261963,1.340999960899353,1.4019999504089355,1776886935.882
3.8410000801086426,1.0369999408721924,3.6589999198913574,1776886935.904
3.1710000038146973,3.0490000247955322,3.5369999408721924,1776886935.921
4.26800012588501,1.8289999961853027,-0.7319999933242798,1776886935.936
-8.232000350952148,-9.329000473022461,22.378000259399414,1776886936.363
-18.597999572753906,-6.341000080108643,19.02400016784668,1776886936.376
-22.927000045776367,-16.159000396728516,10.305000305175781,1776886936.402
-38.597999572753906,-7.927000045776367,5.366000175476074,1776886936.416
-34.573001861572266,5.060999870300293,5.060999870300293,1776886936.442
4.085000038146973,13.720000267028809,28.96299934387207,1776886936.856
28.96299934387207,74.20700073242188,65.85399627685547,1776886936.882
31.76799964904785,58.47600173950195,40.915000915527344,1776886936.897
37.62200164794922,59.145999908447266,6.0370001792907715,1776886936.926
30.548999786376953,37.987998962402344,-5.610000133514404,1776886936.936
3.8410000801086426,13.597999572753906,1.9509999752044678,1776886937.363
19.32900047302246,9.633999824523926,-8.47599983215332,1776886937.378
25.30500030517578,11.159000396728516,2.194999933242798,1776886937.404
28.47599983215332,13.354000091552734,1.159000039100647,1776886937.416
19.93899917602539,10.548999786376953,0.4269999861717224,1776886937.442
-157.19500732421875,-112.74400329589844,-19.207000732421875,1776886937.857
-119.93900299072266,-76.4020004272461,-15.732000350952148,1776886937.882
-51.95100021362305,-35.487998962402344,1.7680000066757202,1776886937.896
-3.0490000247955322,0.9150000214576721,16.280000686645508,1776886937.922
-8.293000221252441,-1.0980000495910645,-3.6589999198913574,1776886937.936
100.48799896240234,82.62200164794922,143.84100341796875,1776886938.383
121.0979995727539,98.77999877929688,128.59800720214844,1776886938.402
126.52400207519531,64.87799835205078,122.86599731445312,1776886938.416
116.46299743652344,-2.865999937057495,123.47599792480469,1776886938.442
69.75599670410156,-16.707000732421875,66.58499908447266,1776886938.456
262.8659973144531,-74.02400207519531,36.88999938964844,1776886938.882
276.2799987792969,-72.62200164794922,30.183000564575195,1776886938.896
286.4630126953125,-75.0,27.80500030517578,1776886938.929
305.54901123046875,-84.08499908447266,29.511999130249023,1776886938.94
340.0610046386719,-115.24400329589844,32.987998962402344,1776886938.957
-67.86599731445312,35.854000091552734,-14.145999908447266,1776886939.377
-34.268001556396484,23.780000686645508,-6.706999778747559,1776886939.403
-29.084999084472656,11.829000473022461,-0.6100000143051147,1776886939.417
-19.451000213623047,0.7929999828338623,1.6460000276565552,1776886939.443
17.621999740600586,-16.645999908447266,1.9509999752044678,1776886939.457
32.68299865722656,-4.389999866485596,5.427000045776367,1776886939.883
32.13399887084961,-0.3659999966621399,6.28000020980835,1776886939.896
17.56100082397461,4.877999782562256,3.2929999828338623,1776886939.922
7.866000175476074,6.0980000495910645,0.18299999833106995,1776886939.937
-1.7070000171661377,5.366000175476074,-2.98799991607666,1776886939.956
-0.061000000685453415,0.12200000137090683,-1.5240000486373901,1776886940.383
-0.24400000274181366,-0.061000000685453415,-1.340999960899353,1776886940.405
-0.3050000071525574,0.12200000137090683,-1.2799999713897705,1776886940.419
15.732000350952148,0.18299999833106995,-1.4019999504089355,1776886940.437
0.18299999833106995,0.24400000274181366,-1.4019999504089355,1776886940.462
0.3050000071525574,0.24400000274181366,-1.2799999713897705,1776886941.376
-0.12200000137090683,0.18299999833106995,-1.4630000591278076,1776886941.403
-0.3659999966621399,0.3659999966621399,-1.4019999504089355,1776886941.416
-0.3659999966621399,0.3050000071525574,-1.340999960899353,1776886941.442
0.3050000071525574,0.061000000685453415,-1.340999960899353,1776886941.456
0.3050000071525574,0.18299999833106995,-1.159000039100647,1776886941.877
-0.12200000137090683,0.4880000054836273,-1.4019999504089355,1776886941.903
0.3659999966621399,0.24400000274181366,-1.5850000381469727,1776886941.919
-0.18299999833106995,0.12200000137090683,-1.2799999713897705,1776886941.946
-0.12200000137090683,0.0,-1.340999960899353,1776886941.957
-0.18299999833106995,0.3050000071525574,-1.159000039100647,1776886942.402
-2.927000045776367,0.7319999933242798,-2.561000108718872,1776886942.414
-2.98799991607666,-0.12200000137090683,-2.561000108718872,1776886942.424
0.7319999933242798,-0.8539999723434448,-0.5490000247955322,1776886942.437
0.6100000143051147,-0.7929999828338623,-0.8539999723434448,1776886942.456
0.18299999833106995,0.12200000137090683,-1.4630000591278076,1776886943.376
-0.12200000137090683,0.061000000685453415,-1.4019999504089355,1776886943.402
-0.061000000685453415,0.24400000274181366,-1.2799999713897705,1776886943.416
0.0,0.24400000274181366,-1.4630000591278076,1776886943.443
0.0,0.12200000137090683,-1.5240000486373901,1776886943.457
0.061000000685453415,0.3050000071525574,-17.011999130249023,1776886943.902
-0.061000000685453415,0.4880000054836273,-1.4630000591278076,1776886943.926
-0.061000000685453415,0.12200000137090683,-1.5240000486373901,1776886943.938
0.24400000274181366,-0.061000000685453415,-1.4630000591278076,1776886943.965
0.24400000274181366,0.3659999966621399,-1.340999960899353,1776886943.976
0.7319999933242798,0.061000000685453415,-0.7929999828338623,1776886944.399
-0.5490000247955322,-0.12200000137090683,-0.6710000038146973,1776886944.425
1.9509999752044678,0.12200000137090683,-0.9150000214576721,1776886944.437
0.5490000247955322,0.9760000109672546,-0.8539999723434448,1776886944.465
-0.7929999828338623,0.4269999861717224,-1.8899999856948853,1776886944.478
0.061000000685453415,0.18299999833106995,-1.5240000486373901,1776886944.897
0.0,0.12200000137090683,-1.4019999504089355,1776886944.925
0.061000000685453415,0.3050000071525574,-1.340999960899353,1776886944.937
0.061000000685453415,0.18299999833106995,-1.4019999504089355,1776886944.963
-0.061000000685453415,0.12200000137090683,-1.5850000381469727,1776886944.976
0.061000000685453415,0.3659999966621399,-1.4630000591278076,1776886945.404
0.061000000685453415,0.12200000137090683,-1.2799999713897705,1776886945.416
-0.12200000137090683,0.3659999966621399,-1.4630000591278076,1776886945.442
0.061000000685453415,0.12200000137090683,-1.4630000591278076,1776886945.457
0.18299999833106995,0.3050000071525574,-1.2799999713897705,1776886945.487
-0.7319999933242798,0.24400000274181366,-1.4630000591278076,1776886945.897
0.12200000137090683,0.12200000137090683,-1.4630000591278076,1776886945.923
0.12200000137090683,0.061000000685453415,-1.6460000276565552,1776886945.937
0.0,0.24400000274181366,-1.7680000066757202,1776886945.963
0.18299999833106995,0.061000000685453415,-1.4630000591278076,1776886945.976
-0.12200000137090683,0.24400000274181366,-1.340999960899353,1776886946.898
-0.12200000137090683,0.24400000274181366,-1.5850000381469727,1776886946.928
0.4269999861717224,0.0,-1.340999960899353,1776886946.939
-0.18299999833106995,0.3050000071525574,-1.340999960899353,1776886946.964
0.0,0.4269999861717224,-1.5240000486373901,1776886946.977
0.0,0.24400000274181366,-1.4630000591278076,1776886947.404
0.0,0.24400000274181366,-1.4630000591278076,1776886947.417
0.0,0.24400000274181366,-1.4630000591278076,1776886947.442
-0.061000000685453415,0.12200000137090683,-1.4630000591278076,1776886947.457
0.0,0.061000000685453415,-1.4019999504089355,1776886947.483
0.0,0.18299999833106995,-1.4019999504089355,1776886947.898
-0.061000000685453415,0.24400000274181366,-1.4019999504089355,1776886947.924
-0.061000000685453415,0.3050000071525574,-1.4019999504089355,1776886947.938
0.0,0.18299999833106995,-1.5240000486373901,1776886947.957
-0.061000000685453415,0.3659999966621399,-1.4630000591278076,1776886947.982
0.061000000685453415,0.24400000274181366,-1.4630000591278076,1776886948.404
-0.061000000685453415,0.18299999833106995,-1.5850000381469727,1776886948.424
-0.061000000685453415,0.18299999833106995,-1.5850000381469727,1776886948.437
-0.061000000685453415,0.18299999833106995,-1.5850000381469727,1776886948.463
-0.061000000685453415,0.24400000274181366,-1.4019999504089355,1776886948.479
0.0,0.12200000137090683,-1.4019999504089355,1776886948.897
-0.061000000685453415,0.12200000137090683,-1.4630000591278076,1776886948.926
-0.061000000685453415,0.24400000274181366,-1.5240000486373901,1776886948.937
0.0,0.12200000137090683,-17.011999130249023,1776886948.963
0.0,0.24400000274181366,-1.4630000591278076,1776886948.977
-0.061000000685453415,0.12200000137090683,-1.4630000591278076,1776886949.397
0.061000000685453415,0.18299999833106995,-1.4019999504089355,1776886949.423
0.061000000685453415,0.12200000137090683,-1.2799999713897705,1776886949.437
0.0,0.24400000274181366,-1.4019999504089355,1776886949.463
0.0,0.0,-1.4019999504089355,1776886949.477
-0.061000000685453415,0.18299999833106995,-1.4019999504089355,1776886949.897
-0.061000000685453415,0.18299999833106995,-1.340999960899353,1776886949.923
0.0,0.061000000685453415,-1.340999960899353,1776886949.941
0.0,0.18299999833106995,-1.4019999504089355,1776886949.957
-0.061000000685453415,0.24400000274181366,-1.4630000591278076,1776886949.984
0.0,0.061000000685453415,-1.4019999504089355,1776886950.899
-0.061000000685453415,0.18299999833106995,-1.4019999504089355,1776886950.926
-0.061000000685453415,0.18299999833106995,-1.4019999504089355,1776886950.939
0.0,0.18299999833106995,-1.340999960899353,1776886950.964
0.0,0.18299999833106995,-1.340999960899353,1776886950.977
0.0,0.18299999833106995,-1.4019999504089355,1776886951.417
-0.061000000685453415,0.18299999833106995,-1.5240000486373901,1776886951.443
0.0,0.18299999833106995,-1.4019999504089355,1776886951.457
0.061000000685453415,0.18299999833106995,-1.4630000591278076,1776886951.485
-0.061000000685453415,0.12200000137090683,-1.4019999504089355,1776886951.498
-0.061000000685453415,0.3050000071525574,-1.4630000591278076,1776886951.917
3.2929999828338623,0.4269999861717224,-0.9150000214576721,1776886951.937
2.316999912261963,0.8539999723434448,0.0,1776886951.963
-0.6100000143051147,1.0369999408721924,-1.5850000381469727,1776886951.977
-2.072999954223633,-0.4880000054836273,-1.8289999961853027,1776886952.004
-0.4269999861717224,0.3050000071525574,-1.5850000381469727,1776886952.918
-0.12200000137090683,0.12200000137090683,-1.4630000591278076,1776886952.944
0.061000000685453415,0.18299999833106995,-1.340999960899353,1776886952.957
-0.5490000247955322,0.24400000274181366,-1.340999960899353,1776886952.983
0.061000000685453415,0.3050000071525574,-1.5240000486373901,1776886952.997
0.18299999833106995,0.3050000071525574,-1.5850000381469727,1776886953.417
-0.3659999966621399,0.0,-1.4630000591278076,1776886953.443
0.24400000274181366,0.0,-1.2200000286102295,1776886953.457
0.061000000685453415,0.12200000137090683,-1.5850000381469727,1776886953.482
0.12200000137090683,0.3050000071525574,-1.4630000591278076,1776886953.497
0.12200000137090683,0.061000000685453415,-1.4019999504089355,1776886953.918
0.18299999833106995,0.24400000274181366,-1.4019999504089355,1776886953.945
0.18299999833106995,0.24400000274181366,-1.4630000591278076,1776886953.957
0.12200000137090683,0.18299999833106995,-1.5240000486373901,1776886953.985
0.061000000685453415,0.18299999833106995,-1.5240000486373901,1776886954.003
0.12200000137090683,0.24400000274181366,-1.340999960899353,1776886954.417
0.3659999966621399,0.3050000071525574,-1.4630000591278076,1776886954.443
-0.4880000054836273,0.24400000274181366,-1.5240000486373901,1776886954.457
0.18299999833106995,0.061000000685453415,-1.340999960899353,1776886954.483
0.0,0.12200000137090683,-1.340999960899353,1776886954.497
-0.18299999833106995,0.3050000071525574,-1.340999960899353,1776886955.443
-0.061000000685453415,0.3050000071525574,-1.5850000381469727,1776886955.46
-0.3659999966621399,-0.061000000685453415,-1.4630000591278076,1776886955.477
0.12200000137090683,0.24400000274181366,-1.340999960899353,1776886955.503
-0.12200000137090683,0.5490000247955322,-1.5240000486373901,1776886955.519
0.12200000137090683,0.24400000274181366,-1.2799999713897705,1776886956.423
0.3659999966621399,0.24400000274181366,-1.2799999713897705,1776886956.437
-0.3050000071525574,0.061000000685453415,-1.4630000591278076,1776886956.463
0.0,0.24400000274181366,-1.5240000486373901,1776886956.481
0.061000000685453415,0.061000000685453415,-1.4630000591278076,1776886956.497
0.3659999966621399,0.12200000137090683,-1.4630000591278076,1776886957.443
0.18299999833106995,0.4269999861717224,-1.2799999713897705,1776886957.457
-0.18299999833106995,0.18299999833106995,-1.5850000381469727,1776886957.488
0.0,0.0,-1.4019999504089355,1776886957.499
0.3050000071525574,0.12200000137090683,-1.4630000591278076,1776886957.525
28.415000915527344,165.73199462890625,18.23200035095215,1776886957.937
18.719999313354492,177.68299865722656,19.511999130249023,1776886957.964
16.52400016784668,192.98800659179688,20.06100082397461,1776886957.977
22.56100082397461,248.53700256347656,10.060999870300293,1776886958.003
28.354000091552734,288.5369873046875,-7.683000087738037,1776886958.017
41.707000732421875,116.4020004272461,-0.061000000685453415,1776886958.437
31.219999313354492,97.68299865722656,-0.18299999833106995,1776886958.457
11.159000396728516,105.30500030517578,-14.817000389099121,1776886958.483
-8.170999526977539,97.37799835205078,-18.110000610351562,1776886958.5
-21.951000213623047,-4.206999778747559,-27.683000564575195,1776886958.517
0.0,0.18299999833106995,-17.011999130249023,1776886958.937
15.793000221252441,0.5490000247955322,-1.5240000486373901,1776886958.963
0.061000000685453415,0.0,-1.2799999713897705,1776886958.977
-0.12200000137090683,0.061000000685453415,-1.5850000381469727,1776886959.003
0.0,0.3659999966621399,-1.4630000591278076,1776886959.017
-0.061000000685453415,0.12200000137090683,-1.4630000591278076,1776886959.443
-0.061000000685453415,0.24400000274181366,-1.4019999504089355,1776886959.457
0.0,0.12200000137090683,-1.4019999504089355,1776886959.486
-0.061000000685453415,0.18299999833106995,-1.4630000591278076,1776886959.497
0.0,0.18299999833106995,-1.4630000591278076,1776886959.524
0.0,0.18299999833106995,-1.5240000486373901,1776886959.937
0.0,0.18299999833106995,-1.340999960899353,1776886959.97
0.061000000685453415,0.12200000137090683,-1.4630000591278076,1776886959.982
0.0,0.12200000137090683,-1.4630000591278076,1776886959.999
-0.061000000685453415,0.12200000137090683,-1.5240000486373901,1776886960.025
-0.061000000685453415,0.18299999833106995,-1.4630000591278076,1776886960.443
0.061000000685453415,0.12200000137090683,-1.5240000486373901,1776886960.457
0.0,0.12200000137090683,-1.4630000591278076,1776886960.483
-0.12200000137090683,0.24400000274181366,-1.4019999504089355,1776886960.5
0.0,0.24400000274181366,-1.4630000591278076,1776886960.517
-0.061000000685453415,0.18299999833106995,-1.4019999504089355,1776886961.443
0.061000000685453415,0.18299999833106995,-1.4630000591278076,1776886961.458
-0.061000000685453415,0.18299999833106995,-1.4019999504089355,1776886961.484
-0.061000000685453415,0.18299999833106995,-1.4630000591278076,1776886961.497
0.0,0.12200000137090683,-1.4019999504089355,1776886961.523
-0.18299999833106995,-2.194999933242798,10.427000045776367,1776886962.457
0.9760000109672546,1.5850000381469727,10.97599983215332,1776886962.483
-0.4880000054836273,-1.2799999713897705,4.451000213623047,1776886962.497
-3.109999895095825,0.4269999861717224,7.195000171661377,1776886962.524
0.7319999933242798,-0.24400000274181366,4.816999912261963,1776886962.537
-9.572999954223633,0.0,39.207000732421875,1776886962.937
-9.572999954223633,0.0,39.207000732421875,1776886962.963
6.0980000495910645,1.8899999856948853,38.9630012512207,1776886962.977
-5.610000133514404,-2.194999933242798,34.69499969482422,1776886962.997
-5.24399995803833,-7.072999954223633,35.06100082397461,1776886963.023
-1.8289999961853027,1.0980000495910645,-5.914999961853027,1776886963.946
-1.8289999961853027,1.0980000495910645,-5.914999961853027,1776886963.957
-1.8289999961853027,0.3659999966621399,-7.622000217437744,1776886963.983
-2.134000062942505,0.3050000071525574,-7.377999782562256,1776886963.999
1.9509999752044678,-1.0369999408721924,-8.109999656677246,1776886964.019
-1.2200000286102295,1.5850000381469727,-16.82900047302246,1776886964.444
-4.877999782562256,0.12200000137090683,-9.145999908447266,1776886964.462
-4.877999782562256,-1.8289999961853027,-8.720000267028809,1776886964.479
0.061000000685453415,-0.9760000109672546,-6.706999778747559,1776886964.507
1.0369999408721924,-0.061000000685453415,-11.279999732971191,1776886964.518
14.939000129699707,7.74399995803833,-39.81700134277344,1776886965.457
8.720000267028809,11.402000427246094,-47.74399948120117,1776886965.483
2.25600004196167,8.779999732971191,-48.17100143432617,1776886965.498
-4.939000129699707,-9.267999649047852,-62.25600051879883,1776886965.524
6.52400016784668,6.0370001792907715,-74.87799835205078,1776886965.537
-4.206999778747559,-1.340999960899353,-37.43899917602539,1776886966.464
1.2799999713897705,1.6460000276565552,-31.707000732421875,1776886966.479
0.6100000143051147,-4.816999912261963,-38.779998779296875,1776886966.497
0.3659999966621399,-4.572999954223633,-42.926998138427734,1776886966.523
1.4630000591278076,-1.0369999408721924,-43.231998443603516,1776886966.537
-0.7319999933242798,3.6589999198913574,-39.573001861572266,1776886966.959
-0.7319999933242798,3.6589999198913574,-39.573001861572266,1776886966.985
-0.7319999933242798,3.6589999198913574,-39.573001861572266,1776886966.997
-1.4630000591278076,0.6710000038146973,-46.88999938964844,1776886967.023
-2.621999979019165,7.683000087738037,-47.5,1776886967.039
3.3540000915527344,2.194999933242798,-40.12200164794922,1776886967.457
1.6460000276565552,-0.9150000214576721,-40.12200164794922,1776886967.486
0.7319999933242798,-1.8899999856948853,-43.415000915527344,1776886967.497
-2.316999912261963,-0.3659999966621399,-45.915000915527344,1776886967.524
1.4630000591278076,1.340999960899353,-39.63399887084961,1776886967.537
3.3540000915527344,0.061000000685453415,-44.084999084472656,1776886967.963
2.98799991607666,1.0980000495910645,-42.68299865722656,1776886967.977
2.98799991607666,1.0980000495910645,-42.68299865722656,1776886968.003
2.98799991607666,1.0980000495910645,-42.68299865722656,1776886968.017
3.3540000915527344,-0.9760000109672546,-42.012001037597656,1776886968.048
8.902000427246094,11.829000473022461,-26.707000732421875,1776886968.457
14.633999824523926,17.134000778198242,-20.243999481201172,1776886968.483
16.402000427246094,12.378000259399414,-20.365999221801758,1776886968.497
15.548999786376953,3.0490000247955322,-24.572999954223633,1776886968.524
8.659000396728516,0.0,-27.743999481201172,1776886968.537
-3.0490000247955322,-8.659000396728516,-42.68299865722656,1776886968.964
-4.633999824523926,-3.3540000915527344,-44.32899856567383,1776886968.977
5.183000087738037,11.402000427246094,-35.0,1776886969.003
5.183000087738037,11.402000427246094,-35.0,1776886969.017
5.183000087738037,11.402000427246094,-35.0,1776886969.043
-8.354000091552734,-7.25600004196167,-47.86600112915039,1776886969.477
-7.5,-5.671000003814697,-46.95100021362305,1776886969.503
-5.793000221252441,-7.560999870300293,-43.231998443603516,1776886969.526
-0.24400000274181366,-0.7929999828338623,-35.915000915527344,1776886969.537
1.9509999752044678,-2.134000062942505,-33.779998779296875,1776886969.563
4.085000038146973,5.24399995803833,-44.32899856567383,1776886969.98
4.75600004196167,-1.340999960899353,-63.231998443603516,1776886970.005
6.645999908447266,-2.194999933242798,-49.63399887084961,1776886970.017
6.645999908447266,-2.194999933242798,-49.63399887084961,1776886970.047
6.645999908447266,-2.194999933242798,-49.63399887084961,1776886970.058
-0.4269999861717224,-5.24399995803833,-42.926998138427734,1776886970.479
-3.1710000038146973,-0.9760000109672546,-42.926998138427734,1776886970.497
-2.74399995803833,-2.25600004196167,-50.0,1776886970.523
-4.816999912261963,5.73199987411499,-48.720001220703125,1776886970.537
-5.366000175476074,-0.3050000071525574,-51.340999603271484,1776886970.563
-8.109999656677246,-13.659000396728516,-3.7799999713897705,1776886970.977
-7.5,-12.194999694824219,-4.51200008392334,1776886971.006
-6.0980000495910645,1.159000039100647,3.3540000915527344,1776886971.018
13.840999603271484,6.706999778747559,0.18299999833106995,1776886971.044
13.840999603271484,6.706999778747559,0.18299999833106995,1776886971.057
-0.061000000685453415,0.18299999833106995,-1.340999960899353,1776886971.483
-0.12200000137090683,0.24400000274181366,-1.4630000591278076,1776886971.497
0.0,0.24400000274181366,-1.4630000591278076,1776886971.523
0.0,0.24400000274181366,-1.4630000591278076,1776886971.537
0.0,0.18299999833106995,-1.4630000591278076,1776886971.566
0.0,0.3050000071525574,-1.0980000495910645,1776886971.984
0.18299999833106995,0.3659999966621399,-0.6710000038146973,1776886972.001
0.3659999966621399,0.4269999861717224,0.7319999933242798,1776886972.017
0.061000000685453415,0.061000000685453415,-0.7929999828338623,1776886972.043
1.2200000286102295,0.7929999828338623,1.7070000171661377,1776886972.057
0.12200000137090683,-33.354000091552734,-38.9630012512207,1776886972.479
17.743999481201172,-120.12200164794922,-63.354000091552734,1776886972.505
29.451000213623047,-141.5850067138672,-81.34100341796875,1776886972.517
35.54899978637695,-71.88999938964844,-75.61000061035156,1776886972.545
128.90199279785156,55.61000061035156,29.572999954223633,1776886972.559
-0.6100000143051147,0.0,-2.01200008392334,1776886972.977
0.0,0.3050000071525574,-2.927000045776367,1776886973.003
1.159000039100647,-0.9150000214576721,-0.6710000038146973,1776886973.017
0.5490000247955322,-0.3050000071525574,-2.01200008392334,1776886973.043
-0.6100000143051147,0.3659999966621399,-1.5850000381469727,1776886973.057
-0.061000000685453415,0.18299999833106995,-1.4019999504089355,1776886973.503
0.061000000685453415,0.24400000274181366,-1.4019999504089355,1776886973.519
0.0,0.18299999833106995,-1.4630000591278076,1776886973.546
0.061000000685453415,0.18299999833106995,-1.4019999504089355,1776886973.563
0.0,0.18299999833106995,-1.4630000591278076,1776886973.577
0.4269999861717224,0.0,-2.438999891281128,1776886973.977
0.3050000071525574,0.3050000071525574,-2.621999979019165,1776886974.004
1.8899999856948853,0.18299999833106995,-9.267999649047852,1776886974.019
-0.3659999966621399,0.3050000071525574,-4.145999908447266,1776886974.045
0.4269999861717224,-0.12200000137090683,0.6100000143051147,1776886974.057
1.7680000066757202,-1.0980000495910645,-17.927000045776367,1776886974.504
2.927000045776367,-0.8539999723434448,-18.96299934387207,1776886974.517
0.4880000054836273,-3.3540000915527344,-23.47599983215332,1776886974.544
1.6460000276565552,-3.9019999504089355,-26.707000732421875,1776886974.559
0.3659999966621399,0.3050000071525574,-16.82900047302246,1776886974.577
0.8539999723434448,-0.6710000038146973,1.0369999408721924,1776886974.977
0.7929999828338623,-1.340999960899353,0.12200000137090683,1776886975.006
1.5850000381469727,0.12200000137090683,3.2929999828338623,1776886975.017
-0.4880000054836273,0.5490000247955322,2.865999937057495,1776886975.045
0.18299999833106995,-1.2799999713897705,-0.3050000071525574,1776886975.057
-2.134000062942505,1.7680000066757202,-1.5850000381469727,1776886975.497
-1.7070000171661377,0.4880000054836273,-2.01200008392334,1776886975.523
-2.621999979019165,2.5,3.5369999408721924,1776886975.539
0.4880000054836273,-1.8899999856948853,5.671000003814697,1776886975.566
0.061000000685453415,0.7319999933242798,10.121999740600586,1776886975.577
0.4269999861717224,-15.427000045776367,15.732000350952148,1776886976.003
-5.427000045776367,-20.06100082397461,14.817000389099121,1776886976.019
-21.951000213623047,15.670999526977539,9.633999824523926,1776886976.049
1.8289999961853027,-18.53700065612793,52.926998138427734,1776886976.06
2.927000045776367,-5.73199987411499,90.24400329589844,1776886976.086
2.134000062942505,-2.805000066757202,25.854000091552734,1776886976.506
4.877999782562256,-5.304999828338623,26.280000686645508,1776886976.517
4.939000129699707,-0.6100000143051147,22.316999435424805,1776886976.543
5.671000003814697,-1.340999960899353,24.756000518798828,1776886976.564
4.75600004196167,0.6100000143051147,24.145999908447266,1776886976.578
0.4269999861717224,1.7070000171661377,42.926998138427734,1776886977.011
-0.7929999828338623,1.9509999752044678,49.93899917602539,1776886977.022
0.6100000143051147,1.4630000591278076,53.779998779296875,1776886977.043
-1.7070000171661377,0.8539999723434448,52.987998962402344,1776886977.057
-5.122000217437744,-2.316999912261963,49.69499969482422,1776886977.086
-0.7319999933242798,-3.1710000038146973,26.402000427246094,1776886977.498
3.2320001125335693,-1.9509999752044678,29.145999908447266,1776886977.523
3.7200000286102295,3.0490000247955322,30.243999481201172,1776886977.537
0.6710000038146973,-2.5,32.987998962402344,1776886977.563
0.4269999861717224,-0.24400000274181366,30.97599983215332,1776886977.577
0.18299999833106995,0.18299999833106995,-1.5240000486373901,1776886978.003
-0.061000000685453415,0.061000000685453415,-0.7929999828338623,1776886978.017
-0.061000000685453415,0.12200000137090683,-1.5240000486373901,1776886978.037
-0.061000000685453415,0.3050000071525574,-1.0980000495910645,1776886978.063
-0.061000000685453415,0.24400000274181366,-1.6460000276565552,1776886978.079
0.0,0.24400000274181366,-1.5240000486373901,1776886978.497
-0.061000000685453415,0.12200000137090683,-1.4630000591278076,1776886978.523
-0.061000000685453415,0.24400000274181366,-1.4630000591278076,1776886978.537
0.0,0.18299999833106995,-1.4019999504089355,1776886978.563
0.061000000685453415,0.18299999833106995,-1.4630000591278076,1776886978.577
7.683000087738037,-1.2200000286102295,-5.914999961853027,1776886979.017
9.145999908447266,-1.8899999856948853,-4.633999824523926,1776886979.043
8.354000091552734,-2.561000108718872,-9.02400016784668,1776886979.059
8.109999656677246,0.3659999966621399,-9.085000038146973,1776886979.086
13.354000091552734,-13.170999526977539,0.5490000247955322,1776886979.098
1.5240000486373901,-3.7200000286102295,16.46299934387207,1776886979.498
1.8899999856948853,-4.695000171661377,3.9019999504089355,1776886979.523
2.316999912261963,-3.3540000915527344,-14.817000389099121,1776886979.537
0.7929999828338623,-2.805000066757202,-3.2929999828338623,1776886979.565
0.3050000071525574,-6.828999996185303,1.340999960899353,1776886979.577
0.0,0.12200000137090683,-1.5240000486373901,1776886980.026
0.0,0.18299999833106995,-1.4019999504089355,1776886980.037
0.061000000685453415,0.3050000071525574,-1.4019999504089355,1776886980.064
0.0,0.24400000274181366,-1.4630000591278076,1776886980.079
0.0,0.12200000137090683,-1.4019999504089355,1776886980.097
0.061000000685453415,0.18299999833106995,-1.4630000591278076,1776886980.519
0.0,0.18299999833106995,-1.4019999504089355,1776886980.545
0.0,0.18299999833106995,-1.5240000486373901,1776886980.559
0.0,0.12200000137090683,-1.4630000591278076,1776886980.586
-0.061000000685453415,0.18299999833106995,-1.4630000591278076,1776886980.597
36.52399826049805,-51.645999908447266,8.170999526977539,1776886981.024
32.012001037597656,-72.01200103759766,-10.305000305175781,1776886981.039
46.768001556396484,-69.51200103759766,-10.609999656677246,1776886981.059
60.18299865722656,-46.584999084472656,1.4630000591278076,1776886981.078
16.707000732421875,6.76800012588501,26.52400016784668,1776886981.104
-5.366000175476074,-7.439000129699707,1.8899999856948853,1776886981.523
-5.427000045776367,-6.828999996185303,2.072999954223633,1776886981.538
-3.8410000801086426,-4.389999866485596,1.4019999504089355,1776886981.563
-2.5,-3.0490000247955322,0.7319999933242798,1776886981.577
-1.6460000276565552,-1.5240000486373901,0.0,1776886981.603
1.8899999856948853,2.438999891281128,-9.390000343322754,1776886982.017
5.304999828338623,1.4630000591278076,-14.145999908447266,1776886982.043
-1.4630000591278076,9.329000473022461,-20.243999481201172,1776886982.058
-3.9630000591278076,10.060999870300293,-24.878000259399414,1776886982.084
-5.73199987411499,8.779999732971191,-30.97599983215332,1776886982.098
-0.9760000109672546,-0.24400000274181366,-0.7929999828338623,1776886982.521
-0.4269999861717224,-0.12200000137090683,-1.5240000486373901,1776886982.537
0.4269999861717224,0.6710000038146973,-1.7680000066757202,1776886982.563
0.061000000685453415,0.3050000071525574,-1.6460000276565552,1776886982.577
0.12200000137090683,0.3050000071525574,-1.4630000591278076,1776886982.603
3.4149999618530273,10.305000305175781,-7.5,1776886983.017
7.133999824523926,-9.02400016784668,-3.2929999828338623,1776886983.043
-2.438999891281128,-3.3540000915527344,-17.316999435424805,1776886983.057
-1.5240000486373901,-7.25600004196167,-8.354000091552734,1776886983.09
-4.877999782562256,-0.9150000214576721,3.2320001125335693,1776886983.1
-1.159000039100647,0.4269999861717224,0.8539999723434448,1776886983.523
-1.0980000495910645,-1.5850000381469727,1.6460000276565552,1776886983.541
-0.4880000054836273,-3.2929999828338623,-1.8289999961853027,1776886983.557
-0.9760000109672546,-1.4019999504089355,-5.793000221252441,1776886983.583
0.18299999833106995,0.5490000247955322,-7.195000171661377,1776886983.599
2.5,-4.695000171661377,-3.4149999618530273,1776886984.017
0.12200000137090683,-3.9630000591278076,-10.182999610900879,1776886984.044
0.8539999723434448,-5.671000003814697,-5.122000217437744,1776886984.057
-3.9019999504089355,-0.061000000685453415,-0.6710000038146973,1776886984.083
-2.927000045776367,-1.4630000591278076,-1.4019999504089355,1776886984.102
1.5240000486373901,3.1710000038146973,-0.3050000071525574,1776886984.545
1.8289999961853027,3.0490000247955322,-2.683000087738037,1776886984.559
0.3659999966621399,0.3050000071525574,-0.9760000109672546,1776886984.586
-1.7070000171661377,-0.6710000038146973,0.0,1776886984.598
-1.0980000495910645,-1.159000039100647,-1.7070000171661377,1776886984.624
1.0980000495910645,0.18299999833106995,-3.4149999618530273,1776886985.027
-0.9150000214576721,2.25600004196167,2.072999954223633,1776886985.037
-1.159000039100647,-1.0369999408721924,1.6460000276565552,1776886985.064
-0.8539999723434448,-1.8899999856948853,-5.854000091552734,1776886985.078
-0.5490000247955322,1.8289999961853027,1.9509999752044678,1776886985.104
1.8289999961853027,0.8539999723434448,-3.0490000247955322,1776886985.546
-2.01200008392334,1.0369999408721924,1.8899999856948853,1776886985.558
-2.98799991607666,-2.561000108718872,2.072999954223633,1776886985.589
-1.9509999752044678,-3.5369999408721924,-3.9630000591278076,1776886985.6
0.18299999833106995,-0.7929999828338623,-3.7200000286102295,1776886985.618
-15.244000434875488,-1.9509999752044678,-2.98799991607666,1776886986.044
-5.73199987411499,1.7680000066757202,4.695000171661377,1776886986.058
-4.451000213623047,4.695000171661377,1.2200000286102295,1776886986.084
-1.2799999713897705,3.9019999504089355,-1.5240000486373901,1776886986.099
-5.914999961853027,4.695000171661377,7.133999824523926,1776886986.118
-0.8539999723434448,0.8539999723434448,0.7929999828338623,1776886986.544
-0.9760000109672546,0.24400000274181366,0.0,1776886986.558
-0.8539999723434448,-0.6710000038146973,-0.3050000071525574,1776886986.586
0.12200000137090683,-0.3050000071525574,-2.134000062942505,1776886986.598
0.6710000038146973,0.7319999933242798,-3.5369999408721924,1776886986.624
-0.3659999966621399,-0.3050000071525574,-1.6460000276565552,1776886987.038
-0.3659999966621399,-0.4880000054836273,-1.6460000276565552,1776886987.064
0.6100000143051147,1.4630000591278076,-1.340999960899353,1776886987.077
0.6100000143051147,0.6710000038146973,-1.4019999504089355,1776886987.104
-0.12200000137090683,0.0,-1.4019999504089355,1776886987.127
-8.963000297546387,-59.45100021362305,-20.365999221801758,1776886987.538
-5.914999961853027,-51.88999938964844,-26.76799964904785,1776886987.57
-30.121999740600586,-35.792999267578125,5.183000087738037,1776886987.581
-36.88999938964844,-46.402000427246094,13.720000267028809,1776886987.599
-2.5,-47.80500030517578,-8.47599983215332,1776886987.625
-4.328999996185303,1.2799999713897705,-1.2200000286102295,1776886988.038
-2.134000062942505,7.927000045776367,-1.5850000381469727,1776886988.064
-4.26800012588501,0.6100000143051147,-5.0,1776886988.08
-2.01200008392334,1.6460000276565552,0.0,1776886988.106
1.4019999504089355,-1.0369999408721924,-0.12200000137090683,1776886988.118
0.0,0.24400000274181366,-1.4630000591278076,1776886988.538
0.0,0.18299999833106995,-1.4630000591278076,1776886988.564
0.0,0.18299999833106995,-1.4019999504089355,1776886988.578
0.0,0.12200000137090683,-1.4019999504089355,1776886988.598
0.061000000685453415,0.18299999833106995,-1.4630000591278076,1776886988.624
-0.061000000685453415,0.18299999833106995,-1.5240000486373901,1776886989.038
0.0,0.12200000137090683,-1.4630000591278076,1776886989.066
0.0,0.12200000137090683,-1.4630000591278076,1776886989.078
-0.061000000685453415,0.24400000274181366,-1.4019999504089355,1776886989.104
-0.061000000685453415,0.18299999833106995,-1.4630000591278076,1776886989.119
0.12200000137090683,0.12200000137090683,-1.5240000486373901,1776886989.538
0.0,0.12200000137090683,-1.4630000591278076,1776886989.566
0.0,0.12200000137090683,-1.340999960899353,1776886989.577
0.061000000685453415,0.18299999833106995,-1.4019999504089355,1776886989.603
0.0,0.18299999833106995,-1.4019999504089355,1776886989.619
-1.7680000066757202,-0.3659999966621399,0.3659999966621399,1776886990.043
0.8539999723434448,0.061000000685453415,-2.194999933242798,1776886990.058
1.340999960899353,-0.061000000685453415,-3.3540000915527344,1776886990.083
-0.24400000274181366,0.18299999833106995,-0.061000000685453415,1776886990.098
-0.6710000038146973,-0.18299999833106995,-2.5,1776886990.125
1.159000039100647,1.2200000286102295,-1.7070000171661377,1776886990.558
0.0,5.060999870300293,1.5240000486373901,1776886990.584
1.0369999408721924,5.97599983215332,0.9150000214576721,1776886990.598
-2.5,6.52400016784668,-2.378000020980835,1776886990.624
-0.4880000054836273,5.0,-4.877999782562256,1776886990.64
46.0369987487793,20.427000045776367,7.25600004196167,1776886991.043
17.621999740600586,-25.610000610351562,-12.378000259399414,1776886991.058
23.17099952697754,-25.121999740600586,-8.536999702453613,1776886991.094
4.328999996185303,-24.451000213623047,-24.634000778198242,1776886991.106
14.755999565124512,-56.645999908447266,-11.706999778747559,1776886991.119
41.88999938964844,8.840999603271484,-30.30500030517578,1776886991.538
41.88999938964844,8.840999603271484,-30.30500030517578,1776886991.568
-8.293000221252441,-3.9630000591278076,8.109999656677246,1776886991.579
-3.2929999828338623,-2.01200008392334,-2.561000108718872,1776886991.605
3.7799999713897705,5.610000133514404,-1.8289999961853027,1776886991.618
2.378000020980835,-4.206999778747559,-9.02400016784668,1776886992.038
-9.694999694824219,-1.5850000381469727,-17.80500030517578,1776886992.064
-9.694999694824219,-1.5850000381469727,-17.80500030517578,1776886992.079
-9.694999694824219,-1.5850000381469727,-17.80500030517578,1776886992.098
17.43899917602539,5.854000091552734,6.28000020980835,1776886992.118
-0.7929999828338623,-0.061000000685453415,-3.0490000247955322,1776886992.565
-2.194999933242798,0.4880000054836273,2.561000108718872,1776886992.578
-2.683000087738037,-0.24400000274181366,-0.7929999828338623,1776886992.604
-1.4019999504089355,0.8539999723434448,-3.2929999828338623,1776886992.618
0.4880000054836273,0.8539999723434448,-1.0369999408721924,1776886992.643
-0.24400000274181366,-2.805000066757202,-5.793000221252441,1776886993.058
0.5490000247955322,-2.316999912261963,-5.122000217437744,1776886993.086
0.5490000247955322,-2.316999912261963,-5.122000217437744,1776886993.098
0.5490000247955322,-2.316999912261963,-5.122000217437744,1776886993.124
0.5490000247955322,-2.316999912261963,-5.122000217437744,1776886993.14
9.694999694824219,-5.122000217437744,-20.365999221801758,1776886993.566
7.01200008392334,-2.134000062942505,-14.755999565124512,1776886993.578
8.414999961853027,-3.109999895095825,-12.927000045776367,1776886993.603
5.183000087738037,-2.194999933242798,-14.878000259399414,1776886993.618
-4.206999778747559,-0.3659999966621399,-15.305000305175781,1776886993.646
-54.02399826049805,58.9630012512207,30.427000045776367,1776886994.063
-50.36600112915039,47.68299865722656,22.683000564575195,1776886994.078
-50.36600112915039,47.68299865722656,22.683000564575195,1776886994.107
-50.36600112915039,47.68299865722656,22.683000564575195,1776886994.118
6.52400016784668,10.305000305175781,-24.389999389648438,1776886994.144
4.02400016784668,-27.011999130249023,-24.634000778198242,1776886994.564
5.24399995803833,0.4880000054836273,-1.2799999713897705,1776886994.578
56.82899856567383,33.354000091552734,27.5,1776886994.606
73.65899658203125,-34.512001037597656,0.0,1776886994.618
88.53700256347656,-20.792999267578125,-18.659000396728516,1776886994.643
-102.01200103759766,5.97599983215332,-3.6589999198913574,1776886995.061
-60.97600173950195,5.183000087738037,55.24399948120117,1776886995.078
-73.72000122070312,-31.707000732421875,38.659000396728516,1776886995.103
-73.72000122070312,-31.707000732421875,38.659000396728516,1776886995.119
-73.72000122070312,-31.707000732421875,38.659000396728516,1776886995.147
13.048999786376953,2.134000062942505,-2.072999954223633,1776886995.567
4.51200008392334,2.865999937057495,7.866000175476074,1776886995.578
13.170999526977539,1.5850000381469727,9.267999649047852,1776886995.604
13.779999732971191,-3.7799999713897705,14.51200008392334,1776886995.62
18.96299934387207,1.5850000381469727,10.366000175476074,1776886995.646
8.293000221252441,72.80500030517578,121.64600372314453,1776886996.058
-30.243999481201172,52.43899917602539,131.40199279785156,1776886996.084
-59.512001037597656,51.768001556396484,119.20700073242188,1776886996.098
-84.51200103759766,20.854000091552734,115.0,1776886996.123
-84.51200103759766,20.854000091552734,115.0,1776886996.138
8.109999656677246,0.7929999828338623,-34.084999084472656,1776886996.565
15.670999526977539,-17.134000778198242,-7.01200008392334,1776886996.578
25.183000564575195,-7.133999824523926,14.51200008392334,1776886996.604
42.86600112915039,11.340999603271484,10.0,1776886996.618
34.32899856567383,3.3540000915527344,-31.159000396728516,1776886996.648
-5.548999786376953,-9.390000343322754,-8.779999732971191,1776886997.058
-0.24400000274181366,2.01200008392334,4.877999782562256,1776886997.086
-4.328999996185303,-5.304999828338623,-16.03700065612793,1776886997.098
-10.060999870300293,9.878000259399414,-0.7319999933242798,1776886997.123
-10.060999870300293,9.878000259399414,-0.7319999933242798,1776886997.138
2.5,0.8539999723434448,-7.01200008392334,1776886997.558
-4.939000129699707,-24.32900047302246,-14.145999908447266,1776886997.583
-11.463000297546387,4.451000213623047,-2.5,1776886997.6
-2.805000066757202,5.304999828338623,1.2200000286102295,1776886997.62
-6.645999908447266,5.793000221252441,-2.561000108718872,1776886997.649
-0.9150000214576721,-2.25600004196167,1.8899999856948853,1776886998.065
-3.5980000495910645,-0.18299999833106995,-0.5490000247955322,1776886998.078
0.24400000274181366,-0.3050000071525574,-1.4019999504089355,1776886998.098
0.18299999833106995,1.8899999856948853,-0.8539999723434448,1776886998.124
-9.755999565124512,6.889999866485596,3.5980000495910645,1776886998.138
-0.3659999966621399,4.328999996185303,0.5490000247955322,1776886998.578
-0.6710000038146973,-2.072999954223633,-2.194999933242798,1776886998.604
0.6710000038146973,-1.9509999752044678,-4.02400016784668,1776886998.618
-0.7319999933242798,1.0369999408721924,0.3659999966621399,1776886998.644
1.0980000495910645,0.6710000038146973,-1.0980000495910645,1776886998.658
31.951000213623047,-14.694999694824219,17.743999481201172,1776886999.058
28.354000091552734,5.427000045776367,20.792999267578125,1776886999.089
8.840999603271484,-10.121999740600586,16.76799964904785,1776886999.1
20.548999786376953,-60.30500030517578,30.854000091552734,1776886999.125
26.402000427246094,-62.37799835205078,20.97599983215332,1776886999.138
-1.0980000495910645,17.927000045776367,-5.060999870300293,1776886999.578
3.1710000038146973,-16.951000213623047,-8.414999961853027,1776886999.604
-9.878000259399414,39.75600051879883,-37.13399887084961,1776886999.618
3.8410000801086426,-27.865999221801758,-38.720001220703125,1776886999.647
15.427000045776367,-40.487998962402344,-45.0,1776886999.659
0.6710000038146973,-7.560999870300293,-9.145999908447266,1776887000.081
29.26799964904785,9.755999565124512,-21.340999603271484,1776887000.099
12.927000045776367,-2.194999933242798,-21.76799964904785,1776887000.126
8.109999656677246,13.47599983215332,-30.06100082397461,1776887000.138
-1.7070000171661377,12.927000045776367,-23.96299934387207,1776887000.163
10.609999656677246,16.159000396728516,37.80500030517578,1776887000.578
23.415000915527344,26.82900047302246,56.402000427246094,1776887000.604
24.389999389648438,24.451000213623047,27.5,1776887000.618
-1.7070000171661377,3.1710000038146973,-2.378000020980835,1776887000.645
0.9760000109672546,-12.682999610900879,-10.060999870300293,1776887000.658
2.865999937057495,2.5,-9.390000343322754,1776887001.084
0.6710000038146973,1.0369999408721924,1.7680000066757202,1776887001.098
-2.927000045776367,0.24400000274181366,2.98799991607666,1776887001.124
-3.2929999828338623,-2.438999891281128,1.4630000591278076,1776887001.138
1.7680000066757202,-1.8899999856948853,-7.25600004196167,1776887001.164
2.927000045776367,-17.743999481201172,-9.878000259399414,1776887001.586
-1.7680000066757202,-8.47599983215332,-10.670999526977539,1776887001.598
7.622000217437744,19.816999435424805,1.7070000171661377,1776887001.625
30.30500030517578,15.427000045776367,-9.206999778747559,1776887001.638
26.82900047302246,12.194999694824219,-18.597999572753906,1776887001.666
-3.1710000038146973,27.988000869750977,-1.0369999408721924,1776887002.084
12.866000175476074,32.926998138427734,-12.98799991607666,1776887002.098
29.572999954223633,18.96299934387207,-25.73200035095215,1776887002.126
40.97600173950195,-47.68299865722656,-8.659000396728516,1776887002.138
30.365999221801758,-1.5240000486373901,-1.7680000066757202,1776887002.164
-13.536999702453613,6.341000080108643,-47.37799835205078,1776887002.586
-20.67099952697754,12.866000175476074,-54.75600051879883,1776887002.598
-49.63399887084961,4.816999912261963,-57.926998138427734,1776887002.625
-73.04900360107422,-6.28000020980835,-60.36600112915039,1776887002.639
-93.1709976196289,-29.572999954223633,-61.768001556396484,1776887002.666
-1.7070000171661377,4.695000171661377,4.26800012588501,1776887003.084
-2.927000045776367,-2.683000087738037,0.9760000109672546,1776887003.098
-0.5490000247955322,-4.02400016784668,-0.3050000071525574,1776887003.124
-5.060999870300293,0.6710000038146973,5.183000087738037,1776887003.138
1.340999960899353,2.194999933242798,3.3540000915527344,1776887003.164
-0.12200000137090683,0.12200000137090683,-1.340999960899353,1776887003.604
-0.4269999861717224,0.0,-1.6460000276565552,1776887003.62
-0.9150000214576721,0.18299999833106995,-2.927000045776367,1776887003.647
0.5490000247955322,-0.18299999833106995,-2.25600004196167,1776887003.658
0.061000000685453415,0.0,-1.2200000286102295,1776887003.685
52.62200164794922,13.47599983215332,-40.792999267578125,1776887004.107
33.47600173950195,-7.866000175476074,-28.96299934387207,1776887004.118
37.43899917602539,-5.854000091552734,-27.683000564575195,1776887004.145
26.340999603271484,-6.645999908447266,-27.19499969482422,1776887004.159
11.097999572753906,-7.683000087738037,-22.5,1776887004.185
5.48799991607666,5.366000175476074,-20.183000564575195,1776887004.598
5.48799991607666,-1.340999960899353,-22.43899917602539,1776887004.624
4.451000213623047,-8.232000350952148,-19.32900047302246,1776887004.639
-3.7200000286102295,-11.463000297546387,-7.683000087738037,1776887004.667
6.706999778747559,-6.706999778747559,-5.366000175476074,1776887004.678
2.01200008392334,5.304999828338623,-13.536999702453613,1776887005.098
5.122000217437744,5.914999961853027,-11.951000213623047,1776887005.124
11.645999908447266,8.232000350952148,-13.293000221252441,1776887005.138
-15.48799991607666,-4.206999778747559,7.5,1776887005.165
9.145999908447266,6.21999979019165,13.720000267028809,1776887005.178
2.98799991607666,2.134000062942505,-2.438999891281128,1776887005.599
-0.4269999861717224,1.9509999752044678,-4.816999912261963,1776887005.62
1.0980000495910645,0.3659999966621399,-3.6589999198913574,1776887005.646
-0.3050000071525574,0.6100000143051147,-4.939000129699707,1776887005.658
3.4149999618530273,-1.340999960899353,-5.48799991607666,1776887005.684
-5.366000175476074,-5.0,-10.732000350952148,1776887006.098
-4.26800012588501,-6.341000080108643,-5.793000221252441,1776887006.126
-3.4149999618530273,-0.061000000685453415,0.7319999933242798,1776887006.138
-6.0370001792907715,-9.633999824523926,-6.4019999504089355,1776887006.164
-11.706999778747559,-2.25600004196167,-7.804999828338623,1776887006.178
-12.927000045776367,17.621999740600586,-13.840999603271484,1776887006.606
-21.82900047302246,26.402000427246094,-8.414999961853027,1776887006.618
-27.5,32.012001037597656,-8.840999603271484,1776887006.644
-17.743999481201172,32.13399887084961,-22.43899917602539,1776887006.658
-12.98799991607666,35.24399948120117,-28.597999572753906,1776887006.684
-8.170999526977539,4.206999778747559,-0.6100000143051147,1776887007.098
13.536999702453613,-10.244000434875488,-9.206999778747559,1776887007.124
11.097999572753906,-16.584999084472656,-6.76800012588501,1776887007.138
9.329000473022461,-13.293000221252441,-2.378000020980835,1776887007.166
-3.1710000038146973,-9.02400016784668,-1.7070000171661377,1776887007.178
0.0,0.18299999833106995,-1.4630000591278076,1776887007.604
-0.12200000137090683,0.24400000274181366,-1.4630000591278076,1776887007.618
-0.061000000685453415,0.3050000071525574,-1.4630000591278076,1776887007.644
0.0,0.24400000274181366,-1.4630000591278076,1776887007.658
0.0,0.12200000137090683,-1.340999960899353,1776887007.684
16.46299934387207,5.0,-3.9019999504089355,1776887008.105
16.340999603271484,6.645999908447266,0.0,1776887008.118
20.427000045776367,6.889999866485596,2.072999954223633,1776887008.144
20.610000610351562,6.951000213623047,-0.7319999933242798,1776887008.16
20.610000610351562,6.645999908447266,-1.8289999961853027,1776887008.18
-7.01200008392334,95.79299926757812,14.451000213623047,1776887008.598
-43.5369987487793,73.47599792480469,0.6710000038146973,1776887008.635
-64.14600372314453,43.04899978637695,-6.706999778747559,1776887008.649
-10.244000434875488,51.88999938964844,22.988000869750977,1776887008.659
16.707000732421875,13.779999732971191,23.659000396728516,1776887008.685
132.5,163.29299926757812,40.915000915527344,1776887009.105
-50.487998962402344,138.11000061035156,32.68299865722656,1776887009.12
-66.0979995727539,93.29299926757812,28.415000915527344,1776887009.139
-80.54900360107422,58.11000061035156,7.560999870300293,1776887009.167
-75.48799896240234,25.915000915527344,21.52400016784668,1776887009.178
109.45099639892578,58.231998443603516,63.231998443603516,1776887009.625
117.56099700927734,-35.36600112915039,2.561000108718872,1776887009.638
87.927001953125,-35.487998962402344,-19.93899917602539,1776887009.658
95.24400329589844,-4.451000213623047,-26.52400016784668,1776887009.684
57.74399948120117,-94.45099639892578,-11.52400016784668,1776887009.698
-30.792999267578125,-17.43899917602539,-15.914999961853027,1776887010.128
-44.81700134277344,-27.683000564575195,-14.145999908447266,1776887010.139
-58.11000061035156,-71.76799774169922,16.76799964904785,1776887010.159
-96.52400207519531,-47.19499969482422,23.17099952697754,1776887010.186
-120.97599792480469,-32.74399948120117,13.536999702453613,1776887010.198
8.109999656677246,-63.292999267578125,3.9630000591278076,1776887010.618
30.548999786376953,-55.12200164794922,0.6710000038146973,1776887010.644
26.097999572753906,-60.30500030517578,46.707000732421875,1776887010.659
30.73200035095215,-36.0369987487793,37.43899917602539,1776887010.678
25.427000045776367,-12.744000434875488,26.280000686645508,1776887010.704
-6.645999908447266,8.597999572753906,-2.865999937057495,1776887011.125
1.4630000591278076,-0.8539999723434448,0.4880000054836273,1776887011.138
0.6100000143051147,-1.6460000276565552,-1.7070000171661377,1776887011.164
2.927000045776367,-3.4760000705718994,-1.8289999961853027,1776887011.178
2.683000087738037,-2.683000087738037,-0.4880000054836273,1776887011.204
0.12200000137090683,-0.12200000137090683,-1.2200000286102295,1776887011.618
0.061000000685453415,0.12200000137090683,-1.2799999713897705,1776887011.644
-0.061000000685453415,0.18299999833106995,-1.4630000591278076,1776887011.658
-0.24400000274181366,0.3659999966621399,-1.4630000591278076,1776887011.684
-0.18299999833106995,0.3659999966621399,-1.4630000591278076,1776887011.7
2.072999954223633,36.645999908447266,30.06100082397461,1776887012.119
-14.694999694824219,41.4630012512207,23.53700065612793,1776887012.145
-30.548999786376953,49.75600051879883,-9.329000473022461,1776887012.159
-32.31700134277344,43.17100143432617,-5.366000175476074,1776887012.186
-13.048999786376953,64.20700073242188,-20.06100082397461,1776887012.198
62.37799835205078,63.415000915527344,32.68299865722656,1776887012.624
48.17100143432617,-15.182999610900879,32.56100082397461,1776887012.64
4.816999912261963,-35.30500030517578,30.488000869750977,1776887012.659
92.13400268554688,-16.402000427246094,-13.779999732971191,1776887012.686
103.5979995727539,-57.37799835205078,-15.793000221252441,1776887012.698
87.13400268554688,47.86600112915039,86.27999877929688,1776887013.14
71.88999938964844,-9.755999565124512,61.4630012512207,1776887013.166
-12.439000129699707,26.159000396728516,56.88999938964844,1776887013.178
-18.597999572753906,21.46299934387207,63.415000915527344,1776887013.204
25.0,-46.4630012512207,88.47599792480469,1776887013.218
-22.743999481201172,-24.26799964904785,-59.268001556396484,1776887013.638
-20.183000564575195,-10.305000305175781,-32.5,1776887013.664
0.24400000274181366,19.451000213623047,-29.084999084472656,1776887013.679
1.159000039100647,-5.793000221252441,-19.756000518798828,1776887013.707
-48.5369987487793,3.4149999618530273,-22.43899917602539,1776887013.718
-0.061000000685453415,2.683000087738037,-0.8539999723434448,1776887014.126
-2.683000087738037,0.8539999723434448,2.561000108718872,1776887014.138
2.74399995803833,-2.134000062942505,-0.9760000109672546,1776887014.167
2.438999891281128,-1.5850000381469727,-4.085000038146973,1776887014.182
2.621999979019165,-2.438999891281128,-2.25600004196167,1776887014.198
-0.12200000137090683,0.24400000274181366,-1.4019999504089355,1776887014.639
-0.061000000685453415,0.18299999833106995,-1.4630000591278076,1776887014.665
-0.061000000685453415,0.18299999833106995,-1.4630000591278076,1776887014.678
-0.12200000137090683,0.3050000071525574,-17.072999954223633,1776887014.705
0.0,0.18299999833106995,-1.2200000286102295,1776887014.719
-0.061000000685453415,0.18299999833106995,-1.4630000591278076,1776887015.119
-0.061000000685453415,0.18299999833106995,-1.4630000591278076,1776887015.147
-0.061000000685453415,0.18299999833106995,-1.4630000591278076,1776887015.158
0.0,0.24400000274181366,-1.4630000591278076,1776887015.184
-0.061000000685453415,0.12200000137090683,-1.4019999504089355,1776887015.198
-3.0490000247955322,5.671000003814697,1.159000039100647,1776887015.618
2.316999912261963,3.2929999828338623,-3.8410000801086426,1776887015.644
4.085000038146973,0.7319999933242798,-5.793000221252441,1776887015.658
4.939000129699707,-1.8289999961853027,-1.2799999713897705,1776887015.684
4.939000129699707,-1.8289999961853027,-1.2799999713897705,1776887015.698
10.182999610900879,-15.427000045776367,-10.609999656677246,1776887016.146
12.866000175476074,-20.488000869750977,5.610000133514404,1776887016.159
-6.28000020980835,13.597999572753906,37.13399887084961,1776887016.186
-12.621999740600586,10.366000175476074,52.926998138427734,1776887016.198
-20.427000045776367,5.548999786376953,55.24399948120117,1776887016.224
48.840999603271484,57.37799835205078,7.5,1776887016.639
55.54899978637695,59.512001037597656,-0.061000000685453415,1776887016.665
55.915000915527344,62.987998962402344,-2.438999891281128,1776887016.678
55.915000915527344,62.987998962402344,-2.438999891281128,1776887016.704
55.915000915527344,62.987998962402344,-2.438999891281128,1776887016.72
22.56100082397461,16.82900047302246,38.840999603271484,1776887017.145
23.292999267578125,16.46299934387207,25.792999267578125,1776887017.158
-2.561000108718872,20.610000610351562,31.645999908447266,1776887017.185
-5.304999828338623,49.81700134277344,17.134000778198242,1776887017.2
-26.951000213623047,-59.69499969482422,-24.634000778198242,1776887017.226
-17.743999481201172,-25.121999740600586,22.43899917602539,1776887017.649
-35.67100143432617,3.4149999618530273,29.572999954223633,1776887017.659
-56.0369987487793,1.8899999856948853,21.645999908447266,1776887017.685
-56.0369987487793,1.8899999856948853,21.645999908447266,1776887017.698
-56.0369987487793,1.8899999856948853,21.645999908447266,1776887017.726
3.6589999198913574,0.3050000071525574,0.4880000054836273,1776887018.144
-0.8539999723434448,0.24400000274181366,0.0,1776887018.159
-3.109999895095825,-0.6710000038146973,-2.378000020980835,1776887018.185
-0.3050000071525574,0.18299999833106995,-1.159000039100647,1776887018.198
2.134000062942505,0.9150000214576721,-0.9150000214576721,1776887018.225
0.18299999833106995,0.3659999966621399,-1.4630000591278076,1776887018.638
-0.18299999833106995,0.061000000685453415,-1.6460000276565552,1776887018.667
-0.24400000274181366,0.061000000685453415,-1.4630000591278076,1776887018.678
-0.061000000685453415,0.12200000137090683,-1.2200000286102295,1776887018.704
0.061000000685453415,0.18299999833106995,-1.2799999713897705,1776887018.719
18.110000610351562,12.072999954223633,-20.427000045776367,1776887019.146
19.878000259399414,8.720000267028809,-22.378000259399414,1776887019.158
23.840999603271484,31.46299934387207,-28.048999786376953,1776887019.185
29.572999954223633,18.96299934387207,-1.8289999961853027,1776887019.199
32.80500030517578,16.280000686645508,12.560999870300293,1776887019.226
64.81700134277344,-8.293000221252441,-45.915000915527344,1776887019.658
82.19499969482422,3.3540000915527344,-34.93899917602539,1776887019.685
87.43900299072266,-1.2200000286102295,-37.62200164794922,1776887019.698
90.36599731445312,-10.0,-30.73200035095215,1776887019.725
87.80500030517578,-6.158999919891357,-24.572999954223633,1776887019.738
362.5,-140.85400390625,-127.98799896240234,1776887020.14
364.8169860839844,-183.84100341796875,-130.30499267578125,1776887020.166
370.427001953125,-259.572998046875,-154.14599609375,1776887020.178
377.9880065917969,-318.65899658203125,-161.34100341796875,1776887020.206
69.26799774169922,-157.74400329589844,29.634000778198242,1776887020.218
-3.109999895095825,-3.5980000495910645,-1.340999960899353,1776887020.639
0.0,0.18299999833106995,0.18299999833106995,1776887020.665
2.316999912261963,1.5850000381469727,-0.9150000214576721,1776887020.678
-0.18299999833106995,2.438999891281128,-4.75600004196167,1776887020.704
0.3659999966621399,-0.5490000247955322,0.24400000274181366,1776887020.72
-0.18299999833106995,-0.18299999833106995,-1.4019999504089355,1776887021.159
0.12200000137090683,0.4269999861717224,-1.7070000171661377,1776887021.187
0.12200000137090683,0.6100000143051147,-1.8899999856948853,1776887021.199
-0.061000000685453415,0.12200000137090683,-1.5850000381469727,1776887021.225
-0.061000000685453415,-0.061000000685453415,-0.9760000109672546,1776887021.238
0.0,0.18299999833106995,-1.5240000486373901,1776887021.664
0.0,0.24400000274181366,-1.5240000486373901,1776887021.681
-0.061000000685453415,0.3050000071525574,-1.5850000381469727,1776887021.707
-0.061000000685453415,0.061000000685453415,-1.340999960899353,1776887021.719
-0.061000000685453415,0.12200000137090683,-1.4019999504089355,1776887021.743
0.0,0.24400000274181366,-1.4019999504089355,1776887022.16
0.0,0.18299999833106995,-1.4019999504089355,1776887022.186
0.0,0.18299999833106995,-1.4019999504089355,1776887022.198
-0.061000000685453415,0.24400000274181366,-1.4019999504089355,1776887022.224
0.061000000685453415,0.24400000274181366,-1.5240000486373901,1776887022.239
0.061000000685453415,0.18299999833106995,-1.4019999504089355,1776887022.667
0.0,0.18299999833106995,-1.4019999504089355,1776887022.678
-0.12200000137090683,0.24400000274181366,-1.4630000591278076,1776887022.708
0.0,0.12200000137090683,-1.4630000591278076,1776887022.719
0.0,0.24400000274181366,-1.4630000591278076,1776887022.74
0.0,0.18299999833106995,-1.5240000486373901,1776887023.161
-0.061000000685453415,0.24400000274181366,-1.4630000591278076,1776887023.187
-0.061000000685453415,0.24400000274181366,-1.4630000591278076,1776887023.199
-0.061000000685453415,0.24400000274181366,-1.4630000591278076,1776887023.225
0.0,0.18299999833106995,-1.4630000591278076,1776887023.238
-0.12200000137090683,0.18299999833106995,-1.4630000591278076,1776887023.658
0.0,0.18299999833106995,-1.4630000591278076,1776887023.684
0.0,0.18299999833106995,-1.4630000591278076,1776887023.699
0.0,0.18299999833106995,-1.5240000486373901,1776887023.731
-0.061000000685453415,0.18299999833106995,-1.4630000591278076,1776887023.742
0.0,0.18299999833106995,-1.5240000486373901,1776887024.164
-0.061000000685453415,0.12200000137090683,-1.5240000486373901,1776887024.179
0.0,0.12200000137090683,-1.4019999504089355,1776887024.209
0.061000000685453415,0.24400000274181366,-1.5240000486373901,1776887024.219
0.0,0.18299999833106995,-1.4019999504089355,1776887024.246
0.0,0.12200000137090683,-1.4630000591278076,1776887024.666
-0.061000000685453415,0.18299999833106995,-1.4630000591278076,1776887024.678
0.0,0.24400000274181366,-1.4019999504089355,1776887024.704
-0.061000000685453415,0.061000000685453415,-1.4630000591278076,1776887024.719
-0.061000000685453415,0.061000000685453415,-1.5240000486373901,1776887024.75
0.061000000685453415,0.24400000274181366,-1.4019999504089355,1776887025.166
0.0,0.24400000274181366,-1.5240000486373901,1776887025.178
0.0,0.18299999833106995,-1.4019999504089355,1776887025.208
0.0,0.18299999833106995,-1.4019999504089355,1776887025.218
-0.12200000137090683,0.18299999833106995,-1.5240000486373901,1776887025.245
-0.061000000685453415,0.18299999833106995,-1.5240000486373901,1776887025.661
0.0,0.18299999833106995,-1.4019999504089355,1776887025.679
0.061000000685453415,0.24400000274181366,-1.340999960899353,1776887025.705
0.0,0.18299999833106995,-1.4019999504089355,1776887025.719
0.0,0.18299999833106995,-1.4019999504089355,1776887025.745
-0.061000000685453415,0.18299999833106995,-1.4019999504089355,1776887026.164
-0.061000000685453415,0.24400000274181366,-1.5240000486373901,1776887026.179
0.0,0.18299999833106995,-1.4630000591278076,1776887026.207
-0.061000000685453415,0.18299999833106995,-1.4019999504089355,1776887026.221
-0.061000000685453415,0.18299999833106995,-1.5240000486373901,1776887026.247
-0.061000000685453415,0.12200000137090683,-1.4019999504089355,1776887026.659
-0.12200000137090683,0.24400000274181366,-1.340999960899353,1776887026.686
0.0,0.18299999833106995,-1.2200000286102295,1776887026.698
-0.061000000685453415,0.12200000137090683,-1.5850000381469727,1776887026.724
-0.061000000685453415,0.18299999833106995,-1.340999960899353,1776887026.739
-0.061000000685453415,0.18299999833106995,-1.4019999504089355,1776887027.158
0.0,0.12200000137090683,-1.4019999504089355,1776887027.184
-0.061000000685453415,0.24400000274181366,-1.4019999504089355,1776887027.199
-0.18299999833106995,0.12200000137090683,-1.5240000486373901,1776887027.226
0.0,0.24400000274181366,-1.4019999504089355,1776887027.239
-0.061000000685453415,0.12200000137090683,-1.4019999504089355,1776887027.664
-0.061000000685453415,0.12200000137090683,-1.4630000591278076,1776887027.682
-0.061000000685453415,0.24400000274181366,-1.4019999504089355,1776887027.699
-0.12200000137090683,0.18299999833106995,-1.4630000591278076,1776887027.726
-0.061000000685453415,0.12200000137090683,-1.4019999504089355,1776887027.739
0.0,0.18299999833106995,-1.4019999504089355,1776887028.159
-0.061000000685453415,0.12200000137090683,-1.4019999504089355,1776887028.185
0.0,0.12200000137090683,-1.340999960899353,1776887028.199
0.0,0.24400000274181366,-1.4019999504089355,1776887028.226
0.0,0.3050000071525574,-1.340999960899353,1776887028.239
-0.061000000685453415,0.18299999833106995,14.085000038146973,1776887028.659
-0.061000000685453415,0.24400000274181366,-1.4630000591278076,1776887028.688
-0.12200000137090683,0.24400000274181366,-1.4630000591278076,1776887028.699
0.0,0.12200000137090683,-1.4019999504089355,1776887028.726
-0.061000000685453415,0.12200000137090683,-1.4630000591278076,1776887028.739
0.0,0.18299999833106995,-1.4630000591278076,1776887029.158
-0.061000000685453415,0.18299999833106995,-1.4019999504089355,1776887029.184
-0.061000000685453415,0.18299999833106995,-1.4019999504089355,1776887029.2
-0.061000000685453415,0.18299999833106995,-1.4019999504089355,1776887029.231
0.0,0.12200000137090683,-1.5240000486373901,1776887029.241
-0.061000000685453415,0.18299999833106995,-1.340999960899353,1776887029.683
0.0,0.24400000274181366,-1.4630000591278076,1776887029.699
-0.061000000685453415,0.18299999833106995,-1.4630000591278076,1776887029.726
0.0,0.12200000137090683,-1.4019999504089355,1776887029.742
0.061000000685453415,0.061000000685453415,-1.4019999504089355,1776887029.759
-0.061000000685453415,0.24400000274181366,-1.4019999504089355,1776887030.185
0.0,0.18299999833106995,-1.4019999504089355,1776887030.199
0.0,0.18299999833106995,-1.4019999504089355,1776887030.225
0.0,0.18299999833106995,-1.4019999504089355,1776887030.239
0.0,0.18299999833106995,-1.4019999504089355,1776887030.265
-0.12200000137090683,0.12200000137090683,-1.4019999504089355,1776887030.686
-0.061000000685453415,0.18299999833106995,-1.4630000591278076,1776887030.7
-0.061000000685453415,0.18299999833106995,-1.5240000486373901,1776887030.725
0.0,0.24400000274181366,-1.4630000591278076,1776887030.739
0.0,0.18299999833106995,-1.4630000591278076,1776887030.766
0.0,0.18299999833106995,-1.4630000591278076,1776887031.185
-0.12200000137090683,0.12200000137090683,-1.5850000381469727,1776887031.199
-0.12200000137090683,0.12200000137090683,-1.5850000381469727,1776887031.225
-0.12200000137090683,0.12200000137090683,-1.5850000381469727,1776887031.239
-0.12200000137090683,0.12200000137090683,-1.5850000381469727,1776887031.264
0.0,0.18299999833106995,-1.4630000591278076,1776887031.68
-0.18299999833106995,0.061000000685453415,-1.5240000486373901,1776887031.706
-0.061000000685453415,0.18299999833106995,-1.4630000591278076,1776887031.719
-0.061000000685453415,0.24400000274181366,-1.4019999504089355,1776887031.745
-0.061000000685453415,0.24400000274181366,-1.4019999504089355,1776887031.759
0.0,0.12200000137090683,-1.5240000486373901,1776887032.179
0.0,0.12200000137090683,-1.4630000591278076,1776887032.207
0.0,0.061000000685453415,-1.4019999504089355,1776887032.219
-0.061000000685453415,0.12200000137090683,-1.4630000591278076,1776887032.244
0.0,0.18299999833106995,-1.4019999504089355,1776887032.259
-0.12200000137090683,0.18299999833106995,-17.072999954223633,1776887032.68
-0.061000000685453415,0.18299999833106995,-1.4630000591278076,1776887032.706
0.0,0.061000000685453415,14.085000038146973,1776887032.72
-0.061000000685453415,0.12200000137090683,-1.4019999504089355,1776887032.746
0.0,0.18299999833106995,-1.4019999504089355,1776887032.759
-0.061000000685453415,0.12200000137090683,-1.4630000591278076,1776887033.182
0.0,0.24400000274181366,-1.4630000591278076,1776887033.199
0.0,0.12200000137090683,-1.4019999504089355,1776887033.226
0.0,0.24400000274181366,-17.011999130249023,1776887033.24
0.0,0.12200000137090683,-1.4019999504089355,1776887033.266
0.0,0.061000000685453415,-1.4019999504089355,1776887033.679
-0.061000000685453415,0.18299999833106995,-1.4630000591278076,1776887033.706
-0.061000000685453415,0.18299999833106995,-1.5240000486373901,1776887033.719
-0.061000000685453415,0.18299999833106995,-1.4630000591278076,1776887033.745
0.0,0.24400000274181366,-1.5850000381469727,1776887033.759
-0.061000000685453415,0.18299999833106995,-1.4019999504089355,1776887034.206
0.061000000685453415,0.18299999833106995,-1.4630000591278076,1776887034.221
-0.061000000685453415,0.18299999833106995,-1.2799999713897705,1776887034.239
0.0,0.12200000137090683,-1.340999960899353,1776887034.265
-0.061000000685453415,0.24400000274181366,-1.4630000591278076,1776887034.279
-0.061000000685453415,0.24400000274181366,-1.4630000591278076,1776887034.699
-0.061000000685453415,0.12200000137090683,-1.4019999504089355,1776887034.725
0.0,0.12200000137090683,-1.4019999504089355,1776887034.739
-0.061000000685453415,0.24400000274181366,-1.4630000591278076,1776887034.766
0.0,0.3050000071525574,-1.4630000591278076,1776887034.779
0.0,0.12200000137090683,-1.5240000486373901,1776887035.199
-0.061000000685453415,0.18299999833106995,-1.340999960899353,1776887035.225
0.0,0.18299999833106995,-1.4630000591278076,1776887035.239
-0.061000000685453415,0.12200000137090683,-1.4019999504089355,1776887035.264
0.0,0.061000000685453415,-1.4630000591278076,1776887035.279
0.0,0.12200000137090683,-1.4019999504089355,1776887035.705
0.0,0.18299999833106995,-1.2799999713897705,1776887035.719
0.0,0.12200000137090683,-1.4019999504089355,1776887035.745
-0.061000000685453415,0.24400000274181366,-1.5240000486373901,1776887035.765
0.0,0.18299999833106995,-1.4630000591278076,1776887035.779
-0.061000000685453415,0.12200000137090683,-1.4019999504089355,1776887036.199
-0.061000000685453415,0.18299999833106995,-1.4019999504089355,1776887036.226
0.0,0.24400000274181366,-1.4019999504089355,1776887036.239
0.0,0.24400000274181366,-1.4019999504089355,1776887036.265
-0.061000000685453415,0.18299999833106995,-1.4630000591278076,1776887036.279
0.0,0.18299999833106995,-1.4019999504089355,1776887036.699
0.0,0.12200000137090683,-1.4019999504089355,1776887036.724
-0.061000000685453415,0.12200000137090683,-1.4019999504089355,1776887036.739
0.0,0.12200000137090683,-1.5240000486373901,1776887036.766
0.0,0.24400000274181366,-1.4019999504089355,1776887036.782
0.0,0.18299999833106995,-1.4630000591278076,1776887037.204
0.0,0.18299999833106995,-1.4630000591278076,1776887037.219
0.0,0.18299999833106995,-1.4019999504089355,1776887037.246
0.0,0.12200000137090683,-1.5240000486373901,1776887037.259
-0.061000000685453415,0.18299999833106995,-1.4630000591278076,1776887037.284
0.0,0.18299999833106995,-1.4019999504089355,1776887037.699
0.0,0.12200000137090683,-1.4630000591278076,1776887037.726
0.0,0.18299999833106995,-1.4019999504089355,1776887037.739
-0.061000000685453415,0.18299999833106995,-1.4630000591278076,1776887037.764
-0.12200000137090683,0.24400000274181366,-1.4630000591278076,1776887037.779
0.061000000685453415,0.24400000274181366,-1.4630000591278076,1776887038.225
-0.061000000685453415,0.061000000685453415,-1.4019999504089355,1776887038.242
-0.061000000685453415,0.18299999833106995,-1.4019999504089355,1776887038.259
-0.061000000685453415,0.12200000137090683,-1.4019999504089355,1776887038.286
-0.061000000685453415,0.24400000274181366,-1.4019999504089355,1776887038.299
0.061000000685453415,0.18299999833106995,-1.4019999504089355,1776887038.719
0.0,0.12200000137090683,-1.4630000591278076,1776887038.745
0.0,0.18299999833106995,-1.5240000486373901,1776887038.759
-0.061000000685453415,0.18299999833106995,-1.4630000591278076,1776887038.786
-0.12200000137090683,0.12200000137090683,-1.5240000486373901,1776887038.799
-0.061000000685453415,0.18299999833106995,-1.5240000486373901,1776887039.199
-0.061000000685453415,0.18299999833106995,-1.4019999504089355,1776887039.227
-0.061000000685453415,0.12200000137090683,-1.4630000591278076,1776887039.239
0.0,0.12200000137090683,-1.4630000591278076,1776887039.265
-0.061000000685453415,0.12200000137090683,-1.2799999713897705,1776887039.28
0.0,0.24400000274181366,-1.5240000486373901,1776887039.719
0.0,0.18299999833106995,-1.4019999504089355,1776887039.744
0.0,0.12200000137090683,-1.4630000591278076,1776887039.759
-0.061000000685453415,0.12200000137090683,-1.4630000591278076,1776887039.781
0.0,0.18299999833106995,-1.4019999504089355,1776887039.799
-0.061000000685453415,0.24400000274181366,-1.4019999504089355,1776887040.225
-0.061000000685453415,0.18299999833106995,-1.4019999504089355,1776887040.243
0.0,0.18299999833106995,-1.4019999504089355,1776887040.259
0.0,0.12200000137090683,-1.5240000486373901,1776887040.286
-0.061000000685453415,0.18299999833106995,-1.4019999504089355,1776887040.302
0.0,0.3050000071525574,-1.4019999504089355,1776887040.719
-0.061000000685453415,0.18299999833106995,-1.4630000591278076,1776887040.745
0.0,0.24400000274181366,-1.340999960899353,1776887040.759
0.0,0.18299999833106995,-1.340999960899353,1776887040.785
-0.061000000685453415,0.18299999833106995,-1.5240000486373901,1776887040.799
-0.061000000685453415,0.18299999833106995,-1.4019999504089355,1776887041.219
-0.061000000685453415,0.18299999833106995,-1.4630000591278076,1776887041.246
0.0,0.18299999833106995,-1.4630000591278076,1776887041.26
-0.061000000685453415,0.061000000685453415,-1.4630000591278076,1776887041.285
0.0,0.12200000137090683,14.085000038146973,1776887041.299
0.0,0.18299999833106995,-1.4630000591278076,1776887041.719
0.0,0.18299999833106995,-1.4630000591278076,1776887041.745
-0.12200000137090683,0.12200000137090683,-1.4019999504089355,1776887041.76
-0.061000000685453415,0.24400000274181366,-1.4630000591278076,1776887041.786
0.0,0.18299999833106995,-1.4019999504089355,1776887041.799
0.0,0.24400000274181366,-1.5240000486373901,1776887042.225
0.0,0.24400000274181366,-1.4630000591278076,1776887042.239
0.0,0.24400000274181366,-1.4630000591278076,1776887042.266
0.0,0.061000000685453415,-1.5240000486373901,1776887042.279
-0.061000000685453415,0.061000000685453415,-1.4630000591278076,1776887042.305
0.061000000685453415,0.24400000274181366,-1.4019999504089355,1776887042.725
0.061000000685453415,0.24400000274181366,-1.4019999504089355,1776887042.745
0.061000000685453415,0.24400000274181366,-1.4019999504089355,1776887042.759
-0.061000000685453415,0.12200000137090683,-1.4630000591278076,1776887042.786
-0.061000000685453415,0.18299999833106995,-1.4019999504089355,1776887042.8
0.0,0.18299999833106995,-1.4630000591278076,1776887043.219
0.0,0.12200000137090683,-1.4630000591278076,1776887043.251
0.0,0.18299999833106995,-1.4630000591278076,1776887043.262
0.0,0.12200000137090683,-1.4630000591278076,1776887043.284
-0.061000000685453415,0.12200000137090683,-1.4019999504089355,1776887043.299
-0.061000000685453415,0.18299999833106995,-1.5240000486373901,1776887043.726
-0.061000000685453415,0.12200000137090683,-1.4019999504089355,1776887043.739
-0.061000000685453415,0.12200000137090683,-1.4019999504089355,1776887043.765
-0.061000000685453415,0.12200000137090683,-1.4019999504089355,1776887043.779
-0.061000000685453415,0.12200000137090683,-1.4019999504089355,1776887043.806
0.0,0.24400000274181366,-1.4630000591278076,1776887044.225
0.0,0.18299999833106995,-1.4019999504089355,1776887044.239
-0.061000000685453415,0.24400000274181366,-1.4630000591278076,1776887044.266
-0.061000000685453415,0.061000000685453415,-1.5240000486373901,1776887044.279
0.061000000685453415,0.24400000274181366,-1.4019999504089355,1776887044.305
0.061000000685453415,0.12200000137090683,-1.4019999504089355,1776887044.724
-0.061000000685453415,0.12200000137090683,-1.4019999504089355,1776887044.739
0.0,0.18299999833106995,-1.4630000591278076,1776887044.766
0.0,0.12200000137090683,-1.4630000591278076,1776887044.782
0.0,0.18299999833106995,-1.4630000591278076,1776887044.799
0.061000000685453415,0.18299999833106995,-1.5240000486373901,1776887045.225
0.061000000685453415,0.18299999833106995,-1.340999960899353,1776887045.239
-0.12200000137090683,0.12200000137090683,-1.4630000591278076,1776887045.265
0.0,0.12200000137090683,-1.4019999504089355,1776887045.279
-0.061000000685453415,0.24400000274181366,-1.340999960899353,1776887045.305
0.0,0.12200000137090683,-1.4630000591278076,1776887045.726
0.0,0.24400000274181366,-1.4630000591278076,1776887045.739
0.0,0.18299999833106995,-1.4019999504089355,1776887045.765
0.0,0.24400000274181366,-1.4630000591278076,1776887045.779
0.0,0.18299999833106995,-1.4630000591278076,1776887045.806
-0.061000000685453415,0.24400000274181366,-1.4019999504089355,1776887046.225
-0.061000000685453415,0.18299999833106995,-1.4019999504089355,1776887046.239
0.061000000685453415,0.12200000137090683,-1.4019999504089355,1776887046.265
-0.061000000685453415,0.061000000685453415,-1.4019999504089355,1776887046.281
0.0,0.24400000274181366,-17.072999954223633,1776887046.307
-0.061000000685453415,0.12200000137090683,-1.4019999504089355,1776887046.719
0.0,0.12200000137090683,14.085000038146973,1776887046.746
0.0,0.12200000137090683,14.085000038146973,1776887046.759
-0.061000000685453415,0.18299999833106995,-1.4630000591278076,1776887046.785
-0.061000000685453415,0.18299999833106995,-1.4019999504089355,1776887046.799
-0.061000000685453415,0.18299999833106995,-1.4630000591278076,1776887047.219
0.0,0.18299999833106995,-1.5240000486373901,1776887047.246
0.0,0.18299999833106995,-1.4019999504089355,1776887047.259
0.0,0.18299999833106995,-17.011999130249023,1776887047.286
-0.12200000137090683,0.24400000274181366,-1.4019999504089355,1776887047.3
0.0,0.24400000274181366,14.085000038146973,1776887047.739
-0.061000000685453415,0.12200000137090683,-1.340999960899353,1776887047.765
-0.061000000685453415,0.12200000137090683,-1.5240000486373901,1776887047.779
0.0,0.12200000137090683,-1.4630000591278076,1776887047.805
0.0,0.18299999833106995,-1.340999960899353,1776887047.819
-0.12200000137090683,0.18299999833106995,-1.4630000591278076,1776887048.239
0.061000000685453415,0.18299999833106995,-1.5240000486373901,1776887048.265
-0.061000000685453415,0.18299999833106995,-1.4630000591278076,1776887048.279
-0.061000000685453415,0.18299999833106995,-1.4630000591278076,1776887048.305
0.0,0.24400000274181366,-1.4630000591278076,1776887048.319
0.0,0.12200000137090683,-1.4630000591278076,1776887048.745
0.0,0.24400000274181366,-1.4630000591278076,1776887048.759
-0.12200000137090683,0.18299999833106995,-1.4019999504089355,1776887048.786
0.0,0.12200000137090683,-1.4630000591278076,1776887048.799
0.0,0.18299999833106995,-1.4630000591278076,1776887048.825
-0.061000000685453415,0.18299999833106995,-1.4019999504089355,1776887049.245
0.0,0.12200000137090683,-1.4019999504089355,1776887049.262
0.0,0.3050000071525574,-1.5240000486373901,1776887049.288
-0.061000000685453415,0.12200000137090683,-1.340999960899353,1776887049.299
0.0,0.24400000274181366,-1.4019999504089355,1776887049.326
-0.061000000685453415,0.18299999833106995,-1.5240000486373901,1776887050.243
0.0,0.12200000137090683,-1.4630000591278076,1776887050.259
0.0,0.24400000274181366,-1.5240000486373901,1776887050.285
0.0,0.24400000274181366,-1.4630000591278076,1776887050.299
0.0,0.12200000137090683,-1.4630000591278076,1776887050.326
0.0,0.18299999833106995,-1.4019999504089355,1776887050.759
-0.061000000685453415,0.24400000274181366,-1.4019999504089355,1776887050.785
0.0,0.24400000274181366,-1.5240000486373901,1776887050.801
0.0,0.3050000071525574,-1.4630000591278076,1776887050.827
0.0,0.18299999833106995,-1.4019999504089355,1776887050.839
0.0,0.24400000274181366,-1.4019999504089355,1776887051.239
0.0,0.24400000274181366,-1.4630000591278076,1776887051.266
0.0,0.24400000274181366,-1.4019999504089355,1776887051.279
0.0,0.3050000071525574,-1.4630000591278076,1776887051.305
-0.061000000685453415,0.24400000274181366,-1.4630000591278076,1776887051.319
-0.061000000685453415,0.18299999833106995,-1.5850000381469727,1776887051.765
0.0,0.18299999833106995,-1.4019999504089355,1776887051.779
-0.061000000685453415,0.12200000137090683,-1.4019999504089355,1776887051.806
-0.061000000685453415,0.18299999833106995,-1.4019999504089355,1776887051.823
0.0,0.12200000137090683,-1.4630000591278076,1776887051.839
0.0,0.18299999833106995,-1.4019999504089355,1776887052.259
-0.061000000685453415,0.18299999833106995,-1.4019999504089355,1776887052.286
0.0,0.12200000137090683,-1.4019999504089355,1776887052.299
-0.061000000685453415,0.18299999833106995,-1.4630000591278076,1776887052.325
-0.12200000137090683,0.24400000274181366,-1.4630000591278076,1776887052.341
-0.061000000685453415,0.24400000274181366,-1.5240000486373901,1776887052.766
0.0,0.18299999833106995,-1.4019999504089355,1776887052.784
0.0,0.24400000274181366,-1.4630000591278076,1776887052.799
0.0,0.3050000071525574,-1.4630000591278076,1776887052.82
0.061000000685453415,0.061000000685453415,-1.4630000591278076,1776887052.846
0.0,0.18299999833106995,-1.340999960899353,1776887053.265
0.0,0.24400000274181366,-1.4630000591278076,1776887053.279
0.061000000685453415,0.12200000137090683,-1.5240000486373901,1776887053.305
-0.061000000685453415,0.24400000274181366,-1.4630000591278076,1776887053.321
-0.061000000685453415,0.12200000137090683,-1.4019999504089355,1776887053.347
-0.061000000685453415,0.18299999833106995,-1.5240000486373901,1776887053.768
0.0,0.18299999833106995,-1.4630000591278076,1776887053.779
-0.061000000685453415,0.12200000137090683,-1.4630000591278076,1776887053.812
-0.061000000685453415,0.18299999833106995,-1.4019999504089355,1776887053.822
-0.061000000685453415,0.18299999833106995,-1.4019999504089355,1776887053.84
0.061000000685453415,0.24400000274181366,-1.4019999504089355,1776887054.26
-0.061000000685453415,0.24400000274181366,-1.340999960899353,1776887054.286
0.0,0.18299999833106995,-1.4019999504089355,1776887054.299
0.061000000685453415,0.24400000274181366,-1.4019999504089355,1776887054.327
-0.12200000137090683,0.24400000274181366,-1.4630000591278076,1776887054.339
0.0,0.18299999833106995,-1.4019999504089355,1776887054.759
-0.061000000685453415,0.18299999833106995,-1.5240000486373901,1776887054.785
-0.061000000685453415,0.18299999833106995,-1.4630000591278076,1776887054.8
-0.12200000137090683,0.18299999833106995,-1.4019999504089355,1776887054.819
-0.061000000685453415,0.24400000274181366,-1.4630000591278076,1776887054.839
-0.061000000685453415,0.18299999833106995,-1.340999960899353,1776887055.266
0.0,0.3050000071525574,-1.340999960899353,1776887055.279
-0.061000000685453415,0.18299999833106995,-1.4019999504089355,1776887055.306
0.0,0.18299999833106995,-1.5240000486373901,1776887055.319
0.0,0.18299999833106995,-1.4019999504089355,1776887055.345
-0.061000000685453415,0.18299999833106995,-1.4019999504089355,1776887055.779
-0.061000000685453415,0.18299999833106995,-1.4019999504089355,1776887055.806
-0.061000000685453415,0.18299999833106995,-1.4019999504089355,1776887055.819
-0.061000000685453415,0.18299999833106995,-1.4630000591278076,1776887055.845
-0.061000000685453415,0.18299999833106995,-1.4019999504089355,1776887055.859
-0.12200000137090683,0.18299999833106995,-1.5850000381469727,1776887056.279
0.061000000685453415,0.24400000274181366,-1.4630000591278076,1776887056.305
-0.061000000685453415,0.18299999833106995,-1.4630000591278076,1776887056.32
-0.061000000685453415,0.12200000137090683,-1.4019999504089355,1776887056.346
-0.061000000685453415,0.18299999833106995,-1.4630000591278076,1776887056.36
-0.061000000685453415,0.18299999833106995,-1.5240000486373901,1776887056.779
-0.061000000685453415,0.18299999833106995,-1.5850000381469727,1776887056.805
-0.061000000685453415,0.18299999833106995,-1.5850000381469727,1776887056.819
-0.061000000685453415,0.18299999833106995,-1.5850000381469727,1776887056.845
0.0,0.18299999833106995,-1.4019999504089355,1776887056.859
-0.061000000685453415,0.18299999833106995,-1.5240000486373901,1776887057.279
-0.12200000137090683,0.24400000274181366,-17.072999954223633,1776887057.301
-0.061000000685453415,0.061000000685453415,-1.4019999504089355,1776887057.327
0.0,0.24400000274181366,-1.5850000381469727,1776887057.339
0.12200000137090683,0.18299999833106995,-1.4019999504089355,1776887057.365
-0.061000000685453415,0.0,-1.4019999504089355,1776887057.785
-0.061000000685453415,0.18299999833106995,-1.4630000591278076,1776887057.799
0.0,0.18299999833106995,-1.4630000591278076,1776887057.826
0.0,0.18299999833106995,-1.4630000591278076,1776887057.842
0.0,0.24400000274181366,-1.4630000591278076,1776887057.859
-0.061000000685453415,0.18299999833106995,-1.5850000381469727,1776887058.286
-0.061000000685453415,0.18299999833106995,-1.4019999504089355,1776887058.299
0.0,0.24400000274181366,-1.4630000591278076,1776887058.325
0.0,0.061000000685453415,-1.4630000591278076,1776887058.339
0.061000000685453415,0.12200000137090683,-1.4019999504089355,1776887058.366
-0.061000000685453415,0.12200000137090683,-1.340999960899353,1776887058.805
0.0,0.18299999833106995,-1.4019999504089355,1776887058.819
-0.061000000685453415,0.18299999833106995,-1.4630000591278076,1776887058.848
-0.061000000685453415,0.12200000137090683,-1.4630000591278076,1776887058.864
-0.061000000685453415,0.18299999833106995,-1.4019999504089355,1776887058.879
0.061000000685453415,0.24400000274181366,-1.4630000591278076,1776887059.279
0.0,0.24400000274181366,-1.4630000591278076,1776887059.305
0.061000000685453415,0.18299999833106995,-1.4630000591278076,1776887059.319
-0.061000000685453415,0.12200000137090683,-1.5240000486373901,1776887059.345
0.0,0.12200000137090683,-1.340999960899353,1776887059.359
0.0,0.3050000071525574,-1.4630000591278076,1776887059.799
-0.061000000685453415,0.24400000274181366,-1.4019999504089355,1776887059.825
0.0,0.24400000274181366,-1.4630000591278076,1776887059.839
0.0,0.18299999833106995,-1.4019999504089355,1776887059.867
-0.061000000685453415,0.18299999833106995,-1.5240000486373901,1776887059.88
-0.12200000137090683,0.18299999833106995,-1.4019999504089355,1776887060.305
-0.061000000685453415,0.18299999833106995,-1.5240000486373901,1776887060.321
-0.061000000685453415,0.18299999833106995,-1.4630000591278076,1776887060.348
0.0,0.18299999833106995,-1.4630000591278076,1776887060.359
-0.061000000685453415,0.12200000137090683,-1.5240000486373901,1776887060.385
0.0,0.24400000274181366,-1.4019999504089355,1776887060.805
-0.061000000685453415,0.12200000137090683,-1.4019999504089355,1776887060.819
-0.061000000685453415,0.061000000685453415,-1.4630000591278076,1776887060.847
-0.061000000685453415,0.24400000274181366,-1.4019999504089355,1776887060.859
0.0,0.24400000274181366,-1.4019999504089355,1776887060.886
-0.061000000685453415,0.24400000274181366,-1.4019999504089355,1776887061.306
-0.061000000685453415,0.24400000274181366,-1.4630000591278076,1776887061.32
0.0,0.12200000137090683,-1.4019999504089355,1776887061.346
0.0,0.12200000137090683,-1.4630000591278076,1776887061.359
0.0,0.18299999833106995,-1.5240000486373901,1776887061.385
0.0,0.18299999833106995,-1.4630000591278076,1776887061.799
0.0,0.24400000274181366,-1.5850000381469727,1776887061.826
0.0,0.12200000137090683,-1.4630000591278076,1776887061.839
-0.061000000685453415,0.18299999833106995,-1.5240000486373901,1776887061.865
0.0,0.18299999833106995,-1.4019999504089355,1776887061.879
0.061000000685453415,0.18299999833106995,-1.4019999504089355,1776887062.299
-0.12200000137090683,0.12200000137090683,-1.340999960899353,1776887062.321
0.0,0.061000000685453415,-1.5240000486373901,1776887062.347
-0.061000000685453415,0.24400000274181366,-1.4630000591278076,1776887062.359
-0.061000000685453415,0.24400000274181366,-1.4630000591278076,1776887062.385
0.0,0.12200000137090683,-1.340999960899353,1776887062.799
0.0,0.12200000137090683,-1.4630000591278076,1776887062.819
0.0,0.18299999833106995,-1.340999960899353,1776887062.845
-0.061000000685453415,0.18299999833106995,-1.4019999504089355,1776887062.86
-0.061000000685453415,0.18299999833106995,-1.4630000591278076,1776887062.88
0.0,0.18299999833106995,-1.4630000591278076,1776887063.299
-0.061000000685453415,0.12200000137090683,-1.4630000591278076,1776887063.327
-0.061000000685453415,0.24400000274181366,-1.4630000591278076,1776887063.342
-0.061000000685453415,0.061000000685453415,-1.4630000591278076,1776887063.359
0.061000000685453415,0.24400000274181366,-1.4630000591278076,1776887063.386
-0.061000000685453415,0.12200000137090683,-1.4019999504089355,1776887063.801
0.0,0.18299999833106995,-1.4019999504089355,1776887063.827
0.0,0.3659999966621399,-1.4019999504089355,1776887063.839
-0.061000000685453415,0.18299999833106995,-1.4019999504089355,1776887063.865
0.0,0.24400000274181366,-1.5850000381469727,1776887063.879
-0.061000000685453415,0.12200000137090683,-1.4019999504089355,1776887064.302
-0.061000000685453415,0.24400000274181366,-1.4630000591278076,1776887064.319
0.0,0.24400000274181366,-1.4630000591278076,1776887064.345
-0.061000000685453415,0.24400000274181366,-1.4630000591278076,1776887064.359
0.0,0.12200000137090683,-1.4630000591278076,1776887064.387
-0.061000000685453415,0.18299999833106995,-1.5240000486373901,1776887064.821
-0.061000000685453415,0.24400000274181366,-1.4019999504089355,1776887064.846
0.0,0.061000000685453415,-1.4019999504089355,1776887064.859
0.0,0.061000000685453415,-1.4019999504089355,1776887064.889
0.0,0.24400000274181366,-1.4630000591278076,1776887064.9
0.061000000685453415,0.24400000274181366,-1.4019999504089355,1776887065.319
-0.061000000685453415,0.18299999833106995,-1.4630000591278076,1776887065.345
-0.12200000137090683,0.18299999833106995,-1.5240000486373901,1776887065.36
-0.061000000685453415,0.18299999833106995,-1.4019999504089355,1776887065.389
0.0,0.3050000071525574,-1.4019999504089355,1776887065.4
0.0,0.12200000137090683,-1.4630000591278076,1776887066.319
-0.061000000685453415,0.24400000274181366,-1.4019999504089355,1776887066.345
-0.061000000685453415,0.12200000137090683,-1.4019999504089355,1776887066.359
0.0,0.18299999833106995,-1.4630000591278076,1776887066.385
-0.061000000685453415,0.12200000137090683,-1.4019999504089355,1776887066.399
-0.061000000685453415,0.12200000137090683,-1.4630000591278076,1776887066.819
-0.061000000685453415,0.12200000137090683,-1.4019999504089355,1776887066.846
-0.12200000137090683,0.12200000137090683,-1.4019999504089355,1776887066.862
0.0,0.24400000274181366,-1.4630000591278076,1776887066.879
-0.061000000685453415,0.24400000274181366,-1.4019999504089355,1776887066.906
0.0,0.18299999833106995,-1.4630000591278076,1776887067.326
0.0,0.18299999833106995,-1.4630000591278076,1776887067.339
0.0,-0.061000000685453415,-1.4019999504089355,1776887067.367
0.0,0.18299999833106995,-1.5240000486373901,1776887067.38
0.0,-0.061000000685453415,-1.4019999504089355,1776887067.406
-0.061000000685453415,0.12200000137090683,-1.4019999504089355,1776887068.325
-0.061000000685453415,0.12200000137090683,-1.4019999504089355,1776887068.34
-0.061000000685453415,0.18299999833106995,-1.4019999504089355,1776887068.371
-0.061000000685453415,0.18299999833106995,-17.072999954223633,1776887068.382
-0.061000000685453415,0.18299999833106995,-1.4630000591278076,1776887068.4
0.0,0.18299999833106995,-1.4630000591278076,1776887069.319
0.0,0.24400000274181366,-1.4019999504089355,1776887069.345
0.0,0.18299999833106995,-1.4630000591278076,1776887069.36
-0.061000000685453415,0.18299999833106995,-1.340999960899353,1776887069.386
0.0,0.061000000685453415,-1.5240000486373901,1776887069.399
-0.061000000685453415,0.12200000137090683,-1.4630000591278076,1776887069.825
0.0,0.24400000274181366,-1.4630000591278076,1776887069.84
-0.12200000137090683,0.12200000137090683,-1.4630000591278076,1776887069.868
-0.061000000685453415,0.12200000137090683,-1.4019999504089355,1776887069.88
-0.061000000685453415,0.12200000137090683,-1.4019999504089355,1776887069.905
-0.12200000137090683,0.18299999833106995,-17.072999954223633,1776887070.819
-0.12200000137090683,0.18299999833106995,-1.4630000591278076,1776887070.846
-0.061000000685453415,0.12200000137090683,-1.4019999504089355,1776887070.859
-0.12200000137090683,0.18299999833106995,14.085000038146973,1776887070.886
0.0,0.12200000137090683,-1.4630000591278076,1776887070.9
-0.061000000685453415,0.12200000137090683,-1.4019999504089355,1776887071.32
0.0,0.24400000274181366,-1.4019999504089355,1776887071.346
0.0,0.24400000274181366,-1.5240000486373901,1776887071.36
-0.061000000685453415,0.18299999833106995,-1.340999960899353,1776887071.385
0.0,0.18299999833106995,-1.4630000591278076,1776887071.399
0.0,0.24400000274181366,-1.4630000591278076,1776887071.819
-0.061000000685453415,0.12200000137090683,-1.4630000591278076,1776887071.845
-0.12200000137090683,0.3050000071525574,-1.4019999504089355,1776887071.86
0.0,0.18299999833106995,-1.4630000591278076,1776887071.886
0.0,0.18299999833106995,14.085000038146973,1776887071.9
-0.061000000685453415,0.12200000137090683,-1.4630000591278076,1776887072.32
0.0,0.18299999833106995,-1.4630000591278076,1776887072.347
-0.061000000685453415,0.18299999833106995,-1.4630000591278076,1776887072.36
0.0,0.18299999833106995,-1.4630000591278076,1776887072.386
0.061000000685453415,0.24400000274181366,-1.4019999504089355,1776887072.401
0.0,0.24400000274181366,-1.4630000591278076,1776887073.34
0.0,0.18299999833106995,-1.4019999504089355,1776887073.366
0.061000000685453415,0.12200000137090683,-1.4019999504089355,1776887073.38
-0.061000000685453415,0.18299999833106995,-1.4019999504089355,1776887073.405
-0.061000000685453415,0.18299999833106995,-1.4019999504089355,1776887073.42
-0.061000000685453415,0.24400000274181366,-1.5240000486373901,1776887074.346
-0.061000000685453415,0.12200000137090683,-1.4630000591278076,1776887074.36
-0.061000000685453415,0.18299999833106995,-1.4019999504089355,1776887074.386
-0.12200000137090683,0.18299999833106995,-1.4019999504089355,1776887074.4
-0.061000000685453415,0.18299999833106995,-1.5240000486373901,1776887074.42
0.0,0.061000000685453415,-1.4019999504089355,1776887074.846
0.0,0.12200000137090683,-1.4630000591278076,1776887074.862
0.0,0.12200000137090683,-1.4630000591278076,1776887074.888
-0.061000000685453415,0.24400000274181366,-1.4630000591278076,1776887074.9
-0.061000000685453415,0.24400000274181366,-1.4019999504089355,1776887074.927
-0.061000000685453415,0.18299999833106995,-17.072999954223633,1776887075.868
-0.061000000685453415,0.24400000274181366,-1.4019999504089355,1776887075.88
0.0,0.12200000137090683,-1.4630000591278076,1776887075.906
-0.061000000685453415,0.3050000071525574,-1.4630000591278076,1776887075.92
0.0,0.18299999833106995,-1.4019999504089355,1776887075.946
0.0,0.18299999833106995,-1.4630000591278076,1776887076.36
-0.061000000685453415,0.12200000137090683,-1.4630000591278076,1776887076.385
0.0,0.18299999833106995,-1.5240000486373901,1776887076.4
0.0,0.18299999833106995,-1.4630000591278076,1776887076.426
-0.061000000685453415,0.061000000685453415,-1.4630000591278076,1776887076.44
0.0,0.18299999833106995,-1.4630000591278076,1776887076.86
-0.061000000685453415,0.12200000137090683,-1.4019999504089355,1776887076.889
0.0,0.24400000274181366,-1.4630000591278076,1776887076.901
-0.12200000137090683,0.12200000137090683,-1.4630000591278076,1776887076.927
0.0,0.18299999833106995,-1.340999960899353,1776887076.94
0.0,0.24400000274181366,-1.5240000486373901,1776887077.36
0.0,0.24400000274181366,-1.4019999504089355,1776887077.386
-0.061000000685453415,0.24400000274181366,-1.4019999504089355,1776887077.4
0.0,0.18299999833106995,-1.4019999504089355,1776887077.426
0.0,0.18299999833106995,-1.4630000591278076,1776887077.44
0.061000000685453415,0.18299999833106995,-1.5240000486373901,1776887077.865
0.0,0.24400000274181366,-1.5240000486373901,1776887077.88
0.0,0.24400000274181366,-1.4630000591278076,1776887077.906
0.0,0.18299999833106995,-1.4630000591278076,1776887077.92
0.0,0.18299999833106995,-1.4630000591278076,1776887077.946
0.0,0.12200000137090683,-1.340999960899353,1776887078.366
-0.061000000685453415,0.12200000137090683,-1.4630000591278076,1776887078.383
0.0,0.18299999833106995,-1.4019999504089355,1776887078.4
0.0,0.24400000274181366,-1.4630000591278076,1776887078.426
-0.061000000685453415,0.12200000137090683,-1.5240000486373901,1776887078.44
-0.12200000137090683,0.18299999833106995,-1.4019999504089355,1776887079.86
-0.12200000137090683,0.18299999833106995,-1.4019999504089355,1776887079.887
-0.061000000685453415,0.12200000137090683,-1.4019999504089355,1776887079.9
-0.061000000685453415,0.12200000137090683,-1.4630000591278076,1776887079.927
0.0,0.18299999833106995,-1.4630000591278076,1776887079.94
-0.061000000685453415,0.18299999833106995,-1.340999960899353,1776887080.36
-0.061000000685453415,0.24400000274181366,-1.4019999504089355,1776887080.387
0.061000000685453415,0.24400000274181366,-1.5240000486373901,1776887080.4
-0.061000000685453415,0.24400000274181366,-1.4630000591278076,1776887080.43
0.0,0.24400000274181366,-1.4019999504089355,1776887080.441
-0.061000000685453415,0.18299999833106995,-1.4630000591278076,1776887080.88
-0.061000000685453415,0.18299999833106995,-1.4630000591278076,1776887080.907
-0.061000000685453415,0.18299999833106995,-1.4630000591278076,1776887080.92
0.0,0.12200000137090683,-1.4630000591278076,1776887080.946
-0.061000000685453415,0.12200000137090683,-1.4630000591278076,1776887080.96
0.061000000685453415,0.18299999833106995,-1.4019999504089355,1776887081.38
-0.061000000685453415,0.18299999833106995,-17.011999130249023,1776887081.406
-0.061000000685453415,0.12200000137090683,-1.4630000591278076,1776887081.42
0.061000000685453415,0.12200000137090683,-1.4019999504089355,1776887081.445
0.061000000685453415,0.12200000137090683,-1.4019999504089355,1776887081.46
-0.061000000685453415,0.3050000071525574,-1.5240000486373901,1776887082.88
0.0,0.12200000137090683,-17.011999130249023,1776887082.906
-0.061000000685453415,0.24400000274181366,-1.4019999504089355,1776887082.92
-0.061000000685453415,0.12200000137090683,-1.4019999504089355,1776887082.947
0.0,0.24400000274181366,-1.4630000591278076,1776887082.96
0.0,0.12200000137090683,-1.4630000591278076,1776887083.38
0.0,0.18299999833106995,-1.4630000591278076,1776887083.406
-0.061000000685453415,0.18299999833106995,-1.5850000381469727,1776887083.42
0.0,0.24400000274181366,-1.5850000381469727,1776887083.447
-0.12200000137090683,0.12200000137090683,-1.4019999504089355,1776887083.46
-0.061000000685453415,0.24400000274181366,-1.340999960899353,1776887083.88
0.0,0.18299999833106995,-1.4630000591278076,1776887083.911
0.0,0.12200000137090683,-1.4630000591278076,1776887083.921
0.061000000685453415,0.3050000071525574,-1.5240000486373901,1776887083.951
0.12200000137090683,0.12200000137090683,-1.4630000591278076,1776887083.963
-0.061000000685453415,0.18299999833106995,-1.4630000591278076,1776887084.88
-0.061000000685453415,0.24400000274181366,-1.4630000591278076,1776887084.906
0.0,0.18299999833106995,-1.4630000591278076,1776887084.92
0.0,0.18299999833106995,-1.4019999504089355,1776887084.946
-0.061000000685453415,0.12200000137090683,-1.5240000486373901,1776887084.96
0.0,0.24400000274181366,-1.340999960899353,1776887085.38
0.0,0.18299999833106995,-1.4630000591278076,1776887085.407
0.0,0.3050000071525574,-1.4019999504089355,1776887085.42
0.0,0.18299999833106995,-1.4630000591278076,1776887085.447
0.0,0.24400000274181366,-1.5240000486373901,1776887085.46
-0.061000000685453415,0.24400000274181366,-1.4630000591278076,1776887086.4
-0.061000000685453415,0.18299999833106995,-1.4630000591278076,1776887086.427
-0.061000000685453415,0.18299999833106995,-1.5240000486373901,1776887086.44
0.0,0.12200000137090683,-1.4019999504089355,1776887086.466
-0.061000000685453415,0.18299999833106995,-1.4019999504089355,1776887086.48
-0.061000000685453415,0.24400000274181366,-1.4019999504089355,1776887086.902
-0.061000000685453415,0.24400000274181366,-1.340999960899353,1776887086.928
0.0,0.24400000274181366,-1.5240000486373901,1776887086.94
0.0,0.24400000274181366,14.085000038146973,1776887086.968
0.0,0.18299999833106995,-1.4019999504089355,1776887086.98
0.0,0.24400000274181366,-1.4019999504089355,1776887087.41
0.061000000685453415,0.0,-1.4630000591278076,1776887087.42
-0.12200000137090683,0.12200000137090683,-1.4630000591278076,1776887087.448
-0.061000000685453415,0.3050000071525574,-1.4630000591278076,1776887087.463
-0.12200000137090683,0.18299999833106995,-1.4019999504089355,1776887087.48
-0.061000000685453415,0.18299999833106995,-1.4630000591278076,1776887087.923
0.0,0.12200000137090683,-1.4630000591278076,1776887087.94
0.0,0.18299999833106995,-1.4630000591278076,1776887087.967
0.0,0.0,-1.4019999504089355,1776887087.987
0.061000000685453415,0.12200000137090683,-1.4630000591278076,1776887088.0
0.061000000685453415,0.24400000274181366,-1.4630000591278076,1776887088.426
-0.061000000685453415,0.18299999833106995,-1.4630000591278076,1776887088.44
0.0,0.061000000685453415,-1.4019999504089355,1776887088.466
-0.061000000685453415,0.24400000274181366,-1.4630000591278076,1776887088.482
-0.061000000685453415,0.24400000274181366,-1.4019999504089355,1776887088.5
0.0,0.24400000274181366,-1.4630000591278076,1776887088.9
0.0,0.12200000137090683,-1.4019999504089355,1776887088.926
0.0,0.12200000137090683,-1.4630000591278076,1776887088.94
-0.061000000685453415,0.24400000274181366,-1.5240000486373901,1776887088.966
0.061000000685453415,0.18299999833106995,-1.4630000591278076,1776887088.98
-0.061000000685453415,0.18299999833106995,-1.4630000591278076,1776887089.426
0.0,0.24400000274181366,-1.4019999504089355,1776887089.44
0.0,0.24400000274181366,-1.4019999504089355,1776887089.461
0.0,0.18299999833106995,-1.4019999504089355,1776887089.489
0.0,0.12200000137090683,-1.4630000591278076,1776887089.5
0.0,0.12200000137090683,-1.340999960899353,1776887089.92
0.0,0.18299999833106995,-1.5240000486373901,1776887089.948
0.0,0.18299999833106995,-1.5240000486373901,1776887089.96
-0.061000000685453415,0.24400000274181366,-1.4630000591278076,1776887089.986
0.0,0.18299999833106995,-1.4019999504089355,1776887090.001
0.0,0.24400000274181366,-1.4019999504089355,1776887090.921
0.061000000685453415,0.12200000137090683,-1.4019999504089355,1776887090.94
-0.061000000685453415,0.24400000274181366,-1.4630000591278076,1776887090.966
0.061000000685453415,0.12200000137090683,-1.4630000591278076,1776887090.98
0.0,0.24400000274181366,-1.340999960899353,1776887091.006
-0.061000000685453415,0.12200000137090683,-1.4019999504089355,1776887091.42
0.0,0.12200000137090683,-1.4019999504089355,1776887091.446
-0.061000000685453415,0.12200000137090683,-1.4019999504089355,1776887091.46
-0.061000000685453415,0.18299999833106995,-1.4630000591278076,1776887091.486
-0.061000000685453415,0.12200000137090683,-1.340999960899353,1776887091.506
-0.061000000685453415,0.24400000274181366,-1.5240000486373901,1776887091.926
-0.061000000685453415,0.24400000274181366,-1.5240000486373901,1776887091.94
0.0,0.12200000137090683,-1.4019999504089355,1776887091.967
-0.061000000685453415,0.24400000274181366,-1.4019999504089355,1776887091.98
-0.061000000685453415,0.12200000137090683,-1.340999960899353,1776887092.006
-0.061000000685453415,0.3050000071525574,-1.4630000591278076,1776887092.427
0.0,0.24400000274181366,-1.5240000486373901,1776887092.44
0.0,0.3050000071525574,-1.4019999504089355,1776887092.466
0.0,0.18299999833106995,-1.4630000591278076,1776887092.48
0.0,0.24400000274181366,-1.5240000486373901,1776887092.507
0.0,0.18299999833106995,-1.4019999504089355,1776887092.92
0.0,0.12200000137090683,-1.4630000591278076,1776887092.946
0.0,0.12200000137090683,-1.4630000591278076,1776887092.962
0.0,0.12200000137090683,-1.4630000591278076,1776887092.98
-0.061000000685453415,0.18299999833106995,-1.4019999504089355,1776887093.006
0.0,0.18299999833106995,-1.4019999504089355,1776887093.426
0.0,0.12200000137090683,-1.4019999504089355,1776887093.44
0.0,0.18299999833106995,-1.4630000591278076,1776887093.466
-0.061000000685453415,0.18299999833106995,-1.4019999504089355,1776887093.48
-0.061000000685453415,0.12200000137090683,-1.4630000591278076,1776887093.506
0.0,0.24400000274181366,-1.4019999504089355,1776887093.94
-0.061000000685453415,0.18299999833106995,-1.4019999504089355,1776887093.966
-0.061000000685453415,0.18299999833106995,-1.4019999504089355,1776887093.98
-0.061000000685453415,0.18299999833106995,-1.4019999504089355,1776887094.007
0.061000000685453415,0.18299999833106995,-1.340999960899353,1776887094.02
-0.061000000685453415,0.24400000274181366,-1.4019999504089355,1776887094.429
-0.061000000685453415,0.18299999833106995,-1.4019999504089355,1776887094.44
-0.061000000685453415,0.24400000274181366,-1.4630000591278076,1776887094.466
-0.061000000685453415,0.24400000274181366,-1.4630000591278076,1776887094.483
0.0,0.12200000137090683,-1.4019999504089355,1776887094.5
0.0,0.24400000274181366,-1.4630000591278076,1776887095.446
-0.061000000685453415,0.18299999833106995,-1.4019999504089355,1776887095.46
0.0,0.12200000137090683,-1.5240000486373901,1776887095.486
0.061000000685453415,0.12200000137090683,-1.4019999504089355,1776887095.5
0.0,0.24400000274181366,-1.4019999504089355,1776887095.525
0.0,0.3050000071525574,-1.4630000591278076,1776887095.969
-0.061000000685453415,0.12200000137090683,-1.4019999504089355,1776887095.98
-0.061000000685453415,0.18299999833106995,-1.4019999504089355,1776887096.006
0.061000000685453415,0.12200000137090683,-1.340999960899353,1776887096.02
-0.061000000685453415,0.18299999833106995,-1.4019999504089355,1776887096.048
0.0,0.24400000274181366,-1.4630000591278076,1776887096.466
-0.12200000137090683,0.12200000137090683,-1.4019999504089355,1776887096.48
-0.061000000685453415,0.12200000137090683,-1.5240000486373901,1776887096.508
-0.061000000685453415,0.24400000274181366,-1.4630000591278076,1776887096.52
-0.061000000685453415,0.3050000071525574,-1.5240000486373901,1776887096.546
0.0,0.12200000137090683,-1.5240000486373901,1776887096.968
-0.12200000137090683,0.12200000137090683,-1.4630000591278076,1776887096.98
0.0,0.24400000274181366,-1.5240000486373901,1776887097.007
0.0,0.12200000137090683,-17.072999954223633,1776887097.02
0.0,0.24400000274181366,-1.4630000591278076,1776887097.046
0.0,0.3050000071525574,-1.4019999504089355,1776887097.461
-0.12200000137090683,0.18299999833106995,-1.4019999504089355,1776887097.487
-0.061000000685453415,0.12200000137090683,-1.4630000591278076,1776887097.5
0.0,0.18299999833106995,-1.4019999504089355,1776887097.52
0.0,0.24400000274181366,-1.4630000591278076,1776887097.544
0.0,0.18299999833106995,-1.5240000486373901,1776887098.46
0.0,0.18299999833106995,-1.4630000591278076,1776887098.487
0.0,0.12200000137090683,-1.5850000381469727,1776887098.5
0.0,0.18299999833106995,-1.4630000591278076,1776887098.526
0.0,0.18299999833106995,-1.340999960899353,1776887098.544
0.0,0.18299999833106995,-1.340999960899353,1776887098.96
0.0,0.18299999833106995,-1.4630000591278076,1776887098.986
0.0,0.24400000274181366,-1.4630000591278076,1776887099.0
-0.061000000685453415,0.24400000274181366,-1.4630000591278076,1776887099.026
0.0,0.18299999833106995,-1.4019999504089355,1776887099.04
-0.061000000685453415,0.3050000071525574,-1.4019999504089355,1776887099.46
-0.061000000685453415,0.12200000137090683,-1.4019999504089355,1776887099.486
0.061000000685453415,0.18299999833106995,-1.340999960899353,1776887099.502
0.0,0.12200000137090683,-1.4019999504089355,1776887099.529
-0.061000000685453415,0.061000000685453415,14.085000038146973,1776887099.54
0.061000000685453415,0.061000000685453415,-1.340999960899353,1776887100.464
-0.061000000685453415,0.24400000274181366,-1.4019999504089355,1776887100.484
0.0,0.061000000685453415,-1.4630000591278076,1776887100.5
0.0,0.3050000071525574,-1.5240000486373901,1776887100.529
0.0,0.12200000137090683,-1.4630000591278076,1776887100.54
-0.061000000685453415,0.3050000071525574,-1.4630000591278076,1776887100.98
0.0,0.18299999833106995,-1.4019999504089355,1776887101.007
0.0,0.24400000274181366,-1.4630000591278076,1776887101.02
0.061000000685453415,0.24400000274181366,-1.4630000591278076,1776887101.049
0.0,0.18299999833106995,-1.4019999504089355,1776887101.06
0.0,0.18299999833106995,-1.4630000591278076,1776887101.48
-0.061000000685453415,0.24400000274181366,-1.4630000591278076,1776887101.507
0.0,0.18299999833106995,-1.340999960899353,1776887101.52
0.0,0.24400000274181366,-1.4630000591278076,1776887101.546
0.0,0.18299999833106995,-1.4019999504089355,1776887101.56
0.0,0.24400000274181366,-1.4019999504089355,1776887101.96
0.0,0.18299999833106995,-1.4019999504089355,1776887101.986
-0.061000000685453415,0.18299999833106995,-1.5240000486373901,1776887102.0
0.0,0.18299999833106995,-1.4630000591278076,1776887102.027
-0.061000000685453415,0.24400000274181366,-1.4630000591278076,1776887102.042
0.0,0.12200000137090683,-1.4630000591278076,1776887102.481
0.0,0.18299999833106995,-1.4630000591278076,1776887102.5
-0.061000000685453415,0.18299999833106995,-1.4630000591278076,1776887102.528
0.0,0.24400000274181366,-1.5240000486373901,1776887102.54
-0.061000000685453415,0.24400000274181366,-1.4019999504089355,1776887102.566
-0.061000000685453415,0.18299999833106995,-1.340999960899353,1776887103.486
-0.061000000685453415,0.24400000274181366,-1.4019999504089355,1776887103.5
0.0,0.18299999833106995,-1.4630000591278076,1776887103.529
0.0,0.24400000274181366,-1.4019999504089355,1776887103.54
-0.061000000685453415,0.18299999833106995,-1.4630000591278076,1776887103.566
0.061000000685453415,0.18299999833106995,14.085000038146973,1776887103.986
0.0,0.18299999833106995,-1.340999960899353,1776887104.0
0.0,0.12200000137090683,-1.4019999504089355,1776887104.026
0.0,0.18299999833106995,-1.4019999504089355,1776887104.041
0.0,0.12200000137090683,-1.4019999504089355,1776887104.06
-0.061000000685453415,0.18299999833106995,-1.4630000591278076,1776887104.48
-0.061000000685453415,0.18299999833106995,-1.4630000591278076,1776887104.5
0.061000000685453415,0.18299999833106995,-1.4630000591278076,1776887104.529
-0.061000000685453415,0.18299999833106995,-1.4019999504089355,1776887104.541
0.061000000685453415,0.18299999833106995,-1.4019999504089355,1776887104.566
0.0,0.18299999833106995,-1.4019999504089355,1776887105.0
0.0,0.24400000274181366,-1.4019999504089355,1776887105.026
-0.061000000685453415,0.24400000274181366,-1.4630000591278076,1776887105.04
0.0,0.12200000137090683,-1.4630000591278076,1776887105.066
0.0,0.18299999833106995,-1.5240000486373901,1776887105.08
-0.061000000685453415,0.12200000137090683,-1.4630000591278076,1776887105.48
0.061000000685453415,0.12200000137090683,-1.4019999504089355,1776887105.506
0.0,0.12200000137090683,-1.5240000486373901,1776887105.525
0.0,0.24400000274181366,-1.4630000591278076,1776887105.54
0.0,0.24400000274181366,-1.4630000591278076,1776887105.566
-0.061000000685453415,0.3050000071525574,-1.5240000486373901,1776887106.0
0.0,0.12200000137090683,-1.5240000486373901,1776887106.026
0.0,0.24400000274181366,-1.4630000591278076,1776887106.04
0.0,0.18299999833106995,-1.4630000591278076,1776887106.067
-0.061000000685453415,0.24400000274181366,-1.4630000591278076,1776887106.08
0.0,0.12200000137090683,-1.4630000591278076,1776887106.5
0.0,0.18299999833106995,-1.4019999504089355,1776887106.527
0.0,0.18299999833106995,-1.4630000591278076,1776887106.54
0.0,0.18299999833106995,-1.4630000591278076,1776887106.566
0.0,0.061000000685453415,-1.4630000591278076,1776887106.58
0.0,0.12200000137090683,-1.4019999504089355,1776887107.0
0.0,0.12200000137090683,-1.4019999504089355,1776887107.026
0.0,0.12200000137090683,-1.4019999504089355,1776887107.04
-0.12200000137090683,0.18299999833106995,-1.5240000486373901,1776887107.06
0.0,0.18299999833106995,-1.4019999504089355,1776887107.091
-0.12200000137090683,0.18299999833106995,-1.4019999504089355,1776887107.502
0.061000000685453415,0.24400000274181366,-1.4019999504089355,1776887107.528
-0.061000000685453415,0.18299999833106995,-1.5240000486373901,1776887107.54
0.0,0.061000000685453415,-1.5240000486373901,1776887107.567
-0.061000000685453415,0.24400000274181366,-1.4019999504089355,1776887107.58
-0.061000000685453415,0.24400000274181366,-1.5240000486373901,1776887108.002
0.0,0.24400000274181366,-1.4019999504089355,1776887108.028
0.0,0.24400000274181366,-1.4019999504089355,1776887108.04
0.0,0.24400000274181366,-1.4019999504089355,1776887108.066
-0.061000000685453415,0.18299999833106995,-1.4630000591278076,1776887108.081
-0.061000000685453415,0.24400000274181366,-1.4019999504089355,1776887108.5
0.0,0.24400000274181366,-1.5850000381469727,1776887108.53
0.0,0.18299999833106995,-1.4630000591278076,1776887108.54
-0.061000000685453415,0.18299999833106995,-1.4630000591278076,1776887108.568
-0.061000000685453415,0.18299999833106995,-1.4019999504089355,1776887108.58
0.0,0.18299999833106995,-1.4019999504089355,1776887109.009
0.0,0.3659999966621399,-1.4630000591278076,1776887109.02
0.0,0.3659999966621399,-1.4630000591278076,1776887109.047
0.0,0.3659999966621399,-1.4630000591278076,1776887109.06
0.0,0.3659999966621399,-1.4630000591278076,1776887109.087
-0.061000000685453415,0.18299999833106995,-1.5240000486373901,1776887109.5
0.0,0.24400000274181366,-1.340999960899353,1776887109.529
-0.061000000685453415,0.24400000274181366,-1.5240000486373901,1776887109.54
0.061000000685453415,0.18299999833106995,-1.4630000591278076,1776887109.567
0.0,0.18299999833106995,-1.4019999504089355,1776887109.58
0.061000000685453415,0.24400000274181366,-1.4630000591278076,1776887110.021
0.0,0.12200000137090683,-1.4019999504089355,1776887110.046
-0.061000000685453415,0.18299999833106995,-1.5240000486373901,1776887110.062
-0.061000000685453415,0.12200000137090683,-1.4019999504089355,1776887110.09
-0.061000000685453415,0.18299999833106995,-1.4630000591278076,1776887110.1
-0.12200000137090683,0.18299999833106995,-1.4630000591278076,1776887110.506
0.0,0.24400000274181366,-1.4630000591278076,1776887110.52
0.0,0.061000000685453415,-1.4019999504089355,1776887110.547
0.061000000685453415,0.24400000274181366,-1.5240000486373901,1776887110.56
0.0,0.18299999833106995,-1.4630000591278076,1776887110.581
-0.061000000685453415,0.18299999833106995,-1.4019999504089355,1776887111.007
0.0,0.18299999833106995,-1.4630000591278076,1776887111.026
0.0,0.18299999833106995,-1.4630000591278076,1776887111.04
0.0,0.18299999833106995,-1.4630000591278076,1776887111.066
-0.061000000685453415,0.18299999833106995,-1.4630000591278076,1776887111.08
0.0,0.12200000137090683,-1.4019999504089355,1776887111.506
0.0,0.18299999833106995,-1.4019999504089355,1776887111.52
0.0,0.24400000274181366,-1.4630000591278076,1776887111.541
0.0,0.18299999833106995,-1.4019999504089355,1776887111.567
-0.061000000685453415,0.24400000274181366,-1.4019999504089355,1776887111.58
0.061000000685453415,0.18299999833106995,-1.4019999504089355,1776887112.001
0.0,0.24400000274181366,-1.4630000591278076,1776887112.026
0.0,0.24400000274181366,-1.4630000591278076,1776887112.041
-0.061000000685453415,0.061000000685453415,-1.5240000486373901,1776887112.066
0.061000000685453415,0.24400000274181366,-1.4630000591278076,1776887112.081
0.0,0.12200000137090683,-1.4019999504089355,1776887112.501
0.0,0.24400000274181366,-1.5240000486373901,1776887112.526
-0.061000000685453415,0.18299999833106995,-1.4630000591278076,1776887112.541
0.0,0.061000000685453415,-1.5240000486373901,1776887112.568
-0.061000000685453415,0.12200000137090683,-1.4019999504089355,1776887112.581
0.0,0.18299999833106995,-1.4019999504089355,1776887113.027
0.061000000685453415,0.24400000274181366,-17.072999954223633,1776887113.041
0.0,0.24400000274181366,-1.4019999504089355,1776887113.067
-0.061000000685453415,0.12200000137090683,-1.4019999504089355,1776887113.081
-0.061000000685453415,0.18299999833106995,-1.5240000486373901,1776887113.107
-0.061000000685453415,0.24400000274181366,-1.4019999504089355,1776887113.521
0.0,0.18299999833106995,-1.5240000486373901,1776887113.546
0.0,0.24400000274181366,-1.340999960899353,1776887113.561
-0.061000000685453415,0.18299999833106995,-1.4630000591278076,1776887113.587
0.0,0.24400000274181366,-1.5850000381469727,1776887113.601
0.0,0.12200000137090683,-1.4630000591278076,1776887114.033
0.061000000685453415,0.24400000274181366,-1.5240000486373901,1776887114.045
0.0,0.24400000274181366,-1.4019999504089355,1776887114.061
0.0,0.12200000137090683,-1.4019999504089355,1776887114.086
0.0,0.12200000137090683,-1.4019999504089355,1776887114.101
-0.12200000137090683,0.18299999833106995,-1.4630000591278076,1776887114.527
-0.061000000685453415,0.24400000274181366,-1.5850000381469727,1776887114.542
-0.061000000685453415,0.18299999833106995,-1.4019999504089355,1776887114.569
-0.061000000685453415,0.24400000274181366,-1.5240000486373901,1776887114.581
0.0,0.18299999833106995,-1.4630000591278076,1776887114.608
0.061000000685453415,0.24400000274181366,-1.4019999504089355,1776887115.021
0.061000000685453415,0.18299999833106995,-1.5240000486373901,1776887115.049
0.0,0.3050000071525574,-1.4019999504089355,1776887115.061
0.0,0.18299999833106995,-1.4630000591278076,1776887115.086
-0.061000000685453415,0.24400000274181366,-1.4019999504089355,1776887115.101
-0.061000000685453415,0.24400000274181366,-1.4630000591278076,1776887115.527
0.0,0.12200000137090683,-1.4019999504089355,1776887115.541
-0.061000000685453415,0.18299999833106995,-1.4630000591278076,1776887115.572
0.0,0.12200000137090683,-1.4019999504089355,1776887115.584
-0.061000000685453415,0.24400000274181366,-1.4019999504089355,1776887115.601
0.0,0.18299999833106995,-1.4019999504089355,1776887116.029
0.0,0.24400000274181366,-1.5240000486373901,1776887116.041
0.0,0.12200000137090683,-1.4630000591278076,1776887116.067
0.0,0.24400000274181366,-1.4630000591278076,1776887116.081
0.0,0.12200000137090683,-1.4019999504089355,1776887116.106
0.0,0.18299999833106995,-1.4019999504089355,1776887116.526
-0.061000000685453415,0.12200000137090683,-1.4630000591278076,1776887116.541
-0.061000000685453415,0.18299999833106995,-1.5240000486373901,1776887116.567
-0.061000000685453415,0.18299999833106995,-1.340999960899353,1776887116.581
0.0,0.24400000274181366,-1.4019999504089355,1776887116.607
-0.061000000685453415,0.18299999833106995,-1.4630000591278076,1776887117.021
-0.061000000685453415,0.24400000274181366,-1.4630000591278076,1776887117.049
-0.061000000685453415,0.3050000071525574,-1.4630000591278076,1776887117.061
-0.061000000685453415,0.12200000137090683,-1.5240000486373901,1776887117.087
-0.061000000685453415,0.18299999833106995,-1.4019999504089355,1776887117.102
-0.061000000685453415,0.18299999833106995,-1.5240000486373901,1776887117.541
-0.061000000685453415,0.18299999833106995,-1.4019999504089355,1776887117.566
-0.12200000137090683,0.18299999833106995,-1.4630000591278076,1776887117.581
-0.061000000685453415,0.18299999833106995,-1.4630000591278076,1776887117.601
-0.12200000137090683,0.18299999833106995,-1.5240000486373901,1776887117.621
0.0,0.18299999833106995,-1.4630000591278076,1776887118.048
0.0,0.18299999833106995,-1.4630000591278076,1776887118.063
-0.061000000685453415,0.24400000274181366,-1.4630000591278076,1776887118.081
-0.061000000685453415,0.061000000685453415,-1.4630000591278076,1776887118.106
-0.061000000685453415,0.12200000137090683,-1.4019999504089355,1776887118.121
-0.061000000685453415,0.24400000274181366,-1.4630000591278076,1776887118.522
0.0,0.12200000137090683,-1.5240000486373901,1776887118.547
-0.061000000685453415,0.3050000071525574,-1.4630000591278076,1776887118.561
-0.061000000685453415,0.18299999833106995,-1.4019999504089355,1776887118.589
0.0,0.18299999833106995,-1.5240000486373901,1776887118.601
0.0,0.24400000274181366,-1.4019999504089355,1776887119.049
0.0,0.24400000274181366,-1.4019999504089355,1776887119.061
0.061000000685453415,0.061000000685453415,-1.4019999504089355,1776887119.088
0.061000000685453415,0.24400000274181366,-1.4630000591278076,1776887119.101
0.0,0.18299999833106995,-1.4630000591278076,1776887119.127
0.0,0.18299999833106995,-1.4630000591278076,1776887119.547
-0.061000000685453415,0.24400000274181366,-1.4019999504089355,1776887119.561
0.0,0.18299999833106995,-1.4630000591278076,1776887119.586
0.0,0.3050000071525574,-1.4630000591278076,1776887119.601
-0.061000000685453415,0.24400000274181366,-1.4630000591278076,1776887119.627
0.0,0.18299999833106995,-1.5240000486373901,1776887120.048
-0.061000000685453415,0.18299999833106995,-1.4630000591278076,1776887120.061
-0.061000000685453415,0.3050000071525574,-1.4630000591278076,1776887120.089
0.0,0.18299999833106995,-1.5240000486373901,1776887120.101
-0.061000000685453415,0.18299999833106995,-1.5850000381469727,1776887120.127
-0.061000000685453415,0.18299999833106995,-1.4019999504089355,1776887120.547
-0.061000000685453415,0.18299999833106995,-1.4630000591278076,1776887120.562
0.0,0.24400000274181366,-1.4630000591278076,1776887120.588
0.0,0.18299999833106995,-1.4630000591278076,1776887120.601
0.0,0.24400000274181366,-1.4630000591278076,1776887120.627
-0.061000000685453415,0.12200000137090683,-1.4630000591278076,1776887121.041
-0.12200000137090683,0.24400000274181366,-1.340999960899353,1776887121.067
0.0,0.18299999833106995,-1.4019999504089355,1776887121.081
0.0,0.12200000137090683,-1.4630000591278076,1776887121.106
-0.061000000685453415,0.18299999833106995,-1.4630000591278076,1776887121.121
-0.061000000685453415,0.24400000274181366,-1.4630000591278076,1776887121.548
-0.061000000685453415,0.24400000274181366,-1.4630000591278076,1776887121.561
-0.061000000685453415,0.24400000274181366,-1.4630000591278076,1776887121.586
-0.061000000685453415,0.12200000137090683,-1.4630000591278076,1776887121.601
-0.12200000137090683,0.24400000274181366,-1.5850000381469727,1776887121.627
0.0,0.24400000274181366,-1.5240000486373901,1776887122.061
-0.061000000685453415,0.24400000274181366,-1.5850000381469727,1776887122.089
-0.061000000685453415,0.24400000274181366,-1.4630000591278076,1776887122.101
-0.061000000685453415,0.061000000685453415,-1.4019999504089355,1776887122.126
0.061000000685453415,0.18299999833106995,-1.4019999504089355,1776887122.141
-0.12200000137090683,0.18299999833106995,-1.4630000591278076,1776887122.561
-0.12200000137090683,0.18299999833106995,-1.4630000591278076,1776887122.586
-0.12200000137090683,0.18299999833106995,-1.4630000591278076,1776887122.601
0.0,0.061000000685453415,-1.4630000591278076,1776887122.628
-0.061000000685453415,0.24400000274181366,-1.4019999504089355,1776887122.641
-0.061000000685453415,0.12200000137090683,-1.4630000591278076,1776887123.069
0.061000000685453415,0.18299999833106995,-1.4630000591278076,1776887123.081
0.0,0.12200000137090683,-1.4630000591278076,1776887123.107
-0.061000000685453415,0.18299999833106995,-1.4630000591278076,1776887123.121
0.0,0.24400000274181366,-1.4630000591278076,1776887123.147
-0.12200000137090683,0.3050000071525574,-1.4019999504089355,1776887123.561
0.0,0.24400000274181366,-1.4019999504089355,1776887123.588
0.0,0.24400000274181366,-1.4019999504089355,1776887123.601
0.0,0.24400000274181366,-1.4019999504089355,1776887123.631
0.0,0.24400000274181366,-1.4019999504089355,1776887123.642
0.0,0.24400000274181366,-1.4019999504089355,1776887124.062
0.0,0.24400000274181366,-1.4630000591278076,1776887124.089
0.0,0.18299999833106995,-1.5240000486373901,1776887124.101
0.0,0.12200000137090683,-1.4019999504089355,1776887124.127
-0.061000000685453415,0.18299999833106995,-1.4630000591278076,1776887124.141
0.0,0.24400000274181366,-1.4630000591278076,1776887124.561
0.0,0.18299999833106995,-1.4019999504089355,1776887124.589
-0.061000000685453415,0.24400000274181366,-1.5240000486373901,1776887124.601
0.0,0.18299999833106995,-1.4019999504089355,1776887124.627
0.0,0.18299999833106995,-1.4630000591278076,1776887124.641
0.0,0.24400000274181366,-1.4630000591278076,1776887125.068
-0.061000000685453415,0.18299999833106995,-1.4019999504089355,1776887125.081
0.0,0.18299999833106995,-1.4630000591278076,1776887125.107
-0.061000000685453415,0.18299999833106995,-1.4630000591278076,1776887125.121
0.061000000685453415,0.18299999833106995,-1.4630000591278076,1776887125.148
-0.061000000685453415,0.18299999833106995,-1.4630000591278076,1776887125.567
-0.061000000685453415,0.18299999833106995,-1.5240000486373901,1776887125.581
-0.061000000685453415,0.12200000137090683,-1.4019999504089355,1776887125.601
-0.061000000685453415,0.18299999833106995,-1.5240000486373901,1776887125.629
0.0,0.12200000137090683,-1.4630000591278076,1776887125.641
-0.061000000685453415,0.24400000274181366,-1.4630000591278076,1776887126.063
0.0,0.24400000274181366,-1.4019999504089355,1776887126.089
0.0,0.12200000137090683,-1.4019999504089355,1776887126.101
-0.061000000685453415,0.18299999833106995,-1.4630000591278076,1776887126.127
0.0,0.12200000137090683,-1.4019999504089355,1776887126.141
-0.061000000685453415,0.24400000274181366,-1.4019999504089355,1776887126.581
-0.061000000685453415,0.18299999833106995,-1.5240000486373901,1776887126.608
0.0,0.24400000274181366,-1.4019999504089355,1776887126.621
-0.061000000685453415,0.12200000137090683,-1.4630000591278076,1776887126.647
-0.061000000685453415,0.24400000274181366,-1.4630000591278076,1776887126.661
0.0,0.18299999833106995,-1.4019999504089355,1776887127.081
0.0,0.12200000137090683,-1.4019999504089355,1776887127.107
-0.061000000685453415,0.3050000071525574,-1.5240000486373901,1776887127.121
-0.061000000685453415,0.18299999833106995,-1.4019999504089355,1776887127.149
0.0,0.24400000274181366,-1.4630000591278076,1776887127.161
0.0,0.24400000274181366,-1.5240000486373901,1776887127.587
0.061000000685453415,0.18299999833106995,-1.4630000591278076,1776887127.606
0.0,0.18299999833106995,-1.4630000591278076,1776887127.621
0.061000000685453415,0.24400000274181366,-1.4019999504089355,1776887127.647
-0.061000000685453415,0.18299999833106995,-1.340999960899353,1776887127.662
0.0,0.12200000137090683,-1.4019999504089355,1776887128.063
-0.061000000685453415,0.18299999833106995,-1.4630000591278076,1776887128.081
-0.061000000685453415,0.3050000071525574,-1.5240000486373901,1776887128.111
0.061000000685453415,0.18299999833106995,-1.5240000486373901,1776887128.122
0.061000000685453415,0.12200000137090683,-1.4630000591278076,1776887128.155
0.0,0.18299999833106995,-1.4630000591278076,1776887128.581
0.0,0.12200000137090683,-1.5240000486373901,1776887128.607
0.061000000685453415,0.3050000071525574,-1.4019999504089355,1776887128.627
-0.061000000685453415,0.24400000274181366,-1.4019999504089355,1776887128.641
-0.12200000137090683,0.061000000685453415,-1.340999960899353,1776887128.667
-0.061000000685453415,0.12200000137090683,-1.4019999504089355,1776887129.081
-0.061000000685453415,0.24400000274181366,-1.4630000591278076,1776887129.107
0.0,0.18299999833106995,-1.4019999504089355,1776887129.121
0.0,0.24400000274181366,-1.4630000591278076,1776887129.149
0.0,0.18299999833106995,-1.4630000591278076,1776887129.161
-0.061000000685453415,0.24400000274181366,-1.4630000591278076,1776887129.582
-0.061000000685453415,0.18299999833106995,-1.4019999504089355,1776887129.608
-0.12200000137090683,0.18299999833106995,-1.4630000591278076,1776887129.621
0.0,0.12200000137090683,-1.4019999504089355,1776887129.647
0.0,0.24400000274181366,-1.5240000486373901,1776887129.661
0.0,0.24400000274181366,-1.4630000591278076,1776887130.081
0.0,0.18299999833106995,-1.4630000591278076,1776887130.102
0.0,0.18299999833106995,-1.4630000591278076,1776887130.128
0.0,0.24400000274181366,-1.4630000591278076,1776887130.141
0.061000000685453415,0.24400000274181366,-1.4019999504089355,1776887130.168
0.0,0.061000000685453415,-1.4019999504089355,1776887130.587
0.0,0.24400000274181366,-1.4019999504089355,1776887130.601
0.0,0.18299999833106995,-1.4630000591278076,1776887130.627
0.0,0.18299999833106995,-1.4019999504089355,1776887130.641
0.0,0.24400000274181366,-1.5240000486373901,1776887130.67
-0.061000000685453415,0.18299999833106995,-1.4630000591278076,1776887131.087
0.0,0.3050000071525574,-1.4630000591278076,1776887131.101
0.0,0.18299999833106995,-1.4630000591278076,1776887131.127
-0.061000000685453415,0.18299999833106995,-1.4630000591278076,1776887131.141
-0.061000000685453415,0.24400000274181366,-1.4630000591278076,1776887131.167
-0.061000000685453415,0.24400000274181366,-1.4019999504089355,1776887131.587
-0.061000000685453415,0.24400000274181366,-1.4630000591278076,1776887131.601
0.0,0.24400000274181366,-1.4019999504089355,1776887131.627
0.0,0.12200000137090683,-1.4019999504089355,1776887131.641
-0.061000000685453415,0.18299999833106995,-1.4630000591278076,1776887131.667
-0.061000000685453415,0.3050000071525574,-1.5240000486373901,1776887132.102
-0.061000000685453415,0.18299999833106995,-1.4019999504089355,1776887132.128
0.061000000685453415,0.24400000274181366,-1.5850000381469727,1776887132.143
0.061000000685453415,0.18299999833106995,-1.4019999504089355,1776887132.169
-0.061000000685453415,0.24400000274181366,-1.4630000591278076,1776887132.181
-0.061000000685453415,0.061000000685453415,-1.5240000486373901,1776887132.587
0.0,0.24400000274181366,-1.4019999504089355,1776887132.601
0.0,0.12200000137090683,-1.4019999504089355,1776887132.627
0.0,0.18299999833106995,-1.4630000591278076,1776887132.641
-0.061000000685453415,0.18299999833106995,-1.4019999504089355,1776887132.661
0.0,0.18299999833106995,-1.4630000591278076,1776887133.109
0.0,0.24400000274181366,-1.4019999504089355,1776887133.121
0.0,0.18299999833106995,-1.340999960899353,1776887133.149
0.061000000685453415,0.18299999833106995,-1.4630000591278076,1776887133.161
-0.061000000685453415,0.18299999833106995,-1.5240000486373901,1776887133.187
-0.061000000685453415,0.3050000071525574,-1.4019999504089355,1776887133.601
0.0,0.24400000274181366,-1.4630000591278076,1776887133.629
-0.061000000685453415,0.24400000274181366,-1.4630000591278076,1776887133.641
0.0,0.18299999833106995,-1.340999960899353,1776887133.667
-0.061000000685453415,0.3050000071525574,-1.4630000591278076,1776887133.683
0.061000000685453415,0.18299999833106995,-1.4630000591278076,1776887134.108
0.0,0.24400000274181366,-1.4019999504089355,1776887134.122
-0.061000000685453415,0.24400000274181366,-1.4630000591278076,1776887134.144
-0.061000000685453415,0.18299999833106995,-1.4630000591278076,1776887134.161
0.0,0.24400000274181366,-1.4630000591278076,1776887134.189
0.0,0.18299999833106995,-1.340999960899353,1776887134.608
0.0,0.18299999833106995,-1.340999960899353,1776887134.621
-0.061000000685453415,0.12200000137090683,-1.4019999504089355,1776887134.649
0.0,0.12200000137090683,-1.4019999504089355,1776887134.661
0.0,0.24400000274181366,-1.340999960899353,1776887134.687
-0.061000000685453415,0.3659999966621399,-1.4630000591278076,1776887135.101
-0.061000000685453415,0.24400000274181366,-1.4019999504089355,1776887135.129
0.0,0.18299999833106995,-1.4630000591278076,1776887135.143
0.0,0.18299999833106995,-1.4630000591278076,1776887135.169
0.0,0.18299999833106995,-1.4630000591278076,1776887135.181
-0.061000000685453415,0.24400000274181366,-1.5240000486373901,1776887135.601
0.0,0.3050000071525574,-1.4630000591278076,1776887135.627
0.061000000685453415,0.3050000071525574,-1.4630000591278076,1776887135.641
0.061000000685453415,0.24400000274181366,-1.5240000486373901,1776887135.668
-0.061000000685453415,0.18299999833106995,-1.5240000486373901,1776887135.681
-0.061000000685453415,0.18299999833106995,-1.4630000591278076,1776887136.127
-0.061000000685453415,0.24400000274181366,-1.4019999504089355,1776887136.141
-0.061000000685453415,0.18299999833106995,-1.4630000591278076,1776887136.161
-0.061000000685453415,0.12200000137090683,-1.4019999504089355,1776887136.189
-0.061000000685453415,0.12200000137090683,-1.4019999504089355,1776887136.201
-0.061000000685453415,0.18299999833106995,-1.4630000591278076,1776887136.581
0.0,0.18299999833106995,-1.4019999504089355,1776887136.607
0.0,0.18299999833106995,-1.4630000591278076,1776887136.622
0.061000000685453415,0.24400000274181366,-1.5240000486373901,1776887136.649
0.061000000685453415,0.24400000274181366,-1.4630000591278076,1776887136.661
12.682999610900879,5.914999961853027,6.585000038146973,1776887137.101
1.340999960899353,-3.0490000247955322,5.854000091552734,1776887137.122
-1.8289999961853027,-2.74399995803833,4.877999782562256,1776887137.141
-52.25600051879883,16.76799964904785,-13.048999786376953,1776887137.167
-67.25599670410156,22.683000564575195,-11.340999603271484,1776887137.181
-48.354000091552734,23.659000396728516,-13.597999572753906,1776887137.602
-45.97600173950195,21.707000732421875,-0.7929999828338623,1776887137.628
-30.30500030517578,30.30500030517578,-19.816999435424805,1776887137.641
0.6100000143051147,16.584999084472656,5.73199987411499,1776887137.667
-0.18299999833106995,36.52399826049805,6.645999908447266,1776887137.681
70.18299865722656,13.720000267028809,5.122000217437744,1776887138.121
90.79299926757812,15.548999786376953,-2.25600004196167,1776887138.147
100.48799896240234,7.195000171661377,6.158999919891357,1776887138.163
77.927001953125,5.48799991607666,-14.206999778747559,1776887138.181
54.93899917602539,2.805000066757202,-14.085000038146973,1776887138.207
0.061000000685453415,-0.6100000143051147,-1.4630000591278076,1776887138.628
0.0,-0.5490000247955322,-1.6460000276565552,1776887138.641
0.061000000685453415,-0.12200000137090683,-1.5850000381469727,1776887138.671
0.0,0.8539999723434448,-1.5240000486373901,1776887138.682
0.061000000685453415,0.5490000247955322,-1.5240000486373901,1776887138.708
0.0,0.12200000137090683,-1.5240000486373901,1776887139.142
0.0,0.18299999833106995,-1.5240000486373901,1776887139.169
0.061000000685453415,0.24400000274181366,-1.5240000486373901,1776887139.182
-0.061000000685453415,0.18299999833106995,-1.5850000381469727,1776887139.208
0.0,0.18299999833106995,-1.4630000591278076,1776887139.221
0.0,0.18299999833106995,-1.4630000591278076,1776887139.641
0.3659999966621399,-1.2200000286102295,-1.5850000381469727,1776887139.667
-5.48799991607666,-1.9509999752044678,-11.52400016784668,1776887139.681
-12.805000305175781,-3.6589999198913574,-9.206999778747559,1776887139.709
-8.597999572753906,-27.988000869750977,-9.085000038146973,1776887139.721
-3.2929999828338623,11.52400016784668,-2.072999954223633,1776887140.121
-3.2320001125335693,12.01200008392334,-6.76800012588501,1776887140.147
1.159000039100647,19.02400016784668,4.451000213623047,1776887140.161
8.840999603271484,13.232000350952148,-1.2799999713897705,1776887140.187
14.633999824523926,2.865999937057495,-8.659000396728516,1776887140.202
8.963000297546387,-7.195000171661377,0.0,1776887140.643
5.48799991607666,-7.622000217437744,3.109999895095825,1776887140.669
-5.914999961853027,3.8410000801086426,-5.304999828338623,1776887140.682
2.98799991607666,-5.793000221252441,4.816999912261963,1776887140.708
0.18299999833106995,2.134000062942505,4.695000171661377,1776887140.726
-2.072999954223633,1.6460000276565552,-4.206999778747559,1776887141.142
-3.8410000801086426,-6.889999866485596,2.25600004196167,1776887141.168
-7.25600004196167,6.951000213623047,-5.427000045776367,1776887141.181
-0.8539999723434448,-3.1710000038146973,0.9150000214576721,1776887141.209
-2.927000045776367,3.3540000915527344,-1.0369999408721924,1776887141.221
29.389999389648438,-11.645999908447266,14.694999694824219,1776887141.641
28.53700065612793,-34.75600051879883,-3.4149999618530273,1776887141.669
11.645999908447266,-30.183000564575195,-14.51200008392334,1776887141.683
4.877999782562256,-28.780000686645508,-4.939000129699707,1776887141.709
-1.6460000276565552,-14.51200008392334,1.4630000591278076,1776887141.721
0.3050000071525574,2.134000062942505,-0.9760000109672546,1776887142.148
0.7319999933242798,4.26800012588501,-3.2320001125335693,1776887142.161
-2.438999891281128,1.6460000276565552,0.3659999966621399,1776887142.19
0.4880000054836273,2.74399995803833,-1.4630000591278076,1776887142.201
-1.2799999713897705,3.109999895095825,-0.5490000247955322,1776887142.227
14.694999694824219,-1.159000039100647,-0.9150000214576721,1776887142.647
-1.4019999504089355,-3.7799999713897705,-1.7070000171661377,1776887142.661
3.2929999828338623,-1.4630000591278076,0.3659999966621399,1776887142.689
-1.5240000486373901,-2.561000108718872,-0.9760000109672546,1776887142.702
0.9150000214576721,0.061000000685453415,1.2200000286102295,1776887142.729
-3.7799999713897705,-1.159000039100647,-1.0980000495910645,1776887143.141
4.02400016784668,1.7680000066757202,-1.5240000486373901,1776887143.167
-1.8289999961853027,1.7070000171661377,-3.2929999828338623,1776887143.181
-0.24400000274181366,-1.5850000381469727,1.159000039100647,1776887143.21
-1.340999960899353,-1.0980000495910645,-3.4760000705718994,1776887143.221
-1.340999960899353,-1.9509999752044678,12.927000045776367,1776887143.648
-0.4269999861717224,-0.4269999861717224,1.8899999856948853,1776887143.662
-2.378000020980835,-2.072999954223633,-3.2320001125335693,1776887143.688
2.01200008392334,-0.7929999828338623,0.4880000054836273,1776887143.701
-0.4269999861717224,-1.7680000066757202,-2.805000066757202,1776887143.727
15.793000221252441,0.24400000274181366,-0.7929999828338623,1776887144.148
2.927000045776367,-0.3659999966621399,-2.621999979019165,1776887144.161
-0.061000000685453415,-0.061000000685453415,-0.7319999933242798,1776887144.182
-0.3659999966621399,0.7929999828338623,-0.6100000143051147,1776887144.208
-0.18299999833106995,1.4630000591278076,-1.2799999713897705,1776887144.221
-0.061000000685453415,0.18299999833106995,-17.011999130249023,1776887144.648
-0.12200000137090683,0.0,-1.5240000486373901,1776887144.661
0.12200000137090683,0.18299999833106995,-1.5240000486373901,1776887144.687
0.061000000685453415,0.061000000685453415,-1.4630000591278076,1776887144.701
-0.061000000685453415,0.3050000071525574,-1.4630000591278076,1776887144.73
-1.0980000495910645,-0.4880000054836273,-1.0980000495910645,1776887145.161
-0.18299999833106995,-0.3050000071525574,-16.889999389648438,1776887145.188
-0.4880000054836273,-0.18299999833106995,-1.8899999856948853,1776887145.201
-2.5,-1.5240000486373901,-3.8410000801086426,1776887145.228
-3.2929999828338623,-0.061000000685453415,-2.865999937057495,1776887145.241
0.0,0.0,-1.4630000591278076,1776887145.667
-0.24400000274181366,0.061000000685453415,-1.2799999713897705,1776887145.681
0.18299999833106995,0.18299999833106995,-1.5240000486373901,1776887145.71
0.24400000274181366,0.3050000071525574,-1.4019999504089355,1776887145.721
0.061000000685453415,-0.061000000685453415,-1.4630000591278076,1776887145.748
0.061000000685453415,0.18299999833106995,-1.5240000486373901,1776887146.168
-0.18299999833106995,0.12200000137090683,-1.5850000381469727,1776887146.181
0.24400000274181366,0.12200000137090683,-1.7070000171661377,1776887146.207
-0.24400000274181366,0.24400000274181366,-1.4630000591278076,1776887146.225
0.18299999833106995,0.18299999833106995,-1.6460000276565552,1776887146.241
-0.3050000071525574,0.0,-1.340999960899353,1776887146.661
-0.061000000685453415,0.061000000685453415,-1.5240000486373901,1776887146.687
0.12200000137090683,0.24400000274181366,-1.2799999713897705,1776887146.703
0.24400000274181366,0.24400000274181366,-1.4019999504089355,1776887146.729
-0.12200000137090683,0.24400000274181366,-1.4630000591278076,1776887146.742
-1.5240000486373901,-1.5850000381469727,-0.3050000071525574,1776887147.168
1.6460000276565552,1.4019999504089355,-2.134000062942505,1776887147.189
-0.3050000071525574,1.5850000381469727,-2.25600004196167,1776887147.201
0.0,-0.061000000685453415,-1.5850000381469727,1776887147.227
-0.6100000143051147,-1.2799999713897705,-1.8899999856948853,1776887147.242
0.0,0.0,-1.4630000591278076,1776887147.667
0.061000000685453415,0.3659999966621399,-1.4019999504089355,1776887147.681
0.12200000137090683,0.6100000143051147,-1.5850000381469727,1776887147.707
-0.061000000685453415,0.061000000685453415,-1.4630000591278076,1776887147.722
0.0,0.12200000137090683,-1.5850000381469727,1776887147.748
-0.18299999833106995,0.24400000274181366,-1.4630000591278076,1776887148.161
0.061000000685453415,0.18299999833106995,-1.4630000591278076,1776887148.189
-0.061000000685453415,0.18299999833106995,-1.5850000381469727,1776887148.202
0.0,0.24400000274181366,-1.4019999504089355,1776887148.228
0.061000000685453415,0.12200000137090683,-1.4019999504089355,1776887148.241
0.0,0.18299999833106995,-1.4019999504089355,1776887148.662
1.2200000286102295,0.0,-16.82900047302246,1776887148.688
-0.5490000247955322,0.7929999828338623,-1.2799999713897705,1776887148.701
0.7319999933242798,0.7319999933242798,-1.4019999504089355,1776887148.727
2.98799991607666,-1.159000039100647,-1.4019999504089355,1776887148.741
7.133999824523926,2.74399995803833,0.8539999723434448,1776887149.188
11.585000038146973,4.02400016784668,3.1710000038146973,1776887149.202
11.767999649047852,-11.159000396728516,0.9760000109672546,1776887149.228
13.232000350952148,4.02400016784668,3.9019999504089355,1776887149.241
16.219999313354492,5.548999786376953,5.122000217437744,1776887149.267
0.18299999833106995,-1.159000039100647,-1.2799999713897705,1776887149.682
-0.12200000137090683,0.12200000137090683,-1.6460000276565552,1776887149.708
-0.3659999966621399,1.2200000286102295,-1.159000039100647,1776887149.721
-0.3050000071525574,0.7929999828338623,-1.2200000286102295,1776887149.747
0.0,0.061000000685453415,-17.011999130249023,1776887149.761
0.0,0.18299999833106995,-1.5850000381469727,1776887150.182
-0.4880000054836273,0.3659999966621399,-1.4630000591278076,1776887150.207
0.061000000685453415,0.18299999833106995,-1.5240000486373901,1776887150.221
0.12200000137090683,0.3659999966621399,-1.5240000486373901,1776887150.242
0.061000000685453415,0.0,-1.4630000591278076,1776887150.27
0.0,0.4269999861717224,-1.6460000276565552,1776887150.689
2.25600004196167,2.378000020980835,-0.3050000071525574,1776887150.701
-1.7680000066757202,0.8539999723434448,-2.01200008392334,1776887150.729
1.7680000066757202,1.340999960899353,-1.5240000486373901,1776887150.741
0.18299999833106995,-0.7319999933242798,-1.4019999504089355,1776887150.768
2.927000045776367,0.7319999933242798,-2.98799991607666,1776887151.182
1.5850000381469727,1.2799999713897705,-3.4149999618530273,1776887151.209
-2.805000066757202,-2.74399995803833,0.3659999966621399,1776887151.222
-2.438999891281128,1.2200000286102295,-0.5490000247955322,1776887151.248
1.0980000495910645,0.7929999828338623,-2.621999979019165,1776887151.261
-1.159000039100647,-4.389999866485596,-0.9760000109672546,1776887151.689
4.085000038146973,-1.340999960899353,-2.25600004196167,1776887151.701
-1.7070000171661377,-1.8289999961853027,-0.061000000685453415,1776887151.728
1.159000039100647,0.18299999833106995,-0.5490000247955322,1776887151.741
-2.01200008392334,0.7929999828338623,-2.74399995803833,1776887151.769
-0.6710000038146973,0.4880000054836273,-1.340999960899353,1776887152.182
-0.18299999833106995,1.8899999856948853,-3.2929999828338623,1776887152.202
-0.3659999966621399,-2.25600004196167,0.0,1776887152.228
0.3659999966621399,-1.6460000276565552,-1.7680000066757202,1776887152.249
-0.8539999723434448,-2.378000020980835,-2.194999933242798,1776887152.261
-0.9760000109672546,0.7929999828338623,-2.194999933242798,1776887152.708
-2.561000108718872,-0.18299999833106995,-0.4880000054836273,1776887152.721
1.7070000171661377,1.7680000066757202,-1.9509999752044678,1776887152.741
-0.5490000247955322,-0.3050000071525574,0.5490000247955322,1776887152.767
-0.4269999861717224,-0.4880000054836273,-2.438999891281128,1776887152.781
0.5490000247955322,-2.561000108718872,-0.24400000274181366,1776887153.181
1.159000039100647,-1.6460000276565552,-3.0490000247955322,1776887153.207
1.5240000486373901,0.12200000137090683,-2.134000062942505,1776887153.221
-1.5240000486373901,0.6710000038146973,-0.9150000214576721,1776887153.247
-0.6710000038146973,1.340999960899353,-0.8539999723434448,1776887153.263
0.12200000137090683,0.3050000071525574,-1.7070000171661377,1776887153.69
-0.18299999833106995,0.12200000137090683,-1.340999960899353,1776887153.711
0.18299999833106995,0.0,-1.4630000591278076,1776887153.722
-0.12200000137090683,0.0,-1.5850000381469727,1776887153.747
0.3050000071525574,0.24400000274181366,-1.5850000381469727,1776887153.762
-0.3050000071525574,0.061000000685453415,-1.5240000486373901,1776887154.182
0.18299999833106995,0.18299999833106995,-1.5240000486373901,1776887154.208
-0.24400000274181366,0.12200000137090683,-1.4019999504089355,1776887154.222
-0.18299999833106995,0.12200000137090683,-1.0980000495910645,1776887154.249
-0.061000000685453415,0.3050000071525574,-1.7070000171661377,1776887154.262
-0.24400000274181366,0.061000000685453415,-1.159000039100647,1776887154.682
0.12200000137090683,0.12200000137090683,-1.340999960899353,1776887154.708
0.18299999833106995,0.061000000685453415,-1.7070000171661377,1776887154.722
0.12200000137090683,0.18299999833106995,-1.5240000486373901,1776887154.752
-0.24400000274181366,0.4269999861717224,-1.4019999504089355,1776887154.763
-0.061000000685453415,0.3659999966621399,-1.340999960899353,1776887155.208
0.0,-0.061000000685453415,-1.5240000486373901,1776887155.222
-0.061000000685453415,-0.061000000685453415,-1.2200000286102295,1776887155.248
-0.061000000685453415,0.3050000071525574,-1.4019999504089355,1776887155.262
0.0,0.3659999966621399,-1.4019999504089355,1776887155.289
-0.061000000685453415,0.12200000137090683,-1.4630000591278076,1776887155.702
0.0,0.18299999833106995,-1.2200000286102295,1776887155.728
0.0,0.24400000274181366,-1.5240000486373901,1776887155.742
-0.061000000685453415,0.18299999833106995,-1.340999960899353,1776887155.769
-0.061000000685453415,0.24400000274181366,-1.4630000591278076,1776887155.782
0.0,0.18299999833106995,-1.5240000486373901,1776887156.702
-0.061000000685453415,0.24400000274181366,-1.4630000591278076,1776887156.73
-0.061000000685453415,0.18299999833106995,-1.4630000591278076,1776887156.742
-0.061000000685453415,0.24400000274181366,-1.4019999504089355,1776887156.768
-0.061000000685453415,0.18299999833106995,-1.4630000591278076,1776887156.782
0.0,0.12200000137090683,14.085000038146973,1776887157.202
0.0,0.24400000274181366,-1.4019999504089355,1776887157.23
0.0,0.18299999833106995,-1.5240000486373901,1776887157.251
0.061000000685453415,0.24400000274181366,-1.4630000591278076,1776887157.262
-0.061000000685453415,0.18299999833106995,-1.4019999504089355,1776887157.282
0.0,0.24400000274181366,-1.4630000591278076,1776887157.707
-0.061000000685453415,0.24400000274181366,-1.4019999504089355,1776887157.722
-0.061000000685453415,0.3050000071525574,-1.5240000486373901,1776887157.747
-0.12200000137090683,0.18299999833106995,-1.4019999504089355,1776887157.762
