front_left,front_right,rear_left,rear_right,t
0.0,0.0,0.0,0.0,1776886664.258
0.0,0.0,0.0,0.0,1776886664.27
0.0,0.0,0.0,0.0,1776886664.296
0.0,0.0,0.0,0.0,1776886664.31
0.0,0.0,0.0,0.0,1776886664.755
0.0,0.0,0.0,0.0,1776886664.77
0.0,0.0,0.0,0.0,1776886664.8
0.0,0.0,0.0,0.0,1776886664.813
0.0,0.0,0.0,0.0,1776886664.83
0.0,0.0,0.0,0.0,1776886665.256
0.0,0.0,0.0,0.0,1776886665.27
0.0,0.0,0.0,0.0,1776886665.295
0.0,0.0,0.0,0.0,1776886665.31
0.0,0.0,0.0,0.0,1776886665.335
0.0,0.0,0.0,0.0,1776886665.75
0.0,0.0,0.0,0.0,1776886665.776
0.0,0.0,0.0,0.0,1776886665.79
0.0,0.0,0.0,0.0,1776886665.817
0.0,0.0,0.0,0.0,1776886665.83
-3.0,-3.0,-3.0,-3.0,1776886666.256
-3.0,-3.0,-3.0,-3.0,1776886666.27
-3.0,-3.0,-3.0,-3.0,1776886666.291
-3.0,-3.0,-3.0,-3.0,1776886666.318
-3.0,-3.0,-3.0,-3.0,1776886666.33
-42.0,-41.0,-42.0,-41.0,1776886666.755
-42.0,-41.0,-42.0,-41.0,1776886666.77
-42.0,-41.0,-42.0,-41.0,1776886666.801
-42.0,-41.0,-42.0,-41.0,1776886666.812
-52.0,-52.0,-52.0,-52.0,1776886666.838
-72.0,-73.0,-72.0,-73.0,1776886667.253
-72.0,-73.0,-72.0,-73.0,1776886667.279
-72.0,-73.0,-72.0,-73.0,1776886667.29
-72.0,-73.0,-72.0,-73.0,1776886667.316
-72.0,-73.0,-72.0,-73.0,1776886667.33
-52.0,54.0,-52.0,54.0,1776886667.75
-52.0,54.0,-52.0,54.0,1776886667.776
-52.0,54.0,-52.0,54.0,1776886667.79
-52.0,54.0,-52.0,54.0,1776886667.816
-42.0,44.0,-42.0,44.0,1776886667.83
-14.0,13.0,-14.0,13.0,1776886668.25
-14.0,13.0,-14.0,13.0,1776886668.276
-14.0,13.0,-14.0,13.0,1776886668.29
-14.0,13.0,-14.0,13.0,1776886668.319
-14.0,13.0,-14.0,13.0,1776886668.33
-15.0,7.0,-15.0,7.0,1776886668.756
-15.0,7.0,-15.0,7.0,1776886668.77
-15.0,7.0,-15.0,7.0,1776886668.796
-15.0,7.0,-15.0,7.0,1776886668.81
-15.0,7.0,-15.0,7.0,1776886668.836
-18.0,23.0,-18.0,23.0,1776886669.27
-18.0,27.0,-18.0,27.0,1776886669.297
-18.0,27.0,-18.0,27.0,1776886669.31
-18.0,27.0,-18.0,27.0,1776886669.336
-18.0,27.0,-18.0,27.0,1776886669.35
-19.0,34.0,-19.0,34.0,1776886669.751
-19.0,34.0,-19.0,34.0,1776886669.778
-20.0,33.0,-20.0,33.0,1776886669.79
-20.0,33.0,-20.0,33.0,1776886669.816
-20.0,33.0,-20.0,33.0,1776886669.83
-19.0,30.0,-19.0,30.0,1776886670.276
-19.0,30.0,-19.0,30.0,1776886670.29
-19.0,30.0,-19.0,30.0,1776886670.323
-19.0,30.0,-19.0,30.0,1776886670.335
-19.0,28.0,-19.0,28.0,1776886670.35
-35.0,19.0,-35.0,19.0,1776886670.772
-35.0,19.0,-35.0,19.0,1776886670.8
-35.0,19.0,-35.0,19.0,1776886670.811
-35.0,19.0,-35.0,19.0,1776886670.837
-35.0,19.0,-35.0,19.0,1776886670.85
-29.0,10.0,-29.0,10.0,1776886671.279
27.0,10.0,27.0,10.0,1776886671.292
27.0,10.0,27.0,10.0,1776886671.318
27.0,10.0,27.0,10.0,1776886671.33
27.0,10.0,27.0,10.0,1776886671.35
27.0,13.0,27.0,13.0,1776886671.776
27.0,13.0,27.0,13.0,1776886671.792
27.0,13.0,27.0,13.0,1776886671.818
27.0,13.0,27.0,13.0,1776886671.83
27.0,13.0,27.0,13.0,1776886671.856
45.0,45.0,45.0,45.0,1776886672.27
45.0,45.0,45.0,45.0,1776886672.296
45.0,45.0,45.0,45.0,1776886672.31
45.0,45.0,45.0,45.0,1776886672.336
45.0,45.0,45.0,45.0,1776886672.35
77.0,76.0,77.0,76.0,1776886672.79
88.0,87.0,88.0,87.0,1776886672.817
88.0,87.0,88.0,87.0,1776886672.83
88.0,87.0,88.0,87.0,1776886672.856
88.0,87.0,88.0,87.0,1776886672.87
109.0,106.0,109.0,106.0,1776886673.297
109.0,106.0,109.0,106.0,1776886673.31
109.0,106.0,109.0,106.0,1776886673.337
111.0,108.0,111.0,108.0,1776886673.35
111.0,108.0,111.0,108.0,1776886673.377
114.0,112.0,114.0,112.0,1776886673.79
114.0,112.0,114.0,112.0,1776886673.816
114.0,112.0,114.0,112.0,1776886673.83
114.0,112.0,114.0,112.0,1776886673.856
115.0,112.0,115.0,112.0,1776886673.87
109.0,109.0,109.0,109.0,1776886674.79
109.0,109.0,109.0,109.0,1776886674.816
109.0,109.0,109.0,109.0,1776886674.83
109.0,109.0,109.0,109.0,1776886674.85
109.0,109.0,109.0,109.0,1776886674.878
103.0,99.0,103.0,99.0,1776886675.29
103.0,99.0,103.0,99.0,1776886675.316
100.0,93.0,100.0,93.0,1776886675.33
100.0,93.0,100.0,93.0,1776886675.356
100.0,93.0,100.0,93.0,1776886675.37
101.0,73.0,101.0,73.0,1776886675.796
101.0,73.0,101.0,73.0,1776886675.81
101.0,73.0,101.0,73.0,1776886675.836
97.0,67.0,97.0,67.0,1776886675.85
97.0,67.0,97.0,67.0,1776886675.876
101.0,61.0,101.0,61.0,1776886676.29
101.0,61.0,101.0,61.0,1776886676.319
101.0,61.0,101.0,61.0,1776886676.33
101.0,61.0,101.0,61.0,1776886676.357
101.0,61.0,101.0,61.0,1776886676.37
105.0,62.0,105.0,62.0,1776886676.79
105.0,62.0,105.0,62.0,1776886676.816
105.0,62.0,105.0,62.0,1776886676.83
105.0,62.0,105.0,62.0,1776886676.858
105.0,62.0,105.0,62.0,1776886676.87
103.0,60.0,103.0,60.0,1776886677.31
103.0,60.0,103.0,60.0,1776886677.331
103.0,60.0,103.0,60.0,1776886677.35
103.0,60.0,103.0,60.0,1776886677.376
103.0,60.0,103.0,60.0,1776886677.39
101.0,68.0,101.0,68.0,1776886677.79
101.0,68.0,101.0,68.0,1776886677.816
101.0,68.0,101.0,68.0,1776886677.83
101.0,68.0,101.0,68.0,1776886677.856
101.0,68.0,101.0,68.0,1776886677.872
106.0,73.0,106.0,73.0,1776886678.296
110.0,79.0,110.0,79.0,1776886678.31
110.0,79.0,110.0,79.0,1776886678.33
110.0,79.0,110.0,79.0,1776886678.356
110.0,79.0,110.0,79.0,1776886678.37
118.0,100.0,118.0,100.0,1776886679.29
118.0,100.0,118.0,100.0,1776886679.316
118.0,100.0,118.0,100.0,1776886679.33
122.0,102.0,122.0,102.0,1776886679.356
122.0,102.0,122.0,102.0,1776886679.372
116.0,107.0,116.0,107.0,1776886679.81
116.0,107.0,116.0,107.0,1776886679.838
116.0,107.0,116.0,107.0,1776886679.85
115.0,108.0,115.0,108.0,1776886679.876
115.0,108.0,115.0,108.0,1776886679.89
109.0,108.0,109.0,108.0,1776886680.316
109.0,108.0,109.0,108.0,1776886680.33
109.0,108.0,109.0,108.0,1776886680.356
109.0,108.0,109.0,108.0,1776886680.373
103.0,106.0,103.0,106.0,1776886680.399
87.0,96.0,87.0,96.0,1776886680.822
87.0,96.0,87.0,96.0,1776886680.832
87.0,96.0,87.0,96.0,1776886680.858
87.0,96.0,87.0,96.0,1776886680.87
87.0,96.0,87.0,96.0,1776886680.896
-54.0,66.0,-54.0,66.0,1776886681.31
-54.0,66.0,-54.0,66.0,1776886681.337
-44.0,55.0,-44.0,55.0,1776886681.35
-44.0,55.0,-44.0,55.0,1776886681.376
-44.0,55.0,-44.0,55.0,1776886681.39
-20.0,29.0,-20.0,29.0,1776886681.81
-20.0,29.0,-20.0,29.0,1776886681.844
-20.0,29.0,-20.0,29.0,1776886681.855
-13.0,20.0,-13.0,20.0,1776886681.87
-13.0,20.0,-13.0,20.0,1776886681.896
0.0,3.0,0.0,3.0,1776886682.316
0.0,3.0,0.0,3.0,1776886682.33
0.0,3.0,0.0,3.0,1776886682.356
0.0,7.0,0.0,7.0,1776886682.37
0.0,7.0,0.0,7.0,1776886682.399
65.0,73.0,65.0,73.0,1776886683.337
65.0,73.0,65.0,73.0,1776886683.35
65.0,73.0,65.0,73.0,1776886683.377
65.0,73.0,65.0,73.0,1776886683.39
76.0,85.0,76.0,85.0,1776886683.411
88.0,93.0,88.0,93.0,1776886683.836
88.0,93.0,88.0,93.0,1776886683.85
88.0,93.0,88.0,93.0,1776886683.876
88.0,93.0,88.0,93.0,1776886683.89
88.0,93.0,88.0,93.0,1776886683.916
-64.0,66.0,-64.0,66.0,1776886684.336
-64.0,66.0,-64.0,66.0,1776886684.35
-54.0,56.0,-54.0,56.0,1776886684.376
-54.0,56.0,-54.0,56.0,1776886684.391
-54.0,56.0,-54.0,56.0,1776886684.417
-19.0,25.0,-19.0,25.0,1776886684.837
-19.0,25.0,-19.0,25.0,1776886684.856
-19.0,25.0,-19.0,25.0,1776886684.872
-19.0,25.0,-19.0,25.0,1776886684.898
-10.0,16.0,-10.0,16.0,1776886684.911
-7.0,6.0,-7.0,6.0,1776886685.33
-7.0,6.0,-7.0,6.0,1776886685.357
-7.0,6.0,-7.0,6.0,1776886685.37
-7.0,6.0,-7.0,6.0,1776886685.396
-7.0,6.0,-7.0,6.0,1776886685.41
-18.0,12.0,-18.0,12.0,1776886685.83
-18.0,12.0,-18.0,12.0,1776886685.856
-18.0,12.0,-18.0,12.0,1776886685.87
-18.0,12.0,-18.0,12.0,1776886685.896
-18.0,12.0,-18.0,12.0,1776886685.91
22.0,12.0,22.0,12.0,1776886686.336
22.0,12.0,22.0,12.0,1776886686.35
22.0,12.0,22.0,12.0,1776886686.376
22.0,12.0,22.0,12.0,1776886686.39
22.0,12.0,22.0,12.0,1776886686.416
33.0,27.0,33.0,27.0,1776886686.837
33.0,27.0,33.0,27.0,1776886686.85
33.0,27.0,33.0,27.0,1776886686.879
33.0,27.0,33.0,27.0,1776886686.896
33.0,27.0,33.0,27.0,1776886686.91
61.0,63.0,61.0,63.0,1776886687.35
61.0,63.0,61.0,63.0,1776886687.376
61.0,63.0,61.0,63.0,1776886687.39
61.0,63.0,61.0,63.0,1776886687.416
72.0,73.0,72.0,73.0,1776886687.43
69.0,-70.0,69.0,-70.0,1776886687.836
69.0,-70.0,69.0,-70.0,1776886687.85
69.0,-70.0,69.0,-70.0,1776886687.876
69.0,-70.0,69.0,-70.0,1776886687.894
69.0,-70.0,69.0,-70.0,1776886687.91
30.0,-31.0,30.0,-31.0,1776886688.351
30.0,-31.0,30.0,-31.0,1776886688.377
30.0,-31.0,30.0,-31.0,1776886688.39
30.0,-31.0,30.0,-31.0,1776886688.416
30.0,-31.0,30.0,-31.0,1776886688.431
0.0,0.0,0.0,0.0,1776886688.856
1.0,0.0,1.0,0.0,1776886688.87
1.0,0.0,1.0,0.0,1776886688.898
1.0,0.0,1.0,0.0,1776886688.911
1.0,0.0,1.0,0.0,1776886688.937
9.0,-9.0,9.0,-9.0,1776886689.363
9.0,-9.0,9.0,-9.0,1776886689.374
9.0,-13.0,9.0,-13.0,1776886689.39
9.0,-13.0,9.0,-13.0,1776886689.417
9.0,-13.0,9.0,-13.0,1776886689.43
12.0,-18.0,12.0,-18.0,1776886689.857
12.0,-18.0,12.0,-18.0,1776886689.87
12.0,-18.0,12.0,-18.0,1776886689.897
12.0,-18.0,12.0,-18.0,1776886689.91
12.0,-18.0,12.0,-18.0,1776886689.936
10.0,16.0,10.0,16.0,1776886690.352
10.0,16.0,10.0,16.0,1776886690.378
10.0,16.0,10.0,16.0,1776886690.39
10.0,16.0,10.0,16.0,1776886690.416
10.0,16.0,10.0,16.0,1776886690.43
12.0,14.0,12.0,14.0,1776886690.87
22.0,22.0,22.0,22.0,1776886690.896
22.0,22.0,22.0,22.0,1776886690.91
22.0,22.0,22.0,22.0,1776886690.938
22.0,22.0,22.0,22.0,1776886690.95
52.0,49.0,52.0,49.0,1776886691.377
52.0,49.0,52.0,49.0,1776886691.391
52.0,49.0,52.0,49.0,1776886691.417
52.0,49.0,52.0,49.0,1776886691.43
52.0,49.0,52.0,49.0,1776886691.456
-56.0,49.0,-56.0,49.0,1776886691.87
-56.0,49.0,-56.0,49.0,1776886691.896
-56.0,49.0,-56.0,49.0,1776886691.911
-56.0,49.0,-56.0,49.0,1776886691.938
-56.0,49.0,-56.0,49.0,1776886691.95
-41.0,30.0,-41.0,30.0,1776886692.382
-34.0,21.0,-34.0,21.0,1776886692.392
-34.0,21.0,-34.0,21.0,1776886692.419
-34.0,21.0,-34.0,21.0,1776886692.43
-34.0,21.0,-34.0,21.0,1776886692.456
-17.0,37.0,-17.0,37.0,1776886692.877
-17.0,37.0,-17.0,37.0,1776886692.89
-17.0,37.0,-17.0,37.0,1776886692.916
-17.0,37.0,-17.0,37.0,1776886692.93
-19.0,38.0,-19.0,38.0,1776886692.959
-16.0,39.0,-16.0,39.0,1776886693.37
-16.0,39.0,-16.0,39.0,1776886693.396
-16.0,39.0,-16.0,39.0,1776886693.41
-16.0,39.0,-16.0,39.0,1776886693.444
-15.0,38.0,-15.0,38.0,1776886693.456
-6.0,7.0,-6.0,7.0,1776886693.871
-6.0,7.0,-6.0,7.0,1776886693.896
-6.0,7.0,-6.0,7.0,1776886693.911
-6.0,7.0,-6.0,7.0,1776886693.941
-6.0,2.0,-6.0,2.0,1776886693.951
0.0,0.0,0.0,0.0,1776886694.377
0.0,0.0,0.0,0.0,1776886694.39
0.0,0.0,0.0,0.0,1776886694.416
0.0,0.0,0.0,0.0,1776886694.43
0.0,0.0,0.0,0.0,1776886694.456
18.0,14.0,18.0,14.0,1776886694.893
18.0,14.0,18.0,14.0,1776886694.919
18.0,14.0,18.0,14.0,1776886694.93
18.0,14.0,18.0,14.0,1776886694.961
18.0,14.0,18.0,14.0,1776886694.971
18.0,14.0,18.0,14.0,1776886695.377
18.0,14.0,18.0,14.0,1776886695.391
18.0,14.0,18.0,14.0,1776886695.411
18.0,14.0,18.0,14.0,1776886695.439
18.0,14.0,18.0,14.0,1776886695.45
14.0,18.0,14.0,18.0,1776886696.399
14.0,18.0,14.0,18.0,1776886696.411
14.0,18.0,14.0,18.0,1776886696.437
14.0,18.0,14.0,18.0,1776886696.451
14.0,18.0,14.0,18.0,1776886696.477
40.0,45.0,40.0,45.0,1776886696.89
40.0,45.0,40.0,45.0,1776886696.916
40.0,45.0,40.0,45.0,1776886696.93
40.0,45.0,40.0,45.0,1776886696.95
40.0,45.0,40.0,45.0,1776886696.976
40.0,45.0,40.0,45.0,1776886697.396
40.0,45.0,40.0,45.0,1776886697.41
40.0,45.0,40.0,45.0,1776886697.437
38.0,43.0,38.0,43.0,1776886697.453
38.0,43.0,38.0,43.0,1776886697.479
-16.0,-17.0,-16.0,-17.0,1776886698.39
-24.0,-24.0,-24.0,-24.0,1776886698.423
-24.0,-24.0,-24.0,-24.0,1776886698.434
-24.0,-24.0,-24.0,-24.0,1776886698.451
-24.0,-24.0,-24.0,-24.0,1776886698.477
-62.0,-54.0,-62.0,-54.0,1776886698.897
-76.0,-70.0,-76.0,-70.0,1776886698.911
-76.0,-70.0,-76.0,-70.0,1776886698.938
-76.0,-70.0,-76.0,-70.0,1776886698.951
-76.0,-70.0,-76.0,-70.0,1776886698.976
-81.0,-78.0,-81.0,-78.0,1776886699.391
-81.0,-78.0,-81.0,-78.0,1776886699.417
-81.0,-78.0,-81.0,-78.0,1776886699.432
-76.0,-72.0,-76.0,-72.0,1776886699.458
-76.0,-72.0,-76.0,-72.0,1776886699.471
-49.0,-43.0,-49.0,-43.0,1776886699.891
-49.0,-43.0,-49.0,-43.0,1776886699.919
-37.0,-33.0,-37.0,-33.0,1776886699.931
-37.0,-33.0,-37.0,-33.0,1776886699.956
-37.0,-33.0,-37.0,-33.0,1776886699.971
-53.0,-22.0,-53.0,-22.0,1776886700.912
-53.0,-22.0,-53.0,-22.0,1776886700.939
-53.0,-22.0,-53.0,-22.0,1776886700.951
-53.0,-22.0,-53.0,-22.0,1776886700.976
-66.0,-22.0,-66.0,-22.0,1776886700.991
-105.0,-33.0,-105.0,-33.0,1776886701.391
-105.0,-33.0,-105.0,-33.0,1776886701.416
-105.0,-33.0,-105.0,-33.0,1776886701.431
-105.0,-33.0,-105.0,-33.0,1776886701.457
-105.0,-33.0,-105.0,-33.0,1776886701.471
-118.0,-34.0,-118.0,-34.0,1776886701.918
-118.0,-34.0,-118.0,-34.0,1776886701.937
-106.0,-28.0,-106.0,-28.0,1776886701.951
-106.0,-28.0,-106.0,-28.0,1776886701.977
-106.0,-28.0,-106.0,-28.0,1776886701.991
-71.0,36.0,-71.0,36.0,1776886702.416
-71.0,36.0,-71.0,36.0,1776886702.431
-71.0,36.0,-71.0,36.0,1776886702.458
-71.0,36.0,-71.0,36.0,1776886702.471
-58.0,33.0,-58.0,33.0,1776886702.496
-3.0,30.0,-3.0,30.0,1776886703.416
-3.0,30.0,-3.0,30.0,1776886703.431
-3.0,30.0,-3.0,30.0,1776886703.456
-3.0,30.0,-3.0,30.0,1776886703.472
-3.0,30.0,-3.0,30.0,1776886703.498
-4.0,22.0,-4.0,22.0,1776886703.911
-4.0,22.0,-4.0,22.0,1776886703.939
-3.0,22.0,-3.0,22.0,1776886703.951
-3.0,22.0,-3.0,22.0,1776886703.976
-3.0,22.0,-3.0,22.0,1776886703.991
-23.0,5.0,-23.0,5.0,1776886704.417
-23.0,5.0,-23.0,5.0,1776886704.431
-23.0,5.0,-23.0,5.0,1776886704.457
-23.0,5.0,-23.0,5.0,1776886704.471
-25.0,7.0,-25.0,7.0,1776886704.497
-30.0,14.0,-30.0,14.0,1776886704.911
-30.0,14.0,-30.0,14.0,1776886704.937
-30.0,14.0,-30.0,14.0,1776886704.951
-30.0,14.0,-30.0,14.0,1776886704.976
-30.0,14.0,-30.0,14.0,1776886704.991
-31.0,23.0,-31.0,23.0,1776886705.431
-31.0,23.0,-31.0,23.0,1776886705.456
-31.0,23.0,-31.0,23.0,1776886705.471
-31.0,23.0,-31.0,23.0,1776886705.497
-30.0,24.0,-30.0,24.0,1776886705.511
-13.0,25.0,-13.0,25.0,1776886705.938
-13.0,25.0,-13.0,25.0,1776886705.951
-13.0,25.0,-13.0,25.0,1776886705.978
-13.0,25.0,-13.0,25.0,1776886705.991
-13.0,25.0,-13.0,25.0,1776886706.016
12.0,-23.0,12.0,-23.0,1776886706.431
12.0,-23.0,12.0,-23.0,1776886706.456
12.0,-23.0,12.0,-23.0,1776886706.471
10.0,-22.0,10.0,-22.0,1776886706.497
10.0,-22.0,10.0,-22.0,1776886706.511
9.0,-13.0,9.0,-13.0,1776886706.937
9.0,-13.0,9.0,-13.0,1776886706.951
9.0,-13.0,9.0,-13.0,1776886706.981
9.0,-10.0,9.0,-10.0,1776886706.992
9.0,-10.0,9.0,-10.0,1776886707.018
4.0,-2.0,4.0,-2.0,1776886707.431
4.0,-2.0,4.0,-2.0,1776886707.457
4.0,-1.0,4.0,-1.0,1776886707.471
4.0,-1.0,4.0,-1.0,1776886707.497
4.0,-1.0,4.0,-1.0,1776886707.511
5.0,0.0,5.0,0.0,1776886707.951
5.0,0.0,5.0,0.0,1776886707.977
4.0,0.0,4.0,0.0,1776886707.991
4.0,0.0,4.0,0.0,1776886708.018
4.0,0.0,4.0,0.0,1776886708.031
6.0,0.0,6.0,0.0,1776886708.431
6.0,0.0,6.0,0.0,1776886708.457
6.0,0.0,6.0,0.0,1776886708.471
6.0,0.0,6.0,0.0,1776886708.497
4.0,0.0,4.0,0.0,1776886708.512
1.0,0.0,1.0,0.0,1776886708.959
1.0,0.0,1.0,0.0,1776886708.978
1.0,0.0,1.0,0.0,1776886708.991
1.0,0.0,1.0,0.0,1776886709.017
1.0,0.0,1.0,0.0,1776886709.031
3.0,0.0,3.0,0.0,1776886709.451
1.0,0.0,1.0,0.0,1776886709.477
1.0,0.0,1.0,0.0,1776886709.491
1.0,0.0,1.0,0.0,1776886709.519
1.0,0.0,1.0,0.0,1776886709.531
7.0,9.0,7.0,9.0,1776886709.951
7.0,9.0,7.0,9.0,1776886709.977
19.0,13.0,19.0,13.0,1776886709.992
19.0,13.0,19.0,13.0,1776886710.011
19.0,13.0,19.0,13.0,1776886710.037
52.0,46.0,52.0,46.0,1776886710.451
52.0,46.0,52.0,46.0,1776886710.479
52.0,46.0,52.0,46.0,1776886710.491
52.0,46.0,52.0,46.0,1776886710.517
51.0,61.0,51.0,61.0,1776886710.531
66.0,69.0,66.0,69.0,1776886710.951
66.0,69.0,66.0,69.0,1776886710.977
66.0,69.0,66.0,69.0,1776886710.991
66.0,69.0,66.0,69.0,1776886711.017
66.0,69.0,66.0,69.0,1776886711.031
57.0,61.0,57.0,61.0,1776886711.458
57.0,61.0,57.0,61.0,1776886711.471
57.0,61.0,57.0,61.0,1776886711.499
57.0,61.0,57.0,61.0,1776886711.511
45.0,55.0,45.0,55.0,1776886711.537
23.0,13.0,23.0,13.0,1776886711.957
23.0,13.0,23.0,13.0,1776886711.971
23.0,13.0,23.0,13.0,1776886711.999
23.0,13.0,23.0,13.0,1776886712.011
23.0,13.0,23.0,13.0,1776886712.037
9.0,6.0,9.0,6.0,1776886712.457
7.0,4.0,7.0,4.0,1776886712.471
7.0,4.0,7.0,4.0,1776886712.499
7.0,4.0,7.0,4.0,1776886712.511
7.0,4.0,7.0,4.0,1776886712.537
0.0,0.0,0.0,0.0,1776886712.953
0.0,0.0,0.0,0.0,1776886712.979
-1.0,0.0,-1.0,0.0,1776886712.991
-1.0,0.0,-1.0,0.0,1776886713.017
-1.0,0.0,-1.0,0.0,1776886713.031
-14.0,-13.0,-14.0,-13.0,1776886713.457
-14.0,-13.0,-14.0,-13.0,1776886713.471
-23.0,-23.0,-23.0,-23.0,1776886713.497
-23.0,-23.0,-23.0,-23.0,1776886713.511
-23.0,-23.0,-23.0,-23.0,1776886713.537
-55.0,-54.0,-55.0,-54.0,1776886713.951
-55.0,-54.0,-55.0,-54.0,1776886713.978
-55.0,-54.0,-55.0,-54.0,1776886713.991
-65.0,-64.0,-65.0,-64.0,1776886714.017
-65.0,-64.0,-65.0,-64.0,1776886714.031
-99.0,-101.0,-99.0,-101.0,1776886714.458
-99.0,-101.0,-99.0,-101.0,1776886714.471
-99.0,-101.0,-99.0,-101.0,1776886714.497
-99.0,-101.0,-99.0,-101.0,1776886714.511
-104.0,-109.0,-104.0,-109.0,1776886714.546
-78.0,-83.0,-78.0,-83.0,1776886714.977
-78.0,-83.0,-78.0,-83.0,1776886714.992
-78.0,-83.0,-78.0,-83.0,1776886715.018
-67.0,-71.0,-67.0,-71.0,1776886715.031
-67.0,-71.0,-67.0,-71.0,1776886715.057
-36.0,-37.0,-36.0,-37.0,1776886715.471
-36.0,-37.0,-36.0,-37.0,1776886715.498
-36.0,-37.0,-36.0,-37.0,1776886715.511
-36.0,-37.0,-36.0,-37.0,1776886715.537
-36.0,-37.0,-36.0,-37.0,1776886715.551
0.0,0.0,0.0,0.0,1776886715.971
0.0,0.0,0.0,0.0,1776886715.998
0.0,0.0,0.0,0.0,1776886716.016
0.0,0.0,0.0,0.0,1776886716.031
0.0,0.0,0.0,0.0,1776886716.058
0.0,0.0,0.0,0.0,1776886716.471
1.0,0.0,1.0,0.0,1776886716.497
1.0,0.0,1.0,0.0,1776886716.511
1.0,0.0,1.0,0.0,1776886716.538
1.0,0.0,1.0,0.0,1776886716.551
9.0,-43.0,9.0,-43.0,1776886717.0
9.0,-43.0,9.0,-43.0,1776886717.011
9.0,-43.0,9.0,-43.0,1776886717.045
9.0,-43.0,9.0,-43.0,1776886717.058
9.0,-43.0,9.0,-43.0,1776886717.071
16.0,-53.0,16.0,-53.0,1776886717.491
16.0,-53.0,16.0,-53.0,1776886717.519
16.0,-53.0,16.0,-53.0,1776886717.531
16.0,-53.0,16.0,-53.0,1776886717.558
16.0,-53.0,16.0,-53.0,1776886717.571
22.0,-59.0,22.0,-59.0,1776886717.991
22.0,-59.0,22.0,-59.0,1776886718.017
25.0,-22.0,25.0,-22.0,1776886718.031
25.0,-22.0,25.0,-22.0,1776886718.058
25.0,-22.0,25.0,-22.0,1776886718.071
25.0,-35.0,25.0,-35.0,1776886718.471
25.0,-35.0,25.0,-35.0,1776886718.497
25.0,-35.0,25.0,-35.0,1776886718.511
25.0,-35.0,25.0,-35.0,1776886718.538
25.0,-35.0,25.0,-35.0,1776886718.551
21.0,-31.0,21.0,-31.0,1776886718.991
21.0,-31.0,21.0,-31.0,1776886719.017
21.0,-31.0,21.0,-31.0,1776886719.031
21.0,-31.0,21.0,-31.0,1776886719.058
21.0,-31.0,21.0,-31.0,1776886719.071
18.0,-31.0,18.0,-31.0,1776886719.498
18.0,-31.0,18.0,-31.0,1776886719.512
18.0,-31.0,18.0,-31.0,1776886719.538
18.0,-31.0,18.0,-31.0,1776886719.551
18.0,-31.0,18.0,-31.0,1776886719.577
19.0,-18.0,19.0,-18.0,1776886719.992
19.0,-18.0,19.0,-18.0,1776886720.018
19.0,-18.0,19.0,-18.0,1776886720.031
19.0,-18.0,19.0,-18.0,1776886720.058
19.0,-18.0,19.0,-18.0,1776886720.071
21.0,-18.0,21.0,-18.0,1776886720.497
21.0,-18.0,21.0,-18.0,1776886720.511
21.0,-18.0,21.0,-18.0,1776886720.537
21.0,-18.0,21.0,-18.0,1776886720.551
21.0,-18.0,21.0,-18.0,1776886720.577
27.0,-28.0,27.0,-28.0,1776886720.992
27.0,-28.0,27.0,-28.0,1776886721.018
27.0,-28.0,27.0,-28.0,1776886721.031
27.0,-28.0,27.0,-28.0,1776886721.057
27.0,-28.0,27.0,-28.0,1776886721.072
25.0,-25.0,25.0,-25.0,1776886721.497
25.0,-25.0,25.0,-25.0,1776886721.511
25.0,-25.0,25.0,-25.0,1776886721.531
25.0,-25.0,25.0,-25.0,1776886721.557
25.0,-25.0,25.0,-25.0,1776886721.571
21.0,-24.0,21.0,-24.0,1776886721.999
21.0,-24.0,21.0,-24.0,1776886722.012
21.0,-24.0,21.0,-24.0,1776886722.039
20.0,-18.0,20.0,-18.0,1776886722.051
20.0,-18.0,20.0,-18.0,1776886722.079
27.0,-17.0,27.0,-17.0,1776886722.511
27.0,-17.0,27.0,-17.0,1776886722.537
27.0,-17.0,27.0,-17.0,1776886722.551
27.0,-17.0,27.0,-17.0,1776886722.577
25.0,-19.0,25.0,-19.0,1776886722.591
27.0,-22.0,27.0,-22.0,1776886722.991
27.0,-24.0,27.0,-24.0,1776886723.017
27.0,-24.0,27.0,-24.0,1776886723.031
27.0,-24.0,27.0,-24.0,1776886723.058
27.0,-24.0,27.0,-24.0,1776886723.071
25.0,-23.0,25.0,-23.0,1776886723.497
25.0,-23.0,25.0,-23.0,1776886723.511
25.0,-23.0,25.0,-23.0,1776886723.538
22.0,-23.0,22.0,-23.0,1776886723.551
22.0,-23.0,22.0,-23.0,1776886723.572
16.0,-23.0,16.0,-23.0,1776886723.991
16.0,-23.0,16.0,-23.0,1776886724.02
16.0,-23.0,16.0,-23.0,1776886724.031
16.0,-23.0,16.0,-23.0,1776886724.058
16.0,-23.0,16.0,-23.0,1776886724.071
13.0,-31.0,13.0,-31.0,1776886724.517
13.0,-31.0,13.0,-31.0,1776886724.531
13.0,-31.0,13.0,-31.0,1776886724.559
13.0,-31.0,13.0,-31.0,1776886724.571
11.0,-33.0,11.0,-33.0,1776886724.592
8.0,-21.0,8.0,-21.0,1776886725.011
8.0,-21.0,8.0,-21.0,1776886725.047
8.0,-21.0,8.0,-21.0,1776886725.061
8.0,-21.0,8.0,-21.0,1776886725.071
8.0,-21.0,8.0,-21.0,1776886725.098
16.0,-21.0,16.0,-21.0,1776886725.519
16.0,-21.0,16.0,-21.0,1776886725.531
16.0,-21.0,16.0,-21.0,1776886725.551
16.0,-21.0,16.0,-21.0,1776886725.577
16.0,-21.0,16.0,-21.0,1776886725.591
19.0,-15.0,19.0,-15.0,1776886726.017
19.0,-15.0,19.0,-15.0,1776886726.031
17.0,-18.0,17.0,-18.0,1776886726.058
17.0,-18.0,17.0,-18.0,1776886726.071
17.0,-18.0,17.0,-18.0,1776886726.097
11.0,-13.0,11.0,-13.0,1776886726.517
11.0,-13.0,11.0,-13.0,1776886726.531
11.0,-13.0,11.0,-13.0,1776886726.558
11.0,-13.0,11.0,-13.0,1776886726.575
10.0,-9.0,10.0,-9.0,1776886726.592
4.0,-6.0,4.0,-6.0,1776886727.011
4.0,-6.0,4.0,-6.0,1776886727.039
4.0,-6.0,4.0,-6.0,1776886727.051
4.0,-4.0,4.0,-4.0,1776886727.077
4.0,-4.0,4.0,-4.0,1776886727.091
0.0,0.0,0.0,0.0,1776886727.527
0.0,0.0,0.0,0.0,1776886727.539
0.0,0.0,0.0,0.0,1776886727.551
0.0,0.0,0.0,0.0,1776886727.578
0.0,0.0,0.0,0.0,1776886727.591
0.0,0.0,0.0,0.0,1776886728.031
0.0,0.0,0.0,0.0,1776886728.057
0.0,0.0,0.0,0.0,1776886728.071
0.0,0.0,0.0,0.0,1776886728.098
0.0,0.0,0.0,0.0,1776886728.111
3.0,-5.0,3.0,-5.0,1776886728.511
3.0,-5.0,3.0,-5.0,1776886728.537
3.0,-5.0,3.0,-5.0,1776886728.551
3.0,-5.0,3.0,-5.0,1776886728.579
3.0,-5.0,3.0,-5.0,1776886728.592
13.0,-6.0,13.0,-6.0,1776886729.031
13.0,-6.0,13.0,-6.0,1776886729.057
17.0,-8.0,17.0,-8.0,1776886729.072
17.0,-8.0,17.0,-8.0,1776886729.098
17.0,-8.0,17.0,-8.0,1776886729.111
17.0,-8.0,17.0,-8.0,1776886729.532
17.0,-8.0,17.0,-8.0,1776886729.558
17.0,-8.0,17.0,-8.0,1776886729.571
17.0,-8.0,17.0,-8.0,1776886729.6
17.0,-8.0,17.0,-8.0,1776886729.611
14.0,3.0,14.0,3.0,1776886730.037
11.0,1.0,11.0,1.0,1776886730.051
11.0,1.0,11.0,1.0,1776886730.079
11.0,1.0,11.0,1.0,1776886730.1
11.0,1.0,11.0,1.0,1776886730.111
15.0,15.0,15.0,15.0,1776886730.544
15.0,15.0,15.0,15.0,1776886730.555
15.0,15.0,15.0,15.0,1776886730.571
24.0,24.0,24.0,24.0,1776886730.597
24.0,24.0,24.0,24.0,1776886730.613
55.0,55.0,55.0,55.0,1776886731.031
55.0,55.0,55.0,55.0,1776886731.057
55.0,55.0,55.0,55.0,1776886731.071
55.0,55.0,55.0,55.0,1776886731.099
55.0,55.0,55.0,55.0,1776886731.111
64.0,-64.0,64.0,-64.0,1776886731.543
64.0,-64.0,64.0,-64.0,1776886731.553
64.0,-64.0,64.0,-64.0,1776886731.579
64.0,-64.0,64.0,-64.0,1776886731.591
64.0,-64.0,64.0,-64.0,1776886731.617
40.0,-40.0,40.0,-40.0,1776886732.051
40.0,-40.0,40.0,-40.0,1776886732.077
30.0,-30.0,30.0,-30.0,1776886732.092
30.0,-30.0,30.0,-30.0,1776886732.118
30.0,-30.0,30.0,-30.0,1776886732.131
4.0,-2.0,4.0,-2.0,1776886732.551
4.0,-2.0,4.0,-2.0,1776886732.578
4.0,-2.0,4.0,-2.0,1776886732.591
4.0,-2.0,4.0,-2.0,1776886732.618
4.0,-2.0,4.0,-2.0,1776886732.631
11.0,-12.0,11.0,-12.0,1776886733.031
11.0,-12.0,11.0,-12.0,1776886733.059
14.0,-12.0,14.0,-12.0,1776886733.071
14.0,-12.0,14.0,-12.0,1776886733.097
14.0,-12.0,14.0,-12.0,1776886733.111
18.0,12.0,18.0,12.0,1776886733.552
18.0,12.0,18.0,12.0,1776886733.578
18.0,12.0,18.0,12.0,1776886733.591
18.0,12.0,18.0,12.0,1776886733.617
18.0,12.0,18.0,12.0,1776886733.631
21.0,19.0,21.0,19.0,1776886734.031
21.0,19.0,21.0,19.0,1776886734.057
28.0,25.0,28.0,25.0,1776886734.072
28.0,25.0,28.0,25.0,1776886734.098
28.0,25.0,28.0,25.0,1776886734.111
57.0,63.0,57.0,63.0,1776886734.558
57.0,63.0,57.0,63.0,1776886734.58
57.0,63.0,57.0,63.0,1776886734.591
57.0,63.0,57.0,63.0,1776886734.617
57.0,63.0,57.0,63.0,1776886734.632
85.0,91.0,85.0,91.0,1776886735.057
85.0,91.0,85.0,91.0,1776886735.071
85.0,91.0,85.0,91.0,1776886735.097
85.0,91.0,85.0,91.0,1776886735.111
85.0,91.0,85.0,91.0,1776886735.138
-51.0,55.0,-51.0,55.0,1776886735.551
-51.0,55.0,-51.0,55.0,1776886735.577
-51.0,55.0,-51.0,55.0,1776886735.591
-51.0,55.0,-51.0,55.0,1776886735.618
-51.0,55.0,-51.0,55.0,1776886735.631
-10.0,13.0,-10.0,13.0,1776886736.051
-10.0,13.0,-10.0,13.0,1776886736.078
-10.0,13.0,-10.0,13.0,1776886736.091
-10.0,13.0,-10.0,13.0,1776886736.111
-10.0,13.0,-10.0,13.0,1776886736.137
-5.0,2.0,-5.0,2.0,1776886736.551
-5.0,2.0,-5.0,2.0,1776886736.577
-5.0,2.0,-5.0,2.0,1776886736.592
-5.0,2.0,-5.0,2.0,1776886736.619
-5.0,2.0,-5.0,2.0,1776886736.631
-10.0,2.0,-10.0,2.0,1776886737.057
-10.0,2.0,-10.0,2.0,1776886737.072
-10.0,2.0,-10.0,2.0,1776886737.098
-10.0,2.0,-10.0,2.0,1776886737.111
-10.0,2.0,-10.0,2.0,1776886737.137
-11.0,0.0,-11.0,0.0,1776886737.557
-11.0,0.0,-11.0,0.0,1776886737.571
-11.0,0.0,-11.0,0.0,1776886737.598
-11.0,0.0,-11.0,0.0,1776886737.611
-11.0,0.0,-11.0,0.0,1776886737.638
-9.0,0.0,-9.0,0.0,1776886738.073
-7.0,0.0,-7.0,0.0,1776886738.099
-7.0,0.0,-7.0,0.0,1776886738.111
-7.0,0.0,-7.0,0.0,1776886738.137
-7.0,0.0,-7.0,0.0,1776886738.152
0.0,0.0,0.0,0.0,1776886738.577
0.0,0.0,0.0,0.0,1776886738.592
0.0,0.0,0.0,0.0,1776886738.612
0.0,0.0,0.0,0.0,1776886738.639
0.0,0.0,0.0,0.0,1776886738.651
1.0,2.0,1.0,2.0,1776886739.071
1.0,2.0,1.0,2.0,1776886739.1
1.0,2.0,1.0,2.0,1776886739.112
1.0,2.0,1.0,2.0,1776886739.138
9.0,10.0,9.0,10.0,1776886739.151
39.0,39.0,39.0,39.0,1776886739.572
39.0,39.0,39.0,39.0,1776886739.598
39.0,39.0,39.0,39.0,1776886739.612
39.0,39.0,39.0,39.0,1776886739.635
39.0,39.0,39.0,39.0,1776886739.651
55.0,56.0,55.0,56.0,1776886740.079
55.0,56.0,55.0,56.0,1776886740.092
55.0,56.0,55.0,56.0,1776886740.118
55.0,56.0,55.0,56.0,1776886740.131
55.0,56.0,55.0,56.0,1776886740.162
46.0,45.0,46.0,45.0,1776886740.572
46.0,45.0,46.0,45.0,1776886740.599
46.0,45.0,46.0,45.0,1776886740.611
37.0,36.0,37.0,36.0,1776886740.638
37.0,36.0,37.0,36.0,1776886740.659
9.0,8.0,9.0,8.0,1776886741.071
9.0,8.0,9.0,8.0,1776886741.105
9.0,8.0,9.0,8.0,1776886741.117
1.0,4.0,1.0,4.0,1776886741.132
1.0,4.0,1.0,4.0,1776886741.157
37.0,24.0,37.0,24.0,1776886741.578
37.0,24.0,37.0,24.0,1776886741.592
44.0,29.0,44.0,29.0,1776886741.617
44.0,29.0,44.0,29.0,1776886741.632
44.0,29.0,44.0,29.0,1776886741.658
47.0,40.0,47.0,40.0,1776886742.078
47.0,40.0,47.0,40.0,1776886742.092
47.0,40.0,47.0,40.0,1776886742.118
47.0,40.0,47.0,40.0,1776886742.132
47.0,40.0,47.0,40.0,1776886742.158
45.0,35.0,45.0,35.0,1776886742.579
45.0,35.0,45.0,35.0,1776886742.592
36.0,32.0,36.0,32.0,1776886742.617
36.0,32.0,36.0,32.0,1776886742.632
36.0,32.0,36.0,32.0,1776886742.657
3.0,10.0,3.0,10.0,1776886743.072
3.0,10.0,3.0,10.0,1776886743.098
0.0,1.0,0.0,1.0,1776886743.112
0.0,1.0,0.0,1.0,1776886743.138
0.0,1.0,0.0,1.0,1776886743.152
2.0,16.0,2.0,16.0,1776886743.579
2.0,16.0,2.0,16.0,1776886743.592
2.0,16.0,2.0,16.0,1776886743.612
2.0,16.0,2.0,16.0,1776886743.638
2.0,25.0,2.0,25.0,1776886743.652
2.0,41.0,2.0,41.0,1776886744.092
2.0,41.0,2.0,41.0,1776886744.12
2.0,41.0,2.0,41.0,1776886744.132
2.0,41.0,2.0,41.0,1776886744.159
2.0,41.0,2.0,41.0,1776886744.176
0.0,39.0,0.0,39.0,1776886744.592
0.0,39.0,0.0,39.0,1776886744.612
0.0,39.0,0.0,39.0,1776886744.638
0.0,39.0,0.0,39.0,1776886744.652
0.0,30.0,0.0,30.0,1776886744.678
0.0,6.0,0.0,6.0,1776886745.112
0.0,6.0,0.0,6.0,1776886745.137
5.0,5.0,5.0,5.0,1776886745.152
5.0,5.0,5.0,5.0,1776886745.172
5.0,5.0,5.0,5.0,1776886745.199
19.0,34.0,19.0,34.0,1776886745.592
19.0,34.0,19.0,34.0,1776886745.618
19.0,34.0,19.0,34.0,1776886745.632
19.0,34.0,19.0,34.0,1776886745.658
19.0,34.0,19.0,34.0,1776886745.672
19.0,73.0,19.0,73.0,1776886746.112
19.0,73.0,19.0,73.0,1776886746.138
19.0,73.0,19.0,73.0,1776886746.152
19.0,73.0,19.0,73.0,1776886746.178
19.0,84.0,19.0,84.0,1776886746.192
4.0,103.0,4.0,103.0,1776886746.632
4.0,103.0,4.0,103.0,1776886746.658
4.0,103.0,4.0,103.0,1776886746.672
4.0,103.0,4.0,103.0,1776886746.698
4.0,103.0,4.0,103.0,1776886746.712
0.0,102.0,0.0,102.0,1776886747.132
0.0,102.0,0.0,102.0,1776886747.158
0.0,102.0,0.0,102.0,1776886747.172
0.0,102.0,0.0,102.0,1776886747.192
0.0,102.0,0.0,102.0,1776886747.218
0.0,70.0,0.0,70.0,1776886747.632
0.0,59.0,0.0,59.0,1776886747.66
0.0,59.0,0.0,59.0,1776886747.672
0.0,59.0,0.0,59.0,1776886747.697
0.0,59.0,0.0,59.0,1776886747.712
-33.0,-61.0,-33.0,-61.0,1776886748.138
-33.0,-61.0,-33.0,-61.0,1776886748.152
-33.0,-61.0,-33.0,-61.0,1776886748.178
-52.0,-67.0,-52.0,-67.0,1776886748.192
-52.0,-67.0,-52.0,-67.0,1776886748.219
-81.0,-89.0,-81.0,-89.0,1776886748.632
-81.0,-89.0,-81.0,-89.0,1776886748.658
-81.0,-89.0,-81.0,-89.0,1776886748.672
-81.0,-89.0,-81.0,-89.0,1776886748.698
-93.0,-106.0,-93.0,-106.0,1776886748.712
-95.0,-109.0,-95.0,-109.0,1776886749.138
-95.0,-109.0,-95.0,-109.0,1776886749.152
-95.0,-109.0,-95.0,-109.0,1776886749.178
-95.0,-109.0,-95.0,-109.0,1776886749.192
-95.0,-109.0,-95.0,-109.0,1776886749.219
45.0,-52.0,45.0,-52.0,1776886749.632
45.0,-52.0,45.0,-52.0,1776886749.655
45.0,-52.0,45.0,-52.0,1776886749.672
45.0,-52.0,45.0,-52.0,1776886749.699
45.0,-52.0,45.0,-52.0,1776886749.713
10.0,-3.0,10.0,-3.0,1776886750.158
10.0,-3.0,10.0,-3.0,1776886750.172
10.0,-3.0,10.0,-3.0,1776886750.192
10.0,-3.0,10.0,-3.0,1776886750.218
10.0,-3.0,10.0,-3.0,1776886750.232
4.0,-1.0,4.0,-1.0,1776886750.658
4.0,-1.0,4.0,-1.0,1776886750.672
4.0,-1.0,4.0,-1.0,1776886750.698
4.0,-1.0,4.0,-1.0,1776886750.712
-5.0,-1.0,-5.0,-1.0,1776886750.732
-36.0,-21.0,-36.0,-21.0,1776886751.16
-36.0,-21.0,-36.0,-21.0,1776886751.172
-36.0,-21.0,-36.0,-21.0,1776886751.203
-36.0,-21.0,-36.0,-21.0,1776886751.217
-36.0,-21.0,-36.0,-21.0,1776886751.234
-65.0,-39.0,-65.0,-39.0,1776886751.665
-65.0,-39.0,-65.0,-39.0,1776886751.676
-65.0,-39.0,-65.0,-39.0,1776886751.692
-65.0,-39.0,-65.0,-39.0,1776886751.718
-74.0,-45.0,-74.0,-45.0,1776886751.732
-99.0,-67.0,-99.0,-67.0,1776886752.152
-99.0,-67.0,-99.0,-67.0,1776886752.178
-99.0,-67.0,-99.0,-67.0,1776886752.192
-99.0,-67.0,-99.0,-67.0,1776886752.219
-99.0,-67.0,-99.0,-67.0,1776886752.232
-85.0,-58.0,-85.0,-58.0,1776886752.652
80.0,60.0,80.0,60.0,1776886752.678
80.0,60.0,80.0,60.0,1776886752.692
80.0,60.0,80.0,60.0,1776886752.718
80.0,60.0,80.0,60.0,1776886752.732
78.0,75.0,78.0,75.0,1776886753.152
78.0,75.0,78.0,75.0,1776886753.178
85.0,87.0,85.0,87.0,1776886753.192
85.0,87.0,85.0,87.0,1776886753.218
85.0,87.0,85.0,87.0,1776886753.232
70.0,89.0,70.0,89.0,1776886753.659
70.0,89.0,70.0,89.0,1776886753.672
64.0,84.0,64.0,84.0,1776886753.7
64.0,84.0,64.0,84.0,1776886753.712
64.0,84.0,64.0,84.0,1776886753.732
60.0,77.0,60.0,77.0,1776886754.152
60.0,77.0,60.0,77.0,1776886754.178
60.0,77.0,60.0,77.0,1776886754.192
52.0,63.0,52.0,63.0,1776886754.218
52.0,63.0,52.0,63.0,1776886754.232
12.0,20.0,12.0,20.0,1776886754.655
12.0,20.0,12.0,20.0,1776886754.672
12.0,20.0,12.0,20.0,1776886754.698
12.0,20.0,12.0,20.0,1776886754.712
3.0,6.0,3.0,6.0,1776886754.738
2.0,-3.0,2.0,-3.0,1776886755.172
2.0,-3.0,2.0,-3.0,1776886755.198
2.0,-3.0,2.0,-3.0,1776886755.212
2.0,-3.0,2.0,-3.0,1776886755.238
2.0,-3.0,2.0,-3.0,1776886755.252
1.0,0.0,1.0,0.0,1776886755.678
4.0,-1.0,4.0,-1.0,1776886755.697
4.0,-1.0,4.0,-1.0,1776886755.712
4.0,-1.0,4.0,-1.0,1776886755.738
4.0,-1.0,4.0,-1.0,1776886755.752
4.0,-1.0,4.0,-1.0,1776886756.172
4.0,-1.0,4.0,-1.0,1776886756.198
4.0,-1.0,4.0,-1.0,1776886756.212
4.0,-1.0,4.0,-1.0,1776886756.238
4.0,-1.0,4.0,-1.0,1776886756.252
15.0,-10.0,15.0,-10.0,1776886756.672
15.0,-10.0,15.0,-10.0,1776886756.698
15.0,-10.0,15.0,-10.0,1776886756.712
15.0,-10.0,15.0,-10.0,1776886756.738
15.0,-10.0,15.0,-10.0,1776886756.752
21.0,-16.0,21.0,-16.0,1776886757.18
21.0,-16.0,21.0,-16.0,1776886757.192
21.0,-16.0,21.0,-16.0,1776886757.218
21.0,-16.0,21.0,-16.0,1776886757.232
21.0,-16.0,21.0,-16.0,1776886757.258
31.0,-19.0,31.0,-19.0,1776886757.672
31.0,-19.0,31.0,-19.0,1776886757.698
31.0,-19.0,31.0,-19.0,1776886757.712
31.0,-19.0,31.0,-19.0,1776886757.732
31.0,-19.0,31.0,-19.0,1776886757.758
23.0,-13.0,23.0,-13.0,1776886758.172
23.0,-13.0,23.0,-13.0,1776886758.192
23.0,-13.0,23.0,-13.0,1776886758.219
23.0,-13.0,23.0,-13.0,1776886758.232
23.0,-13.0,23.0,-13.0,1776886758.258
25.0,-18.0,25.0,-18.0,1776886758.672
25.0,-18.0,25.0,-18.0,1776886758.698
21.0,-16.0,21.0,-16.0,1776886758.712
21.0,-16.0,21.0,-16.0,1776886758.74
21.0,-16.0,21.0,-16.0,1776886758.752
23.0,-23.0,23.0,-23.0,1776886759.173
23.0,-23.0,23.0,-23.0,1776886759.2
23.0,-23.0,23.0,-23.0,1776886759.216
23.0,-23.0,23.0,-23.0,1776886759.232
23.0,-23.0,23.0,-23.0,1776886759.258
15.0,15.0,15.0,15.0,1776886759.672
15.0,15.0,15.0,15.0,1776886759.694
15.0,15.0,15.0,15.0,1776886759.72
15.0,15.0,15.0,15.0,1776886759.732
15.0,15.0,15.0,15.0,1776886759.76
16.0,19.0,16.0,19.0,1776886760.176
18.0,21.0,18.0,21.0,1776886760.192
18.0,21.0,18.0,21.0,1776886760.223
18.0,21.0,18.0,21.0,1776886760.234
18.0,21.0,18.0,21.0,1776886760.259
43.0,48.0,43.0,48.0,1776886760.672
43.0,48.0,43.0,48.0,1776886760.692
43.0,48.0,43.0,48.0,1776886760.718
54.0,59.0,54.0,59.0,1776886760.732
54.0,59.0,54.0,59.0,1776886760.759
57.0,-57.0,57.0,-57.0,1776886761.172
57.0,-57.0,57.0,-57.0,1776886761.198
57.0,-57.0,57.0,-57.0,1776886761.212
57.0,-57.0,57.0,-57.0,1776886761.238
57.0,-57.0,57.0,-57.0,1776886761.253
33.0,31.0,33.0,31.0,1776886761.672
33.0,31.0,33.0,31.0,1776886761.705
33.0,31.0,33.0,31.0,1776886761.716
33.0,31.0,33.0,31.0,1776886761.732
33.0,31.0,33.0,31.0,1776886761.758
24.0,19.0,24.0,19.0,1776886762.192
24.0,19.0,24.0,19.0,1776886762.218
24.0,19.0,24.0,19.0,1776886762.232
24.0,19.0,24.0,19.0,1776886762.258
24.0,19.0,24.0,19.0,1776886762.272
-22.0,19.0,-22.0,19.0,1776886762.699
-22.0,19.0,-22.0,19.0,1776886762.712
-22.0,19.0,-22.0,19.0,1776886762.738
-22.0,19.0,-22.0,19.0,1776886762.752
-22.0,19.0,-22.0,19.0,1776886762.778
-21.0,19.0,-21.0,19.0,1776886763.192
-17.0,16.0,-17.0,16.0,1776886763.218
-17.0,16.0,-17.0,16.0,1776886763.232
-17.0,16.0,-17.0,16.0,1776886763.252
-17.0,16.0,-17.0,16.0,1776886763.278
-4.0,1.0,-4.0,1.0,1776886763.702
-4.0,1.0,-4.0,1.0,1776886763.713
-4.0,1.0,-4.0,1.0,1776886763.739
-4.0,1.0,-4.0,1.0,1776886763.752
-4.0,1.0,-4.0,1.0,1776886763.778
-7.0,1.0,-7.0,1.0,1776886764.192
-7.0,1.0,-7.0,1.0,1776886764.218
-7.0,1.0,-7.0,1.0,1776886764.232
-7.0,1.0,-7.0,1.0,1776886764.259
-9.0,1.0,-9.0,1.0,1776886764.272
-16.0,1.0,-16.0,1.0,1776886764.698
-16.0,1.0,-16.0,1.0,1776886764.723
-16.0,1.0,-16.0,1.0,1776886764.737
-16.0,1.0,-16.0,1.0,1776886764.752
-16.0,1.0,-16.0,1.0,1776886764.778
-20.0,0.0,-20.0,0.0,1776886765.198
-23.0,0.0,-23.0,0.0,1776886765.212
-23.0,0.0,-23.0,0.0,1776886765.24
-23.0,0.0,-23.0,0.0,1776886765.252
-23.0,0.0,-23.0,0.0,1776886765.279
-30.0,6.0,-30.0,6.0,1776886765.698
-34.0,13.0,-34.0,13.0,1776886765.712
-34.0,13.0,-34.0,13.0,1776886765.739
-34.0,13.0,-34.0,13.0,1776886765.752
-34.0,13.0,-34.0,13.0,1776886765.778
-35.0,18.0,-35.0,18.0,1776886766.192
-35.0,18.0,-35.0,18.0,1776886766.218
-35.0,18.0,-35.0,18.0,1776886766.232
-34.0,18.0,-34.0,18.0,1776886766.259
-34.0,18.0,-34.0,18.0,1776886766.272
-26.0,18.0,-26.0,18.0,1776886766.719
-26.0,18.0,-26.0,18.0,1776886766.732
-26.0,18.0,-26.0,18.0,1776886766.755
-26.0,18.0,-26.0,18.0,1776886766.78
-24.0,18.0,-24.0,18.0,1776886766.792
7.0,0.0,7.0,0.0,1776886767.199
7.0,0.0,7.0,0.0,1776886767.216
7.0,0.0,7.0,0.0,1776886767.232
7.0,0.0,7.0,0.0,1776886767.258
7.0,0.0,7.0,0.0,1776886767.272
36.0,22.0,36.0,22.0,1776886767.692
36.0,22.0,36.0,22.0,1776886767.718
36.0,22.0,36.0,22.0,1776886767.733
36.0,22.0,36.0,22.0,1776886767.759
36.0,22.0,36.0,22.0,1776886767.772
61.0,45.0,61.0,45.0,1776886768.192
61.0,45.0,61.0,45.0,1776886768.219
61.0,45.0,61.0,45.0,1776886768.232
61.0,45.0,61.0,45.0,1776886768.258
68.0,51.0,68.0,51.0,1776886768.273
78.0,67.0,78.0,67.0,1776886768.712
78.0,67.0,78.0,67.0,1776886768.738
78.0,67.0,78.0,67.0,1776886768.752
78.0,67.0,78.0,67.0,1776886768.772
78.0,67.0,78.0,67.0,1776886768.798
67.0,61.0,67.0,61.0,1776886769.219
64.0,58.0,64.0,58.0,1776886769.232
64.0,58.0,64.0,58.0,1776886769.258
64.0,58.0,64.0,58.0,1776886769.273
64.0,58.0,64.0,58.0,1776886769.3
-54.0,47.0,-54.0,47.0,1776886769.712
-54.0,47.0,-54.0,47.0,1776886769.738
-48.0,49.0,-48.0,49.0,1776886769.76
-48.0,49.0,-48.0,49.0,1776886769.776
-48.0,49.0,-48.0,49.0,1776886769.793
-29.0,36.0,-29.0,36.0,1776886770.226
-29.0,36.0,-29.0,36.0,1776886770.239
-24.0,31.0,-24.0,31.0,1776886770.255
-24.0,31.0,-24.0,31.0,1776886770.273
-24.0,31.0,-24.0,31.0,1776886770.293
-12.0,19.0,-12.0,19.0,1776886770.713
-12.0,19.0,-12.0,19.0,1776886770.739
-12.0,19.0,-12.0,19.0,1776886770.752
-12.0,19.0,-12.0,19.0,1776886770.778
-12.0,19.0,-12.0,19.0,1776886770.792
-6.0,8.0,-6.0,8.0,1776886771.234
-6.0,8.0,-6.0,8.0,1776886771.252
-6.0,8.0,-6.0,8.0,1776886771.278
-6.0,8.0,-6.0,8.0,1776886771.292
-6.0,8.0,-6.0,8.0,1776886771.32
-6.0,4.0,-6.0,4.0,1776886771.738
-6.0,4.0,-6.0,4.0,1776886771.752
5.0,4.0,5.0,4.0,1776886771.779
5.0,4.0,5.0,4.0,1776886771.793
5.0,4.0,5.0,4.0,1776886771.812
0.0,0.0,0.0,0.0,1776886772.239
0.0,0.0,0.0,0.0,1776886772.252
0.0,0.0,0.0,0.0,1776886772.278
0.0,0.0,0.0,0.0,1776886772.293
5.0,4.0,5.0,4.0,1776886772.319
31.0,29.0,31.0,29.0,1776886772.733
31.0,29.0,31.0,29.0,1776886772.758
31.0,29.0,31.0,29.0,1776886772.773
31.0,29.0,31.0,29.0,1776886772.799
31.0,29.0,31.0,29.0,1776886772.812
75.0,74.0,75.0,74.0,1776886773.239
75.0,74.0,75.0,74.0,1776886773.253
75.0,74.0,75.0,74.0,1776886773.279
75.0,74.0,75.0,74.0,1776886773.294
86.0,82.0,86.0,82.0,1776886773.32
76.0,72.0,76.0,72.0,1776886773.732
76.0,72.0,76.0,72.0,1776886773.758
76.0,72.0,76.0,72.0,1776886773.772
76.0,72.0,76.0,72.0,1776886773.798
70.0,63.0,70.0,63.0,1776886773.813
39.0,37.0,39.0,37.0,1776886774.232
39.0,37.0,39.0,37.0,1776886774.261
39.0,37.0,39.0,37.0,1776886774.275
39.0,37.0,39.0,37.0,1776886774.292
39.0,37.0,39.0,37.0,1776886774.318
0.0,0.0,0.0,0.0,1776886774.739
0.0,0.0,0.0,0.0,1776886774.752
0.0,0.0,0.0,0.0,1776886774.781
0.0,0.0,0.0,0.0,1776886774.802
0.0,0.0,0.0,0.0,1776886774.816
-9.0,-6.0,-9.0,-6.0,1776886775.252
-18.0,-15.0,-18.0,-15.0,1776886775.28
-18.0,-15.0,-18.0,-15.0,1776886775.292
-18.0,-15.0,-18.0,-15.0,1776886775.318
-18.0,-15.0,-18.0,-15.0,1776886775.332
-48.0,-41.0,-48.0,-41.0,1776886775.733
-48.0,-41.0,-48.0,-41.0,1776886775.759
-56.0,-50.0,-56.0,-50.0,1776886775.772
-56.0,-50.0,-56.0,-50.0,1776886775.8
-56.0,-50.0,-56.0,-50.0,1776886775.813
-94.0,-87.0,-94.0,-87.0,1776886776.258
-94.0,-87.0,-94.0,-87.0,1776886776.273
-106.0,-99.0,-106.0,-99.0,1776886776.299
-106.0,-99.0,-106.0,-99.0,1776886776.312
-106.0,-99.0,-106.0,-99.0,1776886776.338
-88.0,-83.0,-88.0,-83.0,1776886776.752
-88.0,-83.0,-88.0,-83.0,1776886776.778
-76.0,-72.0,-76.0,-72.0,1776886776.792
-76.0,-72.0,-76.0,-72.0,1776886776.819
-76.0,-72.0,-76.0,-72.0,1776886776.832
-52.0,-45.0,-52.0,-45.0,1776886777.252
-52.0,-45.0,-52.0,-45.0,1776886777.28
-52.0,-45.0,-52.0,-45.0,1776886777.292
-36.0,-33.0,-36.0,-33.0,1776886777.322
-36.0,-33.0,-36.0,-33.0,1776886777.335
0.0,0.0,0.0,0.0,1776886777.761
0.0,0.0,0.0,0.0,1776886777.777
0.0,0.0,0.0,0.0,1776886777.794
0.0,0.0,0.0,0.0,1776886777.821
0.0,0.0,0.0,0.0,1776886777.833
0.0,0.0,0.0,0.0,1776886778.259
0.0,0.0,0.0,0.0,1776886778.272
0.0,0.0,0.0,0.0,1776886778.296
0.0,0.0,0.0,0.0,1776886778.313
0.0,0.0,0.0,0.0,1776886778.339
0.0,0.0,0.0,0.0,1776886778.752
0.0,0.0,0.0,0.0,1776886778.772
0.0,0.0,0.0,0.0,1776886778.799
0.0,0.0,0.0,0.0,1776886778.812
-4.0,0.0,-4.0,0.0,1776886778.839
-4.0,10.0,-4.0,10.0,1776886779.272
-4.0,10.0,-4.0,10.0,1776886779.299
-4.0,10.0,-4.0,10.0,1776886779.313
-6.0,14.0,-6.0,14.0,1776886779.339
-6.0,14.0,-6.0,14.0,1776886779.352
-6.0,18.0,-6.0,18.0,1776886779.779
-6.0,18.0,-6.0,18.0,1776886779.792
-6.0,18.0,-6.0,18.0,1776886779.818
-6.0,18.0,-6.0,18.0,1776886779.839
-6.0,18.0,-6.0,18.0,1776886779.852
1.0,18.0,1.0,18.0,1776886780.28
5.0,13.0,5.0,13.0,1776886780.293
5.0,13.0,5.0,13.0,1776886780.323
5.0,13.0,5.0,13.0,1776886780.334
5.0,13.0,5.0,13.0,1776886780.36
31.0,27.0,31.0,27.0,1776886780.784
31.0,27.0,31.0,27.0,1776886780.794
31.0,27.0,31.0,27.0,1776886780.82
31.0,27.0,31.0,27.0,1776886780.832
31.0,27.0,31.0,27.0,1776886780.861
63.0,52.0,63.0,52.0,1776886781.272
63.0,52.0,63.0,52.0,1776886781.298
72.0,58.0,72.0,58.0,1776886781.313
72.0,58.0,72.0,58.0,1776886781.338
72.0,58.0,72.0,58.0,1776886781.353
69.0,58.0,69.0,58.0,1776886781.777
69.0,58.0,69.0,58.0,1776886781.793
69.0,58.0,69.0,58.0,1776886781.813
69.0,58.0,69.0,58.0,1776886781.839
61.0,52.0,61.0,52.0,1776886781.853
0.0,0.0,0.0,0.0,1776886782.78
2.0,0.0,2.0,0.0,1776886782.793
2.0,0.0,2.0,0.0,1776886782.818
2.0,0.0,2.0,0.0,1776886782.834
2.0,0.0,2.0,0.0,1776886782.861
24.0,22.0,24.0,22.0,1776886783.28
24.0,22.0,24.0,22.0,1776886783.293
24.0,22.0,24.0,22.0,1776886783.318
36.0,31.0,36.0,31.0,1776886783.333
36.0,31.0,36.0,31.0,1776886783.359
63.0,61.0,63.0,61.0,1776886783.779
63.0,61.0,63.0,61.0,1776886783.793
63.0,61.0,63.0,61.0,1776886783.818
63.0,61.0,63.0,61.0,1776886783.833
63.0,61.0,63.0,61.0,1776886783.855
65.0,66.0,65.0,66.0,1776886784.273
65.0,66.0,65.0,66.0,1776886784.299
65.0,66.0,65.0,66.0,1776886784.313
65.0,66.0,65.0,66.0,1776886784.338
65.0,66.0,65.0,66.0,1776886784.353
27.0,32.0,27.0,32.0,1776886784.773
27.0,32.0,27.0,32.0,1776886784.798
27.0,32.0,27.0,32.0,1776886784.818
27.0,32.0,27.0,32.0,1776886784.833
27.0,32.0,27.0,32.0,1776886784.853
0.0,0.0,0.0,0.0,1776886785.273
0.0,0.0,0.0,0.0,1776886785.3
0.0,0.0,0.0,0.0,1776886785.313
0.0,0.0,0.0,0.0,1776886785.341
0.0,0.0,0.0,0.0,1776886785.353
8.0,9.0,8.0,9.0,1776886785.793
15.0,12.0,15.0,12.0,1776886785.819
15.0,12.0,15.0,12.0,1776886785.833
15.0,12.0,15.0,12.0,1776886785.86
15.0,12.0,15.0,12.0,1776886785.873
40.0,46.0,40.0,46.0,1776886786.293
40.0,46.0,40.0,46.0,1776886786.32
40.0,46.0,40.0,46.0,1776886786.335
40.0,46.0,40.0,46.0,1776886786.36
40.0,46.0,40.0,46.0,1776886786.373
40.0,46.0,40.0,46.0,1776886786.793
40.0,46.0,40.0,46.0,1776886786.818
40.0,46.0,40.0,46.0,1776886786.833
40.0,44.0,40.0,44.0,1776886786.862
40.0,44.0,40.0,44.0,1776886786.873
0.0,0.0,0.0,0.0,1776886787.793
0.0,0.0,0.0,0.0,1776886787.819
0.0,0.0,0.0,0.0,1776886787.833
0.0,0.0,0.0,0.0,1776886787.861
0.0,0.0,0.0,0.0,1776886787.882
30.0,33.0,30.0,33.0,1776886788.299
30.0,33.0,30.0,33.0,1776886788.313
30.0,33.0,30.0,33.0,1776886788.339
30.0,33.0,30.0,33.0,1776886788.353
30.0,33.0,30.0,33.0,1776886788.379
60.0,64.0,60.0,64.0,1776886788.793
60.0,64.0,60.0,64.0,1776886788.818
60.0,64.0,60.0,64.0,1776886788.833
60.0,64.0,60.0,64.0,1776886788.853
60.0,64.0,60.0,64.0,1776886788.879
55.0,61.0,55.0,61.0,1776886789.295
47.0,53.0,47.0,53.0,1776886789.321
47.0,53.0,47.0,53.0,1776886789.333
47.0,53.0,47.0,53.0,1776886789.361
47.0,53.0,47.0,53.0,1776886789.373
19.0,20.0,19.0,20.0,1776886789.801
10.0,9.0,10.0,9.0,1776886789.813
10.0,9.0,10.0,9.0,1776886789.838
10.0,9.0,10.0,9.0,1776886789.857
10.0,9.0,10.0,9.0,1776886789.873
0.0,0.0,0.0,0.0,1776886790.326
0.0,0.0,0.0,0.0,1776886790.34
0.0,0.0,0.0,0.0,1776886790.353
0.0,0.0,0.0,0.0,1776886790.382
0.0,0.0,0.0,0.0,1776886790.393
0.0,0.0,0.0,0.0,1776886790.815
0.0,0.0,0.0,0.0,1776886790.841
0.0,0.0,0.0,0.0,1776886790.853
0.0,0.0,0.0,0.0,1776886790.88
0.0,0.0,0.0,0.0,1776886790.898
0.0,0.0,0.0,0.0,1776886791.314
0.0,0.0,0.0,0.0,1776886791.333
0.0,0.0,0.0,0.0,1776886791.361
0.0,0.0,0.0,0.0,1776886791.374
0.0,0.0,0.0,0.0,1776886791.4
0.0,0.0,0.0,0.0,1776886791.819
0.0,0.0,0.0,0.0,1776886791.833
0.0,0.0,0.0,0.0,1776886791.859
0.0,0.0,0.0,0.0,1776886791.873
0.0,0.0,0.0,0.0,1776886791.899
0.0,3.0,0.0,3.0,1776886792.313
0.0,3.0,0.0,3.0,1776886792.34
0.0,3.0,0.0,3.0,1776886792.353
0.0,3.0,0.0,3.0,1776886792.373
0.0,3.0,0.0,3.0,1776886792.399
0.0,3.0,0.0,3.0,1776886792.813
0.0,3.0,0.0,3.0,1776886792.839
0.0,3.0,0.0,3.0,1776886792.853
0.0,3.0,0.0,3.0,1776886792.88
0.0,3.0,0.0,3.0,1776886792.893
1.0,-1.0,1.0,-1.0,1776886793.814
1.0,-1.0,1.0,-1.0,1776886793.841
1.0,-1.0,1.0,-1.0,1776886793.855
1.0,-1.0,1.0,-1.0,1776886793.881
1.0,-1.0,1.0,-1.0,1776886793.893
9.0,-4.0,9.0,-4.0,1776886794.322
9.0,-4.0,9.0,-4.0,1776886794.336
9.0,-4.0,9.0,-4.0,1776886794.353
9.0,-4.0,9.0,-4.0,1776886794.379
9.0,-4.0,9.0,-4.0,1776886794.393
16.0,-10.0,16.0,-10.0,1776886794.814
16.0,-10.0,16.0,-10.0,1776886794.84
19.0,-12.0,19.0,-12.0,1776886794.854
19.0,-12.0,19.0,-12.0,1776886794.88
19.0,-12.0,19.0,-12.0,1776886794.895
26.0,-14.0,26.0,-14.0,1776886795.32
26.0,-14.0,26.0,-14.0,1776886795.333
26.0,-14.0,26.0,-14.0,1776886795.359
27.0,-20.0,27.0,-20.0,1776886795.376
27.0,-20.0,27.0,-20.0,1776886795.393
25.0,-19.0,25.0,-19.0,1776886795.813
25.0,-19.0,25.0,-19.0,1776886795.84
25.0,-19.0,25.0,-19.0,1776886795.855
25.0,-19.0,25.0,-19.0,1776886795.88
25.0,-19.0,25.0,-19.0,1776886795.893
19.0,-23.0,19.0,-23.0,1776886796.313
19.0,-23.0,19.0,-23.0,1776886796.339
19.0,-23.0,19.0,-23.0,1776886796.353
16.0,-19.0,16.0,-19.0,1776886796.382
16.0,-19.0,16.0,-19.0,1776886796.393
8.0,-13.0,8.0,-13.0,1776886796.833
8.0,-13.0,8.0,-13.0,1776886796.853
8.0,-13.0,8.0,-13.0,1776886796.879
6.0,-13.0,6.0,-13.0,1776886796.894
6.0,-13.0,6.0,-13.0,1776886796.92
0.0,8.0,0.0,8.0,1776886797.339
0.0,8.0,0.0,8.0,1776886797.353
0.0,8.0,0.0,8.0,1776886797.379
0.0,8.0,0.0,8.0,1776886797.393
0.0,8.0,0.0,8.0,1776886797.413
0.0,3.0,0.0,3.0,1776886797.84
0.0,3.0,0.0,3.0,1776886797.855
0.0,3.0,0.0,3.0,1776886797.881
0.0,3.0,0.0,3.0,1776886797.893
0.0,3.0,0.0,3.0,1776886797.919
0.0,4.0,0.0,4.0,1776886798.334
0.0,4.0,0.0,4.0,1776886798.36
0.0,4.0,0.0,4.0,1776886798.373
0.0,4.0,0.0,4.0,1776886798.4
0.0,4.0,0.0,4.0,1776886798.415
-17.0,27.0,-17.0,27.0,1776886799.342
-17.0,27.0,-17.0,27.0,1776886799.353
-17.0,27.0,-17.0,27.0,1776886799.379
-17.0,27.0,-17.0,27.0,1776886799.393
-17.0,27.0,-17.0,27.0,1776886799.413
-23.0,33.0,-23.0,33.0,1776886800.353
-23.0,33.0,-23.0,33.0,1776886800.381
-21.0,29.0,-21.0,29.0,1776886800.393
-21.0,29.0,-21.0,29.0,1776886800.419
-21.0,29.0,-21.0,29.0,1776886800.433
-27.0,24.0,-27.0,24.0,1776886800.859
-27.0,24.0,-27.0,24.0,1776886800.873
-27.0,24.0,-27.0,24.0,1776886800.9
-27.0,24.0,-27.0,24.0,1776886800.913
-27.0,24.0,-27.0,24.0,1776886800.943
-36.0,12.0,-36.0,12.0,1776886801.859
-36.0,12.0,-36.0,12.0,1776886801.873
-31.0,10.0,-31.0,10.0,1776886801.893
-31.0,10.0,-31.0,10.0,1776886801.922
-31.0,10.0,-31.0,10.0,1776886801.934
-20.0,4.0,-20.0,4.0,1776886802.353
-20.0,4.0,-20.0,4.0,1776886802.379
-3.0,3.0,-3.0,3.0,1776886802.393
-3.0,3.0,-3.0,3.0,1776886802.419
-3.0,3.0,-3.0,3.0,1776886802.433
1.0,2.0,1.0,2.0,1776886802.879
3.0,2.0,3.0,2.0,1776886802.895
3.0,2.0,3.0,2.0,1776886802.913
3.0,2.0,3.0,2.0,1776886802.933
3.0,2.0,3.0,2.0,1776886802.96
23.0,24.0,23.0,24.0,1776886803.377
23.0,24.0,23.0,24.0,1776886803.393
23.0,24.0,23.0,24.0,1776886803.419
23.0,24.0,23.0,24.0,1776886803.433
23.0,24.0,23.0,24.0,1776886803.459
43.0,49.0,43.0,49.0,1776886803.873
50.0,60.0,50.0,60.0,1776886803.894
50.0,60.0,50.0,60.0,1776886803.92
50.0,60.0,50.0,60.0,1776886803.943
50.0,60.0,50.0,60.0,1776886803.955
64.0,84.0,64.0,84.0,1776886804.373
64.0,84.0,64.0,84.0,1776886804.399
64.0,84.0,64.0,84.0,1776886804.413
64.0,84.0,64.0,84.0,1776886804.439
64.0,87.0,64.0,87.0,1776886804.453
60.0,93.0,60.0,93.0,1776886804.88
60.0,93.0,60.0,93.0,1776886804.896
60.0,93.0,60.0,93.0,1776886804.921
60.0,93.0,60.0,93.0,1776886804.934
60.0,93.0,60.0,93.0,1776886804.961
58.0,94.0,58.0,94.0,1776886805.38
58.0,94.0,58.0,94.0,1776886805.393
58.0,94.0,58.0,94.0,1776886805.423
58.0,94.0,58.0,94.0,1776886805.436
58.0,94.0,58.0,94.0,1776886805.462
55.0,100.0,55.0,100.0,1776886805.873
55.0,100.0,55.0,100.0,1776886805.901
55.0,100.0,55.0,100.0,1776886805.913
55.0,100.0,55.0,100.0,1776886805.941
55.0,100.0,55.0,100.0,1776886805.953
57.0,102.0,57.0,102.0,1776886806.373
57.0,102.0,57.0,102.0,1776886806.393
57.0,102.0,57.0,102.0,1776886806.419
57.0,102.0,57.0,102.0,1776886806.433
57.0,102.0,57.0,102.0,1776886806.461
72.0,108.0,72.0,108.0,1776886806.879
72.0,108.0,72.0,108.0,1776886806.895
72.0,108.0,72.0,108.0,1776886806.913
72.0,108.0,72.0,108.0,1776886806.94
72.0,108.0,72.0,108.0,1776886806.953
102.0,112.0,102.0,112.0,1776886807.873
102.0,112.0,102.0,112.0,1776886807.899
102.0,112.0,102.0,112.0,1776886807.913
102.0,112.0,102.0,112.0,1776886807.939
102.0,112.0,102.0,112.0,1776886807.953
87.0,107.0,87.0,107.0,1776886808.373
87.0,107.0,87.0,107.0,1776886808.4
87.0,107.0,87.0,107.0,1776886808.415
87.0,107.0,87.0,107.0,1776886808.442
87.0,107.0,87.0,107.0,1776886808.453
66.0,94.0,66.0,94.0,1776886809.401
66.0,94.0,66.0,94.0,1776886809.413
66.0,94.0,66.0,94.0,1776886809.443
69.0,91.0,69.0,91.0,1776886809.457
69.0,91.0,69.0,91.0,1776886809.473
73.0,84.0,73.0,84.0,1776886809.893
73.0,84.0,73.0,84.0,1776886809.921
73.0,84.0,73.0,84.0,1776886809.935
73.0,84.0,73.0,84.0,1776886809.961
76.0,82.0,76.0,82.0,1776886809.973
84.0,70.0,84.0,70.0,1776886810.399
84.0,70.0,84.0,70.0,1776886810.415
84.0,70.0,84.0,70.0,1776886810.441
84.0,70.0,84.0,70.0,1776886810.453
84.0,70.0,84.0,70.0,1776886810.481
94.0,78.0,94.0,78.0,1776886810.899
94.0,78.0,94.0,78.0,1776886810.913
94.0,78.0,94.0,78.0,1776886810.939
94.0,78.0,94.0,78.0,1776886810.953
94.0,78.0,94.0,78.0,1776886810.979
85.0,101.0,85.0,101.0,1776886811.902
85.0,101.0,85.0,101.0,1776886811.913
85.0,101.0,85.0,101.0,1776886811.94
85.0,101.0,85.0,101.0,1776886811.953
85.0,101.0,85.0,101.0,1776886811.979
49.0,-67.0,49.0,-67.0,1776886812.394
49.0,-67.0,49.0,-67.0,1776886812.42
49.0,-67.0,49.0,-67.0,1776886812.433
49.0,-67.0,49.0,-67.0,1776886812.46
49.0,-67.0,49.0,-67.0,1776886812.474
32.0,-36.0,32.0,-36.0,1776886812.899
32.0,-36.0,32.0,-36.0,1776886812.913
22.0,-25.0,22.0,-25.0,1776886812.939
22.0,-25.0,22.0,-25.0,1776886812.953
22.0,-25.0,22.0,-25.0,1776886812.98
0.0,-10.0,0.0,-10.0,1776886813.893
0.0,-10.0,0.0,-10.0,1776886813.919
0.0,-10.0,0.0,-10.0,1776886813.934
0.0,-10.0,0.0,-10.0,1776886813.96
0.0,-15.0,0.0,-15.0,1776886813.973
0.0,-15.0,0.0,-15.0,1776886814.42
0.0,-15.0,0.0,-15.0,1776886814.433
0.0,-15.0,0.0,-15.0,1776886814.453
0.0,-15.0,0.0,-15.0,1776886814.479
0.0,-15.0,0.0,-15.0,1776886814.494
24.0,26.0,24.0,26.0,1776886815.413
24.0,26.0,24.0,26.0,1776886815.439
24.0,26.0,24.0,26.0,1776886815.462
24.0,26.0,24.0,26.0,1776886815.473
24.0,26.0,24.0,26.0,1776886815.5
75.0,58.0,75.0,58.0,1776886815.913
75.0,58.0,75.0,58.0,1776886815.939
75.0,58.0,75.0,58.0,1776886815.953
75.0,58.0,75.0,58.0,1776886815.982
75.0,58.0,75.0,58.0,1776886816.001
75.0,53.0,75.0,53.0,1776886816.42
75.0,53.0,75.0,53.0,1776886816.434
75.0,53.0,75.0,53.0,1776886816.46
72.0,51.0,72.0,51.0,1776886816.474
72.0,51.0,72.0,51.0,1776886816.499
37.0,28.0,37.0,28.0,1776886816.92
37.0,28.0,37.0,28.0,1776886816.933
37.0,28.0,37.0,28.0,1776886816.959
37.0,28.0,37.0,28.0,1776886816.977
37.0,28.0,37.0,28.0,1776886816.993
0.0,0.0,0.0,0.0,1776886817.42
0.0,0.0,0.0,0.0,1776886817.433
0.0,0.0,0.0,0.0,1776886817.46
0.0,0.0,0.0,0.0,1776886817.473
0.0,0.0,0.0,0.0,1776886817.494
0.0,0.0,0.0,0.0,1776886817.913
0.0,0.0,0.0,0.0,1776886817.939
0.0,0.0,0.0,0.0,1776886817.953
0.0,0.0,0.0,0.0,1776886817.979
0.0,0.0,0.0,0.0,1776886817.993
0.0,0.0,0.0,0.0,1776886818.933
0.0,0.0,0.0,0.0,1776886818.96
0.0,0.0,0.0,0.0,1776886818.975
0.0,0.0,0.0,0.0,1776886819.0
0.0,0.0,0.0,0.0,1776886819.013
0.0,0.0,0.0,0.0,1776886819.433
0.0,0.0,0.0,0.0,1776886819.459
0.0,0.0,0.0,0.0,1776886819.474
0.0,0.0,0.0,0.0,1776886819.502
0.0,0.0,0.0,0.0,1776886819.513
27.0,-9.0,27.0,-9.0,1776886820.433
27.0,-9.0,27.0,-9.0,1776886820.462
27.0,-9.0,27.0,-9.0,1776886820.474
27.0,-9.0,27.0,-9.0,1776886820.5
27.0,-9.0,27.0,-9.0,1776886820.514
27.0,-9.0,27.0,-9.0,1776886820.94
27.0,-9.0,27.0,-9.0,1776886820.954
27.0,-9.0,27.0,-9.0,1776886820.98
27.0,-9.0,27.0,-9.0,1776886820.994
27.0,-9.0,27.0,-9.0,1776886821.02
0.0,0.0,0.0,0.0,1776886821.939
0.0,0.0,0.0,0.0,1776886821.953
0.0,0.0,0.0,0.0,1776886821.982
0.0,0.0,0.0,0.0,1776886821.999
0.0,0.0,0.0,0.0,1776886822.015
0.0,0.0,0.0,0.0,1776886822.434
0.0,0.0,0.0,0.0,1776886822.461
0.0,0.0,0.0,0.0,1776886822.474
0.0,0.0,0.0,0.0,1776886822.499
0.0,0.0,0.0,0.0,1776886822.514
0.0,0.0,0.0,0.0,1776886822.934
0.0,0.0,0.0,0.0,1776886822.963
0.0,0.0,0.0,0.0,1776886822.976
0.0,-2.0,0.0,-2.0,1776886823.002
0.0,-2.0,0.0,-2.0,1776886823.014
6.0,-10.0,6.0,-10.0,1776886823.44
6.0,-10.0,6.0,-10.0,1776886823.456
6.0,-10.0,6.0,-10.0,1776886823.482
6.0,-10.0,6.0,-10.0,1776886823.494
6.0,-10.0,6.0,-10.0,1776886823.519
16.0,-22.0,16.0,-22.0,1776886823.953
16.0,-22.0,16.0,-22.0,1776886823.982
16.0,-22.0,16.0,-22.0,1776886823.994
16.0,-22.0,16.0,-22.0,1776886824.02
16.0,-22.0,16.0,-22.0,1776886824.034
16.0,19.0,16.0,19.0,1776886824.441
16.0,19.0,16.0,19.0,1776886824.454
16.0,19.0,16.0,19.0,1776886824.479
16.0,19.0,16.0,19.0,1776886824.497
16.0,17.0,16.0,17.0,1776886824.514
18.0,21.0,18.0,21.0,1776886824.954
18.0,21.0,18.0,21.0,1776886824.98
18.0,21.0,18.0,21.0,1776886824.994
27.0,28.0,27.0,28.0,1776886825.014
27.0,28.0,27.0,28.0,1776886825.039
51.0,51.0,51.0,51.0,1776886825.461
51.0,51.0,51.0,51.0,1776886825.474
51.0,51.0,51.0,51.0,1776886825.494
51.0,51.0,51.0,51.0,1776886825.52
61.0,63.0,61.0,63.0,1776886825.534
95.0,94.0,95.0,94.0,1776886825.954
95.0,94.0,95.0,94.0,1776886825.979
95.0,94.0,95.0,94.0,1776886825.994
95.0,94.0,95.0,94.0,1776886826.021
95.0,94.0,95.0,94.0,1776886826.034
94.0,90.0,94.0,90.0,1776886826.46
94.0,90.0,94.0,90.0,1776886826.474
94.0,90.0,94.0,90.0,1776886826.497
94.0,90.0,94.0,90.0,1776886826.514
94.0,90.0,94.0,90.0,1776886826.541
55.0,-46.0,55.0,-46.0,1776886826.959
55.0,-46.0,55.0,-46.0,1776886826.975
55.0,-46.0,55.0,-46.0,1776886827.001
55.0,-46.0,55.0,-46.0,1776886827.014
55.0,-46.0,55.0,-46.0,1776886827.04
36.0,-22.0,36.0,-22.0,1776886827.456
36.0,-22.0,36.0,-22.0,1776886827.482
36.0,-22.0,36.0,-22.0,1776886827.494
36.0,-22.0,36.0,-22.0,1776886827.52
28.0,-17.0,28.0,-17.0,1776886827.535
20.0,-17.0,20.0,-17.0,1776886827.954
20.0,-17.0,20.0,-17.0,1776886827.98
20.0,-17.0,20.0,-17.0,1776886827.994
20.0,-17.0,20.0,-17.0,1776886828.018
20.0,-17.0,20.0,-17.0,1776886828.034
21.0,22.0,21.0,22.0,1776886828.463
21.0,22.0,21.0,22.0,1776886828.474
21.0,22.0,21.0,22.0,1776886828.501
21.0,22.0,21.0,22.0,1776886828.514
7.0,17.0,7.0,17.0,1776886828.534
16.0,21.0,16.0,21.0,1776886828.961
16.0,21.0,16.0,21.0,1776886828.979
16.0,21.0,16.0,21.0,1776886828.994
16.0,21.0,16.0,21.0,1776886829.021
16.0,21.0,16.0,21.0,1776886829.034
55.0,46.0,55.0,46.0,1776886829.46
55.0,46.0,55.0,46.0,1776886829.474
55.0,46.0,55.0,46.0,1776886829.499
55.0,46.0,55.0,46.0,1776886829.514
55.0,46.0,55.0,46.0,1776886829.54
88.0,79.0,88.0,79.0,1776886829.954
95.0,90.0,95.0,90.0,1776886829.982
95.0,90.0,95.0,90.0,1776886829.994
95.0,90.0,95.0,90.0,1776886830.019
95.0,90.0,95.0,90.0,1776886830.035
105.0,97.0,105.0,97.0,1776886830.474
105.0,97.0,105.0,97.0,1776886830.499
105.0,97.0,105.0,97.0,1776886830.514
104.0,96.0,104.0,96.0,1776886830.542
104.0,96.0,104.0,96.0,1776886830.554
97.0,86.0,97.0,86.0,1776886830.98
97.0,86.0,97.0,86.0,1776886830.995
97.0,86.0,97.0,86.0,1776886831.022
97.0,86.0,97.0,86.0,1776886831.034
97.0,86.0,97.0,86.0,1776886831.059
93.0,69.0,93.0,69.0,1776886831.474
93.0,69.0,93.0,69.0,1776886831.501
93.0,69.0,93.0,69.0,1776886831.514
93.0,69.0,93.0,69.0,1776886831.54
93.0,69.0,93.0,69.0,1776886831.554
90.0,72.0,90.0,72.0,1776886831.98
90.0,72.0,90.0,72.0,1776886831.994
90.0,72.0,90.0,72.0,1776886832.02
90.0,72.0,90.0,72.0,1776886832.034
90.0,72.0,90.0,72.0,1776886832.06
-63.0,51.0,-63.0,51.0,1776886832.481
-52.0,46.0,-52.0,46.0,1776886832.496
-52.0,46.0,-52.0,46.0,1776886832.514
-52.0,46.0,-52.0,46.0,1776886832.541
-52.0,46.0,-52.0,46.0,1776886832.554
-31.0,29.0,-31.0,29.0,1776886832.979
-31.0,29.0,-31.0,29.0,1776886832.994
-25.0,21.0,-25.0,21.0,1776886833.021
-25.0,21.0,-25.0,21.0,1776886833.034
-25.0,21.0,-25.0,21.0,1776886833.06
-18.0,16.0,-18.0,16.0,1776886833.482
-18.0,16.0,-18.0,16.0,1776886833.495
-18.0,16.0,-18.0,16.0,1776886833.521
-18.0,16.0,-18.0,16.0,1776886833.535
-18.0,16.0,-18.0,16.0,1776886833.561
16.0,18.0,16.0,18.0,1776886834.0
16.0,18.0,16.0,18.0,1776886834.014
16.0,18.0,16.0,18.0,1776886834.043
16.0,18.0,16.0,18.0,1776886834.054
16.0,18.0,16.0,18.0,1776886834.083
22.0,26.0,22.0,26.0,1776886834.5
22.0,26.0,22.0,26.0,1776886834.514
28.0,29.0,28.0,29.0,1776886834.534
28.0,29.0,28.0,29.0,1776886834.56
28.0,29.0,28.0,29.0,1776886834.575
36.0,49.0,36.0,49.0,1776886834.995
36.0,49.0,36.0,49.0,1776886835.021
36.0,49.0,36.0,49.0,1776886835.034
36.0,49.0,36.0,49.0,1776886835.06
36.0,49.0,36.0,49.0,1776886835.074
54.0,76.0,54.0,76.0,1776886835.474
54.0,76.0,54.0,76.0,1776886835.502
60.0,81.0,60.0,81.0,1776886835.514
60.0,81.0,60.0,81.0,1776886835.541
60.0,81.0,60.0,81.0,1776886835.554
60.0,93.0,60.0,93.0,1776886835.975
60.0,93.0,60.0,93.0,1776886836.0
60.0,93.0,60.0,93.0,1776886836.015
60.0,95.0,60.0,95.0,1776886836.042
60.0,95.0,60.0,95.0,1776886836.055
58.0,98.0,58.0,98.0,1776886836.5
58.0,98.0,58.0,98.0,1776886836.518
58.0,98.0,58.0,98.0,1776886836.534
58.0,98.0,58.0,98.0,1776886836.56
60.0,100.0,60.0,100.0,1776886836.576
59.0,99.0,59.0,99.0,1776886836.995
59.0,99.0,59.0,99.0,1776886837.022
59.0,99.0,59.0,99.0,1776886837.034
59.0,99.0,59.0,99.0,1776886837.06
59.0,97.0,59.0,97.0,1776886837.074
59.0,99.0,59.0,99.0,1776886837.494
59.0,99.0,59.0,99.0,1776886837.521
59.0,99.0,59.0,99.0,1776886837.539
59.0,99.0,59.0,99.0,1776886837.555
59.0,99.0,59.0,99.0,1776886837.581
58.0,98.0,58.0,98.0,1776886838.003
58.0,98.0,58.0,98.0,1776886838.017
58.0,98.0,58.0,98.0,1776886838.035
57.0,97.0,57.0,97.0,1776886838.054
57.0,97.0,57.0,97.0,1776886838.08
58.0,98.0,58.0,98.0,1776886838.495
58.0,98.0,58.0,98.0,1776886838.521
58.0,98.0,58.0,98.0,1776886838.534
58.0,98.0,58.0,98.0,1776886838.56
58.0,98.0,58.0,98.0,1776886838.577
57.0,96.0,57.0,96.0,1776886838.996
57.0,96.0,57.0,96.0,1776886839.021
57.0,96.0,57.0,96.0,1776886839.034
57.0,96.0,57.0,96.0,1776886839.06
57.0,96.0,57.0,96.0,1776886839.075
58.0,94.0,58.0,94.0,1776886839.502
58.0,94.0,58.0,94.0,1776886839.514
58.0,94.0,58.0,94.0,1776886839.54
58.0,94.0,58.0,94.0,1776886839.555
58.0,94.0,58.0,94.0,1776886839.582
60.0,94.0,60.0,94.0,1776886840.0
60.0,94.0,60.0,94.0,1776886840.018
60.0,94.0,60.0,94.0,1776886840.05
60.0,94.0,60.0,94.0,1776886840.073
60.0,94.0,60.0,94.0,1776886840.083
48.0,76.0,48.0,76.0,1776886840.496
48.0,76.0,48.0,76.0,1776886840.521
48.0,76.0,48.0,76.0,1776886840.534
40.0,66.0,40.0,66.0,1776886840.56
40.0,66.0,40.0,66.0,1776886840.576
22.0,39.0,22.0,39.0,1776886840.994
22.0,39.0,22.0,39.0,1776886841.02
22.0,39.0,22.0,39.0,1776886841.034
16.0,29.0,16.0,29.0,1776886841.061
16.0,29.0,16.0,29.0,1776886841.074
0.0,1.0,0.0,1.0,1776886841.501
0.0,1.0,0.0,1.0,1776886841.522
0.0,1.0,0.0,1.0,1776886841.536
0.0,1.0,0.0,1.0,1776886841.562
0.0,1.0,0.0,1.0,1776886841.574
0.0,1.0,0.0,1.0,1776886842.0
0.0,1.0,0.0,1.0,1776886842.015
0.0,1.0,0.0,1.0,1776886842.041
0.0,1.0,0.0,1.0,1776886842.055
0.0,1.0,0.0,1.0,1776886842.081
-6.0,3.0,-6.0,3.0,1776886842.515
-6.0,3.0,-6.0,3.0,1776886842.544
-6.0,3.0,-6.0,3.0,1776886842.554
-6.0,3.0,-6.0,3.0,1776886842.58
-9.0,4.0,-9.0,4.0,1776886842.594
9.0,8.0,9.0,8.0,1776886843.014
9.0,8.0,9.0,8.0,1776886843.04
9.0,8.0,9.0,8.0,1776886843.057
9.0,8.0,9.0,8.0,1776886843.074
9.0,8.0,9.0,8.0,1776886843.101
10.0,10.0,10.0,10.0,1776886843.52
10.0,10.0,10.0,10.0,1776886843.538
10.0,10.0,10.0,10.0,1776886843.554
16.0,19.0,16.0,19.0,1776886843.58
16.0,19.0,16.0,19.0,1776886843.594
40.0,45.0,40.0,45.0,1776886844.021
40.0,45.0,40.0,45.0,1776886844.034
40.0,45.0,40.0,45.0,1776886844.062
51.0,51.0,51.0,51.0,1776886844.075
51.0,51.0,51.0,51.0,1776886844.101
61.0,62.0,61.0,62.0,1776886844.514
61.0,62.0,61.0,62.0,1776886844.534
61.0,62.0,61.0,62.0,1776886844.56
61.0,62.0,61.0,62.0,1776886844.576
61.0,62.0,61.0,62.0,1776886844.602
41.0,40.0,41.0,40.0,1776886845.034
41.0,40.0,41.0,40.0,1776886845.06
41.0,40.0,41.0,40.0,1776886845.074
31.0,31.0,31.0,31.0,1776886845.103
31.0,31.0,31.0,31.0,1776886845.114
10.0,10.0,10.0,10.0,1776886845.514
0.0,0.0,0.0,0.0,1776886845.54
0.0,0.0,0.0,0.0,1776886845.554
0.0,0.0,0.0,0.0,1776886845.581
0.0,0.0,0.0,0.0,1776886845.594
23.0,24.0,23.0,24.0,1776886846.016
33.0,34.0,33.0,34.0,1776886846.035
33.0,34.0,33.0,34.0,1776886846.062
33.0,34.0,33.0,34.0,1776886846.079
33.0,34.0,33.0,34.0,1776886846.096
33.0,34.0,33.0,34.0,1776886846.534
33.0,34.0,33.0,34.0,1776886846.56
33.0,34.0,33.0,34.0,1776886846.577
33.0,34.0,33.0,34.0,1776886846.602
33.0,34.0,33.0,34.0,1776886846.614
29.0,-30.0,29.0,-30.0,1776886847.034
29.0,-30.0,29.0,-30.0,1776886847.061
29.0,-30.0,29.0,-30.0,1776886847.074
29.0,-30.0,29.0,-30.0,1776886847.1
29.0,-30.0,29.0,-30.0,1776886847.114
13.0,-3.0,13.0,-3.0,1776886847.54
13.0,-3.0,13.0,-3.0,1776886847.554
13.0,-3.0,13.0,-3.0,1776886847.581
13.0,-3.0,13.0,-3.0,1776886847.594
13.0,-3.0,13.0,-3.0,1776886847.615
19.0,-16.0,19.0,-16.0,1776886848.034
19.0,-16.0,19.0,-16.0,1776886848.055
19.0,-16.0,19.0,-16.0,1776886848.08
19.0,-16.0,19.0,-16.0,1776886848.096
19.0,-16.0,19.0,-16.0,1776886848.122
10.0,-16.0,10.0,-16.0,1776886848.541
8.0,-16.0,8.0,-16.0,1776886848.554
8.0,-16.0,8.0,-16.0,1776886848.58
8.0,-16.0,8.0,-16.0,1776886848.594
8.0,-16.0,8.0,-16.0,1776886848.623
6.0,0.0,6.0,0.0,1776886849.04
6.0,0.0,6.0,0.0,1776886849.058
3.0,0.0,3.0,0.0,1776886849.074
3.0,0.0,3.0,0.0,1776886849.101
3.0,0.0,3.0,0.0,1776886849.114
3.0,0.0,3.0,0.0,1776886849.536
3.0,0.0,3.0,0.0,1776886849.561
3.0,0.0,3.0,0.0,1776886849.574
3.0,0.0,3.0,0.0,1776886849.6
3.0,0.0,3.0,0.0,1776886849.617
3.0,0.0,3.0,0.0,1776886850.034
3.0,0.0,3.0,0.0,1776886850.06
3.0,0.0,3.0,0.0,1776886850.075
3.0,0.0,3.0,0.0,1776886850.099
3.0,0.0,3.0,0.0,1776886850.114
4.0,3.0,4.0,3.0,1776886850.541
4.0,3.0,4.0,3.0,1776886850.554
4.0,3.0,4.0,3.0,1776886850.58
4.0,3.0,4.0,3.0,1776886850.594
4.0,3.0,4.0,3.0,1776886850.614
4.0,3.0,4.0,3.0,1776886851.055
4.0,3.0,4.0,3.0,1776886851.081
4.0,3.0,4.0,3.0,1776886851.094
4.0,3.0,4.0,3.0,1776886851.121
4.0,3.0,4.0,3.0,1776886851.136
4.0,3.0,4.0,3.0,1776886851.536
4.0,3.0,4.0,3.0,1776886851.562
4.0,3.0,4.0,3.0,1776886851.574
4.0,3.0,4.0,3.0,1776886851.6
4.0,3.0,4.0,3.0,1776886851.615
0.0,0.0,0.0,0.0,1776886852.04
0.0,0.0,0.0,0.0,1776886852.054
0.0,0.0,0.0,0.0,1776886852.086
0.0,0.0,0.0,0.0,1776886852.103
0.0,0.0,0.0,0.0,1776886852.114
0.0,0.0,0.0,0.0,1776886852.534
0.0,0.0,0.0,0.0,1776886852.56
0.0,0.0,0.0,0.0,1776886852.576
0.0,0.0,0.0,0.0,1776886852.602
0.0,0.0,0.0,0.0,1776886852.614
0.0,2.0,0.0,2.0,1776886853.062
0.0,2.0,0.0,2.0,1776886853.074
0.0,2.0,0.0,2.0,1776886853.108
0.0,2.0,0.0,2.0,1776886853.119
0.0,2.0,0.0,2.0,1776886853.136
22.0,26.0,22.0,26.0,1776886853.554
22.0,26.0,22.0,26.0,1776886853.581
22.0,26.0,22.0,26.0,1776886853.594
22.0,26.0,22.0,26.0,1776886853.62
22.0,26.0,22.0,26.0,1776886853.634
31.0,33.0,31.0,33.0,1776886854.054
31.0,33.0,31.0,33.0,1776886854.081
31.0,33.0,31.0,33.0,1776886854.098
31.0,33.0,31.0,33.0,1776886854.114
31.0,33.0,31.0,33.0,1776886854.14
31.0,31.0,31.0,31.0,1776886854.56
27.0,25.0,27.0,25.0,1776886854.577
27.0,25.0,27.0,25.0,1776886854.603
27.0,25.0,27.0,25.0,1776886854.614
27.0,25.0,27.0,25.0,1776886854.641
0.0,-1.0,0.0,-1.0,1776886855.06
0.0,-1.0,0.0,-1.0,1776886855.074
0.0,-1.0,0.0,-1.0,1776886855.101
0.0,-1.0,0.0,-1.0,1776886855.114
0.0,-1.0,0.0,-1.0,1776886855.14
0.0,-3.0,0.0,-3.0,1776886855.562
0.0,-3.0,0.0,-3.0,1776886855.574
0.0,-3.0,0.0,-3.0,1776886855.6
0.0,-3.0,0.0,-3.0,1776886855.616
0.0,-3.0,0.0,-3.0,1776886855.641
0.0,-3.0,0.0,-3.0,1776886856.054
0.0,-4.0,0.0,-4.0,1776886856.08
0.0,-4.0,0.0,-4.0,1776886856.095
0.0,-4.0,0.0,-4.0,1776886856.114
0.0,-4.0,0.0,-4.0,1776886856.136
0.0,-32.0,0.0,-32.0,1776886856.577
0.0,-32.0,0.0,-32.0,1776886856.603
0.0,-34.0,0.0,-34.0,1776886856.614
0.0,-34.0,0.0,-34.0,1776886856.642
0.0,-34.0,0.0,-34.0,1776886856.657
0.0,-34.0,0.0,-34.0,1776886857.074
0.0,-34.0,0.0,-34.0,1776886857.1
0.0,-34.0,0.0,-34.0,1776886857.115
0.0,-34.0,0.0,-34.0,1776886857.141
0.0,-34.0,0.0,-34.0,1776886857.155
0.0,-33.0,0.0,-33.0,1776886857.584
0.0,-33.0,0.0,-33.0,1776886857.595
0.0,-33.0,0.0,-33.0,1776886857.621
0.0,-33.0,0.0,-33.0,1776886857.634
0.0,-3.0,0.0,-3.0,1776886857.656
0.0,0.0,0.0,0.0,1776886858.074
0.0,0.0,0.0,0.0,1776886858.1
0.0,0.0,0.0,0.0,1776886858.114
0.0,0.0,0.0,0.0,1776886858.142
0.0,0.0,0.0,0.0,1776886858.163
13.0,7.0,13.0,7.0,1776886858.575
13.0,7.0,13.0,7.0,1776886858.61
13.0,7.0,13.0,7.0,1776886858.621
13.0,7.0,13.0,7.0,1776886858.634
13.0,7.0,13.0,7.0,1776886858.66
45.0,62.0,45.0,62.0,1776886859.074
45.0,62.0,45.0,62.0,1776886859.1
45.0,62.0,45.0,62.0,1776886859.117
45.0,62.0,45.0,62.0,1776886859.143
45.0,62.0,45.0,62.0,1776886859.155
54.0,72.0,54.0,72.0,1776886859.576
54.0,72.0,54.0,72.0,1776886859.602
54.0,72.0,54.0,72.0,1776886859.618
54.0,72.0,54.0,72.0,1776886859.634
54.0,72.0,54.0,72.0,1776886859.661
31.0,54.0,31.0,54.0,1776886860.086
31.0,54.0,31.0,54.0,1776886860.097
31.0,54.0,31.0,54.0,1776886860.123
31.0,54.0,31.0,54.0,1776886860.138
22.0,36.0,22.0,36.0,1776886860.154
0.0,0.0,0.0,0.0,1776886860.58
0.0,0.0,0.0,0.0,1776886860.594
0.0,0.0,0.0,0.0,1776886860.621
0.0,0.0,0.0,0.0,1776886860.634
0.0,0.0,0.0,0.0,1776886860.66
33.0,44.0,33.0,44.0,1776886861.085
45.0,54.0,45.0,54.0,1776886861.096
45.0,54.0,45.0,54.0,1776886861.121
45.0,54.0,45.0,54.0,1776886861.135
45.0,54.0,45.0,54.0,1776886861.175
45.0,54.0,45.0,54.0,1776886861.581
45.0,54.0,45.0,54.0,1776886861.595
45.0,54.0,45.0,54.0,1776886861.622
45.0,54.0,45.0,54.0,1776886861.634
45.0,54.0,45.0,54.0,1776886861.661
43.0,-47.0,43.0,-47.0,1776886862.096
33.0,-34.0,33.0,-34.0,1776886862.129
33.0,-34.0,33.0,-34.0,1776886862.153
33.0,-34.0,33.0,-34.0,1776886862.164
33.0,-34.0,33.0,-34.0,1776886862.175
19.0,-24.0,19.0,-24.0,1776886862.602
25.0,-28.0,25.0,-28.0,1776886862.614
25.0,-28.0,25.0,-28.0,1776886862.643
25.0,-28.0,25.0,-28.0,1776886862.654
25.0,-28.0,25.0,-28.0,1776886862.681
39.0,-42.0,39.0,-42.0,1776886863.097
42.0,-50.0,42.0,-50.0,1776886863.123
42.0,-50.0,42.0,-50.0,1776886863.135
42.0,-50.0,42.0,-50.0,1776886863.161
42.0,-50.0,42.0,-50.0,1776886863.175
32.0,-37.0,32.0,-37.0,1776886863.596
32.0,-37.0,32.0,-37.0,1776886863.622
32.0,-37.0,32.0,-37.0,1776886863.634
27.0,-30.0,27.0,-30.0,1776886863.662
27.0,-30.0,27.0,-30.0,1776886863.674
11.0,-13.0,11.0,-13.0,1776886864.1
11.0,-13.0,11.0,-13.0,1776886864.115
11.0,-13.0,11.0,-13.0,1776886864.142
6.0,-9.0,6.0,-9.0,1776886864.155
6.0,-9.0,6.0,-9.0,1776886864.18
7.0,0.0,7.0,0.0,1776886864.603
7.0,0.0,7.0,0.0,1776886864.614
7.0,0.0,7.0,0.0,1776886864.64
7.0,0.0,7.0,0.0,1776886864.655
7.0,0.0,7.0,0.0,1776886864.681
7.0,0.0,7.0,0.0,1776886865.114
7.0,0.0,7.0,0.0,1776886865.14
7.0,0.0,7.0,0.0,1776886865.156
7.0,0.0,7.0,0.0,1776886865.182
7.0,0.0,7.0,0.0,1776886865.197
7.0,0.0,7.0,0.0,1776886865.615
7.0,0.0,7.0,0.0,1776886865.641
7.0,0.0,7.0,0.0,1776886865.655
7.0,0.0,7.0,0.0,1776886865.681
7.0,0.0,7.0,0.0,1776886865.698
-1.0,2.0,-1.0,2.0,1776886866.115
-1.0,2.0,-1.0,2.0,1776886866.135
-1.0,2.0,-1.0,2.0,1776886866.161
-1.0,2.0,-1.0,2.0,1776886866.176
-1.0,2.0,-1.0,2.0,1776886866.195
-1.0,2.0,-1.0,2.0,1776886866.615
-1.0,2.0,-1.0,2.0,1776886866.641
-1.0,2.0,-1.0,2.0,1776886866.655
-1.0,2.0,-1.0,2.0,1776886866.681
-1.0,2.0,-1.0,2.0,1776886866.695
-1.0,2.0,-1.0,2.0,1776886867.12
-1.0,2.0,-1.0,2.0,1776886867.135
-1.0,2.0,-1.0,2.0,1776886867.161
-1.0,2.0,-1.0,2.0,1776886867.175
-1.0,2.0,-1.0,2.0,1776886867.203
0.0,0.0,0.0,0.0,1776886867.623
0.0,0.0,0.0,0.0,1776886867.635
0.0,0.0,0.0,0.0,1776886867.661
0.0,0.0,0.0,0.0,1776886867.675
0.0,0.0,0.0,0.0,1776886867.698
0.0,0.0,0.0,0.0,1776886868.115
0.0,0.0,0.0,0.0,1776886868.143
-1.0,0.0,-1.0,0.0,1776886868.155
-1.0,0.0,-1.0,0.0,1776886868.181
-1.0,0.0,-1.0,0.0,1776886868.195
-4.0,1.0,-4.0,1.0,1776886868.622
-4.0,1.0,-4.0,1.0,1776886868.635
-4.0,1.0,-4.0,1.0,1776886868.661
-4.0,1.0,-4.0,1.0,1776886868.675
-4.0,1.0,-4.0,1.0,1776886868.701
31.0,18.0,31.0,18.0,1776886869.12
31.0,18.0,31.0,18.0,1776886869.136
31.0,18.0,31.0,18.0,1776886869.162
31.0,18.0,31.0,18.0,1776886869.175
31.0,18.0,31.0,18.0,1776886869.2
73.0,43.0,73.0,43.0,1776886869.62
73.0,43.0,73.0,43.0,1776886869.635
73.0,43.0,73.0,43.0,1776886869.655
73.0,43.0,73.0,43.0,1776886869.68
73.0,43.0,73.0,43.0,1776886869.697
67.0,40.0,67.0,40.0,1776886870.115
67.0,40.0,67.0,40.0,1776886870.141
67.0,40.0,67.0,40.0,1776886870.155
67.0,40.0,67.0,40.0,1776886870.181
67.0,40.0,67.0,40.0,1776886870.195
16.0,17.0,16.0,17.0,1776886870.615
16.0,17.0,16.0,17.0,1776886870.641
16.0,17.0,16.0,17.0,1776886870.656
16.0,17.0,16.0,17.0,1776886870.682
16.0,17.0,16.0,17.0,1776886870.695
0.0,0.0,0.0,0.0,1776886871.115
0.0,0.0,0.0,0.0,1776886871.14
0.0,0.0,0.0,0.0,1776886871.155
0.0,0.0,0.0,0.0,1776886871.181
0.0,0.0,0.0,0.0,1776886871.199
-3.0,-3.0,-3.0,-3.0,1776886871.616
-7.0,-8.0,-7.0,-8.0,1776886871.643
-7.0,-8.0,-7.0,-8.0,1776886871.655
-7.0,-8.0,-7.0,-8.0,1776886871.681
-7.0,-8.0,-7.0,-8.0,1776886871.696
-28.0,-30.0,-28.0,-30.0,1776886872.141
-28.0,-30.0,-28.0,-30.0,1776886872.156
-28.0,-30.0,-28.0,-30.0,1776886872.176
-35.0,-39.0,-35.0,-39.0,1776886872.201
-35.0,-39.0,-35.0,-39.0,1776886872.215
-54.0,-67.0,-54.0,-67.0,1776886872.615
-54.0,-67.0,-54.0,-67.0,1776886872.64
-54.0,-67.0,-54.0,-67.0,1776886872.655
-54.0,-67.0,-54.0,-67.0,1776886872.682
-61.0,-76.0,-61.0,-76.0,1776886872.695
-53.0,-72.0,-53.0,-72.0,1776886873.121
-53.0,-72.0,-53.0,-72.0,1776886873.143
-53.0,-72.0,-53.0,-72.0,1776886873.155
-53.0,-72.0,-53.0,-72.0,1776886873.181
46.0,-65.0,46.0,-65.0,1776886873.197
26.0,41.0,26.0,41.0,1776886873.635
26.0,41.0,26.0,41.0,1776886873.661
26.0,41.0,26.0,41.0,1776886873.675
26.0,41.0,26.0,41.0,1776886873.701
26.0,41.0,26.0,41.0,1776886873.718
17.0,22.0,17.0,22.0,1776886874.135
17.0,22.0,17.0,22.0,1776886874.162
19.0,17.0,19.0,17.0,1776886874.176
19.0,17.0,19.0,17.0,1776886874.201
19.0,17.0,19.0,17.0,1776886874.215
42.0,35.0,42.0,35.0,1776886874.635
42.0,35.0,42.0,35.0,1776886874.661
51.0,41.0,51.0,41.0,1776886874.675
51.0,41.0,51.0,41.0,1776886874.701
51.0,41.0,51.0,41.0,1776886874.715
61.0,45.0,61.0,45.0,1776886875.136
61.0,45.0,61.0,45.0,1776886875.163
61.0,45.0,61.0,45.0,1776886875.18
57.0,41.0,57.0,41.0,1776886875.195
57.0,41.0,57.0,41.0,1776886875.22
35.0,23.0,35.0,23.0,1776886875.635
35.0,23.0,35.0,23.0,1776886875.661
35.0,23.0,35.0,23.0,1776886875.675
27.0,17.0,27.0,17.0,1776886875.704
27.0,17.0,27.0,17.0,1776886875.715
0.0,0.0,0.0,0.0,1776886876.135
0.0,0.0,0.0,0.0,1776886876.161
0.0,0.0,0.0,0.0,1776886876.176
0.0,0.0,0.0,0.0,1776886876.202
0.0,0.0,0.0,0.0,1776886876.218
11.0,13.0,11.0,13.0,1776886876.643
11.0,13.0,11.0,13.0,1776886876.658
11.0,13.0,11.0,13.0,1776886876.675
11.0,13.0,11.0,13.0,1776886876.701
11.0,13.0,11.0,13.0,1776886876.722
43.0,52.0,43.0,52.0,1776886877.143
43.0,52.0,43.0,52.0,1776886877.155
43.0,52.0,43.0,52.0,1776886877.175
43.0,52.0,43.0,52.0,1776886877.201
43.0,52.0,43.0,52.0,1776886877.216
69.0,73.0,69.0,73.0,1776886877.635
69.0,73.0,69.0,73.0,1776886877.661
69.0,73.0,69.0,73.0,1776886877.676
69.0,73.0,69.0,73.0,1776886877.702
69.0,73.0,69.0,73.0,1776886877.715
38.0,40.0,38.0,40.0,1776886878.161
38.0,40.0,38.0,40.0,1776886878.177
38.0,40.0,38.0,40.0,1776886878.195
38.0,40.0,38.0,40.0,1776886878.222
38.0,40.0,38.0,40.0,1776886878.235
21.0,14.0,21.0,14.0,1776886878.656
21.0,14.0,21.0,14.0,1776886878.681
16.0,12.0,16.0,12.0,1776886878.695
16.0,12.0,16.0,12.0,1776886878.723
16.0,12.0,16.0,12.0,1776886878.736
39.0,27.0,39.0,27.0,1776886879.155
39.0,27.0,39.0,27.0,1776886879.181
39.0,27.0,39.0,27.0,1776886879.199
43.0,30.0,43.0,30.0,1776886879.218
43.0,30.0,43.0,30.0,1776886879.235
61.0,49.0,61.0,49.0,1776886879.655
61.0,49.0,61.0,49.0,1776886879.682
61.0,49.0,61.0,49.0,1776886879.696
61.0,49.0,61.0,49.0,1776886879.722
72.0,51.0,72.0,51.0,1776886879.735
84.0,58.0,84.0,58.0,1776886880.155
84.0,58.0,84.0,58.0,1776886880.175
84.0,58.0,84.0,58.0,1776886880.201
84.0,58.0,84.0,58.0,1776886880.216
84.0,58.0,84.0,58.0,1776886880.241
76.0,44.0,76.0,44.0,1776886880.656
76.0,44.0,76.0,44.0,1776886880.682
76.0,44.0,76.0,44.0,1776886880.695
76.0,44.0,76.0,44.0,1776886880.721
76.0,44.0,76.0,44.0,1776886880.736
-83.0,-61.0,-83.0,-61.0,1776886881.155
-83.0,-61.0,-83.0,-61.0,1776886881.182
-83.0,-61.0,-83.0,-61.0,1776886881.206
-83.0,-61.0,-83.0,-61.0,1776886881.218
-83.0,-61.0,-83.0,-61.0,1776886881.244
-98.0,-91.0,-98.0,-91.0,1776886881.655
-98.0,-91.0,-98.0,-91.0,1776886881.681
-98.0,-91.0,-98.0,-91.0,1776886881.695
-98.0,-91.0,-98.0,-91.0,1776886881.721
-98.0,-91.0,-98.0,-91.0,1776886881.735
-128.0,-127.0,-128.0,-127.0,1776886882.157
-128.0,-127.0,-128.0,-127.0,1776886882.183
-121.0,-121.0,-121.0,-121.0,1776886882.195
-121.0,-121.0,-121.0,-121.0,1776886882.222
-121.0,-121.0,-121.0,-121.0,1776886882.235
-76.0,-75.0,-76.0,-75.0,1776886882.658
-76.0,-75.0,-76.0,-75.0,1776886882.683
-76.0,-75.0,-76.0,-75.0,1776886882.695
-76.0,-75.0,-76.0,-75.0,1776886882.721
-60.0,-61.0,-60.0,-61.0,1776886882.736
23.0,23.0,23.0,23.0,1776886883.162
23.0,23.0,23.0,23.0,1776886883.175
23.0,23.0,23.0,23.0,1776886883.201
23.0,23.0,23.0,23.0,1776886883.218
23.0,23.0,23.0,23.0,1776886883.235
32.0,30.0,32.0,30.0,1776886883.683
32.0,30.0,32.0,30.0,1776886883.697
32.0,30.0,32.0,30.0,1776886883.723
32.0,30.0,32.0,30.0,1776886883.735
32.0,30.0,32.0,30.0,1776886883.765
63.0,60.0,63.0,60.0,1776886884.176
75.0,71.0,75.0,71.0,1776886884.207
75.0,71.0,75.0,71.0,1776886884.218
75.0,71.0,75.0,71.0,1776886884.243
75.0,71.0,75.0,71.0,1776886884.257
103.0,102.0,103.0,102.0,1776886884.675
106.0,104.0,106.0,104.0,1776886884.701
106.0,104.0,106.0,104.0,1776886884.717
106.0,104.0,106.0,104.0,1776886884.742
106.0,104.0,106.0,104.0,1776886884.755
111.0,99.0,111.0,99.0,1776886885.195
111.0,99.0,111.0,99.0,1776886885.221
111.0,99.0,111.0,99.0,1776886885.235
111.0,99.0,111.0,99.0,1776886885.263
111.0,99.0,111.0,99.0,1776886885.275
111.0,93.0,111.0,93.0,1776886885.684
111.0,93.0,111.0,93.0,1776886885.697
111.0,93.0,111.0,93.0,1776886885.722
109.0,84.0,109.0,84.0,1776886885.735
109.0,84.0,109.0,84.0,1776886885.761
97.0,76.0,97.0,76.0,1776886886.195
97.0,76.0,97.0,76.0,1776886886.222
97.0,76.0,97.0,76.0,1776886886.235
97.0,76.0,97.0,76.0,1776886886.264
97.0,76.0,97.0,76.0,1776886886.275
76.0,63.0,76.0,63.0,1776886886.695
76.0,63.0,76.0,63.0,1776886886.721
76.0,63.0,76.0,63.0,1776886886.735
76.0,63.0,76.0,63.0,1776886886.761
76.0,63.0,76.0,63.0,1776886886.775
73.0,66.0,73.0,66.0,1776886887.195
75.0,62.0,75.0,62.0,1776886887.216
75.0,62.0,75.0,62.0,1776886887.242
75.0,62.0,75.0,62.0,1776886887.261
75.0,62.0,75.0,62.0,1776886887.279
79.0,69.0,79.0,69.0,1776886887.695
79.0,69.0,79.0,69.0,1776886887.723
76.0,67.0,76.0,67.0,1776886887.735
76.0,67.0,76.0,67.0,1776886887.761
76.0,67.0,76.0,67.0,1776886887.777
87.0,68.0,87.0,68.0,1776886888.195
87.0,68.0,87.0,68.0,1776886888.222
87.0,68.0,87.0,68.0,1776886888.245
87.0,68.0,87.0,68.0,1776886888.258
87.0,68.0,87.0,68.0,1776886888.283
84.0,68.0,84.0,68.0,1776886888.695
82.0,64.0,82.0,64.0,1776886888.722
82.0,64.0,82.0,64.0,1776886888.736
82.0,64.0,82.0,64.0,1776886888.755
82.0,64.0,82.0,64.0,1776886888.781
73.0,39.0,73.0,39.0,1776886889.215
73.0,39.0,73.0,39.0,1776886889.242
73.0,39.0,73.0,39.0,1776886889.255
73.0,39.0,73.0,39.0,1776886889.283
73.0,39.0,73.0,39.0,1776886889.296
-61.0,-42.0,-61.0,-42.0,1776886889.701
-61.0,-42.0,-61.0,-42.0,1776886889.715
-61.0,-42.0,-61.0,-42.0,1776886889.742
-75.0,-54.0,-75.0,-54.0,1776886889.759
-75.0,-54.0,-75.0,-54.0,1776886889.776
-90.0,-80.0,-90.0,-80.0,1776886890.215
-90.0,-80.0,-90.0,-80.0,1776886890.241
-90.0,-80.0,-90.0,-80.0,1776886890.258
-97.0,-89.0,-97.0,-89.0,1776886890.275
-97.0,-89.0,-97.0,-89.0,1776886890.296
-121.0,-125.0,-121.0,-125.0,1776886890.719
-121.0,-125.0,-121.0,-125.0,1776886890.746
-121.0,-125.0,-121.0,-125.0,1776886890.756
-121.0,-125.0,-121.0,-125.0,1776886890.782
-129.0,-133.0,-129.0,-133.0,1776886890.796
-105.0,-108.0,-105.0,-108.0,1776886891.215
-105.0,-108.0,-105.0,-108.0,1776886891.241
-105.0,-108.0,-105.0,-108.0,1776886891.255
-105.0,-108.0,-105.0,-108.0,1776886891.282
-105.0,-108.0,-105.0,-108.0,1776886891.296
57.0,-59.0,57.0,-59.0,1776886891.715
57.0,-59.0,57.0,-59.0,1776886891.743
57.0,-59.0,57.0,-59.0,1776886891.763
57.0,-59.0,57.0,-59.0,1776886891.776
57.0,-59.0,57.0,-59.0,1776886891.802
13.0,-14.0,13.0,-14.0,1776886892.221
13.0,-14.0,13.0,-14.0,1776886892.235
13.0,-14.0,13.0,-14.0,1776886892.261
13.0,-14.0,13.0,-14.0,1776886892.275
13.0,-14.0,13.0,-14.0,1776886892.302
3.0,3.0,3.0,3.0,1776886892.715
3.0,3.0,3.0,3.0,1776886892.736
3.0,1.0,3.0,1.0,1776886892.762
3.0,1.0,3.0,1.0,1776886892.775
3.0,1.0,3.0,1.0,1776886892.801
4.0,1.0,4.0,1.0,1776886893.216
4.0,1.0,4.0,1.0,1776886893.245
4.0,1.0,4.0,1.0,1776886893.256
4.0,2.0,4.0,2.0,1776886893.282
4.0,2.0,4.0,2.0,1776886893.297
55.0,15.0,55.0,15.0,1776886893.722
66.0,26.0,66.0,26.0,1776886893.735
66.0,26.0,66.0,26.0,1776886893.761
66.0,26.0,66.0,26.0,1776886893.781
66.0,26.0,66.0,26.0,1776886893.795
91.0,51.0,91.0,51.0,1776886894.215
91.0,51.0,91.0,51.0,1776886894.242
91.0,51.0,91.0,51.0,1776886894.256
91.0,51.0,91.0,51.0,1776886894.282
100.0,59.0,100.0,59.0,1776886894.295
81.0,-59.0,81.0,-59.0,1776886894.721
81.0,-59.0,81.0,-59.0,1776886894.736
81.0,-59.0,81.0,-59.0,1776886894.762
73.0,-55.0,73.0,-55.0,1776886894.776
73.0,-55.0,73.0,-55.0,1776886894.802
43.0,-25.0,43.0,-25.0,1776886895.215
43.0,-25.0,43.0,-25.0,1776886895.242
43.0,-25.0,43.0,-25.0,1776886895.255
43.0,-25.0,43.0,-25.0,1776886895.279
43.0,-25.0,43.0,-25.0,1776886895.296
16.0,-9.0,16.0,-9.0,1776886895.716
16.0,-9.0,16.0,-9.0,1776886895.744
16.0,-9.0,16.0,-9.0,1776886895.755
16.0,-12.0,16.0,-12.0,1776886895.781
16.0,-12.0,16.0,-12.0,1776886895.795
4.0,-15.0,4.0,-15.0,1776886896.241
4.0,-15.0,4.0,-15.0,1776886896.256
4.0,-15.0,4.0,-15.0,1776886896.283
6.0,-19.0,6.0,-19.0,1776886896.295
6.0,-19.0,6.0,-19.0,1776886896.321
10.0,19.0,10.0,19.0,1776886896.736
10.0,19.0,10.0,19.0,1776886896.756
10.0,19.0,10.0,19.0,1776886896.782
10.0,19.0,10.0,19.0,1776886896.799
10.0,19.0,10.0,19.0,1776886896.816
14.0,19.0,14.0,19.0,1776886897.243
14.0,19.0,14.0,19.0,1776886897.255
14.0,19.0,14.0,19.0,1776886897.281
14.0,19.0,14.0,19.0,1776886897.296
14.0,19.0,14.0,19.0,1776886897.323
49.0,50.0,49.0,50.0,1776886897.744
49.0,50.0,49.0,50.0,1776886897.759
49.0,50.0,49.0,50.0,1776886897.775
49.0,50.0,49.0,50.0,1776886897.801
49.0,50.0,49.0,50.0,1776886897.815
82.0,81.0,82.0,81.0,1776886898.241
82.0,81.0,82.0,81.0,1776886898.257
93.0,93.0,93.0,93.0,1776886898.275
93.0,93.0,93.0,93.0,1776886898.304
93.0,93.0,93.0,93.0,1776886898.319
103.0,102.0,103.0,102.0,1776886898.737
103.0,102.0,103.0,102.0,1776886898.763
103.0,102.0,103.0,102.0,1776886898.775
103.0,102.0,103.0,102.0,1776886898.801
103.0,102.0,103.0,102.0,1776886898.816
100.0,93.0,100.0,93.0,1776886899.242
100.0,93.0,100.0,93.0,1776886899.255
100.0,93.0,100.0,93.0,1776886899.281
99.0,89.0,99.0,89.0,1776886899.298
99.0,89.0,99.0,89.0,1776886899.324
96.0,75.0,96.0,75.0,1776886899.735
96.0,75.0,96.0,75.0,1776886899.762
96.0,75.0,96.0,75.0,1776886899.776
96.0,75.0,96.0,75.0,1776886899.802
96.0,75.0,96.0,75.0,1776886899.815
99.0,70.0,99.0,70.0,1776886900.242
99.0,70.0,99.0,70.0,1776886900.256
101.0,73.0,101.0,73.0,1776886900.281
101.0,73.0,101.0,73.0,1776886900.295
101.0,73.0,101.0,73.0,1776886900.322
107.0,86.0,107.0,86.0,1776886900.736
107.0,86.0,107.0,86.0,1776886900.762
108.0,90.0,108.0,90.0,1776886900.775
108.0,90.0,108.0,90.0,1776886900.801
108.0,90.0,108.0,90.0,1776886900.816
109.0,100.0,109.0,100.0,1776886901.261
109.0,100.0,109.0,100.0,1776886901.276
108.0,102.0,108.0,102.0,1776886901.298
108.0,102.0,108.0,102.0,1776886901.324
108.0,102.0,108.0,102.0,1776886901.335
98.0,96.0,98.0,96.0,1776886901.761
98.0,96.0,98.0,96.0,1776886901.779
98.0,96.0,98.0,96.0,1776886901.795
98.0,96.0,98.0,96.0,1776886901.821
94.0,93.0,94.0,93.0,1776886901.836
81.0,89.0,81.0,89.0,1776886902.256
81.0,89.0,81.0,89.0,1776886902.281
81.0,89.0,81.0,89.0,1776886902.295
81.0,89.0,81.0,89.0,1776886902.323
81.0,89.0,81.0,89.0,1776886902.338
69.0,89.0,69.0,89.0,1776886902.738
67.0,91.0,67.0,91.0,1776886902.758
67.0,91.0,67.0,91.0,1776886902.775
67.0,91.0,67.0,91.0,1776886902.803
67.0,91.0,67.0,91.0,1776886902.816
60.0,93.0,60.0,93.0,1776886903.261
60.0,93.0,60.0,93.0,1776886903.282
60.0,93.0,60.0,93.0,1776886903.297
58.0,93.0,58.0,93.0,1776886903.322
58.0,93.0,58.0,93.0,1776886903.336
57.0,96.0,57.0,96.0,1776886903.761
57.0,96.0,57.0,96.0,1776886903.778
57.0,96.0,57.0,96.0,1776886903.795
57.0,96.0,57.0,96.0,1776886903.821
57.0,96.0,57.0,96.0,1776886903.836
56.0,97.0,56.0,97.0,1776886904.257
56.0,97.0,56.0,97.0,1776886904.282
56.0,97.0,56.0,97.0,1776886904.295
56.0,97.0,56.0,97.0,1776886904.321
56.0,97.0,56.0,97.0,1776886904.337
57.0,100.0,57.0,100.0,1776886904.756
57.0,100.0,57.0,100.0,1776886904.781
57.0,100.0,57.0,100.0,1776886904.799
57.0,100.0,57.0,100.0,1776886904.817
57.0,100.0,57.0,100.0,1776886904.843
61.0,103.0,61.0,103.0,1776886905.256
61.0,103.0,61.0,103.0,1776886905.282
61.0,103.0,61.0,103.0,1776886905.296
61.0,103.0,61.0,103.0,1776886905.322
61.0,103.0,61.0,103.0,1776886905.336
73.0,104.0,73.0,104.0,1776886905.756
73.0,104.0,73.0,104.0,1776886905.782
73.0,104.0,73.0,104.0,1776886905.795
73.0,104.0,73.0,104.0,1776886905.822
73.0,104.0,73.0,104.0,1776886905.838
85.0,104.0,85.0,104.0,1776886906.256
85.0,104.0,85.0,104.0,1776886906.282
88.0,102.0,88.0,102.0,1776886906.297
88.0,102.0,88.0,102.0,1776886906.323
88.0,102.0,88.0,102.0,1776886906.336
94.0,96.0,94.0,96.0,1776886906.756
94.0,96.0,94.0,96.0,1776886906.781
94.0,96.0,94.0,96.0,1776886906.8
94.0,96.0,94.0,96.0,1776886906.816
95.0,93.0,95.0,93.0,1776886906.843
73.0,65.0,73.0,65.0,1776886907.256
73.0,65.0,73.0,65.0,1776886907.283
73.0,65.0,73.0,65.0,1776886907.302
73.0,65.0,73.0,65.0,1776886907.316
73.0,65.0,73.0,65.0,1776886907.341
-36.0,28.0,-36.0,28.0,1776886907.761
-36.0,28.0,-36.0,28.0,1776886907.776
-36.0,28.0,-36.0,28.0,1776886907.802
-36.0,28.0,-36.0,28.0,1776886907.816
-36.0,28.0,-36.0,28.0,1776886907.842
-1.0,0.0,-1.0,0.0,1776886908.256
-1.0,0.0,-1.0,0.0,1776886908.281
-1.0,0.0,-1.0,0.0,1776886908.296
-1.0,0.0,-1.0,0.0,1776886908.322
-1.0,0.0,-1.0,0.0,1776886908.336
4.0,4.0,4.0,4.0,1776886908.762
4.0,4.0,4.0,4.0,1776886908.776
4.0,4.0,4.0,4.0,1776886908.801
4.0,4.0,4.0,4.0,1776886908.817
4.0,4.0,4.0,4.0,1776886908.843
42.0,43.0,42.0,43.0,1776886909.256
42.0,43.0,42.0,43.0,1776886909.283
42.0,43.0,42.0,43.0,1776886909.298
42.0,43.0,42.0,43.0,1776886909.325
42.0,43.0,42.0,43.0,1776886909.336
-60.0,61.0,-60.0,61.0,1776886910.282
-60.0,61.0,-60.0,61.0,1776886910.296
-51.0,51.0,-51.0,51.0,1776886910.322
-51.0,51.0,-51.0,51.0,1776886910.336
-51.0,51.0,-51.0,51.0,1776886910.361
-21.0,22.0,-21.0,22.0,1776886910.776
-21.0,22.0,-21.0,22.0,1776886910.801
-21.0,22.0,-21.0,22.0,1776886910.816
-21.0,22.0,-21.0,22.0,1776886910.841
-21.0,22.0,-21.0,22.0,1776886910.856
4.0,5.0,4.0,5.0,1776886911.279
4.0,5.0,4.0,5.0,1776886911.296
4.0,5.0,4.0,5.0,1776886911.322
4.0,5.0,4.0,5.0,1776886911.336
4.0,5.0,4.0,5.0,1776886911.361
17.0,18.0,17.0,18.0,1776886911.778
17.0,18.0,17.0,18.0,1776886911.796
17.0,18.0,17.0,18.0,1776886911.821
17.0,18.0,17.0,18.0,1776886911.839
17.0,18.0,17.0,18.0,1776886911.858
42.0,41.0,42.0,41.0,1776886912.279
42.0,41.0,42.0,41.0,1776886912.296
50.0,48.0,50.0,48.0,1776886912.322
50.0,48.0,50.0,48.0,1776886912.336
50.0,48.0,50.0,48.0,1776886912.362
-61.0,60.0,-61.0,60.0,1776886912.782
-61.0,60.0,-61.0,60.0,1776886912.802
-61.0,60.0,-61.0,60.0,1776886912.817
-61.0,60.0,-61.0,60.0,1776886912.843
-61.0,60.0,-61.0,60.0,1776886912.856
-38.0,42.0,-38.0,42.0,1776886913.302
-38.0,42.0,-38.0,42.0,1776886913.316
-27.0,33.0,-27.0,33.0,1776886913.336
-27.0,33.0,-27.0,33.0,1776886913.362
-27.0,33.0,-27.0,33.0,1776886913.376
-2.0,7.0,-2.0,7.0,1776886913.785
-2.0,7.0,-2.0,7.0,1776886913.796
-2.0,7.0,-2.0,7.0,1776886913.823
-2.0,7.0,-2.0,7.0,1776886913.839
-2.0,7.0,-2.0,7.0,1776886913.857
-7.0,9.0,-7.0,9.0,1776886914.302
-7.0,9.0,-7.0,9.0,1776886914.319
-7.0,9.0,-7.0,9.0,1776886914.337
-7.0,9.0,-7.0,9.0,1776886914.356
-7.0,9.0,-7.0,9.0,1776886914.382
-16.0,15.0,-16.0,15.0,1776886914.802
-16.0,15.0,-16.0,15.0,1776886914.816
-16.0,15.0,-16.0,15.0,1776886914.842
-16.0,15.0,-16.0,15.0,1776886914.856
-16.0,15.0,-16.0,15.0,1776886914.882
-21.0,10.0,-21.0,10.0,1776886915.296
-21.0,10.0,-21.0,10.0,1776886915.322
-21.0,10.0,-21.0,10.0,1776886915.336
-21.0,7.0,-21.0,7.0,1776886915.362
-21.0,7.0,-21.0,7.0,1776886915.38
-20.0,13.0,-20.0,13.0,1776886915.796
-20.0,13.0,-20.0,13.0,1776886915.822
-20.0,13.0,-20.0,13.0,1776886915.836
-20.0,13.0,-20.0,13.0,1776886915.862
-20.0,18.0,-20.0,18.0,1776886915.876
-16.0,12.0,-16.0,12.0,1776886916.302
-16.0,12.0,-16.0,12.0,1776886916.316
-16.0,12.0,-16.0,12.0,1776886916.336
-16.0,12.0,-16.0,12.0,1776886916.362
-16.0,12.0,-16.0,12.0,1776886916.376
-12.0,11.0,-12.0,11.0,1776886916.802
-12.0,11.0,-12.0,11.0,1776886916.82
-12.0,11.0,-12.0,11.0,1776886916.836
-12.0,11.0,-12.0,11.0,1776886916.862
-12.0,11.0,-12.0,11.0,1776886916.876
5.0,0.0,5.0,0.0,1776886917.301
5.0,0.0,5.0,0.0,1776886917.316
5.0,0.0,5.0,0.0,1776886917.341
4.0,1.0,4.0,1.0,1776886917.36
4.0,1.0,4.0,1.0,1776886917.376
27.0,24.0,27.0,24.0,1776886917.802
27.0,24.0,27.0,24.0,1776886917.816
27.0,24.0,27.0,24.0,1776886917.842
27.0,24.0,27.0,24.0,1776886917.857
27.0,24.0,27.0,24.0,1776886917.876
-27.0,24.0,-27.0,24.0,1776886918.296
-27.0,24.0,-27.0,24.0,1776886918.323
-27.0,24.0,-27.0,24.0,1776886918.337
-27.0,24.0,-27.0,24.0,1776886918.363
-27.0,24.0,-27.0,24.0,1776886918.376
-33.0,27.0,-33.0,27.0,1776886918.816
-33.0,27.0,-33.0,27.0,1776886918.842
-33.0,27.0,-33.0,27.0,1776886918.856
-33.0,27.0,-33.0,27.0,1776886918.882
-33.0,27.0,-33.0,27.0,1776886918.896
-15.0,3.0,-15.0,3.0,1776886919.328
-15.0,3.0,-15.0,3.0,1776886919.34
-16.0,9.0,-16.0,9.0,1776886919.359
-16.0,9.0,-16.0,9.0,1776886919.376
-16.0,9.0,-16.0,9.0,1776886919.402
18.0,10.0,18.0,10.0,1776886919.816
18.0,10.0,18.0,10.0,1776886919.842
16.0,10.0,16.0,10.0,1776886919.856
16.0,10.0,16.0,10.0,1776886919.882
16.0,10.0,16.0,10.0,1776886919.896
37.0,36.0,37.0,36.0,1776886920.323
37.0,36.0,37.0,36.0,1776886920.336
44.0,48.0,44.0,48.0,1776886920.362
44.0,48.0,44.0,48.0,1776886920.376
44.0,48.0,44.0,48.0,1776886920.402
75.0,78.0,75.0,78.0,1776886920.822
75.0,78.0,75.0,78.0,1776886920.836
75.0,78.0,75.0,78.0,1776886920.862
82.0,93.0,82.0,93.0,1776886920.879
82.0,93.0,82.0,93.0,1776886920.896
76.0,-87.0,76.0,-87.0,1776886921.316
76.0,-87.0,76.0,-87.0,1776886921.342
76.0,-87.0,76.0,-87.0,1776886921.359
76.0,-87.0,76.0,-87.0,1776886921.376
76.0,-87.0,76.0,-87.0,1776886921.396
13.0,-27.0,13.0,-27.0,1776886922.316
13.0,-27.0,13.0,-27.0,1776886922.343
13.0,-27.0,13.0,-27.0,1776886922.356
11.0,-35.0,11.0,-35.0,1776886922.382
11.0,-35.0,11.0,-35.0,1776886922.396
11.0,-40.0,11.0,-40.0,1776886922.818
11.0,-40.0,11.0,-40.0,1776886922.845
11.0,-40.0,11.0,-40.0,1776886922.856
11.0,-40.0,11.0,-40.0,1776886922.882
11.0,-39.0,11.0,-39.0,1776886922.896
1.0,-28.0,1.0,-28.0,1776886923.336
1.0,-28.0,1.0,-28.0,1776886923.362
1.0,-28.0,1.0,-28.0,1776886923.376
1.0,-22.0,1.0,-22.0,1776886923.402
1.0,-22.0,1.0,-22.0,1776886923.416
-6.0,4.0,-6.0,4.0,1776886923.823
-6.0,4.0,-6.0,4.0,1776886923.839
-6.0,4.0,-6.0,4.0,1776886923.856
-6.0,4.0,-6.0,4.0,1776886923.882
-6.0,4.0,-6.0,4.0,1776886923.896
-10.0,0.0,-10.0,0.0,1776886924.344
-12.0,0.0,-12.0,0.0,1776886924.356
-12.0,0.0,-12.0,0.0,1776886924.383
-12.0,0.0,-12.0,0.0,1776886924.399
-12.0,0.0,-12.0,0.0,1776886924.416
16.0,0.0,16.0,0.0,1776886924.817
16.0,0.0,16.0,0.0,1776886924.852
16.0,0.0,16.0,0.0,1776886924.863
16.0,0.0,16.0,0.0,1776886924.879
19.0,4.0,19.0,4.0,1776886924.896
21.0,24.0,21.0,24.0,1776886925.842
21.0,24.0,21.0,24.0,1776886925.869
21.0,24.0,21.0,24.0,1776886925.879
21.0,24.0,21.0,24.0,1776886925.896
21.0,24.0,21.0,24.0,1776886925.922
13.0,19.0,13.0,19.0,1776886926.336
13.0,19.0,13.0,19.0,1776886926.362
13.0,19.0,13.0,19.0,1776886926.376
11.0,15.0,11.0,15.0,1776886926.402
11.0,15.0,11.0,15.0,1776886926.418
0.0,0.0,0.0,0.0,1776886926.836
0.0,0.0,0.0,0.0,1776886926.862
0.0,0.0,0.0,0.0,1776886926.884
0.0,0.0,0.0,0.0,1776886926.897
0.0,0.0,0.0,0.0,1776886926.922
0.0,0.0,0.0,0.0,1776886927.336
0.0,0.0,0.0,0.0,1776886927.362
0.0,0.0,0.0,0.0,1776886927.376
0.0,0.0,0.0,0.0,1776886927.402
0.0,0.0,0.0,0.0,1776886927.424
0.0,0.0,0.0,0.0,1776886927.842
0.0,0.0,0.0,0.0,1776886927.857
0.0,0.0,0.0,0.0,1776886927.883
0.0,0.0,0.0,0.0,1776886927.896
0.0,0.0,0.0,0.0,1776886927.924
28.0,0.0,28.0,0.0,1776886928.336
28.0,0.0,28.0,0.0,1776886928.362
28.0,0.0,28.0,0.0,1776886928.376
28.0,0.0,28.0,0.0,1776886928.402
28.0,0.0,28.0,0.0,1776886928.416
37.0,9.0,37.0,9.0,1776886928.843
37.0,9.0,37.0,9.0,1776886928.856
37.0,9.0,37.0,9.0,1776886928.882
37.0,9.0,37.0,9.0,1776886928.896
37.0,9.0,37.0,9.0,1776886928.923
30.0,38.0,30.0,38.0,1776886929.336
30.0,38.0,30.0,38.0,1776886929.362
30.0,38.0,30.0,38.0,1776886929.376
30.0,38.0,30.0,38.0,1776886929.396
30.0,38.0,30.0,38.0,1776886929.422
46.0,61.0,46.0,61.0,1776886929.842
46.0,61.0,46.0,61.0,1776886929.857
46.0,61.0,46.0,61.0,1776886929.883
46.0,61.0,46.0,61.0,1776886929.896
46.0,61.0,46.0,61.0,1776886929.922
39.0,63.0,39.0,63.0,1776886930.336
39.0,63.0,39.0,63.0,1776886930.356
39.0,63.0,39.0,63.0,1776886930.383
39.0,63.0,39.0,63.0,1776886930.399
39.0,63.0,39.0,63.0,1776886930.417
21.0,39.0,21.0,39.0,1776886930.856
21.0,39.0,21.0,39.0,1776886930.879
21.0,39.0,21.0,39.0,1776886930.896
21.0,39.0,21.0,39.0,1776886930.922
21.0,39.0,21.0,39.0,1776886930.936
0.0,0.0,0.0,0.0,1776886931.856
0.0,0.0,0.0,0.0,1776886931.882
0.0,0.0,0.0,0.0,1776886931.896
0.0,0.0,0.0,0.0,1776886931.922
0.0,0.0,0.0,0.0,1776886931.938
0.0,0.0,0.0,0.0,1776886932.34
0.0,0.0,0.0,0.0,1776886932.356
0.0,0.0,0.0,0.0,1776886932.383
0.0,0.0,0.0,0.0,1776886932.401
0.0,0.0,0.0,0.0,1776886932.416
0.0,0.0,0.0,0.0,1776886932.856
0.0,0.0,0.0,0.0,1776886932.882
0.0,0.0,0.0,0.0,1776886932.897
0.0,0.0,0.0,0.0,1776886932.926
0.0,0.0,0.0,0.0,1776886932.937
-4.0,-4.0,-4.0,-4.0,1776886933.362
-4.0,-4.0,-4.0,-4.0,1776886933.376
-4.0,-4.0,-4.0,-4.0,1776886933.403
-4.0,-4.0,-4.0,-4.0,1776886933.416
-4.0,-4.0,-4.0,-4.0,1776886933.442
-27.0,-33.0,-27.0,-33.0,1776886933.857
-27.0,-33.0,-27.0,-33.0,1776886933.876
-27.0,-33.0,-27.0,-33.0,1776886933.902
-27.0,-33.0,-27.0,-33.0,1776886933.918
-27.0,-33.0,-27.0,-33.0,1776886933.945
-27.0,-33.0,-27.0,-33.0,1776886934.362
-27.0,-33.0,-27.0,-33.0,1776886934.376
-27.0,-33.0,-27.0,-33.0,1776886934.402
-27.0,-33.0,-27.0,-33.0,1776886934.417
-27.0,-33.0,-27.0,-33.0,1776886934.446
0.0,0.0,0.0,0.0,1776886935.362
0.0,0.0,0.0,0.0,1776886935.376
0.0,0.0,0.0,0.0,1776886935.402
0.0,0.0,0.0,0.0,1776886935.416
0.0,0.0,0.0,0.0,1776886935.443
2.0,0.0,2.0,0.0,1776886935.856
8.0,1.0,8.0,1.0,1776886935.882
8.0,1.0,8.0,1.0,1776886935.904
8.0,1.0,8.0,1.0,1776886935.921
8.0,1.0,8.0,1.0,1776886935.936
22.0,12.0,22.0,12.0,1776886936.363
22.0,12.0,22.0,12.0,1776886936.376
28.0,21.0,28.0,21.0,1776886936.402
28.0,21.0,28.0,21.0,1776886936.416
28.0,21.0,28.0,21.0,1776886936.442
42.0,45.0,42.0,45.0,1776886936.856
47.0,53.0,47.0,53.0,1776886936.882
47.0,53.0,47.0,53.0,1776886936.897
47.0,53.0,47.0,53.0,1776886936.926
47.0,53.0,47.0,53.0,1776886936.936
51.0,82.0,51.0,82.0,1776886937.363
51.0,82.0,51.0,82.0,1776886937.378
51.0,82.0,51.0,82.0,1776886937.404
51.0,82.0,51.0,82.0,1776886937.416
51.0,82.0,51.0,82.0,1776886937.442
48.0,81.0,48.0,81.0,1776886937.856
48.0,81.0,48.0,81.0,1776886937.882
48.0,81.0,48.0,81.0,1776886937.896
48.0,81.0,48.0,81.0,1776886937.922
48.0,81.0,48.0,81.0,1776886937.936
46.0,65.0,46.0,65.0,1776886938.383
46.0,65.0,46.0,65.0,1776886938.402
46.0,65.0,46.0,65.0,1776886938.416
46.0,65.0,46.0,65.0,1776886938.442
46.0,65.0,46.0,65.0,1776886938.456
66.0,91.0,66.0,91.0,1776886938.882
66.0,91.0,66.0,91.0,1776886938.896
66.0,91.0,66.0,91.0,1776886938.929
75.0,96.0,75.0,96.0,1776886938.94
75.0,96.0,75.0,96.0,1776886938.957
112.0,102.0,112.0,102.0,1776886939.377
112.0,102.0,112.0,102.0,1776886939.403
112.0,102.0,112.0,102.0,1776886939.417
119.0,108.0,119.0,108.0,1776886939.442
119.0,108.0,119.0,108.0,1776886939.457
147.0,106.0,147.0,106.0,1776886939.883
147.0,106.0,147.0,106.0,1776886939.896
147.0,106.0,147.0,106.0,1776886939.922
154.0,97.0,154.0,97.0,1776886939.937
154.0,97.0,154.0,97.0,1776886939.956
151.0,85.0,151.0,85.0,1776886940.383
151.0,85.0,151.0,85.0,1776886940.405
151.0,85.0,151.0,85.0,1776886940.419
151.0,85.0,151.0,85.0,1776886940.436
150.0,85.0,150.0,85.0,1776886940.462
-131.0,-97.0,-131.0,-97.0,1776886941.376
-133.0,-106.0,-133.0,-106.0,1776886941.403
-133.0,-106.0,-133.0,-106.0,1776886941.416
-133.0,-106.0,-133.0,-106.0,1776886941.442
-133.0,-106.0,-133.0,-106.0,1776886941.456
-138.0,-133.0,-138.0,-133.0,1776886941.877
-138.0,-133.0,-138.0,-133.0,1776886941.903
-142.0,-142.0,-142.0,-142.0,1776886941.919
-142.0,-142.0,-142.0,-142.0,1776886941.946
-142.0,-142.0,-142.0,-142.0,1776886941.957
-171.0,-177.0,-171.0,-177.0,1776886942.402
-171.0,-177.0,-171.0,-177.0,1776886942.414
-171.0,-177.0,-171.0,-177.0,1776886942.424
-157.0,-163.0,-157.0,-163.0,1776886942.437
-157.0,-163.0,-157.0,-163.0,1776886942.456
135.0,141.0,135.0,141.0,1776886943.376
136.0,140.0,136.0,140.0,1776886943.402
136.0,140.0,136.0,140.0,1776886943.416
136.0,140.0,136.0,140.0,1776886943.443
136.0,140.0,136.0,140.0,1776886943.457
151.0,153.0,151.0,153.0,1776886943.902
151.0,153.0,151.0,153.0,1776886943.926
151.0,153.0,151.0,153.0,1776886943.938
168.0,170.0,168.0,170.0,1776886943.965
168.0,170.0,168.0,170.0,1776886943.976
161.0,165.0,161.0,165.0,1776886944.399
161.0,165.0,161.0,165.0,1776886944.425
161.0,165.0,161.0,165.0,1776886944.437
161.0,165.0,161.0,165.0,1776886944.465
-152.0,155.0,-152.0,155.0,1776886944.478
-121.0,126.0,-121.0,126.0,1776886944.897
-121.0,126.0,-121.0,126.0,1776886944.925
-121.0,126.0,-121.0,126.0,1776886944.937
-121.0,126.0,-121.0,126.0,1776886944.963
-111.0,117.0,-111.0,117.0,1776886944.976
-80.0,87.0,-80.0,87.0,1776886945.404
-80.0,87.0,-80.0,87.0,1776886945.416
-80.0,87.0,-80.0,87.0,1776886945.442
-80.0,87.0,-80.0,87.0,1776886945.457
-80.0,87.0,-80.0,87.0,1776886945.487
66.0,-68.0,66.0,-68.0,1776886945.897
66.0,-68.0,66.0,-68.0,1776886945.922
66.0,-68.0,66.0,-68.0,1776886945.937
66.0,-68.0,66.0,-68.0,1776886945.963
64.0,-68.0,64.0,-68.0,1776886945.976
67.0,-69.0,67.0,-69.0,1776886946.898
67.0,-69.0,67.0,-69.0,1776886946.928
67.0,-69.0,67.0,-69.0,1776886946.939
67.0,-69.0,67.0,-69.0,1776886946.964
67.0,-69.0,67.0,-69.0,1776886946.977
55.0,-58.0,55.0,-58.0,1776886947.403
55.0,-58.0,55.0,-58.0,1776886947.417
55.0,-58.0,55.0,-58.0,1776886947.442
55.0,-58.0,55.0,-58.0,1776886947.457
55.0,-58.0,55.0,-58.0,1776886947.483
31.0,-33.0,31.0,-33.0,1776886947.898
24.0,-25.0,24.0,-25.0,1776886947.924
24.0,-25.0,24.0,-25.0,1776886947.938
24.0,-25.0,24.0,-25.0,1776886947.957
24.0,-25.0,24.0,-25.0,1776886947.982
0.0,0.0,0.0,0.0,1776886948.404
0.0,0.0,0.0,0.0,1776886948.424
0.0,0.0,0.0,0.0,1776886948.437
0.0,0.0,0.0,0.0,1776886948.463
0.0,0.0,0.0,0.0,1776886948.479
0.0,0.0,0.0,0.0,1776886948.897
0.0,0.0,0.0,0.0,1776886948.926
0.0,0.0,0.0,0.0,1776886948.937
0.0,0.0,0.0,0.0,1776886948.963
0.0,0.0,0.0,0.0,1776886948.977
0.0,0.0,0.0,0.0,1776886949.397
0.0,0.0,0.0,0.0,1776886949.423
0.0,0.0,0.0,0.0,1776886949.437
0.0,0.0,0.0,0.0,1776886949.463
0.0,0.0,0.0,0.0,1776886949.477
0.0,0.0,0.0,0.0,1776886949.897
0.0,0.0,0.0,0.0,1776886949.923
0.0,0.0,0.0,0.0,1776886949.941
0.0,0.0,0.0,0.0,1776886949.957
0.0,0.0,0.0,0.0,1776886949.984
0.0,0.0,0.0,0.0,1776886950.899
0.0,0.0,0.0,0.0,1776886950.926
0.0,0.0,0.0,0.0,1776886950.938
0.0,0.0,0.0,0.0,1776886950.963
0.0,0.0,0.0,0.0,1776886950.977
0.0,0.0,0.0,0.0,1776886951.417
0.0,0.0,0.0,0.0,1776886951.443
0.0,0.0,0.0,0.0,1776886951.457
0.0,0.0,0.0,0.0,1776886951.485
0.0,0.0,0.0,0.0,1776886951.498
0.0,0.0,0.0,0.0,1776886951.917
0.0,0.0,0.0,0.0,1776886951.937
0.0,0.0,0.0,0.0,1776886951.963
0.0,0.0,0.0,0.0,1776886951.977
0.0,0.0,0.0,0.0,1776886952.004
115.0,117.0,115.0,117.0,1776886952.918
131.0,135.0,131.0,135.0,1776886952.944
131.0,135.0,131.0,135.0,1776886952.957
131.0,135.0,131.0,135.0,1776886952.983
131.0,135.0,131.0,135.0,1776886952.997
169.0,172.0,169.0,172.0,1776886953.417
169.0,172.0,169.0,172.0,1776886953.443
169.0,174.0,169.0,174.0,1776886953.457
169.0,174.0,169.0,174.0,1776886953.482
169.0,174.0,169.0,174.0,1776886953.497
169.0,174.0,169.0,174.0,1776886953.918
169.0,174.0,169.0,174.0,1776886953.945
169.0,174.0,169.0,174.0,1776886953.957
169.0,174.0,169.0,174.0,1776886953.985
169.0,174.0,169.0,174.0,1776886954.003
170.0,175.0,170.0,175.0,1776886954.417
171.0,175.0,171.0,175.0,1776886954.443
171.0,175.0,171.0,175.0,1776886954.457
171.0,175.0,171.0,175.0,1776886954.483
171.0,175.0,171.0,175.0,1776886954.497
175.0,176.0,175.0,176.0,1776886955.443
175.0,176.0,175.0,176.0,1776886955.46
175.0,177.0,175.0,177.0,1776886955.477
175.0,177.0,175.0,177.0,1776886955.503
175.0,177.0,175.0,177.0,1776886955.519
177.0,181.0,177.0,181.0,1776886956.423
177.0,181.0,177.0,181.0,1776886956.437
177.0,181.0,177.0,181.0,1776886956.463
177.0,181.0,177.0,181.0,1776886956.48
175.0,181.0,175.0,181.0,1776886956.497
175.0,179.0,175.0,179.0,1776886957.443
175.0,179.0,175.0,179.0,1776886957.457
175.0,179.0,175.0,179.0,1776886957.488
175.0,179.0,175.0,179.0,1776886957.499
175.0,179.0,175.0,179.0,1776886957.525
175.0,180.0,175.0,180.0,1776886957.937
175.0,180.0,175.0,180.0,1776886957.964
175.0,180.0,175.0,180.0,1776886957.977
175.0,180.0,175.0,180.0,1776886958.002
175.0,180.0,175.0,180.0,1776886958.017
141.0,142.0,141.0,142.0,1776886958.437
141.0,142.0,141.0,142.0,1776886958.457
141.0,142.0,141.0,142.0,1776886958.483
124.0,123.0,124.0,123.0,1776886958.5
124.0,123.0,124.0,123.0,1776886958.517
72.0,70.0,72.0,70.0,1776886958.937
72.0,70.0,72.0,70.0,1776886958.963
72.0,70.0,72.0,70.0,1776886958.977
72.0,70.0,72.0,70.0,1776886959.002
53.0,52.0,53.0,52.0,1776886959.017
0.0,0.0,0.0,0.0,1776886959.442
0.0,0.0,0.0,0.0,1776886959.457
0.0,0.0,0.0,0.0,1776886959.486
0.0,0.0,0.0,0.0,1776886959.497
0.0,0.0,0.0,0.0,1776886959.524
0.0,0.0,0.0,0.0,1776886959.937
0.0,0.0,0.0,0.0,1776886959.968
0.0,0.0,0.0,0.0,1776886959.982
0.0,0.0,0.0,0.0,1776886959.999
0.0,0.0,0.0,0.0,1776886960.025
0.0,0.0,0.0,0.0,1776886960.443
0.0,0.0,0.0,0.0,1776886960.457
0.0,0.0,0.0,0.0,1776886960.483
0.0,0.0,0.0,0.0,1776886960.5
0.0,0.0,0.0,0.0,1776886960.517
0.0,0.0,0.0,0.0,1776886961.443
0.0,0.0,0.0,0.0,1776886961.458
0.0,0.0,0.0,0.0,1776886961.484
0.0,0.0,0.0,0.0,1776886961.497
0.0,0.0,0.0,0.0,1776886961.523
-4.0,0.0,-4.0,0.0,1776886962.457
-4.0,0.0,-4.0,0.0,1776886962.483
-4.0,0.0,-4.0,0.0,1776886962.497
-4.0,0.0,-4.0,0.0,1776886962.524
-4.0,0.0,-4.0,0.0,1776886962.537
-6.0,4.0,-6.0,4.0,1776886962.937
-6.0,4.0,-6.0,4.0,1776886962.963
-6.0,4.0,-6.0,4.0,1776886962.977
-6.0,4.0,-6.0,4.0,1776886962.997
-6.0,4.0,-6.0,4.0,1776886963.023
16.0,-12.0,16.0,-12.0,1776886963.946
28.0,-12.0,28.0,-12.0,1776886963.957
28.0,-12.0,28.0,-12.0,1776886963.983
28.0,-12.0,28.0,-12.0,1776886963.999
28.0,-12.0,28.0,-12.0,1776886964.019
30.0,-9.0,30.0,-9.0,1776886964.444
27.0,-7.0,27.0,-7.0,1776886964.462
27.0,-7.0,27.0,-7.0,1776886964.479
27.0,-7.0,27.0,-7.0,1776886964.507
27.0,-7.0,27.0,-7.0,1776886964.518
4.0,-14.0,4.0,-14.0,1776886965.457
4.0,-14.0,4.0,-14.0,1776886965.483
4.0,-14.0,4.0,-14.0,1776886965.498
4.0,-14.0,4.0,-14.0,1776886965.524
4.0,-14.0,4.0,-14.0,1776886965.537
21.0,-23.0,21.0,-23.0,1776886966.464
21.0,-23.0,21.0,-23.0,1776886966.479
21.0,-23.0,21.0,-23.0,1776886966.497
21.0,-23.0,21.0,-23.0,1776886966.523
21.0,-23.0,21.0,-23.0,1776886966.537
22.0,-20.0,22.0,-20.0,1776886966.959
22.0,-20.0,22.0,-20.0,1776886966.985
22.0,-20.0,22.0,-20.0,1776886966.997
22.0,-20.0,22.0,-20.0,1776886967.023
22.0,-20.0,22.0,-20.0,1776886967.039
22.0,-21.0,22.0,-21.0,1776886967.457
22.0,-21.0,22.0,-21.0,1776886967.486
22.0,-21.0,22.0,-21.0,1776886967.497
22.0,-21.0,22.0,-21.0,1776886967.524
22.0,-21.0,22.0,-21.0,1776886967.537
21.0,-22.0,21.0,-22.0,1776886967.963
21.0,-22.0,21.0,-22.0,1776886967.977
21.0,-22.0,21.0,-22.0,1776886968.003
21.0,-22.0,21.0,-22.0,1776886968.017
21.0,-22.0,21.0,-22.0,1776886968.048
22.0,-20.0,22.0,-20.0,1776886968.457
22.0,-20.0,22.0,-20.0,1776886968.483
22.0,-19.0,22.0,-19.0,1776886968.497
22.0,-19.0,22.0,-19.0,1776886968.523
22.0,-19.0,22.0,-19.0,1776886968.537
23.0,-19.0,23.0,-19.0,1776886968.964
23.0,-19.0,23.0,-19.0,1776886968.977
24.0,-18.0,24.0,-18.0,1776886969.003
24.0,-18.0,24.0,-18.0,1776886969.017
24.0,-18.0,24.0,-18.0,1776886969.043
25.0,-20.0,25.0,-20.0,1776886969.477
25.0,-20.0,25.0,-20.0,1776886969.503
25.0,-20.0,25.0,-20.0,1776886969.526
25.0,-20.0,25.0,-20.0,1776886969.537
25.0,-20.0,25.0,-20.0,1776886969.563
25.0,-20.0,25.0,-20.0,1776886969.98
25.0,-20.0,25.0,-20.0,1776886970.005
25.0,-20.0,25.0,-20.0,1776886970.017
25.0,-20.0,25.0,-20.0,1776886970.047
25.0,-20.0,25.0,-20.0,1776886970.058
21.0,-20.0,21.0,-20.0,1776886970.479
21.0,-20.0,21.0,-20.0,1776886970.497
21.0,-20.0,21.0,-20.0,1776886970.523
21.0,-20.0,21.0,-20.0,1776886970.537
21.0,-20.0,21.0,-20.0,1776886970.563
18.0,-19.0,18.0,-19.0,1776886970.977
18.0,-19.0,18.0,-19.0,1776886971.006
18.0,-19.0,18.0,-19.0,1776886971.018
18.0,-19.0,18.0,-19.0,1776886971.044
18.0,-19.0,18.0,-19.0,1776886971.057
10.0,-11.0,10.0,-11.0,1776886971.483
10.0,-11.0,10.0,-11.0,1776886971.497
10.0,-11.0,10.0,-11.0,1776886971.523
10.0,-11.0,10.0,-11.0,1776886971.537
10.0,-11.0,10.0,-11.0,1776886971.566
2.0,4.0,2.0,4.0,1776886971.984
2.0,4.0,2.0,4.0,1776886972.001
0.0,1.0,0.0,1.0,1776886972.017
0.0,1.0,0.0,1.0,1776886972.043
0.0,1.0,0.0,1.0,1776886972.057
7.0,10.0,7.0,10.0,1776886972.479
19.0,19.0,19.0,19.0,1776886972.505
19.0,19.0,19.0,19.0,1776886972.517
19.0,19.0,19.0,19.0,1776886972.544
19.0,19.0,19.0,19.0,1776886972.559
27.0,28.0,27.0,28.0,1776886972.977
27.0,28.0,27.0,28.0,1776886973.003
27.0,28.0,27.0,28.0,1776886973.017
27.0,28.0,27.0,28.0,1776886973.043
27.0,28.0,27.0,28.0,1776886973.057
27.0,28.0,27.0,28.0,1776886973.503
27.0,28.0,27.0,28.0,1776886973.519
27.0,28.0,27.0,28.0,1776886973.546
25.0,25.0,25.0,25.0,1776886973.563
25.0,25.0,25.0,25.0,1776886973.577
0.0,0.0,0.0,0.0,1776886973.977
0.0,0.0,0.0,0.0,1776886974.004
0.0,0.0,0.0,0.0,1776886974.019
0.0,0.0,0.0,0.0,1776886974.045
0.0,0.0,0.0,0.0,1776886974.057
5.0,-1.0,5.0,-1.0,1776886974.504
5.0,-1.0,5.0,-1.0,1776886974.517
5.0,-1.0,5.0,-1.0,1776886974.544
5.0,-1.0,5.0,-1.0,1776886974.559
5.0,-1.0,5.0,-1.0,1776886974.577
-5.0,2.0,-5.0,2.0,1776886974.977
-5.0,2.0,-5.0,2.0,1776886975.006
-5.0,2.0,-5.0,2.0,1776886975.017
-5.0,2.0,-5.0,2.0,1776886975.044
-5.0,2.0,-5.0,2.0,1776886975.057
-13.0,2.0,-13.0,2.0,1776886975.497
-13.0,2.0,-13.0,2.0,1776886975.523
-13.0,2.0,-13.0,2.0,1776886975.539
-13.0,2.0,-13.0,2.0,1776886975.566
-13.0,2.0,-13.0,2.0,1776886975.577
-17.0,3.0,-17.0,3.0,1776886976.003
-17.0,3.0,-17.0,3.0,1776886976.018
-17.0,3.0,-17.0,3.0,1776886976.049
-17.0,3.0,-17.0,3.0,1776886976.06
-17.0,3.0,-17.0,3.0,1776886976.086
-24.0,12.0,-24.0,12.0,1776886976.506
-24.0,12.0,-24.0,12.0,1776886976.517
-19.0,12.0,-19.0,12.0,1776886976.543
-19.0,12.0,-19.0,12.0,1776886976.564
-19.0,12.0,-19.0,12.0,1776886976.578
-18.0,19.0,-18.0,19.0,1776886977.011
-18.0,19.0,-18.0,19.0,1776886977.022
-18.0,19.0,-18.0,19.0,1776886977.043
-18.0,19.0,-18.0,19.0,1776886977.057
-18.0,22.0,-18.0,22.0,1776886977.086
-16.0,18.0,-16.0,18.0,1776886977.498
-16.0,18.0,-16.0,18.0,1776886977.523
-16.0,18.0,-16.0,18.0,1776886977.537
-16.0,18.0,-16.0,18.0,1776886977.563
-16.0,18.0,-16.0,18.0,1776886977.577
-16.0,18.0,-16.0,18.0,1776886978.003
-16.0,18.0,-16.0,18.0,1776886978.017
-16.0,18.0,-16.0,18.0,1776886978.037
-16.0,18.0,-16.0,18.0,1776886978.063
-16.0,18.0,-16.0,18.0,1776886978.079
-5.0,7.0,-5.0,7.0,1776886978.497
-5.0,7.0,-5.0,7.0,1776886978.523
-5.0,7.0,-5.0,7.0,1776886978.537
-5.0,7.0,-5.0,7.0,1776886978.563
-5.0,7.0,-5.0,7.0,1776886978.577
1.0,1.0,1.0,1.0,1776886979.017
1.0,1.0,1.0,1.0,1776886979.043
1.0,1.0,1.0,1.0,1776886979.059
1.0,1.0,1.0,1.0,1776886979.086
1.0,1.0,1.0,1.0,1776886979.098
29.0,22.0,29.0,22.0,1776886979.498
29.0,22.0,29.0,22.0,1776886979.523
29.0,22.0,29.0,22.0,1776886979.537
29.0,22.0,29.0,22.0,1776886979.565
29.0,22.0,29.0,22.0,1776886979.577
29.0,22.0,29.0,22.0,1776886980.026
29.0,22.0,29.0,22.0,1776886980.037
29.0,22.0,29.0,22.0,1776886980.064
29.0,22.0,29.0,22.0,1776886980.079
29.0,22.0,29.0,22.0,1776886980.097
20.0,12.0,20.0,12.0,1776886980.519
13.0,8.0,13.0,8.0,1776886980.545
13.0,8.0,13.0,8.0,1776886980.559
13.0,8.0,13.0,8.0,1776886980.586
13.0,8.0,13.0,8.0,1776886980.597
4.0,4.0,4.0,4.0,1776886981.024
4.0,4.0,4.0,4.0,1776886981.039
4.0,4.0,4.0,4.0,1776886981.059
10.0,13.0,10.0,13.0,1776886981.078
10.0,13.0,10.0,13.0,1776886981.104
16.0,15.0,16.0,15.0,1776886981.523
16.0,15.0,16.0,15.0,1776886981.538
16.0,15.0,16.0,15.0,1776886981.563
16.0,15.0,16.0,15.0,1776886981.577
16.0,15.0,16.0,15.0,1776886981.603
16.0,-16.0,16.0,-16.0,1776886982.017
16.0,-16.0,16.0,-16.0,1776886982.043
16.0,-16.0,16.0,-16.0,1776886982.058
18.0,-18.0,18.0,-18.0,1776886982.084
18.0,-18.0,18.0,-18.0,1776886982.098
13.0,-6.0,13.0,-6.0,1776886982.521
13.0,-6.0,13.0,-6.0,1776886982.537
13.0,-6.0,13.0,-6.0,1776886982.563
13.0,-6.0,13.0,-6.0,1776886982.577
13.0,-6.0,13.0,-6.0,1776886982.603
13.0,-12.0,13.0,-12.0,1776886983.017
13.0,-12.0,13.0,-12.0,1776886983.043
13.0,-12.0,13.0,-12.0,1776886983.057
13.0,-12.0,13.0,-12.0,1776886983.09
13.0,-12.0,13.0,-12.0,1776886983.1
15.0,-7.0,15.0,-7.0,1776886983.523
15.0,-7.0,15.0,-7.0,1776886983.541
15.0,-7.0,15.0,-7.0,1776886983.557
15.0,-7.0,15.0,-7.0,1776886983.583
15.0,-7.0,15.0,-7.0,1776886983.599
18.0,-7.0,18.0,-7.0,1776886984.017
18.0,-7.0,18.0,-7.0,1776886984.044
18.0,-7.0,18.0,-7.0,1776886984.057
18.0,-7.0,18.0,-7.0,1776886984.083
18.0,-7.0,18.0,-7.0,1776886984.102
24.0,0.0,24.0,0.0,1776886984.544
24.0,0.0,24.0,0.0,1776886984.559
24.0,0.0,24.0,0.0,1776886984.586
24.0,0.0,24.0,0.0,1776886984.598
24.0,0.0,24.0,0.0,1776886984.624
25.0,0.0,25.0,0.0,1776886985.027
25.0,0.0,25.0,0.0,1776886985.037
25.0,0.0,25.0,0.0,1776886985.064
25.0,0.0,25.0,0.0,1776886985.078
25.0,0.0,25.0,0.0,1776886985.104
21.0,0.0,21.0,0.0,1776886985.546
21.0,0.0,21.0,0.0,1776886985.558
21.0,0.0,21.0,0.0,1776886985.589
21.0,0.0,21.0,0.0,1776886985.6
21.0,0.0,21.0,0.0,1776886985.618
22.0,-3.0,22.0,-3.0,1776886986.044
22.0,-3.0,22.0,-3.0,1776886986.058
21.0,-3.0,21.0,-3.0,1776886986.084
21.0,-3.0,21.0,-3.0,1776886986.099
21.0,-3.0,21.0,-3.0,1776886986.118
24.0,-3.0,24.0,-3.0,1776886986.544
24.0,-3.0,24.0,-3.0,1776886986.558
24.0,-3.0,24.0,-3.0,1776886986.586
24.0,-3.0,24.0,-3.0,1776886986.597
24.0,-3.0,24.0,-3.0,1776886986.624
19.0,31.0,19.0,31.0,1776886987.038
19.0,31.0,19.0,31.0,1776886987.064
19.0,31.0,19.0,31.0,1776886987.077
17.0,28.0,17.0,28.0,1776886987.104
17.0,28.0,17.0,28.0,1776886987.127
48.0,35.0,48.0,35.0,1776886987.538
48.0,35.0,48.0,35.0,1776886987.57
48.0,35.0,48.0,35.0,1776886987.581
52.0,35.0,52.0,35.0,1776886987.598
52.0,35.0,52.0,35.0,1776886987.625
51.0,39.0,51.0,39.0,1776886988.037
51.0,39.0,51.0,39.0,1776886988.064
51.0,39.0,51.0,39.0,1776886988.08
51.0,39.0,51.0,39.0,1776886988.106
51.0,39.0,51.0,39.0,1776886988.118
22.0,10.0,22.0,10.0,1776886988.538
22.0,10.0,22.0,10.0,1776886988.564
22.0,10.0,22.0,10.0,1776886988.577
22.0,10.0,22.0,10.0,1776886988.598
22.0,10.0,22.0,10.0,1776886988.624
6.0,4.0,6.0,4.0,1776886989.038
6.0,4.0,6.0,4.0,1776886989.066
6.0,4.0,6.0,4.0,1776886989.078
3.0,0.0,3.0,0.0,1776886989.104
3.0,0.0,3.0,0.0,1776886989.119
0.0,0.0,0.0,0.0,1776886989.538
0.0,0.0,0.0,0.0,1776886989.566
0.0,0.0,0.0,0.0,1776886989.577
0.0,0.0,0.0,0.0,1776886989.603
0.0,0.0,0.0,0.0,1776886989.619
0.0,1.0,0.0,1.0,1776886990.043
0.0,1.0,0.0,1.0,1776886990.057
0.0,1.0,0.0,1.0,1776886990.083
0.0,1.0,0.0,1.0,1776886990.098
0.0,1.0,0.0,1.0,1776886990.125
0.0,-1.0,0.0,-1.0,1776886990.558
0.0,-1.0,0.0,-1.0,1776886990.584
0.0,-1.0,0.0,-1.0,1776886990.598
0.0,-1.0,0.0,-1.0,1776886990.624
0.0,-1.0,0.0,-1.0,1776886990.639
-9.0,-10.0,-9.0,-10.0,1776886991.043
-9.0,-10.0,-9.0,-10.0,1776886991.058
-9.0,-10.0,-9.0,-10.0,1776886991.094
-9.0,-10.0,-9.0,-10.0,1776886991.106
-18.0,-20.0,-18.0,-20.0,1776886991.119
-42.0,-43.0,-42.0,-43.0,1776886991.538
-42.0,-43.0,-42.0,-43.0,1776886991.568
-42.0,-43.0,-42.0,-43.0,1776886991.579
-42.0,-43.0,-42.0,-43.0,1776886991.605
-42.0,-43.0,-42.0,-43.0,1776886991.618
-81.0,-85.0,-81.0,-85.0,1776886992.038
-81.0,-85.0,-81.0,-85.0,1776886992.064
-81.0,-85.0,-81.0,-85.0,1776886992.079
-81.0,-85.0,-81.0,-85.0,1776886992.098
-81.0,-85.0,-81.0,-85.0,1776886992.118
79.0,78.0,79.0,78.0,1776886992.565
79.0,78.0,79.0,78.0,1776886992.578
79.0,78.0,79.0,78.0,1776886992.604
79.0,78.0,79.0,78.0,1776886992.618
79.0,78.0,79.0,78.0,1776886992.643
55.0,54.0,55.0,54.0,1776886993.058
51.0,48.0,51.0,48.0,1776886993.086
51.0,48.0,51.0,48.0,1776886993.098
51.0,48.0,51.0,48.0,1776886993.124
51.0,48.0,51.0,48.0,1776886993.139
39.0,31.0,39.0,31.0,1776886993.566
37.0,25.0,37.0,25.0,1776886993.578
37.0,25.0,37.0,25.0,1776886993.603
37.0,25.0,37.0,25.0,1776886993.618
37.0,25.0,37.0,25.0,1776886993.646
64.0,42.0,64.0,42.0,1776886994.063
64.0,42.0,64.0,42.0,1776886994.078
72.0,47.0,72.0,47.0,1776886994.107
72.0,47.0,72.0,47.0,1776886994.118
72.0,47.0,72.0,47.0,1776886994.143
81.0,55.0,81.0,55.0,1776886994.564
81.0,55.0,81.0,55.0,1776886994.578
78.0,52.0,78.0,52.0,1776886994.606
78.0,52.0,78.0,52.0,1776886994.618
78.0,52.0,78.0,52.0,1776886994.643
66.0,46.0,66.0,46.0,1776886995.061
66.0,46.0,66.0,46.0,1776886995.078
57.0,43.0,57.0,43.0,1776886995.103
57.0,43.0,57.0,43.0,1776886995.119
57.0,43.0,57.0,43.0,1776886995.147
38.0,32.0,38.0,32.0,1776886995.567
30.0,26.0,30.0,26.0,1776886995.578
30.0,26.0,30.0,26.0,1776886995.604
30.0,26.0,30.0,26.0,1776886995.62
30.0,26.0,30.0,26.0,1776886995.646
23.0,27.0,23.0,27.0,1776886996.058
23.0,27.0,23.0,27.0,1776886996.084
23.0,27.0,23.0,27.0,1776886996.098
19.0,30.0,19.0,30.0,1776886996.123
19.0,30.0,19.0,30.0,1776886996.138
28.0,64.0,28.0,64.0,1776886996.565
28.0,64.0,28.0,64.0,1776886996.578
28.0,64.0,28.0,64.0,1776886996.604
28.0,71.0,28.0,71.0,1776886996.618
28.0,71.0,28.0,71.0,1776886996.648
26.0,100.0,26.0,100.0,1776886997.058
26.0,100.0,26.0,100.0,1776886997.086
26.0,100.0,26.0,100.0,1776886997.098
26.0,100.0,26.0,100.0,1776886997.123
21.0,105.0,21.0,105.0,1776886997.138
1.0,106.0,1.0,106.0,1776886997.583
1.0,106.0,1.0,106.0,1776886997.6
1.0,106.0,1.0,106.0,1776886997.62
0.0,99.0,0.0,99.0,1776886997.649
0.0,99.0,0.0,99.0,1776886997.66
0.0,84.0,0.0,84.0,1776886998.065
0.0,84.0,0.0,84.0,1776886998.078
0.0,84.0,0.0,84.0,1776886998.098
0.0,84.0,0.0,84.0,1776886998.124
0.0,84.0,0.0,84.0,1776886998.138
0.0,43.0,0.0,43.0,1776886998.578
0.0,43.0,0.0,43.0,1776886998.604
0.0,43.0,0.0,43.0,1776886998.618
0.0,43.0,0.0,43.0,1776886998.644
0.0,43.0,0.0,43.0,1776886998.658
-4.0,-21.0,-4.0,-21.0,1776886999.058
-4.0,-21.0,-4.0,-21.0,1776886999.089
-4.0,-21.0,-4.0,-21.0,1776886999.1
-4.0,-21.0,-4.0,-21.0,1776886999.125
-4.0,-21.0,-4.0,-21.0,1776886999.138
-37.0,-54.0,-37.0,-54.0,1776886999.578
-37.0,-54.0,-37.0,-54.0,1776886999.604
-37.0,-54.0,-37.0,-54.0,1776886999.618
-37.0,-54.0,-37.0,-54.0,1776886999.647
-37.0,-54.0,-37.0,-54.0,1776886999.659
-66.0,-93.0,-66.0,-93.0,1776887000.081
-66.0,-93.0,-66.0,-93.0,1776887000.099
-66.0,-93.0,-66.0,-93.0,1776887000.126
-66.0,-93.0,-66.0,-93.0,1776887000.138
-66.0,-93.0,-66.0,-93.0,1776887000.163
-76.0,-99.0,-76.0,-99.0,1776887000.578
-76.0,-99.0,-76.0,-99.0,1776887000.604
-76.0,-99.0,-76.0,-99.0,1776887000.618
65.0,87.0,65.0,87.0,1776887000.645
65.0,87.0,65.0,87.0,1776887000.658
61.0,66.0,61.0,66.0,1776887001.084
61.0,66.0,61.0,66.0,1776887001.098
61.0,66.0,61.0,66.0,1776887001.124
57.0,58.0,57.0,58.0,1776887001.138
57.0,58.0,57.0,58.0,1776887001.164
55.0,45.0,55.0,45.0,1776887001.586
55.0,45.0,55.0,45.0,1776887001.598
55.0,45.0,55.0,45.0,1776887001.625
55.0,45.0,55.0,45.0,1776887001.638
55.0,45.0,55.0,45.0,1776887001.666
58.0,41.0,58.0,41.0,1776887002.084
58.0,41.0,58.0,41.0,1776887002.098
58.0,41.0,58.0,41.0,1776887002.126
68.0,48.0,68.0,48.0,1776887002.138
68.0,48.0,68.0,48.0,1776887002.164
90.0,57.0,90.0,57.0,1776887002.586
90.0,57.0,90.0,57.0,1776887002.598
90.0,57.0,90.0,57.0,1776887002.625
90.0,57.0,90.0,57.0,1776887002.639
90.0,57.0,90.0,57.0,1776887002.666
89.0,49.0,89.0,49.0,1776887003.084
89.0,49.0,89.0,49.0,1776887003.098
89.0,49.0,89.0,49.0,1776887003.124
-80.0,44.0,-80.0,44.0,1776887003.138
-80.0,44.0,-80.0,44.0,1776887003.164
-51.0,-25.0,-51.0,-25.0,1776887003.604
-51.0,-25.0,-51.0,-25.0,1776887003.62
-51.0,-25.0,-51.0,-25.0,1776887003.647
-51.0,-25.0,-51.0,-25.0,1776887003.658
-38.0,-18.0,-38.0,-18.0,1776887003.685
-37.0,-13.0,-37.0,-13.0,1776887004.107
-37.0,-13.0,-37.0,-13.0,1776887004.118
-37.0,-13.0,-37.0,-13.0,1776887004.145
-37.0,-13.0,-37.0,-13.0,1776887004.159
-31.0,-21.0,-31.0,-21.0,1776887004.185
-51.0,-47.0,-51.0,-47.0,1776887004.598
-51.0,-47.0,-51.0,-47.0,1776887004.624
-51.0,-47.0,-51.0,-47.0,1776887004.639
-51.0,-47.0,-51.0,-47.0,1776887004.667
-57.0,-55.0,-57.0,-55.0,1776887004.678
52.0,-74.0,52.0,-74.0,1776887005.098
52.0,-74.0,52.0,-74.0,1776887005.124
52.0,-74.0,52.0,-74.0,1776887005.138
52.0,-74.0,52.0,-74.0,1776887005.165
52.0,-74.0,52.0,-74.0,1776887005.178
30.0,45.0,30.0,45.0,1776887005.599
30.0,45.0,30.0,45.0,1776887005.62
30.0,45.0,30.0,45.0,1776887005.646
30.0,45.0,30.0,45.0,1776887005.658
30.0,45.0,30.0,45.0,1776887005.684
30.0,34.0,30.0,34.0,1776887006.098
30.0,34.0,30.0,34.0,1776887006.126
33.0,31.0,33.0,31.0,1776887006.138
33.0,31.0,33.0,31.0,1776887006.164
33.0,31.0,33.0,31.0,1776887006.178
53.0,36.0,53.0,36.0,1776887006.606
53.0,36.0,53.0,36.0,1776887006.618
61.0,41.0,61.0,41.0,1776887006.644
61.0,41.0,61.0,41.0,1776887006.658
61.0,41.0,61.0,41.0,1776887006.684
74.0,49.0,74.0,49.0,1776887007.098
74.0,49.0,74.0,49.0,1776887007.124
74.0,49.0,74.0,49.0,1776887007.138
69.0,45.0,69.0,45.0,1776887007.166
69.0,45.0,69.0,45.0,1776887007.178
44.0,27.0,44.0,27.0,1776887007.604
44.0,27.0,44.0,27.0,1776887007.618
44.0,27.0,44.0,27.0,1776887007.644
44.0,27.0,44.0,27.0,1776887007.658
44.0,27.0,44.0,27.0,1776887007.684
9.0,5.0,9.0,5.0,1776887008.105
9.0,5.0,9.0,5.0,1776887008.118
9.0,5.0,9.0,5.0,1776887008.144
9.0,5.0,9.0,5.0,1776887008.16
9.0,5.0,9.0,5.0,1776887008.18
21.0,25.0,21.0,25.0,1776887008.598
21.0,25.0,21.0,25.0,1776887008.635
21.0,25.0,21.0,25.0,1776887008.649
21.0,25.0,21.0,25.0,1776887008.659
21.0,25.0,21.0,25.0,1776887008.685
40.0,55.0,40.0,55.0,1776887009.105
40.0,55.0,40.0,55.0,1776887009.12
50.0,58.0,50.0,58.0,1776887009.139
50.0,58.0,50.0,58.0,1776887009.167
50.0,58.0,50.0,58.0,1776887009.178
81.0,76.0,81.0,76.0,1776887009.625
81.0,76.0,81.0,76.0,1776887009.638
81.0,76.0,81.0,76.0,1776887009.658
90.0,80.0,90.0,80.0,1776887009.684
90.0,80.0,90.0,80.0,1776887009.698
74.0,55.0,74.0,55.0,1776887010.128
74.0,55.0,74.0,55.0,1776887010.139
74.0,55.0,74.0,55.0,1776887010.159
68.0,47.0,68.0,47.0,1776887010.186
68.0,47.0,68.0,47.0,1776887010.198
40.0,22.0,40.0,22.0,1776887010.618
40.0,22.0,40.0,22.0,1776887010.644
27.0,14.0,27.0,14.0,1776887010.659
27.0,14.0,27.0,14.0,1776887010.678
27.0,14.0,27.0,14.0,1776887010.704
0.0,0.0,0.0,0.0,1776887011.124
0.0,0.0,0.0,0.0,1776887011.138
0.0,0.0,0.0,0.0,1776887011.164
0.0,0.0,0.0,0.0,1776887011.178
0.0,0.0,0.0,0.0,1776887011.204
0.0,0.0,0.0,0.0,1776887011.618
0.0,0.0,0.0,0.0,1776887011.644
0.0,0.0,0.0,0.0,1776887011.658
0.0,0.0,0.0,0.0,1776887011.684
0.0,0.0,0.0,0.0,1776887011.7
3.0,3.0,3.0,3.0,1776887012.119
3.0,3.0,3.0,3.0,1776887012.145
9.0,10.0,9.0,10.0,1776887012.159
9.0,10.0,9.0,10.0,1776887012.186
9.0,10.0,9.0,10.0,1776887012.198
42.0,42.0,42.0,42.0,1776887012.624
42.0,42.0,42.0,42.0,1776887012.64
42.0,42.0,42.0,42.0,1776887012.659
53.0,51.0,53.0,51.0,1776887012.686
53.0,51.0,53.0,51.0,1776887012.698
90.0,84.0,90.0,84.0,1776887013.14
90.0,84.0,90.0,84.0,1776887013.166
94.0,90.0,94.0,90.0,1776887013.178
94.0,90.0,94.0,90.0,1776887013.204
94.0,90.0,94.0,90.0,1776887013.218
74.0,68.0,74.0,68.0,1776887013.638
74.0,68.0,74.0,68.0,1776887013.664
74.0,68.0,74.0,68.0,1776887013.679
65.0,54.0,65.0,54.0,1776887013.707
65.0,54.0,65.0,54.0,1776887013.718
30.0,27.0,30.0,27.0,1776887014.126
30.0,27.0,30.0,27.0,1776887014.138
30.0,27.0,30.0,27.0,1776887014.167
30.0,27.0,30.0,27.0,1776887014.182
19.0,14.0,19.0,14.0,1776887014.198
0.0,0.0,0.0,0.0,1776887014.639
0.0,0.0,0.0,0.0,1776887014.665
0.0,0.0,0.0,0.0,1776887014.678
0.0,0.0,0.0,0.0,1776887014.705
0.0,0.0,0.0,0.0,1776887014.719
0.0,0.0,0.0,0.0,1776887015.119
0.0,0.0,0.0,0.0,1776887015.147
0.0,0.0,0.0,0.0,1776887015.158
0.0,0.0,0.0,0.0,1776887015.184
0.0,0.0,0.0,0.0,1776887015.198
0.0,0.0,0.0,0.0,1776887015.618
0.0,0.0,0.0,0.0,1776887015.644
0.0,0.0,0.0,0.0,1776887015.658
0.0,0.0,0.0,0.0,1776887015.684
0.0,0.0,0.0,0.0,1776887015.698
0.0,1.0,0.0,1.0,1776887016.146
3.0,4.0,3.0,4.0,1776887016.159
3.0,4.0,3.0,4.0,1776887016.185
3.0,4.0,3.0,4.0,1776887016.198
3.0,4.0,3.0,4.0,1776887016.224
18.0,22.0,18.0,22.0,1776887016.639
18.0,22.0,18.0,22.0,1776887016.665
24.0,29.0,24.0,29.0,1776887016.678
24.0,29.0,24.0,29.0,1776887016.704
24.0,29.0,24.0,29.0,1776887016.72
55.0,44.0,55.0,44.0,1776887017.145
55.0,44.0,55.0,44.0,1776887017.158
55.0,44.0,55.0,44.0,1776887017.185
55.0,44.0,55.0,44.0,1776887017.2
67.0,49.0,67.0,49.0,1776887017.226
73.0,51.0,73.0,51.0,1776887017.649
73.0,51.0,73.0,51.0,1776887017.659
73.0,51.0,73.0,51.0,1776887017.685
73.0,51.0,73.0,51.0,1776887017.698
73.0,51.0,73.0,51.0,1776887017.726
49.0,34.0,49.0,34.0,1776887018.144
49.0,34.0,49.0,34.0,1776887018.159
49.0,34.0,49.0,34.0,1776887018.185
49.0,34.0,49.0,34.0,1776887018.198
49.0,34.0,49.0,34.0,1776887018.225
1.0,4.0,1.0,4.0,1776887018.638
1.0,4.0,1.0,4.0,1776887018.667
1.0,4.0,1.0,4.0,1776887018.678
1.0,4.0,1.0,4.0,1776887018.704
1.0,4.0,1.0,4.0,1776887018.719
1.0,3.0,1.0,3.0,1776887019.146
1.0,3.0,1.0,3.0,1776887019.158
1.0,3.0,1.0,3.0,1776887019.185
1.0,3.0,1.0,3.0,1776887019.199
1.0,3.0,1.0,3.0,1776887019.226
48.0,3.0,48.0,3.0,1776887019.658
48.0,3.0,48.0,3.0,1776887019.685
48.0,3.0,48.0,3.0,1776887019.698
48.0,3.0,48.0,3.0,1776887019.725
48.0,3.0,48.0,3.0,1776887019.738
97.0,25.0,97.0,25.0,1776887020.14
99.0,28.0,99.0,28.0,1776887020.166
99.0,28.0,99.0,28.0,1776887020.178
99.0,28.0,99.0,28.0,1776887020.206
99.0,28.0,99.0,28.0,1776887020.218
87.0,25.0,87.0,25.0,1776887020.639
87.0,25.0,87.0,25.0,1776887020.665
77.0,25.0,77.0,25.0,1776887020.678
77.0,25.0,77.0,25.0,1776887020.704
77.0,25.0,77.0,25.0,1776887020.72
36.0,24.0,36.0,24.0,1776887021.159
19.0,20.0,19.0,20.0,1776887021.187
19.0,20.0,19.0,20.0,1776887021.199
19.0,20.0,19.0,20.0,1776887021.225
19.0,20.0,19.0,20.0,1776887021.238
0.0,0.0,0.0,0.0,1776887021.664
0.0,0.0,0.0,0.0,1776887021.681
0.0,0.0,0.0,0.0,1776887021.707
0.0,0.0,0.0,0.0,1776887021.719
0.0,0.0,0.0,0.0,1776887021.743
0.0,0.0,0.0,0.0,1776887022.16
0.0,0.0,0.0,0.0,1776887022.186
0.0,0.0,0.0,0.0,1776887022.198
0.0,0.0,0.0,0.0,1776887022.224
0.0,0.0,0.0,0.0,1776887022.239
0.0,0.0,0.0,0.0,1776887022.667
0.0,0.0,0.0,0.0,1776887022.678
0.0,0.0,0.0,0.0,1776887022.708
0.0,0.0,0.0,0.0,1776887022.719
0.0,0.0,0.0,0.0,1776887022.74
0.0,0.0,0.0,0.0,1776887023.161
0.0,0.0,0.0,0.0,1776887023.187
0.0,0.0,0.0,0.0,1776887023.199
0.0,0.0,0.0,0.0,1776887023.225
0.0,0.0,0.0,0.0,1776887023.238
0.0,0.0,0.0,0.0,1776887023.658
0.0,0.0,0.0,0.0,1776887023.684
0.0,0.0,0.0,0.0,1776887023.699
0.0,0.0,0.0,0.0,1776887023.731
0.0,0.0,0.0,0.0,1776887023.742
0.0,0.0,0.0,0.0,1776887024.164
0.0,0.0,0.0,0.0,1776887024.179
0.0,0.0,0.0,0.0,1776887024.209
0.0,0.0,0.0,0.0,1776887024.219
0.0,0.0,0.0,0.0,1776887024.246
0.0,0.0,0.0,0.0,1776887024.666
0.0,0.0,0.0,0.0,1776887024.678
0.0,0.0,0.0,0.0,1776887024.704
0.0,0.0,0.0,0.0,1776887024.719
0.0,0.0,0.0,0.0,1776887024.75
0.0,0.0,0.0,0.0,1776887025.166
0.0,0.0,0.0,0.0,1776887025.178
0.0,0.0,0.0,0.0,1776887025.208
0.0,0.0,0.0,0.0,1776887025.218
0.0,0.0,0.0,0.0,1776887025.245
0.0,0.0,0.0,0.0,1776887025.661
0.0,0.0,0.0,0.0,1776887025.679
0.0,0.0,0.0,0.0,1776887025.705
0.0,0.0,0.0,0.0,1776887025.719
0.0,0.0,0.0,0.0,1776887025.745
0.0,0.0,0.0,0.0,1776887026.164
0.0,0.0,0.0,0.0,1776887026.179
0.0,0.0,0.0,0.0,1776887026.207
0.0,0.0,0.0,0.0,1776887026.221
0.0,0.0,0.0,0.0,1776887026.247
0.0,0.0,0.0,0.0,1776887026.659
0.0,0.0,0.0,0.0,1776887026.686
0.0,0.0,0.0,0.0,1776887026.698
0.0,0.0,0.0,0.0,1776887026.724
0.0,0.0,0.0,0.0,1776887026.739
0.0,0.0,0.0,0.0,1776887027.158
0.0,0.0,0.0,0.0,1776887027.184
0.0,0.0,0.0,0.0,1776887027.199
0.0,0.0,0.0,0.0,1776887027.226
0.0,0.0,0.0,0.0,1776887027.239
0.0,0.0,0.0,0.0,1776887027.664
0.0,0.0,0.0,0.0,1776887027.682
0.0,0.0,0.0,0.0,1776887027.699
0.0,0.0,0.0,0.0,1776887027.726
0.0,0.0,0.0,0.0,1776887027.739
0.0,0.0,0.0,0.0,1776887028.159
0.0,0.0,0.0,0.0,1776887028.185
0.0,0.0,0.0,0.0,1776887028.199
0.0,0.0,0.0,0.0,1776887028.226
0.0,0.0,0.0,0.0,1776887028.239
0.0,0.0,0.0,0.0,1776887028.659
0.0,0.0,0.0,0.0,1776887028.688
0.0,0.0,0.0,0.0,1776887028.699
0.0,0.0,0.0,0.0,1776887028.726
0.0,0.0,0.0,0.0,1776887028.739
0.0,0.0,0.0,0.0,1776887029.158
0.0,0.0,0.0,0.0,1776887029.184
0.0,0.0,0.0,0.0,1776887029.2
0.0,0.0,0.0,0.0,1776887029.231
0.0,0.0,0.0,0.0,1776887029.241
0.0,0.0,0.0,0.0,1776887029.683
0.0,0.0,0.0,0.0,1776887029.699
0.0,0.0,0.0,0.0,1776887029.726
0.0,0.0,0.0,0.0,1776887029.742
0.0,0.0,0.0,0.0,1776887029.759
0.0,0.0,0.0,0.0,1776887030.185
0.0,0.0,0.0,0.0,1776887030.199
0.0,0.0,0.0,0.0,1776887030.225
0.0,0.0,0.0,0.0,1776887030.239
0.0,0.0,0.0,0.0,1776887030.265
0.0,0.0,0.0,0.0,1776887030.686
0.0,0.0,0.0,0.0,1776887030.7
0.0,0.0,0.0,0.0,1776887030.725
0.0,0.0,0.0,0.0,1776887030.739
0.0,0.0,0.0,0.0,1776887030.766
0.0,0.0,0.0,0.0,1776887031.185
0.0,0.0,0.0,0.0,1776887031.199
0.0,0.0,0.0,0.0,1776887031.225
0.0,0.0,0.0,0.0,1776887031.239
0.0,0.0,0.0,0.0,1776887031.264
0.0,0.0,0.0,0.0,1776887031.68
0.0,0.0,0.0,0.0,1776887031.706
0.0,0.0,0.0,0.0,1776887031.719
0.0,0.0,0.0,0.0,1776887031.745
0.0,0.0,0.0,0.0,1776887031.759
0.0,0.0,0.0,0.0,1776887032.179
0.0,0.0,0.0,0.0,1776887032.207
0.0,0.0,0.0,0.0,1776887032.219
0.0,0.0,0.0,0.0,1776887032.244
0.0,0.0,0.0,0.0,1776887032.259
0.0,0.0,0.0,0.0,1776887032.68
0.0,0.0,0.0,0.0,1776887032.706
0.0,0.0,0.0,0.0,1776887032.72
0.0,0.0,0.0,0.0,1776887032.746
0.0,0.0,0.0,0.0,1776887032.759
0.0,0.0,0.0,0.0,1776887033.182
0.0,0.0,0.0,0.0,1776887033.199
0.0,0.0,0.0,0.0,1776887033.226
0.0,0.0,0.0,0.0,1776887033.24
0.0,0.0,0.0,0.0,1776887033.266
0.0,0.0,0.0,0.0,1776887033.679
0.0,0.0,0.0,0.0,1776887033.706
0.0,0.0,0.0,0.0,1776887033.719
0.0,0.0,0.0,0.0,1776887033.745
0.0,0.0,0.0,0.0,1776887033.759
0.0,0.0,0.0,0.0,1776887034.206
0.0,0.0,0.0,0.0,1776887034.221
0.0,0.0,0.0,0.0,1776887034.239
0.0,0.0,0.0,0.0,1776887034.265
0.0,0.0,0.0,0.0,1776887034.279
0.0,0.0,0.0,0.0,1776887034.699
0.0,0.0,0.0,0.0,1776887034.725
0.0,0.0,0.0,0.0,1776887034.739
0.0,0.0,0.0,0.0,1776887034.766
0.0,0.0,0.0,0.0,1776887034.779
0.0,0.0,0.0,0.0,1776887035.199
0.0,0.0,0.0,0.0,1776887035.225
0.0,0.0,0.0,0.0,1776887035.239
0.0,0.0,0.0,0.0,1776887035.264
0.0,0.0,0.0,0.0,1776887035.279
0.0,0.0,0.0,0.0,1776887035.705
0.0,0.0,0.0,0.0,1776887035.719
0.0,0.0,0.0,0.0,1776887035.745
0.0,0.0,0.0,0.0,1776887035.765
0.0,0.0,0.0,0.0,1776887035.779
0.0,0.0,0.0,0.0,1776887036.199
0.0,0.0,0.0,0.0,1776887036.226
0.0,0.0,0.0,0.0,1776887036.239
0.0,0.0,0.0,0.0,1776887036.265
0.0,0.0,0.0,0.0,1776887036.279
0.0,0.0,0.0,0.0,1776887036.699
0.0,0.0,0.0,0.0,1776887036.724
0.0,0.0,0.0,0.0,1776887036.739
0.0,0.0,0.0,0.0,1776887036.766
0.0,0.0,0.0,0.0,1776887036.782
0.0,0.0,0.0,0.0,1776887037.204
0.0,0.0,0.0,0.0,1776887037.219
0.0,0.0,0.0,0.0,1776887037.246
0.0,0.0,0.0,0.0,1776887037.259
0.0,0.0,0.0,0.0,1776887037.284
0.0,0.0,0.0,0.0,1776887037.699
0.0,0.0,0.0,0.0,1776887037.726
0.0,0.0,0.0,0.0,1776887037.739
0.0,0.0,0.0,0.0,1776887037.764
0.0,0.0,0.0,0.0,1776887037.779
0.0,0.0,0.0,0.0,1776887038.225
0.0,0.0,0.0,0.0,1776887038.242
0.0,0.0,0.0,0.0,1776887038.259
0.0,0.0,0.0,0.0,1776887038.286
0.0,0.0,0.0,0.0,1776887038.299
0.0,0.0,0.0,0.0,1776887038.719
0.0,0.0,0.0,0.0,1776887038.745
0.0,0.0,0.0,0.0,1776887038.759
0.0,0.0,0.0,0.0,1776887038.786
0.0,0.0,0.0,0.0,1776887038.799
0.0,0.0,0.0,0.0,1776887039.199
0.0,0.0,0.0,0.0,1776887039.227
0.0,0.0,0.0,0.0,1776887039.239
0.0,0.0,0.0,0.0,1776887039.265
0.0,0.0,0.0,0.0,1776887039.28
0.0,0.0,0.0,0.0,1776887039.719
0.0,0.0,0.0,0.0,1776887039.744
0.0,0.0,0.0,0.0,1776887039.759
0.0,0.0,0.0,0.0,1776887039.781
0.0,0.0,0.0,0.0,1776887039.799
0.0,0.0,0.0,0.0,1776887040.225
0.0,0.0,0.0,0.0,1776887040.243
0.0,0.0,0.0,0.0,1776887040.259
0.0,0.0,0.0,0.0,1776887040.286
0.0,0.0,0.0,0.0,1776887040.302
0.0,0.0,0.0,0.0,1776887040.719
0.0,0.0,0.0,0.0,1776887040.745
0.0,0.0,0.0,0.0,1776887040.759
0.0,0.0,0.0,0.0,1776887040.785
0.0,0.0,0.0,0.0,1776887040.799
0.0,0.0,0.0,0.0,1776887041.219
0.0,0.0,0.0,0.0,1776887041.246
0.0,0.0,0.0,0.0,1776887041.26
0.0,0.0,0.0,0.0,1776887041.285
0.0,0.0,0.0,0.0,1776887041.299
0.0,0.0,0.0,0.0,1776887041.719
0.0,0.0,0.0,0.0,1776887041.745
0.0,0.0,0.0,0.0,1776887041.76
0.0,0.0,0.0,0.0,1776887041.786
0.0,0.0,0.0,0.0,1776887041.799
0.0,0.0,0.0,0.0,1776887042.224
0.0,0.0,0.0,0.0,1776887042.239
0.0,0.0,0.0,0.0,1776887042.266
0.0,0.0,0.0,0.0,1776887042.279
0.0,0.0,0.0,0.0,1776887042.305
0.0,0.0,0.0,0.0,1776887042.725
0.0,0.0,0.0,0.0,1776887042.744
0.0,0.0,0.0,0.0,1776887042.759
0.0,0.0,0.0,0.0,1776887042.785
0.0,0.0,0.0,0.0,1776887042.8
0.0,0.0,0.0,0.0,1776887043.219
0.0,0.0,0.0,0.0,1776887043.251
0.0,0.0,0.0,0.0,1776887043.262
0.0,0.0,0.0,0.0,1776887043.284
0.0,0.0,0.0,0.0,1776887043.299
0.0,0.0,0.0,0.0,1776887043.726
0.0,0.0,0.0,0.0,1776887043.739
0.0,0.0,0.0,0.0,1776887043.765
0.0,0.0,0.0,0.0,1776887043.779
0.0,0.0,0.0,0.0,1776887043.806
0.0,0.0,0.0,0.0,1776887044.225
0.0,0.0,0.0,0.0,1776887044.239
0.0,0.0,0.0,0.0,1776887044.266
0.0,0.0,0.0,0.0,1776887044.279
0.0,0.0,0.0,0.0,1776887044.305
0.0,0.0,0.0,0.0,1776887044.724
0.0,0.0,0.0,0.0,1776887044.739
0.0,0.0,0.0,0.0,1776887044.766
0.0,0.0,0.0,0.0,1776887044.782
0.0,0.0,0.0,0.0,1776887044.799
0.0,0.0,0.0,0.0,1776887045.225
0.0,0.0,0.0,0.0,1776887045.239
0.0,0.0,0.0,0.0,1776887045.265
0.0,0.0,0.0,0.0,1776887045.279
0.0,0.0,0.0,0.0,1776887045.305
0.0,0.0,0.0,0.0,1776887045.726
0.0,0.0,0.0,0.0,1776887045.739
0.0,0.0,0.0,0.0,1776887045.765
0.0,0.0,0.0,0.0,1776887045.779
0.0,0.0,0.0,0.0,1776887045.806
0.0,0.0,0.0,0.0,1776887046.225
0.0,0.0,0.0,0.0,1776887046.239
0.0,0.0,0.0,0.0,1776887046.265
0.0,0.0,0.0,0.0,1776887046.281
0.0,0.0,0.0,0.0,1776887046.307
0.0,0.0,0.0,0.0,1776887046.719
0.0,0.0,0.0,0.0,1776887046.746
0.0,0.0,0.0,0.0,1776887046.759
0.0,0.0,0.0,0.0,1776887046.785
0.0,0.0,0.0,0.0,1776887046.799
0.0,0.0,0.0,0.0,1776887047.219
0.0,0.0,0.0,0.0,1776887047.246
0.0,0.0,0.0,0.0,1776887047.259
0.0,0.0,0.0,0.0,1776887047.286
0.0,0.0,0.0,0.0,1776887047.3
0.0,0.0,0.0,0.0,1776887047.739
0.0,0.0,0.0,0.0,1776887047.765
0.0,0.0,0.0,0.0,1776887047.779
0.0,0.0,0.0,0.0,1776887047.805
0.0,0.0,0.0,0.0,1776887047.819
0.0,0.0,0.0,0.0,1776887048.239
0.0,0.0,0.0,0.0,1776887048.265
0.0,0.0,0.0,0.0,1776887048.279
0.0,0.0,0.0,0.0,1776887048.305
0.0,0.0,0.0,0.0,1776887048.319
0.0,0.0,0.0,0.0,1776887048.745
0.0,0.0,0.0,0.0,1776887048.759
0.0,0.0,0.0,0.0,1776887048.786
0.0,0.0,0.0,0.0,1776887048.799
0.0,0.0,0.0,0.0,1776887048.825
0.0,0.0,0.0,0.0,1776887049.245
0.0,0.0,0.0,0.0,1776887049.262
0.0,0.0,0.0,0.0,1776887049.288
0.0,0.0,0.0,0.0,1776887049.299
0.0,0.0,0.0,0.0,1776887049.326
0.0,0.0,0.0,0.0,1776887050.243
0.0,0.0,0.0,0.0,1776887050.259
0.0,0.0,0.0,0.0,1776887050.285
0.0,0.0,0.0,0.0,1776887050.299
0.0,0.0,0.0,0.0,1776887050.326
0.0,0.0,0.0,0.0,1776887050.759
0.0,0.0,0.0,0.0,1776887050.785
0.0,0.0,0.0,0.0,1776887050.801
0.0,0.0,0.0,0.0,1776887050.827
0.0,0.0,0.0,0.0,1776887050.839
0.0,0.0,0.0,0.0,1776887051.239
0.0,0.0,0.0,0.0,1776887051.266
0.0,0.0,0.0,0.0,1776887051.279
0.0,0.0,0.0,0.0,1776887051.305
0.0,0.0,0.0,0.0,1776887051.319
0.0,0.0,0.0,0.0,1776887051.765
0.0,0.0,0.0,0.0,1776887051.779
0.0,0.0,0.0,0.0,1776887051.806
0.0,0.0,0.0,0.0,1776887051.823
0.0,0.0,0.0,0.0,1776887051.839
0.0,0.0,0.0,0.0,1776887052.259
0.0,0.0,0.0,0.0,1776887052.286
0.0,0.0,0.0,0.0,1776887052.299
0.0,0.0,0.0,0.0,1776887052.325
0.0,0.0,0.0,0.0,1776887052.341
0.0,0.0,0.0,0.0,1776887052.766
0.0,0.0,0.0,0.0,1776887052.784
0.0,0.0,0.0,0.0,1776887052.799
0.0,0.0,0.0,0.0,1776887052.82
0.0,0.0,0.0,0.0,1776887052.846
0.0,0.0,0.0,0.0,1776887053.265
0.0,0.0,0.0,0.0,1776887053.279
0.0,0.0,0.0,0.0,1776887053.305
0.0,0.0,0.0,0.0,1776887053.321
0.0,0.0,0.0,0.0,1776887053.347
0.0,0.0,0.0,0.0,1776887053.767
0.0,0.0,0.0,0.0,1776887053.779
0.0,0.0,0.0,0.0,1776887053.812
0.0,0.0,0.0,0.0,1776887053.822
0.0,0.0,0.0,0.0,1776887053.84
0.0,0.0,0.0,0.0,1776887054.26
0.0,0.0,0.0,0.0,1776887054.286
0.0,0.0,0.0,0.0,1776887054.299
0.0,0.0,0.0,0.0,1776887054.327
0.0,0.0,0.0,0.0,1776887054.339
0.0,0.0,0.0,0.0,1776887054.759
0.0,0.0,0.0,0.0,1776887054.785
0.0,0.0,0.0,0.0,1776887054.8
0.0,0.0,0.0,0.0,1776887054.819
0.0,0.0,0.0,0.0,1776887054.839
0.0,0.0,0.0,0.0,1776887055.265
0.0,0.0,0.0,0.0,1776887055.279
0.0,0.0,0.0,0.0,1776887055.306
0.0,0.0,0.0,0.0,1776887055.319
0.0,0.0,0.0,0.0,1776887055.345
0.0,0.0,0.0,0.0,1776887055.779
0.0,0.0,0.0,0.0,1776887055.806
0.0,0.0,0.0,0.0,1776887055.819
0.0,0.0,0.0,0.0,1776887055.845
0.0,0.0,0.0,0.0,1776887055.859
0.0,0.0,0.0,0.0,1776887056.279
0.0,0.0,0.0,0.0,1776887056.305
0.0,0.0,0.0,0.0,1776887056.32
0.0,0.0,0.0,0.0,1776887056.346
0.0,0.0,0.0,0.0,1776887056.36
0.0,0.0,0.0,0.0,1776887056.779
0.0,0.0,0.0,0.0,1776887056.805
0.0,0.0,0.0,0.0,1776887056.819
0.0,0.0,0.0,0.0,1776887056.845
0.0,0.0,0.0,0.0,1776887056.859
0.0,0.0,0.0,0.0,1776887057.279
0.0,0.0,0.0,0.0,1776887057.301
0.0,0.0,0.0,0.0,1776887057.327
0.0,0.0,0.0,0.0,1776887057.339
0.0,0.0,0.0,0.0,1776887057.365
0.0,0.0,0.0,0.0,1776887057.785
0.0,0.0,0.0,0.0,1776887057.799
0.0,0.0,0.0,0.0,1776887057.826
0.0,0.0,0.0,0.0,1776887057.842
0.0,0.0,0.0,0.0,1776887057.859
0.0,0.0,0.0,0.0,1776887058.286
0.0,0.0,0.0,0.0,1776887058.299
0.0,0.0,0.0,0.0,1776887058.325
0.0,0.0,0.0,0.0,1776887058.339
0.0,0.0,0.0,0.0,1776887058.366
0.0,0.0,0.0,0.0,1776887058.805
0.0,0.0,0.0,0.0,1776887058.819
0.0,0.0,0.0,0.0,1776887058.848
0.0,0.0,0.0,0.0,1776887058.864
0.0,0.0,0.0,0.0,1776887058.879
0.0,0.0,0.0,0.0,1776887059.279
0.0,0.0,0.0,0.0,1776887059.305
0.0,0.0,0.0,0.0,1776887059.319
0.0,0.0,0.0,0.0,1776887059.345
0.0,0.0,0.0,0.0,1776887059.359
0.0,0.0,0.0,0.0,1776887059.799
0.0,0.0,0.0,0.0,1776887059.825
0.0,0.0,0.0,0.0,1776887059.839
0.0,0.0,0.0,0.0,1776887059.867
0.0,0.0,0.0,0.0,1776887059.88
0.0,0.0,0.0,0.0,1776887060.305
0.0,0.0,0.0,0.0,1776887060.321
0.0,0.0,0.0,0.0,1776887060.348
0.0,0.0,0.0,0.0,1776887060.359
0.0,0.0,0.0,0.0,1776887060.385
0.0,0.0,0.0,0.0,1776887060.805
0.0,0.0,0.0,0.0,1776887060.819
0.0,0.0,0.0,0.0,1776887060.847
0.0,0.0,0.0,0.0,1776887060.859
0.0,0.0,0.0,0.0,1776887060.886
0.0,0.0,0.0,0.0,1776887061.306
0.0,0.0,0.0,0.0,1776887061.32
0.0,0.0,0.0,0.0,1776887061.346
0.0,0.0,0.0,0.0,1776887061.359
0.0,0.0,0.0,0.0,1776887061.385
0.0,0.0,0.0,0.0,1776887061.799
0.0,0.0,0.0,0.0,1776887061.826
0.0,0.0,0.0,0.0,1776887061.839
0.0,0.0,0.0,0.0,1776887061.865
0.0,0.0,0.0,0.0,1776887061.879
0.0,0.0,0.0,0.0,1776887062.299
0.0,0.0,0.0,0.0,1776887062.321
0.0,0.0,0.0,0.0,1776887062.347
0.0,0.0,0.0,0.0,1776887062.359
0.0,0.0,0.0,0.0,1776887062.385
0.0,0.0,0.0,0.0,1776887062.799
0.0,0.0,0.0,0.0,1776887062.819
0.0,0.0,0.0,0.0,1776887062.845
0.0,0.0,0.0,0.0,1776887062.86
0.0,0.0,0.0,0.0,1776887062.88
0.0,0.0,0.0,0.0,1776887063.299
0.0,0.0,0.0,0.0,1776887063.327
0.0,0.0,0.0,0.0,1776887063.342
0.0,0.0,0.0,0.0,1776887063.359
0.0,0.0,0.0,0.0,1776887063.386
0.0,0.0,0.0,0.0,1776887063.801
0.0,0.0,0.0,0.0,1776887063.827
0.0,0.0,0.0,0.0,1776887063.839
0.0,0.0,0.0,0.0,1776887063.865
0.0,0.0,0.0,0.0,1776887063.879
0.0,0.0,0.0,0.0,1776887064.302
0.0,0.0,0.0,0.0,1776887064.319
0.0,0.0,0.0,0.0,1776887064.345
0.0,0.0,0.0,0.0,1776887064.359
0.0,0.0,0.0,0.0,1776887064.387
0.0,0.0,0.0,0.0,1776887064.821
0.0,0.0,0.0,0.0,1776887064.846
0.0,0.0,0.0,0.0,1776887064.859
0.0,0.0,0.0,0.0,1776887064.889
0.0,0.0,0.0,0.0,1776887064.9
0.0,0.0,0.0,0.0,1776887065.319
0.0,0.0,0.0,0.0,1776887065.345
0.0,0.0,0.0,0.0,1776887065.359
0.0,0.0,0.0,0.0,1776887065.389
0.0,0.0,0.0,0.0,1776887065.4
0.0,0.0,0.0,0.0,1776887066.319
0.0,0.0,0.0,0.0,1776887066.345
0.0,0.0,0.0,0.0,1776887066.359
0.0,0.0,0.0,0.0,1776887066.385
0.0,0.0,0.0,0.0,1776887066.399
0.0,0.0,0.0,0.0,1776887066.819
0.0,0.0,0.0,0.0,1776887066.846
0.0,0.0,0.0,0.0,1776887066.862
0.0,0.0,0.0,0.0,1776887066.879
0.0,0.0,0.0,0.0,1776887066.906
0.0,0.0,0.0,0.0,1776887067.325
0.0,0.0,0.0,0.0,1776887067.339
0.0,0.0,0.0,0.0,1776887067.367
0.0,0.0,0.0,0.0,1776887067.38
0.0,0.0,0.0,0.0,1776887067.406
0.0,0.0,0.0,0.0,1776887068.325
0.0,0.0,0.0,0.0,1776887068.339
0.0,0.0,0.0,0.0,1776887068.371
0.0,0.0,0.0,0.0,1776887068.382
0.0,0.0,0.0,0.0,1776887068.4
0.0,0.0,0.0,0.0,1776887069.319
0.0,0.0,0.0,0.0,1776887069.345
0.0,0.0,0.0,0.0,1776887069.36
0.0,0.0,0.0,0.0,1776887069.386
0.0,0.0,0.0,0.0,1776887069.399
0.0,0.0,0.0,0.0,1776887069.825
0.0,0.0,0.0,0.0,1776887069.839
0.0,0.0,0.0,0.0,1776887069.868
0.0,0.0,0.0,0.0,1776887069.879
0.0,0.0,0.0,0.0,1776887069.905
0.0,0.0,0.0,0.0,1776887070.819
0.0,0.0,0.0,0.0,1776887070.846
0.0,0.0,0.0,0.0,1776887070.859
0.0,0.0,0.0,0.0,1776887070.886
0.0,0.0,0.0,0.0,1776887070.9
0.0,0.0,0.0,0.0,1776887071.32
0.0,0.0,0.0,0.0,1776887071.346
0.0,0.0,0.0,0.0,1776887071.36
0.0,0.0,0.0,0.0,1776887071.385
0.0,0.0,0.0,0.0,1776887071.399
0.0,0.0,0.0,0.0,1776887071.819
0.0,0.0,0.0,0.0,1776887071.845
0.0,0.0,0.0,0.0,1776887071.86
0.0,0.0,0.0,0.0,1776887071.886
0.0,0.0,0.0,0.0,1776887071.899
0.0,0.0,0.0,0.0,1776887072.32
0.0,0.0,0.0,0.0,1776887072.347
0.0,0.0,0.0,0.0,1776887072.36
0.0,0.0,0.0,0.0,1776887072.386
0.0,0.0,0.0,0.0,1776887072.401
0.0,0.0,0.0,0.0,1776887073.34
0.0,0.0,0.0,0.0,1776887073.366
0.0,0.0,0.0,0.0,1776887073.38
0.0,0.0,0.0,0.0,1776887073.405
0.0,0.0,0.0,0.0,1776887073.42
0.0,0.0,0.0,0.0,1776887074.346
0.0,0.0,0.0,0.0,1776887074.36
0.0,0.0,0.0,0.0,1776887074.386
0.0,0.0,0.0,0.0,1776887074.4
0.0,0.0,0.0,0.0,1776887074.42
0.0,0.0,0.0,0.0,1776887074.846
0.0,0.0,0.0,0.0,1776887074.862
0.0,0.0,0.0,0.0,1776887074.888
0.0,0.0,0.0,0.0,1776887074.9
0.0,0.0,0.0,0.0,1776887074.927
0.0,0.0,0.0,0.0,1776887075.868
0.0,0.0,0.0,0.0,1776887075.88
0.0,0.0,0.0,0.0,1776887075.906
0.0,0.0,0.0,0.0,1776887075.92
0.0,0.0,0.0,0.0,1776887075.946
0.0,0.0,0.0,0.0,1776887076.36
0.0,0.0,0.0,0.0,1776887076.385
0.0,0.0,0.0,0.0,1776887076.4
0.0,0.0,0.0,0.0,1776887076.426
0.0,0.0,0.0,0.0,1776887076.44
0.0,0.0,0.0,0.0,1776887076.86
0.0,0.0,0.0,0.0,1776887076.889
0.0,0.0,0.0,0.0,1776887076.901
0.0,0.0,0.0,0.0,1776887076.927
0.0,0.0,0.0,0.0,1776887076.94
0.0,0.0,0.0,0.0,1776887077.36
0.0,0.0,0.0,0.0,1776887077.386
0.0,0.0,0.0,0.0,1776887077.4
0.0,0.0,0.0,0.0,1776887077.426
0.0,0.0,0.0,0.0,1776887077.44
0.0,0.0,0.0,0.0,1776887077.865
0.0,0.0,0.0,0.0,1776887077.88
0.0,0.0,0.0,0.0,1776887077.906
0.0,0.0,0.0,0.0,1776887077.92
0.0,0.0,0.0,0.0,1776887077.946
0.0,0.0,0.0,0.0,1776887078.366
0.0,0.0,0.0,0.0,1776887078.383
0.0,0.0,0.0,0.0,1776887078.4
0.0,0.0,0.0,0.0,1776887078.426
0.0,0.0,0.0,0.0,1776887078.44
0.0,0.0,0.0,0.0,1776887079.887
0.0,0.0,0.0,0.0,1776887079.9
0.0,0.0,0.0,0.0,1776887079.927
0.0,0.0,0.0,0.0,1776887079.94
0.0,0.0,0.0,0.0,1776887079.966
0.0,0.0,0.0,0.0,1776887080.36
0.0,0.0,0.0,0.0,1776887080.387
0.0,0.0,0.0,0.0,1776887080.4
0.0,0.0,0.0,0.0,1776887080.43
0.0,0.0,0.0,0.0,1776887080.44
0.0,0.0,0.0,0.0,1776887080.88
0.0,0.0,0.0,0.0,1776887080.907
0.0,0.0,0.0,0.0,1776887080.92
0.0,0.0,0.0,0.0,1776887080.946
0.0,0.0,0.0,0.0,1776887080.96
0.0,0.0,0.0,0.0,1776887081.38
0.0,0.0,0.0,0.0,1776887081.406
0.0,0.0,0.0,0.0,1776887081.42
0.0,0.0,0.0,0.0,1776887081.445
0.0,0.0,0.0,0.0,1776887081.46
0.0,0.0,0.0,0.0,1776887082.88
0.0,0.0,0.0,0.0,1776887082.906
0.0,0.0,0.0,0.0,1776887082.92
0.0,0.0,0.0,0.0,1776887082.946
0.0,0.0,0.0,0.0,1776887082.96
0.0,0.0,0.0,0.0,1776887083.38
0.0,0.0,0.0,0.0,1776887083.406
0.0,0.0,0.0,0.0,1776887083.42
0.0,0.0,0.0,0.0,1776887083.447
0.0,0.0,0.0,0.0,1776887083.46
0.0,0.0,0.0,0.0,1776887083.88
0.0,0.0,0.0,0.0,1776887083.911
0.0,0.0,0.0,0.0,1776887083.921
0.0,0.0,0.0,0.0,1776887083.951
0.0,0.0,0.0,0.0,1776887083.963
0.0,0.0,0.0,0.0,1776887084.88
0.0,0.0,0.0,0.0,1776887084.906
0.0,0.0,0.0,0.0,1776887084.92
0.0,0.0,0.0,0.0,1776887084.946
0.0,0.0,0.0,0.0,1776887084.96
0.0,0.0,0.0,0.0,1776887085.38
0.0,0.0,0.0,0.0,1776887085.407
0.0,0.0,0.0,0.0,1776887085.42
0.0,0.0,0.0,0.0,1776887085.447
0.0,0.0,0.0,0.0,1776887085.46
0.0,0.0,0.0,0.0,1776887086.4
0.0,0.0,0.0,0.0,1776887086.427
0.0,0.0,0.0,0.0,1776887086.44
0.0,0.0,0.0,0.0,1776887086.466
0.0,0.0,0.0,0.0,1776887086.48
0.0,0.0,0.0,0.0,1776887086.902
0.0,0.0,0.0,0.0,1776887086.928
0.0,0.0,0.0,0.0,1776887086.94
0.0,0.0,0.0,0.0,1776887086.968
0.0,0.0,0.0,0.0,1776887086.98
0.0,0.0,0.0,0.0,1776887087.41
0.0,0.0,0.0,0.0,1776887087.42
0.0,0.0,0.0,0.0,1776887087.448
0.0,0.0,0.0,0.0,1776887087.463
0.0,0.0,0.0,0.0,1776887087.48
0.0,0.0,0.0,0.0,1776887087.923
0.0,0.0,0.0,0.0,1776887087.94
0.0,0.0,0.0,0.0,1776887087.967
0.0,0.0,0.0,0.0,1776887087.987
0.0,0.0,0.0,0.0,1776887088.0
0.0,0.0,0.0,0.0,1776887088.426
0.0,0.0,0.0,0.0,1776887088.44
0.0,0.0,0.0,0.0,1776887088.466
0.0,0.0,0.0,0.0,1776887088.482
0.0,0.0,0.0,0.0,1776887088.5
0.0,0.0,0.0,0.0,1776887088.926
0.0,0.0,0.0,0.0,1776887088.94
0.0,0.0,0.0,0.0,1776887088.966
0.0,0.0,0.0,0.0,1776887088.98
0.0,0.0,0.0,0.0,1776887089.013
0.0,0.0,0.0,0.0,1776887089.426
0.0,0.0,0.0,0.0,1776887089.44
0.0,0.0,0.0,0.0,1776887089.461
0.0,0.0,0.0,0.0,1776887089.489
0.0,0.0,0.0,0.0,1776887089.5
0.0,0.0,0.0,0.0,1776887089.92
0.0,0.0,0.0,0.0,1776887089.948
0.0,0.0,0.0,0.0,1776887089.96
0.0,0.0,0.0,0.0,1776887089.986
0.0,0.0,0.0,0.0,1776887090.001
0.0,0.0,0.0,0.0,1776887090.921
0.0,0.0,0.0,0.0,1776887090.94
0.0,0.0,0.0,0.0,1776887090.966
0.0,0.0,0.0,0.0,1776887090.98
0.0,0.0,0.0,0.0,1776887091.006
0.0,0.0,0.0,0.0,1776887091.42
0.0,0.0,0.0,0.0,1776887091.446
0.0,0.0,0.0,0.0,1776887091.46
0.0,0.0,0.0,0.0,1776887091.486
0.0,0.0,0.0,0.0,1776887091.506
0.0,0.0,0.0,0.0,1776887091.926
0.0,0.0,0.0,0.0,1776887091.94
0.0,0.0,0.0,0.0,1776887091.967
0.0,0.0,0.0,0.0,1776887091.98
0.0,0.0,0.0,0.0,1776887092.006
0.0,0.0,0.0,0.0,1776887092.427
0.0,0.0,0.0,0.0,1776887092.44
0.0,0.0,0.0,0.0,1776887092.466
0.0,0.0,0.0,0.0,1776887092.48
0.0,0.0,0.0,0.0,1776887092.507
0.0,0.0,0.0,0.0,1776887092.92
0.0,0.0,0.0,0.0,1776887092.946
0.0,0.0,0.0,0.0,1776887092.962
0.0,0.0,0.0,0.0,1776887092.98
0.0,0.0,0.0,0.0,1776887093.006
0.0,0.0,0.0,0.0,1776887093.426
0.0,0.0,0.0,0.0,1776887093.44
0.0,0.0,0.0,0.0,1776887093.466
0.0,0.0,0.0,0.0,1776887093.48
0.0,0.0,0.0,0.0,1776887093.506
0.0,0.0,0.0,0.0,1776887093.94
0.0,0.0,0.0,0.0,1776887093.966
0.0,0.0,0.0,0.0,1776887093.98
0.0,0.0,0.0,0.0,1776887094.007
0.0,0.0,0.0,0.0,1776887094.02
0.0,0.0,0.0,0.0,1776887094.429
0.0,0.0,0.0,0.0,1776887094.44
0.0,0.0,0.0,0.0,1776887094.466
0.0,0.0,0.0,0.0,1776887094.481
0.0,0.0,0.0,0.0,1776887094.5
0.0,0.0,0.0,0.0,1776887095.46
0.0,0.0,0.0,0.0,1776887095.486
0.0,0.0,0.0,0.0,1776887095.5
0.0,0.0,0.0,0.0,1776887095.525
0.0,0.0,0.0,0.0,1776887095.543
0.0,0.0,0.0,0.0,1776887095.969
0.0,0.0,0.0,0.0,1776887095.98
0.0,0.0,0.0,0.0,1776887096.006
0.0,0.0,0.0,0.0,1776887096.02
0.0,0.0,0.0,0.0,1776887096.047
0.0,0.0,0.0,0.0,1776887096.466
0.0,0.0,0.0,0.0,1776887096.48
0.0,0.0,0.0,0.0,1776887096.508
0.0,0.0,0.0,0.0,1776887096.52
0.0,0.0,0.0,0.0,1776887096.546
0.0,0.0,0.0,0.0,1776887096.968
0.0,0.0,0.0,0.0,1776887096.98
0.0,0.0,0.0,0.0,1776887097.006
0.0,0.0,0.0,0.0,1776887097.02
0.0,0.0,0.0,0.0,1776887097.046
0.0,0.0,0.0,0.0,1776887097.461
0.0,0.0,0.0,0.0,1776887097.487
0.0,0.0,0.0,0.0,1776887097.5
0.0,0.0,0.0,0.0,1776887097.52
0.0,0.0,0.0,0.0,1776887097.544
0.0,0.0,0.0,0.0,1776887098.46
0.0,0.0,0.0,0.0,1776887098.487
0.0,0.0,0.0,0.0,1776887098.5
0.0,0.0,0.0,0.0,1776887098.526
0.0,0.0,0.0,0.0,1776887098.544
0.0,0.0,0.0,0.0,1776887098.96
0.0,0.0,0.0,0.0,1776887098.986
0.0,0.0,0.0,0.0,1776887099.0
0.0,0.0,0.0,0.0,1776887099.026
0.0,0.0,0.0,0.0,1776887099.04
0.0,0.0,0.0,0.0,1776887099.46
0.0,0.0,0.0,0.0,1776887099.486
0.0,0.0,0.0,0.0,1776887099.502
0.0,0.0,0.0,0.0,1776887099.529
0.0,0.0,0.0,0.0,1776887099.54
0.0,0.0,0.0,0.0,1776887100.464
0.0,0.0,0.0,0.0,1776887100.484
0.0,0.0,0.0,0.0,1776887100.5
0.0,0.0,0.0,0.0,1776887100.529
0.0,0.0,0.0,0.0,1776887100.54
0.0,0.0,0.0,0.0,1776887100.98
0.0,0.0,0.0,0.0,1776887101.007
0.0,0.0,0.0,0.0,1776887101.02
0.0,0.0,0.0,0.0,1776887101.049
0.0,0.0,0.0,0.0,1776887101.06
0.0,0.0,0.0,0.0,1776887101.48
0.0,0.0,0.0,0.0,1776887101.507
0.0,0.0,0.0,0.0,1776887101.52
0.0,0.0,0.0,0.0,1776887101.546
0.0,0.0,0.0,0.0,1776887101.56
0.0,0.0,0.0,0.0,1776887101.96
0.0,0.0,0.0,0.0,1776887101.986
0.0,0.0,0.0,0.0,1776887102.0
0.0,0.0,0.0,0.0,1776887102.027
0.0,0.0,0.0,0.0,1776887102.042
0.0,0.0,0.0,0.0,1776887102.481
0.0,0.0,0.0,0.0,1776887102.5
0.0,0.0,0.0,0.0,1776887102.528
0.0,0.0,0.0,0.0,1776887102.54
0.0,0.0,0.0,0.0,1776887102.566
0.0,0.0,0.0,0.0,1776887103.486
0.0,0.0,0.0,0.0,1776887103.5
0.0,0.0,0.0,0.0,1776887103.529
0.0,0.0,0.0,0.0,1776887103.54
0.0,0.0,0.0,0.0,1776887103.566
0.0,0.0,0.0,0.0,1776887103.986
0.0,0.0,0.0,0.0,1776887104.0
0.0,0.0,0.0,0.0,1776887104.026
0.0,0.0,0.0,0.0,1776887104.041
0.0,0.0,0.0,0.0,1776887104.06
0.0,0.0,0.0,0.0,1776887104.48
0.0,0.0,0.0,0.0,1776887104.5
0.0,0.0,0.0,0.0,1776887104.529
0.0,0.0,0.0,0.0,1776887104.541
0.0,0.0,0.0,0.0,1776887104.566
0.0,0.0,0.0,0.0,1776887105.0
0.0,0.0,0.0,0.0,1776887105.026
0.0,0.0,0.0,0.0,1776887105.04
0.0,0.0,0.0,0.0,1776887105.066
0.0,0.0,0.0,0.0,1776887105.08
0.0,0.0,0.0,0.0,1776887105.48
0.0,0.0,0.0,0.0,1776887105.506
0.0,0.0,0.0,0.0,1776887105.525
0.0,0.0,0.0,0.0,1776887105.54
0.0,0.0,0.0,0.0,1776887105.566
0.0,0.0,0.0,0.0,1776887106.0
0.0,0.0,0.0,0.0,1776887106.026
0.0,0.0,0.0,0.0,1776887106.04
0.0,0.0,0.0,0.0,1776887106.067
0.0,0.0,0.0,0.0,1776887106.08
0.0,0.0,0.0,0.0,1776887106.5
0.0,0.0,0.0,0.0,1776887106.527
0.0,0.0,0.0,0.0,1776887106.54
0.0,0.0,0.0,0.0,1776887106.566
0.0,0.0,0.0,0.0,1776887106.58
0.0,0.0,0.0,0.0,1776887107.0
0.0,0.0,0.0,0.0,1776887107.026
0.0,0.0,0.0,0.0,1776887107.04
0.0,0.0,0.0,0.0,1776887107.06
0.0,0.0,0.0,0.0,1776887107.091
0.0,0.0,0.0,0.0,1776887107.502
0.0,0.0,0.0,0.0,1776887107.528
0.0,0.0,0.0,0.0,1776887107.54
0.0,0.0,0.0,0.0,1776887107.567
0.0,0.0,0.0,0.0,1776887107.58
0.0,0.0,0.0,0.0,1776887108.002
0.0,0.0,0.0,0.0,1776887108.028
0.0,0.0,0.0,0.0,1776887108.04
0.0,0.0,0.0,0.0,1776887108.066
0.0,0.0,0.0,0.0,1776887108.08
0.0,0.0,0.0,0.0,1776887108.5
0.0,0.0,0.0,0.0,1776887108.53
0.0,0.0,0.0,0.0,1776887108.54
0.0,0.0,0.0,0.0,1776887108.568
0.0,0.0,0.0,0.0,1776887108.58
0.0,0.0,0.0,0.0,1776887109.009
0.0,0.0,0.0,0.0,1776887109.02
0.0,0.0,0.0,0.0,1776887109.047
0.0,0.0,0.0,0.0,1776887109.06
0.0,0.0,0.0,0.0,1776887109.087
0.0,0.0,0.0,0.0,1776887109.5
0.0,0.0,0.0,0.0,1776887109.529
0.0,0.0,0.0,0.0,1776887109.54
0.0,0.0,0.0,0.0,1776887109.567
0.0,0.0,0.0,0.0,1776887109.58
0.0,0.0,0.0,0.0,1776887110.021
0.0,0.0,0.0,0.0,1776887110.046
0.0,0.0,0.0,0.0,1776887110.062
0.0,0.0,0.0,0.0,1776887110.09
0.0,0.0,0.0,0.0,1776887110.1
0.0,0.0,0.0,0.0,1776887110.506
0.0,0.0,0.0,0.0,1776887110.52
0.0,0.0,0.0,0.0,1776887110.547
0.0,0.0,0.0,0.0,1776887110.56
0.0,0.0,0.0,0.0,1776887110.58
0.0,0.0,0.0,0.0,1776887111.007
0.0,0.0,0.0,0.0,1776887111.026
0.0,0.0,0.0,0.0,1776887111.04
0.0,0.0,0.0,0.0,1776887111.066
0.0,0.0,0.0,0.0,1776887111.08
0.0,0.0,0.0,0.0,1776887111.506
0.0,0.0,0.0,0.0,1776887111.52
0.0,0.0,0.0,0.0,1776887111.541
0.0,0.0,0.0,0.0,1776887111.567
0.0,0.0,0.0,0.0,1776887111.58
0.0,0.0,0.0,0.0,1776887112.0
0.0,0.0,0.0,0.0,1776887112.026
0.0,0.0,0.0,0.0,1776887112.041
0.0,0.0,0.0,0.0,1776887112.066
0.0,0.0,0.0,0.0,1776887112.081
0.0,0.0,0.0,0.0,1776887112.501
0.0,0.0,0.0,0.0,1776887112.526
0.0,0.0,0.0,0.0,1776887112.54
0.0,0.0,0.0,0.0,1776887112.568
0.0,0.0,0.0,0.0,1776887112.58
0.0,0.0,0.0,0.0,1776887113.027
0.0,0.0,0.0,0.0,1776887113.041
0.0,0.0,0.0,0.0,1776887113.067
0.0,0.0,0.0,0.0,1776887113.081
0.0,0.0,0.0,0.0,1776887113.107
0.0,0.0,0.0,0.0,1776887113.521
0.0,0.0,0.0,0.0,1776887113.546
0.0,0.0,0.0,0.0,1776887113.561
0.0,0.0,0.0,0.0,1776887113.587
0.0,0.0,0.0,0.0,1776887113.6
0.0,0.0,0.0,0.0,1776887114.033
0.0,0.0,0.0,0.0,1776887114.045
0.0,0.0,0.0,0.0,1776887114.06
0.0,0.0,0.0,0.0,1776887114.086
0.0,0.0,0.0,0.0,1776887114.101
0.0,0.0,0.0,0.0,1776887114.527
0.0,0.0,0.0,0.0,1776887114.542
0.0,0.0,0.0,0.0,1776887114.569
0.0,0.0,0.0,0.0,1776887114.581
0.0,0.0,0.0,0.0,1776887114.608
0.0,0.0,0.0,0.0,1776887115.021
0.0,0.0,0.0,0.0,1776887115.049
0.0,0.0,0.0,0.0,1776887115.061
0.0,0.0,0.0,0.0,1776887115.086
0.0,0.0,0.0,0.0,1776887115.101
0.0,0.0,0.0,0.0,1776887115.527
0.0,0.0,0.0,0.0,1776887115.541
0.0,0.0,0.0,0.0,1776887115.572
0.0,0.0,0.0,0.0,1776887115.584
0.0,0.0,0.0,0.0,1776887115.601
0.0,0.0,0.0,0.0,1776887116.029
0.0,0.0,0.0,0.0,1776887116.041
0.0,0.0,0.0,0.0,1776887116.067
0.0,0.0,0.0,0.0,1776887116.081
0.0,0.0,0.0,0.0,1776887116.106
0.0,0.0,0.0,0.0,1776887116.526
0.0,0.0,0.0,0.0,1776887116.541
0.0,0.0,0.0,0.0,1776887116.567
0.0,0.0,0.0,0.0,1776887116.581
0.0,0.0,0.0,0.0,1776887116.607
0.0,0.0,0.0,0.0,1776887117.021
0.0,0.0,0.0,0.0,1776887117.049
0.0,0.0,0.0,0.0,1776887117.061
0.0,0.0,0.0,0.0,1776887117.087
0.0,0.0,0.0,0.0,1776887117.102
0.0,0.0,0.0,0.0,1776887117.541
0.0,0.0,0.0,0.0,1776887117.566
0.0,0.0,0.0,0.0,1776887117.581
0.0,0.0,0.0,0.0,1776887117.601
0.0,0.0,0.0,0.0,1776887117.621
0.0,0.0,0.0,0.0,1776887118.048
0.0,0.0,0.0,0.0,1776887118.063
0.0,0.0,0.0,0.0,1776887118.081
0.0,0.0,0.0,0.0,1776887118.106
0.0,0.0,0.0,0.0,1776887118.121
0.0,0.0,0.0,0.0,1776887118.522
0.0,0.0,0.0,0.0,1776887118.547
0.0,0.0,0.0,0.0,1776887118.561
0.0,0.0,0.0,0.0,1776887118.589
0.0,0.0,0.0,0.0,1776887118.601
0.0,0.0,0.0,0.0,1776887119.049
0.0,0.0,0.0,0.0,1776887119.061
0.0,0.0,0.0,0.0,1776887119.088
0.0,0.0,0.0,0.0,1776887119.101
0.0,0.0,0.0,0.0,1776887119.127
0.0,0.0,0.0,0.0,1776887119.547
0.0,0.0,0.0,0.0,1776887119.561
0.0,0.0,0.0,0.0,1776887119.586
0.0,0.0,0.0,0.0,1776887119.601
0.0,0.0,0.0,0.0,1776887119.627
0.0,0.0,0.0,0.0,1776887120.048
0.0,0.0,0.0,0.0,1776887120.061
0.0,0.0,0.0,0.0,1776887120.089
0.0,0.0,0.0,0.0,1776887120.101
0.0,0.0,0.0,0.0,1776887120.127
0.0,0.0,0.0,0.0,1776887120.547
0.0,0.0,0.0,0.0,1776887120.562
0.0,0.0,0.0,0.0,1776887120.588
0.0,0.0,0.0,0.0,1776887120.601
0.0,0.0,0.0,0.0,1776887120.627
0.0,0.0,0.0,0.0,1776887121.041
0.0,0.0,0.0,0.0,1776887121.067
0.0,0.0,0.0,0.0,1776887121.081
0.0,0.0,0.0,0.0,1776887121.106
0.0,0.0,0.0,0.0,1776887121.121
0.0,0.0,0.0,0.0,1776887121.548
0.0,0.0,0.0,0.0,1776887121.561
0.0,0.0,0.0,0.0,1776887121.586
0.0,0.0,0.0,0.0,1776887121.601
0.0,0.0,0.0,0.0,1776887121.627
0.0,0.0,0.0,0.0,1776887122.061
0.0,0.0,0.0,0.0,1776887122.089
0.0,0.0,0.0,0.0,1776887122.101
0.0,0.0,0.0,0.0,1776887122.126
0.0,0.0,0.0,0.0,1776887122.141
0.0,0.0,0.0,0.0,1776887122.561
0.0,0.0,0.0,0.0,1776887122.586
0.0,0.0,0.0,0.0,1776887122.601
0.0,0.0,0.0,0.0,1776887122.628
0.0,0.0,0.0,0.0,1776887122.641
0.0,0.0,0.0,0.0,1776887123.069
0.0,0.0,0.0,0.0,1776887123.081
0.0,0.0,0.0,0.0,1776887123.107
0.0,0.0,0.0,0.0,1776887123.121
0.0,0.0,0.0,0.0,1776887123.147
0.0,0.0,0.0,0.0,1776887123.561
0.0,0.0,0.0,0.0,1776887123.588
0.0,0.0,0.0,0.0,1776887123.601
0.0,0.0,0.0,0.0,1776887123.631
0.0,0.0,0.0,0.0,1776887123.642
0.0,0.0,0.0,0.0,1776887124.062
0.0,0.0,0.0,0.0,1776887124.089
0.0,0.0,0.0,0.0,1776887124.101
0.0,0.0,0.0,0.0,1776887124.127
0.0,0.0,0.0,0.0,1776887124.141
0.0,0.0,0.0,0.0,1776887124.561
0.0,0.0,0.0,0.0,1776887124.589
0.0,0.0,0.0,0.0,1776887124.601
0.0,0.0,0.0,0.0,1776887124.626
0.0,0.0,0.0,0.0,1776887124.641
0.0,0.0,0.0,0.0,1776887125.068
0.0,0.0,0.0,0.0,1776887125.081
0.0,0.0,0.0,0.0,1776887125.107
0.0,0.0,0.0,0.0,1776887125.121
0.0,0.0,0.0,0.0,1776887125.148
0.0,0.0,0.0,0.0,1776887125.567
0.0,0.0,0.0,0.0,1776887125.581
0.0,0.0,0.0,0.0,1776887125.601
0.0,0.0,0.0,0.0,1776887125.629
0.0,0.0,0.0,0.0,1776887125.641
0.0,0.0,0.0,0.0,1776887126.063
0.0,0.0,0.0,0.0,1776887126.089
0.0,0.0,0.0,0.0,1776887126.101
0.0,0.0,0.0,0.0,1776887126.127
0.0,0.0,0.0,0.0,1776887126.141
0.0,0.0,0.0,0.0,1776887126.581
0.0,0.0,0.0,0.0,1776887126.607
0.0,0.0,0.0,0.0,1776887126.621
0.0,0.0,0.0,0.0,1776887126.647
0.0,0.0,0.0,0.0,1776887126.661
0.0,0.0,0.0,0.0,1776887127.081
0.0,0.0,0.0,0.0,1776887127.107
0.0,0.0,0.0,0.0,1776887127.121
0.0,0.0,0.0,0.0,1776887127.149
0.0,0.0,0.0,0.0,1776887127.161
0.0,0.0,0.0,0.0,1776887127.587
0.0,0.0,0.0,0.0,1776887127.606
0.0,0.0,0.0,0.0,1776887127.621
0.0,0.0,0.0,0.0,1776887127.647
0.0,0.0,0.0,0.0,1776887127.662
0.0,0.0,0.0,0.0,1776887128.063
0.0,0.0,0.0,0.0,1776887128.081
0.0,0.0,0.0,0.0,1776887128.111
0.0,0.0,0.0,0.0,1776887128.122
0.0,0.0,0.0,0.0,1776887128.155
0.0,0.0,0.0,0.0,1776887128.581
0.0,0.0,0.0,0.0,1776887128.607
0.0,0.0,0.0,0.0,1776887128.627
0.0,0.0,0.0,0.0,1776887128.641
0.0,0.0,0.0,0.0,1776887128.667
0.0,0.0,0.0,0.0,1776887129.081
0.0,0.0,0.0,0.0,1776887129.107
0.0,0.0,0.0,0.0,1776887129.121
0.0,0.0,0.0,0.0,1776887129.149
0.0,0.0,0.0,0.0,1776887129.161
0.0,0.0,0.0,0.0,1776887129.582
0.0,0.0,0.0,0.0,1776887129.608
0.0,0.0,0.0,0.0,1776887129.621
0.0,0.0,0.0,0.0,1776887129.647
0.0,0.0,0.0,0.0,1776887129.661
0.0,0.0,0.0,0.0,1776887130.081
0.0,0.0,0.0,0.0,1776887130.102
0.0,0.0,0.0,0.0,1776887130.128
0.0,0.0,0.0,0.0,1776887130.141
0.0,0.0,0.0,0.0,1776887130.168
0.0,0.0,0.0,0.0,1776887130.587
0.0,0.0,0.0,0.0,1776887130.601
0.0,0.0,0.0,0.0,1776887130.627
0.0,0.0,0.0,0.0,1776887130.641
0.0,0.0,0.0,0.0,1776887130.67
0.0,0.0,0.0,0.0,1776887131.087
0.0,0.0,0.0,0.0,1776887131.101
0.0,0.0,0.0,0.0,1776887131.127
0.0,0.0,0.0,0.0,1776887131.141
0.0,0.0,0.0,0.0,1776887131.167
0.0,0.0,0.0,0.0,1776887131.587
0.0,0.0,0.0,0.0,1776887131.601
0.0,0.0,0.0,0.0,1776887131.627
0.0,0.0,0.0,0.0,1776887131.641
0.0,0.0,0.0,0.0,1776887131.667
0.0,0.0,0.0,0.0,1776887132.102
0.0,0.0,0.0,0.0,1776887132.128
0.0,0.0,0.0,0.0,1776887132.143
0.0,0.0,0.0,0.0,1776887132.169
0.0,0.0,0.0,0.0,1776887132.181
0.0,0.0,0.0,0.0,1776887132.587
0.0,0.0,0.0,0.0,1776887132.601
0.0,0.0,0.0,0.0,1776887132.627
0.0,0.0,0.0,0.0,1776887132.641
0.0,0.0,0.0,0.0,1776887132.661
0.0,0.0,0.0,0.0,1776887133.109
0.0,0.0,0.0,0.0,1776887133.121
0.0,0.0,0.0,0.0,1776887133.149
0.0,0.0,0.0,0.0,1776887133.161
0.0,0.0,0.0,0.0,1776887133.187
0.0,0.0,0.0,0.0,1776887133.601
0.0,0.0,0.0,0.0,1776887133.629
0.0,0.0,0.0,0.0,1776887133.641
0.0,0.0,0.0,0.0,1776887133.667
0.0,0.0,0.0,0.0,1776887133.683
0.0,0.0,0.0,0.0,1776887134.108
0.0,0.0,0.0,0.0,1776887134.122
0.0,0.0,0.0,0.0,1776887134.144
0.0,0.0,0.0,0.0,1776887134.161
0.0,0.0,0.0,0.0,1776887134.189
0.0,0.0,0.0,0.0,1776887134.608
0.0,0.0,0.0,0.0,1776887134.621
0.0,0.0,0.0,0.0,1776887134.649
0.0,0.0,0.0,0.0,1776887134.661
0.0,0.0,0.0,0.0,1776887134.687
0.0,0.0,0.0,0.0,1776887135.101
0.0,0.0,0.0,0.0,1776887135.129
0.0,0.0,0.0,0.0,1776887135.143
0.0,0.0,0.0,0.0,1776887135.169
0.0,0.0,0.0,0.0,1776887135.181
0.0,0.0,0.0,0.0,1776887135.601
0.0,0.0,0.0,0.0,1776887135.627
0.0,0.0,0.0,0.0,1776887135.641
0.0,0.0,0.0,0.0,1776887135.668
0.0,0.0,0.0,0.0,1776887135.681
0.0,0.0,0.0,0.0,1776887136.127
0.0,0.0,0.0,0.0,1776887136.141
0.0,0.0,0.0,0.0,1776887136.161
0.0,0.0,0.0,0.0,1776887136.189
0.0,0.0,0.0,0.0,1776887136.201
0.0,0.0,0.0,0.0,1776887136.607
0.0,0.0,0.0,0.0,1776887136.622
0.0,0.0,0.0,0.0,1776887136.649
0.0,0.0,0.0,0.0,1776887136.661
0.0,0.0,0.0,0.0,1776887136.692
0.0,0.0,0.0,0.0,1776887137.101
0.0,0.0,0.0,0.0,1776887137.122
-12.0,-3.0,-12.0,-3.0,1776887137.141
-12.0,-3.0,-12.0,-3.0,1776887137.167
-12.0,-3.0,-12.0,-3.0,1776887137.181
-63.0,-30.0,-63.0,-30.0,1776887137.602
-63.0,-30.0,-63.0,-30.0,1776887137.628
-63.0,-30.0,-63.0,-30.0,1776887137.641
-63.0,-30.0,-63.0,-30.0,1776887137.667
-63.0,-30.0,-63.0,-30.0,1776887137.681
-113.0,-51.0,-113.0,-51.0,1776887138.121
-130.0,-53.0,-130.0,-53.0,1776887138.147
-130.0,-53.0,-130.0,-53.0,1776887138.163
-130.0,-53.0,-130.0,-53.0,1776887138.181
-130.0,-53.0,-130.0,-53.0,1776887138.207
-121.0,-49.0,-121.0,-49.0,1776887138.628
-121.0,-49.0,-121.0,-49.0,1776887138.641
-121.0,-49.0,-121.0,-49.0,1776887138.671
-105.0,-41.0,-105.0,-41.0,1776887138.682
-105.0,-41.0,-105.0,-41.0,1776887138.708
-53.0,-15.0,-53.0,-15.0,1776887139.142
-36.0,-4.0,-36.0,-4.0,1776887139.169
-36.0,-4.0,-36.0,-4.0,1776887139.182
-36.0,-4.0,-36.0,-4.0,1776887139.208
-36.0,-4.0,-36.0,-4.0,1776887139.221
0.0,0.0,0.0,0.0,1776887139.641
3.0,4.0,3.0,4.0,1776887139.667
3.0,4.0,3.0,4.0,1776887139.681
3.0,4.0,3.0,4.0,1776887139.709
3.0,4.0,3.0,4.0,1776887139.721
50.0,13.0,50.0,13.0,1776887140.121
50.0,13.0,50.0,13.0,1776887140.147
50.0,13.0,50.0,13.0,1776887140.161
67.0,22.0,67.0,22.0,1776887140.187
67.0,22.0,67.0,22.0,1776887140.202
118.0,43.0,118.0,43.0,1776887140.643
118.0,43.0,118.0,43.0,1776887140.669
118.0,43.0,118.0,43.0,1776887140.682
136.0,51.0,136.0,51.0,1776887140.708
136.0,51.0,136.0,51.0,1776887140.726
172.0,78.0,172.0,78.0,1776887141.142
172.0,78.0,172.0,78.0,1776887141.168
172.0,78.0,172.0,78.0,1776887141.181
172.0,78.0,172.0,78.0,1776887141.209
172.0,78.0,172.0,78.0,1776887141.221
-144.0,-70.0,-144.0,-70.0,1776887141.641
-144.0,-70.0,-144.0,-70.0,1776887141.669
-144.0,-70.0,-144.0,-70.0,1776887141.683
-144.0,-70.0,-144.0,-70.0,1776887141.709
-144.0,-70.0,-144.0,-70.0,1776887141.721
-143.0,-71.0,-143.0,-71.0,1776887142.148
-143.0,-71.0,-143.0,-71.0,1776887142.161
-142.0,-68.0,-142.0,-68.0,1776887142.19
-142.0,-68.0,-142.0,-68.0,1776887142.201
-142.0,-68.0,-142.0,-68.0,1776887142.227
-136.0,-63.0,-136.0,-63.0,1776887142.647
-136.0,-63.0,-136.0,-63.0,1776887142.661
-136.0,-63.0,-136.0,-63.0,1776887142.689
-136.0,-63.0,-136.0,-63.0,1776887142.702
-144.0,-69.0,-144.0,-69.0,1776887142.729
-130.0,-64.0,-130.0,-64.0,1776887143.141
-123.0,-63.0,-123.0,-63.0,1776887143.167
-123.0,-63.0,-123.0,-63.0,1776887143.181
-123.0,-63.0,-123.0,-63.0,1776887143.21
-123.0,-63.0,-123.0,-63.0,1776887143.221
-97.0,-60.0,-97.0,-60.0,1776887143.648
-97.0,-60.0,-97.0,-60.0,1776887143.661
-97.0,-60.0,-97.0,-60.0,1776887143.688
-89.0,-60.0,-89.0,-60.0,1776887143.701
-89.0,-60.0,-89.0,-60.0,1776887143.727
-91.0,-47.0,-91.0,-47.0,1776887144.148
-91.0,-47.0,-91.0,-47.0,1776887144.161
-91.0,-47.0,-91.0,-47.0,1776887144.182
-91.0,-47.0,-91.0,-47.0,1776887144.208
-91.0,-47.0,-91.0,-47.0,1776887144.221
87.0,-25.0,87.0,-25.0,1776887144.648
87.0,-25.0,87.0,-25.0,1776887144.661
87.0,-25.0,87.0,-25.0,1776887144.687
87.0,-25.0,87.0,-25.0,1776887144.701
87.0,-25.0,87.0,-25.0,1776887144.73
87.0,19.0,87.0,19.0,1776887145.161
87.0,19.0,87.0,19.0,1776887145.188
87.0,19.0,87.0,19.0,1776887145.201
89.0,14.0,89.0,14.0,1776887145.228
89.0,14.0,89.0,14.0,1776887145.241
105.0,14.0,105.0,14.0,1776887145.667
105.0,14.0,105.0,14.0,1776887145.681
105.0,14.0,105.0,14.0,1776887145.71
105.0,14.0,105.0,14.0,1776887145.721
105.0,14.0,105.0,14.0,1776887145.748
134.0,14.0,134.0,14.0,1776887146.168
134.0,14.0,134.0,14.0,1776887146.181
134.0,14.0,134.0,14.0,1776887146.207
134.0,14.0,134.0,14.0,1776887146.225
134.0,14.0,134.0,14.0,1776887146.241
149.0,0.0,149.0,0.0,1776887146.661
149.0,0.0,149.0,0.0,1776887146.687
149.0,0.0,149.0,0.0,1776887146.702
149.0,0.0,149.0,0.0,1776887146.728
149.0,0.0,149.0,0.0,1776887146.742
131.0,0.0,131.0,0.0,1776887147.168
131.0,0.0,131.0,0.0,1776887147.189
131.0,0.0,131.0,0.0,1776887147.201
131.0,0.0,131.0,0.0,1776887147.227
131.0,0.0,131.0,0.0,1776887147.242
109.0,0.0,109.0,0.0,1776887147.667
102.0,0.0,102.0,0.0,1776887147.681
102.0,0.0,102.0,0.0,1776887147.707
102.0,0.0,102.0,0.0,1776887147.722
102.0,0.0,102.0,0.0,1776887147.748
84.0,0.0,84.0,0.0,1776887148.161
78.0,0.0,78.0,0.0,1776887148.189
78.0,0.0,78.0,0.0,1776887148.202
78.0,0.0,78.0,0.0,1776887148.228
78.0,0.0,78.0,0.0,1776887148.241
87.0,0.0,87.0,0.0,1776887148.662
87.0,0.0,87.0,0.0,1776887148.688
87.0,0.0,87.0,0.0,1776887148.701
87.0,0.0,87.0,0.0,1776887148.727
87.0,0.0,87.0,0.0,1776887148.741
-84.0,-3.0,-84.0,-3.0,1776887149.188
-84.0,-3.0,-84.0,-3.0,1776887149.202
-84.0,-3.0,-84.0,-3.0,1776887149.228
-89.0,-6.0,-89.0,-6.0,1776887149.241
-89.0,-6.0,-89.0,-6.0,1776887149.267
-107.0,-8.0,-107.0,-8.0,1776887149.682
-107.0,-8.0,-107.0,-8.0,1776887149.708
-107.0,-8.0,-107.0,-8.0,1776887149.721
-107.0,-8.0,-107.0,-8.0,1776887149.747
-107.0,-8.0,-107.0,-8.0,1776887149.761
-142.0,-8.0,-142.0,-8.0,1776887150.181
-142.0,-8.0,-142.0,-8.0,1776887150.207
-142.0,-8.0,-142.0,-8.0,1776887150.221
-142.0,-8.0,-142.0,-8.0,1776887150.242
-142.0,-8.0,-142.0,-8.0,1776887150.27
-150.0,-2.0,-150.0,-2.0,1776887150.689
-149.0,0.0,-149.0,0.0,1776887150.701
-149.0,0.0,-149.0,0.0,1776887150.729
-149.0,0.0,-149.0,0.0,1776887150.741
-149.0,0.0,-149.0,0.0,1776887150.768
-118.0,-6.0,-118.0,-6.0,1776887151.182
-118.0,-6.0,-118.0,-6.0,1776887151.209
-118.0,-6.0,-118.0,-6.0,1776887151.221
-118.0,-6.0,-118.0,-6.0,1776887151.248
-111.0,-10.0,-111.0,-10.0,1776887151.261
-92.0,-30.0,-92.0,-30.0,1776887151.689
-92.0,-30.0,-92.0,-30.0,1776887151.701
-92.0,-30.0,-92.0,-30.0,1776887151.728
-92.0,-30.0,-92.0,-30.0,1776887151.741
-92.0,-30.0,-92.0,-30.0,1776887151.769
-78.0,-51.0,-78.0,-51.0,1776887152.181
-78.0,-51.0,-78.0,-51.0,1776887152.202
-78.0,-51.0,-78.0,-51.0,1776887152.228
-78.0,-51.0,-78.0,-51.0,1776887152.249
-78.0,-51.0,-78.0,-51.0,1776887152.261
-86.0,-55.0,-86.0,-55.0,1776887152.707
-86.0,-55.0,-86.0,-55.0,1776887152.721
-86.0,-55.0,-86.0,-55.0,1776887152.741
-86.0,-55.0,-86.0,-55.0,1776887152.767
-86.0,-55.0,-86.0,-55.0,1776887152.781
-91.0,-60.0,-91.0,-60.0,1776887153.181
-91.0,-60.0,-91.0,-60.0,1776887153.207
-98.0,-55.0,-98.0,-55.0,1776887153.221
-98.0,-55.0,-98.0,-55.0,1776887153.247
-98.0,-55.0,-98.0,-55.0,1776887153.263
-118.0,-37.0,-118.0,-37.0,1776887153.69
-118.0,-37.0,-118.0,-37.0,1776887153.711
-118.0,-37.0,-118.0,-37.0,1776887153.722
-118.0,-37.0,-118.0,-37.0,1776887153.747
-118.0,-37.0,-118.0,-37.0,1776887153.762
-142.0,-13.0,-142.0,-13.0,1776887154.182
-142.0,-13.0,-142.0,-13.0,1776887154.207
-142.0,-13.0,-142.0,-13.0,1776887154.222
-142.0,-13.0,-142.0,-13.0,1776887154.249
-142.0,-13.0,-142.0,-13.0,1776887154.262
-150.0,0.0,-150.0,0.0,1776887154.682
-150.0,0.0,-150.0,0.0,1776887154.708
-150.0,0.0,-150.0,0.0,1776887154.722
-150.0,0.0,-150.0,0.0,1776887154.752
-150.0,0.0,-150.0,0.0,1776887154.763
-97.0,0.0,-97.0,0.0,1776887155.208
-97.0,0.0,-97.0,0.0,1776887155.221
-97.0,0.0,-97.0,0.0,1776887155.248
-97.0,0.0,-97.0,0.0,1776887155.261
-97.0,0.0,-97.0,0.0,1776887155.289
-37.0,0.0,-37.0,0.0,1776887155.702
-37.0,0.0,-37.0,0.0,1776887155.728
-37.0,0.0,-37.0,0.0,1776887155.742
-37.0,0.0,-37.0,0.0,1776887155.769
-37.0,0.0,-37.0,0.0,1776887155.781
0.0,0.0,0.0,0.0,1776887156.702
0.0,0.0,0.0,0.0,1776887156.73
0.0,0.0,0.0,0.0,1776887156.742
0.0,0.0,0.0,0.0,1776887156.768
0.0,0.0,0.0,0.0,1776887156.782
0.0,0.0,0.0,0.0,1776887157.202
0.0,0.0,0.0,0.0,1776887157.23
0.0,0.0,0.0,0.0,1776887157.251
0.0,0.0,0.0,0.0,1776887157.262
0.0,0.0,0.0,0.0,1776887157.282
0.0,0.0,0.0,0.0,1776887157.707
0.0,0.0,0.0,0.0,1776887157.722
0.0,0.0,0.0,0.0,1776887157.747
0.0,0.0,0.0,0.0,1776887157.762
