x,y,z,t
0.024000000208616257,0.13899999856948853,1.0479999780654907,1776885834.276
0.024000000208616257,0.13899999856948853,1.0479999780654907,1776885834.29
0.024000000208616257,0.13899999856948853,1.0479999780654907,1776885834.316
0.024000000208616257,0.13899999856948853,1.0479999780654907,1776885834.33
0.07699999958276749,0.11500000208616257,0.9419999718666077,1776885834.356
0.013000000268220901,0.28600001335144043,1.121000051498413,1776885835.276
0.013000000268220901,0.28600001335144043,1.121000051498413,1776885835.29
0.013000000268220901,0.28600001335144043,1.121000051498413,1776885835.317
-0.0949999988079071,0.1289999932050705,0.9950000047683716,1776885835.33
0.11299999803304672,0.0430000014603138,1.1410000324249268,1776885835.356
-0.006000000052154064,0.13899999856948853,1.0820000171661377,1776885837.77
0.004000000189989805,0.13500000536441803,1.0859999656677246,1776885837.796
-0.004000000189989805,0.13500000536441803,1.0800000429153442,1776885837.81
-0.008999999612569809,0.13699999451637268,1.0889999866485596,1776885837.837
-0.003000000026077032,0.1379999965429306,1.0779999494552612,1776885837.85
-0.050999999046325684,0.15399999916553497,1.1390000581741333,1776885838.79
-0.014000000432133675,0.19499999284744263,1.069000005722046,1776885838.816
-0.01600000075995922,0.012000000104308128,1.1230000257492065,1776885838.832
-0.03099999949336052,0.003000000026077032,1.0820000171661377,1776885838.858
0.010999999940395355,0.003000000026077032,1.090999960899353,1776885838.87
-0.009999999776482582,0.04500000178813934,1.090999960899353,1776885840.29
-0.010999999940395355,0.041999999433755875,1.0870000123977661,1776885840.318
-0.014000000432133675,0.041999999433755875,1.0889999866485596,1776885840.33
-0.006000000052154064,0.04100000113248825,1.0859999656677246,1776885840.356
-0.006000000052154064,0.03799999877810478,1.0920000076293945,1776885840.37
-0.00800000037997961,0.04100000113248825,1.0980000495910645,1776885841.79
-0.008999999612569809,0.027000000700354576,1.090000033378601,1776885841.816
-0.013000000268220901,0.041999999433755875,1.0889999866485596,1776885841.86
-0.009999999776482582,0.04399999976158142,1.090999960899353,1776885841.871
-0.010999999940395355,0.04100000113248825,1.090999960899353,1776885841.881
-0.00800000037997961,0.04399999976158142,1.0859999656677246,1776885842.796
-0.010999999940395355,0.03999999910593033,1.0870000123977661,1776885842.811
-0.009999999776482582,0.03400000184774399,1.0850000381469727,1776885842.838
-0.010999999940395355,0.039000000804662704,1.0880000591278076,1776885842.85
-0.009999999776482582,0.039000000804662704,1.093999981880188,1776885842.878
-0.010999999940395355,0.04100000113248825,1.090999960899353,1776885843.296
-0.009999999776482582,0.039000000804662704,1.0880000591278076,1776885843.31
-0.014000000432133675,0.041999999433755875,1.0850000381469727,1776885843.338
-0.013000000268220901,0.04500000178813934,1.0889999866485596,1776885843.352
-0.009999999776482582,0.04100000113248825,1.0850000381469727,1776885843.378
-0.023000000044703484,0.039000000804662704,1.0880000591278076,1776885844.79
-0.00800000037997961,0.03799999877810478,1.093999981880188,1776885844.816
-0.00800000037997961,0.0430000014603138,1.093999981880188,1776885844.83
-0.007000000216066837,0.0430000014603138,1.0880000591278076,1776885844.856
-0.009999999776482582,0.041999999433755875,1.0870000123977661,1776885844.87
-0.009999999776482582,0.04100000113248825,1.0880000591278076,1776885845.75
-0.012000000104308128,0.039000000804662704,1.093000054359436,1776885845.776
-0.009999999776482582,0.04100000113248825,1.090999960899353,1776885845.79
-0.010999999940395355,0.04100000113248825,1.0870000123977661,1776885845.817
-0.008999999612569809,0.03999999910593033,1.0889999866485596,1776885845.886
-0.012000000104308128,0.03700000047683716,1.0859999656677246,1776885846.816
-0.008999999612569809,0.0430000014603138,1.0920000076293945,1776885846.831
0.004999999888241291,0.039000000804662704,1.0870000123977661,1776885846.857
-0.009999999776482582,0.04100000113248825,1.093000054359436,1776885846.87
-0.009999999776482582,0.04399999976158142,1.093999981880188,1776885846.897
-0.004999999888241291,0.03999999910593033,1.090999960899353,1776885847.81
-0.004000000189989805,0.04399999976158142,1.090000033378601,1776885847.863
-0.012000000104308128,0.04699999839067459,1.0839999914169312,1776885847.873
-0.008999999612569809,0.041999999433755875,1.093000054359436,1776885847.884
-0.004999999888241291,0.03999999910593033,1.090000033378601,1776885847.895
-0.004999999888241291,0.0430000014603138,1.0859999656677246,1776885848.81
-0.008999999612569809,0.0430000014603138,1.0859999656677246,1776885848.842
-0.009999999776482582,0.04399999976158142,1.0920000076293945,1776885848.853
-0.008999999612569809,0.0430000014603138,1.0920000076293945,1776885848.87
-0.009999999776482582,0.041999999433755875,1.0880000591278076,1776885848.896
-0.008999999612569809,0.04100000113248825,1.0829999446868896,1776885849.81
-0.00800000037997961,0.04100000113248825,1.090999960899353,1776885849.861
-0.02500000037252903,0.0430000014603138,1.093999981880188,1776885849.871
-0.012000000104308128,0.04100000113248825,1.090999960899353,1776885849.882
-0.010999999940395355,0.041999999433755875,1.090000033378601,1776885849.892
-0.012000000104308128,0.03799999877810478,1.0880000591278076,1776885851.81
-0.014000000432133675,0.04500000178813934,1.0889999866485596,1776885851.859
-0.010999999940395355,0.0430000014603138,1.0859999656677246,1776885851.87
-0.024000000208616257,0.041999999433755875,1.090000033378601,1776885851.88
-0.014999999664723873,0.03999999910593033,1.090999960899353,1776885851.891
-0.007000000216066837,0.0430000014603138,1.0850000381469727,1776885857.862
-0.00800000037997961,0.04699999839067459,1.090000033378601,1776885857.873
-0.006000000052154064,0.04500000178813934,1.093000054359436,1776885857.883
-0.009999999776482582,0.041999999433755875,1.0839999914169312,1776885857.894
-0.010999999940395355,0.04699999839067459,1.090000033378601,1776885857.91
-0.00800000037997961,0.04699999839067459,1.090000033378601,1776885859.331
-0.00800000037997961,0.04600000008940697,1.0850000381469727,1776885859.356
-0.010999999940395355,0.04399999976158142,1.0870000123977661,1776885859.37
-0.008999999612569809,0.0430000014603138,1.0850000381469727,1776885859.398
-0.009999999776482582,0.04500000178813934,1.093000054359436,1776885859.41
-0.008999999612569809,0.04600000008940697,1.0889999866485596,1776885860.356
-0.008999999612569809,0.04500000178813934,1.0880000591278076,1776885860.37
-0.00800000037997961,0.04500000178813934,1.0950000286102295,1776885860.396
-0.009999999776482582,0.0430000014603138,1.093999981880188,1776885860.41
-0.007000000216066837,0.04600000008940697,1.0889999866485596,1776885860.436
-0.00800000037997961,0.04399999976158142,1.0880000591278076,1776885861.883
-0.007000000216066837,0.04600000008940697,1.093000054359436,1776885861.895
-0.009999999776482582,0.0430000014603138,1.0880000591278076,1776885861.905
-0.004999999888241291,0.041999999433755875,1.0870000123977661,1776885861.916
-0.00800000037997961,0.04600000008940697,1.090000033378601,1776885861.93
-0.008999999612569809,0.04699999839067459,1.0859999656677246,1776885863.359
-0.008999999612569809,0.04399999976158142,1.0859999656677246,1776885863.371
-0.00800000037997961,0.04399999976158142,1.090999960899353,1776885863.399
0.004999999888241291,0.04800000041723251,1.0870000123977661,1776885863.411
-0.008999999612569809,0.04399999976158142,1.0839999914169312,1776885863.437
-0.007000000216066837,0.0430000014603138,1.0889999866485596,1776885864.856
-0.00800000037997961,0.04500000178813934,1.0920000076293945,1776885864.87
-0.00800000037997961,0.0430000014603138,1.090999960899353,1776885864.896
-0.007000000216066837,0.0430000014603138,1.090000033378601,1776885864.911
-0.007000000216066837,0.04699999839067459,1.090000033378601,1776885864.936
-0.012000000104308128,0.04699999839067459,1.0959999561309814,1776885875.031
-0.009999999776482582,0.04500000178813934,1.090000033378601,1776885875.057
-0.014000000432133675,0.04899999871850014,1.0870000123977661,1776885875.071
-0.008999999612569809,0.04399999976158142,1.0889999866485596,1776885875.097
-0.02500000037252903,0.04399999976158142,1.0859999656677246,1776885875.111
-0.012000000104308128,0.04800000041723251,1.0920000076293945,1776885881.519
-0.014000000432133675,0.04600000008940697,1.0950000286102295,1776885881.531
-0.014000000432133675,0.04600000008940697,1.0950000286102295,1776885881.56
-0.014000000432133675,0.04600000008940697,1.0950000286102295,1776885881.571
-0.010999999940395355,0.04399999976158142,1.093000054359436,1776885881.606
0.041999999433755875,-0.16500000655651093,1.093999981880188,1776885882.717
0.07800000160932541,-0.16200000047683716,1.128000020980835,1776885882.746
0.0689999982714653,-0.17399999499320984,1.121000051498413,1776885882.759
0.041999999433755875,-0.15399999916553497,1.065000057220459,1776885882.771
-0.010999999940395355,-0.08900000154972076,1.0570000410079956,1776885882.797
-0.008999999612569809,0.04600000008940697,1.0889999866485596,1776885883.718
-0.010999999940395355,0.04399999976158142,1.093999981880188,1776885883.731
-0.007000000216066837,0.03999999910593033,1.0920000076293945,1776885883.757
-0.00800000037997961,0.041999999433755875,1.0850000381469727,1776885883.771
-0.009999999776482582,0.03799999877810478,1.090000033378601,1776885883.798
-0.009999999776482582,0.0430000014603138,1.093000054359436,1776885884.14
-0.009999999776482582,0.04399999976158142,1.0920000076293945,1776885884.151
-0.009999999776482582,0.04399999976158142,1.0920000076293945,1776885884.177
-0.009999999776482582,0.04399999976158142,1.0920000076293945,1776885884.191
-0.008999999612569809,0.0430000014603138,1.090999960899353,1776885884.217
-0.009999999776482582,0.04399999976158142,1.0920000076293945,1776885885.22
-0.009999999776482582,0.04399999976158142,1.0920000076293945,1776885885.231
-0.008999999612569809,0.04399999976158142,1.0859999656677246,1776885885.257
-0.012000000104308128,0.041999999433755875,1.090000033378601,1776885885.273
-0.004999999888241291,0.04699999839067459,1.090999960899353,1776885885.293
-0.009999999776482582,0.04600000008940697,1.090000033378601,1776885885.731
-0.007000000216066837,0.04399999976158142,1.0889999866485596,1776885885.757
-0.02500000037252903,0.0430000014603138,1.0870000123977661,1776885885.771
-0.02500000037252903,0.0430000014603138,1.0870000123977661,1776885885.8
-0.02500000037252903,0.0430000014603138,1.0870000123977661,1776885885.811
-0.007000000216066837,0.04600000008940697,1.0980000495910645,1776885886.157
-0.023000000044703484,0.041999999433755875,1.0839999914169312,1776885886.171
-0.013000000268220901,0.04500000178813934,1.093000054359436,1776885886.199
-0.010999999940395355,0.04399999976158142,1.0870000123977661,1776885886.211
-0.008999999612569809,0.04399999976158142,1.090999960899353,1776885886.237
-0.009999999776482582,0.04699999839067459,1.0889999866485596,1776885886.731
-0.009999999776482582,0.04699999839067459,1.090999960899353,1776885886.757
-0.009999999776482582,0.04399999976158142,1.0839999914169312,1776885886.771
-0.012000000104308128,0.0430000014603138,1.090999960899353,1776885886.798
-0.006000000052154064,0.041999999433755875,1.0870000123977661,1776885886.811
0.004999999888241291,0.04500000178813934,1.090000033378601,1776885887.251
-0.014000000432133675,0.04399999976158142,1.0850000381469727,1776885887.279
-0.006000000052154064,0.04500000178813934,1.090999960899353,1776885887.291
-0.00800000037997961,0.04399999976158142,1.0870000123977661,1776885887.32
-0.012000000104308128,0.0430000014603138,1.0880000591278076,1776885887.332
-0.012000000104308128,0.041999999433755875,1.090999960899353,1776885888.231
-0.014000000432133675,0.04800000041723251,1.097000002861023,1776885888.257
-0.014000000432133675,0.04500000178813934,1.093000054359436,1776885888.31
-0.009999999776482582,0.0430000014603138,1.0889999866485596,1776885888.321
-0.009999999776482582,0.0430000014603138,1.090999960899353,1776885888.332
-0.012000000104308128,0.04600000008940697,1.090000033378601,1776885888.751
-0.014000000432133675,0.04399999976158142,1.0880000591278076,1776885888.777
-0.009999999776482582,0.04399999976158142,1.093999981880188,1776885888.792
-0.00800000037997961,0.04500000178813934,1.090999960899353,1776885888.814
-0.008999999612569809,0.04500000178813934,1.0870000123977661,1776885888.839
-0.00800000037997961,0.041999999433755875,1.0870000123977661,1776885889.252
-0.00800000037997961,0.04399999976158142,1.090999960899353,1776885889.279
-0.009999999776482582,0.0430000014603138,1.0889999866485596,1776885889.291
-0.009999999776482582,0.04500000178813934,1.093000054359436,1776885889.317
-0.00800000037997961,0.04399999976158142,1.090999960899353,1776885889.331
-0.009999999776482582,0.04699999839067459,1.090999960899353,1776885889.751
-0.010999999940395355,0.04600000008940697,1.090000033378601,1776885889.777
-0.009999999776482582,0.04399999976158142,1.0880000591278076,1776885889.791
-0.013000000268220901,0.0430000014603138,1.0859999656677246,1776885889.817
-0.009999999776482582,0.0430000014603138,1.090000033378601,1776885889.831
-0.009999999776482582,0.04399999976158142,1.090999960899353,1776885890.171
-0.007000000216066837,0.04500000178813934,1.0859999656677246,1776885890.197
-0.00800000037997961,0.041999999433755875,1.090000033378601,1776885890.211
-0.004000000189989805,0.0430000014603138,1.0880000591278076,1776885890.239
-0.009999999776482582,0.0430000014603138,1.0920000076293945,1776885890.251
-0.00800000037997961,0.04600000008940697,1.0920000076293945,1776885892.777
-0.00800000037997961,0.04600000008940697,1.0920000076293945,1776885892.791
-0.008999999612569809,0.04500000178813934,1.0920000076293945,1776885892.817
-0.006000000052154064,0.04500000178813934,1.0889999866485596,1776885892.831
-0.010999999940395355,0.0430000014603138,1.0889999866485596,1776885892.857
-0.009999999776482582,0.03999999910593033,1.090000033378601,1776885893.271
-0.008999999612569809,0.041999999433755875,1.090999960899353,1776885893.297
-0.008999999612569809,0.041999999433755875,1.0880000591278076,1776885893.311
-0.010999999940395355,0.041999999433755875,1.0920000076293945,1776885893.338
-0.012000000104308128,0.04399999976158142,1.0889999866485596,1776885893.351
-0.007000000216066837,0.04500000178813934,1.0920000076293945,1776885893.772
-0.012000000104308128,0.04500000178813934,1.090000033378601,1776885893.791
-0.012000000104308128,0.04500000178813934,1.090000033378601,1776885893.812
-0.012000000104308128,0.04500000178813934,1.090000033378601,1776885893.839
-0.009999999776482582,0.04399999976158142,1.090000033378601,1776885893.851
-0.010999999940395355,0.04600000008940697,1.0889999866485596,1776885894.271
-0.009999999776482582,0.04399999976158142,1.0859999656677246,1776885894.304
-0.006000000052154064,0.04500000178813934,1.093000054359436,1776885894.321
-0.007000000216066837,0.04399999976158142,1.093999981880188,1776885894.332
-0.012000000104308128,0.04399999976158142,1.090999960899353,1776885894.358
0.003000000026077032,-0.04500000178813934,1.0950000286102295,1776885894.778
-0.008999999612569809,0.007000000216066837,1.1089999675750732,1776885894.791
-0.012000000104308128,-0.06700000166893005,1.090999960899353,1776885894.817
-0.012000000104308128,-0.06700000166893005,1.090999960899353,1776885894.831
-0.012000000104308128,-0.06700000166893005,1.090999960899353,1776885894.857
0.07999999821186066,-0.026000000536441803,0.7350000143051147,1776885895.777
-0.11800000071525574,0.20999999344348907,1.2309999465942383,1776885895.792
-0.6380000114440918,0.49799999594688416,1.4019999504089355,1776885895.818
0.0430000014603138,0.07000000029802322,0.6980000138282776,1776885895.831
0.12700000405311584,0.3160000145435333,1.1480000019073486,1776885895.857
0.04800000041723251,0.0430000014603138,1.1950000524520874,1776885896.271
0.04699999839067459,0.07500000298023224,1.156999945640564,1776885896.298
0.0989999994635582,0.00800000037997961,0.9359999895095825,1776885896.311
-0.125,0.07000000029802322,1.1740000247955322,1776885896.337
-0.017999999225139618,0.026000000536441803,1.0609999895095825,1776885896.351
0.03200000151991844,0.008999999612569809,1.1540000438690186,1776885896.778
0.0689999982714653,0.04100000113248825,1.1239999532699585,1776885896.791
0.024000000208616257,-0.039000000804662704,0.9539999961853027,1776885896.819
-0.06700000166893005,0.04500000178813934,1.1299999952316284,1776885896.831
-0.09399999678134918,0.061000000685453415,1.187000036239624,1776885896.853
-0.012000000104308128,0.03799999877810478,1.093999981880188,1776885898.791
-0.014999999664723873,0.03799999877810478,1.090000033378601,1776885898.817
-0.013000000268220901,0.04399999976158142,1.093000054359436,1776885898.831
-0.014000000432133675,0.035999998450279236,1.0870000123977661,1776885898.857
-0.017000000923871994,0.04100000113248825,1.093999981880188,1776885898.871
-0.01600000075995922,0.04100000113248825,1.093000054359436,1776885899.291
-0.010999999940395355,0.03999999910593033,1.0889999866485596,1776885899.312
-0.012000000104308128,0.03999999910593033,1.0870000123977661,1776885899.337
-0.014000000432133675,0.039000000804662704,1.0920000076293945,1776885899.351
-0.014000000432133675,0.03999999910593033,1.0889999866485596,1776885899.377
-0.014999999664723873,0.03799999877810478,1.0920000076293945,1776885899.792
-0.017000000923871994,0.04100000113248825,1.0839999914169312,1776885899.817
-0.017999999225139618,0.03700000047683716,1.0950000286102295,1776885899.831
-0.013000000268220901,0.03999999910593033,1.0880000591278076,1776885899.857
-0.017999999225139618,0.03999999910593033,1.093000054359436,1776885899.871
-0.01899999938905239,0.03700000047683716,1.0880000591278076,1776885900.291
-0.01600000075995922,0.03700000047683716,1.090999960899353,1776885900.318
-0.01600000075995922,0.03500000014901161,1.090999960899353,1776885900.331
-0.013000000268220901,0.03799999877810478,1.093000054359436,1776885900.357
-0.013000000268220901,0.03700000047683716,1.0870000123977661,1776885900.371
-0.012000000104308128,0.03799999877810478,1.0889999866485596,1776885900.791
-0.017000000923871994,0.04100000113248825,1.0920000076293945,1776885900.817
-0.014999999664723873,0.03799999877810478,1.0920000076293945,1776885900.831
-0.013000000268220901,0.03500000014901161,1.0859999656677246,1776885900.857
-0.013000000268220901,0.03700000047683716,1.090000033378601,1776885900.872
-0.01899999938905239,-0.014000000432133675,1.0989999771118164,1776885901.297
-0.03700000047683716,0.1379999965429306,1.125,1776885901.311
0.01600000075995922,0.07699999958276749,1.0709999799728394,1776885901.337
0.028999999165534973,0.054999999701976776,1.0720000267028809,1776885901.352
-0.028999999165534973,0.017000000923871994,1.090999960899353,1776885901.378
-0.10100000351667404,0.11299999803304672,1.1440000534057617,1776885901.798
-0.04699999839067459,0.03700000047683716,1.1200000047683716,1776885901.812
0.007000000216066837,-0.07199999690055847,1.0140000581741333,1776885901.839
-0.10100000351667404,0.12200000137090683,1.1959999799728394,1776885901.851
-0.02800000086426735,-0.017999999225139618,0.8700000047683716,1776885901.879
0.2809999883174896,-0.22599999606609344,0.9049999713897705,1776885902.291
-0.020999999716877937,0.31299999356269836,1.1490000486373901,1776885902.318
0.28700000047683716,-0.23100000619888306,1.065000057220459,1776885902.331
0.13300000131130219,-0.0860000029206276,0.890999972820282,1776885902.358
-0.11900000274181366,0.33899998664855957,1.1770000457763672,1776885902.371
-0.32499998807907104,0.3889999985694885,1.1139999628067017,1776885902.799
0.3319999873638153,-0.3059999942779541,1.0069999694824219,1776885902.811
0.02500000037252903,0.12399999797344208,1.0839999914169312,1776885902.838
-0.0020000000949949026,-0.054999999701976776,1.2549999952316284,1776885902.851
0.3230000138282776,-0.29899999499320984,1.0219999551773071,1776885902.879
0.01899999938905239,0.08100000023841858,1.1109999418258667,1776885903.292
-0.37400001287460327,0.5040000081062317,1.1759999990463257,1776885903.318
0.26899999380111694,-0.37299999594688416,1.1150000095367432,1776885903.331
0.19099999964237213,0.16200000047683716,0.968999981880188,1776885903.352
-0.30000001192092896,0.4259999990463257,1.0210000276565552,1776885903.378
0.3330000042915344,-0.25600001215934753,1.0950000286102295,1776885903.791
-0.21199999749660492,0.39500001072883606,1.1540000438690186,1776885903.817
-0.3799999952316284,0.27799999713897705,0.9890000224113464,1776885903.831
0.27300000190734863,-0.08900000154972076,1.1349999904632568,1776885903.858
-0.30799999833106995,0.43799999356269836,0.9940000176429749,1776885903.871
-0.04899999871850014,0.06700000166893005,1.149999976158142,1776885904.817
0.01600000075995922,0.02199999988079071,1.0609999895095825,1776885904.831
-0.014000000432133675,0.026000000536441803,1.1030000448226929,1776885904.857
-0.02500000037252903,0.02199999988079071,1.0859999656677246,1776885904.872
-0.0020000000949949026,0.032999999821186066,1.090999960899353,1776885904.898
-0.010999999940395355,0.03999999910593033,1.0889999866485596,1776885905.318
-0.009999999776482582,0.04399999976158142,1.090000033378601,1776885905.332
-0.014999999664723873,0.04699999839067459,1.090999960899353,1776885905.359
-0.012000000104308128,0.04399999976158142,1.090999960899353,1776885905.372
-0.017999999225139618,0.04100000113248825,1.090999960899353,1776885905.392
-0.013000000268220901,0.041999999433755875,1.0920000076293945,1776885905.811
-0.012000000104308128,0.0430000014603138,1.0889999866485596,1776885905.838
-0.013000000268220901,0.04500000178813934,1.0880000591278076,1776885905.852
-0.010999999940395355,0.0430000014603138,1.0859999656677246,1776885905.877
-0.009999999776482582,0.041999999433755875,1.0880000591278076,1776885905.891
-0.01600000075995922,0.04500000178813934,1.090999960899353,1776885906.311
-0.012000000104308128,0.04399999976158142,1.0859999656677246,1776885906.337
-0.014000000432133675,0.041999999433755875,1.093999981880188,1776885906.352
-0.017000000923871994,0.0430000014603138,1.090000033378601,1776885906.377
-0.010999999940395355,0.04100000113248825,1.0889999866485596,1776885906.392
-0.014000000432133675,0.03999999910593033,1.0980000495910645,1776885906.818
-0.014999999664723873,0.0430000014603138,1.0889999866485596,1776885906.832
-0.012000000104308128,0.041999999433755875,1.0889999866485596,1776885906.858
-0.00800000037997961,0.04399999976158142,1.0889999866485596,1776885906.871
-0.014999999664723873,0.04399999976158142,1.0889999866485596,1776885906.897
-0.014999999664723873,0.04399999976158142,1.090000033378601,1776885907.312
-0.014999999664723873,0.04399999976158142,1.090000033378601,1776885907.338
-0.012000000104308128,0.03999999910593033,1.090999960899353,1776885907.351
-0.012000000104308128,0.0430000014603138,1.0889999866485596,1776885907.377
-0.01600000075995922,0.04800000041723251,1.0920000076293945,1776885907.392
-0.010999999940395355,0.04399999976158142,1.0959999561309814,1776885907.817
-0.012000000104308128,0.04100000113248825,1.0859999656677246,1776885907.832
-0.013000000268220901,0.0430000014603138,1.0920000076293945,1776885907.858
-0.009999999776482582,0.0430000014603138,1.0880000591278076,1776885907.872
-0.013000000268220901,0.0430000014603138,1.090999960899353,1776885907.899
0.14100000262260437,0.04899999871850014,1.3669999837875366,1776885908.817
0.032999999821186066,0.05900000035762787,0.6439999938011169,1776885908.832
0.11100000143051147,0.026000000536441803,1.2699999809265137,1776885908.858
-0.15199999511241913,-0.08299999684095383,1.4989999532699585,1776885908.872
0.10300000011920929,0.08399999886751175,1.0829999446868896,1776885908.9
0.13300000131130219,0.18199999630451202,0.5450000166893005,1776885909.838
0.06199999898672104,-0.0729999989271164,1.5460000038146973,1776885909.852
-0.06499999761581421,0.050999999046325684,0.6639999747276306,1776885909.873
0.1469999998807907,0.11599999666213989,1.1540000438690186,1776885909.899
-0.061000000685453415,-0.041999999433755875,1.305999994277954,1776885909.912
0.017000000923871994,0.09799999743700027,0.6169999837875366,1776885910.312
0.0,-0.006000000052154064,1.2660000324249268,1776885910.339
-0.09000000357627869,0.02800000086426735,1.3849999904632568,1776885910.352
-0.09000000357627869,0.02800000086426735,1.3849999904632568,1776885910.378
-0.09000000357627869,0.02800000086426735,1.3849999904632568,1776885910.392
-0.012000000104308128,0.041999999433755875,1.090999960899353,1776885911.338
-0.009999999776482582,0.04399999976158142,1.093999981880188,1776885911.352
-0.008999999612569809,0.039000000804662704,1.0889999866485596,1776885911.377
-0.010999999940395355,0.03999999910593033,1.090999960899353,1776885911.392
-0.013000000268220901,0.04100000113248825,1.0920000076293945,1776885911.418
-0.009999999776482582,0.03700000047683716,1.0889999866485596,1776885911.817
-0.009999999776482582,0.039000000804662704,1.0870000123977661,1776885911.837
-0.008999999612569809,0.04100000113248825,1.0920000076293945,1776885911.852
-0.00800000037997961,0.041999999433755875,1.0870000123977661,1776885911.878
-0.007000000216066837,0.03999999910593033,1.0920000076293945,1776885911.892
-0.013000000268220901,0.041999999433755875,1.0920000076293945,1776885912.337
-0.007000000216066837,0.04100000113248825,1.097000002861023,1776885912.352
-0.008999999612569809,0.03999999910593033,1.0850000381469727,1776885912.373
-0.012000000104308128,0.03999999910593033,1.0880000591278076,1776885912.399
-0.009999999776482582,0.041999999433755875,1.100000023841858,1776885912.412
-0.012000000104308128,0.0430000014603138,1.090999960899353,1776885912.832
-0.014000000432133675,0.0430000014603138,1.093999981880188,1776885912.857
-0.009999999776482582,0.03700000047683716,1.090000033378601,1776885912.872
-0.010999999940395355,0.04100000113248825,1.0859999656677246,1776885912.904
-0.009999999776482582,0.03500000014901161,1.0950000286102295,1776885912.914
-0.008999999612569809,-0.017999999225139618,1.1109999418258667,1776885913.34
0.06300000101327896,0.09000000357627869,1.121000051498413,1776885913.352
0.039000000804662704,0.03099999949336052,1.0529999732971191,1776885913.378
-0.02199999988079071,0.010999999940395355,1.097000002861023,1776885913.392
-0.07000000029802322,0.0729999989271164,1.1720000505447388,1776885913.418
-0.24899999797344208,-0.11500000208616257,1.7710000276565552,1776885914.338
0.09399999678134918,0.12700000405311584,0.8640000224113464,1776885914.352
-0.023000000044703484,-0.052000001072883606,1.8450000286102295,1776885914.378
-0.06800000369548798,0.03799999877810478,1.180999994277954,1776885914.392
0.11500000208616257,0.13699999451637268,0.5260000228881836,1776885914.418
-0.012000000104308128,-0.007000000216066837,1.7519999742507935,1776885914.832
-0.10599999874830246,-0.07500000298023224,1.375,1776885914.858
0.10300000011920929,0.05400000140070915,1.534000039100647,1776885914.872
-0.14300000667572021,-0.024000000208616257,1.2999999523162842,1776885914.898
0.07599999755620956,0.04699999839067459,0.8989999890327454,1776885914.912
-0.00800000037997961,0.006000000052154064,1.61899995803833,1776885915.332
0.0430000014603138,0.008999999612569809,0.8730000257492065,1776885915.358
-0.035999998450279236,-0.0010000000474974513,1.4789999723434448,1776885915.378
-0.11400000005960464,0.028999999165534973,0.8939999938011169,1776885915.392
0.061000000685453415,0.1379999965429306,0.6660000085830688,1776885915.418
-0.017999999225139618,0.07199999690055847,0.656000018119812,1776885915.832
0.014999999664723873,0.06599999964237213,1.4950000047683716,1776885915.858
-0.17800000309944153,-0.14300000667572021,0.9259999990463257,1776885915.872
0.07900000363588333,0.10999999940395355,0.8949999809265137,1776885915.897
-0.04100000113248825,0.06800000369548798,1.218999981880188,1776885915.912
0.07599999755620956,0.1599999964237213,0.4339999854564667,1776885916.338
0.0689999982714653,-0.03400000184774399,1.819000005722046,1776885916.352
-0.20900000631809235,0.023000000044703484,1.2120000123977661,1776885916.378
0.11699999868869781,0.1550000011920929,1.1929999589920044,1776885916.392
-0.30300000309944153,-0.08699999749660492,1.7829999923706055,1776885916.419
-0.0729999989271164,-0.03099999949336052,1.194000005722046,1776885917.352
0.03099999949336052,-0.003000000026077032,1.628999948501587,1776885917.378
-0.10100000351667404,-0.02500000037252903,1.284000039100647,1776885917.392
0.012000000104308128,0.061000000685453415,0.42899999022483826,1776885917.418
-0.17599999904632568,-0.06300000101327896,1.6790000200271606,1776885917.432
0.03999999910593033,-0.05999999865889549,1.656000018119812,1776885917.832
-0.20499999821186066,-0.05700000002980232,1.3980000019073486,1776885917.858
0.07100000232458115,0.12200000137090683,1.00600004196167,1776885917.873
-0.12700000405311584,0.05000000074505806,1.4129999876022339,1776885917.9
-0.06800000369548798,0.05299999937415123,0.9269999861717224,1776885917.912
-0.00800000037997961,0.027000000700354576,1.093000054359436,1776885918.352
-0.008999999612569809,0.02800000086426735,1.0920000076293945,1776885918.377
-0.010999999940395355,0.039000000804662704,1.090999960899353,1776885918.392
-0.00800000037997961,0.03999999910593033,1.0920000076293945,1776885918.421
-0.00800000037997961,0.03400000184774399,1.0889999866485596,1776885918.432
-0.008999999612569809,0.03700000047683716,1.0880000591278076,1776885918.858
-0.012000000104308128,0.03400000184774399,1.0880000591278076,1776885918.872
-0.012000000104308128,0.03799999877810478,1.090999960899353,1776885918.905
-0.008999999612569809,0.03700000047683716,1.090000033378601,1776885918.915
-0.007000000216066837,0.03700000047683716,1.0850000381469727,1776885918.932
-0.012000000104308128,0.03700000047683716,1.0880000591278076,1776885919.352
-0.012000000104308128,0.03999999910593033,1.0839999914169312,1776885919.378
-0.004999999888241291,0.039000000804662704,1.0889999866485596,1776885919.392
-0.008999999612569809,0.03799999877810478,1.0889999866485596,1776885919.419
-0.004000000189989805,0.035999998450279236,1.090000033378601,1776885919.432
0.004000000189989805,0.03700000047683716,1.090000033378601,1776885919.858
-0.008999999612569809,0.03999999910593033,1.0920000076293945,1776885919.872
0.006000000052154064,0.035999998450279236,1.0920000076293945,1776885919.898
-0.014000000432133675,0.03500000014901161,1.090999960899353,1776885919.912
-0.008999999612569809,0.03799999877810478,1.0870000123977661,1776885919.938
-0.009999999776482582,0.03500000014901161,1.0839999914169312,1776885920.352
-0.00800000037997961,0.035999998450279236,1.0880000591278076,1776885920.378
-0.008999999612569809,0.03700000047683716,1.0889999866485596,1776885920.392
-0.00800000037997961,0.03700000047683716,1.0959999561309814,1776885920.418
-0.023000000044703484,0.03500000014901161,1.090000033378601,1776885920.432
-0.009999999776482582,0.03500000014901161,1.090000033378601,1776885920.852
-0.007000000216066837,0.03799999877810478,1.0880000591278076,1776885920.881
-0.020999999716877937,0.03400000184774399,1.0850000381469727,1776885920.892
-0.008999999612569809,0.03400000184774399,1.0880000591278076,1776885920.918
-0.00800000037997961,0.03799999877810478,1.0889999866485596,1776885920.932
-0.008999999612569809,0.03799999877810478,1.0850000381469727,1776885921.358
-0.008999999612569809,0.03799999877810478,1.090999960899353,1776885921.372
-0.014000000432133675,0.03500000014901161,1.0889999866485596,1776885921.4
-0.010999999940395355,0.03999999910593033,1.0880000591278076,1776885921.412
-0.007000000216066837,0.03500000014901161,1.093000054359436,1776885921.44
-0.004999999888241291,0.057999998331069946,1.0980000495910645,1776885921.872
-0.039000000804662704,0.010999999940395355,1.1139999628067017,1776885921.898
-0.027000000700354576,0.03700000047683716,1.0950000286102295,1776885921.912
-0.024000000208616257,0.0949999988079071,1.0829999446868896,1776885921.938
0.008999999612569809,-0.004999999888241291,1.0880000591278076,1776885921.952
0.3149999976158142,-0.3199999928474426,1.1069999933242798,1776885922.352
0.019999999552965164,0.05700000002980232,0.9789999723434448,1776885922.38
-0.2460000067949295,0.009999999776482582,1.2059999704360962,1776885922.392
0.24400000274181366,-0.2290000021457672,1.0770000219345093,1776885922.418
-0.028999999165534973,0.12200000137090683,1.00600004196167,1776885922.432
0.31299999356269836,-0.2160000056028366,0.8489999771118164,1776885922.872
0.017000000923871994,0.14499999582767487,1.0299999713897705,1776885922.899
-0.010999999940395355,-0.028999999165534973,1.159999966621399,1776885922.912
0.20499999821186066,-0.07000000029802322,0.9890000224113464,1776885922.939
-0.09799999743700027,0.21899999678134918,1.0679999589920044,1776885922.952
0.11999999731779099,-0.06800000369548798,1.309999942779541,1776885923.372
0.22599999606609344,-0.1979999989271164,0.8379999995231628,1776885923.4
-0.19300000369548798,0.2290000021457672,1.281000018119812,1776885923.412
0.19300000369548798,-0.13600000739097595,1.0720000267028809,1776885923.438
0.1509999930858612,-0.125,1.0049999952316284,1776885923.452
-0.20000000298023224,0.19200000166893005,1.309999942779541,1776885923.878
0.1459999978542328,-0.0560000017285347,1.2610000371932983,1776885923.892
0.14000000059604645,-0.13899999856948853,0.8169999718666077,1776885923.92
-0.17000000178813934,0.2709999978542328,1.3300000429153442,1776885923.933
0.12200000137090683,-0.14900000393390656,1.034999966621399,1776885923.952
-0.11599999666213989,0.08299999684095383,1.1150000095367432,1776885924.352
0.1379999965429306,-0.10400000214576721,0.9800000190734863,1776885924.379
-0.11400000005960464,0.20100000500679016,1.222000002861023,1776885924.392
0.00800000037997961,-0.03200000151991844,1.0420000553131104,1776885924.418
0.16300000250339508,-0.18799999356269836,0.9909999966621399,1776885924.432
-0.2919999957084656,0.21699999272823334,1.0889999866485596,1776885924.872
0.24500000476837158,-0.11900000274181366,0.8799999952316284,1776885924.899
-0.31299999356269836,0.37299999594688416,1.1959999799728394,1776885924.913
-0.23600000143051147,0.20800000429153442,1.0759999752044678,1776885924.94
0.16899999976158142,-0.3149999976158142,1.097000002861023,1776885924.952
0.1850000023841858,0.13600000739097595,0.9070000052452087,1776885925.378
-0.13600000739097595,0.039000000804662704,1.3029999732971191,1776885925.399
0.3370000123977661,-0.19200000166893005,1.00600004196167,1776885925.412
0.052000001072883606,0.039000000804662704,0.9399999976158142,1776885925.44
0.11999999731779099,0.012000000104308128,1.1990000009536743,1776885925.452
-0.35899999737739563,0.2280000001192093,1.222000002861023,1776885925.88
-0.35899999737739563,0.2280000001192093,1.222000002861023,1776885925.892
-0.09300000220537186,-0.0020000000949949026,1.1579999923706055,1776885925.92
0.04600000008940697,0.02199999988079071,1.1050000190734863,1776885925.939
-0.4269999861717224,0.289000004529953,1.1239999532699585,1776885925.952
-0.07800000160932541,0.06800000369548798,0.3919999897480011,1776885926.373
-0.00800000037997961,0.019999999552965164,1.8480000495910645,1776885926.393
0.0430000014603138,-0.0010000000474974513,1.152999997138977,1776885926.419
-0.003000000026077032,0.050999999046325684,0.5529999732971191,1776885926.433
0.15000000596046448,-0.06599999964237213,1.6160000562667847,1776885926.452
-0.017999999225139618,0.026000000536441803,1.0880000591278076,1776885927.38
-0.014000000432133675,0.041999999433755875,1.0880000591278076,1776885927.395
-0.017999999225139618,0.03999999910593033,1.0920000076293945,1776885927.413
-0.01600000075995922,0.0430000014603138,1.0880000591278076,1776885927.439
-0.017000000923871994,0.039000000804662704,1.0920000076293945,1776885927.452
-0.020999999716877937,0.05000000074505806,1.097000002861023,1776885927.892
-0.020999999716877937,0.05000000074505806,1.097000002861023,1776885927.918
-0.020999999716877937,0.05000000074505806,1.097000002861023,1776885927.932
-0.010999999940395355,0.039000000804662704,1.0920000076293945,1776885927.958
-0.014999999664723873,0.019999999552965164,1.1130000352859497,1776885927.973
0.07000000029802322,-0.06700000166893005,0.9089999794960022,1776885928.373
-0.10100000351667404,0.11599999666213989,1.1950000524520874,1776885928.4
0.10100000351667404,-0.1589999943971634,0.9409999847412109,1776885928.412
0.004999999888241291,0.020999999716877937,1.062000036239624,1776885928.44
0.004999999888241291,0.020999999716877937,1.062000036239624,1776885928.452
0.16200000047683716,-0.10100000351667404,0.9819999933242798,1776885928.892
-0.0560000017285347,0.12800000607967377,1.1480000019073486,1776885928.918
0.20600000023841858,-0.24300000071525574,0.9819999933242798,1776885928.932
0.210999995470047,-0.07500000298023224,1.0379999876022339,1776885928.961
-0.16300000250339508,0.25600001215934753,1.1299999952316284,1776885928.972
-0.2630000114440918,0.23100000619888306,1.3179999589920044,1776885929.392
0.24799999594688416,-0.29499998688697815,0.9589999914169312,1776885929.418
-0.3580000102519989,0.33799999952316284,1.2319999933242798,1776885929.432
-0.3580000102519989,0.33799999952316284,1.2319999933242798,1776885929.458
-0.3580000102519989,0.33799999952316284,1.2319999933242798,1776885929.472
-0.017000000923871994,0.054999999701976776,1.0889999866485596,1776885929.892
-0.010999999940395355,0.03999999910593033,1.0089999437332153,1776885929.919
-0.03500000014901161,0.07800000160932541,1.0859999656677246,1776885929.932
-0.04399999976158142,0.02199999988079071,1.0119999647140503,1776885929.959
0.04600000008940697,-0.0820000022649765,1.1119999885559082,1776885929.972
-0.29600000381469727,0.4230000078678131,1.0049999952316284,1776885930.392
-0.4180000126361847,0.1809999942779541,1.2979999780654907,1776885930.422
0.14000000059604645,-0.06800000369548798,0.9179999828338623,1776885930.432
-0.37299999594688416,0.3930000066757202,0.9629999995231628,1776885930.458
-0.37299999594688416,0.3930000066757202,0.9629999995231628,1776885930.472
0.1080000028014183,0.08699999749660492,0.9890000224113464,1776885930.898
0.09600000083446503,0.11400000005960464,1.0720000267028809,1776885930.912
-0.041999999433755875,0.05900000035762787,1.1979999542236328,1776885930.94
-0.04399999976158142,-0.0010000000474974513,1.0269999504089355,1776885930.953
0.023000000044703484,0.05999999865889549,1.1649999618530273,1776885930.979
-0.007000000216066837,0.04800000041723251,1.0889999866485596,1776885931.392
-0.014000000432133675,0.04100000113248825,1.097000002861023,1776885931.418
-0.010999999940395355,0.04399999976158142,1.093999981880188,1776885931.432
-0.00800000037997961,0.04800000041723251,1.090000033378601,1776885931.458
-0.010999999940395355,0.05000000074505806,1.0920000076293945,1776885931.472
-0.009999999776482582,0.0430000014603138,1.093000054359436,1776885932.399
-0.009999999776482582,0.041999999433755875,1.0880000591278076,1776885932.412
-0.013000000268220901,0.0430000014603138,1.090000033378601,1776885932.438
-0.009999999776482582,0.04600000008940697,1.0920000076293945,1776885932.452
-0.00800000037997961,0.04800000041723251,1.0820000171661377,1776885932.478
-0.010999999940395355,0.0430000014603138,1.0950000286102295,1776885932.892
-0.014000000432133675,0.04399999976158142,1.090000033378601,1776885932.918
-0.010999999940395355,0.0430000014603138,1.0880000591278076,1776885932.932
-0.008999999612569809,0.04699999839067459,1.093000054359436,1776885932.958
-0.02500000037252903,0.04399999976158142,1.0920000076293945,1776885932.977
-0.009999999776482582,0.0430000014603138,1.0880000591278076,1776885933.401
-0.012000000104308128,0.0430000014603138,1.090999960899353,1776885933.412
-0.009999999776482582,0.0430000014603138,1.090000033378601,1776885933.44
-0.012000000104308128,0.041999999433755875,1.090000033378601,1776885933.455
-0.00800000037997961,0.04600000008940697,1.090999960899353,1776885933.481
0.0430000014603138,0.2800000011920929,1.1130000352859497,1776885933.918
-0.04399999976158142,0.1120000034570694,1.0440000295639038,1776885933.935
-0.10700000077486038,0.07699999958276749,1.0540000200271606,1776885933.952
0.028999999165534973,0.08299999684095383,1.1749999523162842,1776885933.978
0.03200000151991844,0.007000000216066837,1.031999945640564,1776885933.992
0.06199999898672104,0.0689999982714653,1.0210000276565552,1776885934.418
0.027000000700354576,0.07500000298023224,1.1349999904632568,1776885934.432
0.014000000432133675,0.08299999684095383,1.1139999628067017,1776885934.452
-0.09300000220537186,0.023000000044703484,0.9729999899864197,1776885934.478
-0.00800000037997961,0.017999999225139618,1.2339999675750732,1776885934.492
0.04600000008940697,-0.07599999755620956,1.1740000247955322,1776885934.912
-0.014000000432133675,-0.17900000512599945,1.0440000295639038,1776885934.938
0.035999998450279236,-0.02800000086426735,1.1100000143051147,1776885934.953
-0.014000000432133675,-0.07599999755620956,1.2079999446868896,1776885934.979
-0.019999999552965164,-0.15399999916553497,1.0119999647140503,1776885934.993
-0.009999999776482582,0.03700000047683716,1.1030000448226929,1776885935.392
-0.010999999940395355,0.07199999690055847,1.0839999914169312,1776885935.42
-0.01600000075995922,0.0820000022649765,1.093000054359436,1776885935.432
-0.017000000923871994,0.07500000298023224,1.0870000123977661,1776885935.462
0.003000000026077032,0.03999999910593033,1.0950000286102295,1776885935.472
-0.006000000052154064,0.0430000014603138,1.0889999866485596,1776885935.912
-0.007000000216066837,0.035999998450279236,1.0959999561309814,1776885935.94
-0.004999999888241291,0.03799999877810478,1.090999960899353,1776885935.952
-0.007000000216066837,0.04100000113248825,1.0920000076293945,1776885935.978
-0.008999999612569809,0.04100000113248825,1.0859999656677246,1776885935.992
-0.006000000052154064,0.050999999046325684,1.1050000190734863,1776885936.412
-0.03500000014901161,0.024000000208616257,1.090999960899353,1776885936.44
0.008999999612569809,0.057999998331069946,1.0789999961853027,1776885936.452
0.0010000000474974513,0.04500000178813934,1.069000005722046,1776885936.479
0.03500000014901161,0.08900000154972076,1.0859999656677246,1776885936.495
-0.03700000047683716,-0.10199999809265137,1.8309999704360962,1776885937.412
-0.0560000017285347,0.006000000052154064,0.5839999914169312,1776885937.438
-0.013000000268220901,0.11699999868869781,0.3869999945163727,1776885937.456
-0.15399999916553497,0.035999998450279236,1.121999979019165,1776885937.472
0.11900000274181366,0.15299999713897705,0.4189999997615814,1776885937.499
0.06499999761581421,0.05400000140070915,0.9819999933242798,1776885937.912
-0.2630000114440918,-0.03099999949336052,1.628000020980835,1776885937.938
0.08799999952316284,0.12399999797344208,0.5239999890327454,1776885937.952
0.11800000071525574,0.16899999976158142,0.6449999809265137,1776885937.979
-0.02800000086426735,-0.006000000052154064,0.7770000100135803,1776885937.992
-0.007000000216066837,0.023000000044703484,1.0729999542236328,1776885938.418
-0.01899999938905239,0.04100000113248825,1.1699999570846558,1776885938.432
0.004000000189989805,0.07100000232458115,1.0700000524520874,1776885938.458
-0.019999999552965164,0.05299999937415123,1.121000051498413,1776885938.472
-0.010999999940395355,0.02500000037252903,1.1139999628067017,1776885938.501
-0.007000000216066837,0.04399999976158142,1.0889999866485596,1776885938.912
-0.007000000216066837,0.04399999976158142,1.090999960899353,1776885938.934
-0.009999999776482582,0.0430000014603138,1.0870000123977661,1776885938.959
-0.007000000216066837,0.04399999976158142,1.0870000123977661,1776885938.972
-0.012000000104308128,0.0430000014603138,1.0859999656677246,1776885938.998
-0.009999999776482582,0.0430000014603138,1.090000033378601,1776885939.418
-0.004999999888241291,0.039000000804662704,1.0889999866485596,1776885939.432
-0.006000000052154064,0.041999999433755875,1.0920000076293945,1776885939.458
-0.008999999612569809,0.04399999976158142,1.093000054359436,1776885939.472
-0.007000000216066837,0.04800000041723251,1.0880000591278076,1776885939.499
-0.007000000216066837,0.04399999976158142,1.090000033378601,1776885939.92
-0.006000000052154064,0.0430000014603138,1.0880000591278076,1776885939.932
-0.003000000026077032,0.04399999976158142,1.0889999866485596,1776885939.96
-0.013000000268220901,0.04600000008940697,1.0920000076293945,1776885939.973
-0.00800000037997961,0.04100000113248825,1.093000054359436,1776885939.999
-0.07699999958276749,0.026000000536441803,1.0779999494552612,1776885940.418
0.06800000369548798,0.003000000026077032,1.121999979019165,1776885940.432
-0.0989999994635582,0.026000000536441803,1.0709999799728394,1776885940.458
0.02800000086426735,-0.04100000113248825,1.190999984741211,1776885940.473
0.014000000432133675,0.05999999865889549,0.9700000286102295,1776885940.499
-0.35499998927116394,0.31299999356269836,1.1419999599456787,1776885940.918
0.15000000596046448,-0.02199999988079071,0.9539999961853027,1776885940.932
-0.04899999871850014,0.2529999911785126,1.187999963760376,1776885940.964
-0.0820000022649765,0.10199999809265137,1.1039999723434448,1776885940.975
-0.03200000151991844,0.06800000369548798,1.1929999589920044,1776885941.001
-0.004999999888241291,0.03799999877810478,1.0880000591278076,1776885941.422
-0.008999999612569809,0.041999999433755875,1.0859999656677246,1776885941.432
-0.004999999888241291,0.03799999877810478,1.0880000591278076,1776885941.459
-0.003000000026077032,0.035999998450279236,1.0889999866485596,1776885941.472
-0.014000000432133675,0.03700000047683716,1.093999981880188,1776885941.496
-0.00800000037997961,0.035999998450279236,1.0850000381469727,1776885941.912
-0.009999999776482582,0.03999999910593033,1.0920000076293945,1776885941.94
-0.007000000216066837,0.026000000536441803,1.097000002861023,1776885941.952
-0.006000000052154064,0.03799999877810478,1.0889999866485596,1776885941.981
-0.013000000268220901,0.03500000014901161,1.0950000286102295,1776885941.995
-0.009999999776482582,0.03799999877810478,1.090999960899353,1776885942.425
-0.009999999776482582,0.03799999877810478,1.0859999656677246,1776885942.436
-0.007000000216066837,0.039000000804662704,1.090999960899353,1776885942.452
-0.012000000104308128,0.039000000804662704,1.0870000123977661,1776885942.478
-0.007000000216066837,0.039000000804662704,1.0870000123977661,1776885942.492
-0.004999999888241291,0.039000000804662704,1.0880000591278076,1776885942.932
-0.00800000037997961,0.03700000047683716,1.090999960899353,1776885942.959
-0.009999999776482582,0.039000000804662704,1.0870000123977661,1776885942.972
-0.00800000037997961,0.035999998450279236,1.0920000076293945,1776885942.999
-0.008999999612569809,0.035999998450279236,1.0920000076293945,1776885943.012
-0.04699999839067459,0.4320000112056732,1.11899995803833,1776885943.439
-0.07800000160932541,0.375,1.0019999742507935,1776885943.452
0.010999999940395355,0.22499999403953552,1.1610000133514404,1776885943.479
0.03999999910593033,0.1599999964237213,1.1319999694824219,1776885943.493
-0.01600000075995922,0.1120000034570694,0.9300000071525574,1776885943.52
0.052000001072883606,0.06199999898672104,1.2910000085830688,1776885943.938
-0.08399999886751175,0.07900000363588333,1.0360000133514404,1776885943.952
-0.035999998450279236,0.06800000369548798,0.8930000066757202,1776885943.984
-0.07100000232458115,0.07000000029802322,1.034000039100647,1776885944.003
0.08699999749660492,0.013000000268220901,1.0449999570846558,1776885944.014
0.019999999552965164,-0.09000000357627869,1.1510000228881836,1776885944.434
-0.003000000026077032,-0.07599999755620956,1.187000036239624,1776885944.452
-0.009999999776482582,-0.07100000232458115,1.0770000219345093,1776885944.478
-0.06300000101327896,-0.08699999749660492,1.1030000448226929,1776885944.494
0.004999999888241291,-0.050999999046325684,1.055999994277954,1776885944.52
-0.014999999664723873,0.03200000151991844,1.093000054359436,1776885944.952
-0.014999999664723873,0.03200000151991844,1.093000054359436,1776885944.98
-0.014999999664723873,0.03200000151991844,1.093000054359436,1776885944.993
0.003000000026077032,0.03500000014901161,1.090000033378601,1776885945.013
-0.010999999940395355,0.03500000014901161,1.093000054359436,1776885945.038
-0.013000000268220901,0.0430000014603138,1.090000033378601,1776885945.439
-0.013000000268220901,0.035999998450279236,1.0880000591278076,1776885945.457
-0.014999999664723873,0.0430000014603138,1.0920000076293945,1776885945.473
-0.013000000268220901,0.03700000047683716,1.0920000076293945,1776885945.499
-0.014999999664723873,0.05299999937415123,1.0959999561309814,1776885945.512
-0.014999999664723873,0.04100000113248825,1.0959999561309814,1776885945.952
-0.014999999664723873,0.04100000113248825,1.0959999561309814,1776885945.979
-0.014999999664723873,0.04100000113248825,1.0959999561309814,1776885945.993
-0.013000000268220901,0.03700000047683716,1.0920000076293945,1776885946.019
-0.010999999940395355,0.0430000014603138,1.0950000286102295,1776885946.032
-0.028999999165534973,0.04899999871850014,1.0989999771118164,1776885946.458
-0.020999999716877937,0.1120000034570694,1.1039999723434448,1776885946.472
0.003000000026077032,0.11400000005960464,1.1050000190734863,1776885946.498
-0.01600000075995922,0.12600000202655792,1.0670000314712524,1776885946.512
-0.01600000075995922,0.12600000202655792,1.0670000314712524,1776885946.538
-0.04600000008940697,0.008999999612569809,1.246999979019165,1776885947.453
-0.013000000268220901,0.050999999046325684,1.0290000438690186,1776885947.478
-0.07800000160932541,0.09099999815225601,0.9750000238418579,1776885947.492
0.0010000000474974513,0.026000000536441803,1.1510000228881836,1776885947.52
0.0010000000474974513,0.026000000536441803,1.1510000228881836,1776885947.536
-0.057999998331069946,0.006000000052154064,0.9419999718666077,1776885947.953
-0.01899999938905239,-0.11400000005960464,1.11899995803833,1776885947.978
0.023000000044703484,-0.08699999749660492,1.0800000429153442,1776885947.993
0.00800000037997961,-0.04899999871850014,1.0130000114440918,1776885948.019
-0.04899999871850014,-0.06700000166893005,1.11899995803833,1776885948.033
0.004999999888241291,0.07000000029802322,1.0839999914169312,1776885948.453
-0.01600000075995922,0.05299999937415123,1.093999981880188,1776885948.478
-0.0020000000949949026,0.03500000014901161,1.0880000591278076,1776885948.495
-0.0020000000949949026,0.03200000151991844,1.1100000143051147,1776885948.521
-0.014000000432133675,0.03099999949336052,1.093000054359436,1776885948.533
-0.009999999776482582,0.035999998450279236,1.090999960899353,1776885948.953
-0.012000000104308128,0.03799999877810478,1.090999960899353,1776885948.979
-0.008999999612569809,0.03700000047683716,1.090999960899353,1776885948.993
-0.009999999776482582,0.035999998450279236,1.090999960899353,1776885949.018
-0.004999999888241291,0.03700000047683716,1.090999960899353,1776885949.033
-0.008999999612569809,0.03700000047683716,1.0920000076293945,1776885949.453
-0.007000000216066837,0.03500000014901161,1.0950000286102295,1776885949.473
-0.006000000052154064,0.03500000014901161,1.090000033378601,1776885949.494
-0.00800000037997961,0.039000000804662704,1.090999960899353,1776885949.52
-0.007000000216066837,0.039000000804662704,1.0920000076293945,1776885949.534
0.014000000432133675,-0.026000000536441803,1.253999948501587,1776885950.453
0.12300000339746475,-0.07800000160932541,0.9919999837875366,1776885950.479
-0.13699999451637268,0.1340000033378601,1.2619999647140503,1776885950.493
0.023000000044703484,-0.07199999690055847,1.0609999895095825,1776885950.521
0.10599999874830246,-0.09700000286102295,0.8730000257492065,1776885950.533
-0.14300000667572021,0.07000000029802322,1.2929999828338623,1776885950.953
0.27399998903274536,-0.2529999911785126,0.8980000019073486,1776885950.978
0.16099999845027924,-0.020999999716877937,1.2339999675750732,1776885950.993
-0.12700000405311584,0.05900000035762787,0.9710000157356262,1776885951.018
0.29100000858306885,-0.25200000405311584,1.1139999628067017,1776885951.033
-0.06700000166893005,0.03999999910593033,1.090999960899353,1776885951.454
-0.04899999871850014,0.035999998450279236,1.0859999656677246,1776885951.48
0.004999999888241291,0.03500000014901161,1.090999960899353,1776885951.493
-0.04800000041723251,0.03500000014901161,1.093000054359436,1776885951.523
-0.032999999821186066,0.03099999949336052,1.0880000591278076,1776885951.536
-0.014000000432133675,0.03400000184774399,1.090000033378601,1776885951.953
-0.014999999664723873,0.03200000151991844,1.0959999561309814,1776885951.984
-0.014000000432133675,0.03400000184774399,1.090999960899353,1776885951.995
-0.012000000104308128,0.03200000151991844,1.090000033378601,1776885952.021
-0.012000000104308128,0.03799999877810478,1.0950000286102295,1776885952.033
-0.014999999664723873,0.032999999821186066,1.090000033378601,1776885952.473
-0.017000000923871994,0.03500000014901161,1.090999960899353,1776885952.5
-0.012000000104308128,0.03400000184774399,1.093999981880188,1776885952.513
-0.014999999664723873,0.032999999821186066,1.090000033378601,1776885952.538
-0.010999999940395355,0.03400000184774399,1.093000054359436,1776885952.553
-0.008999999612569809,0.09399999678134918,1.0980000495910645,1776885952.98
0.006000000052154064,0.10000000149011612,1.0870000123977661,1776885952.993
-0.019999999552965164,0.08399999886751175,1.0770000219345093,1776885953.021
-0.026000000536441803,0.1860000044107437,1.0609999895095825,1776885953.033
-0.004999999888241291,0.2370000034570694,1.121000051498413,1776885953.059
-0.12800000607967377,-0.07000000029802322,1.1430000066757202,1776885953.973
0.03099999949336052,-0.1770000010728836,1.2869999408721924,1776885954.003
0.03999999910593033,-0.04800000041723251,0.9779999852180481,1776885954.015
0.0020000000949949026,-0.02199999988079071,1.0230000019073486,1776885954.041
0.007000000216066837,-0.07400000095367432,1.1139999628067017,1776885954.053
-0.03400000184774399,0.06599999964237213,1.097000002861023,1776885954.473
0.004999999888241291,0.03799999877810478,1.0959999561309814,1776885954.499
-0.013000000268220901,0.020999999716877937,1.100000023841858,1776885954.513
-0.020999999716877937,0.01600000075995922,1.0880000591278076,1776885954.539
-0.003000000026077032,0.03200000151991844,1.0889999866485596,1776885954.553
-0.008999999612569809,0.029999999329447746,1.090000033378601,1776885954.973
-0.009999999776482582,0.03099999949336052,1.090999960899353,1776885954.999
-0.010999999940395355,0.028999999165534973,1.090000033378601,1776885955.013
-0.009999999776482582,0.03400000184774399,1.0950000286102295,1776885955.038
-0.014000000432133675,0.028999999165534973,1.090999960899353,1776885955.055
-0.01600000075995922,0.03099999949336052,1.0889999866485596,1776885955.473
-0.010999999940395355,0.02800000086426735,1.0889999866485596,1776885955.499
-0.010999999940395355,0.03200000151991844,1.090999960899353,1776885955.513
-0.008999999612569809,0.028999999165534973,1.090000033378601,1776885955.541
-0.017000000923871994,0.027000000700354576,1.090000033378601,1776885955.555
-0.02199999988079071,0.16200000047683716,1.1030000448226929,1776885955.973
-0.004999999888241291,0.2529999911785126,1.0789999961853027,1776885956.003
-0.004999999888241291,0.27399998903274536,1.1030000448226929,1776885956.018
-0.014999999664723873,0.3140000104904175,1.0740000009536743,1776885956.034
-0.007000000216066837,0.3199999928474426,1.069000005722046,1776885956.061
-0.023000000044703484,0.054999999701976776,1.1799999475479126,1776885956.993
-0.1459999978542328,0.0,1.059000015258789,1776885957.018
-0.06599999964237213,0.08299999684095383,1.065000057220459,1776885957.033
0.13699999451637268,0.04699999839067459,1.1690000295639038,1776885957.058
0.03200000151991844,0.05999999865889549,0.9890000224113464,1776885957.073
0.017000000923871994,-0.14399999380111694,1.152999997138977,1776885957.481
-0.01600000075995922,-0.12600000202655792,1.0750000476837158,1776885957.493
0.0010000000474974513,-0.01899999938905239,1.0859999656677246,1776885957.519
-0.029999999329447746,-0.11699999868869781,1.0829999446868896,1776885957.538
-0.05900000035762787,-0.11299999803304672,1.0880000591278076,1776885957.553
-0.01600000075995922,0.023000000044703484,1.090000033378601,1776885957.993
-0.017000000923871994,0.024000000208616257,1.0920000076293945,1776885958.02
-0.012000000104308128,0.019999999552965164,1.0880000591278076,1776885958.033
-0.014999999664723873,0.023000000044703484,1.0880000591278076,1776885958.058
-0.02199999988079071,0.02500000037252903,1.0880000591278076,1776885958.074
-0.014999999664723873,0.027000000700354576,1.090999960899353,1776885958.481
-0.020999999716877937,0.027000000700354576,1.0870000123977661,1776885958.494
-0.020999999716877937,0.027000000700354576,1.0870000123977661,1776885958.52
-0.020999999716877937,0.027000000700354576,1.0870000123977661,1776885958.533
-0.012000000104308128,0.02199999988079071,1.0859999656677246,1776885958.559
-0.01600000075995922,0.02500000037252903,1.0870000123977661,1776885958.993
-0.01600000075995922,0.024000000208616257,1.090999960899353,1776885959.022
-0.01600000075995922,0.020999999716877937,1.090000033378601,1776885959.033
-0.014999999664723873,0.02199999988079071,1.093999981880188,1776885959.059
-0.014999999664723873,0.028999999165534973,1.0889999866485596,1776885959.073
-0.017000000923871994,0.02199999988079071,1.093000054359436,1776885959.493
-0.012000000104308128,0.023000000044703484,1.090000033378601,1776885959.519
-0.017999999225139618,0.02500000037252903,1.0889999866485596,1776885959.535
-0.017999999225139618,0.02500000037252903,1.0889999866485596,1776885959.561
-0.017999999225139618,0.02500000037252903,1.0889999866485596,1776885959.573
-0.013000000268220901,0.026000000536441803,1.0959999561309814,1776885959.993
-0.01600000075995922,0.03999999910593033,1.0950000286102295,1776885960.019
-0.014000000432133675,0.023000000044703484,1.0880000591278076,1776885960.033
-0.01600000075995922,0.023000000044703484,1.0889999866485596,1776885960.061
-0.014999999664723873,0.02500000037252903,1.090999960899353,1776885960.073
-0.013000000268220901,0.024000000208616257,1.0880000591278076,1776885960.499
-0.014999999664723873,0.020999999716877937,1.0920000076293945,1776885960.513
-0.01600000075995922,0.02500000037252903,1.0889999866485596,1776885960.538
-0.014999999664723873,0.023000000044703484,1.0920000076293945,1776885960.553
-0.014999999664723873,0.023000000044703484,1.0920000076293945,1776885960.573
-0.014999999664723873,0.024000000208616257,1.093000054359436,1776885960.993
-0.014000000432133675,0.02500000037252903,1.093000054359436,1776885961.013
-0.017000000923871994,0.02500000037252903,1.0880000591278076,1776885961.039
-0.01600000075995922,0.023000000044703484,1.0889999866485596,1776885961.054
-0.014000000432133675,0.024000000208616257,1.093000054359436,1776885961.08
-0.014000000432133675,0.024000000208616257,1.090999960899353,1776885961.499
-0.014999999664723873,0.02199999988079071,1.0920000076293945,1776885961.513
-0.01600000075995922,0.023000000044703484,1.0870000123977661,1776885961.539
-0.01899999938905239,0.013000000268220901,1.090999960899353,1776885961.553
-0.010999999940395355,0.02199999988079071,1.0870000123977661,1776885961.586
-0.017999999225139618,0.02500000037252903,1.097000002861023,1776885963.014
-0.014000000432133675,0.026000000536441803,1.093999981880188,1776885963.04
-0.017000000923871994,0.02500000037252903,1.093999981880188,1776885963.053
-0.017000000923871994,0.02500000037252903,1.090999960899353,1776885963.073
-0.017999999225139618,0.023000000044703484,1.0889999866485596,1776885963.099
-0.014999999664723873,0.02199999988079071,1.0850000381469727,1776885963.513
-0.01600000075995922,0.02199999988079071,1.0920000076293945,1776885963.539
-0.01600000075995922,0.026000000536441803,1.0850000381469727,1776885963.553
-0.014999999664723873,0.024000000208616257,1.0859999656677246,1776885963.58
-0.014999999664723873,0.023000000044703484,1.0859999656677246,1776885963.593
-0.014999999664723873,0.024000000208616257,1.0889999866485596,1776885964.019
-0.01899999938905239,0.024000000208616257,1.093000054359436,1776885964.033
-0.01600000075995922,0.020999999716877937,1.090999960899353,1776885964.06
-0.010999999940395355,0.02500000037252903,1.090999960899353,1776885964.073
-0.017999999225139618,0.010999999940395355,1.0800000429153442,1776885964.099
-0.014999999664723873,0.026000000536441803,1.090000033378601,1776885965.013
-0.013000000268220901,0.02199999988079071,1.0920000076293945,1776885965.043
-0.01600000075995922,0.02500000037252903,1.0889999866485596,1776885965.053
-0.01600000075995922,0.027000000700354576,1.0920000076293945,1776885965.08
-0.014999999664723873,0.026000000536441803,1.090000033378601,1776885965.093
-0.01600000075995922,0.024000000208616257,1.0859999656677246,1776885965.519
-0.01600000075995922,0.02199999988079071,1.0870000123977661,1776885965.537
-0.014999999664723873,0.02199999988079071,1.0870000123977661,1776885965.553
-0.013000000268220901,0.019999999552965164,1.0889999866485596,1776885965.579
-0.014999999664723873,0.02500000037252903,1.0820000171661377,1776885965.593
-0.009999999776482582,0.026000000536441803,1.090000033378601,1776885966.513
-0.017999999225139618,0.023000000044703484,1.090999960899353,1776885966.539
-0.014999999664723873,0.023000000044703484,1.093999981880188,1776885966.553
-0.017000000923871994,0.02199999988079071,1.090000033378601,1776885966.579
-0.017000000923871994,0.02500000037252903,1.0889999866485596,1776885966.593
-0.014000000432133675,0.024000000208616257,1.0880000591278076,1776885967.021
-0.01899999938905239,0.026000000536441803,1.0920000076293945,1776885967.033
-0.01899999938905239,0.019999999552965164,1.0920000076293945,1776885967.059
-0.017000000923871994,0.024000000208616257,1.0889999866485596,1776885967.073
-0.014999999664723873,0.02199999988079071,1.090999960899353,1776885967.094
-0.01899999938905239,0.028999999165534973,1.0920000076293945,1776885967.513
-0.014000000432133675,0.024000000208616257,1.0880000591278076,1776885967.539
-0.017999999225139618,0.023000000044703484,1.0920000076293945,1776885967.553
-0.01600000075995922,0.020999999716877937,1.0859999656677246,1776885967.581
-0.014999999664723873,0.02500000037252903,1.090999960899353,1776885967.593
-0.017000000923871994,0.02199999988079071,1.090000033378601,1776885968.033
-0.014999999664723873,0.024000000208616257,1.093999981880188,1776885968.062
-0.02199999988079071,0.02500000037252903,1.0870000123977661,1776885968.073
-0.017999999225139618,0.023000000044703484,1.090999960899353,1776885968.099
-0.017000000923871994,0.023000000044703484,1.0870000123977661,1776885968.113
-0.01600000075995922,0.02199999988079071,1.093000054359436,1776885968.539
-0.013000000268220901,0.008999999612569809,1.0870000123977661,1776885968.553
-0.017999999225139618,0.023000000044703484,1.093000054359436,1776885968.579
-0.014999999664723873,0.026000000536441803,1.093000054359436,1776885968.593
-0.017000000923871994,0.02199999988079071,1.0920000076293945,1776885968.622
-0.012000000104308128,0.004000000189989805,1.0989999771118164,1776885969.033
-0.007000000216066837,0.024000000208616257,1.0740000009536743,1776885969.062
-0.013000000268220901,0.041999999433755875,1.1019999980926514,1776885969.073
-0.020999999716877937,0.00800000037997961,1.0870000123977661,1776885969.099
-0.009999999776482582,0.04399999976158142,1.1100000143051147,1776885969.113
0.03500000014901161,0.04699999839067459,0.9929999709129333,1776885969.533
-0.08399999886751175,0.054999999701976776,1.184999942779541,1776885969.559
0.052000001072883606,0.06300000101327896,1.1059999465942383,1776885969.573
-0.03700000047683716,-0.028999999165534973,1.1390000581741333,1776885969.601
-0.01600000075995922,0.023000000044703484,1.1039999723434448,1776885969.615
0.052000001072883606,0.02800000086426735,1.3389999866485596,1776885970.033
-0.15299999713897705,-0.1550000011920929,0.7459999918937683,1776885970.059
-0.012000000104308128,0.05999999865889549,1.0859999656677246,1776885970.073
-0.004000000189989805,0.004999999888241291,0.9959999918937683,1776885970.099
-0.052000001072883606,-0.01899999938905239,1.0010000467300415,1776885970.113
0.008999999612569809,0.029999999329447746,1.1089999675750732,1776885971.034
0.050999999046325684,0.04100000113248825,1.0770000219345093,1776885971.06
-0.041999999433755875,0.035999998450279236,1.1019999980926514,1776885971.073
-0.014999999664723873,0.027000000700354576,1.0880000591278076,1776885971.099
0.023000000044703484,0.017999999225139618,1.100000023841858,1776885971.113
0.0,0.027000000700354576,1.0920000076293945,1776885971.539
0.0,0.027000000700354576,1.0920000076293945,1776885971.553
0.0,0.027000000700354576,1.0920000076293945,1776885971.581
-0.003000000026077032,0.03200000151991844,1.093999981880188,1776885971.593
-0.0020000000949949026,0.029999999329447746,1.0870000123977661,1776885971.62
-0.0020000000949949026,0.02500000037252903,1.0889999866485596,1776885972.035
0.0,0.026000000536441803,1.0880000591278076,1776885972.062
-0.003000000026077032,0.02800000086426735,1.0859999656677246,1776885972.073
0.003000000026077032,0.03099999949336052,1.090000033378601,1776885972.099
-0.003000000026077032,0.028999999165534973,1.0880000591278076,1776885972.113
-0.014000000432133675,0.10499999672174454,1.0800000429153442,1776885972.533
0.004000000189989805,0.10599999874830246,1.090999960899353,1776885972.56
0.006000000052154064,0.10599999874830246,1.0950000286102295,1776885972.574
0.006000000052154064,0.10599999874830246,1.0950000286102295,1776885972.6
0.006000000052154064,0.10599999874830246,1.0950000286102295,1776885972.613
-0.08399999886751175,0.06800000369548798,1.003999948501587,1776885973.059
0.04800000041723251,0.004999999888241291,1.2829999923706055,1776885973.073
0.1770000010728836,-0.013000000268220901,1.1449999809265137,1776885973.101
-0.012000000104308128,0.07599999755620956,1.1069999933242798,1776885973.113
-0.04500000178813934,0.041999999433755875,1.156000018119812,1776885973.139
0.02800000086426735,0.0430000014603138,1.0850000381469727,1776885973.554
0.0729999989271164,0.03200000151991844,1.1039999723434448,1776885973.581
0.024000000208616257,0.10000000149011612,1.0080000162124634,1776885973.593
0.024000000208616257,0.10000000149011612,1.0080000162124634,1776885973.619
0.024000000208616257,0.10000000149011612,1.0080000162124634,1776885973.633
-0.11699999868869781,-0.08100000023841858,1.187000036239624,1776885974.053
0.0,-0.11400000005960464,1.0049999952316284,1776885974.079
0.01600000075995922,-0.03200000151991844,1.1169999837875366,1776885974.095
0.01899999938905239,-0.09600000083446503,1.0509999990463257,1776885974.121
-0.03200000151991844,-0.07000000029802322,1.0679999589920044,1776885974.134
-0.004999999888241291,0.050999999046325684,1.090999960899353,1776885974.56
-0.004999999888241291,0.04899999871850014,1.090999960899353,1776885974.577
-0.01600000075995922,0.0430000014603138,1.0880000591278076,1776885974.593
-0.014999999664723873,0.03400000184774399,1.093999981880188,1776885974.62
-0.014999999664723873,0.03400000184774399,1.093999981880188,1776885974.633
0.3050000071525574,-0.32499998807907104,1.0369999408721924,1776885975.553
0.23800000548362732,-0.11100000143051147,0.9509999752044678,1776885975.583
-0.14300000667572021,0.11699999868869781,1.1820000410079956,1776885975.6
0.37400001287460327,-0.3479999899864197,1.0369999408721924,1776885975.616
0.06300000101327896,0.03700000047683716,0.9729999899864197,1776885975.642
-0.23399999737739563,0.23000000417232513,1.2549999952316284,1776885976.059
0.20800000429153442,-0.16899999976158142,0.7360000014305115,1776885976.073
-0.07800000160932541,0.17900000512599945,1.2170000076293945,1776885976.1
0.08500000089406967,-0.05900000035762787,1.0299999713897705,1776885976.113
0.14100000262260437,-0.1120000034570694,0.8180000185966492,1776885976.141
0.0010000000474974513,0.0430000014603138,1.090999960899353,1776885977.064
-0.01899999938905239,0.04100000113248825,1.090999960899353,1776885977.075
-0.006000000052154064,0.041999999433755875,1.093999981880188,1776885977.101
-0.010999999940395355,0.04100000113248825,1.0889999866485596,1776885977.113
-0.017999999225139618,0.039000000804662704,1.0889999866485596,1776885977.145
-0.004000000189989805,0.2409999966621399,1.0839999914169312,1776885978.054
0.010999999940395355,0.30300000309944153,1.0870000123977661,1776885978.08
0.02500000037252903,0.2930000126361847,1.093000054359436,1776885978.095
-0.04600000008940697,0.2800000011920929,1.0989999771118164,1776885978.121
0.0010000000474974513,0.20800000429153442,1.1100000143051147,1776885978.134
0.07999999821186066,0.09399999678134918,0.8999999761581421,1776885978.559
-0.17000000178813934,0.08299999684095383,1.1890000104904175,1776885978.576
-0.08399999886751175,0.03999999910593033,1.0119999647140503,1776885978.601
-0.05000000074505806,0.07900000363588333,1.0119999647140503,1776885978.614
-0.027000000700354576,0.10100000351667404,1.090999960899353,1776885978.639
-0.023000000044703484,0.03200000151991844,1.225000023841858,1776885979.074
0.23600000143051147,0.06199999898672104,1.00600004196167,1776885979.101
0.07500000298023224,0.07999999821186066,0.968999981880188,1776885979.113
-0.14000000059604645,-0.007000000216066837,1.0360000133514404,1776885979.139
-0.07400000095367432,0.1080000028014183,0.9309999942779541,1776885979.154
-0.054999999701976776,-0.08399999886751175,1.1269999742507935,1776885979.56
0.041999999433755875,-0.12999999523162842,1.2020000219345093,1776885979.573
0.07800000160932541,-0.0989999994635582,1.0089999437332153,1776885979.601
-0.06199999898672104,-0.13500000536441803,1.2289999723434448,1776885979.613
-0.02199999988079071,-0.12600000202655792,0.9909999966621399,1776885979.635
-0.00800000037997961,0.03400000184774399,1.090999960899353,1776885980.053
-0.006000000052154064,0.0430000014603138,1.0959999561309814,1776885980.08
0.0010000000474974513,0.04100000113248825,1.0880000591278076,1776885980.095
-0.00800000037997961,0.03500000014901161,1.0950000286102295,1776885980.121
-0.004999999888241291,0.032999999821186066,1.093000054359436,1776885980.133
-0.0010000000474974513,0.03500000014901161,1.090000033378601,1776885980.575
-0.0020000000949949026,0.03700000047683716,1.0920000076293945,1776885980.601
-0.004999999888241291,0.035999998450279236,1.0870000123977661,1776885980.613
-0.004000000189989805,0.03500000014901161,1.0870000123977661,1776885980.639
-0.004000000189989805,0.039000000804662704,1.090000033378601,1776885980.656
0.12399999797344208,0.11599999666213989,0.8889999985694885,1776885981.581
0.052000001072883606,0.07599999755620956,1.2239999771118164,1776885981.593
-0.25099998712539673,0.014000000432133675,1.2680000066757202,1776885981.619
-0.07599999755620956,0.03099999949336052,0.9459999799728394,1776885981.633
0.20000000298023224,-0.007000000216066837,1.1449999809265137,1776885981.662
-0.035999998450279236,0.08799999952316284,0.8880000114440918,1776885982.08
-0.125,0.01600000075995922,1.1950000524520874,1776885982.096
-0.04899999871850014,0.10300000011920929,1.1349999904632568,1776885982.123
0.06199999898672104,0.06300000101327896,0.847000002861023,1776885982.133
-0.09700000286102295,0.05900000035762787,1.2070000171661377,1776885982.159
-0.00800000037997961,0.041999999433755875,1.093999981880188,1776885983.073
-0.009999999776482582,0.0430000014603138,1.093999981880188,1776885983.093
0.006000000052154064,0.04100000113248825,1.093000054359436,1776885983.12
-0.00800000037997961,0.04100000113248825,1.0920000076293945,1776885983.135
-0.00800000037997961,0.039000000804662704,1.090999960899353,1776885983.16
-0.02500000037252903,0.041999999433755875,1.0870000123977661,1776885983.573
-0.00800000037997961,0.0430000014603138,1.093999981880188,1776885983.601
-0.009999999776482582,0.041999999433755875,1.093000054359436,1776885983.613
-0.009999999776482582,0.03999999910593033,1.093000054359436,1776885983.639
-0.008999999612569809,0.0430000014603138,1.0889999866485596,1776885983.653
-0.00800000037997961,0.041999999433755875,1.0880000591278076,1776885984.079
-0.010999999940395355,0.04100000113248825,1.0950000286102295,1776885984.097
-0.010999999940395355,0.02199999988079071,1.090000033378601,1776885984.113
0.0,0.04600000008940697,1.0889999866485596,1776885984.139
-0.012000000104308128,0.052000001072883606,1.093000054359436,1776885984.153
-0.041999999433755875,0.029999999329447746,1.0499999523162842,1776885984.58
0.06599999964237213,0.12700000405311584,1.0800000429153442,1776885984.593
0.05700000002980232,0.02800000086426735,1.1779999732971191,1776885984.62
0.02199999988079071,0.05999999865889549,0.9539999961853027,1776885984.633
0.09000000357627869,0.0949999988079071,1.1109999418258667,1776885984.661
-0.013000000268220901,0.041999999433755875,1.0870000123977661,1776885985.584
-0.008999999612569809,0.03700000047683716,1.0920000076293945,1776885985.595
-0.008999999612569809,0.03799999877810478,1.0980000495910645,1776885985.62
-0.008999999612569809,0.03799999877810478,1.093000054359436,1776885985.633
-0.009999999776482582,0.03999999910593033,1.093000054359436,1776885985.659
-0.007000000216066837,0.041999999433755875,1.090000033378601,1776885986.594
-0.004999999888241291,0.03799999877810478,1.090000033378601,1776885986.621
-0.006000000052154064,0.04100000113248825,1.0889999866485596,1776885986.633
-0.007000000216066837,0.039000000804662704,1.0759999752044678,1776885986.659
-0.007000000216066837,0.03999999910593033,1.090000033378601,1776885986.674
-0.009999999776482582,0.0560000017285347,1.0809999704360962,1776885987.101
-0.007000000216066837,0.07100000232458115,1.1009999513626099,1776885987.114
-0.00800000037997961,0.029999999329447746,1.0889999866485596,1776885987.136
-0.020999999716877937,0.03999999910593033,1.0880000591278076,1776885987.162
-0.003000000026077032,0.041999999433755875,1.090000033378601,1776885987.173
-0.14900000393390656,0.13699999451637268,1.3140000104904175,1776885987.6
-0.0560000017285347,-0.004000000189989805,1.215000033378601,1776885987.615
0.2329999953508377,-0.25200000405311584,0.9660000205039978,1776885987.641
-0.3179999887943268,0.2919999957084656,1.156999945640564,1776885987.654
-0.010999999940395355,-0.0560000017285347,1.1799999475479126,1776885987.69
0.0949999988079071,-0.04500000178813934,1.0729999542236328,1776885988.099
0.10000000149011612,0.18299999833106995,1.2020000219345093,1776885988.113
-0.017000000923871994,0.054999999701976776,1.0160000324249268,1776885988.142
-0.032999999821186066,0.027000000700354576,1.0980000495910645,1776885988.153
0.006000000052154064,0.026000000536441803,1.0870000123977661,1776885988.179
-0.004999999888241291,0.041999999433755875,1.0850000381469727,1776885988.596
-0.004999999888241291,0.041999999433755875,1.0850000381469727,1776885988.622
-0.004999999888241291,0.041999999433755875,1.0850000381469727,1776885988.633
-0.0020000000949949026,0.039000000804662704,1.0870000123977661,1776885988.659
-0.007000000216066837,0.04100000113248825,1.0889999866485596,1776885988.673
-0.00800000037997961,0.02800000086426735,1.0950000286102295,1776885989.101
-0.006000000052154064,0.041999999433755875,1.090000033378601,1776885989.114
-0.007000000216066837,0.04100000113248825,1.093999981880188,1776885989.14
0.006000000052154064,0.03799999877810478,1.100000023841858,1776885989.154
0.006000000052154064,0.03799999877810478,1.100000023841858,1776885989.181
-0.009999999776482582,0.041999999433755875,1.093000054359436,1776885989.6
-0.006000000052154064,0.04399999976158142,1.090000033378601,1776885989.622
-0.008999999612569809,0.041999999433755875,1.090999960899353,1776885989.634
-0.008999999612569809,0.03999999910593033,1.0880000591278076,1776885989.661
-0.008999999612569809,0.039000000804662704,1.0889999866485596,1776885989.674
-0.010999999940395355,0.03999999910593033,1.090999960899353,1776885990.113
-0.008999999612569809,0.039000000804662704,1.090999960899353,1776885990.139
-0.006000000052154064,0.03999999910593033,1.0920000076293945,1776885990.154
-0.006000000052154064,0.03999999910593033,1.093999981880188,1776885990.179
-0.006000000052154064,0.027000000700354576,1.090000033378601,1776885990.194
-0.006000000052154064,0.041999999433755875,1.090000033378601,1776885990.626
-0.009999999776482582,0.03999999910593033,1.090999960899353,1776885990.637
-0.006000000052154064,0.04100000113248825,1.0959999561309814,1776885990.654
-0.00800000037997961,0.04100000113248825,1.0880000591278076,1776885990.679
-0.008999999612569809,0.03799999877810478,1.0859999656677246,1776885990.694
-0.010999999940395355,0.0430000014603138,1.090999960899353,1776885991.113
-0.004999999888241291,0.0560000017285347,1.0859999656677246,1776885991.139
-0.007000000216066837,0.03799999877810478,1.0880000591278076,1776885991.154
-0.007000000216066837,0.03999999910593033,1.0880000591278076,1776885991.181
-0.00800000037997961,0.03999999910593033,1.0880000591278076,1776885991.194
-0.009999999776482582,0.0430000014603138,1.093000054359436,1776885991.616
-0.004999999888241291,0.04100000113248825,1.090000033378601,1776885991.641
-0.007000000216066837,0.039000000804662704,1.093999981880188,1776885991.654
-0.004999999888241291,0.04100000113248825,1.090000033378601,1776885991.679
-0.004999999888241291,0.041999999433755875,1.090000033378601,1776885991.698
-0.004999999888241291,0.041999999433755875,1.0870000123977661,1776885992.114
-0.009999999776482582,0.04100000113248825,1.093999981880188,1776885992.14
-0.004999999888241291,0.03999999910593033,1.0850000381469727,1776885992.154
-0.009999999776482582,0.04100000113248825,1.0950000286102295,1776885992.18
-0.004999999888241291,0.0430000014603138,1.090999960899353,1776885992.194
-0.008999999612569809,0.039000000804662704,1.090999960899353,1776885992.626
-0.00800000037997961,0.03999999910593033,1.090000033378601,1776885992.636
-0.007000000216066837,0.03999999910593033,1.0889999866485596,1776885992.662
-0.023000000044703484,0.04100000113248825,1.0870000123977661,1776885992.674
-0.006000000052154064,0.041999999433755875,1.0880000591278076,1776885992.699
-0.00800000037997961,0.04100000113248825,1.0959999561309814,1776885993.114
-0.006000000052154064,0.041999999433755875,1.0859999656677246,1776885993.139
-0.00800000037997961,0.03799999877810478,1.0920000076293945,1776885993.154
-0.010999999940395355,0.041999999433755875,1.090999960899353,1776885993.182
-0.00800000037997961,0.039000000804662704,1.0880000591278076,1776885993.194
-0.008999999612569809,0.04100000113248825,1.0889999866485596,1776885993.62
-0.007000000216066837,0.03999999910593033,1.0870000123977661,1776885993.634
-0.00800000037997961,0.039000000804662704,1.090000033378601,1776885993.654
-0.006000000052154064,0.0560000017285347,1.093000054359436,1776885993.679
-0.023000000044703484,0.03799999877810478,1.0889999866485596,1776885993.695
-0.007000000216066837,0.03700000047683716,1.0920000076293945,1776885994.121
-0.004999999888241291,0.039000000804662704,1.093999981880188,1776885994.134
-0.010999999940395355,0.04100000113248825,1.090000033378601,1776885994.16
-0.010999999940395355,0.04500000178813934,1.090999960899353,1776885994.175
-0.004999999888241291,0.026000000536441803,1.093000054359436,1776885994.194
-0.023000000044703484,0.039000000804662704,1.0889999866485596,1776885994.639
-0.00800000037997961,0.04100000113248825,1.093000054359436,1776885994.658
-0.007000000216066837,0.04100000113248825,1.0950000286102295,1776885994.674
-0.006000000052154064,0.03999999910593033,1.0889999866485596,1776885994.7
-0.009999999776482582,0.03999999910593033,1.0850000381469727,1776885994.714
-0.009999999776482582,0.054999999701976776,1.093000054359436,1776885995.141
-0.008999999612569809,0.03999999910593033,1.090000033378601,1776885995.154
-0.008999999612569809,0.041999999433755875,1.0839999914169312,1776885995.181
-0.00800000037997961,0.039000000804662704,1.090999960899353,1776885995.194
-0.013000000268220901,0.0430000014603138,1.090999960899353,1776885995.22
-0.007000000216066837,0.0430000014603138,1.0880000591278076,1776885995.634
-0.004000000189989805,0.03700000047683716,1.0889999866485596,1776885995.661
-0.006000000052154064,0.04100000113248825,1.0920000076293945,1776885995.674
0.004000000189989805,0.03999999910593033,1.0880000591278076,1776885995.699
-0.008999999612569809,0.04100000113248825,1.090999960899353,1776885995.714
-0.007000000216066837,0.039000000804662704,1.090000033378601,1776885996.142
-0.024000000208616257,0.03799999877810478,1.0870000123977661,1776885996.154
-0.010999999940395355,0.0430000014603138,1.090999960899353,1776885996.181
-0.007000000216066837,0.0430000014603138,1.0880000591278076,1776885996.194
-0.006000000052154064,0.039000000804662704,1.093000054359436,1776885996.221
-0.00800000037997961,0.039000000804662704,1.090000033378601,1776885996.634
-0.004000000189989805,0.039000000804662704,1.090000033378601,1776885996.66
-0.00800000037997961,0.03799999877810478,1.0880000591278076,1776885996.674
-0.008999999612569809,0.039000000804662704,1.090999960899353,1776885996.701
-0.008999999612569809,0.039000000804662704,1.0950000286102295,1776885996.714
-0.009999999776482582,0.0430000014603138,1.090999960899353,1776885997.141
-0.009999999776482582,0.041999999433755875,1.090000033378601,1776885997.154
-0.004999999888241291,0.041999999433755875,1.0880000591278076,1776885997.18
-0.007000000216066837,0.03999999910593033,1.090000033378601,1776885997.194
-0.009999999776482582,0.041999999433755875,1.0920000076293945,1776885997.227
-0.00800000037997961,0.04100000113248825,1.090000033378601,1776885997.634
-0.008999999612569809,0.039000000804662704,1.090000033378601,1776885997.66
-0.00800000037997961,0.04100000113248825,1.090000033378601,1776885997.674
-0.004999999888241291,0.0430000014603138,1.0880000591278076,1776885997.694
-0.009999999776482582,0.03999999910593033,1.090000033378601,1776885997.719
-0.00800000037997961,0.03700000047683716,1.090000033378601,1776885998.143
-0.00800000037997961,0.03700000047683716,1.090000033378601,1776885998.154
-0.004999999888241291,0.035999998450279236,1.090999960899353,1776885998.18
-0.00800000037997961,0.04100000113248825,1.0889999866485596,1776885998.194
-0.008999999612569809,0.041999999433755875,1.090000033378601,1776885998.22
-0.00800000037997961,0.03999999910593033,1.090000033378601,1776885998.634
-0.00800000037997961,0.04100000113248825,1.0880000591278076,1776885998.66
-0.004999999888241291,0.041999999433755875,1.0859999656677246,1776885998.674
-0.009999999776482582,0.03799999877810478,1.090999960899353,1776885998.701
-0.007000000216066837,0.041999999433755875,1.090999960899353,1776885998.714
-0.009999999776482582,0.0430000014603138,1.097000002861023,1776885999.135
-0.009999999776482582,0.0430000014603138,1.097000002861023,1776885999.16
-0.009999999776482582,0.0430000014603138,1.097000002861023,1776885999.174
-0.009999999776482582,0.0430000014603138,1.097000002861023,1776885999.199
-0.008999999612569809,0.039000000804662704,1.090999960899353,1776885999.215
-0.008999999612569809,0.03999999910593033,1.0959999561309814,1776885999.634
-0.00800000037997961,0.04100000113248825,1.090000033378601,1776885999.662
-0.006000000052154064,0.041999999433755875,1.0859999656677246,1776885999.674
-0.007000000216066837,0.04399999976158142,1.093000054359436,1776885999.7
-0.006000000052154064,0.03999999910593033,1.0880000591278076,1776885999.714
-0.00800000037997961,0.039000000804662704,1.0880000591278076,1776886000.134
-0.012000000104308128,0.03700000047683716,1.1009999513626099,1776886000.161
-0.004999999888241291,0.04399999976158142,1.090000033378601,1776886000.175
-0.008999999612569809,0.052000001072883606,1.0880000591278076,1776886000.201
-0.008999999612569809,0.052000001072883606,1.0880000591278076,1776886000.214
-0.008999999612569809,0.04100000113248825,1.090000033378601,1776886000.655
-0.00800000037997961,0.0430000014603138,1.0880000591278076,1776886000.681
-0.008999999612569809,0.04100000113248825,1.0920000076293945,1776886000.694
-0.00800000037997961,0.03999999910593033,1.0889999866485596,1776886000.72
-0.009999999776482582,0.04399999976158142,1.0889999866485596,1776886000.735
-0.006000000052154064,0.03799999877810478,1.0880000591278076,1776886001.154
-0.010999999940395355,0.03999999910593033,1.0920000076293945,1776886001.182
-0.007000000216066837,0.041999999433755875,1.090999960899353,1776886001.194
-0.00800000037997961,0.03999999910593033,1.0920000076293945,1776886001.22
-0.007000000216066837,0.041999999433755875,1.0920000076293945,1776886001.234
-0.009999999776482582,0.03999999910593033,1.0889999866485596,1776886001.654
-0.007000000216066837,0.04399999976158142,1.0920000076293945,1776886001.68
-0.012000000104308128,0.03799999877810478,1.0889999866485596,1776886001.695
-0.00800000037997961,0.04100000113248825,1.0859999656677246,1776886001.716
-0.007000000216066837,0.04100000113248825,1.090000033378601,1776886001.741
-0.00800000037997961,0.0430000014603138,1.0880000591278076,1776886002.166
-0.006000000052154064,0.0430000014603138,1.0920000076293945,1776886002.177
-0.006000000052154064,0.039000000804662704,1.0920000076293945,1776886002.202
-0.007000000216066837,0.04399999976158142,1.090000033378601,1776886002.214
-0.006000000052154064,0.041999999433755875,1.090999960899353,1776886002.24
-0.007000000216066837,0.04100000113248825,1.090999960899353,1776886002.655
-0.004999999888241291,0.039000000804662704,1.0950000286102295,1776886002.68
-0.006000000052154064,0.03999999910593033,1.0920000076293945,1776886002.694
-0.010999999940395355,0.0430000014603138,1.0870000123977661,1776886002.72
-0.007000000216066837,0.0430000014603138,1.0889999866485596,1776886002.736
0.0020000000949949026,0.03999999910593033,1.090000033378601,1776886003.161
-0.010999999940395355,0.020999999716877937,1.0980000495910645,1776886003.174
0.00800000037997961,0.04600000008940697,1.1009999513626099,1776886003.2
0.035999998450279236,0.057999998331069946,1.0959999561309814,1776886003.215
0.010999999940395355,0.04100000113248825,1.0770000219345093,1776886003.241
0.03200000151991844,0.11599999666213989,0.5600000023841858,1776886003.66
0.004999999888241291,-0.004999999888241291,1.38100004196167,1776886003.674
0.07100000232458115,0.11599999666213989,0.6610000133514404,1776886003.7
0.050999999046325684,0.008999999612569809,0.925000011920929,1776886003.714
-0.023000000044703484,-0.06599999964237213,1.6419999599456787,1776886003.743
-0.05000000074505806,0.04899999871850014,0.6740000247955322,1776886004.16
0.07400000095367432,0.04899999871850014,1.6369999647140503,1776886004.182
-0.13600000739097595,-0.08399999886751175,0.8889999985694885,1776886004.194
0.07800000160932541,0.13600000739097595,0.656000018119812,1776886004.22
-0.19099999964237213,-0.026000000536441803,1.5509999990463257,1776886004.234
0.08299999684095383,0.12300000339746475,0.5809999704360962,1776886004.656
0.0820000022649765,0.06499999761581421,1.4539999961853027,1776886004.682
-0.20399999618530273,-0.05900000035762787,1.0779999494552612,1776886004.694
0.1289999932050705,0.1860000044107437,1.0049999952316284,1776886004.722
-0.11100000143051147,-0.11999999731779099,1.6069999933242798,1776886004.736
-0.010999999940395355,0.04100000113248825,1.1200000047683716,1776886005.154
-0.007000000216066837,0.052000001072883606,1.1019999980926514,1776886005.175
0.017000000923871994,0.04100000113248825,1.0880000591278076,1776886005.201
0.004000000189989805,0.03999999910593033,1.0789999961853027,1776886005.216
-0.017999999225139618,0.04500000178813934,1.0870000123977661,1776886005.242
-0.006000000052154064,0.04399999976158142,1.0889999866485596,1776886005.66
-0.00800000037997961,0.041999999433755875,1.090999960899353,1776886005.674
-0.003000000026077032,0.04600000008940697,1.0870000123977661,1776886005.7
-0.009999999776482582,0.041999999433755875,1.0839999914169312,1776886005.714
-0.004000000189989805,0.04399999976158142,1.093000054359436,1776886005.745
-0.007000000216066837,0.0430000014603138,1.0829999446868896,1776886006.161
-0.007000000216066837,0.04100000113248825,1.0839999914169312,1776886006.176
-0.006000000052154064,0.041999999433755875,1.0839999914169312,1776886006.195
-0.0020000000949949026,0.039000000804662704,1.0950000286102295,1776886006.22
-0.007000000216066837,0.03999999910593033,1.090999960899353,1776886006.234
-0.00800000037997961,0.04500000178813934,1.0920000076293945,1776886006.654
-0.007000000216066837,0.041999999433755875,1.0880000591278076,1776886006.68
-0.006000000052154064,0.0430000014603138,1.090000033378601,1776886006.694
-0.004999999888241291,0.041999999433755875,1.0889999866485596,1776886006.726
-0.0020000000949949026,0.0430000014603138,1.093999981880188,1776886006.736
-0.014000000432133675,0.19099999964237213,1.2979999780654907,1776886007.162
-0.05400000140070915,0.14800000190734863,1.2109999656677246,1776886007.174
-0.12399999797344208,0.1720000058412552,1.222000002861023,1776886007.2
-0.014999999664723873,0.1289999932050705,1.1670000553131104,1776886007.217
0.1720000058412552,0.10199999809265137,1.1660000085830688,1776886007.234
-0.04699999839067459,0.054999999701976776,1.190999984741211,1776886007.674
0.0430000014603138,0.04500000178813934,1.1339999437332153,1776886007.7
-0.003000000026077032,0.07800000160932541,1.1319999694824219,1776886007.714
-0.07699999958276749,0.04699999839067459,1.0950000286102295,1776886007.741
-0.11100000143051147,0.054999999701976776,1.0019999742507935,1776886007.756
-0.017999999225139618,0.09200000017881393,0.9020000100135803,1776886008.175
-0.017999999225139618,0.0430000014603138,0.8550000190734863,1776886008.201
0.035999998450279236,0.06599999964237213,1.3179999589920044,1776886008.214
0.07900000363588333,0.04399999976158142,0.8159999847412109,1776886008.24
0.014000000432133675,0.041999999433755875,1.0290000438690186,1776886008.255
-0.09099999815225601,-0.04899999871850014,1.027999997138977,1776886008.674
0.12600000202655792,-0.09200000017881393,1.121999979019165,1776886008.702
0.10999999940395355,-0.09200000017881393,1.0870000123977661,1776886008.714
0.014000000432133675,-0.07100000232458115,1.0219999551773071,1776886008.74
-0.0010000000474974513,-0.041999999433755875,1.1030000448226929,1776886008.754
-0.012000000104308128,0.03700000047683716,1.0920000076293945,1776886009.181
-0.012000000104308128,0.0430000014603138,1.0950000286102295,1776886009.194
-0.012000000104308128,0.04600000008940697,1.0859999656677246,1776886009.22
-0.017999999225139618,0.03999999910593033,1.090999960899353,1776886009.234
-0.013000000268220901,0.03799999877810478,1.0920000076293945,1776886009.262
-0.013000000268220901,0.04100000113248825,1.0889999866485596,1776886009.68
-0.010999999940395355,0.0560000017285347,1.0920000076293945,1776886009.696
-0.00800000037997961,0.0430000014603138,1.0920000076293945,1776886009.721
-0.004999999888241291,0.04600000008940697,1.0859999656677246,1776886009.734
-0.010999999940395355,0.04399999976158142,1.0889999866485596,1776886009.76
-0.22599999606609344,0.029999999329447746,1.2079999446868896,1776886010.175
-0.1459999978542328,0.07000000029802322,1.0800000429153442,1776886010.201
0.125,0.07400000095367432,1.2860000133514404,1776886010.214
0.07599999755620956,0.04800000041723251,1.1929999589920044,1776886010.24
0.01899999938905239,0.10400000214576721,1.0240000486373901,1776886010.255
-0.10300000011920929,0.07000000029802322,1.0950000286102295,1776886010.674
-0.10300000011920929,0.07000000029802322,1.0950000286102295,1776886010.701
-0.10300000011920929,0.07000000029802322,1.0950000286102295,1776886010.714
0.00800000037997961,0.07000000029802322,1.0069999694824219,1776886010.74
-0.17800000309944153,0.03099999949336052,1.2319999933242798,1776886010.754
-0.057999998331069946,0.04800000041723251,1.00600004196167,1776886011.2
-0.17299999296665192,0.04399999976158142,1.0920000076293945,1776886011.218
-0.05299999937415123,0.035999998450279236,1.2999999523162842,1776886011.234
0.08100000023841858,0.05000000074505806,0.9869999885559082,1776886011.254
-0.17100000381469727,0.04100000113248825,1.180999994277954,1776886011.28
0.03099999949336052,0.024000000208616257,0.9549999833106995,1776886011.704
0.03099999949336052,0.024000000208616257,0.9549999833106995,1776886011.714
-0.14000000059604645,-0.19099999964237213,1.1039999723434448,1776886011.741
0.1599999964237213,-0.0949999988079071,1.2000000476837158,1776886011.754
0.13600000739097595,-0.12700000405311584,1.0579999685287476,1776886011.78
-0.02500000037252903,0.0729999989271164,1.0889999866485596,1776886012.194
-0.03999999910593033,0.125,1.0950000286102295,1776886012.221
0.006000000052154064,0.12200000137090683,1.0809999704360962,1776886012.234
-0.00800000037997961,0.07500000298023224,1.1039999723434448,1776886012.26
-0.026000000536441803,0.012000000104308128,1.0820000171661377,1776886012.274
-0.017999999225139618,0.052000001072883606,1.0920000076293945,1776886012.701
-0.013000000268220901,0.05299999937415123,1.0880000591278076,1776886012.714
-0.013000000268220901,0.05299999937415123,1.0880000591278076,1776886012.741
-0.013000000268220901,0.05299999937415123,1.0880000591278076,1776886012.754
-0.014999999664723873,0.05400000140070915,1.0859999656677246,1776886012.781
-0.014999999664723873,0.05000000074505806,1.0870000123977661,1776886013.2
-0.017000000923871994,0.05000000074505806,1.090999960899353,1776886013.217
-0.017999999225139618,0.04899999871850014,1.0889999866485596,1776886013.234
-0.01600000075995922,0.052000001072883606,1.093999981880188,1776886013.261
-0.017999999225139618,0.05299999937415123,1.090000033378601,1776886013.274
-0.020999999716877937,0.24300000071525574,1.065000057220459,1776886013.7
0.014000000432133675,0.24799999594688416,1.090999960899353,1776886013.714
-0.0430000014603138,0.257999986410141,1.0529999732971191,1776886013.741
-0.07800000160932541,0.24500000476837158,1.0779999494552612,1776886013.754
-0.07800000160932541,0.24500000476837158,1.0779999494552612,1776886013.78
0.007000000216066837,0.0,1.3140000104904175,1776886014.194
0.20399999618530273,0.08299999684095383,1.0479999780654907,1776886014.221
-0.1379999965429306,0.07199999690055847,1.2039999961853027,1776886014.234
-0.10300000011920929,0.039000000804662704,1.0299999713897705,1776886014.26
-0.0989999994635582,0.0820000022649765,0.9200000166893005,1776886014.274
0.03500000014901161,0.06499999761581421,0.9829999804496765,1776886014.694
-0.13099999725818634,0.050999999046325684,1.1399999856948853,1776886014.72
-0.10300000011920929,0.09000000357627869,1.1640000343322754,1776886014.738
0.0949999988079071,-0.0020000000949949026,1.2890000343322754,1776886014.754
0.0949999988079071,-0.0020000000949949026,1.2890000343322754,1776886014.774
0.020999999716877937,0.014999999664723873,1.0729999542236328,1776886015.194
-0.027000000700354576,-0.035999998450279236,1.0490000247955322,1776886015.22
-0.1289999932050705,-0.13699999451637268,1.0870000123977661,1776886015.234
0.02800000086426735,-0.05900000035762787,1.2100000381469727,1776886015.261
0.05999999865889549,-0.0989999994635582,0.8420000076293945,1776886015.281
-0.02199999988079071,0.04699999839067459,1.0839999914169312,1776886015.7
-0.009999999776482582,0.06800000369548798,1.0829999446868896,1776886015.714
-0.010999999940395355,0.0729999989271164,1.0889999866485596,1776886015.734
-0.020999999716877937,0.06800000369548798,1.100000023841858,1776886015.76
-0.02199999988079071,0.07000000029802322,1.0880000591278076,1776886015.78
-0.013000000268220901,0.04600000008940697,1.090999960899353,1776886016.194
-0.010999999940395355,0.04399999976158142,1.090999960899353,1776886016.221
-0.012000000104308128,0.0430000014603138,1.090999960899353,1776886016.234
-0.017000000923871994,0.041999999433755875,1.093999981880188,1776886016.261
-0.014999999664723873,0.041999999433755875,1.090000033378601,1776886016.274
-0.013000000268220901,0.02500000037252903,1.0809999704360962,1776886016.701
-0.004999999888241291,0.020999999716877937,1.0920000076293945,1776886016.714
-0.01899999938905239,0.013000000268220901,1.090999960899353,1776886016.74
-0.019999999552965164,0.08500000089406967,1.1009999513626099,1776886016.754
0.0020000000949949026,0.057999998331069946,1.0820000171661377,1776886016.781
0.02800000086426735,-0.007000000216066837,1.3049999475479126,1776886017.194
-0.0430000014603138,0.027000000700354576,1.1799999475479126,1776886017.221
-0.017999999225139618,0.0560000017285347,1.2269999980926514,1776886017.234
0.014999999664723873,0.10300000011920929,1.1269999742507935,1776886017.262
0.06499999761581421,0.11100000143051147,0.843999981880188,1776886017.274
0.07699999958276749,0.13099999725818634,0.5540000200271606,1776886017.714
0.15700000524520874,0.1469999998807907,1.4140000343322754,1776886017.741
0.029999999329447746,0.08699999749660492,0.8220000267028809,1776886017.755
0.09600000083446503,0.13199999928474426,0.7250000238418579,1776886017.78
0.03400000184774399,0.04500000178813934,1.565000057220459,1776886017.794
-0.05700000002980232,-0.08900000154972076,1.8569999933242798,1776886018.194
0.04399999976158142,-0.013000000268220901,0.9679999947547913,1776886018.223
0.08699999749660492,0.1850000023841858,0.4440000057220459,1776886018.234
-0.40700000524520874,-0.09000000357627869,1.6369999647140503,1776886018.26
0.08900000154972076,0.16500000655651093,0.45899999141693115,1776886018.274
0.08399999886751175,0.11599999666213989,1.0499999523162842,1776886018.714
-0.1679999977350235,-0.0010000000474974513,1.7100000381469727,1776886018.74
0.16500000655651093,0.11800000071525574,0.5540000200271606,1776886018.754
0.13199999928474426,0.08900000154972076,1.531999945640564,1776886018.782
-0.18799999356269836,-0.08399999886751175,1.4570000171661377,1776886018.795
0.13899999856948853,0.10899999737739563,0.9459999799728394,1776886019.221
-0.1889999955892563,-0.028999999165534973,0.9229999780654907,1776886019.235
0.11999999731779099,0.2160000056028366,0.640999972820282,1776886019.26
0.04800000041723251,0.019999999552965164,1.5110000371932983,1776886019.274
0.004000000189989805,0.0729999989271164,0.6710000038146973,1776886019.3
-0.13899999856948853,-0.08900000154972076,1.5670000314712524,1776886019.696
-0.0010000000474974513,0.0949999988079071,0.5960000157356262,1776886019.723
0.08799999952316284,0.014000000432133675,1.4880000352859497,1776886019.735
-0.13600000739097595,0.014000000432133675,0.9929999709129333,1776886019.761
0.054999999701976776,0.08500000089406967,0.4690000116825104,1776886019.776
-0.05900000035762787,-0.06400000303983688,0.3959999978542328,1776886020.214
0.16599999368190765,0.15299999713897705,1.1269999742507935,1776886020.241
-0.07500000298023224,-0.014000000432133675,1.9279999732971191,1776886020.256
0.17299999296665192,0.1509999930858612,0.4970000088214874,1776886020.282
0.03500000014901161,-0.04500000178813934,1.527999997138977,1776886020.294
-0.03999999910593033,0.04500000178813934,1.0679999589920044,1776886020.715
-0.02500000037252903,0.03400000184774399,1.0989999771118164,1776886020.74
-0.00800000037997961,0.027000000700354576,1.0820000171661377,1776886020.754
-0.027000000700354576,0.03799999877810478,1.1039999723434448,1776886020.78
-0.024000000208616257,0.0430000014603138,1.0920000076293945,1776886020.794
-0.007000000216066837,0.03400000184774399,1.093000054359436,1776886021.22
-0.008999999612569809,0.03500000014901161,1.0889999866485596,1776886021.234
-0.013000000268220901,0.035999998450279236,1.090000033378601,1776886021.261
-0.00800000037997961,0.035999998450279236,1.090999960899353,1776886021.274
-0.008999999612569809,0.032999999821186066,1.0959999561309814,1776886021.3
-0.006000000052154064,0.03500000014901161,1.090999960899353,1776886021.714
-0.008999999612569809,0.03400000184774399,1.0920000076293945,1776886021.742
-0.00800000037997961,0.03500000014901161,1.093000054359436,1776886021.755
-0.023000000044703484,0.03400000184774399,1.093999981880188,1776886021.78
-0.010999999940395355,0.032999999821186066,1.093999981880188,1776886021.794
-0.01600000075995922,0.04600000008940697,1.1200000047683716,1776886022.222
-0.024000000208616257,0.07400000095367432,1.0959999561309814,1776886022.234
-0.019999999552965164,0.0689999982714653,1.0980000495910645,1776886022.26
-0.004999999888241291,0.12800000607967377,1.0959999561309814,1776886022.274
-0.04899999871850014,0.03500000014901161,1.0839999914169312,1776886022.302
-0.032999999821186066,0.05999999865889549,1.1239999532699585,1776886022.714
-0.0949999988079071,0.13099999725818634,1.1749999523162842,1776886022.74
0.10100000351667404,0.06400000303983688,1.0429999828338623,1776886022.754
-0.03999999910593033,0.08500000089406967,1.2319999933242798,1776886022.781
-0.20800000429153442,0.039000000804662704,1.0390000343322754,1776886022.794
0.017000000923871994,0.07599999755620956,1.1039999723434448,1776886023.216
0.014999999664723873,0.0729999989271164,1.0329999923706055,1776886023.242
-0.04800000041723251,0.05000000074505806,1.0390000343322754,1776886023.254
-0.0430000014603138,0.09700000286102295,1.3389999866485596,1776886023.283
0.13300000131130219,0.03400000184774399,1.0110000371932983,1776886023.297
-0.05299999937415123,-0.08399999886751175,1.1679999828338623,1776886023.721
0.08399999886751175,-0.12800000607967377,0.9829999804496765,1776886023.734
0.03999999910593033,-0.0020000000949949026,1.25600004196167,1776886023.76
0.01600000075995922,-0.09399999678134918,1.2339999675750732,1776886023.776
-0.07199999690055847,-0.1379999965429306,0.9160000085830688,1776886023.801
-0.012000000104308128,0.032999999821186066,1.090999960899353,1776886024.221
-0.009999999776482582,0.027000000700354576,1.097000002861023,1776886024.234
-0.004999999888241291,0.024000000208616257,1.0880000591278076,1776886024.26
-0.012000000104308128,0.03099999949336052,1.0880000591278076,1776886024.275
-0.009999999776482582,0.039000000804662704,1.0980000495910645,1776886024.306
-0.01600000075995922,0.024000000208616257,1.1160000562667847,1776886024.714
-0.014000000432133675,0.05700000002980232,1.0829999446868896,1776886024.74
-0.023000000044703484,0.08699999749660492,1.0950000286102295,1776886024.754
0.0010000000474974513,0.02199999988079071,1.090000033378601,1776886024.781
-0.008999999612569809,0.0,1.1069999933242798,1776886024.794
0.25,0.05999999865889549,0.9940000176429749,1776886025.216
-0.4259999990463257,0.36899998784065247,1.3949999809265137,1776886025.242
0.10700000077486038,-0.08100000023841858,1.093000054359436,1776886025.254
-0.12800000607967377,0.14399999380111694,1.1299999952316284,1776886025.28
-0.2919999957084656,0.2619999945163727,1.3259999752044678,1776886025.297
-0.017999999225139618,0.02500000037252903,1.0850000381469727,1776886025.714
0.0020000000949949026,0.02500000037252903,1.097000002861023,1776886025.74
-0.012000000104308128,0.029999999329447746,1.0889999866485596,1776886025.755
-0.017000000923871994,0.028999999165534973,1.0950000286102295,1776886025.781
-0.006000000052154064,0.02800000086426735,1.090000033378601,1776886025.795
-0.008999999612569809,0.02500000037252903,1.0920000076293945,1776886026.214
-0.006000000052154064,0.02800000086426735,1.093000054359436,1776886026.24
-0.006000000052154064,0.02800000086426735,1.0839999914169312,1776886026.256
-0.007000000216066837,0.02500000037252903,1.0920000076293945,1776886026.282
-0.012000000104308128,0.02500000037252903,1.090000033378601,1776886026.294
-0.009999999776482582,0.11699999868869781,1.11899995803833,1776886026.74
0.01600000075995922,0.19200000166893005,1.0759999752044678,1776886026.754
-0.023000000044703484,0.2639999985694885,1.1019999980926514,1776886026.781
-0.01899999938905239,0.28299999237060547,1.0820000171661377,1776886026.806
0.027000000700354576,0.24699999392032623,1.0579999685287476,1776886026.817
0.08299999684095383,0.07900000363588333,1.1239999532699585,1776886027.246
-0.014999999664723873,0.07999999821186066,1.0360000133514404,1776886027.257
-0.14499999582767487,0.03500000014901161,1.2059999704360962,1776886027.283
0.11400000005960464,-0.008999999612569809,1.065999984741211,1776886027.296
0.06300000101327896,-0.24300000071525574,1.125,1776886027.321
0.04899999871850014,0.0689999982714653,1.093999981880188,1776886027.741
0.03400000184774399,0.0689999982714653,1.0889999866485596,1776886027.76
-0.052000001072883606,0.07400000095367432,1.090999960899353,1776886027.776
0.014999999664723873,0.06700000166893005,1.0959999561309814,1776886027.801
0.032999999821186066,0.05999999865889549,1.0950000286102295,1776886027.814
-0.003000000026077032,0.0430000014603138,1.0920000076293945,1776886028.235
-0.003000000026077032,0.0430000014603138,1.0920000076293945,1776886028.261
-0.009999999776482582,0.04100000113248825,1.0889999866485596,1776886028.275
-0.014000000432133675,0.03700000047683716,1.090999960899353,1776886028.301
-0.009999999776482582,0.04100000113248825,1.090000033378601,1776886028.314
-0.012000000104308128,0.035999998450279236,1.0950000286102295,1776886028.735
-0.01600000075995922,0.05000000074505806,1.0859999656677246,1776886028.761
-0.01600000075995922,0.05000000074505806,1.0859999656677246,1776886028.774
-0.01600000075995922,0.05000000074505806,1.0859999656677246,1776886028.804
0.010999999940395355,0.10999999940395355,1.0880000591278076,1776886028.816
-0.07999999821186066,0.07100000232458115,1.0980000495910645,1776886029.234
-0.019999999552965164,0.0860000029206276,1.0989999771118164,1776886029.261
-0.041999999433755875,0.1979999989271164,1.1119999885559082,1776886029.275
-0.026000000536441803,0.14399999380111694,1.0709999799728394,1776886029.3
-0.017000000923871994,0.07999999821186066,1.0859999656677246,1776886029.314
-0.03700000047683716,0.07000000029802322,1.0870000123977661,1776886029.734
-0.03700000047683716,0.07000000029802322,1.0920000076293945,1776886029.76
-0.041999999433755875,0.07500000298023224,1.0950000286102295,1776886029.778
-0.041999999433755875,0.07500000298023224,1.0950000286102295,1776886029.795
-0.041999999433755875,0.07500000298023224,1.0950000286102295,1776886029.817
-0.03999999910593033,0.07000000029802322,1.0859999656677246,1776886030.235
-0.039000000804662704,0.07400000095367432,1.0920000076293945,1776886030.262
-0.04100000113248825,0.0560000017285347,1.097000002861023,1776886030.275
-0.02800000086426735,0.06300000101327896,1.1109999418258667,1776886030.303
-0.0729999989271164,-0.0010000000474974513,1.062000036239624,1776886030.316
0.041999999433755875,0.032999999821186066,1.3769999742507935,1776886030.736
-0.11100000143051147,0.16200000047683716,0.953000009059906,1776886030.763
-0.014000000432133675,0.164000004529953,1.2480000257492065,1776886030.775
-0.12700000405311584,0.09700000286102295,1.4249999523162842,1776886030.801
-0.12700000405311584,0.09700000286102295,1.4249999523162842,1776886030.816
-0.009999999776482582,0.08699999749660492,1.0850000381469727,1776886031.235
-0.017999999225139618,0.09200000017881393,1.0980000495910645,1776886031.262
-0.020999999716877937,0.09600000083446503,1.090000033378601,1776886031.275
-0.012000000104308128,0.08699999749660492,1.090999960899353,1776886031.3
-0.019999999552965164,0.09399999678134918,1.0959999561309814,1776886031.315
-0.014000000432133675,0.09000000357627869,1.090999960899353,1776886031.735
-0.019999999552965164,0.09000000357627869,1.0870000123977661,1776886031.76
-0.01899999938905239,0.09099999815225601,1.0859999656677246,1776886031.776
-0.017999999225139618,0.08900000154972076,1.090999960899353,1776886031.802
-0.013000000268220901,0.09700000286102295,1.0850000381469727,1776886031.815
0.05900000035762787,0.19599999487400055,0.9010000228881836,1776886032.241
0.17299999296665192,0.20200000703334808,0.9810000061988831,1776886032.257
0.1080000028014183,0.22499999403953552,1.1640000343322754,1776886032.285
-0.7239999771118164,-0.24500000476837158,1.5770000219345093,1776886032.296
-0.04699999839067459,0.14900000393390656,0.6589999794960022,1776886032.315
-0.18400000035762787,0.30300000309944153,0.8970000147819519,1776886032.741
0.6079999804496765,0.23600000143051147,1.3420000076293945,1776886032.755
1.034999966621399,-0.3160000145435333,1.9329999685287476,1776886032.781
0.7229999899864197,-0.004000000189989805,0.847000002861023,1776886032.795
-0.8970000147819519,0.1679999977350235,1.600000023841858,1776886032.818
-0.10300000011920929,0.028999999165534973,1.1770000457763672,1776886033.255
-0.1550000011920929,0.07500000298023224,1.0479999780654907,1776886033.28
-0.12399999797344208,0.04399999976158142,1.1109999418258667,1776886033.295
-0.14100000262260437,0.07199999690055847,1.090000033378601,1776886033.321
-0.15399999916553497,0.06199999898672104,1.0759999752044678,1776886033.335
0.1770000010728836,0.2070000022649765,1.0180000066757202,1776886033.741
0.1080000028014183,0.25,0.9369999766349792,1776886033.762
-0.023000000044703484,0.2290000021457672,0.9940000176429749,1776886033.776
0.010999999940395355,0.23499999940395355,1.0509999990463257,1776886033.802
0.020999999716877937,0.21699999272823334,1.0709999799728394,1776886033.815
-0.019999999552965164,0.15399999916553497,1.0820000171661377,1776886034.255
-0.02500000037252903,0.16200000047683716,1.0859999656677246,1776886034.282
-0.03400000184774399,0.16599999368190765,1.0770000219345093,1776886034.295
-0.029999999329447746,0.15299999713897705,1.0820000171661377,1776886034.321
-0.035999998450279236,0.16500000655651093,1.0850000381469727,1776886034.336
-0.03500000014901161,0.14100000262260437,1.1009999513626099,1776886034.763
-0.03700000047683716,0.15399999916553497,1.0770000219345093,1776886034.777
-0.06599999964237213,0.1860000044107437,1.0880000591278076,1776886034.803
-0.019999999552965164,0.1379999965429306,1.0700000524520874,1776886034.815
-0.008999999612569809,0.15199999511241913,1.0789999961853027,1776886034.841
-0.02800000086426735,0.16500000655651093,1.0670000314712524,1776886035.261
0.03099999949336052,0.23600000143051147,1.1009999513626099,1776886035.275
0.02199999988079071,0.257999986410141,1.034999966621399,1776886035.301
-0.027000000700354576,0.23999999463558197,1.0880000591278076,1776886035.315
0.012000000104308128,0.15800000727176666,0.9259999990463257,1776886035.34
-0.09099999815225601,0.36000001430511475,0.652999997138977,1776886035.776
-0.14499999582767487,0.25099998712539673,1.0880000591278076,1776886035.803
0.1679999977350235,-0.05000000074505806,1.319000005722046,1776886035.815
0.10199999809265137,0.367000013589859,0.8190000057220459,1776886035.84
-0.08399999886751175,0.04100000113248825,1.2630000114440918,1776886035.855
0.010999999940395355,0.3869999945163727,0.9129999876022339,1776886036.281
-0.39399999380111694,0.4690000116825104,0.6330000162124634,1776886036.295
0.2199999988079071,0.006000000052154064,1.7589999437332153,1776886036.322
0.4189999997615814,-0.11999999731779099,1.4609999656677246,1776886036.345
-0.5339999794960022,0.3630000054836273,0.6309999823570251,1776886036.355
-0.04699999839067459,0.26499998569488525,1.0529999732971191,1776886036.775
-0.0430000014603138,0.2759999930858612,1.065000057220459,1776886036.801
-0.028999999165534973,0.2619999945163727,1.0609999895095825,1776886036.815
-0.0430000014603138,0.25,1.062000036239624,1776886036.841
-0.05000000074505806,0.2529999911785126,1.0609999895095825,1776886036.855
-0.04600000008940697,0.2619999945163727,1.0670000314712524,1776886037.261
-0.041999999433755875,0.257999986410141,1.0640000104904175,1776886037.275
-0.05000000074505806,0.25999999046325684,1.0579999685287476,1776886037.3
-0.04899999871850014,0.257999986410141,1.0609999895095825,1776886037.315
-0.04600000008940697,0.2590000033378601,1.0529999732971191,1776886037.341
-0.041999999433755875,0.23499999940395355,1.0779999494552612,1776886037.755
-0.05299999937415123,0.257999986410141,1.062999963760376,1776886037.78
-0.054999999701976776,0.2919999957084656,1.0779999494552612,1776886037.795
-0.010999999940395355,0.2460000067949295,1.0540000200271606,1776886037.821
-0.023000000044703484,0.32199999690055847,1.062999963760376,1776886037.835
0.21400000154972076,0.07500000298023224,0.8550000190734863,1776886038.261
-0.3190000057220459,0.21899999678134918,0.14000000059604645,1776886038.275
-0.4480000138282776,-0.7089999914169312,1.371999979019165,1776886038.301
-0.871999979019165,-0.421999990940094,1.6990000009536743,1776886038.319
-0.9300000071525574,-0.3659999966621399,1.3869999647140503,1776886038.337
-0.3269999921321869,0.19200000166893005,1.399999976158142,1776886038.775
0.2849999964237213,-0.2680000066757202,-1.9600000381469727,1776886038.802
0.1940000057220459,-0.6639999747276306,0.9070000052452087,1776886038.819
0.2160000056028366,-0.14900000393390656,0.9350000023841858,1776886038.838
0.25600001215934753,-0.0860000029206276,0.7409999966621399,1776886038.855
0.10899999737739563,0.3109999895095825,1.0119999647140503,1776886039.281
0.10400000214576721,0.23199999332427979,1.0490000247955322,1776886039.296
0.18400000035762787,0.10300000011920929,1.1139999628067017,1776886039.322
0.23399999737739563,-0.07199999690055847,1.0479999780654907,1776886039.335
0.20900000631809235,-0.08399999886751175,1.0829999446868896,1776886039.363
0.18299999833106995,0.04800000041723251,1.0750000476837158,1776886039.78
0.18299999833106995,0.04500000178813934,1.0670000314712524,1776886039.795
0.18299999833106995,0.04699999839067459,1.0729999542236328,1776886039.821
0.1850000023841858,0.05000000074505806,1.0740000009536743,1776886039.835
0.1770000010728836,0.05299999937415123,1.0700000524520874,1776886039.861
0.18400000035762787,0.05000000074505806,1.0679999589920044,1776886040.286
0.1770000010728836,0.04600000008940697,1.0709999799728394,1776886040.297
0.1850000023841858,0.052000001072883606,1.0750000476837158,1776886040.322
0.18299999833106995,0.04500000178813934,1.0670000314712524,1776886040.336
0.1850000023841858,0.04600000008940697,1.0720000267028809,1776886040.362
0.2750000059604645,0.1469999998807907,1.1360000371932983,1776886040.781
0.14900000393390656,0.20499999821186066,1.2300000190734863,1776886040.795
0.24500000476837158,0.2800000011920929,1.069000005722046,1776886040.815
0.25200000405311584,0.3409999907016754,1.0679999589920044,1776886040.841
0.22599999606609344,0.46700000762939453,1.0709999799728394,1776886040.855
0.27000001072883606,0.33899998664855957,0.7239999771118164,1776886041.281
0.11900000274181366,0.14399999380111694,0.17000000178813934,1776886041.297
0.3919999897480011,0.5450000166893005,0.5600000023841858,1776886041.328
0.4440000057220459,0.4350000023841858,0.9539999961853027,1776886041.338
0.4880000054836273,-0.21400000154972076,0.2919999957084656,1776886041.355
-0.8500000238418579,0.05900000035762787,1.319000005722046,1776886041.777
-0.3230000138282776,-0.1459999978542328,0.7310000061988831,1776886041.803
0.013000000268220901,-0.028999999165534973,0.7390000224113464,1776886041.815
-0.14399999380111694,-0.061000000685453415,1.0549999475479126,1776886041.841
-0.017999999225139618,-0.027000000700354576,0.9900000095367432,1776886041.856
-0.023000000044703484,-0.2750000059604645,1.065999984741211,1776886042.276
-0.04699999839067459,-0.2759999930858612,1.034000039100647,1776886042.302
-0.07500000298023224,-0.3019999861717224,1.0260000228881836,1776886042.315
-0.09099999815225601,-0.3059999942779541,1.0290000438690186,1776886042.341
-0.06700000166893005,-0.296999990940094,1.034999966621399,1776886042.356
-0.054999999701976776,-0.3179999887943268,1.031999945640564,1776886042.775
-0.05400000140070915,-0.3179999887943268,1.0219999551773071,1776886042.801
-0.05400000140070915,-0.3230000138282776,1.0240000486373901,1776886042.816
-0.052000001072883606,-0.3179999887943268,1.0240000486373901,1776886042.841
-0.05400000140070915,-0.3160000145435333,1.0240000486373901,1776886042.856
-0.05999999865889549,-0.3149999976158142,1.0290000438690186,1776886043.301
0.0860000029206276,-0.2199999988079071,1.0859999656677246,1776886043.315
0.10999999940395355,-0.020999999716877937,1.1549999713897705,1776886043.342
0.061000000685453415,0.052000001072883606,1.1619999408721924,1776886043.355
0.08100000023841858,0.07500000298023224,1.2079999446868896,1776886043.38
-0.14300000667572021,0.3889999985694885,1.059999942779541,1776886043.777
-0.10899999737739563,0.4399999976158142,0.8700000047683716,1776886043.803
-0.05299999937415123,0.40799999237060547,0.753000020980835,1776886043.815
0.020999999716877937,0.5210000276565552,0.8659999966621399,1776886043.841
0.07400000095367432,0.4779999852180481,0.921999990940094,1776886043.857
0.17800000309944153,-0.460999995470047,1.0570000410079956,1776886044.295
0.16699999570846558,-0.3490000069141388,1.0099999904632568,1776886044.324
-0.16099999845027924,-0.28200000524520874,1.2719999551773071,1776886044.342
-0.2879999876022339,-0.28299999237060547,0.9520000219345093,1776886044.356
-0.1120000034570694,-0.2460000067949295,0.9520000219345093,1776886044.381
-0.03200000151991844,0.06400000303983688,1.090000033378601,1776886044.798
-0.03500000014901161,0.05900000035762787,1.0950000286102295,1776886044.815
-0.03500000014901161,0.05299999937415123,1.090000033378601,1776886044.841
-0.029999999329447746,0.054999999701976776,1.090000033378601,1776886044.855
-0.03500000014901161,0.05999999865889549,1.0870000123977661,1776886044.881
-0.035999998450279236,0.05700000002980232,1.0880000591278076,1776886045.296
-0.03099999949336052,0.05400000140070915,1.0859999656677246,1776886045.322
-0.03500000014901161,0.054999999701976776,1.0870000123977661,1776886045.335
-0.03400000184774399,0.054999999701976776,1.0920000076293945,1776886045.362
-0.032999999821186066,0.052000001072883606,1.0889999866485596,1776886045.377
-0.03999999910593033,0.0560000017285347,1.093999981880188,1776886045.797
-0.027000000700354576,0.08799999952316284,1.090000033378601,1776886045.815
-0.039000000804662704,0.04899999871850014,1.0870000123977661,1776886045.841
-0.052000001072883606,0.06199999898672104,1.0880000591278076,1776886045.855
-0.019999999552965164,0.10700000077486038,1.0859999656677246,1776886045.881
-0.14900000393390656,0.00800000037997961,1.027999997138977,1776886046.302
-0.07800000160932541,0.041999999433755875,1.1039999723434448,1776886046.319
0.027000000700354576,0.11900000274181366,1.0160000324249268,1776886046.336
-0.004000000189989805,0.07900000363588333,1.1119999885559082,1776886046.362
-0.024000000208616257,0.06800000369548798,1.0859999656677246,1776886046.376
0.07900000363588333,0.16699999570846558,1.0609999895095825,1776886046.801
0.07900000363588333,0.16699999570846558,1.0609999895095825,1776886046.818
0.07599999755620956,0.15299999713897705,1.0420000553131104,1776886046.835
0.004999999888241291,-0.027000000700354576,1.0490000247955322,1776886046.861
-0.1889999955892563,-0.1080000028014183,1.1059999465942383,1776886046.875
-0.04899999871850014,0.012000000104308128,1.0759999752044678,1776886047.296
-0.03500000014901161,0.041999999433755875,1.0950000286102295,1776886047.322
-0.026000000536441803,0.057999998331069946,1.0889999866485596,1776886047.335
-0.027000000700354576,0.06400000303983688,1.090999960899353,1776886047.361
-0.041999999433755875,0.0430000014603138,1.0880000591278076,1776886047.377
-0.02800000086426735,0.03999999910593033,1.0859999656677246,1776886047.815
-0.02800000086426735,0.03999999910593033,1.0859999656677246,1776886047.841
-0.026000000536441803,0.04699999839067459,1.0920000076293945,1776886047.856
-0.02800000086426735,0.04699999839067459,1.093999981880188,1776886047.881
-0.029999999329447746,0.04800000041723251,1.0880000591278076,1776886047.895
-0.03500000014901161,0.2759999930858612,1.0839999914169312,1776886048.315
-0.02800000086426735,0.3409999907016754,1.0950000286102295,1776886048.341
0.014999999664723873,0.46399998664855957,0.9950000047683716,1776886048.357
-0.026000000536441803,0.38100001215934753,0.9549999833106995,1776886048.375
-0.11699999868869781,0.24899999797344208,1.0520000457763672,1776886048.401
0.004000000189989805,0.024000000208616257,1.1549999713897705,1776886048.822
0.004000000189989805,0.024000000208616257,1.1549999713897705,1776886048.836
0.004000000189989805,0.024000000208616257,1.1549999713897705,1776886048.862
-0.08500000089406967,0.00800000037997961,1.093000054359436,1776886048.879
-0.08900000154972076,-0.28600001335144043,1.0770000219345093,1776886048.896
-0.029999999329447746,0.04100000113248825,1.093000054359436,1776886049.325
-0.01600000075995922,0.06400000303983688,1.0950000286102295,1776886049.335
-0.03700000047683716,0.03200000151991844,1.0859999656677246,1776886049.361
-0.01600000075995922,0.06700000166893005,1.0859999656677246,1776886049.378
-0.017000000923871994,0.03799999877810478,1.1130000352859497,1776886049.395
-0.05299999937415123,-0.006000000052154064,1.0859999656677246,1776886049.822
-0.05299999937415123,-0.006000000052154064,1.0859999656677246,1776886049.839
-0.05299999937415123,-0.006000000052154064,1.0859999656677246,1776886049.856
-0.03400000184774399,0.05299999937415123,1.0750000476837158,1776886049.882
-0.01600000075995922,0.04100000113248825,1.1019999980926514,1776886049.895
0.03500000014901161,0.17800000309944153,1.1239999532699585,1776886050.323
0.009999999776482582,0.17299999296665192,1.0269999504089355,1776886050.337
-0.09700000286102295,0.07400000095367432,1.0870000123977661,1776886050.356
-0.05999999865889549,0.12399999797344208,1.1169999837875366,1776886050.382
0.08100000023841858,0.23399999737739563,1.0390000343322754,1776886050.399
0.2840000092983246,0.289000004529953,1.2519999742507935,1776886050.815
-0.008999999612569809,0.014999999664723873,0.8050000071525574,1776886050.841
-0.008999999612569809,0.014999999664723873,0.8050000071525574,1776886050.855
-0.008999999612569809,0.014999999664723873,0.8050000071525574,1776886050.881
0.02199999988079071,-0.008999999612569809,0.8019999861717224,1776886050.896
0.03099999949336052,0.026000000536441803,1.003000020980835,1776886051.335
-0.06599999964237213,-0.06700000166893005,1.0579999685287476,1776886051.361
0.028999999165534973,0.07199999690055847,1.0809999704360962,1776886051.376
0.12399999797344208,0.03500000014901161,1.00600004196167,1776886051.401
0.24300000071525574,0.020999999716877937,1.069000005722046,1776886051.415
0.029999999329447746,0.05299999937415123,1.093000054359436,1776886051.815
0.009999999776482582,0.04699999839067459,1.0880000591278076,1776886051.841
0.009999999776482582,0.04699999839067459,1.0880000591278076,1776886051.857
0.009999999776482582,0.04699999839067459,1.0880000591278076,1776886051.883
0.017000000923871994,0.05000000074505806,1.090000033378601,1776886051.895
-0.09799999743700027,0.017000000923871994,1.0019999742507935,1776886052.337
-0.18400000035762787,-0.027000000700354576,1.1399999856948853,1776886052.363
-0.20499999821186066,-0.03999999910593033,1.2359999418258667,1776886052.375
-0.20499999821186066,-0.03999999910593033,1.2359999418258667,1776886052.403
-0.20499999821186066,-0.03999999910593033,1.2359999418258667,1776886052.416
-0.10100000351667404,-0.009999999776482582,1.031999945640564,1776886052.816
-0.09200000017881393,0.07000000029802322,1.003000020980835,1776886052.842
-0.05299999937415123,0.02500000037252903,1.1349999904632568,1776886052.856
0.024000000208616257,0.014000000432133675,1.2109999656677246,1776886052.881
0.03200000151991844,-0.024000000208616257,1.0420000553131104,1776886052.896
-0.08399999886751175,0.07400000095367432,1.1749999523162842,1776886053.342
-0.10300000011920929,0.06499999761581421,1.0099999904632568,1776886053.359
0.017999999225139618,0.06300000101327896,0.9330000281333923,1776886053.375
0.10100000351667404,0.06599999964237213,1.031999945640564,1776886053.401
0.10100000351667404,0.06599999964237213,1.031999945640564,1776886053.416
-0.03799999877810478,-0.16500000655651093,1.093999981880188,1776886053.841
-0.052000001072883606,-0.17299999296665192,1.0679999589920044,1776886053.857
-0.04600000008940697,-0.06199999898672104,1.093999981880188,1776886053.875
-0.02199999988079071,0.007000000216066837,1.0829999446868896,1776886053.901
0.003000000026077032,0.019999999552965164,1.1169999837875366,1776886053.915
-0.023000000044703484,0.027000000700354576,1.0750000476837158,1776886054.338
-0.03200000151991844,0.026000000536441803,1.0950000286102295,1776886054.363
-0.03500000014901161,0.014000000432133675,1.097000002861023,1776886054.375
-0.01899999938905239,0.03200000151991844,1.0880000591278076,1776886054.401
-0.01899999938905239,0.03200000151991844,1.0880000591278076,1776886054.416
0.010999999940395355,-0.00800000037997961,1.0770000219345093,1776886054.836
0.014000000432133675,0.013000000268220901,1.090999960899353,1776886054.862
-0.003000000026077032,0.017999999225139618,1.1269999742507935,1776886054.875
0.004000000189989805,0.017999999225139618,1.0420000553131104,1776886054.901
-0.017999999225139618,0.03500000014901161,1.093000054359436,1776886054.915
-0.29499998688697815,0.3610000014305115,1.2450000047683716,1776886055.343
-0.27300000190734863,-0.010999999940395355,0.7300000190734863,1776886055.358
0.34599998593330383,-0.2619999945163727,1.284000039100647,1776886055.377
0.34599998593330383,-0.2619999945163727,1.284000039100647,1776886055.403
0.34599998593330383,-0.2619999945163727,1.284000039100647,1776886055.415
0.06400000303983688,-0.2280000001192093,1.0160000324249268,1776886055.835
0.1940000057220459,-0.2199999988079071,1.090999960899353,1776886055.856
-0.31200000643730164,0.3400000035762787,1.0950000286102295,1776886055.882
-0.1459999978542328,-0.0010000000474974513,0.878000020980835,1776886055.895
0.20800000429153442,-0.20100000500679016,1.1480000019073486,1776886055.921
0.07100000232458115,0.05700000002980232,1.3650000095367432,1776886056.337
-0.2669999897480011,0.27000001072883606,1.1729999780654907,1776886056.365
0.0949999988079071,-0.07400000095367432,0.9319999814033508,1776886056.376
0.0989999994635582,-0.006000000052154064,1.3370000123977661,1776886056.402
-0.017999999225139618,0.15800000727176666,1.3849999904632568,1776886056.415
-0.00800000037997961,0.054999999701976776,1.0950000286102295,1776886057.341
-0.054999999701976776,0.041999999433755875,1.0920000076293945,1776886057.359
-0.03799999877810478,0.04399999976158142,1.0950000286102295,1776886057.377
-0.014999999664723873,0.050999999046325684,1.0859999656677246,1776886057.395
-0.03799999877810478,0.05000000074505806,1.090000033378601,1776886057.421
-0.027000000700354576,0.04899999871850014,1.0880000591278076,1776886057.841
-0.03500000014901161,0.052000001072883606,1.093000054359436,1776886057.856
-0.029999999329447746,0.05000000074505806,1.093999981880188,1776886057.883
-0.027000000700354576,0.04800000041723251,1.0870000123977661,1776886057.897
-0.03200000151991844,0.04800000041723251,1.090000033378601,1776886057.924
-0.035999998450279236,0.06300000101327896,1.0980000495910645,1776886058.336
-0.017000000923871994,0.0560000017285347,1.0789999961853027,1776886058.362
-0.03799999877810478,0.10100000351667404,1.093999981880188,1776886058.375
-0.03200000151991844,0.10400000214576721,1.0870000123977661,1776886058.401
-0.03999999910593033,0.12200000137090683,1.1130000352859497,1776886058.415
-0.028999999165534973,0.07199999690055847,1.1059999465942383,1776886058.855
0.007000000216066837,0.05400000140070915,1.093000054359436,1776886058.881
-0.032999999821186066,0.03200000151991844,1.0800000429153442,1776886058.895
0.00800000037997961,0.039000000804662704,1.062000036239624,1776886058.926
0.05999999865889549,-0.03500000014901161,1.11899995803833,1776886058.936
-0.08100000023841858,0.11999999731779099,1.062000036239624,1776886059.358
-0.09200000017881393,0.03799999877810478,1.100000023841858,1776886059.389
-0.09200000017881393,0.004000000189989805,1.1050000190734863,1776886059.401
-0.04600000008940697,-0.014999999664723873,1.1039999723434448,1776886059.415
-0.024000000208616257,-0.035999998450279236,1.1050000190734863,1776886059.441
-0.09799999743700027,-0.20900000631809235,0.9269999861717224,1776886059.855
-0.0949999988079071,-0.25999999046325684,0.8790000081062317,1776886059.881
0.07900000363588333,-0.19599999487400055,1.027999997138977,1776886059.895
0.1679999977350235,-0.13300000131130219,1.2109999656677246,1776886059.923
-0.004999999888241291,-0.07800000160932541,1.003999948501587,1776886059.937
-0.0020000000949949026,0.05299999937415123,1.090999960899353,1776886060.361
-0.006000000052154064,0.03099999949336052,1.0889999866485596,1776886060.375
-0.02800000086426735,0.02500000037252903,1.093000054359436,1776886060.402
-0.017999999225139618,-0.0020000000949949026,1.090999960899353,1776886060.416
-0.024000000208616257,0.007000000216066837,1.0829999446868896,1776886060.442
0.0430000014603138,0.04800000041723251,1.1009999513626099,1776886060.858
0.024000000208616257,0.03999999910593033,1.1059999465942383,1776886060.884
0.0010000000474974513,0.029999999329447746,1.0789999961853027,1776886060.895
-0.03799999877810478,0.03400000184774399,1.1089999675750732,1776886060.921
-0.023000000044703484,0.0689999982714653,1.0759999752044678,1776886060.935
0.06800000369548798,0.0560000017285347,1.065000057220459,1776886061.357
-0.026000000536441803,-0.012000000104308128,1.1089999675750732,1776886061.383
0.07699999958276749,0.1120000034570694,1.0549999475479126,1776886061.395
0.13099999725818634,0.13500000536441803,1.0789999961853027,1776886061.421
0.07699999958276749,0.09200000017881393,1.1349999904632568,1776886061.436
0.17100000381469727,0.15600000321865082,1.0440000295639038,1776886061.858
0.09000000357627869,0.08900000154972076,1.0479999780654907,1776886061.884
-0.041999999433755875,-0.027000000700354576,1.1920000314712524,1776886061.895
-0.07599999755620956,0.039000000804662704,0.9869999885559082,1776886061.921
0.19099999964237213,0.20600000023841858,1.0099999904632568,1776886061.94
-0.05700000002980232,0.014000000432133675,1.121999979019165,1776886062.362
-0.019999999552965164,0.054999999701976776,1.059999942779541,1776886062.375
0.014000000432133675,0.09799999743700027,1.1089999675750732,1776886062.401
0.10400000214576721,0.09099999815225601,1.0809999704360962,1776886062.417
0.03099999949336052,0.04800000041723251,1.1050000190734863,1776886062.445
-0.12999999523162842,0.22699999809265137,1.2269999980926514,1776886062.862
0.3779999911785126,0.5120000243186951,0.9480000138282776,1776886062.886
0.30000001192092896,0.33899998664855957,0.8510000109672546,1776886062.898
0.012000000104308128,0.13600000739097595,0.9190000295639038,1776886062.923
-0.5770000219345093,-0.5019999742507935,1.3029999732971191,1776886062.935
-0.07000000029802322,0.0949999988079071,1.0839999914169312,1776886063.361
0.007000000216066837,0.10199999809265137,1.090999960899353,1776886063.376
0.024000000208616257,0.0989999994635582,1.0839999914169312,1776886063.403
-0.050999999046325684,0.026000000536441803,1.0950000286102295,1776886063.416
-0.04100000113248825,0.017999999225139618,1.093999981880188,1776886063.442
-0.02500000037252903,0.04899999871850014,1.093000054359436,1776886063.858
-0.029999999329447746,0.050999999046325684,1.0880000591278076,1776886063.884
-0.024000000208616257,0.05000000074505806,1.0880000591278076,1776886063.895
-0.020999999716877937,0.05400000140070915,1.093999981880188,1776886063.921
-0.023000000044703484,0.04800000041723251,1.0880000591278076,1776886063.937
-0.024000000208616257,0.04699999839067459,1.090000033378601,1776886064.362
-0.024000000208616257,0.052000001072883606,1.0889999866485596,1776886064.375
-0.02199999988079071,0.04899999871850014,1.0920000076293945,1776886064.401
-0.026000000536441803,0.050999999046325684,1.0870000123977661,1776886064.417
-0.027000000700354576,0.04800000041723251,1.090999960899353,1776886064.436
-0.02500000037252903,0.05000000074505806,1.0880000591278076,1776886064.861
-0.01600000075995922,0.032999999821186066,1.0770000219345093,1776886064.88
-0.03500000014901161,0.06300000101327896,1.0950000286102295,1776886064.896
-0.019999999552965164,0.06800000369548798,1.0959999561309814,1776886064.922
-0.02500000037252903,0.04500000178813934,1.1089999675750732,1776886064.935
-0.013000000268220901,0.1379999965429306,1.0889999866485596,1776886065.377
-0.01899999938905239,0.07500000298023224,1.0720000267028809,1776886065.395
0.009999999776482582,0.06199999898672104,1.0789999961853027,1776886065.421
0.02199999988079071,0.0010000000474974513,1.0770000219345093,1776886065.44
-0.05900000035762787,0.05700000002980232,1.093999981880188,1776886065.456
-0.03200000151991844,0.04800000041723251,1.0989999771118164,1776886065.856
-0.03400000184774399,0.02800000086426735,1.0950000286102295,1776886065.883
-0.04399999976158142,-0.035999998450279236,1.0980000495910645,1776886065.895
-0.05999999865889549,0.07900000363588333,1.0789999961853027,1776886065.923
-0.08299999684095383,0.07999999821186066,1.0789999961853027,1776886065.935
-0.057999998331069946,0.052000001072883606,1.1109999418258667,1776886066.375
0.014000000432133675,0.050999999046325684,1.0720000267028809,1776886066.401
-0.03500000014901161,0.04100000113248825,1.093000054359436,1776886066.416
-0.039000000804662704,0.04600000008940697,1.090999960899353,1776886066.443
0.006000000052154064,0.05299999937415123,1.090999960899353,1776886066.456
-0.024000000208616257,0.04600000008940697,1.0859999656677246,1776886067.376
-0.02500000037252903,0.04600000008940697,1.0870000123977661,1776886067.402
-0.027000000700354576,0.04899999871850014,1.0850000381469727,1776886067.415
-0.02500000037252903,0.052000001072883606,1.0959999561309814,1776886067.441
-0.028999999165534973,0.04699999839067459,1.090999960899353,1776886067.456
-0.039000000804662704,0.07000000029802322,1.093000054359436,1776886067.892
-0.028999999165534973,0.061000000685453415,1.097000002861023,1776886067.903
-0.029999999329447746,0.0729999989271164,1.093000054359436,1776886067.916
-0.014000000432133675,0.04899999871850014,1.0889999866485596,1776886067.941
-0.026000000536441803,0.009999999776482582,1.0800000429153442,1776886067.955
-0.028999999165534973,0.08900000154972076,1.0880000591278076,1776886068.379
-0.028999999165534973,0.08900000154972076,1.0880000591278076,1776886068.398
-0.01899999938905239,-0.03099999949336052,1.0759999752044678,1776886068.415
-0.03500000014901161,0.010999999940395355,1.1009999513626099,1776886068.441
-0.02800000086426735,0.07999999821186066,1.0789999961853027,1776886068.455
-0.09200000017881393,0.004000000189989805,1.0839999914169312,1776886068.876
-0.08799999952316284,0.08399999886751175,1.152999997138977,1776886068.902
-0.12099999934434891,0.041999999433755875,1.0149999856948853,1776886068.916
-0.09799999743700027,0.1679999977350235,1.0490000247955322,1776886068.941
0.052000001072883606,0.029999999329447746,1.0709999799728394,1776886068.956
-0.04800000041723251,0.05900000035762787,1.0959999561309814,1776886069.376
-0.024000000208616257,0.04600000008940697,1.093999981880188,1776886069.402
-0.024000000208616257,0.04600000008940697,1.093999981880188,1776886069.415
-0.024000000208616257,0.04600000008940697,1.093999981880188,1776886069.441
-0.03500000014901161,0.05900000035762787,1.090000033378601,1776886069.458
-0.017000000923871994,0.054999999701976776,1.0989999771118164,1776886069.903
-0.017999999225139618,0.050999999046325684,1.090000033378601,1776886069.916
-0.014999999664723873,0.05299999937415123,1.0959999561309814,1776886069.944
-0.019999999552965164,0.052000001072883606,1.090000033378601,1776886069.955
-0.020999999716877937,0.052000001072883606,1.0950000286102295,1776886069.981
-0.027000000700354576,0.04800000041723251,1.0989999771118164,1776886070.398
-0.01899999938905239,0.050999999046325684,1.090000033378601,1776886070.416
-0.01899999938905239,0.050999999046325684,1.090000033378601,1776886070.442
-0.01899999938905239,0.050999999046325684,1.090000033378601,1776886070.455
-0.024000000208616257,0.05299999937415123,1.093999981880188,1776886070.483
-0.02199999988079071,0.04100000113248825,1.0870000123977661,1776886070.899
-0.014999999664723873,0.06499999761581421,1.0920000076293945,1776886070.916
-0.03099999949336052,0.054999999701976776,1.0889999866485596,1776886070.943
-0.024000000208616257,0.039000000804662704,1.093999981880188,1776886070.956
-0.027000000700354576,0.04899999871850014,1.093999981880188,1776886070.983
-0.019999999552965164,0.023000000044703484,0.9480000138282776,1776886071.408
-0.014000000432133675,0.050999999046325684,1.097000002861023,1776886071.418
-0.07000000029802322,0.06199999898672104,1.1430000066757202,1776886071.444
-0.0860000029206276,0.07800000160932541,1.055999994277954,1776886071.457
-0.0860000029206276,0.07800000160932541,1.055999994277954,1776886071.476
-0.027000000700354576,-0.05999999865889549,1.1039999723434448,1776886071.895
-0.008999999612569809,-0.03500000014901161,1.0809999704360962,1776886071.921
-0.0010000000474974513,-0.10999999940395355,1.0989999771118164,1776886071.936
-0.028999999165534973,0.06199999898672104,1.0759999752044678,1776886071.962
0.004000000189989805,0.06300000101327896,1.0920000076293945,1776886071.975
-0.013000000268220901,0.02199999988079071,1.0880000591278076,1776886072.402
-0.013000000268220901,0.01899999938905239,1.090999960899353,1776886072.417
-0.012000000104308128,0.01899999938905239,1.0889999866485596,1776886072.444
-0.01600000075995922,0.01899999938905239,1.0920000076293945,1776886072.456
-0.012000000104308128,0.01899999938905239,1.090999960899353,1776886072.481
-0.02199999988079071,0.04399999976158142,1.090000033378601,1776886072.897
-0.014999999664723873,0.023000000044703484,1.090999960899353,1776886072.924
-0.02199999988079071,0.010999999940395355,1.090000033378601,1776886072.935
-0.017000000923871994,0.014999999664723873,1.093000054359436,1776886072.961
-0.012000000104308128,0.007000000216066837,1.0980000495910645,1776886072.976
-0.032999999821186066,-0.007000000216066837,1.034999966621399,1776886073.396
0.050999999046325684,-0.14800000190734863,1.0779999494552612,1776886073.421
-0.11299999803304672,0.15800000727176666,1.1299999952316284,1776886073.436
-0.11500000208616257,0.03799999877810478,1.1050000190734863,1776886073.464
0.017999999225139618,-0.035999998450279236,0.9779999852180481,1776886073.476
0.07999999821186066,0.02199999988079071,1.0880000591278076,1776886073.896
-0.0949999988079071,0.1509999930858612,1.1050000190734863,1776886073.922
-0.024000000208616257,0.08399999886751175,1.065000057220459,1776886073.936
0.014000000432133675,-0.006000000052154064,1.0720000267028809,1776886073.966
-0.06599999964237213,0.0860000029206276,1.1119999885559082,1776886073.977
0.03500000014901161,-0.020999999716877937,1.1130000352859497,1776886074.403
0.02199999988079071,0.004000000189989805,1.0410000085830688,1776886074.417
-0.06400000303983688,0.0820000022649765,1.1089999675750732,1776886074.442
-0.09399999678134918,0.10100000351667404,1.100000023841858,1776886074.456
-0.050999999046325684,0.014000000432133675,1.0820000171661377,1776886074.481
0.2329999953508377,0.13600000739097595,0.996999979019165,1776886074.902
-0.03400000184774399,-0.004000000189989805,1.1139999628067017,1776886074.916
-0.1589999943971634,0.06300000101327896,1.1859999895095825,1776886074.936
-0.20399999618530273,0.09099999815225601,1.1920000314712524,1776886074.961
-0.1289999932050705,0.05700000002980232,1.093999981880188,1776886074.976
-0.004000000189989805,0.06800000369548798,1.0889999866485596,1776886075.417
-0.004999999888241291,0.06700000166893005,1.0880000591278076,1776886075.443
-0.004999999888241291,0.06800000369548798,1.0859999656677246,1776886075.457
-0.003000000026077032,0.06700000166893005,1.0889999866485596,1776886075.483
-0.004999999888241291,0.06499999761581421,1.0950000286102295,1776886075.496
-0.004000000189989805,0.0689999982714653,1.0920000076293945,1776886075.899
-0.007000000216066837,0.06599999964237213,1.0859999656677246,1776886075.924
-0.0020000000949949026,0.06700000166893005,1.090999960899353,1776886075.936
-0.003000000026077032,0.06499999761581421,1.093000054359436,1776886075.961
-0.004000000189989805,0.06700000166893005,1.090000033378601,1776886075.976
-0.012000000104308128,0.06199999898672104,1.0889999866485596,1776886076.416
-0.0010000000474974513,0.04100000113248825,1.0800000429153442,1776886076.442
-0.007000000216066837,0.05900000035762787,1.0980000495910645,1776886076.456
-0.020999999716877937,0.07199999690055847,1.0870000123977661,1776886076.484
-0.023000000044703484,0.0689999982714653,1.097000002861023,1776886076.498
-0.010999999940395355,0.06800000369548798,1.0880000591278076,1776886076.922
-0.03500000014901161,0.09700000286102295,1.0809999704360962,1776886076.937
-0.019999999552965164,0.07599999755620956,1.1089999675750732,1776886076.962
0.003000000026077032,0.05299999937415123,1.0800000429153442,1776886076.976
0.0010000000474974513,0.04100000113248825,1.121999979019165,1776886077.002
-0.16500000655651093,0.061000000685453415,1.2089999914169312,1776886077.921
-0.039000000804662704,-0.019999999552965164,0.8799999952316284,1776886077.937
0.12600000202655792,-0.10899999737739563,0.9359999895095825,1776886077.963
-0.10400000214576721,0.21299999952316284,1.24399995803833,1776886077.976
-0.10499999672174454,0.17000000178813934,1.0959999561309814,1776886078.002
0.14100000262260437,-0.07699999958276749,1.0989999771118164,1776886078.417
-0.032999999821186066,0.07900000363588333,1.062000036239624,1776886078.442
0.09700000286102295,-0.04600000008940697,1.1260000467300415,1776886078.456
0.10400000214576721,0.039000000804662704,1.1480000019073486,1776886078.483
-0.17000000178813934,0.1589999943971634,1.034999966621399,1776886078.496
0.009999999776482582,0.05299999937415123,1.0829999446868896,1776886078.923
0.006000000052154064,0.057999998331069946,1.0989999771118164,1776886078.936
-0.02800000086426735,0.05700000002980232,1.0989999771118164,1776886078.962
-0.04800000041723251,0.050999999046325684,1.0839999914169312,1776886078.976
-0.02199999988079071,0.04699999839067459,1.0920000076293945,1776886079.003
-0.027000000700354576,0.0560000017285347,1.090999960899353,1776886079.416
-0.02500000037252903,0.054999999701976776,1.0920000076293945,1776886079.447
-0.028999999165534973,0.05400000140070915,1.090000033378601,1776886079.458
-0.027000000700354576,0.0560000017285347,1.0920000076293945,1776886079.484
-0.02500000037252903,0.054999999701976776,1.0870000123977661,1776886079.496
-0.017999999225139618,0.04899999871850014,1.0750000476837158,1776886079.919
-0.03700000047683716,0.07800000160932541,1.1069999933242798,1776886079.936
-0.03099999949336052,0.07599999755620956,1.090000033378601,1776886079.962
-0.03799999877810478,0.03500000014901161,1.0889999866485596,1776886079.976
-0.02199999988079071,0.03099999949336052,1.0889999866485596,1776886080.001
-0.04500000178813934,0.15399999916553497,1.0479999780654907,1776886080.436
-0.11500000208616257,0.16099999845027924,1.1089999675750732,1776886080.457
-0.0989999994635582,0.19900000095367432,1.0920000076293945,1776886080.483
0.03500000014901161,0.11500000208616257,1.055999994277954,1776886080.502
0.10899999737739563,0.03099999949336052,1.1380000114440918,1776886080.516
-0.0989999994635582,0.19900000095367432,1.1200000047683716,1776886081.416
-0.16899999976158142,0.1080000028014183,1.065000057220459,1776886081.442
-0.06599999964237213,-0.08799999952316284,1.0160000324249268,1776886081.457
0.13899999856948853,0.17800000309944153,1.1490000486373901,1776886081.483
-0.16699999570846558,0.1979999989271164,1.090999960899353,1776886081.496
-0.28200000524520874,0.17399999499320984,1.1629999876022339,1776886081.936
0.09600000083446503,-0.12999999523162842,1.062000036239624,1776886081.961
0.22499999403953552,-0.2070000022649765,0.9679999947547913,1776886081.976
-0.15800000727176666,0.34200000762939453,1.2710000276565552,1776886082.002
-0.13500000536441803,0.15700000524520874,1.1119999885559082,1776886082.016
0.009999999776482582,0.009999999776482582,1.1119999885559082,1776886082.436
-0.05000000074505806,0.07999999821186066,1.065999984741211,1776886082.462
-0.010999999940395355,0.07800000160932541,1.097000002861023,1776886082.481
0.02199999988079071,0.08299999684095383,1.0859999656677246,1776886082.496
-0.027000000700354576,0.05400000140070915,1.093000054359436,1776886082.522
-0.00800000037997961,0.05700000002980232,1.0920000076293945,1776886082.936
-0.023000000044703484,0.05400000140070915,1.0870000123977661,1776886082.963
-0.009999999776482582,0.057999998331069946,1.090999960899353,1776886082.976
-0.007000000216066837,0.057999998331069946,1.0920000076293945,1776886083.002
-0.009999999776482582,0.05700000002980232,1.093999981880188,1776886083.016
-0.012000000104308128,0.0560000017285347,1.093999981880188,1776886083.441
-0.014999999664723873,0.0560000017285347,1.0889999866485596,1776886083.456
-0.014000000432133675,0.05700000002980232,1.0880000591278076,1776886083.482
-0.009999999776482582,0.0560000017285347,1.090999960899353,1776886083.496
-0.00800000037997961,0.0560000017285347,1.0870000123977661,1776886083.521
-0.09099999815225601,0.1599999964237213,1.1820000410079956,1776886083.938
-0.10499999672174454,0.27000001072883606,1.0839999914169312,1776886083.956
-0.1379999965429306,0.17499999701976776,1.0989999771118164,1776886083.982
-0.1589999943971634,0.20600000023841858,1.031999945640564,1776886083.999
0.0,0.08399999886751175,1.0859999656677246,1776886084.017
-0.004999999888241291,-0.004000000189989805,1.0219999551773071,1776886084.442
-0.03200000151991844,0.020999999716877937,1.055999994277954,1776886084.456
-0.09399999678134918,0.01899999938905239,1.1030000448226929,1776886084.482
-0.06700000166893005,-0.024000000208616257,1.0850000381469727,1776886084.496
-0.061000000685453415,-0.02199999988079071,1.0859999656677246,1776886084.523
-0.10899999737739563,-0.1770000010728836,1.090000033378601,1776886084.936
-0.0989999994635582,-0.18400000035762787,1.0759999752044678,1776886084.962
-0.20100000500679016,-0.017999999225139618,1.0709999799728394,1776886084.979
-0.17900000512599945,-0.010999999940395355,1.1030000448226929,1776886084.996
-0.09300000220537186,-0.03400000184774399,1.0809999704360962,1776886085.022
-0.11100000143051147,-0.026000000536441803,1.0829999446868896,1776886085.436
-0.11100000143051147,-0.024000000208616257,1.0800000429153442,1776886085.462
-0.10499999672174454,-0.06700000166893005,1.069000005722046,1776886085.487
-0.11900000274181366,-0.02800000086426735,1.0759999752044678,1776886085.498
-0.15399999916553497,-0.02800000086426735,1.0850000381469727,1776886085.524
-0.10999999940395355,-0.04899999871850014,1.1109999418258667,1776886085.943
-0.11699999868869781,-0.0560000017285347,1.128999948501587,1776886085.956
-0.14100000262260437,-0.027000000700354576,1.0870000123977661,1776886085.983
-0.12099999934434891,-0.024000000208616257,1.0829999446868896,1776886085.999
-0.10599999874830246,0.004000000189989805,1.0920000076293945,1776886086.017
-0.10400000214576721,-0.07699999958276749,1.1610000133514404,1776886086.457
-0.13600000739097595,-0.041999999433755875,0.9850000143051147,1776886086.483
-0.125,-0.0010000000474974513,1.1050000190734863,1776886086.496
-0.12300000339746475,-0.04600000008940697,1.0859999656677246,1776886086.522
-0.054999999701976776,0.006000000052154064,1.1510000228881836,1776886086.536
-0.1899999976158142,-0.17900000512599945,1.0420000553131104,1776886086.942
-0.13300000131130219,-0.18799999356269836,1.1080000400543213,1776886086.958
-0.10300000011920929,-0.06700000166893005,0.9940000176429749,1776886086.976
-0.14100000262260437,-0.14399999380111694,1.0820000171661377,1776886087.002
-0.30799999833106995,-0.0949999988079071,1.1480000019073486,1776886087.016
-0.0860000029206276,-0.013000000268220901,1.0579999685287476,1776886087.456
-0.07999999821186066,-0.08299999684095383,1.0529999732971191,1776886087.476
-0.06499999761581421,-0.06499999761581421,1.1440000534057617,1776886087.502
-0.07800000160932541,-0.12600000202655792,0.9929999709129333,1776886087.518
-0.10499999672174454,-0.03400000184774399,1.059999942779541,1776886087.537
-0.1550000011920929,-0.09000000357627869,1.0670000314712524,1776886087.963
-0.1550000011920929,-0.09000000357627869,1.0670000314712524,1776886087.976
-0.1850000023841858,-0.11599999666213989,1.0720000267028809,1776886088.002
-0.1809999942779541,-0.12099999934434891,1.065999984741211,1776886088.019
-0.1850000023841858,-0.11699999868869781,1.065999984741211,1776886088.036
-0.16899999976158142,-0.10100000351667404,1.065000057220459,1776886088.462
-0.1809999942779541,-0.07999999821186066,1.069000005722046,1776886088.476
-0.210999995470047,-0.050999999046325684,1.065000057220459,1776886088.497
-0.20399999618530273,-0.05999999865889549,1.090999960899353,1776886088.523
-0.1850000023841858,-0.027000000700354576,1.0759999752044678,1776886088.536
0.2029999941587448,0.041999999433755875,1.121000051498413,1776886088.962
0.2029999941587448,0.041999999433755875,1.121000051498413,1776886088.976
0.2029999941587448,0.041999999433755875,1.121000051498413,1776886089.007
-0.024000000208616257,0.06300000101327896,1.097000002861023,1776886089.018
0.041999999433755875,0.10599999874830246,1.065000057220459,1776886089.044
-0.05999999865889549,-0.12200000137090683,1.031999945640564,1776886089.461
-0.45100000500679016,-0.4320000112056732,1.4279999732971191,1776886089.476
-0.4189999997615814,-0.35600000619888306,1.2120000123977661,1776886089.502
-0.23899999260902405,-0.2540000081062317,0.9100000262260437,1776886089.517
0.006000000052154064,-0.18799999356269836,0.9430000185966492,1776886089.542
-0.029999999329447746,0.0,1.0679999589920044,1776886089.962
-0.029999999329447746,0.0,1.0679999589920044,1776886089.976
-0.029999999329447746,0.0,1.0679999589920044,1776886090.005
-0.026000000536441803,-0.012000000104308128,1.0920000076293945,1776886090.016
-0.0010000000474974513,0.004999999888241291,1.0950000286102295,1776886090.042
0.0010000000474974513,-0.006000000052154064,1.0959999561309814,1776886090.456
-0.02500000037252903,0.00800000037997961,1.1260000467300415,1776886090.482
-0.07599999755620956,0.05299999937415123,1.1139999628067017,1776886090.496
-0.05900000035762787,0.06300000101327896,1.0839999914169312,1776886090.517
-0.03099999949336052,0.07000000029802322,1.0449999570846558,1776886090.543
0.010999999940395355,-0.02199999988079071,1.093999981880188,1776886090.959
-0.06599999964237213,0.00800000037997961,1.0360000133514404,1776886090.976
-0.03999999910593033,-0.003000000026077032,1.1440000534057617,1776886091.002
-0.03999999910593033,-0.003000000026077032,1.1440000534057617,1776886091.016
-0.03999999910593033,-0.003000000026077032,1.1440000534057617,1776886091.039
-0.04899999871850014,0.0430000014603138,1.069000005722046,1776886091.476
-0.06300000101327896,0.014999999664723873,1.0959999561309814,1776886091.502
-0.061000000685453415,0.004999999888241291,1.090999960899353,1776886091.519
-0.050999999046325684,0.03400000184774399,1.0859999656677246,1776886091.536
-0.04899999871850014,0.03999999910593033,1.0850000381469727,1776886091.562
-0.050999999046325684,0.026000000536441803,1.0870000123977661,1776886091.976
-0.052000001072883606,0.02800000086426735,1.0889999866485596,1776886092.002
-0.0560000017285347,0.02500000037252903,1.090999960899353,1776886092.016
-0.0560000017285347,0.02500000037252903,1.090999960899353,1776886092.042
-0.0560000017285347,0.02500000037252903,1.090999960899353,1776886092.056
-0.03400000184774399,0.10300000011920929,1.1069999933242798,1776886092.481
-0.04500000178813934,0.06400000303983688,1.0800000429153442,1776886092.496
-0.03400000184774399,0.05000000074505806,1.0670000314712524,1776886092.522
-0.04899999871850014,0.04800000041723251,1.065000057220459,1776886092.536
-0.05999999865889549,-0.023000000044703484,1.1330000162124634,1776886092.562
-0.024000000208616257,-0.17100000381469727,1.059000015258789,1776886092.976
0.006000000052154064,-0.12800000607967377,1.1080000400543213,1776886093.002
0.013000000268220901,-0.14499999582767487,1.0959999561309814,1776886093.016
-0.00800000037997961,-0.17399999499320984,1.0770000219345093,1776886093.042
-0.00800000037997961,-0.15000000596046448,1.1130000352859497,1776886093.056
-0.014000000432133675,0.04100000113248825,1.0889999866485596,1776886093.482
-0.017000000923871994,0.0430000014603138,1.090999960899353,1776886093.496
-0.013000000268220901,0.041999999433755875,1.093000054359436,1776886093.522
-0.017999999225139618,0.04100000113248825,1.090999960899353,1776886093.536
-0.009999999776482582,0.04399999976158142,1.093999981880188,1776886093.564
-0.01899999938905239,0.04100000113248825,1.090999960899353,1776886093.979
-0.014999999664723873,0.05900000035762787,1.0889999866485596,1776886094.005
-0.007000000216066837,0.04899999871850014,1.100000023841858,1776886094.016
-0.009999999776482582,0.0860000029206276,1.0950000286102295,1776886094.042
-0.003000000026077032,0.07699999958276749,1.093999981880188,1776886094.056
-0.026000000536441803,0.01899999938905239,1.0920000076293945,1776886094.978
-0.01899999938905239,0.012000000104308128,1.0989999771118164,1776886095.005
-0.017000000923871994,0.032999999821186066,1.0920000076293945,1776886095.016
-0.024000000208616257,0.050999999046325684,1.0889999866485596,1776886095.042
-0.02199999988079071,0.04600000008940697,1.090000033378601,1776886095.056
-0.024000000208616257,0.061000000685453415,1.0859999656677246,1776886095.502
-0.03099999949336052,0.029999999329447746,1.059999942779541,1776886095.521
-0.04699999839067459,0.019999999552965164,1.1169999837875366,1776886095.544
-0.003000000026077032,0.07699999958276749,1.0800000429153442,1776886095.565
-0.010999999940395355,0.06700000166893005,1.0770000219345093,1776886095.576
0.0010000000474974513,0.0820000022649765,1.0770000219345093,1776886095.977
-0.017000000923871994,0.08799999952316284,1.1100000143051147,1776886096.002
-0.041999999433755875,0.04399999976158142,1.0839999914169312,1776886096.016
-0.05700000002980232,-0.003000000026077032,1.065999984741211,1776886096.042
-0.03099999949336052,0.013000000268220901,1.1050000190734863,1776886096.056
-0.024000000208616257,0.035999998450279236,1.128000020980835,1776886096.496
-0.02500000037252903,0.05000000074505806,1.128000020980835,1776886096.522
-0.024000000208616257,0.057999998331069946,1.1299999952316284,1776886096.536
-0.02800000086426735,0.03700000047683716,1.0440000295639038,1776886096.563
-0.052000001072883606,0.02500000037252903,1.1440000534057617,1776886096.577
0.03999999910593033,0.07699999958276749,1.0529999732971191,1776886097.003
-0.052000001072883606,-0.026000000536441803,1.128999948501587,1776886097.016
-0.0820000022649765,-0.009999999776482582,1.0579999685287476,1776886097.042
-0.050999999046325684,0.041999999433755875,1.0889999866485596,1776886097.056
-0.009999999776482582,0.07599999755620956,1.0740000009536743,1776886097.076
-0.020999999716877937,0.04399999976158142,1.0859999656677246,1776886097.496
-0.004000000189989805,0.035999998450279236,1.093000054359436,1776886097.524
-0.010999999940395355,0.0430000014603138,1.090999960899353,1776886097.536
-0.01899999938905239,0.04899999871850014,1.0880000591278076,1776886097.563
-0.012000000104308128,0.05299999937415123,1.093999981880188,1776886097.576
-0.00800000037997961,0.04600000008940697,1.090000033378601,1776886098.002
-0.008999999612569809,0.05400000140070915,1.0889999866485596,1776886098.017
-0.017999999225139618,0.04399999976158142,1.0870000123977661,1776886098.045
-0.008999999612569809,0.04500000178813934,1.090999960899353,1776886098.056
-0.013000000268220901,0.05000000074505806,1.0889999866485596,1776886098.082
0.017000000923871994,-0.024000000208616257,1.1510000228881836,1776886098.503
0.004999999888241291,0.004000000189989805,1.1490000486373901,1776886098.516
-0.004999999888241291,0.009999999776482582,1.0720000267028809,1776886098.545
-0.07999999821186066,0.035999998450279236,1.0670000314712524,1776886098.559
-0.07100000232458115,0.05700000002980232,1.0609999895095825,1776886098.578
0.05900000035762787,0.08299999684095383,1.1119999885559082,1776886098.996
0.06700000166893005,0.08699999749660492,1.1019999980926514,1776886099.023
0.02800000086426735,-0.04600000008940697,1.1150000095367432,1776886099.039
-0.12700000405311584,-0.3540000021457672,1.281999945640564,1776886099.065
-0.11400000005960464,-0.28999999165534973,1.0579999685287476,1776886099.076
-0.026000000536441803,0.03999999910593033,1.0920000076293945,1776886099.522
-0.027000000700354576,0.03500000014901161,1.0859999656677246,1776886099.537
-0.017999999225139618,0.052000001072883606,1.090999960899353,1776886099.565
-0.024000000208616257,0.05700000002980232,1.0870000123977661,1776886099.576
-0.019999999552965164,0.04800000041723251,1.090999960899353,1776886099.602
-0.029999999329447746,0.024000000208616257,1.1119999885559082,1776886100.018
-0.014000000432133675,0.06700000166893005,1.100000023841858,1776886100.045
-0.014999999664723873,0.05700000002980232,1.093000054359436,1776886100.056
-0.01600000075995922,0.057999998331069946,1.1009999513626099,1776886100.082
-0.0020000000949949026,0.10499999672174454,1.1080000400543213,1776886100.096
-0.07199999690055847,0.05999999865889549,1.1109999418258667,1776886100.523
-0.03700000047683716,0.04699999839067459,1.0850000381469727,1776886100.536
-0.02800000086426735,0.07000000029802322,1.0759999752044678,1776886100.563
-0.02800000086426735,0.10300000011920929,1.128999948501587,1776886100.586
-0.0010000000474974513,0.09300000220537186,1.0770000219345093,1776886100.596
-0.061000000685453415,0.03099999949336052,1.0779999494552612,1776886101.023
-0.041999999433755875,0.0560000017285347,1.0549999475479126,1776886101.041
-0.029999999329447746,0.11299999803304672,1.1440000534057617,1776886101.057
0.0010000000474974513,0.1340000033378601,1.0839999914169312,1776886101.083
-0.10199999809265137,0.026000000536441803,1.1469999551773071,1776886101.096
-0.027000000700354576,0.057999998331069946,1.0880000591278076,1776886102.023
-0.03200000151991844,0.05700000002980232,1.090999960899353,1776886102.039
-0.03099999949336052,0.05700000002980232,1.090000033378601,1776886102.056
-0.03099999949336052,0.05900000035762787,1.0850000381469727,1776886102.082
-0.03099999949336052,0.05900000035762787,1.090999960899353,1776886102.096
-0.05400000140070915,0.3190000057220459,1.1419999599456787,1776886102.523
-0.035999998450279236,0.34200000762939453,1.0880000591278076,1776886102.536
-0.08699999749660492,0.35199999809265137,1.0700000524520874,1776886102.563
-0.07400000095367432,0.3630000054836273,1.059000015258789,1776886102.577
-0.03200000151991844,0.3240000009536743,0.9620000123977661,1776886102.603
-0.1120000034570694,0.04600000008940697,1.1510000228881836,1776886103.016
-0.13600000739097595,0.07400000095367432,1.034000039100647,1776886103.042
-0.11500000208616257,0.11100000143051147,0.9380000233650208,1776886103.056
-0.07999999821186066,0.14900000393390656,0.9340000152587891,1776886103.083
-0.041999999433755875,0.13699999451637268,1.0110000371932983,1776886103.096
0.029999999329447746,0.16500000655651093,1.128000020980835,1776886103.523
-0.10400000214576721,0.0860000029206276,0.9900000095367432,1776886103.536
-0.17800000309944153,0.10300000011920929,1.0509999990463257,1776886103.562
-0.06499999761581421,0.06599999964237213,1.1069999933242798,1776886103.576
0.029999999329447746,0.03400000184774399,1.0959999561309814,1776886103.602
-0.03200000151991844,0.061000000685453415,1.0859999656677246,1776886104.016
-0.032999999821186066,0.07000000029802322,1.0920000076293945,1776886104.048
-0.03099999949336052,0.06800000369548798,1.090000033378601,1776886104.066
-0.03200000151991844,0.09700000286102295,1.0980000495910645,1776886104.08
-0.02500000037252903,0.08900000154972076,1.0789999961853027,1776886104.096
-0.029999999329447746,0.04600000008940697,1.0850000381469727,1776886104.516
-0.024000000208616257,0.06800000369548798,1.1069999933242798,1776886104.536
-0.01899999938905239,0.03700000047683716,1.0959999561309814,1776886104.562
-0.02800000086426735,0.0430000014603138,1.0889999866485596,1776886104.577
-0.02800000086426735,0.04800000041723251,1.090999960899353,1776886104.606
-0.05999999865889549,0.026000000536441803,1.1080000400543213,1776886105.023
-0.054999999701976776,0.017999999225139618,1.0479999780654907,1776886105.039
-0.028999999165534973,0.03799999877810478,1.1080000400543213,1776886105.061
-0.054999999701976776,0.03799999877810478,1.0540000200271606,1776886105.076
-0.020999999716877937,0.05999999865889549,1.1360000371932983,1776886105.104
-0.023000000044703484,0.06599999964237213,1.093000054359436,1776886105.525
-0.026000000536441803,0.06400000303983688,1.0859999656677246,1776886105.536
-0.027000000700354576,0.06199999898672104,1.090999960899353,1776886105.562
-0.024000000208616257,0.06199999898672104,1.0920000076293945,1776886105.576
-0.02500000037252903,0.06499999761581421,1.0959999561309814,1776886105.602
-0.029999999329447746,0.06199999898672104,1.093999981880188,1776886106.025
-0.029999999329447746,0.06199999898672104,1.093999981880188,1776886106.037
-0.026000000536441803,0.061000000685453415,1.093000054359436,1776886106.062
-0.028999999165534973,0.06300000101327896,1.0889999866485596,1776886106.079
-0.03999999910593033,0.06199999898672104,1.0880000591278076,1776886106.099
-0.03700000047683716,0.33399999141693115,1.1260000467300415,1776886106.543
-0.04500000178813934,0.3319999873638153,1.1169999837875366,1776886106.559
-0.39800000190734863,-0.2840000092983246,1.1610000133514404,1776886106.576
0.1289999932050705,0.24699999392032623,0.8240000009536743,1776886106.602
0.1770000010728836,0.46299999952316284,0.8379999995231628,1776886106.616
-0.0820000022649765,0.2720000147819519,0.9559999704360962,1776886107.022
-0.0820000022649765,0.2720000147819519,0.9559999704360962,1776886107.038
-0.16200000047683716,0.32600000500679016,1.034000039100647,1776886107.064
-0.11500000208616257,0.26899999380111694,1.0269999504089355,1776886107.076
-0.06400000303983688,0.2529999911785126,1.0720000267028809,1776886107.096
0.08399999886751175,-0.4659999907016754,0.8259999752044678,1776886107.537
0.12399999797344208,-0.40400001406669617,0.871999979019165,1776886107.567
0.1599999964237213,-0.3659999966621399,0.8799999952316284,1776886107.578
0.19300000369548798,-0.26499998569488525,1.0470000505447388,1776886107.604
0.19699999690055847,-0.12099999934434891,1.1799999475479126,1776886107.616
-0.039000000804662704,0.08100000023841858,1.090999960899353,1776886108.021
-0.03799999877810478,0.07500000298023224,1.0870000123977661,1776886108.036
-0.03799999877810478,0.07500000298023224,1.0870000123977661,1776886108.062
-0.03799999877810478,0.07500000298023224,1.0870000123977661,1776886108.079
0.009999999776482582,0.017000000923871994,1.0870000123977661,1776886108.097
-0.003000000026077032,0.032999999821186066,1.0889999866485596,1776886108.536
-0.004000000189989805,0.03799999877810478,1.0920000076293945,1776886108.562
-0.004999999888241291,0.03700000047683716,1.0870000123977661,1776886108.576
0.0,0.039000000804662704,1.090999960899353,1776886108.606
-0.004999999888241291,0.03799999877810478,1.0920000076293945,1776886108.617
-0.009999999776482582,0.07599999755620956,1.1030000448226929,1776886109.043
-0.009999999776482582,0.07599999755620956,1.1030000448226929,1776886109.057
-0.009999999776482582,0.07599999755620956,1.1030000448226929,1776886109.083
-0.0010000000474974513,0.0560000017285347,1.0750000476837158,1776886109.096
0.0010000000474974513,0.09200000017881393,1.128000020980835,1776886109.123
0.03099999949336052,0.28200000524520874,1.097000002861023,1776886109.537
0.07000000029802322,0.26899999380111694,0.9660000205039978,1776886109.556
0.10899999737739563,0.3440000116825104,0.949999988079071,1776886109.584
0.10999999940395355,0.36399999260902405,0.8999999761581421,1776886109.599
0.1899999976158142,0.1860000044107437,0.9459999799728394,1776886109.617
0.16099999845027924,0.18199999630451202,1.0850000381469727,1776886110.563
0.12399999797344208,0.2150000035762787,1.0820000171661377,1776886110.577
0.12399999797344208,0.2150000035762787,1.0820000171661377,1776886110.603
0.12399999797344208,0.2150000035762787,1.0820000171661377,1776886110.616
0.12399999797344208,0.2150000035762787,1.0820000171661377,1776886110.642
0.02500000037252903,0.2540000081062317,1.0839999914169312,1776886111.556
0.07599999755620956,0.25999999046325684,1.0609999895095825,1776886111.584
0.07599999755620956,0.25999999046325684,1.0609999895095825,1776886111.601
0.07599999755620956,0.25999999046325684,1.0609999895095825,1776886111.616
0.07599999755620956,0.25999999046325684,1.0609999895095825,1776886111.642
-0.007000000216066837,0.2070000022649765,1.1039999723434448,1776886112.058
-0.0010000000474974513,0.14900000393390656,1.1109999418258667,1776886112.084
-0.023000000044703484,0.1469999998807907,1.0180000066757202,1776886112.096
0.023000000044703484,0.27900001406669617,1.0579999685287476,1776886112.116
0.08299999684095383,0.33000001311302185,1.0820000171661377,1776886112.143
0.03099999949336052,0.20800000429153442,1.0750000476837158,1776886112.559
0.05700000002980232,0.2029999941587448,1.0779999494552612,1776886112.576
0.05700000002980232,0.1979999989271164,1.0809999704360962,1776886112.602
0.05700000002980232,0.1979999989271164,1.0809999704360962,1776886112.616
0.05700000002980232,0.1979999989271164,1.0809999704360962,1776886112.642
0.2409999966621399,0.39399999380111694,0.8149999976158142,1776886113.056
0.3490000069141388,0.45500001311302185,0.9440000057220459,1776886113.085
0.14800000190734863,0.2759999930858612,1.0269999504089355,1776886113.096
0.11299999803304672,0.3889999985694885,0.902999997138977,1776886113.122
-0.04800000041723251,0.22200000286102295,1.1929999589920044,1776886113.137
0.054999999701976776,0.1420000046491623,1.0759999752044678,1776886114.065
0.06400000303983688,0.13600000739097595,1.0759999752044678,1776886114.08
0.07199999690055847,0.13199999928474426,1.0809999704360962,1776886114.097
0.07400000095367432,0.12300000339746475,1.0700000524520874,1776886114.122
0.07900000363588333,0.12800000607967377,1.0850000381469727,1776886114.138
0.006000000052154064,0.13899999856948853,0.9800000190734863,1776886115.057
0.09799999743700027,0.17499999701976776,1.0269999504089355,1776886115.083
0.12999999523162842,0.210999995470047,0.7570000290870667,1776886115.097
0.050999999046325684,0.2160000056028366,0.8450000286102295,1776886115.123
0.004000000189989805,0.028999999165534973,1.4129999876022339,1776886115.137
0.10199999809265137,0.2199999988079071,0.9819999933242798,1776886115.577
0.09799999743700027,0.08500000089406967,1.0329999923706055,1776886115.602
0.023000000044703484,0.05400000140070915,1.4980000257492065,1776886115.618
0.06700000166893005,0.29499998688697815,0.6729999780654907,1776886115.645
0.0560000017285347,0.20499999821186066,0.8349999785423279,1776886115.657
0.11299999803304672,0.24500000476837158,0.9419999718666077,1776886116.084
0.09700000286102295,0.20499999821186066,0.8619999885559082,1776886116.098
0.18299999833106995,-0.02800000086426735,1.4700000286102295,1776886116.125
0.06800000369548798,0.33399999141693115,0.5709999799728394,1776886116.137
0.05700000002980232,0.0020000000949949026,0.9599999785423279,1776886116.163
0.052000001072883606,0.24500000476837158,0.6510000228881836,1776886116.577
0.13600000739097595,-0.13300000131130219,0.9470000267028809,1776886116.597
0.0860000029206276,0.2409999966621399,0.9179999828338623,1776886116.623
0.1120000034570694,0.05299999937415123,1.281000018119812,1776886116.638
0.14399999380111694,0.20100000500679016,1.190999984741211,1776886116.664
0.17499999701976776,0.11900000274181366,1.1109999418258667,1776886117.084
0.10599999874830246,0.08699999749660492,1.0140000581741333,1776886117.097
0.06700000166893005,0.039000000804662704,1.0950000286102295,1776886117.124
0.07800000160932541,0.07900000363588333,1.0989999771118164,1776886117.137
0.10899999737739563,0.14800000190734863,1.0820000171661377,1776886117.165
0.09300000220537186,0.11100000143051147,1.0809999704360962,1776886117.577
0.09000000357627869,0.1120000034570694,1.090000033378601,1776886117.602
0.08799999952316284,0.11500000208616257,1.0700000524520874,1776886117.618
0.0860000029206276,0.1120000034570694,1.0870000123977661,1776886117.648
0.08799999952316284,0.1120000034570694,1.0839999914169312,1776886117.659
0.10000000149011612,0.10199999809265137,1.0859999656677246,1776886118.097
0.07000000029802322,0.09399999678134918,1.0789999961853027,1776886118.126
0.07699999958276749,0.11400000005960464,1.0759999752044678,1776886118.137
0.08799999952316284,0.11699999868869781,1.065999984741211,1776886118.163
0.08299999684095383,0.13199999928474426,1.097000002861023,1776886118.177
0.07199999690055847,-0.06800000369548798,1.128999948501587,1776886119.077
0.09300000220537186,-0.003000000026077032,1.156000018119812,1776886119.102
0.1599999964237213,0.10100000351667404,1.25,1776886119.119
0.08299999684095383,0.1379999965429306,1.1649999618530273,1776886119.145
0.11100000143051147,0.1589999943971634,1.1269999742507935,1776886119.157
-0.4880000054836273,0.028999999165534973,1.4989999532699585,1776886119.604
0.19499999284744263,-0.06599999964237213,0.3070000112056732,1776886119.617
-0.24400000274181366,0.03500000014901161,0.492000013589859,1776886119.643
-0.23000000417232513,-0.08399999886751175,0.289000004529953,1776886119.657
-0.1899999976158142,0.12099999934434891,0.5609999895095825,1776886119.684
-0.2240000069141388,-0.15199999511241913,1.1970000267028809,1776886120.097
-0.07999999821186066,-0.1979999989271164,1.121999979019165,1776886120.124
0.07999999821186066,-0.2370000034570694,1.0700000524520874,1776886120.137
-0.02800000086426735,-0.12999999523162842,0.9359999895095825,1776886120.162
-0.061000000685453415,-0.13899999856948853,1.0429999828338623,1776886120.177
-0.010999999940395355,-0.2549999952316284,1.0470000505447388,1776886121.097
-0.05900000035762787,-0.17900000512599945,1.069000005722046,1776886121.122
-0.07000000029802322,-0.14399999380111694,1.0750000476837158,1776886121.137
-0.06400000303983688,-0.13500000536441803,1.055999994277954,1776886121.163
-0.05400000140070915,-0.15800000727176666,1.0740000009536743,1776886121.177
-0.05700000002980232,-0.14900000393390656,1.069000005722046,1776886121.603
-0.05999999865889549,-0.14800000190734863,1.0670000314712524,1776886121.617
-0.057999998331069946,-0.14900000393390656,1.0720000267028809,1776886121.642
-0.06199999898672104,-0.1469999998807907,1.0750000476837158,1776886121.657
-0.05900000035762787,-0.14499999582767487,1.0740000009536743,1776886121.682
-0.07999999821186066,-0.14399999380111694,1.0670000314712524,1776886122.105
-0.08100000023841858,-0.16200000047683716,1.059000015258789,1776886122.117
-0.029999999329447746,-0.16200000047683716,1.1150000095367432,1776886122.143
-0.035999998450279236,-0.13699999451637268,1.0779999494552612,1776886122.16
-0.08100000023841858,-0.12800000607967377,1.0670000314712524,1776886122.177
0.019999999552965164,0.2199999988079071,1.0800000429153442,1776886123.104
0.0,0.23199999332427979,1.0049999952316284,1776886123.122
-0.003000000026077032,0.2619999945163727,0.9700000286102295,1776886123.138
0.04100000113248825,0.22699999809265137,0.9739999771118164,1776886123.17
0.10599999874830246,0.2029999941587448,1.059000015258789,1776886123.18
0.008999999612569809,-0.11100000143051147,1.0520000457763672,1776886123.599
0.03400000184774399,0.039000000804662704,1.090999960899353,1776886123.619
0.0010000000474974513,0.10199999809265137,1.1150000095367432,1776886123.637
-0.004999999888241291,0.1379999965429306,1.1330000162124634,1776886123.662
-0.023000000044703484,0.2329999953508377,1.128000020980835,1776886123.678
-0.014000000432133675,0.09000000357627869,1.0889999866485596,1776886124.097
-0.010999999940395355,0.09799999743700027,1.0859999656677246,1776886124.123
-0.014000000432133675,0.09700000286102295,1.0870000123977661,1776886124.137
-0.013000000268220901,0.09000000357627869,1.0920000076293945,1776886124.162
-0.009999999776482582,0.09099999815225601,1.093000054359436,1776886124.178
-0.012000000104308128,0.09300000220537186,1.090999960899353,1776886124.617
-0.014999999664723873,0.09200000017881393,1.090999960899353,1776886124.645
-0.012000000104308128,0.08900000154972076,1.0880000591278076,1776886124.658
-0.01600000075995922,0.09300000220537186,1.090000033378601,1776886124.683
-0.014999999664723873,0.09200000017881393,1.0859999656677246,1776886124.697
-0.02500000037252903,0.09399999678134918,1.0950000286102295,1776886125.123
-0.014000000432133675,0.09600000083446503,1.0839999914169312,1776886125.137
-0.010999999940395355,0.09200000017881393,1.093000054359436,1776886125.173
-0.012000000104308128,0.09099999815225601,1.0920000076293945,1776886125.183
-0.012000000104308128,0.09600000083446503,1.0950000286102295,1776886125.199
-0.02500000037252903,0.2630000114440918,1.0670000314712524,1776886125.619
-0.08100000023841858,0.24899999797344208,1.0410000085830688,1776886125.637
-0.0989999994635582,0.1979999989271164,1.024999976158142,1776886125.665
-0.1379999965429306,0.20600000023841858,0.9679999947547913,1776886125.679
-0.17399999499320984,0.13099999725818634,0.9729999899864197,1776886125.705
-0.06300000101327896,0.0860000029206276,0.9710000157356262,1776886126.125
-0.07199999690055847,0.15399999916553497,0.996999979019165,1776886126.137
-0.09399999678134918,0.18700000643730164,1.0080000162124634,1776886126.163
-0.07400000095367432,0.2549999952316284,1.0870000123977661,1776886126.177
-0.007000000216066837,0.2630000114440918,0.9190000295639038,1776886126.197
-0.08900000154972076,-0.041999999433755875,1.1449999809265137,1776886126.623
-0.03099999949336052,0.05900000035762787,1.11899995803833,1776886126.647
-0.004999999888241291,0.10000000149011612,1.1069999933242798,1776886126.658
0.02199999988079071,0.10199999809265137,1.0870000123977661,1776886126.684
0.09600000083446503,0.11400000005960464,1.0670000314712524,1776886126.697
0.027000000700354576,0.03099999949336052,1.0859999656677246,1776886127.119
0.02199999988079071,0.032999999821186066,1.090000033378601,1776886127.145
0.01899999938905239,0.02800000086426735,1.093999981880188,1776886127.157
0.009999999776482582,0.02500000037252903,1.0829999446868896,1776886127.183
0.012000000104308128,0.020999999716877937,1.0800000429153442,1776886127.2
0.023000000044703484,0.03400000184774399,1.0959999561309814,1776886127.623
0.02500000037252903,0.03700000047683716,1.093999981880188,1776886127.637
0.01899999938905239,0.03400000184774399,1.0959999561309814,1776886127.663
0.01899999938905239,0.032999999821186066,1.093000054359436,1776886127.678
0.02500000037252903,0.03099999949336052,1.0950000286102295,1776886127.705
0.020999999716877937,0.029999999329447746,1.093999981880188,1776886128.117
0.024000000208616257,0.03500000014901161,1.093000054359436,1776886128.143
0.035999998450279236,0.03200000151991844,1.0920000076293945,1776886128.16
0.024000000208616257,0.032999999821186066,1.090000033378601,1776886128.177
0.02500000037252903,0.029999999329447746,1.090999960899353,1776886128.204
0.04899999871850014,-0.09600000083446503,1.0019999742507935,1776886128.617
0.04899999871850014,-0.09600000083446503,1.0019999742507935,1776886128.643
0.04899999871850014,-0.09600000083446503,1.0019999742507935,1776886128.657
-0.0689999982714653,0.10599999874830246,1.1759999990463257,1776886128.683
-0.013000000268220901,0.11800000071525574,1.1180000305175781,1776886128.697
-0.05400000140070915,-0.03799999877810478,1.159000039100647,1776886129.617
-0.05400000140070915,-0.03799999877810478,1.159000039100647,1776886129.649
-0.05400000140070915,-0.03799999877810478,1.159000039100647,1776886129.66
0.03999999910593033,-0.06300000101327896,1.0379999876022339,1776886129.685
0.024000000208616257,-0.03099999949336052,1.0609999895095825,1776886129.697
-0.02800000086426735,-0.008999999612569809,1.0069999694824219,1776886130.638
-0.02800000086426735,-0.008999999612569809,1.0069999694824219,1776886130.659
-0.02800000086426735,-0.008999999612569809,1.0069999694824219,1776886130.677
-0.01899999938905239,0.027000000700354576,1.1430000066757202,1776886130.703
-0.03700000047683716,-0.03799999877810478,1.1820000410079956,1776886130.719
-0.13699999451637268,0.3149999976158142,1.1440000534057617,1776886131.645
-0.13699999451637268,0.3149999976158142,1.1440000534057617,1776886131.657
-0.13699999451637268,0.3149999976158142,1.1440000534057617,1776886131.683
0.21400000154972076,-0.06800000369548798,1.1160000562667847,1776886131.7
0.07800000160932541,-0.13899999856948853,1.0540000200271606,1776886131.717
0.04800000041723251,-0.023000000044703484,1.1549999713897705,1776886132.137
0.08799999952316284,-0.013000000268220901,1.0740000009536743,1776886132.163
0.06800000369548798,0.012000000104308128,1.069000005722046,1776886132.177
0.0430000014603138,0.035999998450279236,1.1150000095367432,1776886132.205
0.03099999949336052,0.08100000023841858,1.090000033378601,1776886132.217
0.04500000178813934,-0.03700000047683716,1.0529999732971191,1776886132.638
0.032999999821186066,-0.04600000008940697,1.0709999799728394,1776886132.664
0.032999999821186066,-0.04600000008940697,1.0709999799728394,1776886132.677
0.032999999821186066,-0.04600000008940697,1.0709999799728394,1776886132.704
0.035999998450279236,-0.15199999511241913,1.024999976158142,1776886132.719
-0.23999999463558197,0.07800000160932541,1.0410000085830688,1776886133.139
-0.24300000071525574,0.25600001215934753,1.2359999418258667,1776886133.166
-0.0989999994635582,0.36500000953674316,1.2640000581741333,1776886133.177
0.07699999958276749,0.24500000476837158,0.9210000038146973,1776886133.203
0.10499999672174454,0.289000004529953,1.1640000343322754,1776886133.217
-0.07100000232458115,0.024000000208616257,1.1109999418258667,1776886133.663
-0.07100000232458115,0.024000000208616257,1.1109999418258667,1776886133.678
-0.07100000232458115,0.024000000208616257,1.1109999418258667,1776886133.697
0.019999999552965164,-0.0560000017285347,1.1150000095367432,1776886133.723
0.029999999329447746,-0.06400000303983688,1.0709999799728394,1776886133.737
-0.04800000041723251,0.0989999994635582,0.9679999947547913,1776886134.138
-0.0860000029206276,0.07999999821186066,1.0110000371932983,1776886134.164
-0.10100000351667404,0.06199999898672104,1.0440000295639038,1776886134.178
-0.050999999046325684,0.0010000000474974513,1.0950000286102295,1776886134.204
0.004000000189989805,-0.04800000041723251,1.0670000314712524,1776886134.217
-0.003000000026077032,0.03999999910593033,0.996999979019165,1776886134.657
-0.003000000026077032,0.03999999910593033,0.996999979019165,1776886134.683
-0.003000000026077032,0.03999999910593033,0.996999979019165,1776886134.697
-0.026000000536441803,0.010999999940395355,1.003000020980835,1776886134.723
-0.0689999982714653,0.02199999988079071,1.125,1776886134.737
0.004999999888241291,0.06199999898672104,1.0809999704360962,1776886135.157
-0.024000000208616257,0.04899999871850014,1.090999960899353,1776886135.183
-0.02199999988079071,0.02199999988079071,1.0729999542236328,1776886135.198
-0.008999999612569809,0.007000000216066837,1.0750000476837158,1776886135.225
0.0,-0.04699999839067459,1.0959999561309814,1776886135.237
-0.009999999776482582,0.028999999165534973,1.0889999866485596,1776886135.657
-0.009999999776482582,0.028999999165534973,1.0889999866485596,1776886135.683
-0.009999999776482582,0.028999999165534973,1.0889999866485596,1776886135.697
-0.009999999776482582,0.028999999165534973,1.0889999866485596,1776886135.727
-0.012000000104308128,0.03700000047683716,1.097000002861023,1776886135.738
-0.012000000104308128,0.03400000184774399,1.093000054359436,1776886136.163
-0.012000000104308128,0.03400000184774399,1.0829999446868896,1776886136.18
-0.009999999776482582,0.035999998450279236,1.093000054359436,1776886136.206
-0.008999999612569809,0.03999999910593033,1.0889999866485596,1776886136.217
0.004999999888241291,0.03700000047683716,1.0859999656677246,1776886136.243
-0.03799999877810478,0.13699999451637268,1.0950000286102295,1776886136.666
-0.014999999664723873,0.12300000339746475,1.0829999446868896,1776886136.677
-0.05299999937415123,0.1420000046491623,1.062999963760376,1776886136.703
-0.004999999888241291,0.14499999582767487,1.0679999589920044,1776886136.72
0.013000000268220901,0.10000000149011612,1.1089999675750732,1776886136.743
0.023000000044703484,0.03700000047683716,1.1260000467300415,1776886137.164
0.039000000804662704,0.11599999666213989,1.125,1776886137.177
0.010999999940395355,0.1509999930858612,1.1059999465942383,1776886137.208
-0.035999998450279236,0.1509999930858612,1.0870000123977661,1776886137.219
-0.03700000047683716,0.05999999865889549,1.0959999561309814,1776886137.246
-0.012000000104308128,0.04100000113248825,1.1080000400543213,1776886137.657
-0.019999999552965164,0.017000000923871994,1.1019999980926514,1776886137.683
-0.0020000000949949026,0.014000000432133675,1.0820000171661377,1776886137.697
-0.03700000047683716,0.07000000029802322,1.0989999771118164,1776886137.725
-0.009999999776482582,0.05900000035762787,1.093000054359436,1776886137.737
-0.03200000151991844,-0.004999999888241291,1.090000033378601,1776886138.159
-0.03099999949336052,-0.02800000086426735,1.100000023841858,1776886138.177
-0.03700000047683716,0.01899999938905239,1.0870000123977661,1776886138.203
-0.03799999877810478,-0.02800000086426735,1.062999963760376,1776886138.218
0.004000000189989805,-0.05000000074505806,1.0959999561309814,1776886138.244
-0.0430000014603138,0.05700000002980232,1.0759999752044678,1776886138.659
-0.039000000804662704,0.02199999988079071,1.0920000076293945,1776886138.686
-0.0010000000474974513,-0.017000000923871994,1.128000020980835,1776886138.697
-0.006000000052154064,0.020999999716877937,1.1050000190734863,1776886138.723
-0.017999999225139618,0.06800000369548798,1.0859999656677246,1776886138.737
-0.03099999949336052,0.04500000178813934,1.0470000505447388,1776886139.163
-0.04600000008940697,0.04600000008940697,1.0989999771118164,1776886139.177
-0.057999998331069946,0.07000000029802322,1.1180000305175781,1776886139.203
-0.06800000369548798,0.04800000041723251,1.093000054359436,1776886139.217
-0.03500000014901161,0.04699999839067459,1.0980000495910645,1776886139.244
-0.01899999938905239,0.07599999755620956,1.0770000219345093,1776886139.657
-0.017999999225139618,0.07100000232458115,1.065999984741211,1776886139.684
-0.008999999612569809,0.024000000208616257,1.1200000047683716,1776886139.697
-0.00800000037997961,0.054999999701976776,1.093000054359436,1776886139.723
-0.027000000700354576,0.03799999877810478,1.1130000352859497,1776886139.738
0.007000000216066837,0.06400000303983688,1.1349999904632568,1776886140.163
-0.01899999938905239,0.06199999898672104,0.9929999709129333,1776886140.177
-0.014000000432133675,0.04699999839067459,1.128999948501587,1776886140.213
0.003000000026077032,0.06400000303983688,1.1109999418258667,1776886140.223
-0.03700000047683716,0.07100000232458115,1.0720000267028809,1776886140.24
0.01600000075995922,0.02199999988079071,1.069000005722046,1776886140.677
0.0,0.03700000047683716,1.090000033378601,1776886140.703
0.1469999998807907,0.04600000008940697,1.0700000524520874,1776886140.719
0.003000000026077032,0.02800000086426735,1.0460000038146973,1776886140.747
-0.05999999865889549,0.07999999821186066,1.0809999704360962,1776886140.757
-0.009999999776482582,0.04600000008940697,1.0880000591278076,1776886141.157
-0.010999999940395355,0.04399999976158142,1.0870000123977661,1776886141.183
-0.012000000104308128,0.041999999433755875,1.0920000076293945,1776886141.199
-0.013000000268220901,0.0430000014603138,1.097000002861023,1776886141.226
-0.017000000923871994,0.0430000014603138,1.0920000076293945,1776886141.237
-0.012000000104308128,0.04500000178813934,1.0859999656677246,1776886141.657
-0.013000000268220901,0.04699999839067459,1.0829999446868896,1776886141.683
-0.013000000268220901,0.04600000008940697,1.093000054359436,1776886141.697
-0.012000000104308128,0.04500000178813934,1.093000054359436,1776886141.723
-0.012000000104308128,0.0430000014603138,1.0920000076293945,1776886141.737
-0.019999999552965164,0.24500000476837158,1.0820000171661377,1776886142.163
-0.014999999664723873,0.20399999618530273,1.0850000381469727,1776886142.177
-0.01899999938905239,0.17100000381469727,1.1089999675750732,1776886142.197
-0.03500000014901161,-0.19900000095367432,1.343999981880188,1776886142.224
-0.7379999756813049,-1.246000051498413,1.7059999704360962,1776886142.239
0.8050000071525574,-0.8019999861717224,-1.9160000085830688,1776886142.657
0.02500000037252903,0.09200000017881393,-0.028999999165534973,1776886142.688
-0.15299999713897705,-0.13300000131130219,0.9660000205039978,1776886142.698
-0.39500001072883606,-0.0689999982714653,1.059000015258789,1776886142.725
-0.004999999888241291,0.13099999725818634,1.3489999771118164,1776886142.737
-0.052000001072883606,0.0,1.1009999513626099,1776886143.177
-0.07599999755620956,0.014000000432133675,1.062000036239624,1776886143.203
-0.06499999761581421,0.008999999612569809,1.0859999656677246,1776886143.218
-0.061000000685453415,-0.006000000052154064,1.1019999980926514,1776886143.246
-0.09600000083446503,-0.03200000151991844,1.0920000076293945,1776886143.257
-0.07500000298023224,-0.01899999938905239,1.093000054359436,1776886143.683
-0.07199999690055847,-0.017000000923871994,1.093999981880188,1776886143.701
-0.07100000232458115,-0.035999998450279236,1.093000054359436,1776886143.717
-0.07199999690055847,-0.017000000923871994,1.0870000123977661,1776886143.743
-0.07199999690055847,-0.017999999225139618,1.090999960899353,1776886143.759
-0.07100000232458115,-0.017000000923871994,1.0859999656677246,1776886144.178
-0.07400000095367432,-0.019999999552965164,1.090000033378601,1776886144.204
-0.0729999989271164,-0.017999999225139618,1.0889999866485596,1776886144.217
-0.07599999755620956,-0.01899999938905239,1.0859999656677246,1776886144.245
-0.07900000363588333,-0.017000000923871994,1.0850000381469727,1776886144.257
-0.18199999630451202,0.054999999701976776,0.5540000200271606,1776886144.694
-0.3930000066757202,0.17299999296665192,0.9129999876022339,1776886144.705
-0.5170000195503235,0.024000000208616257,0.7289999723434448,1776886144.719
-0.057999998331069946,0.12800000607967377,0.6539999842643738,1776886144.746
-0.20800000429153442,0.17499999701976776,0.7879999876022339,1776886144.757
0.09399999678134918,-0.06700000166893005,1.1430000066757202,1776886145.177
0.125,0.041999999433755875,0.9879999756813049,1776886145.203
-0.07699999958276749,0.24199999868869781,1.4620000123977661,1776886145.217
0.008999999612569809,0.15199999511241913,0.8009999990463257,1776886145.243
-0.041999999433755875,0.03400000184774399,1.347000002861023,1776886145.257
-0.004999999888241291,0.026000000536441803,1.0829999446868896,1776886145.684
-0.007000000216066837,0.07999999821186066,1.0870000123977661,1776886145.697
0.004000000189989805,0.06300000101327896,1.0959999561309814,1776886145.717
0.007000000216066837,0.08100000023841858,1.090999960899353,1776886145.743
0.014000000432133675,0.06700000166893005,1.0920000076293945,1776886145.759
-0.024000000208616257,0.03200000151991844,1.0889999866485596,1776886146.178
-0.024000000208616257,0.026000000536441803,1.0870000123977661,1776886146.206
-0.00800000037997961,0.01600000075995922,1.093999981880188,1776886146.217
-0.01600000075995922,0.02199999988079071,1.0880000591278076,1776886146.243
-0.024000000208616257,0.027000000700354576,1.0880000591278076,1776886146.258
-0.008999999612569809,0.02199999988079071,1.090999960899353,1776886146.703
-0.014999999664723873,0.020999999716877937,1.0950000286102295,1776886146.72
-0.013000000268220901,0.019999999552965164,1.090000033378601,1776886146.737
-0.009999999776482582,0.019999999552965164,1.093000054359436,1776886146.764
-0.014999999664723873,0.020999999716877937,1.0859999656677246,1776886146.777
-0.0729999989271164,0.14100000262260437,0.8259999752044678,1776886147.203
0.009999999776482582,0.2840000092983246,1.2029999494552612,1776886147.217
0.3720000088214874,0.5680000185966492,1.0880000591278076,1776886147.245
0.2840000092983246,0.328000009059906,1.1339999437332153,1776886147.257
-0.07599999755620956,0.28200000524520874,1.1299999952316284,1776886147.283
-0.0689999982714653,0.006000000052154064,1.093999981880188,1776886147.705
0.05000000074505806,0.10499999672174454,1.1710000038146973,1776886147.717
-0.007000000216066837,0.12200000137090683,1.149999976158142,1776886147.744
-0.10000000149011612,0.06499999761581421,1.0540000200271606,1776886147.76
-0.1459999978542328,0.004999999888241291,1.0829999446868896,1776886147.777
-0.06400000303983688,0.35100001096725464,0.9900000095367432,1776886148.214
-0.20200000703334808,0.34700000286102295,1.0579999685287476,1776886148.224
-0.13300000131130219,0.40799999237060547,1.0080000162124634,1776886148.239
-0.10400000214576721,0.4399999976158142,0.8980000019073486,1776886148.265
-0.25600001215934753,0.40299999713897705,0.7789999842643738,1776886148.277
-0.30399999022483826,-0.414000004529953,1.5420000553131104,1776886148.703
-0.4950000047683716,-0.23899999260902405,0.9399999976158142,1776886148.719
-0.1550000011920929,-0.07000000029802322,0.6079999804496765,1776886148.746
0.18299999833106995,0.007000000216066837,1.0770000219345093,1776886148.757
0.28600001335144043,0.1340000033378601,1.1339999437332153,1776886148.783
-0.061000000685453415,0.05999999865889549,1.0839999914169312,1776886149.199
-0.05000000074505806,0.03500000014901161,1.0920000076293945,1776886149.218
-0.07999999821186066,0.027000000700354576,1.090999960899353,1776886149.244
-0.07500000298023224,0.04600000008940697,1.0880000591278076,1776886149.257
-0.05400000140070915,0.0560000017285347,1.090999960899353,1776886149.283
-0.05900000035762787,0.02800000086426735,1.0980000495910645,1776886149.697
-0.054999999701976776,0.032999999821186066,1.090000033378601,1776886149.723
-0.06800000369548798,0.04800000041723251,1.0889999866485596,1776886149.737
-0.05900000035762787,0.03500000014901161,1.093000054359436,1776886149.763
-0.057999998331069946,0.026000000536441803,1.093999981880188,1776886149.78
-0.061000000685453415,0.035999998450279236,1.090999960899353,1776886150.218
-0.06499999761581421,0.02500000037252903,1.093000054359436,1776886150.243
-0.05999999865889549,0.039000000804662704,1.0870000123977661,1776886150.257
-0.06300000101327896,0.03999999910593033,1.090999960899353,1776886150.283
-0.06300000101327896,0.03500000014901161,1.0880000591278076,1776886150.297
-0.06700000166893005,0.0430000014603138,1.093000054359436,1776886150.719
-0.05900000035762787,0.03400000184774399,1.0889999866485596,1776886150.745
-0.06300000101327896,0.03799999877810478,1.090000033378601,1776886150.758
-0.06199999898672104,0.054999999701976776,1.0859999656677246,1776886150.786
-0.057999998331069946,0.04800000041723251,1.0889999866485596,1776886150.8
-0.2720000147819519,-0.4749999940395355,1.965999960899353,1776886151.221
-0.16099999845027924,-0.032999999821186066,1.3769999742507935,1776886151.237
0.23600000143051147,0.11900000274181366,0.7639999985694885,1776886151.257
0.2680000066757202,0.40799999237060547,0.8309999704360962,1776886151.283
0.31700000166893005,0.006000000052154064,1.1330000162124634,1776886151.298
-0.03099999949336052,-0.257999986410141,1.059999942779541,1776886151.726
-0.09300000220537186,-0.23999999463558197,0.9620000123977661,1776886151.737
-0.11400000005960464,-0.20900000631809235,1.0549999475479126,1776886151.763
0.10000000149011612,-0.07599999755620956,1.7230000495910645,1776886151.778
0.23100000619888306,0.24699999392032623,0.9750000238418579,1776886151.806
-0.029999999329447746,0.09000000357627869,1.0820000171661377,1776886152.218
-0.03200000151991844,0.09399999678134918,1.093000054359436,1776886152.244
-0.03099999949336052,0.1080000028014183,1.0880000591278076,1776886152.258
-0.03500000014901161,0.10199999809265137,1.093999981880188,1776886152.284
-0.032999999821186066,0.09700000286102295,1.0920000076293945,1776886152.298
-0.03500000014901161,0.10300000011920929,1.090999960899353,1776886152.746
-0.032999999821186066,0.09799999743700027,1.090000033378601,1776886152.757
-0.029999999329447746,0.10000000149011612,1.0889999866485596,1776886152.784
-0.03400000184774399,0.0989999994635582,1.090999960899353,1776886152.8
-0.03200000151991844,0.09799999743700027,1.090999960899353,1776886152.82
-0.04399999976158142,0.10599999874830246,1.1080000400543213,1776886153.217
-0.041999999433755875,0.12399999797344208,1.065999984741211,1776886153.243
-0.05700000002980232,0.09200000017881393,1.0959999561309814,1776886153.257
-0.03099999949336052,0.12399999797344208,1.1160000562667847,1776886153.283
-0.0010000000474974513,0.10599999874830246,1.0759999752044678,1776886153.297
-0.00800000037997961,0.12399999797344208,1.100000023841858,1776886153.738
-0.05299999937415123,0.15000000596046448,1.031000018119812,1776886153.764
-0.02199999988079071,0.13300000131130219,1.1540000438690186,1776886153.778
-0.0020000000949949026,0.08100000023841858,1.062000036239624,1776886153.806
-0.02500000037252903,0.06400000303983688,1.1169999837875366,1776886153.817
0.032999999821186066,0.10400000214576721,1.2000000476837158,1776886154.217
-0.06599999964237213,0.03999999910593033,1.0870000123977661,1776886154.243
0.017000000923871994,0.24300000071525574,1.2419999837875366,1776886154.258
0.06499999761581421,0.07500000298023224,1.1929999589920044,1776886154.287
-0.375,-0.004999999888241291,0.878000020980835,1776886154.298
0.996999979019165,0.49399998784065247,1.3220000267028809,1776886154.719
0.996999979019165,0.49399998784065247,1.3220000267028809,1776886154.742
0.996999979019165,0.49399998784065247,1.3220000267028809,1776886154.758
0.996999979019165,0.49399998784065247,1.3220000267028809,1776886154.783
0.3400000035762787,0.15199999511241913,1.2009999752044678,1776886154.799
0.05400000140070915,0.2329999953508377,1.0709999799728394,1776886155.246
0.03799999877810478,0.2409999966621399,1.069000005722046,1776886155.258
0.06499999761581421,0.2770000100135803,1.0540000200271606,1776886155.284
0.08299999684095383,0.2630000114440918,1.0640000104904175,1776886155.297
0.07400000095367432,0.2619999945163727,1.0720000267028809,1776886155.323
0.0689999982714653,0.2590000033378601,1.059999942779541,1776886155.744
0.06499999761581421,0.25699999928474426,1.0679999589920044,1776886155.759
0.06499999761581421,0.25699999928474426,1.0679999589920044,1776886155.785
0.06499999761581421,0.25699999928474426,1.0679999589920044,1776886155.798
0.06400000303983688,0.2590000033378601,1.0570000410079956,1776886155.823
0.06800000369548798,0.25699999928474426,1.065000057220459,1776886156.243
0.06400000303983688,0.25699999928474426,1.065000057220459,1776886156.259
0.06300000101327896,0.25200000405311584,1.0640000104904175,1776886156.286
0.06800000369548798,0.25699999928474426,1.0670000314712524,1776886156.298
0.06700000166893005,0.2540000081062317,1.0609999895095825,1776886156.324
0.06300000101327896,0.2549999952316284,1.0579999685287476,1776886156.738
0.06599999964237213,0.257999986410141,1.0609999895095825,1776886156.766
0.06700000166893005,0.25699999928474426,1.0640000104904175,1776886156.777
0.06300000101327896,0.257999986410141,1.059999942779541,1776886156.803
0.06599999964237213,0.257999986410141,1.069000005722046,1776886156.818
0.06499999761581421,0.257999986410141,1.065000057220459,1776886157.258
0.06400000303983688,0.25999999046325684,1.065999984741211,1776886157.283
0.06400000303983688,0.257999986410141,1.065999984741211,1776886157.298
0.06599999964237213,0.2540000081062317,1.062999963760376,1776886157.323
0.06499999761581421,0.25699999928474426,1.062999963760376,1776886157.338
0.06400000303983688,0.25699999928474426,1.0670000314712524,1776886157.738
0.06300000101327896,0.257999986410141,1.0640000104904175,1776886157.763
0.0689999982714653,0.257999986410141,1.062999963760376,1776886157.778
0.06199999898672104,0.257999986410141,1.0640000104904175,1776886157.808
0.06400000303983688,0.24500000476837158,1.059000015258789,1776886157.818
0.06400000303983688,0.257999986410141,1.059999942779541,1776886158.259
0.06499999761581421,0.257999986410141,1.0640000104904175,1776886158.285
0.06400000303983688,0.2540000081062317,1.0640000104904175,1776886158.298
0.06300000101327896,0.25600001215934753,1.0609999895095825,1776886158.324
0.06700000166893005,0.2549999952316284,1.059999942779541,1776886158.34
0.06400000303983688,0.2549999952316284,1.059999942779541,1776886158.771
0.06700000166893005,0.25699999928474426,1.0640000104904175,1776886158.782
0.06800000369548798,0.2529999911785126,1.065000057220459,1776886158.798
0.06700000166893005,0.2590000033378601,1.062000036239624,1776886158.824
0.06700000166893005,0.2590000033378601,1.062000036239624,1776886158.838
0.06599999964237213,0.257999986410141,1.0609999895095825,1776886159.238
0.06300000101327896,0.2549999952316284,1.062999963760376,1776886159.264
0.06800000369548798,0.25699999928474426,1.0609999895095825,1776886159.278
0.06300000101327896,0.2549999952316284,1.062000036239624,1776886159.305
0.06800000369548798,0.2549999952316284,1.062999963760376,1776886159.318
0.06499999761581421,0.2540000081062317,1.059999942779541,1776886159.758
0.06499999761581421,0.25699999928474426,1.062000036239624,1776886159.787
0.06499999761581421,0.25600001215934753,1.062999963760376,1776886159.799
0.06499999761581421,0.25600001215934753,1.062999963760376,1776886159.825
0.06499999761581421,0.257999986410141,1.062999963760376,1776886159.838
0.06499999761581421,0.2549999952316284,1.059999942779541,1776886160.266
0.06700000166893005,0.25600001215934753,1.0609999895095825,1776886160.278
0.06499999761581421,0.2540000081062317,1.0640000104904175,1776886160.304
0.07000000029802322,0.25699999928474426,1.0640000104904175,1776886160.319
0.06700000166893005,0.2540000081062317,1.065000057220459,1776886160.346
0.06700000166893005,0.2540000081062317,1.065000057220459,1776886160.764
0.06499999761581421,0.25699999928474426,1.065999984741211,1776886160.778
0.0689999982714653,0.257999986410141,1.0670000314712524,1776886160.804
0.06400000303983688,0.2590000033378601,1.0640000104904175,1776886160.819
0.06199999898672104,0.2549999952316284,1.065999984741211,1776886160.846
0.061000000685453415,0.2540000081062317,1.0640000104904175,1776886161.258
0.05400000140070915,0.25699999928474426,1.0609999895095825,1776886161.283
0.06599999964237213,0.2549999952316284,1.069000005722046,1776886161.298
0.06400000303983688,0.25699999928474426,1.065000057220459,1776886161.33
0.06700000166893005,0.2549999952316284,1.062000036239624,1776886161.341
0.06400000303983688,0.2590000033378601,1.0670000314712524,1776886161.779
0.06499999761581421,0.25600001215934753,1.065000057220459,1776886161.806
0.06499999761581421,0.25699999928474426,1.065999984741211,1776886161.818
0.06300000101327896,0.2549999952316284,1.062999963760376,1776886161.843
0.06499999761581421,0.2549999952316284,1.0640000104904175,1776886161.858
0.06599999964237213,0.257999986410141,1.0729999542236328,1776886162.284
0.06300000101327896,0.2549999952316284,1.065000057220459,1776886162.298
0.06700000166893005,0.25600001215934753,1.0670000314712524,1776886162.323
0.06499999761581421,0.25600001215934753,1.062999963760376,1776886162.343
0.061000000685453415,0.25699999928474426,1.062999963760376,1776886162.358
0.06400000303983688,0.257999986410141,1.062000036239624,1776886162.784
0.06400000303983688,0.2540000081062317,1.0670000314712524,1776886162.803
0.06400000303983688,0.257999986410141,1.0609999895095825,1776886162.818
0.06800000369548798,0.2549999952316284,1.065999984741211,1776886162.843
0.06700000166893005,0.257999986410141,1.062999963760376,1776886162.858
0.06499999761581421,0.25699999928474426,1.062999963760376,1776886163.286
0.06499999761581421,0.2549999952316284,1.065000057220459,1776886163.298
0.05299999937415123,0.25200000405311584,1.065000057220459,1776886163.324
0.06800000369548798,0.25699999928474426,1.069000005722046,1776886163.338
0.06300000101327896,0.2549999952316284,1.065999984741211,1776886163.364
0.06599999964237213,0.25600001215934753,1.0640000104904175,1776886163.778
0.06599999964237213,0.25600001215934753,1.0640000104904175,1776886163.806
0.06599999964237213,0.25600001215934753,1.0640000104904175,1776886163.818
0.05999999865889549,0.25699999928474426,1.0679999589920044,1776886163.843
0.06300000101327896,0.2549999952316284,1.065000057220459,1776886163.858
0.06700000166893005,0.25699999928474426,1.0640000104904175,1776886164.285
0.06800000369548798,0.257999986410141,1.0640000104904175,1776886164.298
0.06499999761581421,0.2549999952316284,1.0609999895095825,1776886164.323
0.061000000685453415,0.25999999046325684,1.0640000104904175,1776886164.338
0.06599999964237213,0.25600001215934753,1.059999942779541,1776886164.366
0.061000000685453415,0.25099998712539673,1.0609999895095825,1776886164.783
0.06599999964237213,0.257999986410141,1.065000057220459,1776886164.799
0.06599999964237213,0.257999986410141,1.065000057220459,1776886164.82
0.06599999964237213,0.257999986410141,1.065000057220459,1776886164.838
0.06599999964237213,0.257999986410141,1.065000057220459,1776886164.864
0.06800000369548798,0.2540000081062317,1.065000057220459,1776886165.279
0.06700000166893005,0.2549999952316284,1.065000057220459,1776886165.298
0.06599999964237213,0.2549999952316284,1.0670000314712524,1776886165.324
0.06199999898672104,0.257999986410141,1.065000057220459,1776886165.338
0.06400000303983688,0.257999986410141,1.062999963760376,1776886165.364
0.07199999690055847,0.25099998712539673,1.0759999752044678,1776886165.778
0.0689999982714653,0.2529999911785126,1.0410000085830688,1776886165.813
0.03700000047683716,0.2720000147819519,1.055999994277954,1776886165.823
-0.004000000189989805,0.29600000381469727,0.9929999709129333,1776886165.841
0.08399999886751175,0.2370000034570694,1.13100004196167,1776886165.869
0.019999999552965164,0.19699999690055847,1.0180000066757202,1776886166.286
-0.029999999329447746,0.12999999523162842,1.065000057220459,1776886166.298
0.11900000274181366,0.2939999997615814,0.9020000100135803,1776886166.324
0.17100000381469727,0.36800000071525574,1.069000005722046,1776886166.338
0.057999998331069946,0.32899999618530273,1.1089999675750732,1776886166.367
0.06800000369548798,0.25600001215934753,1.184000015258789,1776886166.804
0.0989999994635582,0.3269999921321869,0.9309999942779541,1776886166.819
0.1420000046491623,0.3330000042915344,0.8960000276565552,1776886166.838
0.20900000631809235,0.33799999952316284,0.8949999809265137,1776886166.864
0.014999999664723873,0.14499999582767487,1.4450000524520874,1776886166.879
0.1679999977350235,0.15000000596046448,1.0880000591278076,1776886167.298
0.1589999943971634,0.10700000077486038,1.1649999618530273,1776886167.323
0.17299999296665192,0.10400000214576721,1.062999963760376,1776886167.338
0.16099999845027924,0.04600000008940697,0.9210000038146973,1776886167.364
0.1979999989271164,0.1469999998807907,1.0870000123977661,1776886167.378
0.25099998712539673,-0.19599999487400055,1.2050000429153442,1776886167.804
0.17100000381469727,-0.09700000286102295,1.0740000009536743,1776886167.818
0.12999999523162842,-0.23000000417232513,1.194000005722046,1776886167.844
0.07800000160932541,-0.10000000149011612,1.0219999551773071,1776886167.86
0.0729999989271164,-0.04100000113248825,1.1360000371932983,1776886167.885
0.08399999886751175,-0.039000000804662704,1.0870000123977661,1776886168.304
0.08799999952316284,-0.03500000014901161,1.0829999446868896,1776886168.319
0.08399999886751175,-0.02500000037252903,1.0809999704360962,1776886168.345
0.08500000089406967,-0.03500000014901161,1.0850000381469727,1776886168.358
0.08699999749660492,-0.035999998450279236,1.100000023841858,1776886168.386
0.08500000089406967,-0.03200000151991844,1.0809999704360962,1776886168.804
0.08500000089406967,-0.03099999949336052,1.0870000123977661,1776886168.818
0.08500000089406967,-0.029999999329447746,1.0829999446868896,1776886168.846
0.07900000363588333,-0.01899999938905239,1.0820000171661377,1776886168.858
0.07699999958276749,-0.012000000104308128,1.0839999914169312,1776886168.884
-0.020999999716877937,0.05700000002980232,0.20399999618530273,1776886169.306
0.04699999839067459,-0.05400000140070915,0.8460000157356262,1776886169.318
1.9600000381469727,-0.9580000042915344,-1.9160000085830688,1776886169.344
0.13699999451637268,0.36399999260902405,0.3779999911785126,1776886169.359
-0.23999999463558197,0.15299999713897705,0.2070000022649765,1776886169.385
-0.23899999260902405,-0.10199999809265137,1.0609999895095825,1776886170.298
-0.23199999332427979,-0.10100000351667404,1.0670000314712524,1776886170.325
-0.2370000034570694,-0.09099999815225601,1.062999963760376,1776886170.338
-0.23899999260902405,-0.09700000286102295,1.0540000200271606,1776886170.364
-0.2290000021457672,-0.09600000083446503,1.062000036239624,1776886170.378
-0.2329999953508377,-0.0989999994635582,1.0499999523162842,1776886170.804
-0.23100000619888306,-0.09700000286102295,1.065000057220459,1776886170.818
-0.23100000619888306,-0.09799999743700027,1.0520000457763672,1776886170.848
-0.23199999332427979,-0.09099999815225601,1.062000036239624,1776886170.864
-0.2329999953508377,-0.0989999994635582,1.059999942779541,1776886170.879
-0.23399999737739563,-0.0949999988079071,1.0540000200271606,1776886171.298
-0.23000000417232513,-0.09799999743700027,1.0579999685287476,1776886171.326
-0.2329999953508377,-0.09700000286102295,1.059999942779541,1776886171.338
-0.23199999332427979,-0.0949999988079071,1.0549999475479126,1776886171.364
-0.23399999737739563,-0.09600000083446503,1.059000015258789,1776886171.378
-0.23199999332427979,-0.05700000002980232,1.069000005722046,1776886171.818
-0.2070000022649765,-0.09399999678134918,1.0119999647140503,1776886171.844
-0.20900000631809235,-0.07900000363588333,1.059999942779541,1776886171.858
-0.20800000429153442,-0.08699999749660492,1.0549999475479126,1776886171.888
-0.296999990940094,-0.12399999797344208,1.1089999675750732,1776886171.899
0.008999999612569809,0.49399998784065247,1.1540000438690186,1776886172.325
0.2809999883174896,0.6240000128746033,1.0119999647140503,1776886172.342
0.0430000014603138,0.2879999876022339,0.47699999809265137,1776886172.358
0.6349999904632568,0.6890000104904175,1.2510000467300415,1776886172.384
0.1850000023841858,0.28200000524520874,1.2999999523162842,1776886172.399
-0.050999999046325684,0.3610000014305115,1.0099999904632568,1776886172.825
-0.06499999761581421,0.40700000524520874,0.925000011920929,1776886172.838
-0.12099999934434891,0.49399998784065247,0.9639999866485596,1776886172.864
-0.09799999743700027,0.6100000143051147,1.0779999494552612,1776886172.879
-0.1459999978542328,0.6060000061988831,0.8320000171661377,1776886172.907
-0.14900000393390656,0.4659999907016754,0.9890000224113464,1776886173.324
-0.164000004529953,0.47999998927116394,0.9729999899864197,1776886173.338
-0.1940000057220459,0.49300000071525574,0.9589999914169312,1776886173.364
-0.1860000044107437,0.4950000047683716,0.9639999866485596,1776886173.38
-0.1770000010728836,0.4819999933242798,0.968999981880188,1776886173.406
-0.17000000178813934,0.4819999933242798,0.972000002861023,1776886173.818
-0.17399999499320984,0.4830000102519989,0.9710000157356262,1776886173.844
-0.1679999977350235,0.4790000021457672,0.9700000286102295,1776886173.858
-0.1599999964237213,0.47600001096725464,0.9710000157356262,1776886173.885
-0.16200000047683716,0.47600001096725464,0.9760000109672546,1776886173.898
-0.16599999368190765,0.4819999933242798,0.9739999771118164,1776886174.326
-0.1679999977350235,0.4819999933242798,0.972000002861023,1776886174.338
-0.16699999570846558,0.4790000021457672,0.9779999852180481,1776886174.364
-0.16500000655651093,0.4790000021457672,0.9789999723434448,1776886174.378
-0.17100000381469727,0.4790000021457672,0.9710000157356262,1776886174.404
-0.3930000066757202,0.4620000123977661,0.328000009059906,1776886174.826
-0.4390000104904175,0.39800000190734863,0.5699999928474426,1776886174.838
0.2709999978542328,1.2480000257492065,1.4509999752044678,1776886174.864
0.3499999940395355,0.7089999914169312,0.8270000219345093,1776886174.879
0.8069999814033508,0.2759999930858612,1.2100000381469727,1776886174.899
-0.21899999678134918,-0.09600000083446503,0.5139999985694885,1776886175.324
0.03999999910593033,0.6480000019073486,0.42500001192092896,1776886175.338
0.1940000057220459,-1.0870000123977661,0.9079999923706055,1776886175.364
-0.16099999845027924,0.06400000303983688,1.2630000114440918,1776886175.378
-0.35499998927116394,0.20900000631809235,1.5099999904632568,1776886175.406
-0.10899999737739563,-0.03500000014901161,1.0809999704360962,1776886175.824
-0.11299999803304672,-0.028999999165534973,1.0829999446868896,1776886175.839
-0.1120000034570694,-0.03500000014901161,1.0829999446868896,1776886175.865
-0.10999999940395355,-0.052000001072883606,1.0809999704360962,1776886175.878
-0.1120000034570694,-0.03500000014901161,1.0820000171661377,1776886175.905
-0.10899999737739563,-0.03200000151991844,1.0870000123977661,1776886176.324
-0.10899999737739563,-0.03200000151991844,1.0870000123977661,1776886176.338
-0.10899999737739563,-0.03200000151991844,1.0870000123977661,1776886176.368
-0.10899999737739563,-0.03200000151991844,1.0870000123977661,1776886176.378
-0.11599999666213989,-0.032999999821186066,1.0859999656677246,1776886176.405
-0.12300000339746475,-0.03700000047683716,1.0809999704360962,1776886176.823
-0.09399999678134918,-0.04100000113248825,1.1019999980926514,1776886176.838
-0.10599999874830246,-0.04500000178813934,1.0759999752044678,1776886176.865
-0.09099999815225601,-0.05299999937415123,1.0709999799728394,1776886176.879
-0.07000000029802322,-0.1340000033378601,0.9649999737739563,1776886176.907
-0.11599999666213989,-0.019999999552965164,1.1009999513626099,1776886177.338
-0.11599999666213989,-0.019999999552965164,1.1009999513626099,1776886177.364
-0.11599999666213989,-0.019999999552965164,1.1009999513626099,1776886177.378
-0.2290000021457672,0.010999999940395355,1.1080000400543213,1776886177.406
-0.15299999713897705,-0.008999999612569809,1.2020000219345093,1776886177.419
-0.22200000286102295,-0.0430000014603138,1.1059999465942383,1776886177.845
-0.06400000303983688,0.039000000804662704,1.1890000104904175,1776886177.858
-0.041999999433755875,0.04699999839067459,1.0920000076293945,1776886177.884
-0.21699999272823334,-0.04100000113248825,1.0549999475479126,1776886177.903
-0.28600001335144043,0.02800000086426735,1.0199999809265137,1776886177.918
-0.14300000667572021,0.017000000923871994,1.0859999656677246,1776886178.325
-0.11100000143051147,0.11800000071525574,1.1030000448226929,1776886178.339
-0.12999999523162842,0.019999999552965164,1.0230000019073486,1776886178.358
-0.12999999523162842,0.019999999552965164,1.0230000019073486,1776886178.386
-0.12999999523162842,0.019999999552965164,1.0230000019073486,1776886178.398
-0.17900000512599945,-0.05999999865889549,1.0880000591278076,1776886178.818
-0.11400000005960464,0.0020000000949949026,1.2000000476837158,1776886178.848
-0.028999999165534973,0.006000000052154064,1.0570000410079956,1776886178.86
-0.10100000351667404,-0.01600000075995922,1.1690000295639038,1776886178.886
-0.27300000190734863,0.03200000151991844,1.0759999752044678,1776886178.898
-0.04899999871850014,-0.028999999165534973,1.2690000534057617,1776886179.345
-0.15600000321865082,-0.10400000214576721,1.1679999828338623,1776886179.358
-0.2160000056028366,-0.08900000154972076,1.059999942779541,1776886179.379
-0.2160000056028366,-0.08900000154972076,1.059999942779541,1776886179.407
-0.2160000056028366,-0.08900000154972076,1.059999942779541,1776886179.418
-0.14800000190734863,-0.023000000044703484,1.0579999685287476,1776886179.844
-0.12099999934434891,-0.004999999888241291,1.0729999542236328,1776886179.858
-0.12399999797344208,-0.019999999552965164,1.090999960899353,1776886179.885
-0.11900000274181366,-0.04699999839067459,1.0829999446868896,1776886179.898
-0.12399999797344208,-0.07199999690055847,1.0889999866485596,1776886179.924
-0.32199999690055847,-0.004000000189989805,0.7820000052452087,1776886180.345
-0.3019999861717224,0.006000000052154064,0.550000011920929,1776886180.358
-0.23000000417232513,-0.17100000381469727,0.7870000004768372,1776886180.385
0.05700000002980232,-0.3050000071525574,1.277999997138977,1776886180.399
0.05700000002980232,-0.3050000071525574,1.277999997138977,1776886180.425
0.11100000143051147,0.03400000184774399,0.23600000143051147,1776886180.849
-0.7089999914169312,-0.24199999868869781,0.8939999938011169,1776886180.859
0.09300000220537186,0.04899999871850014,0.37299999594688416,1776886180.885
-0.07900000363588333,-0.36500000953674316,1.6480000019073486,1776886180.898
1.2580000162124634,-0.5099999904632568,1.6890000104904175,1776886180.926
0.08399999886751175,0.09600000083446503,0.7429999709129333,1776886181.344
0.03500000014901161,0.0860000029206276,0.9150000214576721,1776886181.359
0.10899999737739563,0.0989999994635582,0.6959999799728394,1776886181.387
0.10700000077486038,0.11100000143051147,1.1510000228881836,1776886181.398
-0.15399999916553497,0.19300000369548798,1.152999997138977,1776886181.424
-0.04100000113248825,0.04399999976158142,1.3009999990463257,1776886181.844
-0.041999999433755875,0.1379999965429306,1.062000036239624,1776886181.859
-0.07199999690055847,0.18400000035762787,1.222000002861023,1776886181.886
-0.20600000023841858,0.12399999797344208,0.9589999914169312,1776886181.898
-0.1589999943971634,0.09200000017881393,1.1109999418258667,1776886181.924
-0.14000000059604645,0.10100000351667404,1.0779999494552612,1776886182.339
-0.14000000059604645,0.10400000214576721,1.0809999704360962,1776886182.364
-0.1459999978542328,0.10499999672174454,1.0789999961853027,1776886182.378
-0.14300000667572021,0.10300000011920929,1.0839999914169312,1776886182.404
-0.14399999380111694,0.10199999809265137,1.0829999446868896,1776886182.419
-0.13600000739097595,0.1120000034570694,1.0829999446868896,1776886182.847
-0.1550000011920929,0.12099999934434891,1.0759999752044678,1776886182.858
-0.1379999965429306,0.07599999755620956,1.0889999866485596,1776886182.884
-0.14399999380111694,0.10499999672174454,1.0829999446868896,1776886182.899
-0.1469999998807907,0.09399999678134918,1.0759999752044678,1776886182.925
-0.15399999916553497,0.0729999989271164,1.1100000143051147,1776886183.338
-0.16300000250339508,0.06800000369548798,1.062999963760376,1776886183.364
-0.12300000339746475,0.13199999928474426,1.0870000123977661,1776886183.378
-0.12399999797344208,0.07000000029802322,1.1139999628067017,1776886183.418
-0.11800000071525574,0.08399999886751175,1.0390000343322754,1776886183.429
0.2759999930858612,0.22499999403953552,1.2089999914169312,1776886183.859
0.13600000739097595,0.32899999618530273,1.3070000410079956,1776886183.885
-0.0560000017285347,0.13500000536441803,0.9829999804496765,1776886183.898
-0.26100000739097595,-0.09300000220537186,1.0149999856948853,1776886183.924
-0.1289999932050705,-0.024000000208616257,1.1180000305175781,1776886183.938
-0.04600000008940697,0.01899999938905239,1.1200000047683716,1776886184.358
-0.04699999839067459,0.003000000026077032,1.0499999523162842,1776886184.384
-0.06499999761581421,0.03099999949336052,1.0829999446868896,1776886184.399
-0.04600000008940697,0.028999999165534973,1.090000033378601,1776886184.428
-0.1080000028014183,-0.028999999165534973,1.1030000448226929,1776886184.438
-0.06800000369548798,0.04399999976158142,1.090000033378601,1776886184.859
-0.07800000160932541,0.03799999877810478,1.093000054359436,1776886184.885
-0.06599999964237213,0.04600000008940697,1.0889999866485596,1776886184.898
-0.06800000369548798,0.04399999976158142,1.0889999866485596,1776886184.924
-0.07400000095367432,0.03999999910593033,1.0889999866485596,1776886184.938
-0.0689999982714653,0.05400000140070915,1.0870000123977661,1776886185.338
-0.07199999690055847,0.0430000014603138,1.090000033378601,1776886185.364
-0.07100000232458115,0.0430000014603138,1.090000033378601,1776886185.379
-0.06800000369548798,0.041999999433755875,1.090999960899353,1776886185.407
-0.0729999989271164,0.04500000178813934,1.0850000381469727,1776886185.418
-0.2370000034570694,0.2619999945163727,1.003000020980835,1776886185.839
0.057999998331069946,0.12999999523162842,1.0579999685287476,1776886185.866
0.07999999821186066,0.06199999898672104,1.0700000524520874,1776886185.878
-0.00800000037997961,0.10000000149011612,1.0870000123977661,1776886185.905
-0.17299999296665192,0.10199999809265137,1.2059999704360962,1776886185.919
-0.03999999910593033,0.02500000037252903,1.090999960899353,1776886186.358
-0.039000000804662704,0.02500000037252903,1.090000033378601,1776886186.385
-0.04399999976158142,0.02800000086426735,1.090999960899353,1776886186.398
-0.03799999877810478,0.026000000536441803,1.090000033378601,1776886186.425
-0.0430000014603138,0.02800000086426735,1.0920000076293945,1776886186.438
-0.12200000137090683,0.0560000017285347,1.1670000553131104,1776886186.858
-0.007000000216066837,0.014999999664723873,1.0499999523162842,1776886186.884
-0.13899999856948853,0.004999999888241291,1.0770000219345093,1776886186.898
-0.10599999874830246,0.012000000104308128,1.0950000286102295,1776886186.927
-0.029999999329447746,0.03500000014901161,1.0859999656677246,1776886186.938
-0.0560000017285347,0.03700000047683716,1.0980000495910645,1776886187.36
-0.07100000232458115,0.04699999839067459,1.0809999704360962,1776886187.387
-0.06300000101327896,0.027000000700354576,1.0870000123977661,1776886187.398
-0.06300000101327896,0.027000000700354576,1.0829999446868896,1776886187.425
-0.07400000095367432,0.04500000178813934,1.0870000123977661,1776886187.439
-0.05900000035762787,0.09399999678134918,1.121999979019165,1776886187.859
-0.0430000014603138,-0.006000000052154064,1.0980000495910645,1776886187.89
-0.04600000008940697,0.06199999898672104,1.055999994277954,1776886187.9
-0.06400000303983688,0.013000000268220901,1.0709999799728394,1776886187.919
-0.05900000035762787,0.01600000075995922,1.0820000171661377,1776886187.944
-0.05400000140070915,0.023000000044703484,1.090000033378601,1776886188.378
-0.057999998331069946,0.03700000047683716,1.093000054359436,1776886188.404
-0.04899999871850014,0.039000000804662704,1.093999981880188,1776886188.419
-0.06300000101327896,0.02500000037252903,1.0829999446868896,1776886188.445
-0.054999999701976776,0.03400000184774399,1.0889999866485596,1776886188.459
-0.0560000017285347,0.029999999329447746,1.0920000076293945,1776886188.878
-0.0560000017285347,0.03200000151991844,1.093000054359436,1776886188.905
-0.0560000017285347,0.027000000700354576,1.0850000381469727,1776886188.918
-0.05700000002980232,0.028999999165534973,1.090999960899353,1776886188.945
-0.05400000140070915,0.028999999165534973,1.0880000591278076,1776886188.959
-0.0560000017285347,0.02800000086426735,1.0850000381469727,1776886189.364
-0.05900000035762787,0.029999999329447746,1.0889999866485596,1776886189.381
-0.06400000303983688,-0.006000000052154064,1.0740000009536743,1776886189.399
-0.05000000074505806,-0.08699999749660492,1.152999997138977,1776886189.425
0.003000000026077032,0.1809999942779541,1.031999945640564,1776886189.439
-0.05999999865889549,0.054999999701976776,1.0859999656677246,1776886189.878
-0.08900000154972076,0.029999999329447746,1.1030000448226929,1776886189.904
-0.06800000369548798,0.07199999690055847,1.128000020980835,1776886189.919
-0.054999999701976776,0.027000000700354576,1.0870000123977661,1776886189.947
-0.0729999989271164,0.050999999046325684,1.0729999542236328,1776886189.958
-0.15700000524520874,0.04500000178813934,0.9039999842643738,1776886190.378
-0.2160000056028366,0.21699999272823334,1.2970000505447388,1776886190.404
-0.09799999743700027,0.2840000092983246,0.7419999837875366,1776886190.422
-0.041999999433755875,0.29899999499320984,0.6309999823570251,1776886190.439
-0.29600000381469727,0.1379999965429306,1.1640000343322754,1776886190.466
-0.15700000524520874,0.3540000021457672,0.9570000171661377,1776886190.881
-0.13300000131130219,0.4560000002384186,0.9440000057220459,1776886190.902
-0.04100000113248825,0.1509999930858612,0.828000009059906,1776886190.918
0.49900001287460327,-0.17900000512599945,1.6610000133514404,1776886190.945
-0.27300000190734863,0.10100000351667404,0.8429999947547913,1776886190.961
-0.48100000619888306,0.0820000022649765,1.625,1776886191.386
-0.31299999356269836,0.22599999606609344,1.0750000476837158,1776886191.398
-0.12999999523162842,0.08100000023841858,0.9570000171661377,1776886191.426
-0.23499999940395355,-0.1379999965429306,1.1080000400543213,1776886191.439
-0.2240000069141388,-0.09099999815225601,1.1009999513626099,1776886191.46
-0.22100000083446503,-0.10400000214576721,1.0570000410079956,1776886191.878
-0.2290000021457672,-0.10199999809265137,1.0549999475479126,1776886191.906
-0.22599999606609344,-0.1080000028014183,1.062000036239624,1776886191.92
-0.2280000001192093,-0.10400000214576721,1.0549999475479126,1776886191.946
-0.2240000069141388,-0.10700000077486038,1.059999942779541,1776886191.958
