x,y,z,t
2.072999954223633,6.828999996185303,15.305000305175781,1776885834.276
2.072999954223633,6.828999996185303,15.305000305175781,1776885834.29
2.072999954223633,6.828999996185303,15.305000305175781,1776885834.316
2.072999954223633,6.828999996185303,15.305000305175781,1776885834.33
-41.88999938964844,-23.292999267578125,-7.683000087738037,1776885834.356
-7.072999954223633,1.8289999961853027,-1.2799999713897705,1776885835.276
-7.072999954223633,1.8289999961853027,-1.2799999713897705,1776885835.29
-7.072999954223633,1.8289999961853027,-1.2799999713897705,1776885835.317
-7.01200008392334,-3.5980000495910645,-5.427000045776367,1776885835.33
5.671000003814697,0.7319999933242798,-3.5980000495910645,1776885835.356
-0.061000000685453415,0.3050000071525574,-1.5240000486373901,1776885837.77
0.0,0.3050000071525574,-1.5240000486373901,1776885837.796
0.0,0.3050000071525574,-1.5240000486373901,1776885837.81
0.0,0.3050000071525574,-1.5850000381469727,1776885837.837
0.0,0.18299999833106995,-1.4630000591278076,1776885837.85
-0.9760000109672546,-14.02400016784668,1.0980000495910645,1776885838.79
3.109999895095825,-0.9150000214576721,0.5490000247955322,1776885838.816
0.061000000685453415,0.24400000274181366,-2.621999979019165,1776885838.832
0.0,0.7319999933242798,-1.4630000591278076,1776885838.858
0.5490000247955322,0.12200000137090683,-2.01200008392334,1776885838.87
0.0,0.24400000274181366,-1.5850000381469727,1776885840.29
0.0,0.3050000071525574,-1.5240000486373901,1776885840.318
0.0,0.3050000071525574,-1.6460000276565552,1776885840.33
0.12200000137090683,0.24400000274181366,-1.5240000486373901,1776885840.356
-0.061000000685453415,0.24400000274181366,-1.5240000486373901,1776885840.37
0.0,0.4269999861717224,-1.5850000381469727,1776885841.79
0.061000000685453415,0.3050000071525574,-1.5240000486373901,1776885841.816
-0.061000000685453415,0.18299999833106995,-17.072999954223633,1776885841.86
-0.061000000685453415,0.3659999966621399,-1.5850000381469727,1776885841.871
0.0,0.24400000274181366,-1.4019999504089355,1776885841.881
0.061000000685453415,0.4269999861717224,-1.5240000486373901,1776885842.796
0.0,0.24400000274181366,-1.5850000381469727,1776885842.811
0.0,0.24400000274181366,-1.5850000381469727,1776885842.838
0.0,0.24400000274181366,-1.5240000486373901,1776885842.85
0.0,0.3050000071525574,-1.4630000591278076,1776885842.878
-0.061000000685453415,0.24400000274181366,-1.5240000486373901,1776885843.296
0.0,0.3659999966621399,-1.5240000486373901,1776885843.31
-0.061000000685453415,0.24400000274181366,-1.5240000486373901,1776885843.338
0.061000000685453415,0.3050000071525574,-1.5850000381469727,1776885843.352
0.061000000685453415,0.3050000071525574,-1.4630000591278076,1776885843.378
-0.061000000685453415,0.3050000071525574,-1.5240000486373901,1776885844.79
0.061000000685453415,0.24400000274181366,-1.5240000486373901,1776885844.816
0.0,0.24400000274181366,-1.4630000591278076,1776885844.83
0.0,0.24400000274181366,-1.5850000381469727,1776885844.856
0.0,0.3050000071525574,-1.5850000381469727,1776885844.87
0.12200000137090683,0.3050000071525574,-1.5240000486373901,1776885845.75
0.0,0.3659999966621399,-1.340999960899353,1776885845.776
-0.061000000685453415,0.24400000274181366,-1.4630000591278076,1776885845.79
0.061000000685453415,0.18299999833106995,-1.4630000591278076,1776885845.817
0.0,0.24400000274181366,-1.5850000381469727,1776885845.886
0.0,0.24400000274181366,-1.5240000486373901,1776885846.816
0.0,0.3659999966621399,-1.5850000381469727,1776885846.831
-0.061000000685453415,0.3050000071525574,-1.4630000591278076,1776885846.857
0.0,0.24400000274181366,-1.5240000486373901,1776885846.87
0.0,0.24400000274181366,-1.5240000486373901,1776885846.897
0.061000000685453415,0.18299999833106995,-1.5240000486373901,1776885847.81
0.061000000685453415,0.3659999966621399,-1.340999960899353,1776885847.863
0.061000000685453415,0.3050000071525574,-1.6460000276565552,1776885847.873
0.0,0.18299999833106995,-1.4630000591278076,1776885847.884
0.0,0.3050000071525574,-1.5850000381469727,1776885847.895
0.0,0.3050000071525574,-1.5240000486373901,1776885848.81
0.0,0.24400000274181366,-1.5850000381469727,1776885848.842
0.061000000685453415,0.3050000071525574,-1.4630000591278076,1776885848.853
0.0,0.3050000071525574,-1.5240000486373901,1776885848.87
0.061000000685453415,0.3050000071525574,-1.4630000591278076,1776885848.896
0.0,0.24400000274181366,-1.4630000591278076,1776885849.81
-0.061000000685453415,0.24400000274181366,-1.5240000486373901,1776885849.861
0.0,0.4269999861717224,-1.4630000591278076,1776885849.871
0.12200000137090683,0.3050000071525574,-1.4630000591278076,1776885849.882
0.061000000685453415,0.3050000071525574,-1.5240000486373901,1776885849.892
0.0,0.3050000071525574,-1.5850000381469727,1776885851.81
0.0,0.3050000071525574,-1.5850000381469727,1776885851.859
0.0,0.3050000071525574,-1.5850000381469727,1776885851.87
0.061000000685453415,0.3050000071525574,-1.5240000486373901,1776885851.88
0.061000000685453415,0.24400000274181366,-1.5240000486373901,1776885851.891
0.0,0.24400000274181366,-1.5240000486373901,1776885857.862
0.061000000685453415,0.3050000071525574,-1.5850000381469727,1776885857.873
0.061000000685453415,0.3050000071525574,-1.6460000276565552,1776885857.883
-0.061000000685453415,0.3659999966621399,-1.5240000486373901,1776885857.894
0.0,0.3659999966621399,-1.4630000591278076,1776885857.91
0.0,0.3050000071525574,-1.5240000486373901,1776885859.331
0.061000000685453415,0.24400000274181366,-1.5240000486373901,1776885859.356
0.061000000685453415,0.24400000274181366,-1.5240000486373901,1776885859.37
0.061000000685453415,0.3050000071525574,-1.4630000591278076,1776885859.398
-0.061000000685453415,0.24400000274181366,-1.4630000591278076,1776885859.41
-0.061000000685453415,0.3659999966621399,-1.5240000486373901,1776885860.356
0.12200000137090683,0.3050000071525574,-1.4630000591278076,1776885860.37
0.0,0.18299999833106995,-1.340999960899353,1776885860.396
0.0,0.3050000071525574,-1.5240000486373901,1776885860.41
0.0,0.3050000071525574,-1.4630000591278076,1776885860.436
0.0,0.18299999833106995,-1.5240000486373901,1776885861.883
0.0,0.24400000274181366,-1.4630000591278076,1776885861.895
0.0,0.24400000274181366,-1.5850000381469727,1776885861.905
0.061000000685453415,0.24400000274181366,-1.5240000486373901,1776885861.916
0.0,0.18299999833106995,-1.4630000591278076,1776885861.93
0.0,0.3050000071525574,-1.5240000486373901,1776885863.359
0.0,0.24400000274181366,-1.5850000381469727,1776885863.371
0.0,0.24400000274181366,-1.4630000591278076,1776885863.399
0.061000000685453415,0.18299999833106995,-1.4630000591278076,1776885863.411
0.061000000685453415,0.3659999966621399,-1.4630000591278076,1776885863.437
-0.061000000685453415,0.18299999833106995,-1.4630000591278076,1776885864.856
0.061000000685453415,0.4269999861717224,-1.5240000486373901,1776885864.87
0.0,0.24400000274181366,-1.5850000381469727,1776885864.896
0.0,0.24400000274181366,-1.5240000486373901,1776885864.911
0.0,0.3050000071525574,-1.5850000381469727,1776885864.936
0.0,0.24400000274181366,-1.4630000591278076,1776885875.031
0.061000000685453415,0.3659999966621399,-1.5850000381469727,1776885875.057
0.0,0.24400000274181366,-1.5850000381469727,1776885875.071
0.12200000137090683,0.24400000274181366,-1.5240000486373901,1776885875.097
0.0,0.3050000071525574,-1.5240000486373901,1776885875.111
0.0,0.24400000274181366,-1.4630000591278076,1776885881.519
-0.12200000137090683,0.3050000071525574,-1.5850000381469727,1776885881.531
-0.12200000137090683,0.3050000071525574,-1.5850000381469727,1776885881.56
-0.12200000137090683,0.3050000071525574,-1.5850000381469727,1776885881.571
0.061000000685453415,0.24400000274181366,-1.5240000486373901,1776885881.606
3.7200000286102295,-8.47599983215332,-3.7200000286102295,1776885882.717
0.0,-7.439000129699707,-5.183000087738037,1776885882.746
-2.74399995803833,0.061000000685453415,-0.6100000143051147,1776885882.759
1.6460000276565552,0.9150000214576721,-1.7680000066757202,1776885882.771
2.927000045776367,4.877999782562256,-3.4760000705718994,1776885882.797
0.12200000137090683,0.24400000274181366,-1.5240000486373901,1776885883.718
0.12200000137090683,0.3659999966621399,-1.4630000591278076,1776885883.731
0.0,0.24400000274181366,-1.5240000486373901,1776885883.757
0.12200000137090683,0.24400000274181366,-1.5850000381469727,1776885883.771
0.0,0.3050000071525574,-1.4630000591278076,1776885883.798
0.061000000685453415,0.3659999966621399,-1.4630000591278076,1776885884.14
0.0,0.24400000274181366,-1.4630000591278076,1776885884.151
0.0,0.24400000274181366,-1.4630000591278076,1776885884.177
0.0,0.24400000274181366,-1.4630000591278076,1776885884.191
0.0,0.24400000274181366,-1.5850000381469727,1776885884.217
0.0,0.24400000274181366,-1.4630000591278076,1776885885.22
0.0,0.24400000274181366,-1.4630000591278076,1776885885.231
0.0,0.18299999833106995,-1.4630000591278076,1776885885.257
0.061000000685453415,0.24400000274181366,-1.4630000591278076,1776885885.273
0.0,0.3050000071525574,-1.5240000486373901,1776885885.293
0.0,0.3050000071525574,-1.4630000591278076,1776885885.731
0.0,0.3050000071525574,-1.5240000486373901,1776885885.757
0.0,0.3050000071525574,-1.4630000591278076,1776885885.771
0.0,0.3050000071525574,-1.4630000591278076,1776885885.8
0.0,0.3050000071525574,-1.4630000591278076,1776885885.811
0.061000000685453415,0.24400000274181366,-1.5240000486373901,1776885886.157
0.0,0.3659999966621399,-1.5240000486373901,1776885886.171
0.061000000685453415,0.24400000274181366,-1.5240000486373901,1776885886.199
0.0,0.3050000071525574,-1.5240000486373901,1776885886.211
0.061000000685453415,0.3050000071525574,-1.4630000591278076,1776885886.237
0.061000000685453415,0.3050000071525574,-1.5850000381469727,1776885886.731
0.0,0.12200000137090683,-1.5240000486373901,1776885886.757
0.061000000685453415,0.24400000274181366,14.085000038146973,1776885886.771
0.0,0.12200000137090683,-1.5240000486373901,1776885886.798
0.061000000685453415,0.3659999966621399,-1.5850000381469727,1776885886.811
0.061000000685453415,0.24400000274181366,-1.4630000591278076,1776885887.251
0.0,0.3050000071525574,-1.5850000381469727,1776885887.279
0.061000000685453415,0.24400000274181366,-17.072999954223633,1776885887.291
0.061000000685453415,0.3050000071525574,-1.5850000381469727,1776885887.32
0.061000000685453415,0.3659999966621399,-1.5240000486373901,1776885887.332
0.061000000685453415,0.18299999833106995,-1.4630000591278076,1776885888.231
0.061000000685453415,0.3050000071525574,-1.5850000381469727,1776885888.257
-0.061000000685453415,0.24400000274181366,-1.5240000486373901,1776885888.31
0.0,0.24400000274181366,-1.5850000381469727,1776885888.321
-0.061000000685453415,0.3050000071525574,-1.5850000381469727,1776885888.332
0.061000000685453415,0.24400000274181366,-1.5850000381469727,1776885888.751
0.0,0.18299999833106995,-1.5240000486373901,1776885888.777
0.0,0.3050000071525574,-1.5850000381469727,1776885888.792
0.0,0.18299999833106995,-1.5240000486373901,1776885888.814
0.061000000685453415,0.3659999966621399,-1.5240000486373901,1776885888.839
0.061000000685453415,0.3659999966621399,-1.5240000486373901,1776885889.252
0.061000000685453415,0.3050000071525574,-1.5240000486373901,1776885889.279
0.0,0.24400000274181366,-1.5240000486373901,1776885889.291
0.0,0.3050000071525574,-1.5240000486373901,1776885889.317
0.0,0.18299999833106995,-1.5850000381469727,1776885889.331
0.061000000685453415,0.24400000274181366,-1.5850000381469727,1776885889.751
0.0,0.3050000071525574,-1.5240000486373901,1776885889.777
0.0,0.24400000274181366,-1.5240000486373901,1776885889.791
0.0,0.3050000071525574,-1.4630000591278076,1776885889.817
0.0,0.3659999966621399,-1.5850000381469727,1776885889.831
0.061000000685453415,0.18299999833106995,-1.5850000381469727,1776885890.171
0.0,0.18299999833106995,-1.6460000276565552,1776885890.197
0.061000000685453415,0.3050000071525574,-1.5240000486373901,1776885890.211
0.061000000685453415,0.18299999833106995,-1.5240000486373901,1776885890.239
0.0,0.3050000071525574,-1.5850000381469727,1776885890.251
0.0,0.3050000071525574,-1.4630000591278076,1776885892.777
0.0,0.3050000071525574,-1.4630000591278076,1776885892.791
0.061000000685453415,0.3659999966621399,-1.5240000486373901,1776885892.817
0.0,0.24400000274181366,-1.4630000591278076,1776885892.831
-0.061000000685453415,0.24400000274181366,-1.5850000381469727,1776885892.857
0.0,0.18299999833106995,-1.5850000381469727,1776885893.271
0.0,0.3050000071525574,-1.4630000591278076,1776885893.297
0.12200000137090683,0.24400000274181366,-1.5240000486373901,1776885893.311
0.0,0.24400000274181366,-1.5850000381469727,1776885893.338
0.0,0.3659999966621399,-1.4630000591278076,1776885893.351
0.12200000137090683,0.3050000071525574,-1.5240000486373901,1776885893.772
0.12200000137090683,0.24400000274181366,-1.5240000486373901,1776885893.791
0.12200000137090683,0.24400000274181366,-1.5240000486373901,1776885893.812
0.12200000137090683,0.24400000274181366,-1.5240000486373901,1776885893.839
0.061000000685453415,0.3659999966621399,-1.4630000591278076,1776885893.851
0.061000000685453415,0.3659999966621399,-1.4630000591278076,1776885894.271
0.061000000685453415,0.3050000071525574,-1.5240000486373901,1776885894.304
0.12200000137090683,0.3050000071525574,-1.4630000591278076,1776885894.321
0.061000000685453415,0.24400000274181366,-1.4630000591278076,1776885894.332
0.061000000685453415,0.24400000274181366,-1.5850000381469727,1776885894.358
-0.4880000054836273,2.01200008392334,-2.621999979019165,1776885894.778
3.4760000705718994,16.82900047302246,4.695000171661377,1776885894.791
-4.939000129699707,2.5,0.7929999828338623,1776885894.817
-4.939000129699707,2.5,0.7929999828338623,1776885894.831
-4.939000129699707,2.5,0.7929999828338623,1776885894.857
40.487998962402344,41.52399826049805,22.072999954223633,1776885895.777
47.25600051879883,58.231998443603516,20.365999221801758,1776885895.792
-6.76800012588501,-10.670999526977539,1.7680000066757202,1776885895.818
6.0980000495910645,-16.645999908447266,-12.866000175476074,1776885895.831
4.328999996185303,-1.5850000381469727,-1.8289999961853027,1776885895.857
3.3540000915527344,-4.451000213623047,-6.4629998207092285,1776885896.271
-3.4149999618530273,-5.304999828338623,-2.194999933242798,1776885896.298
0.4269999861717224,7.804999828338623,2.194999933242798,1776885896.311
-0.6710000038146973,0.4880000054836273,1.6460000276565552,1776885896.337
-5.671000003814697,2.5,-1.8289999961853027,1776885896.351
2.621999979019165,-2.01200008392334,-4.451000213623047,1776885896.778
-1.2200000286102295,-1.0369999408721924,-2.316999912261963,1776885896.791
-0.24400000274181366,4.389999866485596,4.145999908447266,1776885896.819
2.805000066757202,-2.683000087738037,0.7319999933242798,1776885896.831
-1.159000039100647,-4.085000038146973,0.9150000214576721,1776885896.853
0.061000000685453415,0.3050000071525574,-1.5850000381469727,1776885898.791
0.061000000685453415,0.24400000274181366,-1.4630000591278076,1776885898.817
0.061000000685453415,0.3050000071525574,-1.4630000591278076,1776885898.831
0.0,0.3659999966621399,-1.4630000591278076,1776885898.857
0.0,0.3050000071525574,-1.5240000486373901,1776885898.871
0.0,0.3659999966621399,-1.5240000486373901,1776885899.291
0.061000000685453415,0.24400000274181366,-1.5240000486373901,1776885899.312
0.061000000685453415,0.24400000274181366,-1.4630000591278076,1776885899.337
-0.061000000685453415,0.3050000071525574,-1.5850000381469727,1776885899.351
0.0,0.3050000071525574,-1.5240000486373901,1776885899.377
0.0,0.24400000274181366,-1.4630000591278076,1776885899.792
0.0,0.3050000071525574,-1.5240000486373901,1776885899.817
0.0,0.3659999966621399,-1.5240000486373901,1776885899.831
0.061000000685453415,0.3659999966621399,-1.4019999504089355,1776885899.857
0.0,0.3050000071525574,-1.5850000381469727,1776885899.871
0.0,0.24400000274181366,-1.4630000591278076,1776885900.291
-0.12200000137090683,0.3050000071525574,14.085000038146973,1776885900.318
0.061000000685453415,0.3050000071525574,-1.5240000486373901,1776885900.331
-0.061000000685453415,0.3050000071525574,-1.4630000591278076,1776885900.357
0.061000000685453415,0.24400000274181366,-1.5240000486373901,1776885900.371
0.0,0.3050000071525574,-1.4630000591278076,1776885900.791
0.061000000685453415,0.3659999966621399,-1.5240000486373901,1776885900.817
0.061000000685453415,0.18299999833106995,-1.5240000486373901,1776885900.831
0.0,0.24400000274181366,-1.5240000486373901,1776885900.857
0.061000000685453415,0.24400000274181366,-1.5240000486373901,1776885900.872
-2.194999933242798,-0.3659999966621399,1.159000039100647,1776885901.297
1.4019999504089355,-2.134000062942505,3.8410000801086426,1776885901.311
-1.4630000591278076,16.82900047302246,2.98799991607666,1776885901.337
0.7929999828338623,-0.7929999828338623,-2.316999912261963,1776885901.352
-0.4269999861717224,-0.3659999966621399,-0.4880000054836273,1776885901.378
4.085000038146973,6.341000080108643,34.512001037597656,1776885901.798
-5.427000045776367,0.12200000137090683,27.743999481201172,1776885901.812
3.6589999198913574,-0.4880000054836273,31.280000686645508,1776885901.839
-0.061000000685453415,0.6100000143051147,39.87799835205078,1776885901.851
-6.951000213623047,-3.7799999713897705,30.243999481201172,1776885901.879
21.82900047302246,3.1710000038146973,20.73200035095215,1776885902.291
20.0,10.914999961853027,38.902000427246094,1776885902.318
-19.69499969482422,-6.0980000495910645,26.951000213623047,1776885902.331
25.97599983215332,4.26800012588501,32.37799835205078,1776885902.358
10.244000434875488,10.060999870300293,49.45100021362305,1776885902.371
-7.195000171661377,4.02400016784668,40.12200164794922,1776885902.799
-7.01200008392334,-13.293000221252441,28.17099952697754,1776885902.811
22.19499969482422,16.159000396728516,31.159000396728516,1776885902.838
-27.5,-12.194999694824219,41.52399826049805,1776885902.851
-0.6100000143051147,-8.47599983215332,32.43899917602539,1776885902.879
20.30500030517578,9.02400016784668,29.816999435424805,1776885903.292
13.048999786376953,6.341000080108643,39.207000732421875,1776885903.318
-8.414999961853027,-4.085000038146973,37.68299865722656,1776885903.331
24.511999130249023,9.633999824523926,32.86600112915039,1776885903.352
5.0,9.267999649047852,42.5,1776885903.378
6.828999996185303,-3.2929999828338623,30.915000915527344,1776885903.791
27.80500030517578,9.51200008392334,38.04899978637695,1776885903.817
-24.572999954223633,-13.048999786376953,36.707000732421875,1776885903.831
14.451000213623047,9.206999778747559,43.17100143432617,1776885903.858
4.572999954223633,9.145999908447266,38.597999572753906,1776885903.871
-0.18299999833106995,0.7319999933242798,-0.3659999966621399,1776885904.817
-0.9150000214576721,-0.18299999833106995,-4.328999996185303,1776885904.831
1.159000039100647,0.5490000247955322,-4.939000129699707,1776885904.857
-1.0369999408721924,0.12200000137090683,-0.9760000109672546,1776885904.872
0.24400000274181366,0.18299999833106995,-2.316999912261963,1776885904.898
0.0,0.24400000274181366,-1.340999960899353,1776885905.318
0.0,0.18299999833106995,-1.5240000486373901,1776885905.332
0.061000000685453415,0.3050000071525574,-1.4630000591278076,1776885905.359
-0.061000000685453415,0.18299999833106995,-1.5240000486373901,1776885905.372
-0.061000000685453415,0.3659999966621399,-1.4630000591278076,1776885905.392
0.12200000137090683,0.24400000274181366,-1.4019999504089355,1776885905.811
0.0,0.3050000071525574,-1.5240000486373901,1776885905.838
0.061000000685453415,0.24400000274181366,-1.5850000381469727,1776885905.852
0.061000000685453415,0.3050000071525574,-1.4019999504089355,1776885905.877
0.0,0.3659999966621399,-1.5240000486373901,1776885905.891
0.061000000685453415,0.24400000274181366,-1.4630000591278076,1776885906.311
-0.061000000685453415,0.3050000071525574,-1.5850000381469727,1776885906.337
0.0,0.3050000071525574,-1.5240000486373901,1776885906.352
0.061000000685453415,0.18299999833106995,-1.4630000591278076,1776885906.377
0.061000000685453415,0.3050000071525574,-1.5240000486373901,1776885906.392
0.0,0.3050000071525574,-1.4630000591278076,1776885906.818
0.12200000137090683,0.3050000071525574,-1.5850000381469727,1776885906.832
0.0,0.3050000071525574,-1.5240000486373901,1776885906.858
0.12200000137090683,0.3050000071525574,-1.5240000486373901,1776885906.871
0.0,0.3659999966621399,-1.5240000486373901,1776885906.897
-0.061000000685453415,0.24400000274181366,-17.072999954223633,1776885907.312
-0.061000000685453415,0.24400000274181366,-17.072999954223633,1776885907.338
-0.061000000685453415,0.3050000071525574,-1.5240000486373901,1776885907.351
-0.061000000685453415,0.3050000071525574,-1.4630000591278076,1776885907.377
0.061000000685453415,0.12200000137090683,-1.5240000486373901,1776885907.392
0.0,0.3050000071525574,-1.4630000591278076,1776885907.817
0.061000000685453415,0.18299999833106995,-1.5240000486373901,1776885907.832
0.061000000685453415,0.3659999966621399,-1.5240000486373901,1776885907.858
0.061000000685453415,0.3050000071525574,-1.5240000486373901,1776885907.872
0.0,0.3659999966621399,-1.5240000486373901,1776885907.899
-3.3540000915527344,-3.5980000495910645,-67.13400268554688,1776885908.817
3.4760000705718994,-3.2320001125335693,-28.23200035095215,1776885908.832
-0.9150000214576721,-4.939000129699707,-61.95100021362305,1776885908.858
-7.622000217437744,9.206999778747559,-37.012001037597656,1776885908.872
2.134000062942505,-8.048999786376953,-56.402000427246094,1776885908.9
-5.304999828338623,0.3659999966621399,-30.427000045776367,1776885909.838
-9.694999694824219,1.4630000591278076,-67.25599670410156,1776885909.852
10.48799991607666,-3.7200000286102295,-27.865999221801758,1776885909.873
3.2320001125335693,-5.793000221252441,-57.13399887084961,1776885909.899
-4.816999912261963,4.389999866485596,-37.25600051879883,1776885909.912
0.8539999723434448,4.51200008392334,-8.536999702453613,1776885910.312
-4.695000171661377,-7.560999870300293,-37.43899917602539,1776885910.339
-2.01200008392334,9.145999908447266,18.292999267578125,1776885910.352
-2.01200008392334,9.145999908447266,18.292999267578125,1776885910.378
-2.01200008392334,9.145999908447266,18.292999267578125,1776885910.392
0.061000000685453415,0.24400000274181366,-1.5240000486373901,1776885911.338
-0.061000000685453415,0.24400000274181366,-1.4630000591278076,1776885911.352
0.0,0.3050000071525574,-1.5240000486373901,1776885911.377
0.061000000685453415,0.3659999966621399,-1.4630000591278076,1776885911.392
0.0,0.24400000274181366,-1.5240000486373901,1776885911.418
0.0,0.24400000274181366,-1.4630000591278076,1776885911.817
0.12200000137090683,0.18299999833106995,-1.5240000486373901,1776885911.837
0.12200000137090683,0.24400000274181366,-1.5240000486373901,1776885911.852
0.0,0.3050000071525574,-1.5240000486373901,1776885911.878
0.0,0.24400000274181366,-1.5850000381469727,1776885911.892
0.0,0.12200000137090683,-1.4019999504089355,1776885912.337
0.12200000137090683,0.18299999833106995,-1.4630000591278076,1776885912.352
0.061000000685453415,0.3659999966621399,-1.5850000381469727,1776885912.373
0.061000000685453415,0.3050000071525574,-1.5850000381469727,1776885912.399
0.0,0.3050000071525574,-1.4630000591278076,1776885912.412
0.061000000685453415,0.3659999966621399,-1.4630000591278076,1776885912.832
0.061000000685453415,0.24400000274181366,-1.4630000591278076,1776885912.857
0.0,0.3050000071525574,-1.7680000066757202,1776885912.872
0.061000000685453415,0.24400000274181366,-1.6460000276565552,1776885912.904
-0.12200000137090683,0.061000000685453415,-2.561000108718872,1776885912.914
-0.9150000214576721,3.2929999828338623,-15.732000350952148,1776885913.34
0.6710000038146973,-0.8539999723434448,-20.97599983215332,1776885913.352
-3.5369999408721924,2.194999933242798,-22.256000518798828,1776885913.378
3.4760000705718994,1.8899999856948853,-21.52400016784668,1776885913.392
2.072999954223633,2.5,-24.02400016784668,1776885913.418
-0.24400000274181366,-2.805000066757202,-62.13399887084961,1776885914.338
9.755999565124512,-3.6589999198913574,-26.645999908447266,1776885914.352
-3.5369999408721924,0.7929999828338623,-68.53700256347656,1776885914.378
1.5240000486373901,0.8539999723434448,-19.756000518798828,1776885914.392
-0.18299999833106995,3.5369999408721924,-23.659000396728516,1776885914.418
-0.24400000274181366,5.0,-71.95099639892578,1776885914.832
-0.24400000274181366,-4.389999866485596,-22.683000564575195,1776885914.858
-0.9760000109672546,-0.7929999828338623,-62.926998138427734,1776885914.872
-3.9019999504089355,0.3659999966621399,-35.12200164794922,1776885914.898
0.6710000038146973,-6.889999866485596,-54.45100021362305,1776885914.912
-6.52400016784668,-1.7680000066757202,-54.268001556396484,1776885915.332
-2.438999891281128,-2.072999954223633,-39.512001037597656,1776885915.358
-5.48799991607666,8.414999961853027,-69.26799774169922,1776885915.378
7.804999828338623,0.24400000274181366,-29.69499969482422,1776885915.392
7.560999870300293,-1.5850000381469727,-44.69499969482422,1776885915.418
7.560999870300293,7.316999912261963,-23.659000396728516,1776885915.832
-10.182999610900879,6.21999979019165,-62.74399948120117,1776885915.858
6.0370001792907715,5.304999828338623,-26.46299934387207,1776885915.872
10.182999610900879,-9.02400016784668,-39.63399887084961,1776885915.897
-4.75600004196167,0.6100000143051147,-26.951000213623047,1776885915.912
-14.939000129699707,1.6460000276565552,-26.889999389648438,1776885916.338
-3.1710000038146973,-3.4149999618530273,-62.86600112915039,1776885916.352
0.8539999723434448,1.8899999856948853,-28.110000610351562,1776885916.378
-5.427000045776367,-1.2200000286102295,-42.80500030517578,1776885916.392
-5.24399995803833,-1.5850000381469727,-63.292999267578125,1776885916.419
6.4019999504089355,-5.122000217437744,-18.23200035095215,1776885917.352
-6.4019999504089355,-4.451000213623047,-62.74399948120117,1776885917.378
-0.061000000685453415,0.9760000109672546,-33.720001220703125,1776885917.392
7.377999782562256,3.4760000705718994,-26.584999084472656,1776885917.418
-6.4629998207092285,8.963000297546387,-58.17100143432617,1776885917.432
-11.645999908447266,1.0980000495910645,-62.86600112915039,1776885917.832
-5.73199987411499,-8.536999702453613,-22.621999740600586,1776885917.858
-6.645999908447266,-9.572999954223633,-31.03700065612793,1776885917.873
-7.683000087738037,4.633999824523926,11.645999908447266,1776885917.9
1.8289999961853027,-2.134000062942505,19.207000732421875,1776885917.912
-0.12200000137090683,0.18299999833106995,-1.7070000171661377,1776885918.352
0.18299999833106995,0.3659999966621399,-1.4019999504089355,1776885918.377
0.18299999833106995,0.3050000071525574,-1.340999960899353,1776885918.392
-0.12200000137090683,0.18299999833106995,-1.7070000171661377,1776885918.421
-0.12200000137090683,0.18299999833106995,-1.5850000381469727,1776885918.432
0.061000000685453415,0.3659999966621399,-1.4630000591278076,1776885918.858
0.0,0.3050000071525574,-1.4630000591278076,1776885918.872
0.0,0.3659999966621399,-1.5850000381469727,1776885918.905
0.0,0.24400000274181366,-1.4630000591278076,1776885918.915
0.0,0.3659999966621399,-1.4630000591278076,1776885918.932
0.0,0.3050000071525574,-1.4630000591278076,1776885919.352
0.061000000685453415,0.3050000071525574,-1.5850000381469727,1776885919.378
0.0,0.24400000274181366,-1.4630000591278076,1776885919.392
0.0,0.3659999966621399,-1.5240000486373901,1776885919.419
0.061000000685453415,0.24400000274181366,-1.5240000486373901,1776885919.432
0.0,0.24400000274181366,-1.5240000486373901,1776885919.858
0.061000000685453415,0.24400000274181366,-1.4630000591278076,1776885919.872
0.0,0.3050000071525574,-1.5240000486373901,1776885919.898
0.061000000685453415,0.24400000274181366,-1.5850000381469727,1776885919.912
0.0,0.18299999833106995,-1.4630000591278076,1776885919.938
0.061000000685453415,0.24400000274181366,-1.5240000486373901,1776885920.352
0.061000000685453415,0.3050000071525574,-1.5240000486373901,1776885920.378
0.0,0.24400000274181366,-1.4630000591278076,1776885920.392
0.0,0.24400000274181366,-1.4630000591278076,1776885920.418
0.0,0.18299999833106995,-1.4630000591278076,1776885920.432
-0.061000000685453415,0.18299999833106995,-1.5850000381469727,1776885920.852
-0.061000000685453415,0.3050000071525574,-1.5240000486373901,1776885920.881
0.0,0.3050000071525574,-1.5240000486373901,1776885920.892
0.061000000685453415,0.3050000071525574,-1.4630000591278076,1776885920.918
0.0,0.24400000274181366,-1.5240000486373901,1776885920.932
0.0,0.24400000274181366,-1.5240000486373901,1776885921.358
0.0,0.24400000274181366,-1.4630000591278076,1776885921.372
0.061000000685453415,0.3050000071525574,-1.4630000591278076,1776885921.4
0.061000000685453415,0.3050000071525574,-1.6460000276565552,1776885921.412
0.061000000685453415,0.24400000274181366,14.085000038146973,1776885921.44
-0.12200000137090683,0.3659999966621399,-0.3659999966621399,1776885921.872
-1.7680000066757202,1.7070000171661377,4.328999996185303,1776885921.898
0.5490000247955322,-0.4269999861717224,5.183000087738037,1776885921.912
1.7070000171661377,0.12200000137090683,-1.9509999752044678,1776885921.938
-2.927000045776367,-0.7319999933242798,4.085000038146973,1776885921.952
-11.645999908447266,-3.1710000038146973,23.415000915527344,1776885922.352
20.610000610351562,9.085000038146973,24.451000213623047,1776885922.38
-19.816999435424805,-20.06100082397461,23.53700065612793,1776885922.392
-7.377999782562256,-0.7319999933242798,27.378000259399414,1776885922.418
22.011999130249023,5.24399995803833,35.24399948120117,1776885922.432
5.48799991607666,-3.6589999198913574,16.402000427246094,1776885922.872
17.683000564575195,11.890000343322754,21.82900047302246,1776885922.899
-18.110000610351562,-15.914999961853027,17.256000518798828,1776885922.912
10.305000305175781,7.439000129699707,16.645999908447266,1776885922.939
14.390000343322754,6.76800012588501,27.072999954223633,1776885922.952
-22.011999130249023,-11.279999732971191,20.06100082397461,1776885923.372
13.47599983215332,5.060999870300293,9.694999694824219,1776885923.4
-1.7680000066757202,-8.963000297546387,36.279998779296875,1776885923.412
-3.109999895095825,-5.671000003814697,21.280000686645508,1776885923.438
12.439000129699707,4.206999778747559,24.451000213623047,1776885923.452
0.6710000038146973,7.377999782562256,43.597999572753906,1776885923.878
-13.354000091552734,-12.439000129699707,21.46299934387207,1776885923.892
0.6710000038146973,0.3659999966621399,17.072999954223633,1776885923.92
-2.683000087738037,2.927000045776367,44.207000732421875,1776885923.933
-18.659000396728516,-0.5490000247955322,17.316999435424805,1776885923.952
-17.621999740600586,-12.378000259399414,32.926998138427734,1776885924.352
6.645999908447266,1.2799999713897705,32.926998138427734,1776885924.379
16.402000427246094,9.329000473022461,30.243999481201172,1776885924.392
-14.02400016784668,-6.706999778747559,21.402000427246094,1776885924.418
5.854000091552734,-0.061000000685453415,28.17099952697754,1776885924.432
-9.755999565124512,0.9150000214576721,36.95100021362305,1776885924.872
12.378000259399414,-1.4630000591278076,26.52400016784668,1776885924.899
22.683000564575195,12.805000305175781,36.279998779296875,1776885924.913
-16.46299934387207,-5.671000003814697,35.792999267578125,1776885924.94
-19.93899917602539,-13.902000427246094,28.354000091552734,1776885924.952
22.927000045776367,11.159000396728516,24.084999084472656,1776885925.378
-26.645999908447266,-21.097999572753906,29.511999130249023,1776885925.399
0.24400000274181366,1.159000039100647,11.890000343322754,1776885925.412
17.316999435424805,10.305000305175781,19.389999389648438,1776885925.44
-13.232000350952148,-4.939000129699707,29.145999908447266,1776885925.452
-21.280000686645508,-10.244000434875488,41.645999908447266,1776885925.88
-21.280000686645508,-10.244000434875488,41.645999908447266,1776885925.892
-28.110000610351562,-12.621999740600586,16.340999603271484,1776885925.92
26.76799964904785,20.854000091552734,23.53700065612793,1776885925.939
-5.304999828338623,-1.7070000171661377,22.988000869750977,1776885925.952
-13.414999961853027,-6.951000213623047,24.451000213623047,1776885926.373
-3.8410000801086426,3.3540000915527344,71.58499908447266,1776885926.393
-2.01200008392334,3.109999895095825,24.145999908447266,1776885926.419
5.060999870300293,0.8539999723434448,24.389999389648438,1776885926.433
-5.0,-4.633999824523926,33.231998443603516,1776885926.452
0.061000000685453415,0.3050000071525574,-1.5240000486373901,1776885927.38
0.0,0.18299999833106995,-1.4630000591278076,1776885927.395
0.12200000137090683,0.3050000071525574,-1.5850000381469727,1776885927.413
0.061000000685453415,0.3659999966621399,-1.5240000486373901,1776885927.439
0.0,0.24400000274181366,-1.5240000486373901,1776885927.452
-0.3659999966621399,-0.3659999966621399,5.48799991607666,1776885927.892
-0.3659999966621399,-0.3659999966621399,5.48799991607666,1776885927.918
-0.3659999966621399,-0.3659999966621399,5.48799991607666,1776885927.932
-0.24400000274181366,0.3050000071525574,0.9760000109672546,1776885927.958
14.572999954223633,0.3050000071525574,3.5980000495910645,1776885927.973
4.816999912261963,-0.7319999933242798,24.451000213623047,1776885928.373
12.255999565124512,10.609999656677246,46.82899856567383,1776885928.4
-8.170999526977539,-8.170999526977539,23.47599983215332,1776885928.412
12.194999694824219,2.194999933242798,35.30500030517578,1776885928.44
12.194999694824219,2.194999933242798,35.30500030517578,1776885928.452
6.341000080108643,2.134000062942505,31.951000213623047,1776885928.892
18.292999267578125,10.427000045776367,42.62200164794922,1776885928.918
-14.755999565124512,-12.621999740600586,34.084999084472656,1776885928.932
13.293000221252441,4.085000038146973,37.25600051879883,1776885928.961
6.21999979019165,12.317000389099121,42.74399948120117,1776885928.972
-21.340999603271484,-11.463000297546387,41.645999908447266,1776885929.392
-12.5,-6.0980000495910645,27.5,1776885929.418
18.597999572753906,8.109999656677246,46.768001556396484,1776885929.432
18.597999572753906,8.109999656677246,46.768001556396484,1776885929.458
18.597999572753906,8.109999656677246,46.768001556396484,1776885929.472
-1.5240000486373901,-1.0369999408721924,19.207000732421875,1776885929.892
-1.4630000591278076,0.6710000038146973,21.584999084472656,1776885929.919
-0.12200000137090683,2.438999891281128,20.915000915527344,1776885929.932
-2.561000108718872,-0.8539999723434448,18.110000610351562,1776885929.959
-1.0980000495910645,-0.7929999828338623,29.451000213623047,1776885929.972
10.366000175476074,8.597999572753906,41.220001220703125,1776885930.392
-17.56100082397461,-16.280000686645508,42.987998962402344,1776885930.422
15.366000175476074,-1.2200000286102295,22.683000564575195,1776885930.432
2.683000087738037,12.927000045776367,44.145999908447266,1776885930.458
2.683000087738037,12.927000045776367,44.145999908447266,1776885930.472
7.74399995803833,6.645999908447266,3.2929999828338623,1776885930.898
4.328999996185303,2.194999933242798,-9.633999824523926,1776885930.912
-6.828999996185303,0.4880000054836273,-19.145999908447266,1776885930.94
1.0369999408721924,2.316999912261963,7.98799991607666,1776885930.953
0.5490000247955322,0.5490000247955322,8.170999526977539,1776885930.979
-0.061000000685453415,0.3050000071525574,-1.5850000381469727,1776885931.392
0.0,0.3659999966621399,-1.340999960899353,1776885931.418
0.12200000137090683,0.3050000071525574,-1.5240000486373901,1776885931.432
0.12200000137090683,0.3050000071525574,-1.5850000381469727,1776885931.458
0.061000000685453415,0.3659999966621399,-1.4019999504089355,1776885931.472
0.0,0.3050000071525574,-1.4630000591278076,1776885932.399
0.061000000685453415,0.3050000071525574,-1.5850000381469727,1776885932.412
0.061000000685453415,0.3050000071525574,-1.5850000381469727,1776885932.438
0.061000000685453415,0.3050000071525574,-1.4630000591278076,1776885932.452
0.061000000685453415,0.4269999861717224,-1.4630000591278076,1776885932.478
0.061000000685453415,0.3050000071525574,-1.5850000381469727,1776885932.892
0.0,0.24400000274181366,-1.5240000486373901,1776885932.918
0.0,0.3659999966621399,-1.6460000276565552,1776885932.932
0.0,0.24400000274181366,-1.5850000381469727,1776885932.958
0.061000000685453415,0.3050000071525574,-1.5240000486373901,1776885932.977
0.0,0.24400000274181366,-1.5240000486373901,1776885933.401
0.0,0.3050000071525574,-1.5850000381469727,1776885933.412
-0.061000000685453415,0.3050000071525574,-1.5240000486373901,1776885933.44
0.061000000685453415,0.3050000071525574,-1.5240000486373901,1776885933.455
0.12200000137090683,0.18299999833106995,-1.7070000171661377,1776885933.481
-1.5850000381469727,0.12200000137090683,-4.51200008392334,1776885933.918
0.12200000137090683,6.645999908447266,-1.9509999752044678,1776885933.935
-1.5850000381469727,-5.0,1.5850000381469727,1776885933.952
0.7929999828338623,6.951000213623047,0.7319999933242798,1776885933.978
0.5490000247955322,10.0,-0.24400000274181366,1776885933.992
2.621999979019165,1.0980000495910645,-4.939000129699707,1776885934.418
13.840999603271484,-6.951000213623047,1.6460000276565552,1776885934.432
-1.8289999961853027,3.6589999198913574,-2.194999933242798,1776885934.452
-4.02400016784668,-8.293000221252441,13.414999961853027,1776885934.478
4.877999782562256,-8.048999786376953,0.3050000071525574,1776885934.492
-5.73199987411499,-1.5240000486373901,-1.7070000171661377,1776885934.912
1.0980000495910645,2.865999937057495,3.7799999713897705,1776885934.938
5.548999786376953,10.182999610900879,-0.4269999861717224,1776885934.953
-10.793000221252441,-4.328999996185303,0.6100000143051147,1776885934.979
4.572999954223633,6.76800012588501,-0.18299999833106995,1776885934.993
0.4269999861717224,-0.3050000071525574,-2.316999912261963,1776885935.392
-0.061000000685453415,0.6710000038146973,-1.340999960899353,1776885935.42
1.0369999408721924,1.2200000286102295,0.8539999723434448,1776885935.432
-0.12200000137090683,0.061000000685453415,-0.9760000109672546,1776885935.462
-0.7319999933242798,-0.12200000137090683,-2.316999912261963,1776885935.472
0.0,0.24400000274181366,-1.5240000486373901,1776885935.912
0.0,0.3050000071525574,-1.5240000486373901,1776885935.94
0.12200000137090683,0.24400000274181366,-1.5850000381469727,1776885935.952
0.0,0.24400000274181366,-1.4630000591278076,1776885935.978
0.061000000685453415,0.24400000274181366,-1.5240000486373901,1776885935.992
-0.7929999828338623,0.6710000038146973,-6.645999908447266,1776885936.412
-1.4019999504089355,0.18299999833106995,-8.170999526977539,1776885936.44
0.8539999723434448,1.5850000381469727,-7.560999870300293,1776885936.452
-0.7929999828338623,0.4269999861717224,-9.451000213623047,1776885936.479
2.98799991607666,-0.12200000137090683,-6.158999919891357,1776885936.495
-7.377999782562256,0.9150000214576721,-65.6709976196289,1776885937.412
8.414999961853027,0.9760000109672546,-22.865999221801758,1776885937.438
6.951000213623047,-0.4880000054836273,-31.280000686645508,1776885937.456
3.7200000286102295,1.159000039100647,-20.792999267578125,1776885937.472
0.4880000054836273,3.6589999198913574,-14.878000259399414,1776885937.499
-0.5490000247955322,-7.01200008392334,-51.340999603271484,1776885937.912
-1.7680000066757202,5.793000221252441,-50.426998138427734,1776885937.938
5.854000091552734,-2.621999979019165,-20.97599983215332,1776885937.952
-4.451000213623047,-0.3659999966621399,-47.56100082397461,1776885937.979
11.220000267028809,2.316999912261963,-30.792999267578125,1776885937.992
-0.24400000274181366,2.561000108718872,1.0980000495910645,1776885938.418
0.4269999861717224,-0.7319999933242798,-2.072999954223633,1776885938.432
-0.18299999833106995,-1.2799999713897705,-1.7070000171661377,1776885938.458
-0.4269999861717224,1.0980000495910645,-0.7319999933242798,1776885938.472
0.061000000685453415,0.18299999833106995,-1.7680000066757202,1776885938.501
0.061000000685453415,0.24400000274181366,-1.4630000591278076,1776885938.912
0.0,0.3050000071525574,-1.4630000591278076,1776885938.934
-0.061000000685453415,0.24400000274181366,-1.5240000486373901,1776885938.959
0.0,0.24400000274181366,-1.5850000381469727,1776885938.972
0.12200000137090683,0.24400000274181366,14.085000038146973,1776885938.998
0.0,0.3050000071525574,-1.5850000381469727,1776885939.418
0.061000000685453415,0.3050000071525574,-1.5850000381469727,1776885939.432
0.0,0.3050000071525574,-1.5240000486373901,1776885939.458
0.12200000137090683,0.18299999833106995,-1.4630000591278076,1776885939.472
0.12200000137090683,0.24400000274181366,-1.5240000486373901,1776885939.499
0.0,0.3050000071525574,-1.5240000486373901,1776885939.92
-0.061000000685453415,0.24400000274181366,-1.2200000286102295,1776885939.932
0.061000000685453415,0.24400000274181366,-1.5240000486373901,1776885939.96
0.061000000685453415,0.24400000274181366,-1.159000039100647,1776885939.973
-0.061000000685453415,0.18299999833106995,-0.7319999933242798,1776885939.999
-2.74399995803833,3.2320001125335693,6.158999919891357,1776885940.418
1.4019999504089355,-2.25600004196167,4.572999954223633,1776885940.432
-1.4630000591278076,-10.854000091552734,9.633999824523926,1776885940.458
0.4880000054836273,0.3659999966621399,12.072999954223633,1776885940.473
1.8899999856948853,2.072999954223633,8.659000396728516,1776885940.499
-15.060999870300293,-15.854000091552734,28.659000396728516,1776885940.918
15.914999961853027,6.76800012588501,2.621999979019165,1776885940.932
9.51200008392334,3.4760000705718994,10.793000221252441,1776885940.964
-11.036999702453613,-3.4760000705718994,-27.316999435424805,1776885940.975
0.5490000247955322,1.0369999408721924,-0.7319999933242798,1776885941.001
0.24400000274181366,0.3050000071525574,-1.4630000591278076,1776885941.422
0.12200000137090683,0.4880000054836273,-1.7680000066757202,1776885941.432
-0.12200000137090683,0.18299999833106995,-1.2799999713897705,1776885941.459
0.0,0.24400000274181366,-1.5850000381469727,1776885941.472
0.12200000137090683,0.24400000274181366,-1.4630000591278076,1776885941.496
0.0,0.3050000071525574,-1.4630000591278076,1776885941.912
0.061000000685453415,0.24400000274181366,-1.4630000591278076,1776885941.94
0.0,0.24400000274181366,-1.5240000486373901,1776885941.952
0.061000000685453415,0.24400000274181366,-1.5240000486373901,1776885941.981
0.0,0.3050000071525574,-1.5240000486373901,1776885941.995
0.0,0.24400000274181366,-1.5240000486373901,1776885942.425
0.0,0.3050000071525574,-1.5850000381469727,1776885942.436
0.061000000685453415,0.18299999833106995,-1.5850000381469727,1776885942.452
-0.061000000685453415,0.18299999833106995,-1.5240000486373901,1776885942.478
0.0,0.3050000071525574,-1.5240000486373901,1776885942.492
0.0,0.3050000071525574,-1.5240000486373901,1776885942.932
0.0,0.24400000274181366,-1.5850000381469727,1776885942.959
0.061000000685453415,0.3050000071525574,-1.4630000591278076,1776885942.972
0.0,0.3659999966621399,-1.4019999504089355,1776885942.999
0.0,0.3050000071525574,-1.5850000381469727,1776885943.012
1.5850000381469727,10.060999870300293,6.4629998207092285,1776885943.439
-5.366000175476074,-2.438999891281128,3.7799999713897705,1776885943.452
-0.7929999828338623,1.340999960899353,-2.01200008392334,1776885943.479
-2.621999979019165,-0.12200000137090683,-0.18299999833106995,1776885943.493
2.194999933242798,3.5980000495910645,-0.7929999828338623,1776885943.52
-4.085000038146973,3.2929999828338623,0.8539999723434448,1776885943.938
1.0980000495910645,-1.340999960899353,-4.085000038146973,1776885943.952
-5.24399995803833,-0.6710000038146973,-4.389999866485596,1776885943.984
-1.7070000171661377,-6.0980000495910645,0.7319999933242798,1776885944.003
6.28000020980835,13.232000350952148,0.8539999723434448,1776885944.014
-0.061000000685453415,3.2320001125335693,-2.01200008392334,1776885944.434
0.24400000274181366,0.5490000247955322,-1.8289999961853027,1776885944.452
0.7929999828338623,4.816999912261963,-1.0980000495910645,1776885944.478
-2.621999979019165,-3.5980000495910645,-4.816999912261963,1776885944.494
2.25600004196167,-3.2929999828338623,-1.8289999961853027,1776885944.52
-0.061000000685453415,0.18299999833106995,-1.5850000381469727,1776885944.952
-0.061000000685453415,0.18299999833106995,-1.5850000381469727,1776885944.98
-0.061000000685453415,0.18299999833106995,-1.5850000381469727,1776885944.993
-0.061000000685453415,0.18299999833106995,-1.6460000276565552,1776885945.013
-0.061000000685453415,0.3050000071525574,-1.5240000486373901,1776885945.038
0.061000000685453415,0.3050000071525574,-1.5240000486373901,1776885945.439
0.061000000685453415,0.24400000274181366,-1.5850000381469727,1776885945.457
0.0,0.24400000274181366,-1.5850000381469727,1776885945.473
0.12200000137090683,0.3050000071525574,-1.6460000276565552,1776885945.499
0.6710000038146973,0.7929999828338623,-2.621999979019165,1776885945.512
0.12200000137090683,0.3050000071525574,-1.5240000486373901,1776885945.952
0.12200000137090683,0.3050000071525574,-1.5240000486373901,1776885945.979
0.12200000137090683,0.3050000071525574,-1.5240000486373901,1776885945.993
-0.061000000685453415,0.24400000274181366,-1.5240000486373901,1776885946.019
0.12200000137090683,0.3659999966621399,-1.4630000591278076,1776885946.032
-2.683000087738037,-0.6710000038146973,-0.3659999966621399,1776885946.458
3.7799999713897705,2.134000062942505,0.0,1776885946.472
0.3659999966621399,0.18299999833106995,-3.4760000705718994,1776885946.498
1.9509999752044678,1.7680000066757202,-1.7680000066757202,1776885946.512
1.9509999752044678,1.7680000066757202,-1.7680000066757202,1776885946.538
0.6100000143051147,-6.585000038146973,-0.4880000054836273,1776885947.453
6.828999996185303,5.97599983215332,-2.378000020980835,1776885947.478
1.159000039100647,-8.109999656677246,3.5369999408721924,1776885947.492
4.085000038146973,-9.572999954223633,0.5490000247955322,1776885947.52
4.085000038146973,-9.572999954223633,0.5490000247955322,1776885947.536
-0.6710000038146973,-3.7799999713897705,1.5240000486373901,1776885947.953
-3.4760000705718994,6.889999866485596,3.3540000915527344,1776885947.978
4.695000171661377,0.3659999966621399,-4.206999778747559,1776885947.993
1.8289999961853027,5.97599983215332,-2.805000066757202,1776885948.019
-6.4019999504089355,-5.793000221252441,-1.5240000486373901,1776885948.033
-0.6100000143051147,0.5490000247955322,-2.194999933242798,1776885948.453
-0.3050000071525574,0.18299999833106995,-1.5850000381469727,1776885948.478
-0.3659999966621399,0.18299999833106995,-0.5490000247955322,1776885948.495
-0.061000000685453415,0.4880000054836273,-2.134000062942505,1776885948.521
0.3050000071525574,0.3659999966621399,-1.159000039100647,1776885948.533
0.0,0.24400000274181366,-1.4630000591278076,1776885948.953
0.061000000685453415,0.3659999966621399,-1.5240000486373901,1776885948.979
0.0,0.3050000071525574,-1.5240000486373901,1776885948.993
0.0,0.3050000071525574,-1.6460000276565552,1776885949.018
0.061000000685453415,0.3659999966621399,-1.5240000486373901,1776885949.033
0.061000000685453415,0.24400000274181366,-1.5850000381469727,1776885949.453
0.0,0.3050000071525574,-1.5850000381469727,1776885949.473
0.061000000685453415,0.3050000071525574,-1.4630000591278076,1776885949.494
-0.061000000685453415,0.18299999833106995,-1.5850000381469727,1776885949.52
0.12200000137090683,0.3659999966621399,-1.5240000486373901,1776885949.534
-5.548999786376953,-5.122000217437744,21.340999603271484,1776885950.453
2.561000108718872,0.061000000685453415,5.854000091552734,1776885950.479
-2.438999891281128,3.7200000286102295,30.73200035095215,1776885950.493
-6.585000038146973,-8.232000350952148,15.121999740600586,1776885950.521
5.24399995803833,3.9630000591278076,10.182999610900879,1776885950.533
-16.097999572753906,-7.927000045776367,31.159000396728516,1776885950.953
0.18299999833106995,-11.52400016784668,18.048999786376953,1776885950.978
17.988000869750977,18.53700065612793,21.707000732421875,1776885950.993
-19.32900047302246,-4.633999824523926,28.048999786376953,1776885951.018
-12.744000434875488,-9.817000389099121,24.69499969482422,1776885951.033
-0.6100000143051147,0.3659999966621399,-2.561000108718872,1776885951.454
0.12200000137090683,-0.9760000109672546,-0.9760000109672546,1776885951.48
0.18299999833106995,0.7929999828338623,-1.8289999961853027,1776885951.493
0.0,0.6710000038146973,-1.0369999408721924,1776885951.523
0.0,-0.12200000137090683,-1.5850000381469727,1776885951.536
0.0,0.3050000071525574,-1.5240000486373901,1776885951.953
-0.061000000685453415,0.24400000274181366,-1.4630000591278076,1776885951.984
0.0,0.3050000071525574,-1.5240000486373901,1776885951.995
-0.061000000685453415,0.3050000071525574,-1.5240000486373901,1776885952.021
0.0,0.24400000274181366,-1.5240000486373901,1776885952.033
-0.061000000685453415,0.3050000071525574,-1.5240000486373901,1776885952.473
0.061000000685453415,0.24400000274181366,-1.5240000486373901,1776885952.5
0.061000000685453415,0.18299999833106995,-1.6460000276565552,1776885952.513
0.0,0.24400000274181366,-1.4630000591278076,1776885952.538
-0.061000000685453415,0.3050000071525574,-1.5240000486373901,1776885952.553
-0.3050000071525574,-0.4269999861717224,-0.8539999723434448,1776885952.98
0.7319999933242798,0.12200000137090683,-2.683000087738037,1776885952.993
0.0,0.061000000685453415,-1.8899999856948853,1776885953.021
1.8289999961853027,0.5490000247955322,-2.683000087738037,1776885953.033
2.01200008392334,1.0980000495910645,-1.340999960899353,1776885953.059
1.8289999961853027,5.610000133514404,-0.4269999861717224,1776885953.973
-2.01200008392334,-1.8899999856948853,-15.793000221252441,1776885954.003
4.26800012588501,-2.01200008392334,-1.159000039100647,1776885954.015
-5.610000133514404,-11.951000213623047,-1.5850000381469727,1776885954.041
3.4760000705718994,3.109999895095825,1.0980000495910645,1776885954.053
-0.6100000143051147,0.3050000071525574,1.4019999504089355,1776885954.473
-0.24400000274181366,0.0,-3.3540000915527344,1776885954.499
-0.24400000274181366,0.7929999828338623,-1.159000039100647,1776885954.513
0.061000000685453415,0.3659999966621399,-0.5490000247955322,1776885954.539
0.24400000274181366,0.061000000685453415,-2.194999933242798,1776885954.553
0.0,0.3050000071525574,-1.5240000486373901,1776885954.973
0.0,0.3050000071525574,-1.5850000381469727,1776885954.999
0.0,0.24400000274181366,-1.4630000591278076,1776885955.013
0.061000000685453415,0.24400000274181366,-1.4630000591278076,1776885955.038
0.0,0.24400000274181366,-1.5240000486373901,1776885955.055
0.061000000685453415,0.3050000071525574,-1.4630000591278076,1776885955.473
0.0,0.3050000071525574,-1.5240000486373901,1776885955.499
0.0,0.3659999966621399,-1.5240000486373901,1776885955.513
0.0,0.3050000071525574,-1.5850000381469727,1776885955.541
0.0,0.3050000071525574,-1.4630000591278076,1776885955.555
1.0369999408721924,-0.7929999828338623,0.12200000137090683,1776885955.973
5.122000217437744,2.316999912261963,-0.12200000137090683,1776885956.003
3.109999895095825,1.5850000381469727,-3.6589999198913574,1776885956.018
1.2799999713897705,2.805000066757202,-1.8289999961853027,1776885956.034
0.3050000071525574,-0.12200000137090683,-2.316999912261963,1776885956.061
-1.7680000066757202,11.52400016784668,-4.02400016784668,1776885956.993
2.865999937057495,-2.378000020980835,-4.451000213623047,1776885957.018
-2.561000108718872,-8.720000267028809,-0.4880000054836273,1776885957.033
-8.902000427246094,8.109999656677246,0.9150000214576721,1776885957.058
-2.683000087738037,6.645999908447266,-5.548999786376953,1776885957.073
7.560999870300293,-0.061000000685453415,0.3659999966621399,1776885957.481
2.134000062942505,-1.8289999961853027,-3.5980000495910645,1776885957.493
-2.072999954223633,1.4019999504089355,2.438999891281128,1776885957.519
-3.5369999408721924,1.4630000591278076,-3.6589999198913574,1776885957.538
-0.6710000038146973,-0.7319999933242798,-5.854000091552734,1776885957.553
0.061000000685453415,0.24400000274181366,-1.4630000591278076,1776885957.993
0.0,0.3050000071525574,-1.4630000591278076,1776885958.02
0.0,0.3050000071525574,-1.4630000591278076,1776885958.033
0.061000000685453415,0.4269999861717224,-1.340999960899353,1776885958.058
0.061000000685453415,0.24400000274181366,-1.5240000486373901,1776885958.074
0.12200000137090683,0.18299999833106995,-1.5240000486373901,1776885958.481
0.0,0.3050000071525574,-1.5850000381469727,1776885958.494
0.0,0.3050000071525574,-1.5850000381469727,1776885958.52
0.0,0.3050000071525574,-1.5850000381469727,1776885958.533
0.12200000137090683,0.24400000274181366,-1.5240000486373901,1776885958.559
0.0,0.4269999861717224,-1.5240000486373901,1776885958.993
0.0,0.3050000071525574,-1.5240000486373901,1776885959.022
0.0,0.3050000071525574,-1.4019999504089355,1776885959.033
0.0,0.24400000274181366,-1.5850000381469727,1776885959.059
0.061000000685453415,0.3659999966621399,-1.5240000486373901,1776885959.073
0.0,0.24400000274181366,-1.5240000486373901,1776885959.493
0.0,0.24400000274181366,-1.5850000381469727,1776885959.519
0.061000000685453415,0.18299999833106995,14.085000038146973,1776885959.535
0.061000000685453415,0.18299999833106995,14.085000038146973,1776885959.561
0.061000000685453415,0.18299999833106995,14.085000038146973,1776885959.573
-0.061000000685453415,0.3050000071525574,-1.4630000591278076,1776885959.993
0.0,0.24400000274181366,-1.5240000486373901,1776885960.019
0.0,0.3050000071525574,-1.5850000381469727,1776885960.033
0.061000000685453415,0.24400000274181366,-1.5240000486373901,1776885960.061
0.061000000685453415,0.3050000071525574,-1.5240000486373901,1776885960.073
0.061000000685453415,0.24400000274181366,-1.5850000381469727,1776885960.499
0.0,0.24400000274181366,-1.5850000381469727,1776885960.513
0.0,0.3050000071525574,-1.5240000486373901,1776885960.538
0.061000000685453415,0.3050000071525574,-1.6460000276565552,1776885960.553
0.061000000685453415,0.3050000071525574,-1.6460000276565552,1776885960.573
0.061000000685453415,0.24400000274181366,-1.5850000381469727,1776885960.993
0.061000000685453415,0.24400000274181366,-1.5240000486373901,1776885961.013
0.12200000137090683,0.24400000274181366,-1.5240000486373901,1776885961.039
0.0,0.24400000274181366,-1.5850000381469727,1776885961.054
0.061000000685453415,0.18299999833106995,-1.5240000486373901,1776885961.08
-0.061000000685453415,0.3659999966621399,-1.5240000486373901,1776885961.499
0.0,0.12200000137090683,-1.4630000591278076,1776885961.513
0.0,0.12200000137090683,-1.5850000381469727,1776885961.539
0.0,0.24400000274181366,-1.5850000381469727,1776885961.553
0.061000000685453415,0.24400000274181366,-1.4630000591278076,1776885961.586
0.0,0.3050000071525574,-1.5850000381469727,1776885963.014
0.12200000137090683,0.18299999833106995,-1.5240000486373901,1776885963.04
0.0,0.24400000274181366,-1.4630000591278076,1776885963.053
0.0,0.3050000071525574,-1.5240000486373901,1776885963.073
0.061000000685453415,0.24400000274181366,-1.5240000486373901,1776885963.099
0.061000000685453415,0.3050000071525574,-1.5850000381469727,1776885963.513
0.061000000685453415,0.24400000274181366,-1.6460000276565552,1776885963.539
0.061000000685453415,0.3050000071525574,-1.5240000486373901,1776885963.553
0.061000000685453415,0.24400000274181366,-1.5240000486373901,1776885963.58
0.061000000685453415,0.3050000071525574,-1.5240000486373901,1776885963.593
0.12200000137090683,0.24400000274181366,-1.5850000381469727,1776885964.019
0.061000000685453415,0.3050000071525574,-1.5850000381469727,1776885964.033
0.061000000685453415,0.3050000071525574,-1.5850000381469727,1776885964.06
0.0,0.24400000274181366,-1.5850000381469727,1776885964.073
0.061000000685453415,0.3050000071525574,-1.5240000486373901,1776885964.099
0.061000000685453415,0.24400000274181366,-1.5240000486373901,1776885965.013
0.061000000685453415,0.24400000274181366,-1.5240000486373901,1776885965.043
0.0,0.3659999966621399,-1.5240000486373901,1776885965.053
-0.061000000685453415,0.3050000071525574,-1.5850000381469727,1776885965.08
0.061000000685453415,0.24400000274181366,-17.072999954223633,1776885965.093
0.061000000685453415,0.24400000274181366,-1.5850000381469727,1776885965.519
0.0,0.3050000071525574,-1.5240000486373901,1776885965.537
0.061000000685453415,0.18299999833106995,-1.5850000381469727,1776885965.553
0.061000000685453415,0.3050000071525574,-1.5240000486373901,1776885965.579
0.061000000685453415,0.3659999966621399,-1.4630000591278076,1776885965.593
0.061000000685453415,0.3050000071525574,-1.5240000486373901,1776885966.513
-0.061000000685453415,0.24400000274181366,-1.5850000381469727,1776885966.539
-0.061000000685453415,0.3050000071525574,-1.5850000381469727,1776885966.553
0.0,0.24400000274181366,-1.4630000591278076,1776885966.579
0.061000000685453415,0.3050000071525574,-1.5850000381469727,1776885966.593
0.061000000685453415,0.24400000274181366,-1.4630000591278076,1776885967.021
0.0,0.3050000071525574,-1.5240000486373901,1776885967.033
0.0,0.3659999966621399,-1.4630000591278076,1776885967.059
0.061000000685453415,0.24400000274181366,-1.5240000486373901,1776885967.073
0.061000000685453415,0.3050000071525574,-1.5240000486373901,1776885967.094
0.0,0.3050000071525574,-1.4630000591278076,1776885967.513
0.061000000685453415,0.24400000274181366,-1.5240000486373901,1776885967.539
0.0,0.3659999966621399,-1.5850000381469727,1776885967.553
0.0,0.3659999966621399,-1.6460000276565552,1776885967.581
0.061000000685453415,0.3659999966621399,-1.5850000381469727,1776885967.593
0.061000000685453415,0.3050000071525574,-1.5850000381469727,1776885968.033
0.0,0.24400000274181366,-1.5850000381469727,1776885968.062
0.061000000685453415,0.3659999966621399,-1.4630000591278076,1776885968.073
0.0,0.24400000274181366,-1.5850000381469727,1776885968.099
0.061000000685453415,0.24400000274181366,-1.5850000381469727,1776885968.113
0.0,0.24400000274181366,-1.5240000486373901,1776885968.539
0.061000000685453415,0.24400000274181366,-1.4630000591278076,1776885968.553
0.061000000685453415,0.18299999833106995,14.085000038146973,1776885968.579
0.0,0.24400000274181366,-1.5850000381469727,1776885968.593
0.061000000685453415,0.24400000274181366,-1.5240000486373901,1776885968.622
0.0,0.3659999966621399,-3.109999895095825,1776885969.033
1.0369999408721924,0.4880000054836273,-2.865999937057495,1776885969.062
0.5490000247955322,0.7319999933242798,-3.109999895095825,1776885969.073
0.4880000054836273,-0.4880000054836273,-8.414999961853027,1776885969.099
0.4269999861717224,0.24400000274181366,-3.0490000247955322,1776885969.113
-0.9150000214576721,0.3050000071525574,-16.280000686645508,1776885969.533
-0.7319999933242798,-1.6460000276565552,-18.354000091552734,1776885969.559
-4.206999778747559,-1.7680000066757202,-40.854000091552734,1776885969.573
0.24400000274181366,2.561000108718872,-44.63399887084961,1776885969.601
2.621999979019165,-4.145999908447266,-47.073001861572266,1776885969.615
-20.792999267578125,3.9630000591278076,-53.720001220703125,1776885970.033
5.0,5.122000217437744,-36.279998779296875,1776885970.059
11.159000396728516,-7.133999824523926,-51.768001556396484,1776885970.073
-10.0,6.0370001792907715,-32.5,1776885970.099
5.548999786376953,-2.072999954223633,-38.292999267578125,1776885970.113
-0.4269999861717224,-0.4880000054836273,1.2200000286102295,1776885971.034
0.12200000137090683,0.3050000071525574,-1.0369999408721924,1776885971.06
-0.3659999966621399,0.3659999966621399,-1.0980000495910645,1776885971.073
0.061000000685453415,-0.24400000274181366,-0.9150000214576721,1776885971.099
-0.18299999833106995,0.0,-2.438999891281128,1776885971.113
0.0,0.3050000071525574,-1.4630000591278076,1776885971.539
0.0,0.3050000071525574,-1.4630000591278076,1776885971.553
0.0,0.3050000071525574,-1.4630000591278076,1776885971.581
0.061000000685453415,0.4269999861717224,-1.4630000591278076,1776885971.593
0.0,0.3659999966621399,-1.5850000381469727,1776885971.62
0.061000000685453415,0.12200000137090683,-1.4630000591278076,1776885972.035
0.0,0.24400000274181366,-1.4630000591278076,1776885972.062
-0.061000000685453415,0.24400000274181366,-1.5240000486373901,1776885972.073
0.12200000137090683,0.24400000274181366,-1.5850000381469727,1776885972.099
0.061000000685453415,0.24400000274181366,-1.6460000276565552,1776885972.113
1.9509999752044678,0.3050000071525574,-4.26800012588501,1776885972.533
0.7319999933242798,0.7929999828338623,-3.2320001125335693,1776885972.56
3.4760000705718994,0.6710000038146973,-0.8539999723434448,1776885972.574
3.4760000705718994,0.6710000038146973,-0.8539999723434448,1776885972.6
3.4760000705718994,0.6710000038146973,-0.8539999723434448,1776885972.613
-2.74399995803833,-3.7799999713897705,-0.6710000038146973,1776885973.059
0.9150000214576721,-2.316999912261963,-1.5240000486373901,1776885973.073
8.170999526977539,9.633999824523926,1.159000039100647,1776885973.101
1.159000039100647,8.109999656677246,-1.159000039100647,1776885973.113
2.25600004196167,2.74399995803833,0.3659999966621399,1776885973.139
-2.072999954223633,-3.8410000801086426,0.7929999828338623,1776885973.554
1.340999960899353,6.0370001792907715,-1.6460000276565552,1776885973.581
0.061000000685453415,5.24399995803833,-1.2200000286102295,1776885973.593
0.061000000685453415,5.24399995803833,-1.2200000286102295,1776885973.619
0.061000000685453415,5.24399995803833,-1.2200000286102295,1776885973.633
-4.451000213623047,-10.366000175476074,-3.3540000915527344,1776885974.053
4.572999954223633,-3.5980000495910645,-2.194999933242798,1776885974.079
-0.4880000054836273,-5.73199987411499,-2.927000045776367,1776885974.095
-0.4880000054836273,1.7680000066757202,-1.340999960899353,1776885974.121
2.865999937057495,-4.206999778747559,-4.939000129699707,1776885974.134
0.12200000137090683,0.12200000137090683,-1.4630000591278076,1776885974.56
-0.061000000685453415,0.24400000274181366,-1.8289999961853027,1776885974.577
-0.12200000137090683,0.3659999966621399,-1.5240000486373901,1776885974.593
0.12200000137090683,0.12200000137090683,-1.7070000171661377,1776885974.62
0.12200000137090683,0.12200000137090683,-1.7070000171661377,1776885974.633
-5.73199987411499,-10.854000091552734,24.878000259399414,1776885975.553
14.694999694824219,13.293000221252441,27.072999954223633,1776885975.583
-22.743999481201172,-16.52400016784668,41.768001556396484,1776885975.6
-0.24400000274181366,-2.865999937057495,34.69499969482422,1776885975.616
24.207000732421875,15.121999740600586,36.645999908447266,1776885975.642
0.4269999861717224,-11.52400016784668,42.37799835205078,1776885976.059
11.097999572753906,-2.438999891281128,19.084999084472656,1776885976.073
13.902000427246094,15.48799991607666,42.74399948120117,1776885976.1
-14.329000473022461,-9.390000343322754,21.889999389648438,1776885976.113
14.390000343322754,2.865999937057495,33.840999603271484,1776885976.141
0.0,0.4880000054836273,-1.2799999713897705,1776885977.064
0.061000000685453415,0.061000000685453415,-1.5850000381469727,1776885977.075
0.0,0.061000000685453415,-1.4019999504089355,1776885977.101
0.0,0.5490000247955322,-1.5240000486373901,1776885977.113
0.061000000685453415,0.3659999966621399,-1.2799999713897705,1776885977.145
3.0490000247955322,0.12200000137090683,-0.9150000214576721,1776885978.054
0.8539999723434448,0.3659999966621399,0.9760000109672546,1776885978.08
-1.0980000495910645,3.2929999828338623,-2.134000062942505,1776885978.095
14.939000129699707,-2.683000087738037,-6.76800012588501,1776885978.121
-0.4269999861717224,4.939000129699707,-1.6460000276565552,1776885978.134
1.340999960899353,3.5980000495910645,-1.340999960899353,1776885978.559
2.072999954223633,5.97599983215332,-4.75600004196167,1776885978.576
5.366000175476074,-4.75600004196167,-5.548999786376953,1776885978.601
1.0980000495910645,-5.854000091552734,0.24400000274181366,1776885978.614
0.4880000054836273,1.5850000381469727,-1.159000039100647,1776885978.639
2.683000087738037,0.5490000247955322,-4.145999908447266,1776885979.074
5.0,3.2929999828338623,-4.695000171661377,1776885979.101
-2.194999933242798,3.6589999198913574,-2.378000020980835,1776885979.113
0.9150000214576721,-4.451000213623047,-1.7680000066757202,1776885979.139
6.4629998207092285,-2.865999937057495,-0.061000000685453415,1776885979.154
-6.4019999504089355,0.6100000143051147,0.24400000274181366,1776885979.56
-14.878000259399414,-2.98799991607666,-1.4019999504089355,1776885979.573
2.865999937057495,4.389999866485596,-2.805000066757202,1776885979.601
-6.76800012588501,-1.0369999408721924,-4.145999908447266,1776885979.613
2.01200008392334,-0.061000000685453415,13.354000091552734,1776885979.635
0.18299999833106995,0.3659999966621399,-1.8289999961853027,1776885980.053
0.18299999833106995,0.18299999833106995,-1.2799999713897705,1776885980.08
0.061000000685453415,0.3050000071525574,-1.4019999504089355,1776885980.095
0.0,0.24400000274181366,-1.4019999504089355,1776885980.121
0.12200000137090683,0.24400000274181366,-1.340999960899353,1776885980.133
0.0,0.3050000071525574,-1.5240000486373901,1776885980.575
0.0,0.24400000274181366,-1.5850000381469727,1776885980.601
-0.061000000685453415,0.24400000274181366,-1.5240000486373901,1776885980.613
0.0,0.3050000071525574,-1.5850000381469727,1776885980.639
0.061000000685453415,0.3659999966621399,-1.5240000486373901,1776885980.656
3.1710000038146973,9.939000129699707,-4.695000171661377,1776885981.581
-2.194999933242798,6.341000080108643,-4.695000171661377,1776885981.593
2.74399995803833,-7.072999954223633,-3.1710000038146973,1776885981.619
3.4149999618530273,-3.9019999504089355,-4.328999996185303,1776885981.633
3.4149999618530273,8.232000350952148,1.9509999752044678,1776885981.662
-2.316999912261963,4.328999996185303,-3.5369999408721924,1776885982.08
2.378000020980835,-0.3050000071525574,-6.4019999504089355,1776885982.096
0.12200000137090683,-4.695000171661377,-4.145999908447266,1776885982.123
1.7680000066757202,4.877999782562256,-1.2200000286102295,1776885982.133
0.9760000109672546,5.548999786376953,-0.5490000247955322,1776885982.159
0.18299999833106995,0.3050000071525574,-1.5240000486373901,1776885983.073
0.061000000685453415,0.3659999966621399,-1.4630000591278076,1776885983.093
0.061000000685453415,0.24400000274181366,-1.5850000381469727,1776885983.12
-0.061000000685453415,0.3050000071525574,-1.5850000381469727,1776885983.135
0.12200000137090683,0.18299999833106995,-1.4630000591278076,1776885983.16
-0.061000000685453415,0.3050000071525574,-1.5850000381469727,1776885983.573
0.061000000685453415,0.3050000071525574,-1.4630000591278076,1776885983.601
0.0,0.24400000274181366,-1.4630000591278076,1776885983.613
0.061000000685453415,0.4269999861717224,-1.5240000486373901,1776885983.639
0.0,0.3050000071525574,-1.5850000381469727,1776885983.653
0.0,0.3050000071525574,-1.5240000486373901,1776885984.079
0.061000000685453415,0.3659999966621399,-1.4630000591278076,1776885984.097
-0.8539999723434448,0.12200000137090683,-3.0490000247955322,1776885984.113
0.9760000109672546,0.0,-2.378000020980835,1776885984.139
0.0,0.9760000109672546,-0.4880000054836273,1776885984.153
1.5240000486373901,-1.6460000276565552,-12.866000175476074,1776885984.58
4.328999996185303,-1.2200000286102295,-12.866000175476074,1776885984.593
-6.0980000495910645,-3.0490000247955322,-19.511999130249023,1776885984.62
6.0370001792907715,2.683000087738037,-18.53700065612793,1776885984.633
-3.4149999618530273,-6.21999979019165,-30.427000045776367,1776885984.661
-0.061000000685453415,0.3659999966621399,-1.4019999504089355,1776885985.584
0.0,0.3659999966621399,-1.5240000486373901,1776885985.595
0.12200000137090683,0.3050000071525574,-1.5240000486373901,1776885985.62
0.061000000685453415,0.3050000071525574,-1.5850000381469727,1776885985.633
-0.061000000685453415,0.3050000071525574,-1.340999960899353,1776885985.659
0.061000000685453415,0.24400000274181366,-1.5240000486373901,1776885986.594
0.061000000685453415,0.18299999833106995,-1.5850000381469727,1776885986.621
0.061000000685453415,0.3050000071525574,-1.5240000486373901,1776885986.633
0.0,0.24400000274181366,-1.5850000381469727,1776885986.659
0.0,0.18299999833106995,-1.5240000486373901,1776885986.674
1.5240000486373901,0.4269999861717224,-1.8289999961853027,1776885987.101
-0.4269999861717224,-0.24400000274181366,-1.4630000591278076,1776885987.114
-0.7319999933242798,0.24400000274181366,-0.18299999833106995,1776885987.136
0.4269999861717224,0.24400000274181366,3.4149999618530273,1776885987.162
-0.24400000274181366,2.805000066757202,9.878000259399414,1776885987.173
-15.366000175476074,-2.98799991607666,44.45100021362305,1776885987.6
-20.06100082397461,-14.390000343322754,26.889999389648438,1776885987.615
3.0490000247955322,-2.561000108718872,18.597999572753906,1776885987.641
7.01200008392334,12.805000305175781,32.74399948120117,1776885987.654
-24.572999954223633,-11.706999778747559,24.69499969482422,1776885987.69
4.51200008392334,4.939000129699707,-31.82900047302246,1776885988.099
0.18299999833106995,-4.633999824523926,-3.9630000591278076,1776885988.113
-1.8289999961853027,3.2320001125335693,13.779999732971191,1776885988.142
0.061000000685453415,1.340999960899353,-8.902000427246094,1776885988.153
0.3050000071525574,-2.5,-10.609999656677246,1776885988.179
0.061000000685453415,0.18299999833106995,-1.7070000171661377,1776885988.596
0.061000000685453415,0.18299999833106995,-1.7070000171661377,1776885988.622
0.061000000685453415,0.18299999833106995,-1.7070000171661377,1776885988.633
0.12200000137090683,0.3050000071525574,-1.5240000486373901,1776885988.659
-0.061000000685453415,0.3050000071525574,-1.4630000591278076,1776885988.673
0.061000000685453415,0.3050000071525574,-1.4630000591278076,1776885989.101
0.061000000685453415,0.3050000071525574,-1.5240000486373901,1776885989.114
0.0,0.3050000071525574,-17.072999954223633,1776885989.14
0.0,0.3659999966621399,-1.4630000591278076,1776885989.154
0.0,0.3659999966621399,-1.4630000591278076,1776885989.181
0.0,0.3050000071525574,-1.5240000486373901,1776885989.6
0.0,0.3050000071525574,-1.5240000486373901,1776885989.622
0.061000000685453415,0.24400000274181366,-1.5240000486373901,1776885989.634
0.0,0.3659999966621399,-1.4630000591278076,1776885989.661
0.0,0.24400000274181366,-1.4630000591278076,1776885989.674
0.061000000685453415,0.24400000274181366,-17.072999954223633,1776885990.113
0.0,0.24400000274181366,-1.5240000486373901,1776885990.139
0.061000000685453415,0.3050000071525574,-1.5240000486373901,1776885990.154
0.0,0.24400000274181366,-1.5240000486373901,1776885990.179
0.061000000685453415,0.3050000071525574,-1.5240000486373901,1776885990.194
0.061000000685453415,0.3659999966621399,-1.5240000486373901,1776885990.626
0.0,0.3050000071525574,-1.5850000381469727,1776885990.637
0.0,0.3050000071525574,-1.4630000591278076,1776885990.654
0.0,0.24400000274181366,-1.4630000591278076,1776885990.679
0.0,0.3050000071525574,-1.5240000486373901,1776885990.694
0.12200000137090683,0.3050000071525574,14.085000038146973,1776885991.113
0.0,0.18299999833106995,-1.5240000486373901,1776885991.139
0.0,0.18299999833106995,-1.5240000486373901,1776885991.154
0.061000000685453415,0.24400000274181366,-1.5240000486373901,1776885991.181
0.0,0.3050000071525574,-1.4630000591278076,1776885991.194
0.0,0.24400000274181366,-1.4630000591278076,1776885991.616
0.0,0.24400000274181366,-1.4630000591278076,1776885991.641
0.061000000685453415,0.24400000274181366,-1.5240000486373901,1776885991.654
0.061000000685453415,0.3050000071525574,-1.4019999504089355,1776885991.679
0.0,0.3050000071525574,-1.4630000591278076,1776885991.698
0.0,0.18299999833106995,-1.5240000486373901,1776885992.114
0.0,0.3050000071525574,-1.5240000486373901,1776885992.14
-0.061000000685453415,0.24400000274181366,-1.4630000591278076,1776885992.154
0.061000000685453415,0.24400000274181366,-1.4630000591278076,1776885992.18
0.0,0.3050000071525574,-1.5240000486373901,1776885992.194
0.12200000137090683,0.24400000274181366,-1.5240000486373901,1776885992.626
0.061000000685453415,0.24400000274181366,-1.5240000486373901,1776885992.636
0.0,0.3050000071525574,-1.5240000486373901,1776885992.662
0.061000000685453415,0.24400000274181366,-1.5240000486373901,1776885992.674
0.061000000685453415,0.18299999833106995,-1.4630000591278076,1776885992.699
0.0,0.24400000274181366,-1.5240000486373901,1776885993.114
0.061000000685453415,0.3050000071525574,-1.5240000486373901,1776885993.139
0.0,0.3050000071525574,-1.4630000591278076,1776885993.154
0.12200000137090683,0.18299999833106995,-1.5240000486373901,1776885993.182
0.0,0.24400000274181366,-1.6460000276565552,1776885993.194
0.061000000685453415,0.3659999966621399,-1.5850000381469727,1776885993.62
0.0,0.24400000274181366,-1.5850000381469727,1776885993.634
0.0,0.24400000274181366,-1.5240000486373901,1776885993.654
-0.061000000685453415,0.24400000274181366,-1.4019999504089355,1776885993.679
0.0,0.18299999833106995,-1.4630000591278076,1776885993.695
0.061000000685453415,0.24400000274181366,-1.5240000486373901,1776885994.121
-0.061000000685453415,0.24400000274181366,-1.5240000486373901,1776885994.134
0.0,0.3659999966621399,-1.4630000591278076,1776885994.16
0.0,0.3050000071525574,-1.4019999504089355,1776885994.175
0.0,0.3050000071525574,-1.4630000591278076,1776885994.194
0.12200000137090683,0.3050000071525574,-1.5240000486373901,1776885994.639
0.0,0.3659999966621399,-1.4630000591278076,1776885994.658
0.12200000137090683,0.3050000071525574,-1.5240000486373901,1776885994.674
0.061000000685453415,0.18299999833106995,-1.5240000486373901,1776885994.7
0.061000000685453415,0.3659999966621399,-1.4630000591278076,1776885994.714
0.061000000685453415,0.3050000071525574,-1.6460000276565552,1776885995.141
0.061000000685453415,0.3050000071525574,-1.5240000486373901,1776885995.154
0.12200000137090683,0.3050000071525574,-1.4019999504089355,1776885995.181
0.061000000685453415,0.24400000274181366,-1.5240000486373901,1776885995.194
0.061000000685453415,0.24400000274181366,-1.5240000486373901,1776885995.22
0.0,0.3050000071525574,-1.4019999504089355,1776885995.634
0.061000000685453415,0.24400000274181366,-1.5240000486373901,1776885995.661
0.0,0.24400000274181366,-1.5850000381469727,1776885995.674
0.061000000685453415,0.24400000274181366,-1.4630000591278076,1776885995.699
0.061000000685453415,0.3659999966621399,-1.5240000486373901,1776885995.714
0.061000000685453415,0.3050000071525574,-1.5240000486373901,1776885996.142
-0.061000000685453415,0.24400000274181366,-1.5850000381469727,1776885996.154
0.0,0.24400000274181366,14.085000038146973,1776885996.181
0.0,0.3659999966621399,-1.4630000591278076,1776885996.194
0.061000000685453415,0.18299999833106995,-1.4630000591278076,1776885996.221
0.061000000685453415,0.18299999833106995,-1.5240000486373901,1776885996.634
-0.061000000685453415,0.24400000274181366,-1.5240000486373901,1776885996.66
0.061000000685453415,0.3659999966621399,-1.5240000486373901,1776885996.674
0.061000000685453415,0.3050000071525574,-1.5240000486373901,1776885996.701
0.0,0.3050000071525574,-1.4630000591278076,1776885996.714
0.0,0.4269999861717224,-1.5240000486373901,1776885997.141
-0.061000000685453415,0.18299999833106995,-1.4630000591278076,1776885997.154
0.0,0.24400000274181366,-1.4019999504089355,1776885997.18
0.0,0.3050000071525574,-1.5240000486373901,1776885997.194
0.12200000137090683,0.3050000071525574,-1.5240000486373901,1776885997.227
0.0,0.24400000274181366,-1.5850000381469727,1776885997.634
0.061000000685453415,0.24400000274181366,-1.4630000591278076,1776885997.66
0.061000000685453415,0.3659999966621399,-1.5240000486373901,1776885997.674
0.061000000685453415,0.24400000274181366,-1.5240000486373901,1776885997.694
0.0,0.18299999833106995,-1.5240000486373901,1776885997.719
0.0,0.24400000274181366,-1.4630000591278076,1776885998.143
0.0,0.24400000274181366,-1.4630000591278076,1776885998.154
0.0,0.3050000071525574,-1.5240000486373901,1776885998.18
0.0,0.3659999966621399,-1.4630000591278076,1776885998.194
0.0,0.18299999833106995,-1.4630000591278076,1776885998.22
0.061000000685453415,0.24400000274181366,-1.5240000486373901,1776885998.634
0.061000000685453415,0.24400000274181366,-1.5240000486373901,1776885998.66
0.0,0.18299999833106995,-1.4630000591278076,1776885998.674
0.12200000137090683,0.24400000274181366,-1.4630000591278076,1776885998.701
0.12200000137090683,0.3050000071525574,-1.5240000486373901,1776885998.714
0.061000000685453415,0.24400000274181366,-1.4630000591278076,1776885999.135
0.061000000685453415,0.24400000274181366,-1.4630000591278076,1776885999.16
0.061000000685453415,0.24400000274181366,-1.4630000591278076,1776885999.174
0.061000000685453415,0.24400000274181366,-1.4630000591278076,1776885999.199
0.12200000137090683,0.3050000071525574,-1.5850000381469727,1776885999.215
0.0,0.3050000071525574,-1.5240000486373901,1776885999.634
0.0,0.3050000071525574,-1.4630000591278076,1776885999.662
0.061000000685453415,0.24400000274181366,-1.5240000486373901,1776885999.674
0.061000000685453415,0.24400000274181366,-17.072999954223633,1776885999.7
0.0,0.24400000274181366,-1.4630000591278076,1776885999.714
0.061000000685453415,0.18299999833106995,-1.4630000591278076,1776886000.134
0.0,0.18299999833106995,-1.5240000486373901,1776886000.161
0.0,0.3050000071525574,-1.5240000486373901,1776886000.175
0.0,0.24400000274181366,-17.072999954223633,1776886000.201
0.0,0.24400000274181366,-17.072999954223633,1776886000.214
0.061000000685453415,0.24400000274181366,-1.5240000486373901,1776886000.655
0.0,0.3050000071525574,-1.5240000486373901,1776886000.681
0.061000000685453415,0.3050000071525574,-1.340999960899353,1776886000.694
0.061000000685453415,0.3050000071525574,-1.5240000486373901,1776886000.72
-0.061000000685453415,0.3050000071525574,-1.5240000486373901,1776886000.735
0.0,0.3659999966621399,-1.5240000486373901,1776886001.154
0.0,0.24400000274181366,-1.5850000381469727,1776886001.182
-0.061000000685453415,0.18299999833106995,-1.5850000381469727,1776886001.194
0.061000000685453415,0.3050000071525574,-1.5240000486373901,1776886001.22
0.0,0.3050000071525574,-1.4630000591278076,1776886001.234
0.061000000685453415,0.3050000071525574,-17.072999954223633,1776886001.654
0.0,0.3659999966621399,-1.5850000381469727,1776886001.68
0.12200000137090683,0.24400000274181366,-1.5240000486373901,1776886001.695
0.061000000685453415,0.24400000274181366,-1.5240000486373901,1776886001.716
0.061000000685453415,0.3050000071525574,-1.4630000591278076,1776886001.741
0.0,0.3659999966621399,-1.5240000486373901,1776886002.166
0.0,0.3050000071525574,-1.5240000486373901,1776886002.177
0.0,0.3659999966621399,-1.5240000486373901,1776886002.202
0.061000000685453415,0.24400000274181366,-1.5850000381469727,1776886002.214
0.0,0.24400000274181366,-1.4630000591278076,1776886002.24
0.061000000685453415,0.24400000274181366,-1.5850000381469727,1776886002.655
0.0,0.24400000274181366,-1.4630000591278076,1776886002.68
0.061000000685453415,0.3659999966621399,-1.5240000486373901,1776886002.694
0.061000000685453415,0.24400000274181366,-1.5240000486373901,1776886002.72
0.061000000685453415,0.3659999966621399,-1.5850000381469727,1776886002.736
0.18299999833106995,0.24400000274181366,-2.683000087738037,1776886003.161
-0.4269999861717224,0.12200000137090683,-5.24399995803833,1776886003.174
0.7319999933242798,-0.3659999966621399,-3.4149999618530273,1776886003.2
1.6460000276565552,0.0,-10.609999656677246,1776886003.215
0.4880000054836273,-0.5490000247955322,-11.279999732971191,1776886003.241
-3.4149999618530273,3.8410000801086426,-17.683000564575195,1776886003.66
-9.329000473022461,-9.329000473022461,-61.645999908447266,1776886003.674
3.0490000247955322,0.9760000109672546,-25.183000564575195,1776886003.7
-4.389999866485596,7.072999954223633,-49.69499969482422,1776886003.714
1.159000039100647,-5.48799991607666,-61.4630012512207,1776886003.743
6.52400016784668,1.340999960899353,-20.0,1776886004.16
-7.560999870300293,0.24400000274181366,-65.24400329589844,1776886004.182
0.7319999933242798,2.01200008392334,-23.780000686645508,1776886004.194
8.232000350952148,2.927000045776367,-29.634000778198242,1776886004.22
-1.340999960899353,1.9509999752044678,-30.915000915527344,1776886004.234
3.7799999713897705,1.7680000066757202,-22.256000518798828,1776886004.656
-5.122000217437744,-1.4630000591278076,-64.69499969482422,1776886004.682
3.2320001125335693,1.7680000066757202,-28.292999267578125,1776886004.694
0.5490000247955322,-7.804999828338623,-60.854000091552734,1776886004.722
-2.927000045776367,1.8899999856948853,-54.81700134277344,1776886004.736
0.24400000274181366,0.3659999966621399,-0.18299999833106995,1776886005.154
0.12200000137090683,0.12200000137090683,-2.561000108718872,1776886005.175
-0.18299999833106995,0.061000000685453415,-0.8539999723434448,1776886005.201
-0.061000000685453415,0.6710000038146973,-0.9760000109672546,1776886005.216
0.12200000137090683,0.18299999833106995,-1.2799999713897705,1776886005.242
-0.061000000685453415,0.3050000071525574,-1.5240000486373901,1776886005.66
0.0,0.3050000071525574,-1.4630000591278076,1776886005.674
0.061000000685453415,0.3050000071525574,-1.5240000486373901,1776886005.7
0.0,0.3050000071525574,-1.5240000486373901,1776886005.714
0.0,0.3050000071525574,-1.5240000486373901,1776886005.745
-0.061000000685453415,0.3050000071525574,-1.5240000486373901,1776886006.161
0.0,0.18299999833106995,-1.5850000381469727,1776886006.176
0.061000000685453415,0.3050000071525574,-1.5240000486373901,1776886006.195
0.061000000685453415,0.3659999966621399,-1.5240000486373901,1776886006.22
0.061000000685453415,0.3659999966621399,-1.5240000486373901,1776886006.234
0.0,0.24400000274181366,-1.4630000591278076,1776886006.654
0.0,0.18299999833106995,-1.4630000591278076,1776886006.68
0.0,0.24400000274181366,-1.5240000486373901,1776886006.694
0.061000000685453415,0.24400000274181366,-1.5850000381469727,1776886006.726
0.0,0.3050000071525574,-1.4630000591278076,1776886006.736
-2.805000066757202,8.720000267028809,-1.4630000591278076,1776886007.162
-2.74399995803833,4.328999996185303,0.12200000137090683,1776886007.174
-5.060999870300293,-5.671000003814697,-1.7680000066757202,1776886007.2
-2.561000108718872,-6.52400016784668,-3.8410000801086426,1776886007.217
3.2929999828338623,6.0980000495910645,-3.1710000038146973,1776886007.234
2.25600004196167,-11.52400016784668,-1.6460000276565552,1776886007.674
3.109999895095825,-4.02400016784668,-3.109999895095825,1776886007.7
-0.7929999828338623,7.74399995803833,-3.3540000915527344,1776886007.714
-3.4149999618530273,5.854000091552734,-2.25600004196167,1776886007.741
-1.8899999856948853,1.340999960899353,-1.7680000066757202,1776886007.756
-4.51200008392334,-1.6460000276565552,-4.75600004196167,1776886008.175
3.9630000591278076,9.633999824523926,-6.0370001792907715,1776886008.201
-2.5,-2.561000108718872,-2.805000066757202,1776886008.214
0.7929999828338623,-2.98799991607666,-0.8539999723434448,1776886008.24
-1.340999960899353,3.7799999713897705,-1.8899999856948853,1776886008.255
1.2200000286102295,-7.804999828338623,-2.378000020980835,1776886008.674
-2.072999954223633,0.4880000054836273,1.5850000381469727,1776886008.702
1.5850000381469727,1.0980000495910645,-1.8899999856948853,1776886008.714
-4.75600004196167,4.389999866485596,-1.8899999856948853,1776886008.74
-15.244000434875488,2.134000062942505,0.8539999723434448,1776886008.754
-0.12200000137090683,0.3659999966621399,-1.159000039100647,1776886009.181
0.12200000137090683,0.24400000274181366,-1.5850000381469727,1776886009.194
0.12200000137090683,0.3050000071525574,-1.2200000286102295,1776886009.22
-0.061000000685453415,0.3050000071525574,-1.5240000486373901,1776886009.234
-0.061000000685453415,0.18299999833106995,-1.2200000286102295,1776886009.262
0.061000000685453415,0.3050000071525574,-1.5850000381469727,1776886009.68
0.0,0.3050000071525574,-1.5240000486373901,1776886009.696
0.061000000685453415,0.24400000274181366,-1.4630000591278076,1776886009.721
0.0,0.18299999833106995,-1.5240000486373901,1776886009.734
0.061000000685453415,0.3050000071525574,-1.6460000276565552,1776886009.76
2.5,9.329000473022461,0.0,1776886010.175
1.2799999713897705,-4.389999866485596,-1.4630000591278076,1776886010.201
-1.2200000286102295,-6.0980000495910645,1.2200000286102295,1776886010.214
1.5240000486373901,11.340999603271484,1.0980000495910645,1776886010.24
0.12200000137090683,6.951000213623047,-2.683000087738037,1776886010.255
-0.7319999933242798,-3.6589999198913574,0.6710000038146973,1776886010.674
-0.7319999933242798,-3.6589999198913574,0.6710000038146973,1776886010.701
-0.7319999933242798,-3.6589999198913574,0.6710000038146973,1776886010.714
3.2320001125335693,6.0980000495910645,-1.9509999752044678,1776886010.74
1.2200000286102295,1.8289999961853027,-0.7319999933242798,1776886010.754
-0.24400000274181366,6.76800012588501,-0.8539999723434448,1776886011.2
2.621999979019165,-10.427000045776367,2.438999891281128,1776886011.218
-2.98799991607666,-3.4149999618530273,-1.0980000495910645,1776886011.234
3.6589999198913574,4.085000038146973,-2.378000020980835,1776886011.254
1.4019999504089355,7.316999912261963,-2.134000062942505,1776886011.28
-2.01200008392334,3.9630000591278076,-2.865999937057495,1776886011.704
-2.01200008392334,3.9630000591278076,-2.865999937057495,1776886011.714
2.74399995803833,-15.793000221252441,-13.109999656677246,1776886011.741
-1.0980000495910645,-2.74399995803833,2.01200008392334,1776886011.754
-0.3050000071525574,13.109999656677246,0.3659999966621399,1776886011.78
-0.3050000071525574,0.0,-2.01200008392334,1776886012.194
1.2799999713897705,0.3050000071525574,-1.4630000591278076,1776886012.221
-0.061000000685453415,0.24400000274181366,-1.4019999504089355,1776886012.234
-1.5850000381469727,0.24400000274181366,-1.4630000591278076,1776886012.26
0.0,0.7929999828338623,-1.6460000276565552,1776886012.274
0.0,0.18299999833106995,-1.5240000486373901,1776886012.701
0.061000000685453415,0.3659999966621399,-1.4630000591278076,1776886012.714
0.061000000685453415,0.3659999966621399,-1.4630000591278076,1776886012.741
0.061000000685453415,0.3659999966621399,-1.4630000591278076,1776886012.754
0.061000000685453415,0.24400000274181366,-1.6460000276565552,1776886012.781
0.0,0.3050000071525574,-1.5850000381469727,1776886013.2
0.12200000137090683,0.3659999966621399,-1.5850000381469727,1776886013.217
0.0,0.24400000274181366,-1.5240000486373901,1776886013.234
-0.061000000685453415,0.24400000274181366,-1.4630000591278076,1776886013.261
0.0,0.18299999833106995,-1.5240000486373901,1776886013.274
1.4630000591278076,-1.0369999408721924,0.3050000071525574,1776886013.7
0.6710000038146973,-0.3659999966621399,-2.194999933242798,1776886013.714
-0.6710000038146973,-4.389999866485596,-5.48799991607666,1776886013.741
0.12200000137090683,-5.427000045776367,-2.378000020980835,1776886013.754
0.12200000137090683,-5.427000045776367,-2.378000020980835,1776886013.78
-1.4630000591278076,-4.695000171661377,-0.9150000214576721,1776886014.194
2.5,13.048999786376953,-2.072999954223633,1776886014.221
1.9509999752044678,9.145999908447266,-2.378000020980835,1776886014.234
0.6710000038146973,-9.817000389099121,-3.6589999198913574,1776886014.26
3.3540000915527344,5.548999786376953,-0.7319999933242798,1776886014.274
-1.4630000591278076,7.866000175476074,-2.438999891281128,1776886014.694
-2.438999891281128,-5.793000221252441,0.8539999723434448,1776886014.72
0.0,-3.1710000038146973,0.9760000109672546,1776886014.738
2.194999933242798,0.4269999861717224,0.3050000071525574,1776886014.754
2.194999933242798,0.4269999861717224,0.3050000071525574,1776886014.774
0.6100000143051147,7.622000217437744,-2.865999937057495,1776886015.194
-9.145999908447266,3.3540000915527344,-0.3659999966621399,1776886015.22
7.377999782562256,-12.621999740600586,-10.48799991607666,1776886015.234
5.73199987411499,0.3659999966621399,6.21999979019165,1776886015.261
-3.109999895095825,5.97599983215332,-0.7929999828338623,1776886015.281
0.9760000109672546,0.12200000137090683,1.159000039100647,1776886015.7
0.7319999933242798,0.4880000054836273,-2.316999912261963,1776886015.714
-0.3659999966621399,0.061000000685453415,-2.74399995803833,1776886015.734
0.061000000685453415,0.12200000137090683,-1.5240000486373901,1776886015.76
0.4269999861717224,0.4880000054836273,-1.0369999408721924,1776886015.78
0.061000000685453415,0.24400000274181366,-1.5850000381469727,1776886016.194
-0.061000000685453415,0.3050000071525574,-1.5850000381469727,1776886016.221
0.0,0.3050000071525574,-1.5850000381469727,1776886016.234
0.061000000685453415,0.18299999833106995,-1.5240000486373901,1776886016.261
0.061000000685453415,0.3659999966621399,-1.4630000591278076,1776886016.274
-0.3050000071525574,0.3050000071525574,-2.5,1776886016.701
-0.24400000274181366,-1.0980000495910645,-4.572999954223633,1776886016.714
-1.7070000171661377,-0.4880000054836273,-2.438999891281128,1776886016.74
2.561000108718872,1.2799999713897705,-3.4760000705718994,1776886016.754
-0.5490000247955322,-1.5240000486373901,-5.610000133514404,1776886016.781
-5.183000087738037,0.4880000054836273,-17.378000259399414,1776886017.194
4.02400016784668,0.7929999828338623,-10.060999870300293,1776886017.221
2.98799991607666,-1.2799999713897705,-23.659000396728516,1776886017.234
2.5,-0.6710000038146973,-19.878000259399414,1776886017.262
-5.304999828338623,2.74399995803833,-19.878000259399414,1776886017.274
7.866000175476074,0.6710000038146973,-32.43899917602539,1776886017.714
-11.036999702453613,-2.805000066757202,-52.073001861572266,1776886017.741
5.304999828338623,-2.683000087738037,-22.988000869750977,1776886017.755
1.5850000381469727,17.072999954223633,-37.43899917602539,1776886017.78
-3.4760000705718994,-1.159000039100647,-63.292999267578125,1776886017.794
-10.914999961853027,3.2320001125335693,-70.85399627685547,1776886018.194
13.293000221252441,-3.7799999713897705,-22.19499969482422,1776886018.223
9.329000473022461,-0.9760000109672546,-35.12200164794922,1776886018.234
-3.2320001125335693,10.244000434875488,-52.926998138427734,1776886018.26
11.829000473022461,-6.76800012588501,-22.43899917602539,1776886018.274
-2.805000066757202,3.5980000495910645,-38.779998779296875,1776886018.714
-12.98799991607666,-3.2929999828338623,-70.73200225830078,1776886018.74
3.8410000801086426,-4.02400016784668,-30.915000915527344,1776886018.754
-10.182999610900879,-0.24400000274181366,-59.207000732421875,1776886018.782
3.4760000705718994,-1.4019999504089355,-46.402000427246094,1776886018.795
-7.804999828338623,5.366000175476074,-55.97600173950195,1776886019.221
12.866000175476074,-8.536999702453613,-40.61000061035156,1776886019.235
6.0370001792907715,4.451000213623047,-40.06100082397461,1776886019.26
-15.97599983215332,-1.5240000486373901,-65.18299865722656,1776886019.274
11.279999732971191,0.061000000685453415,-32.37799835205078,1776886019.3
-2.01200008392334,6.21999979019165,-60.792999267578125,1776886019.696
4.633999824523926,-0.061000000685453415,-27.19499969482422,1776886019.723
-4.26800012588501,-7.195000171661377,-69.02400207519531,1776886019.735
4.939000129699707,2.865999937057495,-15.548999786376953,1776886019.761
0.9150000214576721,-1.2799999713897705,-20.183000564575195,1776886019.776
12.378000259399414,4.389999866485596,-21.584999084472656,1776886020.214
-0.9760000109672546,-10.914999961853027,-46.4630012512207,1776886020.241
-10.48799991607666,10.182999610900879,-35.24399948120117,1776886020.256
-0.12200000137090683,2.98799991607666,-26.52400016784668,1776886020.282
-5.122000217437744,-1.2799999713897705,-59.75600051879883,1776886020.294
-0.3050000071525574,0.4269999861717224,-2.805000066757202,1776886020.715
-0.24400000274181366,-0.4269999861717224,-0.061000000685453415,1776886020.74
0.24400000274181366,0.5490000247955322,-2.805000066757202,1776886020.754
0.3050000071525574,0.7319999933242798,-0.6710000038146973,1776886020.78
0.0,0.061000000685453415,-1.159000039100647,1776886020.794
0.061000000685453415,0.24400000274181366,-1.5850000381469727,1776886021.22
0.0,0.24400000274181366,-1.4630000591278076,1776886021.234
0.0,0.24400000274181366,-1.4630000591278076,1776886021.261
0.0,0.18299999833106995,-1.6460000276565552,1776886021.274
0.061000000685453415,0.24400000274181366,-1.4630000591278076,1776886021.3
0.061000000685453415,0.3659999966621399,-1.5850000381469727,1776886021.714
0.0,0.18299999833106995,-1.5240000486373901,1776886021.742
0.061000000685453415,0.18299999833106995,-1.4630000591278076,1776886021.755
0.061000000685453415,0.3050000071525574,-1.4630000591278076,1776886021.78
-0.061000000685453415,0.24400000274181366,-1.5240000486373901,1776886021.794
0.5490000247955322,0.8539999723434448,0.12200000137090683,1776886022.222
0.9150000214576721,-0.9760000109672546,4.572999954223633,1776886022.234
-1.2200000286102295,0.24400000274181366,2.74399995803833,1776886022.26
-14.145999908447266,-2.561000108718872,2.25600004196167,1776886022.274
-4.085000038146973,4.145999908447266,17.988000869750977,1776886022.302
4.572999954223633,-5.97599983215332,-0.4269999861717224,1776886022.714
-5.97599983215332,-6.645999908447266,-0.12200000137090683,1776886022.74
0.4269999861717224,7.01200008392334,-3.3540000915527344,1776886022.754
1.4630000591278076,10.182999610900879,-2.621999979019165,1776886022.781
-0.4269999861717224,-6.889999866485596,-4.02400016784668,1776886022.794
4.633999824523926,11.767999649047852,-0.18299999833106995,1776886023.216
-1.6460000276565552,8.170999526977539,-5.060999870300293,1776886023.242
0.4269999861717224,-9.51200008392334,-3.1710000038146973,1776886023.254
-4.206999778747559,-3.7799999713897705,-1.4019999504089355,1776886023.283
-2.072999954223633,9.939000129699707,13.536999702453613,1776886023.297
-0.061000000685453415,-6.0980000495910645,-1.340999960899353,1776886023.721
-1.7680000066757202,0.061000000685453415,-1.8899999856948853,1776886023.734
2.072999954223633,0.24400000274181366,-0.8539999723434448,1776886023.76
-4.695000171661377,4.26800012588501,-3.4149999618530273,1776886023.776
0.6100000143051147,-3.4760000705718994,-4.389999866485596,1776886023.801
-0.24400000274181366,0.3050000071525574,-1.5850000381469727,1776886024.221
0.061000000685453415,0.24400000274181366,-1.4630000591278076,1776886024.234
0.12200000137090683,0.24400000274181366,-1.2799999713897705,1776886024.26
0.18299999833106995,0.3050000071525574,-1.5850000381469727,1776886024.275
0.0,0.24400000274181366,-1.4630000591278076,1776886024.306
-0.7319999933242798,0.5490000247955322,-1.9509999752044678,1776886024.714
1.159000039100647,-0.6710000038146973,-0.8539999723434448,1776886024.74
1.5850000381469727,-1.5850000381469727,1.4019999504089355,1776886024.754
-3.9019999504089355,2.98799991607666,0.5490000247955322,1776886024.781
0.0,-2.621999979019165,-0.061000000685453415,1776886024.794
25.427000045776367,17.072999954223633,34.02399826049805,1776886025.216
2.378000020980835,8.170999526977539,49.93899917602539,1776886025.242
-22.19499969482422,-11.279999732971191,36.4630012512207,1776886025.254
23.292999267578125,10.366000175476074,39.512001037597656,1776886025.28
1.4630000591278076,-8.414999961853027,35.06100082397461,1776886025.297
-0.18299999833106995,0.0,-1.2799999713897705,1776886025.714
0.12200000137090683,0.0,-2.01200008392334,1776886025.74
0.12200000137090683,0.4269999861717224,-1.0980000495910645,1776886025.755
-0.12200000137090683,0.18299999833106995,-1.8289999961853027,1776886025.781
0.0,0.061000000685453415,-1.7680000066757202,1776886025.795
0.061000000685453415,0.3050000071525574,-1.5240000486373901,1776886026.214
0.0,0.24400000274181366,-1.5240000486373901,1776886026.24
0.061000000685453415,0.24400000274181366,-1.5850000381469727,1776886026.256
0.0,0.3659999966621399,-1.5850000381469727,1776886026.282
0.0,0.24400000274181366,-1.4630000591278076,1776886026.294
0.7319999933242798,0.9760000109672546,-2.072999954223633,1776886026.74
1.9509999752044678,2.134000062942505,-3.2320001125335693,1776886026.754
2.438999891281128,1.2799999713897705,-3.5980000495910645,1776886026.781
1.2799999713897705,-0.8539999723434448,-4.695000171661377,1776886026.806
-0.3050000071525574,2.98799991607666,-3.4760000705718994,1776886026.817
1.5240000486373901,3.109999895095825,0.3050000071525574,1776886027.246
7.439000129699707,1.2200000286102295,-2.5,1776886027.257
0.18299999833106995,-4.51200008392334,-0.9760000109672546,1776886027.283
1.4630000591278076,-5.548999786376953,-4.26800012588501,1776886027.296
16.707000732421875,2.01200008392334,-10.670999526977539,1776886027.321
0.5490000247955322,-0.18299999833106995,-0.5490000247955322,1776886027.741
-0.12200000137090683,2.5,1.7070000171661377,1776886027.76
0.061000000685453415,0.3659999966621399,-3.9630000591278076,1776886027.776
-0.3050000071525574,-0.8539999723434448,-2.927000045776367,1776886027.801
0.061000000685453415,0.5490000247955322,-0.3050000071525574,1776886027.814
-0.061000000685453415,0.3050000071525574,-1.5850000381469727,1776886028.235
-0.061000000685453415,0.3050000071525574,-1.5850000381469727,1776886028.261
-0.061000000685453415,0.3659999966621399,-17.072999954223633,1776886028.275
0.0,0.24400000274181366,-1.5240000486373901,1776886028.301
0.061000000685453415,0.24400000274181366,-1.4630000591278076,1776886028.314
15.732000350952148,0.3050000071525574,-2.561000108718872,1776886028.735
0.4269999861717224,0.24400000274181366,-0.3050000071525574,1776886028.761
0.4269999861717224,0.24400000274181366,-0.3050000071525574,1776886028.774
0.4269999861717224,0.24400000274181366,-0.3050000071525574,1776886028.804
0.0,0.3659999966621399,-0.7929999828338623,1776886028.816
0.6100000143051147,-1.340999960899353,-4.939000129699707,1776886029.234
-1.5240000486373901,-3.7799999713897705,-4.51200008392334,1776886029.261
0.061000000685453415,0.18299999833106995,2.134000062942505,1776886029.275
-2.98799991607666,-0.5490000247955322,2.25600004196167,1776886029.3
-0.24400000274181366,1.0980000495910645,5.0,1776886029.314
0.061000000685453415,0.12200000137090683,-1.4630000591278076,1776886029.734
0.12200000137090683,0.24400000274181366,-1.5850000381469727,1776886029.76
-0.061000000685453415,0.18299999833106995,-1.4630000591278076,1776886029.778
-0.061000000685453415,0.18299999833106995,-1.4630000591278076,1776886029.795
-0.061000000685453415,0.18299999833106995,-1.4630000591278076,1776886029.817
0.061000000685453415,0.24400000274181366,-1.5240000486373901,1776886030.235
0.0,0.3659999966621399,-1.4630000591278076,1776886030.262
-0.4880000054836273,0.24400000274181366,-0.3050000071525574,1776886030.275
-15.366000175476074,0.12200000137090683,0.3050000071525574,1776886030.303
-0.7319999933242798,-0.24400000274181366,6.28000020980835,1776886030.316
-1.8289999961853027,6.21999979019165,40.97600173950195,1776886030.736
5.0,-0.9150000214576721,39.87799835205078,1776886030.763
7.866000175476074,7.01200008392334,30.06100082397461,1776886030.775
6.341000080108643,-15.48799991607666,34.38999938964844,1776886030.801
6.341000080108643,-15.48799991607666,34.38999938964844,1776886030.816
-0.18299999833106995,0.3050000071525574,-1.9509999752044678,1776886031.235
0.4269999861717224,0.4269999861717224,-1.5850000381469727,1776886031.262
0.12200000137090683,0.18299999833106995,-1.4630000591278076,1776886031.275
-0.12200000137090683,0.061000000685453415,-1.8899999856948853,1776886031.3
0.061000000685453415,0.3659999966621399,-1.5240000486373901,1776886031.315
0.12200000137090683,0.3050000071525574,-1.5850000381469727,1776886031.735
-0.061000000685453415,0.24400000274181366,-1.5850000381469727,1776886031.76
0.061000000685453415,0.18299999833106995,-1.5850000381469727,1776886031.776
0.12200000137090683,0.3659999966621399,-1.4630000591278076,1776886031.802
0.12200000137090683,0.24400000274181366,14.085000038146973,1776886031.815
-8.232000350952148,-1.4019999504089355,1.340999960899353,1776886032.241
-20.0,12.317000389099121,-1.2799999713897705,1776886032.257
-20.488000869750977,12.378000259399414,-4.816999912261963,1776886032.285
28.292999267578125,-47.25600051879883,6.951000213623047,1776886032.296
16.340999603271484,-34.512001037597656,12.805000305175781,1776886032.315
-37.86600112915039,-79.87799835205078,-21.03700065612793,1776886032.741
-33.354000091552734,29.572999954223633,-32.25600051879883,1776886032.755
-27.011999130249023,48.720001220703125,42.13399887084961,1776886032.781
-35.54899978637695,79.38999938964844,22.43899917602539,1776886032.795
-10.0,47.62200164794922,19.69499969482422,1776886032.818
-39.32899856567383,36.0369987487793,-2.378000020980835,1776886033.255
-33.720001220703125,30.183000564575195,2.5,1776886033.28
-31.097999572753906,31.584999084472656,2.194999933242798,1776886033.295
-29.511999130249023,31.402000427246094,-1.4630000591278076,1776886033.321
-23.902000427246094,24.145999908447266,-2.194999933242798,1776886033.335
17.988000869750977,-22.43899917602539,6.76800012588501,1776886033.741
6.4629998207092285,-1.2200000286102295,14.145999908447266,1776886033.762
-2.438999891281128,-0.7929999828338623,8.232000350952148,1776886033.776
-1.2799999713897705,-2.134000062942505,-17.011999130249023,1776886033.802
-3.2929999828338623,4.206999778747559,-2.316999912261963,1776886033.815
1.2799999713897705,-1.4019999504089355,-0.7929999828338623,1776886034.255
0.3659999966621399,-0.3659999966621399,-1.7680000066757202,1776886034.282
-0.12200000137090683,0.3050000071525574,-1.340999960899353,1776886034.295
-0.7319999933242798,1.2799999713897705,-2.072999954223633,1776886034.321
-1.0980000495910645,1.2799999713897705,-2.378000020980835,1776886034.336
1.7680000066757202,0.3050000071525574,5.060999870300293,1776886034.763
2.74399995803833,-2.683000087738037,1.9509999752044678,1776886034.777
4.02400016784668,-4.085000038146973,2.621999979019165,1776886034.803
1.2799999713897705,-1.9509999752044678,6.0370001792907715,1776886034.815
1.5850000381469727,-2.194999933242798,-2.134000062942505,1776886034.841
9.633999824523926,-7.683000087738037,7.377999782562256,1776886035.261
7.195000171661377,-2.072999954223633,3.7799999713897705,1776886035.275
6.21999979019165,-8.048999786376953,0.0,1776886035.301
6.951000213623047,-7.927000045776367,4.206999778747559,1776886035.315
1.9509999752044678,-0.7929999828338623,1.5850000381469727,1776886035.34
16.82900047302246,10.0,22.43899917602539,1776886035.776
-9.817000389099121,12.133999824523926,40.30500030517578,1776886035.803
-2.072999954223633,18.415000915527344,66.88999938964844,1776886035.815
10.609999656677246,17.43899917602539,27.621999740600586,1776886035.84
-6.951000213623047,22.865999221801758,42.25600051879883,1776886035.855
20.365999221801758,4.26800012588501,19.02400016784668,1776886036.281
-21.402000427246094,-11.036999702453613,45.12200164794922,1776886036.295
-11.706999778747559,13.720000267028809,54.75600051879883,1776886036.322
21.402000427246094,-15.548999786376953,25.854000091552734,1776886036.345
-28.597999572753906,23.780000686645508,48.231998443603516,1776886036.355
0.18299999833106995,0.061000000685453415,-1.9509999752044678,1776886036.775
0.18299999833106995,0.12200000137090683,-2.378000020980835,1776886036.801
-0.12200000137090683,0.3659999966621399,-0.6710000038146973,1776886036.815
-0.18299999833106995,0.3659999966621399,-1.5240000486373901,1776886036.841
0.12200000137090683,0.3659999966621399,-1.2799999713897705,1776886036.855
-0.061000000685453415,0.24400000274181366,-1.5240000486373901,1776886037.261
-0.12200000137090683,0.3659999966621399,-1.4630000591278076,1776886037.275
0.0,0.3050000071525574,-1.5240000486373901,1776886037.3
0.061000000685453415,0.18299999833106995,-1.5240000486373901,1776886037.315
0.0,0.3050000071525574,-1.5240000486373901,1776886037.341
-1.0369999408721924,0.3050000071525574,-1.5240000486373901,1776886037.755
2.5,0.3050000071525574,0.0,1776886037.78
0.8539999723434448,1.0980000495910645,3.2929999828338623,1776886037.795
0.9150000214576721,1.5240000486373901,-1.4630000591278076,1776886037.821
3.6589999198913574,2.805000066757202,-4.451000213623047,1776886037.835
-84.02400207519531,128.0489959716797,-23.110000610351562,1776886038.261
-141.76800537109375,56.159000396728516,-19.634000778198242,1776886038.275
-143.29299926757812,41.0369987487793,-12.805000305175781,1776886038.301
-51.584999084472656,37.43899917602539,-23.96299934387207,1776886038.319
8.963000297546387,-3.5369999408721924,-37.37799835205078,1776886038.337
-102.56099700927734,-100.85399627685547,-28.840999603271484,1776886038.775
-120.6709976196289,-49.512001037597656,-22.865999221801758,1776886038.802
29.572999954223633,-79.14600372314453,-10.366000175476074,1776886038.819
45.426998138427734,-41.220001220703125,15.548999786376953,1776886038.838
20.427000045776367,-40.30500030517578,-2.561000108718872,1776886038.855
7.622000217437744,4.816999912261963,3.0490000247955322,1776886039.281
-4.633999824523926,-5.548999786376953,2.01200008392334,1776886039.296
-4.145999908447266,-1.8289999961853027,2.621999979019165,1776886039.322
-0.5490000247955322,0.4269999861717224,2.438999891281128,1776886039.335
0.061000000685453415,0.24400000274181366,-1.159000039100647,1776886039.363
0.18299999833106995,0.18299999833106995,-1.5240000486373901,1776886039.78
0.0,0.18299999833106995,-1.5240000486373901,1776886039.795
0.0,0.12200000137090683,-1.5240000486373901,1776886039.821
0.0,0.18299999833106995,-17.072999954223633,1776886039.835
0.0,0.3050000071525574,-1.5850000381469727,1776886039.861
-0.061000000685453415,0.3050000071525574,-1.5240000486373901,1776886040.286
0.0,0.12200000137090683,-1.5240000486373901,1776886040.297
0.0,0.24400000274181366,-1.5850000381469727,1776886040.322
0.061000000685453415,0.3050000071525574,-1.5240000486373901,1776886040.336
0.061000000685453415,0.18299999833106995,-1.5240000486373901,1776886040.362
-4.939000129699707,16.951000213623047,-5.0,1776886040.781
-10.0,22.072999954223633,-7.25600004196167,1776886040.795
-4.877999782562256,30.915000915527344,-4.451000213623047,1776886040.815
-5.793000221252441,31.951000213623047,-6.52400016784668,1776886040.841
-15.854000091552734,42.68299865722656,1.0369999408721924,1776886040.855
-23.659000396728516,35.54899978637695,41.4630012512207,1776886041.281
-27.256000518798828,72.68299865722656,35.854000091552734,1776886041.297
-43.415000915527344,102.62200164794922,17.072999954223633,1776886041.328
-148.90199279785156,116.15899658203125,94.69499969482422,1776886041.338
-168.59800720214844,174.0850067138672,91.34100341796875,1776886041.355
-12.072999954223633,-37.19499969482422,11.159000396728516,1776886041.777
-33.5369987487793,-20.365999221801758,10.609999656677246,1776886041.803
-36.0369987487793,-34.63399887084961,17.621999740600586,1776886041.815
-59.32899856567383,-36.402000427246094,26.82900047302246,1776886041.841
-80.97599792480469,-28.17099952697754,19.816999435424805,1776886041.856
2.5,2.438999891281128,-0.9150000214576721,1776886042.276
3.5980000495910645,4.328999996185303,-1.2200000286102295,1776886042.302
2.865999937057495,4.145999908447266,-0.7319999933242798,1776886042.315
-0.18299999833106995,-0.12200000137090683,-1.2799999713897705,1776886042.341
-1.2200000286102295,-0.4269999861717224,-3.0490000247955322,1776886042.356
-0.18299999833106995,0.12200000137090683,-1.5240000486373901,1776886042.775
-0.12200000137090683,0.12200000137090683,-1.4019999504089355,1776886042.801
-0.061000000685453415,0.24400000274181366,-1.4630000591278076,1776886042.816
0.24400000274181366,0.4269999861717224,-1.4630000591278076,1776886042.841
0.18299999833106995,0.4880000054836273,-1.5850000381469727,1776886042.856
-0.061000000685453415,0.24400000274181366,-1.4630000591278076,1776886043.301
5.48799991607666,3.9630000591278076,-4.26800012588501,1776886043.315
16.951000213623047,26.03700065612793,-4.51200008392334,1776886043.342
39.02399826049805,36.159000396728516,6.4629998207092285,1776886043.355
59.81700134277344,59.63399887084961,11.340999603271484,1776886043.38
87.80500030517578,-24.756000518798828,-1.8899999856948853,1776886043.777
86.76799774169922,-20.365999221801758,0.6710000038146973,1776886043.803
72.25599670410156,-21.82900047302246,0.0,1776886043.815
34.32899856567383,-15.548999786376953,-5.48799991607666,1776886043.841
6.645999908447266,-9.817000389099121,-3.9019999504089355,1776886043.857
-2.194999933242798,-0.12200000137090683,71.34100341796875,1776886044.295
11.036999702453613,8.902000427246094,23.597999572753906,1776886044.324
2.74399995803833,16.03700065612793,-17.19499969482422,1776886044.342
6.28000020980835,6.951000213623047,-18.415000915527344,1776886044.356
4.145999908447266,-6.76800012588501,-8.048999786376953,1776886044.381
0.12200000137090683,0.18299999833106995,-1.4019999504089355,1776886044.798
-0.061000000685453415,0.24400000274181366,-1.4019999504089355,1776886044.815
-0.12200000137090683,0.24400000274181366,-1.4019999504089355,1776886044.841
0.061000000685453415,0.12200000137090683,-1.5850000381469727,1776886044.855
0.12200000137090683,0.18299999833106995,-1.5240000486373901,1776886044.881
0.0,0.3050000071525574,-1.4630000591278076,1776886045.296
0.061000000685453415,0.24400000274181366,-1.4630000591278076,1776886045.322
0.0,0.3050000071525574,-17.072999954223633,1776886045.335
0.0,0.18299999833106995,-1.5240000486373901,1776886045.362
-0.18299999833106995,0.12200000137090683,-1.7680000066757202,1776886045.377
0.4880000054836273,-0.6710000038146973,-6.4019999504089355,1776886045.797
2.25600004196167,0.3050000071525574,-4.939000129699707,1776886045.815
-2.25600004196167,0.9760000109672546,-5.548999786376953,1776886045.841
2.194999933242798,-0.4880000054836273,-1.7680000066757202,1776886045.855
1.8899999856948853,0.7319999933242798,-3.4149999618530273,1776886045.881
-4.085000038146973,0.4880000054836273,-1.9509999752044678,1776886046.302
-1.2200000286102295,-4.51200008392334,-13.840999603271484,1776886046.319
-1.0980000495910645,-0.18299999833106995,-7.377999782562256,1776886046.336
0.9150000214576721,2.378000020980835,-17.621999740600586,1776886046.362
-1.0369999408721924,-0.4269999861717224,-19.634000778198242,1776886046.376
1.0369999408721924,-7.439000129699707,-33.47600173950195,1776886046.801
1.0369999408721924,-7.439000129699707,-33.47600173950195,1776886046.818
1.2200000286102295,-10.548999786376953,-36.707000732421875,1776886046.835
-17.072999954223633,-4.02400016784668,-54.02399826049805,1776886046.861
-5.73199987411499,6.52400016784668,-58.292999267578125,1776886046.875
1.159000039100647,1.340999960899353,1.340999960899353,1776886047.296
0.18299999833106995,0.3050000071525574,-2.561000108718872,1776886047.322
0.0,-0.3050000071525574,-3.6589999198913574,1776886047.335
-0.12200000137090683,0.6100000143051147,-0.3050000071525574,1776886047.361
-0.3659999966621399,0.18299999833106995,-1.7680000066757202,1776886047.377
0.061000000685453415,0.24400000274181366,-1.7070000171661377,1776886047.815
0.061000000685453415,0.24400000274181366,-1.7070000171661377,1776886047.841
-0.12200000137090683,0.3050000071525574,-1.5240000486373901,1776886047.856
0.0,0.3659999966621399,-1.5850000381469727,1776886047.881
0.061000000685453415,0.3050000071525574,-1.5850000381469727,1776886047.895
3.1710000038146973,4.26800012588501,-0.7929999828338623,1776886048.315
7.927000045776367,4.389999866485596,-5.427000045776367,1776886048.341
2.5,11.097999572753906,-22.621999740600586,1776886048.357
-7.072999954223633,-7.133999824523926,-12.927000045776367,1776886048.375
-10.121999740600586,-2.438999891281128,-3.1710000038146973,1776886048.401
1.8289999961853027,3.5980000495910645,-2.683000087738037,1776886048.822
1.8289999961853027,3.5980000495910645,-2.683000087738037,1776886048.836
1.8289999961853027,3.5980000495910645,-2.683000087738037,1776886048.862
-14.451000213623047,2.621999979019165,0.0,1776886048.879
-16.340999603271484,2.25600004196167,9.694999694824219,1776886048.896
-1.2799999713897705,-0.061000000685453415,-1.6460000276565552,1776886049.325
1.8289999961853027,0.0,-6.645999908447266,1776886049.335
-1.9509999752044678,0.3659999966621399,-3.1710000038146973,1776886049.361
2.74399995803833,-0.061000000685453415,-2.74399995803833,1776886049.378
14.451000213623047,-0.4880000054836273,-6.889999866485596,1776886049.395
-0.6100000143051147,0.7929999828338623,-7.927000045776367,1776886049.822
-0.6100000143051147,0.7929999828338623,-7.927000045776367,1776886049.839
-0.6100000143051147,0.7929999828338623,-7.927000045776367,1776886049.856
1.7680000066757202,0.5490000247955322,-8.048999786376953,1776886049.882
1.340999960899353,-0.7319999933242798,-9.939000129699707,1776886049.895
7.439000129699707,-0.4880000054836273,-48.47600173950195,1776886050.323
3.2929999828338623,0.7319999933242798,-49.63399887084961,1776886050.337
-0.3050000071525574,-1.5850000381469727,-54.87799835205078,1776886050.356
3.6589999198913574,-3.7799999713897705,-54.512001037597656,1776886050.382
-0.6100000143051147,-12.01200008392334,-51.52399826049805,1776886050.399
-12.927000045776367,-18.659000396728516,-81.95099639892578,1776886050.815
-16.889999389648438,-2.072999954223633,-69.69499969482422,1776886050.841
-16.889999389648438,-2.072999954223633,-69.69499969482422,1776886050.855
-16.889999389648438,-2.072999954223633,-69.69499969482422,1776886050.881
-4.451000213623047,-5.97599983215332,-48.11000061035156,1776886050.896
-12.378000259399414,9.633999824523926,-23.53700065612793,1776886051.335
2.621999979019165,5.48799991607666,-25.243999481201172,1776886051.361
1.0369999408721924,-1.159000039100647,30.243999481201172,1776886051.376
-1.8289999961853027,-0.061000000685453415,60.487998962402344,1776886051.401
16.52400016784668,17.378000259399414,28.53700065612793,1776886051.415
0.0,0.3050000071525574,-1.340999960899353,1776886051.815
0.061000000685453415,0.7319999933242798,-1.5240000486373901,1776886051.841
0.061000000685453415,0.7319999933242798,-1.5240000486373901,1776886051.857
0.061000000685453415,0.7319999933242798,-1.5240000486373901,1776886051.883
0.0,0.4269999861717224,-1.4630000591278076,1776886051.895
-9.755999565124512,11.52400016784668,-2.25600004196167,1776886052.337
-6.0980000495910645,0.4269999861717224,-5.97599983215332,1776886052.363
-2.194999933242798,-4.633999824523926,-7.25600004196167,1776886052.375
-2.194999933242798,-4.633999824523926,-7.25600004196167,1776886052.403
-2.194999933242798,-4.633999824523926,-7.25600004196167,1776886052.416
3.9019999504089355,-1.0980000495910645,0.4880000054836273,1776886052.816
2.621999979019165,-3.4760000705718994,-2.134000062942505,1776886052.842
-8.354000091552734,-7.195000171661377,-1.8899999856948853,1776886052.856
-13.170999526977539,-3.6589999198913574,-1.9509999752044678,1776886052.881
-3.4760000705718994,3.4149999618530273,-0.4880000054836273,1776886052.896
-3.7200000286102295,-8.659000396728516,-3.2320001125335693,1776886053.342
-8.170999526977539,-15.182999610900879,-5.73199987411499,1776886053.359
-9.451000213623047,-11.706999778747559,-3.9630000591278076,1776886053.375
-3.9630000591278076,1.0369999408721924,-1.7680000066757202,1776886053.401
-3.9630000591278076,1.0369999408721924,-1.7680000066757202,1776886053.416
-1.4630000591278076,-0.24400000274181366,-0.7319999933242798,1776886053.841
0.3659999966621399,-0.061000000685453415,-0.3659999966621399,1776886053.857
2.25600004196167,0.7319999933242798,-6.951000213623047,1776886053.875
3.4760000705718994,-1.4630000591278076,5.0,1776886053.901
1.0369999408721924,0.5490000247955322,4.695000171661377,1776886053.915
0.3050000071525574,1.9509999752044678,0.7319999933242798,1776886054.338
-0.3050000071525574,-0.4269999861717224,2.25600004196167,1776886054.363
-1.5850000381469727,0.3050000071525574,2.25600004196167,1776886054.375
1.8289999961853027,0.12200000137090683,0.3659999966621399,1776886054.401
1.8289999961853027,0.12200000137090683,0.3659999966621399,1776886054.416
-2.98799991607666,-0.061000000685453415,1.8899999856948853,1776886054.836
0.6710000038146973,1.4019999504089355,15.427000045776367,1776886054.862
-1.8899999856948853,-0.3659999966621399,12.378000259399414,1776886054.875
-0.3050000071525574,-1.7680000066757202,10.0,1776886054.901
1.0369999408721924,0.0,17.927000045776367,1776886054.915
6.4629998207092285,8.720000267028809,53.17100143432617,1776886055.343
-18.47599983215332,0.9150000214576721,43.04899978637695,1776886055.358
14.633999824523926,-2.865999937057495,55.67100143432617,1776886055.377
14.633999824523926,-2.865999937057495,55.67100143432617,1776886055.403
14.633999824523926,-2.865999937057495,55.67100143432617,1776886055.415
-4.816999912261963,-15.670999526977539,54.75600051879883,1776886055.835
15.854000091552734,-14.633999824523926,58.47600173950195,1776886055.856
-7.195000171661377,8.720000267028809,53.17100143432617,1776886055.882
-23.96299934387207,-2.98799991607666,51.82899856567383,1776886055.895
-17.256000518798828,-18.415000915527344,60.30500030517578,1776886055.921
25.97599983215332,12.805000305175781,63.415000915527344,1776886056.337
3.8410000801086426,2.316999912261963,49.268001556396484,1776886056.365
-11.585000038146973,-0.24400000274181366,49.69499969482422,1776886056.376
10.609999656677246,-2.316999912261963,62.926998138427734,1776886056.402
15.670999526977539,1.8899999856948853,53.779998779296875,1776886056.415
0.0,0.5490000247955322,-1.5240000486373901,1776886057.359
0.061000000685453415,0.061000000685453415,-1.6460000276565552,1776886057.377
0.12200000137090683,0.3659999966621399,-1.4630000591278076,1776886057.395
-0.061000000685453415,0.3659999966621399,-1.4630000591278076,1776886057.421
0.061000000685453415,0.12200000137090683,-1.5850000381469727,1776886057.441
0.0,0.18299999833106995,-1.5850000381469727,1776886057.841
0.0,0.18299999833106995,-1.5850000381469727,1776886057.856
-0.061000000685453415,0.18299999833106995,-1.5240000486373901,1776886057.883
0.0,0.18299999833106995,-1.5850000381469727,1776886057.897
0.0,0.24400000274181366,-1.5240000486373901,1776886057.924
1.4019999504089355,0.6710000038146973,3.109999895095825,1776886058.336
-1.2200000286102295,0.7319999933242798,0.7319999933242798,1776886058.362
2.072999954223633,-0.9150000214576721,-0.12200000137090683,1776886058.375
-0.9760000109672546,1.2200000286102295,2.621999979019165,1776886058.401
2.316999912261963,-1.2799999713897705,3.1710000038146973,1776886058.415
-3.0490000247955322,-7.927000045776367,-2.621999979019165,1776886058.855
-4.26800012588501,-8.354000091552734,-3.1710000038146973,1776886058.881
-3.4149999618530273,-7.683000087738037,-2.194999933242798,1776886058.895
-0.6710000038146973,-6.52400016784668,13.414999961853027,1776886058.926
13.414999961853027,-1.5850000381469727,3.6589999198913574,1776886058.936
-17.011999130249023,10.732000350952148,-5.610000133514404,1776886059.358
-17.072999954223633,5.671000003814697,-7.439000129699707,1776886059.389
-14.02400016784668,0.4269999861717224,-5.183000087738037,1776886059.401
-6.0370001792907715,-3.9019999504089355,-0.5490000247955322,1776886059.415
-2.134000062942505,-3.109999895095825,-1.7070000171661377,1776886059.441
-20.548999786376953,-1.2200000286102295,-9.51200008392334,1776886059.855
3.2929999828338623,-18.23200035095215,1.7680000066757202,1776886059.881
40.36600112915039,-11.706999778747559,-8.47599983215332,1776886059.895
54.145999908447266,18.53700065612793,-22.011999130249023,1776886059.923
1.0980000495910645,-10.060999870300293,-16.645999908447266,1776886059.937
-0.6710000038146973,0.061000000685453415,-0.5490000247955322,1776886060.361
-0.4269999861717224,0.18299999833106995,-2.5,1776886060.375
-0.3050000071525574,0.18299999833106995,-1.340999960899353,1776886060.402
-0.5490000247955322,0.0,-1.7070000171661377,1776886060.416
0.3050000071525574,-0.3659999966621399,-4.02400016784668,1776886060.442
0.8539999723434448,-1.0369999408721924,-11.036999702453613,1776886060.858
-1.9509999752044678,-0.5490000247955322,-8.048999786376953,1776886060.884
0.7929999828338623,-1.0369999408721924,-9.206999778747559,1776886060.895
1.5850000381469727,0.3659999966621399,-6.889999866485596,1776886060.921
2.74399995803833,0.5490000247955322,-7.927000045776367,1776886060.935
-2.805000066757202,-6.0980000495910645,-30.854000091552734,1776886061.357
2.072999954223633,-2.01200008392334,-20.243999481201172,1776886061.383
9.02400016784668,-2.134000062942505,-20.183000564575195,1776886061.395
6.21999979019165,-1.9509999752044678,-25.0,1776886061.421
5.304999828338623,2.98799991607666,-51.0369987487793,1776886061.436
2.316999912261963,-8.170999526977539,-37.012001037597656,1776886061.858
-8.779999732971191,4.572999954223633,-46.82899856567383,1776886061.884
-15.060999870300293,8.963000297546387,-54.32899856567383,1776886061.895
3.7799999713897705,6.158999919891357,-44.81700134277344,1776886061.921
11.097999572753906,-5.122000217437744,-48.779998779296875,1776886061.94
3.2929999828338623,5.24399995803833,-24.93899917602539,1776886062.362
3.5980000495910645,-3.2320001125335693,-29.93899917602539,1776886062.375
-4.75600004196167,-3.4149999618530273,-35.18299865722656,1776886062.401
-2.194999933242798,-9.817000389099121,-36.88999938964844,1776886062.417
-8.597999572753906,-4.572999954223633,-44.38999938964844,1776886062.445
17.134000778198242,-5.793000221252441,-46.4630012512207,1776886062.862
-21.584999084472656,-36.097999572753906,-63.5369987487793,1776886062.886
-50.487998962402344,-30.73200035095215,-87.86599731445312,1776886062.898
-54.32899856567383,-9.02400016784668,-114.14600372314453,1776886062.923
19.02400016784668,47.74399948120117,-88.77999877929688,1776886062.935
-0.18299999833106995,0.4880000054836273,1.5850000381469727,1776886063.361
0.5490000247955322,-0.8539999723434448,-3.5369999408721924,1776886063.376
-0.4880000054836273,0.061000000685453415,-2.438999891281128,1776886063.403
-0.24400000274181366,0.3659999966621399,-1.340999960899353,1776886063.416
0.0,-0.18299999833106995,-3.0490000247955322,1776886063.442
-0.061000000685453415,0.3050000071525574,-1.5240000486373901,1776886063.858
0.0,0.24400000274181366,-1.5240000486373901,1776886063.884
0.12200000137090683,0.24400000274181366,-1.4019999504089355,1776886063.895
0.061000000685453415,0.3050000071525574,-1.4630000591278076,1776886063.921
0.0,0.24400000274181366,-1.5240000486373901,1776886063.937
0.061000000685453415,0.3050000071525574,-1.5850000381469727,1776886064.362
0.061000000685453415,0.3050000071525574,-1.5240000486373901,1776886064.375
0.061000000685453415,0.18299999833106995,-1.5850000381469727,1776886064.401
0.0,0.18299999833106995,-1.5240000486373901,1776886064.417
0.061000000685453415,0.3050000071525574,-1.5850000381469727,1776886064.436
0.5490000247955322,0.5490000247955322,-0.4880000054836273,1776886064.861
0.3659999966621399,0.24400000274181366,-1.7070000171661377,1776886064.88
0.7319999933242798,0.3659999966621399,13.779999732971191,1776886064.896
0.12200000137090683,0.6100000143051147,2.194999933242798,1776886064.922
-1.159000039100647,2.683000087738037,6.4629998207092285,1776886064.935
0.9760000109672546,-1.8289999961853027,12.621999740600586,1776886065.377
-0.18299999833106995,-0.5490000247955322,6.889999866485596,1776886065.395
-0.24400000274181366,-1.340999960899353,4.939000129699707,1776886065.421
-2.316999912261963,0.7929999828338623,2.561000108718872,1776886065.44
1.5240000486373901,0.24400000274181366,4.877999782562256,1776886065.456
-0.3659999966621399,0.6710000038146973,-0.061000000685453415,1776886065.856
-0.3659999966621399,0.6100000143051147,1.0980000495910645,1776886065.883
-4.085000038146973,1.8899999856948853,9.572999954223633,1776886065.895
2.98799991607666,1.7070000171661377,5.366000175476074,1776886065.923
0.4880000054836273,-0.061000000685453415,9.51200008392334,1776886065.935
-0.3659999966621399,-0.18299999833106995,-2.805000066757202,1776886066.375
-15.060999870300293,0.4269999861717224,-1.6460000276565552,1776886066.401
-0.5490000247955322,0.6710000038146973,-4.145999908447266,1776886066.416
0.3050000071525574,-0.3050000071525574,0.4269999861717224,1776886066.443
0.061000000685453415,0.18299999833106995,-2.25600004196167,1776886066.456
-0.061000000685453415,0.24400000274181366,-1.5240000486373901,1776886067.376
0.061000000685453415,0.3050000071525574,-1.4630000591278076,1776886067.402
0.061000000685453415,0.3050000071525574,-1.5240000486373901,1776886067.415
0.0,0.24400000274181366,-1.4630000591278076,1776886067.441
-0.061000000685453415,0.24400000274181366,-1.5240000486373901,1776886067.456
0.061000000685453415,0.6100000143051147,-2.378000020980835,1776886067.892
-0.3050000071525574,0.061000000685453415,0.3050000071525574,1776886067.903
1.340999960899353,-0.061000000685453415,-0.4269999861717224,1776886067.916
-0.7929999828338623,-0.3050000071525574,2.134000062942505,1776886067.941
-1.340999960899353,0.061000000685453415,1.0369999408721924,1776886067.955
-1.7680000066757202,-0.12200000137090683,-2.01200008392334,1776886068.379
-1.7680000066757202,-0.12200000137090683,-2.01200008392334,1776886068.398
-1.6460000276565552,0.9760000109672546,-0.7929999828338623,1776886068.415
-0.9760000109672546,0.3050000071525574,7.195000171661377,1776886068.441
3.7200000286102295,0.3050000071525574,5.73199987411499,1776886068.455
-0.6100000143051147,1.2799999713897705,15.854000091552734,1776886068.876
-1.9509999752044678,0.4269999861717224,25.854000091552734,1776886068.902
-1.8289999961853027,2.072999954223633,35.487998962402344,1776886068.916
2.194999933242798,-6.0980000495910645,44.87799835205078,1776886068.941
7.072999954223633,-6.52400016784668,59.45100021362305,1776886068.956
0.061000000685453415,0.061000000685453415,-0.3050000071525574,1776886069.376
-0.18299999833106995,0.061000000685453415,-1.4630000591278076,1776886069.402
-0.18299999833106995,0.061000000685453415,-1.4630000591278076,1776886069.415
-0.18299999833106995,0.061000000685453415,-1.4630000591278076,1776886069.441
-0.12200000137090683,0.24400000274181366,-1.7680000066757202,1776886069.458
0.12200000137090683,0.3050000071525574,-1.2799999713897705,1776886069.903
0.061000000685453415,0.24400000274181366,-1.6460000276565552,1776886069.916
0.061000000685453415,0.18299999833106995,-1.4630000591278076,1776886069.944
0.0,0.24400000274181366,-1.4019999504089355,1776886069.955
0.0,0.12200000137090683,-0.6710000038146973,1776886069.981
-0.061000000685453415,0.24400000274181366,-1.5850000381469727,1776886070.398
0.12200000137090683,0.12200000137090683,-1.2799999713897705,1776886070.416
0.12200000137090683,0.12200000137090683,-1.2799999713897705,1776886070.442
0.12200000137090683,0.12200000137090683,-1.2799999713897705,1776886070.455
0.0,0.18299999833106995,-1.7070000171661377,1776886070.483
0.061000000685453415,0.24400000274181366,-1.6460000276565552,1776886070.899
0.0,0.12200000137090683,-3.2320001125335693,1776886070.916
-0.4880000054836273,0.24400000274181366,-2.621999979019165,1776886070.943
0.18299999833106995,0.18299999833106995,-0.4880000054836273,1776886070.956
-0.12200000137090683,0.4269999861717224,-2.25600004196167,1776886070.983
-5.854000091552734,5.48799991607666,3.9019999504089355,1776886071.408
-0.3050000071525574,2.25600004196167,-4.145999908447266,1776886071.418
0.9150000214576721,1.340999960899353,-9.451000213623047,1776886071.444
-0.4269999861717224,-4.51200008392334,-9.878000259399414,1776886071.457
-0.4269999861717224,-4.51200008392334,-9.878000259399414,1776886071.476
-1.340999960899353,0.18299999833106995,-5.97599983215332,1776886071.895
2.378000020980835,0.0,0.4880000054836273,1776886071.921
-2.621999979019165,0.12200000137090683,-0.9760000109672546,1776886071.936
2.316999912261963,0.4880000054836273,-1.159000039100647,1776886071.962
-0.061000000685453415,0.18299999833106995,1.7680000066757202,1776886071.975
-0.061000000685453415,0.12200000137090683,-1.5240000486373901,1776886072.402
-0.12200000137090683,0.24400000274181366,-1.6460000276565552,1776886072.417
0.061000000685453415,0.3050000071525574,-1.5850000381469727,1776886072.444
0.061000000685453415,0.3050000071525574,-1.5240000486373901,1776886072.456
0.061000000685453415,0.24400000274181366,-1.4630000591278076,1776886072.481
3.4149999618530273,1.0369999408721924,2.927000045776367,1776886072.897
-0.4269999861717224,0.0,1.9509999752044678,1776886072.924
-1.2799999713897705,1.0369999408721924,0.4269999861717224,1776886072.935
2.5,0.12200000137090683,4.939000129699707,1776886072.961
-0.4269999861717224,0.4880000054836273,1.159000039100647,1776886072.976
-5.0,0.4269999861717224,7.439000129699707,1776886073.396
-10.609999656677246,-2.561000108718872,8.779999732971191,1776886073.421
10.121999740600586,3.1710000038146973,23.47599983215332,1776886073.436
-4.389999866485596,-13.840999603271484,20.610000610351562,1776886073.464
5.24399995803833,-3.2929999828338623,25.792999267578125,1776886073.476
3.6589999198913574,3.2929999828338623,16.097999572753906,1776886073.896
2.378000020980835,2.25600004196167,11.220000267028809,1776886073.922
-1.4630000591278076,-0.12200000137090683,16.645999908447266,1776886073.936
-4.02400016784668,0.0,16.219999313354492,1776886073.966
-1.0369999408721924,6.0370001792907715,10.609999656677246,1776886073.977
0.5490000247955322,-3.7799999713897705,16.889999389648438,1776886074.403
2.74399995803833,0.6710000038146973,15.182999610900879,1776886074.417
2.01200008392334,2.378000020980835,17.80500030517578,1776886074.442
0.4269999861717224,1.159000039100647,21.159000396728516,1776886074.456
-2.194999933242798,-2.683000087738037,22.134000778198242,1776886074.481
-22.988000869750977,-1.8289999961853027,-57.43899917602539,1776886074.902
-14.329000473022461,25.792999267578125,-25.792999267578125,1776886074.916
-12.01200008392334,18.47599983215332,-12.133999824523926,1776886074.936
-15.548999786376953,9.206999778747559,-9.329000473022461,1776886074.961
-2.5,-1.5240000486373901,-8.048999786376953,1776886074.976
0.0,0.3659999966621399,-1.5240000486373901,1776886075.417
0.0,0.24400000274181366,-1.5240000486373901,1776886075.443
0.0,0.24400000274181366,-1.5850000381469727,1776886075.457
-0.061000000685453415,0.3659999966621399,14.085000038146973,1776886075.483
0.0,0.24400000274181366,-1.4630000591278076,1776886075.496
0.0,0.3050000071525574,-1.5240000486373901,1776886075.899
-0.061000000685453415,0.3050000071525574,-1.5850000381469727,1776886075.924
0.0,0.24400000274181366,-1.5240000486373901,1776886075.936
0.0,0.3050000071525574,-1.5850000381469727,1776886075.961
-0.061000000685453415,0.3659999966621399,-1.4630000591278076,1776886075.976
-0.12200000137090683,-0.24400000274181366,2.01200008392334,1776886076.416
-0.5490000247955322,0.3659999966621399,-2.805000066757202,1776886076.442
0.5490000247955322,0.3659999966621399,0.4269999861717224,1776886076.456
0.5490000247955322,0.18299999833106995,0.3659999966621399,1776886076.484
-0.18299999833106995,-0.4880000054836273,4.939000129699707,1776886076.498
2.134000062942505,0.9150000214576721,-1.0369999408721924,1776886076.922
-0.3659999966621399,0.5490000247955322,-2.561000108718872,1776886076.937
0.061000000685453415,-0.12200000137090683,-0.061000000685453415,1776886076.962
0.3050000071525574,0.3050000071525574,-1.5240000486373901,1776886076.976
-3.2320001125335693,0.9760000109672546,2.805000066757202,1776886077.002
-8.659000396728516,-3.0490000247955322,47.62200164794922,1776886077.921
-3.2929999828338623,-5.48799991607666,26.340999603271484,1776886077.937
-4.26800012588501,-7.072999954223633,23.840999603271484,1776886077.963
9.878000259399414,-0.3050000071525574,41.52399826049805,1776886077.976
-6.951000213623047,2.134000062942505,26.340999603271484,1776886078.002
8.414999961853027,-7.74399995803833,34.87799835205078,1776886078.417
-1.2799999713897705,-0.24400000274181366,38.415000915527344,1776886078.442
-5.183000087738037,-5.73199987411499,45.54899978637695,1776886078.456
4.75600004196167,4.633999824523926,48.902000427246094,1776886078.483
-8.779999732971191,6.76800012588501,33.9630012512207,1776886078.496
0.24400000274181366,-0.9150000214576721,-1.8289999961853027,1776886078.923
0.0,0.7319999933242798,-1.8899999856948853,1776886078.936
-15.366000175476074,0.6710000038146973,-0.4880000054836273,1776886078.962
0.18299999833106995,-0.3050000071525574,-2.438999891281128,1776886078.976
0.061000000685453415,-0.061000000685453415,-2.01200008392334,1776886079.003
0.0,0.24400000274181366,-1.5240000486373901,1776886079.416
0.0,0.3050000071525574,-1.5240000486373901,1776886079.447
-0.061000000685453415,0.24400000274181366,-1.5240000486373901,1776886079.458
0.061000000685453415,0.18299999833106995,-1.5240000486373901,1776886079.484
0.061000000685453415,0.3050000071525574,-1.5240000486373901,1776886079.496
-0.18299999833106995,0.3050000071525574,5.48799991607666,1776886079.919
-1.159000039100647,1.340999960899353,4.816999912261963,1776886079.936
-1.159000039100647,0.6710000038146973,-3.5980000495910645,1776886079.962
-0.4269999861717224,-0.12200000137090683,-1.6460000276565552,1776886079.976
0.061000000685453415,0.24400000274181366,0.8539999723434448,1776886080.001
5.671000003814697,-1.7070000171661377,26.280000686645508,1776886080.436
4.02400016784668,1.7070000171661377,30.915000915527344,1776886080.457
0.4269999861717224,-4.389999866485596,27.927000045776367,1776886080.483
-1.8289999961853027,-1.5240000486373901,25.610000610351562,1776886080.502
-4.572999954223633,-2.134000062942505,23.415000915527344,1776886080.516
-6.76800012588501,22.072999954223633,54.268001556396484,1776886081.416
-9.572999954223633,4.206999778747559,49.268001556396484,1776886081.442
-6.706999778747559,-11.159000396728516,61.097999572753906,1776886081.457
20.73200035095215,7.866000175476074,59.145999908447266,1776886081.483
2.072999954223633,11.706999778747559,44.573001861572266,1776886081.496
-7.01200008392334,4.572999954223633,44.69499969482422,1776886081.936
-19.451000213623047,-2.438999891281128,28.110000610351562,1776886081.961
3.5980000495910645,-12.5,26.584999084472656,1776886081.976
12.255999565124512,14.145999908447266,44.63399887084961,1776886082.002
-17.927000045776367,2.74399995803833,40.854000091552734,1776886082.016
-0.6710000038146973,0.061000000685453415,-3.4760000705718994,1776886082.436
-14.633999824523926,-0.18299999833106995,-0.6710000038146973,1776886082.462
0.061000000685453415,-0.4880000054836273,0.061000000685453415,1776886082.481
0.3050000071525574,0.12200000137090683,-2.438999891281128,1776886082.496
-0.24400000274181366,0.7319999933242798,-0.3050000071525574,1776886082.522
0.0,0.24400000274181366,-1.4019999504089355,1776886082.936
0.061000000685453415,0.3050000071525574,-1.4630000591278076,1776886082.963
0.12200000137090683,0.18299999833106995,-1.4630000591278076,1776886082.976
0.061000000685453415,0.3050000071525574,-1.4630000591278076,1776886083.002
0.0,0.24400000274181366,-1.5240000486373901,1776886083.016
0.0,0.24400000274181366,-1.4630000591278076,1776886083.441
0.0,0.24400000274181366,-1.5240000486373901,1776886083.456
0.0,0.3659999966621399,-1.5240000486373901,1776886083.482
0.0,0.18299999833106995,-1.5240000486373901,1776886083.496
0.0,0.18299999833106995,-1.340999960899353,1776886083.521
-17.621999740600586,4.75600004196167,-16.645999908447266,1776886083.938
-4.145999908447266,-1.4630000591278076,-7.377999782562256,1776886083.956
-18.110000610351562,-13.048999786376953,-13.414999961853027,1776886083.982
-27.011999130249023,-17.80500030517578,-16.889999389648438,1776886083.999
-8.170999526977539,-12.927000045776367,-12.317000389099121,1776886084.017
5.671000003814697,22.80500030517578,-1.2200000286102295,1776886084.442
5.0,24.756000518798828,-0.061000000685453415,1776886084.456
-8.840999603271484,16.645999908447266,-1.2799999713897705,1776886084.482
-11.52400016784668,14.694999694824219,-2.98799991607666,1776886084.496
2.621999979019165,8.232000350952148,-5.122000217437744,1776886084.523
-2.134000062942505,1.6460000276565552,2.072999954223633,1776886084.936
-1.5850000381469727,4.389999866485596,1.5850000381469727,1776886084.962
3.3540000915527344,-3.5369999408721924,-1.6460000276565552,1776886084.979
4.877999782562256,-4.206999778747559,-3.109999895095825,1776886084.996
6.341000080108643,-7.01200008392334,-2.25600004196167,1776886085.022
0.4880000054836273,-0.6710000038146973,-2.5,1776886085.436
0.4269999861717224,0.0,-2.683000087738037,1776886085.462
-1.2200000286102295,1.5240000486373901,-4.51200008392334,1776886085.487
-0.4880000054836273,2.25600004196167,-6.4629998207092285,1776886085.498
0.9150000214576721,-1.2200000286102295,-5.793000221252441,1776886085.524
-3.9630000591278076,3.3540000915527344,-10.121999740600586,1776886085.943
-0.3659999966621399,1.4019999504089355,-9.329000473022461,1776886085.956
1.0369999408721924,1.0980000495910645,-5.97599983215332,1776886085.983
0.24400000274181366,1.340999960899353,-3.0490000247955322,1776886085.999
2.194999933242798,-1.6460000276565552,-5.854000091552734,1776886086.017
-1.6460000276565552,4.572999954223633,-9.145999908447266,1776886086.457
-0.9760000109672546,1.159000039100647,-5.914999961853027,1776886086.483
-3.8410000801086426,5.427000045776367,-3.1710000038146973,1776886086.496
-3.9630000591278076,2.621999979019165,-14.329000473022461,1776886086.522
2.74399995803833,2.194999933242798,-17.927000045776367,1776886086.536
-0.4880000054836273,6.828999996185303,-10.548999786376953,1776886086.942
0.3050000071525574,1.9509999752044678,-16.03700065612793,1776886086.958
12.072999954223633,2.072999954223633,-27.256000518798828,1776886086.976
7.25600004196167,14.755999565124512,-56.88999938964844,1776886087.002
-0.4269999861717224,16.52400016784668,-53.5369987487793,1776886087.016
12.133999824523926,-12.439000129699707,-26.219999313354492,1776886087.456
9.085000038146973,12.01200008392334,-37.19499969482422,1776886087.476
-0.24400000274181366,10.854000091552734,-42.80500030517578,1776886087.502
0.6100000143051147,8.414999961853027,-41.4630012512207,1776886087.518
-1.8899999856948853,12.133999824523926,-43.11000061035156,1776886087.537
-1.4019999504089355,1.7070000171661377,-0.24400000274181366,1776886087.963
-1.4019999504089355,1.7070000171661377,-0.24400000274181366,1776886087.976
-2.01200008392334,1.8289999961853027,-0.5490000247955322,1776886088.002
-0.7319999933242798,0.7929999828338623,-0.7319999933242798,1776886088.019
0.6100000143051147,-0.3050000071525574,-2.194999933242798,1776886088.036
0.3050000071525574,0.061000000685453415,-1.5850000381469727,1776886088.462
0.6710000038146973,0.0,-2.378000020980835,1776886088.476
3.4760000705718994,-2.072999954223633,-3.4149999618530273,1776886088.497
2.438999891281128,-2.5,-0.8539999723434448,1776886088.523
7.927000045776367,-8.293000221252441,-2.194999933242798,1776886088.536
-15.609999656677246,9.206999778747559,13.902000427246094,1776886088.962
-15.609999656677246,9.206999778747559,13.902000427246094,1776886088.976
-15.609999656677246,9.206999778747559,13.902000427246094,1776886089.007
55.36600112915039,52.56100082397461,-6.585000038146973,1776886089.018
71.88999938964844,58.840999603271484,-3.4760000705718994,1776886089.044
-78.77999877929688,44.75600051879883,7.377999782562256,1776886089.461
-78.77999877929688,-2.5,-12.255999565124512,1776886089.476
-37.56100082397461,-12.5,-1.2799999713897705,1776886089.502
14.085000038146973,-20.67099952697754,11.585000038146973,1776886089.517
7.74399995803833,-19.69499969482422,6.4629998207092285,1776886089.542
2.5,-0.4880000054836273,6.951000213623047,1776886089.962
2.5,-0.4880000054836273,6.951000213623047,1776886089.976
2.5,-0.4880000054836273,6.951000213623047,1776886090.005
0.6710000038146973,0.6710000038146973,7.927000045776367,1776886090.016
2.134000062942505,0.6100000143051147,-1.340999960899353,1776886090.042
1.2799999713897705,0.4269999861717224,4.51200008392334,1776886090.456
15.732000350952148,0.061000000685453415,5.0,1776886090.482
4.939000129699707,0.9760000109672546,14.694999694824219,1776886090.496
3.1710000038146973,1.0980000495910645,21.76799964904785,1776886090.517
4.816999912261963,0.061000000685453415,17.865999221801758,1776886090.543
2.561000108718872,0.061000000685453415,29.451000213623047,1776886090.959
3.9019999504089355,4.633999824523926,40.67100143432617,1776886090.976
1.0980000495910645,1.0980000495910645,40.792999267578125,1776886091.002
1.0980000495910645,1.0980000495910645,40.792999267578125,1776886091.016
1.0980000495910645,1.0980000495910645,40.792999267578125,1776886091.039
-0.8539999723434448,0.7319999933242798,-1.2200000286102295,1776886091.476
-0.7319999933242798,0.24400000274181366,-2.194999933242798,1776886091.502
-0.12200000137090683,0.24400000274181366,-1.2799999713897705,1776886091.519
0.5490000247955322,0.24400000274181366,-1.7680000066757202,1776886091.536
0.061000000685453415,0.3659999966621399,14.02400016784668,1776886091.562
-0.12200000137090683,0.24400000274181366,-1.4019999504089355,1776886091.976
0.061000000685453415,0.24400000274181366,-1.4630000591278076,1776886092.002
0.061000000685453415,0.3050000071525574,-1.5850000381469727,1776886092.016
0.061000000685453415,0.3050000071525574,-1.5850000381469727,1776886092.042
0.061000000685453415,0.3050000071525574,-1.5850000381469727,1776886092.056
-8.779999732971191,3.8410000801086426,-3.0490000247955322,1776886092.481
-8.293000221252441,1.7680000066757202,-2.01200008392334,1776886092.496
-9.878000259399414,1.4019999504089355,-0.9150000214576721,1776886092.522
-12.805000305175781,-0.3659999966621399,0.24400000274181366,1776886092.536
-8.720000267028809,-1.7680000066757202,0.8539999723434448,1776886092.562
0.4269999861717224,-5.548999786376953,-1.7070000171661377,1776886092.976
-0.6710000038146973,-3.3540000915527344,-0.5490000247955322,1776886093.002
-2.621999979019165,-1.5850000381469727,-1.2799999713897705,1776886093.016
-1.9509999752044678,0.9760000109672546,-2.316999912261963,1776886093.042
13.720000267028809,2.438999891281128,-1.6460000276565552,1776886093.056
0.061000000685453415,0.3050000071525574,-1.5240000486373901,1776886093.482
0.061000000685453415,0.18299999833106995,-1.5850000381469727,1776886093.496
0.0,0.3050000071525574,-1.5850000381469727,1776886093.522
0.061000000685453415,0.3659999966621399,-1.5850000381469727,1776886093.536
0.12200000137090683,0.18299999833106995,-1.4630000591278076,1776886093.564
0.12200000137090683,0.3659999966621399,-1.7070000171661377,1776886093.979
0.6710000038146973,0.3050000071525574,-0.12200000137090683,1776886094.005
-0.6100000143051147,0.4269999861717224,-1.5240000486373901,1776886094.016
2.805000066757202,0.9150000214576721,-4.572999954223633,1776886094.042
-0.7929999828338623,1.159000039100647,2.438999891281128,1776886094.056
-0.18299999833106995,0.12200000137090683,-1.7070000171661377,1776886094.978
-0.061000000685453415,0.061000000685453415,-1.4630000591278076,1776886095.005
0.6100000143051147,0.3659999966621399,-1.4630000591278076,1776886095.016
0.0,0.3050000071525574,-1.4630000591278076,1776886095.042
-0.24400000274181366,0.18299999833106995,-1.340999960899353,1776886095.056
2.98799991607666,1.0980000495910645,-2.134000062942505,1776886095.502
-2.316999912261963,-0.6710000038146973,-9.451000213623047,1776886095.521
-1.6460000276565552,-13.840999603271484,-5.304999828338623,1776886095.544
4.633999824523926,0.9150000214576721,-5.671000003814697,1776886095.565
1.0980000495910645,-0.7929999828338623,-10.182999610900879,1776886095.576
2.01200008392334,-0.5490000247955322,-23.292999267578125,1776886095.977
1.5850000381469727,2.194999933242798,-26.46299934387207,1776886096.002
-1.5240000486373901,-0.6710000038146973,-21.402000427246094,1776886096.016
-5.24399995803833,2.561000108718872,-2.01200008392334,1776886096.042
-2.805000066757202,0.18299999833106995,-18.47599983215332,1776886096.056
2.74399995803833,-0.6710000038146973,-38.840999603271484,1776886096.496
1.7680000066757202,-2.01200008392334,-40.12200164794922,1776886096.522
1.8899999856948853,-1.8899999856948853,-35.97600173950195,1776886096.536
0.9150000214576721,-2.438999891281128,-34.45100021362305,1776886096.563
-1.2200000286102295,0.9760000109672546,-33.597999572753906,1776886096.577
-0.8539999723434448,-2.194999933242798,-31.889999389648438,1776886097.003
-4.02400016784668,6.52400016784668,-35.915000915527344,1776886097.016
0.7319999933242798,3.0490000247955322,-37.19499969482422,1776886097.042
6.706999778747559,-2.134000062942505,-37.68299865722656,1776886097.056
1.4019999504089355,-1.8289999961853027,-41.768001556396484,1776886097.076
-0.12200000137090683,0.12200000137090683,-1.7070000171661377,1776886097.496
-0.18299999833106995,0.061000000685453415,-1.5240000486373901,1776886097.524
0.18299999833106995,0.3659999966621399,-1.6460000276565552,1776886097.536
0.061000000685453415,0.24400000274181366,-1.5240000486373901,1776886097.563
0.0,0.18299999833106995,-1.4630000591278076,1776886097.576
0.12200000137090683,0.24400000274181366,-1.4630000591278076,1776886098.002
0.18299999833106995,0.18299999833106995,-2.072999954223633,1776886098.017
-0.3659999966621399,0.3659999966621399,-1.340999960899353,1776886098.045
0.12200000137090683,-0.12200000137090683,-0.5490000247955322,1776886098.056
-0.6710000038146973,0.12200000137090683,-0.6710000038146973,1776886098.082
-3.2929999828338623,5.671000003814697,-1.4019999504089355,1776886098.503
-1.7680000066757202,8.902000427246094,1.159000039100647,1776886098.516
0.6100000143051147,11.706999778747559,0.6710000038146973,1776886098.545
8.779999732971191,5.793000221252441,-2.316999912261963,1776886098.559
12.5,2.98799991607666,-2.621999979019165,1776886098.578
3.9630000591278076,12.255999565124512,4.633999824523926,1776886098.996
0.0,12.317000389099121,5.48799991607666,1776886099.023
-26.76799964904785,6.341000080108643,2.134000062942505,1776886099.039
-31.340999603271484,-2.5,-0.3050000071525574,1776886099.065
1.159000039100647,-6.21999979019165,-3.7200000286102295,1776886099.076
-0.24400000274181366,0.18299999833106995,-1.2200000286102295,1776886099.522
0.0,0.12200000137090683,-1.6460000276565552,1776886099.537
0.7319999933242798,0.24400000274181366,-1.8289999961853027,1776886099.565
0.0,0.24400000274181366,-1.340999960899353,1776886099.576
-0.18299999833106995,0.3659999966621399,-1.7070000171661377,1776886099.602
1.2200000286102295,0.3050000071525574,-6.52400016784668,1776886100.018
0.8539999723434448,0.9760000109672546,-5.854000091552734,1776886100.045
0.0,0.6710000038146973,-6.158999919891357,1776886100.056
-0.24400000274181366,1.8899999856948853,-7.804999828338623,1776886100.082
5.427000045776367,1.340999960899353,-12.317000389099121,1776886100.096
1.7680000066757202,-2.316999912261963,-21.76799964904785,1776886100.523
0.9150000214576721,-0.3659999966621399,-19.084999084472656,1776886100.536
1.0369999408721924,0.5490000247955322,-23.902000427246094,1776886100.563
2.927000045776367,-0.5490000247955322,-29.207000732421875,1776886100.586
2.5,-3.9630000591278076,-33.04899978637695,1776886100.596
1.159000039100647,4.572999954223633,-22.5,1776886101.023
2.072999954223633,-0.12200000137090683,-23.048999786376953,1776886101.041
5.914999961853027,-0.6100000143051147,-11.402000427246094,1776886101.057
4.633999824523926,1.5240000486373901,-6.4019999504089355,1776886101.083
-6.21999979019165,0.8539999723434448,1.5850000381469727,1776886101.096
0.061000000685453415,0.24400000274181366,-1.5240000486373901,1776886102.023
0.0,0.24400000274181366,-1.5850000381469727,1776886102.039
0.061000000685453415,0.3050000071525574,-1.4630000591278076,1776886102.056
0.0,0.24400000274181366,-1.5240000486373901,1776886102.082
0.061000000685453415,0.3050000071525574,-1.5240000486373901,1776886102.096
13.232000350952148,-1.6460000276565552,3.109999895095825,1776886102.523
9.939000129699707,-0.7319999933242798,5.914999961853027,1776886102.536
7.01200008392334,-2.072999954223633,-3.4760000705718994,1776886102.563
8.963000297546387,-2.74399995803833,3.6589999198913574,1776886102.577
-11.220000267028809,-0.7929999828338623,7.133999824523926,1776886102.603
-0.18299999833106995,8.597999572753906,-1.2200000286102295,1776886103.016
3.9630000591278076,0.6710000038146973,-3.2929999828338623,1776886103.042
6.158999919891357,-6.158999919891357,-2.5,1776886103.056
5.548999786376953,-8.536999702453613,-1.7070000171661377,1776886103.083
5.24399995803833,-9.51200008392334,-1.0980000495910645,1776886103.096
-9.51200008392334,3.1710000038146973,-0.24400000274181366,1776886103.523
-3.3540000915527344,15.48799991607666,-7.622000217437744,1776886103.536
0.8539999723434448,4.389999866485596,-1.8899999856948853,1776886103.562
-4.877999782562256,-5.671000003814697,-1.0369999408721924,1776886103.576
-0.4269999861717224,-2.683000087738037,-3.9630000591278076,1776886103.602
-0.4880000054836273,0.4880000054836273,-1.159000039100647,1776886104.016
0.3050000071525574,0.18299999833106995,-1.5850000381469727,1776886104.048
0.18299999833106995,0.3659999966621399,-1.0980000495910645,1776886104.066
1.159000039100647,0.12200000137090683,0.9760000109672546,1776886104.08
-0.24400000274181366,0.12200000137090683,0.12200000137090683,1776886104.096
-2.561000108718872,-0.5490000247955322,4.085000038146973,1776886104.516
-0.5490000247955322,0.4269999861717224,4.26800012588501,1776886104.536
-1.2200000286102295,0.24400000274181366,3.3540000915527344,1776886104.562
-1.159000039100647,1.2200000286102295,1.2200000286102295,1776886104.577
-2.316999912261963,-0.4269999861717224,5.73199987411499,1776886104.606
0.12200000137090683,0.5490000247955322,29.145999908447266,1776886105.023
-0.5490000247955322,-0.18299999833106995,32.74399948120117,1776886105.039
1.340999960899353,0.5490000247955322,29.207000732421875,1776886105.061
0.12200000137090683,1.159000039100647,24.756000518798828,1776886105.076
0.12200000137090683,-1.9509999752044678,21.340999603271484,1776886105.104
0.0,0.3050000071525574,-1.340999960899353,1776886105.525
0.0,0.4269999861717224,-1.7070000171661377,1776886105.536
0.0,0.3659999966621399,-1.4630000591278076,1776886105.562
0.12200000137090683,0.18299999833106995,-1.6460000276565552,1776886105.576
0.061000000685453415,0.3659999966621399,-1.5240000486373901,1776886105.602
0.061000000685453415,0.3050000071525574,-1.4630000591278076,1776886106.025
0.061000000685453415,0.3050000071525574,-1.4630000591278076,1776886106.037
0.0,0.3050000071525574,-1.5850000381469727,1776886106.062
0.0,0.3050000071525574,-1.340999960899353,1776886106.079
0.0,0.24400000274181366,-1.5240000486373901,1776886106.099
18.17099952697754,1.2200000286102295,-6.28000020980835,1776886106.543
16.645999908447266,2.378000020980835,-3.3540000915527344,1776886106.559
49.512001037597656,-44.573001861572266,-42.987998962402344,1776886106.576
61.220001220703125,-25.610000610351562,-30.488000869750977,1776886106.602
58.47600173950195,-13.536999702453613,3.9630000591278076,1776886106.616
26.097999572753906,19.572999954223633,-15.121999740600586,1776886107.022
26.097999572753906,19.572999954223633,-15.121999740600586,1776886107.038
4.633999824523926,6.828999996185303,1.0980000495910645,1776886107.064
10.427000045776367,5.73199987411499,4.26800012588501,1776886107.076
18.048999786376953,11.829000473022461,-0.4269999861717224,1776886107.096
9.878000259399414,-22.743999481201172,-26.951000213623047,1776886107.537
20.97599983215332,-17.072999954223633,-20.488000869750977,1776886107.567
31.46299934387207,-15.244000434875488,-14.572999954223633,1776886107.578
62.43899917602539,-0.18299999833106995,-1.6460000276565552,1776886107.604
62.56100082397461,7.133999824523926,-2.134000062942505,1776886107.616
1.6460000276565552,0.5490000247955322,-1.5850000381469727,1776886108.021
-0.4269999861717224,-0.061000000685453415,-2.072999954223633,1776886108.036
-0.4269999861717224,-0.061000000685453415,-2.072999954223633,1776886108.062
-0.4269999861717224,-0.061000000685453415,-2.072999954223633,1776886108.079
-1.8289999961853027,-1.2799999713897705,-1.8899999856948853,1776886108.097
-0.061000000685453415,0.18299999833106995,-1.5240000486373901,1776886108.536
0.0,0.12200000137090683,-1.4630000591278076,1776886108.562
-0.12200000137090683,0.18299999833106995,-1.5240000486373901,1776886108.576
-0.061000000685453415,0.18299999833106995,-1.4630000591278076,1776886108.606
0.0,0.24400000274181366,-1.4630000591278076,1776886108.617
2.316999912261963,-1.340999960899353,-2.378000020980835,1776886109.043
2.316999912261963,-1.340999960899353,-2.378000020980835,1776886109.057
2.316999912261963,-1.340999960899353,-2.378000020980835,1776886109.083
-1.5240000486373901,0.3659999966621399,-2.561000108718872,1776886109.096
1.159000039100647,-2.072999954223633,-5.73199987411499,1776886109.123
11.097999572753906,-36.340999603271484,19.02400016784668,1776886109.537
-12.866000175476074,-5.0,26.76799964904785,1776886109.556
-23.048999786376953,4.572999954223633,24.93899917602539,1776886109.584
-20.97599983215332,-4.02400016784668,15.121999740600586,1776886109.599
-0.8539999723434448,-10.0,19.572999954223633,1776886109.617
35.36600112915039,36.95100021362305,-3.4760000705718994,1776886110.563
27.5,30.67099952697754,-8.659000396728516,1776886110.577
27.5,30.67099952697754,-8.659000396728516,1776886110.603
27.5,30.67099952697754,-8.659000396728516,1776886110.616
27.5,30.67099952697754,-8.659000396728516,1776886110.642
0.9760000109672546,-1.7680000066757202,-5.24399995803833,1776886111.556
6.0370001792907715,-3.2320001125335693,-14.02400016784668,1776886111.584
6.0370001792907715,-3.2320001125335693,-14.02400016784668,1776886111.601
6.0370001792907715,-3.2320001125335693,-14.02400016784668,1776886111.616
6.0370001792907715,-3.2320001125335693,-14.02400016784668,1776886111.642
-2.438999891281128,-0.6710000038146973,-21.584999084472656,1776886112.058
1.6460000276565552,1.7680000066757202,-11.463000297546387,1776886112.084
-5.548999786376953,0.7929999828338623,1.6460000276565552,1776886112.096
0.9760000109672546,-5.914999961853027,-2.927000045776367,1776886112.116
-1.7680000066757202,1.5850000381469727,-17.988000869750977,1776886112.143
-0.3659999966621399,-0.7929999828338623,-1.4630000591278076,1776886112.559
-0.6100000143051147,-0.9760000109672546,-1.7680000066757202,1776886112.576
-0.061000000685453415,0.0,-1.7070000171661377,1776886112.602
-0.061000000685453415,0.0,-1.7070000171661377,1776886112.616
-0.061000000685453415,0.0,-1.7070000171661377,1776886112.642
37.62200164794922,5.48799991607666,-24.816999435424805,1776886113.056
35.915000915527344,8.232000350952148,-64.20700073242188,1776886113.085
0.7929999828338623,20.67099952697754,-72.5,1776886113.096
-23.47599983215332,24.207000732421875,-78.1709976196289,1776886113.122
-24.26799964904785,13.232000350952148,-76.27999877929688,1776886113.137
0.3050000071525574,0.7319999933242798,-1.5240000486373901,1776886114.065
-0.4880000054836273,-0.6710000038146973,-1.4630000591278076,1776886114.08
-0.7929999828338623,-0.8539999723434448,-1.5850000381469727,1776886114.097
-0.5490000247955322,-0.6100000143051147,-1.8289999961853027,1776886114.122
0.3659999966621399,0.7319999933242798,-1.5240000486373901,1776886114.138
0.061000000685453415,-0.6710000038146973,1.0980000495910645,1776886115.057
5.366000175476074,2.865999937057495,-5.548999786376953,1776886115.083
-3.9019999504089355,-1.4630000591278076,-3.9019999504089355,1776886115.097
-7.133999824523926,4.206999778747559,-2.378000020980835,1776886115.123
-10.548999786376953,-15.609999656677246,-1.8289999961853027,1776886115.137
-3.0490000247955322,3.6589999198913574,-3.5980000495910645,1776886115.577
-5.48799991607666,-9.878000259399414,0.6710000038146973,1776886115.602
1.5850000381469727,-9.206999778747559,3.6589999198913574,1776886115.618
-4.816999912261963,-2.01200008392334,-3.2320001125335693,1776886115.645
-10.793000221252441,-7.01200008392334,-4.451000213623047,1776886115.657
3.7799999713897705,-4.145999908447266,-1.9509999752044678,1776886116.084
7.5,4.572999954223633,-8.840999603271484,1776886116.098
0.0,-5.793000221252441,-2.805000066757202,1776886116.125
-10.670999526977539,12.621999740600586,3.8410000801086426,1776886116.137
-7.74399995803833,-3.3540000915527344,5.122000217437744,1776886116.163
-8.779999732971191,3.3540000915527344,1.8289999961853027,1776886116.577
-9.145999908447266,6.889999866485596,-0.12200000137090683,1776886116.597
2.621999979019165,8.720000267028809,-1.7680000066757202,1776886116.623
-4.328999996185303,-15.732000350952148,-5.122000217437744,1776886116.638
7.072999954223633,-0.7319999933242798,-0.12200000137090683,1776886116.664
-8.048999786376953,-10.182999610900879,-2.072999954223633,1776886117.084
-4.816999912261963,-2.378000020980835,-1.2200000286102295,1776886117.097
-0.18299999833106995,0.6100000143051147,-0.24400000274181366,1776886117.124
1.4019999504089355,0.4269999861717224,-1.4019999504089355,1776886117.137
1.4019999504089355,1.5850000381469727,-0.5490000247955322,1776886117.165
-0.12200000137090683,0.18299999833106995,-1.5240000486373901,1776886117.577
-0.061000000685453415,0.18299999833106995,-1.5240000486373901,1776886117.602
0.061000000685453415,0.061000000685453415,-1.5850000381469727,1776886117.618
0.0,0.3050000071525574,-1.5240000486373901,1776886117.648
0.0,0.3050000071525574,-1.5240000486373901,1776886117.659
-0.18299999833106995,0.12200000137090683,-1.0369999408721924,1776886118.097
-1.159000039100647,-0.9760000109672546,-0.3659999966621399,1776886118.126
-1.2200000286102295,-2.072999954223633,2.805000066757202,1776886118.137
-1.6460000276565552,-2.865999937057495,2.98799991607666,1776886118.163
-3.5980000495910645,-5.793000221252441,-0.7929999828338623,1776886118.177
-3.5369999408721924,22.683000564575195,-13.536999702453613,1776886119.077
-3.2929999828338623,23.048999786376953,-7.01200008392334,1776886119.102
-22.19499969482422,78.1709976196289,-16.097999572753906,1776886119.119
-28.110000610351562,80.61000061035156,-22.621999740600586,1776886119.145
-25.610000610351562,67.927001953125,-20.73200035095215,1776886119.157
110.79299926757812,21.707000732421875,8.232000350952148,1776886119.604
115.73200225830078,-20.548999786376953,-154.20700073242188,1776886119.617
82.56099700927734,-33.840999603271484,-212.31700134277344,1776886119.643
77.62200164794922,-93.11000061035156,-151.82899475097656,1776886119.657
-18.354000091552734,3.7799999713897705,-80.24400329589844,1776886119.684
2.5,-7.98799991607666,-15.548999786376953,1776886120.097
-3.7799999713897705,-6.158999919891357,4.572999954223633,1776886120.124
-1.2799999713897705,-8.720000267028809,-0.3659999966621399,1776886120.137
-1.6460000276565552,2.194999933242798,-1.4019999504089355,1776886120.162
0.7319999933242798,0.3050000071525574,-1.7070000171661377,1776886120.177
-0.4880000054836273,0.7929999828338623,-1.340999960899353,1776886121.097
0.3050000071525574,0.061000000685453415,-2.072999954223633,1776886121.122
-0.12200000137090683,0.5490000247955322,-1.4019999504089355,1776886121.137
0.061000000685453415,-0.24400000274181366,-1.340999960899353,1776886121.163
0.0,0.3050000071525574,-1.8289999961853027,1776886121.177
0.061000000685453415,0.3050000071525574,-1.4019999504089355,1776886121.603
0.061000000685453415,0.18299999833106995,-1.5240000486373901,1776886121.617
0.061000000685453415,0.18299999833106995,-1.4630000591278076,1776886121.642
-0.061000000685453415,0.3050000071525574,-1.5240000486373901,1776886121.657
0.0,0.3659999966621399,-1.5850000381469727,1776886121.682
1.2799999713897705,1.4630000591278076,-2.805000066757202,1776886122.105
2.865999937057495,1.0980000495910645,0.4269999861717224,1776886122.117
4.695000171661377,5.610000133514404,-2.621999979019165,1776886122.143
7.927000045776367,9.206999778747559,-4.51200008392334,1776886122.16
6.706999778747559,9.694999694824219,-4.572999954223633,1776886122.177
-28.110000610351562,-4.939000129699707,40.915000915527344,1776886123.104
-36.279998779296875,-9.02400016784668,37.62200164794922,1776886123.122
-39.38999938964844,-6.0980000495910645,37.987998962402344,1776886123.138
-42.74399948120117,-0.6710000038146973,43.415000915527344,1776886123.17
-51.279998779296875,14.694999694824219,52.56100082397461,1776886123.18
19.451000213623047,-10.48799991607666,10.609999656677246,1776886123.599
27.256000518798828,-2.74399995803833,7.01200008392334,1776886123.619
25.243999481201172,-0.4269999861717224,1.159000039100647,1776886123.637
22.621999740600586,16.889999389648438,-4.75600004196167,1776886123.662
13.293000221252441,1.4630000591278076,-0.24400000274181366,1776886123.678
0.4269999861717224,0.0,-1.2799999713897705,1776886124.097
0.4880000054836273,0.18299999833106995,-1.5240000486373901,1776886124.123
0.18299999833106995,0.12200000137090683,-1.4630000591278076,1776886124.137
0.18299999833106995,0.12200000137090683,-1.340999960899353,1776886124.162
0.12200000137090683,0.18299999833106995,-1.4630000591278076,1776886124.178
15.793000221252441,0.18299999833106995,-1.5240000486373901,1776886124.617
0.24400000274181366,0.18299999833106995,-1.4630000591278076,1776886124.645
0.18299999833106995,0.18299999833106995,-1.4630000591278076,1776886124.658
0.24400000274181366,0.12200000137090683,-1.4630000591278076,1776886124.683
0.18299999833106995,0.24400000274181366,-1.4630000591278076,1776886124.697
-0.4269999861717224,0.4880000054836273,-3.5980000495910645,1776886125.123
0.3050000071525574,0.18299999833106995,-0.12200000137090683,1776886125.137
0.4269999861717224,-0.3659999966621399,-2.74399995803833,1776886125.173
0.18299999833106995,0.3659999966621399,-1.5240000486373901,1776886125.183
0.12200000137090683,0.3659999966621399,-1.0369999408721924,1776886125.199
22.621999740600586,8.414999961853027,-21.280000686645508,1776886125.619
13.963000297546387,5.97599983215332,-24.634000778198242,1776886125.637
-0.7319999933242798,-11.097999572753906,-30.243999481201172,1776886125.665
-8.659000396728516,-19.756000518798828,-34.084999084472656,1776886125.679
-8.048999786376953,-36.4630012512207,-26.889999389648438,1776886125.705
16.951000213623047,-3.7799999713897705,-22.988000869750977,1776886126.125
24.451000213623047,-1.7680000066757202,-17.378000259399414,1776886126.137
20.488000869750977,0.5490000247955322,-8.840999603271484,1776886126.163
12.5,-4.389999866485596,-7.072999954223633,1776886126.177
-30.06100082397461,-5.183000087738037,-9.329000473022461,1776886126.197
15.305000305175781,-0.5490000247955322,7.316999912261963,1776886126.623
5.24399995803833,-8.720000267028809,-2.5,1776886126.647
10.793000221252441,-14.878000259399414,-5.48799991607666,1776886126.658
7.439000129699707,-12.560999870300293,0.4269999861717224,1776886126.684
0.24400000274181366,-5.97599983215332,4.389999866485596,1776886126.697
-0.3050000071525574,0.3659999966621399,-1.7070000171661377,1776886127.119
-0.3050000071525574,0.5490000247955322,-1.5850000381469727,1776886127.145
-0.3050000071525574,0.4269999861717224,-1.4630000591278076,1776886127.157
0.3050000071525574,-0.18299999833106995,-1.7070000171661377,1776886127.183
2.134000062942505,-1.4630000591278076,-2.561000108718872,1776886127.2
0.3659999966621399,0.0,-1.5850000381469727,1776886127.623
0.7929999828338623,0.24400000274181366,-1.2799999713897705,1776886127.637
-0.3050000071525574,0.0,-1.340999960899353,1776886127.663
0.061000000685453415,0.3050000071525574,-1.5850000381469727,1776886127.678
0.0,0.061000000685453415,-1.6460000276565552,1776886127.705
0.061000000685453415,0.24400000274181366,-1.5240000486373901,1776886128.117
0.0,0.24400000274181366,-1.4630000591278076,1776886128.143
0.0,0.3050000071525574,-1.4019999504089355,1776886128.16
0.0,0.18299999833106995,-1.5240000486373901,1776886128.177
0.061000000685453415,0.18299999833106995,-1.4630000591278076,1776886128.204
-27.80500030517578,0.18299999833106995,-6.4629998207092285,1776886128.617
-27.80500030517578,0.18299999833106995,-6.4629998207092285,1776886128.643
-27.80500030517578,0.18299999833106995,-6.4629998207092285,1776886128.657
2.194999933242798,1.8899999856948853,-14.145999908447266,1776886128.683
-3.7200000286102295,-3.3540000915527344,-4.26800012588501,1776886128.697
-15.121999740600586,-6.0370001792907715,-4.02400016784668,1776886129.617
-15.121999740600586,-6.0370001792907715,-4.02400016784668,1776886129.649
-15.121999740600586,-6.0370001792907715,-4.02400016784668,1776886129.66
-2.194999933242798,0.7929999828338623,-1.8899999856948853,1776886129.685
2.74399995803833,2.5,-2.683000087738037,1776886129.697
7.622000217437744,-10.609999656677246,36.52399826049805,1776886130.638
7.622000217437744,-10.609999656677246,36.52399826049805,1776886130.659
7.622000217437744,-10.609999656677246,36.52399826049805,1776886130.677
8.536999702453613,-22.927000045776367,21.219999313354492,1776886130.703
11.767999649047852,-24.634000778198242,23.96299934387207,1776886130.719
-12.072999954223633,-25.0,11.890000343322754,1776886131.645
-12.072999954223633,-25.0,11.890000343322754,1776886131.657
-12.072999954223633,-25.0,11.890000343322754,1776886131.683
-52.68299865722656,7.072999954223633,4.877999782562256,1776886131.7
-22.683000564575195,18.597999572753906,17.683000564575195,1776886131.717
-4.328999996185303,-2.134000062942505,2.98799991607666,1776886132.137
0.6710000038146973,-0.3659999966621399,-0.18299999833106995,1776886132.163
1.2200000286102295,1.340999960899353,-4.085000038146973,1776886132.177
1.4630000591278076,2.378000020980835,-4.451000213623047,1776886132.205
1.5850000381469727,0.3050000071525574,-1.5850000381469727,1776886132.217
-6.4019999504089355,-2.927000045776367,-5.366000175476074,1776886132.638
-8.170999526977539,-3.4149999618530273,-7.377999782562256,1776886132.664
-8.170999526977539,-3.4149999618530273,-7.377999782562256,1776886132.677
-8.170999526977539,-3.4149999618530273,-7.377999782562256,1776886132.704
-13.536999702453613,-7.804999828338623,-3.5980000495910645,1776886132.719
62.80500030517578,-26.82900047302246,-2.134000062942505,1776886133.139
34.75600051879883,-41.645999908447266,-0.5490000247955322,1776886133.166
-9.390000343322754,-46.707000732421875,2.316999912261963,1776886133.177
-50.61000061035156,-41.95100021362305,-1.5240000486373901,1776886133.203
-59.69499969482422,-32.012001037597656,-7.683000087738037,1776886133.217
-17.256000518798828,-5.610000133514404,1.7680000066757202,1776886133.663
-17.256000518798828,-5.610000133514404,1.7680000066757202,1776886133.678
-17.256000518798828,-5.610000133514404,1.7680000066757202,1776886133.697
9.267999649047852,-11.829000473022461,-2.194999933242798,1776886133.723
14.206999778747559,-8.840999603271484,-2.5,1776886133.737
-2.01200008392334,15.732000350952148,-5.060999870300293,1776886134.138
-7.25600004196167,10.793000221252441,2.378000020980835,1776886134.164
-12.98799991607666,2.74399995803833,4.877999782562256,1776886134.178
-5.854000091552734,-3.7799999713897705,-0.5490000247955322,1776886134.204
0.12200000137090683,-8.048999786376953,-1.159000039100647,1776886134.217
7.01200008392334,17.134000778198242,-4.145999908447266,1776886134.657
7.01200008392334,17.134000778198242,-4.145999908447266,1776886134.683
7.01200008392334,17.134000778198242,-4.145999908447266,1776886134.697
-1.4630000591278076,-0.5490000247955322,-2.561000108718872,1776886134.723
3.2320001125335693,-3.2929999828338623,2.194999933242798,1776886134.737
-7.927000045776367,2.805000066757202,1.9509999752044678,1776886135.157
0.9150000214576721,0.7929999828338623,-2.194999933242798,1776886135.183
-1.9509999752044678,0.6100000143051147,-2.5,1776886135.198
-3.109999895095825,0.3050000071525574,0.061000000685453415,1776886135.225
-2.98799991607666,0.5490000247955322,-1.5240000486373901,1776886135.237
0.061000000685453415,0.24400000274181366,-1.5850000381469727,1776886135.657
0.061000000685453415,0.24400000274181366,-1.5850000381469727,1776886135.683
0.061000000685453415,0.24400000274181366,-1.5850000381469727,1776886135.697
0.061000000685453415,0.24400000274181366,-1.5850000381469727,1776886135.727
0.0,0.3659999966621399,-1.5240000486373901,1776886135.738
0.0,0.24400000274181366,-1.5240000486373901,1776886136.163
0.061000000685453415,0.3659999966621399,-1.4630000591278076,1776886136.18
0.0,0.24400000274181366,-1.4630000591278076,1776886136.206
0.061000000685453415,0.18299999833106995,-1.6460000276565552,1776886136.217
-0.061000000685453415,0.24400000274181366,-1.4019999504089355,1776886136.243
-0.4880000054836273,-1.5240000486373901,1.5850000381469727,1776886136.666
3.5980000495910645,-2.683000087738037,-17.011999130249023,1776886136.677
4.51200008392334,-2.438999891281128,0.7319999933242798,1776886136.703
-4.389999866485596,-0.6710000038146973,0.7929999828338623,1776886136.72
-7.25600004196167,1.7680000066757202,-2.438999891281128,1776886136.743
5.060999870300293,-2.805000066757202,-5.548999786376953,1776886137.164
5.427000045776367,-0.6100000143051147,1.7070000171661377,1776886137.177
3.5369999408721924,1.4019999504089355,6.585000038146973,1776886137.208
-1.159000039100647,1.2799999713897705,0.9760000109672546,1776886137.219
-2.683000087738037,-0.18299999833106995,-0.8539999723434448,1776886137.246
-0.12200000137090683,0.3659999966621399,5.854000091552734,1776886137.657
-1.8899999856948853,0.18299999833106995,5.427000045776367,1776886137.683
0.4269999861717224,1.0369999408721924,6.0980000495910645,1776886137.697
1.7070000171661377,1.159000039100647,13.354000091552734,1776886137.725
-0.5490000247955322,-0.24400000274181366,6.341000080108643,1776886137.737
-2.134000062942505,2.134000062942505,15.244000434875488,1776886138.159
-3.2320001125335693,1.0369999408721924,18.780000686645508,1776886138.177
1.4019999504089355,-0.4269999861717224,18.292999267578125,1776886138.203
-2.316999912261963,0.7929999828338623,13.293000221252441,1776886138.218
-5.610000133514404,1.6460000276565552,5.366000175476074,1776886138.244
1.8289999961853027,1.340999960899353,23.659000396728516,1776886138.659
-1.8899999856948853,-0.12200000137090683,27.80500030517578,1776886138.686
-3.7200000286102295,-1.2799999713897705,26.219999313354492,1776886138.697
1.4630000591278076,-1.6460000276565552,25.427000045776367,1776886138.723
1.8289999961853027,2.01200008392334,27.19499969482422,1776886138.737
2.01200008392334,2.378000020980835,28.902000427246094,1776886139.163
-0.18299999833106995,2.134000062942505,30.915000915527344,1776886139.177
0.12200000137090683,0.3659999966621399,32.13399887084961,1776886139.203
-0.12200000137090683,2.5,39.145999908447266,1776886139.217
-1.0980000495910645,-2.25600004196167,39.93899917602539,1776886139.244
0.7929999828338623,0.24400000274181366,42.073001861572266,1776886139.657
0.4269999861717224,-0.3050000071525574,43.597999572753906,1776886139.684
-0.5490000247955322,-1.0369999408721924,43.04899978637695,1776886139.697
0.7929999828338623,-1.2799999713897705,44.512001037597656,1776886139.723
0.9760000109672546,0.12200000137090683,44.81700134277344,1776886139.738
2.438999891281128,2.01200008392334,35.67100143432617,1776886140.163
0.18299999833106995,0.12200000137090683,37.073001861572266,1776886140.177
-2.01200008392334,0.24400000274181366,36.95100021362305,1776886140.213
15.670999526977539,-0.7929999828338623,36.707000732421875,1776886140.223
0.3659999966621399,3.109999895095825,36.279998779296875,1776886140.24
2.5,0.9150000214576721,20.121999740600586,1776886140.677
0.5490000247955322,0.8539999723434448,22.683000564575195,1776886140.703
-0.24400000274181366,7.377999782562256,-21.340999603271484,1776886140.719
-2.072999954223633,2.194999933242798,-40.792999267578125,1776886140.747
4.085000038146973,6.585000038146973,-0.3659999966621399,1776886140.757
0.0,0.3050000071525574,-1.5240000486373901,1776886141.157
0.0,0.24400000274181366,-1.5240000486373901,1776886141.183
0.061000000685453415,0.3050000071525574,-1.4019999504089355,1776886141.199
0.061000000685453415,0.18299999833106995,-1.5850000381469727,1776886141.226
0.0,0.24400000274181366,-1.5240000486373901,1776886141.237
0.061000000685453415,0.18299999833106995,-1.4630000591278076,1776886141.657
0.061000000685453415,0.3050000071525574,-1.5240000486373901,1776886141.683
0.0,0.3050000071525574,-1.4019999504089355,1776886141.697
0.061000000685453415,0.24400000274181366,-1.5240000486373901,1776886141.723
0.061000000685453415,0.3050000071525574,-1.4630000591278076,1776886141.737
-3.5369999408721924,-1.4019999504089355,-3.0490000247955322,1776886142.163
-7.560999870300293,-1.6460000276565552,-2.01200008392334,1776886142.177
-12.560999870300293,-3.4760000705718994,-1.6460000276565552,1776886142.197
-16.889999389648438,-3.6589999198913574,-2.438999891281128,1776886142.224
6.52400016784668,-87.74400329589844,-56.4630012512207,1776886142.239
-219.75599670410156,46.340999603271484,-57.25600051879883,1776886142.657
-257.5610046386719,49.02399826049805,-46.279998779296875,1776886142.688
-186.09800720214844,74.572998046875,-63.47600173950195,1776886142.698
-59.02399826049805,-8.048999786376953,-35.54899978637695,1776886142.725
-26.76799964904785,-21.82900047302246,41.402000427246094,1776886142.737
0.6100000143051147,1.6460000276565552,-2.01200008392334,1776886143.177
3.5369999408721924,0.061000000685453415,-4.51200008392334,1776886143.203
-14.51200008392334,-0.4269999861717224,1.340999960899353,1776886143.218
-0.18299999833106995,-0.7319999933242798,-1.0369999408721924,1776886143.246
0.3050000071525574,-0.18299999833106995,-3.5369999408721924,1776886143.257
0.0,0.3050000071525574,-1.5240000486373901,1776886143.683
-0.061000000685453415,0.24400000274181366,-1.4019999504089355,1776886143.701
0.061000000685453415,0.24400000274181366,-1.5850000381469727,1776886143.717
0.0,0.18299999833106995,-1.5850000381469727,1776886143.743
-0.061000000685453415,0.18299999833106995,-1.5240000486373901,1776886143.759
0.0,0.3659999966621399,-1.4630000591278076,1776886144.178
0.061000000685453415,0.3050000071525574,-1.5240000486373901,1776886144.204
0.0,0.24400000274181366,-1.5240000486373901,1776886144.217
0.061000000685453415,0.24400000274181366,-1.5240000486373901,1776886144.245
0.061000000685453415,0.3050000071525574,-1.4630000591278076,1776886144.257
60.915000915527344,39.45100021362305,4.633999824523926,1776886144.694
40.12200164794922,18.780000686645508,-1.2200000286102295,1776886144.705
43.9630012512207,-16.340999603271484,-12.744000434875488,1776886144.719
34.573001861572266,-43.11000061035156,-9.755999565124512,1776886144.746
30.30500030517578,-32.74399948120117,-10.182999610900879,1776886144.757
33.17100143432617,29.634000778198242,15.060999870300293,1776886145.177
33.04899978637695,45.731998443603516,6.645999908447266,1776886145.203
2.01200008392334,47.43899917602539,4.26800012588501,1776886145.217
-41.340999603271484,-12.255999565124512,-22.927000045776367,1776886145.243
2.865999937057495,-8.779999732971191,-16.219999313354492,1776886145.257
-0.4880000054836273,2.25600004196167,0.0,1776886145.684
0.3050000071525574,2.316999912261963,-2.74399995803833,1776886145.697
0.12200000137090683,-0.18299999833106995,-1.4019999504089355,1776886145.717
1.7680000066757202,3.2929999828338623,-0.8539999723434448,1776886145.743
-0.4269999861717224,3.5369999408721924,0.5490000247955322,1776886145.759
0.12200000137090683,0.24400000274181366,-2.01200008392334,1776886146.178
-0.3050000071525574,0.12200000137090683,-1.2799999713897705,1776886146.206
0.061000000685453415,0.3659999966621399,-1.5240000486373901,1776886146.217
0.3659999966621399,0.5490000247955322,-1.7680000066757202,1776886146.243
0.12200000137090683,0.18299999833106995,-1.159000039100647,1776886146.258
0.061000000685453415,0.24400000274181366,-1.4630000591278076,1776886146.703
0.061000000685453415,0.24400000274181366,-1.4630000591278076,1776886146.72
0.061000000685453415,0.3050000071525574,-1.5240000486373901,1776886146.737
0.0,0.3050000071525574,-1.4630000591278076,1776886146.764
0.0,0.24400000274181366,-1.5240000486373901,1776886146.777
11.645999908447266,8.963000297546387,33.9630012512207,1776886147.203
8.840999603271484,-0.9150000214576721,49.69499969482422,1776886147.217
3.4149999618530273,57.5,25.121999740600586,1776886147.245
-1.2799999713897705,22.316999435424805,16.402000427246094,1776886147.257
-18.719999313354492,39.268001556396484,7.195000171661377,1776886147.283
-7.866000175476074,-17.927000045776367,2.621999979019165,1776886147.705
5.060999870300293,-0.061000000685453415,-1.7680000066757202,1776886147.717
3.7200000286102295,5.854000091552734,-1.5850000381469727,1776886147.744
-2.561000108718872,3.2320001125335693,0.5490000247955322,1776886147.76
-1.0369999408721924,-1.7680000066757202,-3.2929999828338623,1776886147.777
44.87799835205078,14.878000259399414,-0.7929999828338623,1776886148.214
66.0979995727539,-2.194999933242798,-2.072999954223633,1776886148.224
62.80500030517578,-6.4629998207092285,-8.232000350952148,1776886148.239
35.06100082397461,-13.232000350952148,-7.195000171661377,1776886148.265
14.633999824523926,-31.097999572753906,-5.366000175476074,1776886148.277
-13.47599983215332,-12.744000434875488,-19.26799964904785,1776886148.703
1.7680000066757202,9.02400016784668,-38.231998443603516,1776886148.719
-4.572999954223633,-38.04899978637695,-49.145999908447266,1776886148.746
31.645999908447266,-16.340999603271484,13.414999961853027,1776886148.757
11.097999572753906,-11.340999603271484,-4.328999996185303,1776886148.783
-0.3050000071525574,0.18299999833106995,-1.8289999961853027,1776886149.199
-0.3659999966621399,0.3050000071525574,-2.25600004196167,1776886149.218
0.061000000685453415,0.5490000247955322,-1.4019999504089355,1776886149.244
0.6100000143051147,-0.3659999966621399,-1.8289999961853027,1776886149.257
0.18299999833106995,0.12200000137090683,-1.4630000591278076,1776886149.283
0.18299999833106995,0.12200000137090683,-1.5240000486373901,1776886149.697
0.24400000274181366,0.24400000274181366,-1.4630000591278076,1776886149.723
0.24400000274181366,0.4269999861717224,-1.5240000486373901,1776886149.737
-0.12200000137090683,0.24400000274181366,-1.8289999961853027,1776886149.763
-0.061000000685453415,0.3659999966621399,-1.2799999713897705,1776886149.78
-0.061000000685453415,0.3659999966621399,-1.5240000486373901,1776886150.218
0.0,0.24400000274181366,-1.4630000591278076,1776886150.243
0.061000000685453415,0.24400000274181366,-1.4019999504089355,1776886150.257
0.0,0.18299999833106995,-1.4630000591278076,1776886150.283
0.061000000685453415,0.18299999833106995,-1.5240000486373901,1776886150.297
0.24400000274181366,0.12200000137090683,-1.8289999961853027,1776886150.719
-0.061000000685453415,0.18299999833106995,-1.5850000381469727,1776886150.745
0.12200000137090683,0.3050000071525574,14.085000038146973,1776886150.758
0.12200000137090683,0.24400000274181366,-1.4630000591278076,1776886150.786
0.061000000685453415,0.18299999833106995,-1.7070000171661377,1776886150.8
-25.0,-22.43899917602539,1.2799999713897705,1776886151.221
-20.06100082397461,-39.573001861572266,-38.902000427246094,1776886151.237
12.072999954223633,-3.4149999618530273,-25.488000869750977,1776886151.257
73.47599792480469,15.121999740600586,10.48799991607666,1776886151.283
78.04900360107422,48.902000427246094,15.366000175476074,1776886151.298
23.47599983215332,19.93899917602539,-27.80500030517578,1776886151.726
26.340999603271484,-0.7929999828338623,-11.706999778747559,1776886151.737
38.04899978637695,-13.779999732971191,-19.69499969482422,1776886151.763
58.292999267578125,11.159000396728516,-21.951000213623047,1776886151.778
24.756000518798828,22.316999435424805,10.060999870300293,1776886151.806
-0.061000000685453415,0.12200000137090683,-1.5240000486373901,1776886152.218
0.12200000137090683,0.3659999966621399,-1.5240000486373901,1776886152.244
-0.12200000137090683,0.3050000071525574,-1.4630000591278076,1776886152.258
-0.061000000685453415,0.18299999833106995,-1.6460000276565552,1776886152.284
-0.061000000685453415,0.24400000274181366,-1.5850000381469727,1776886152.298
0.0,0.3659999966621399,-1.5240000486373901,1776886152.746
0.0,0.3050000071525574,-1.5240000486373901,1776886152.757
0.0,0.24400000274181366,-1.5240000486373901,1776886152.784
0.0,0.24400000274181366,-1.5240000486373901,1776886152.8
0.061000000685453415,0.3050000071525574,-1.5240000486373901,1776886152.82
2.01200008392334,0.061000000685453415,-3.5980000495910645,1776886153.217
-0.18299999833106995,0.7929999828338623,-2.621999979019165,1776886153.243
-0.3050000071525574,0.0,-3.2320001125335693,1776886153.257
3.1710000038146973,0.18299999833106995,-7.377999782562256,1776886153.283
-1.340999960899353,1.9509999752044678,-7.560999870300293,1776886153.297
2.438999891281128,-6.4019999504089355,-16.707000732421875,1776886153.738
5.73199987411499,-0.4269999861717224,-11.52400016784668,1776886153.764
4.877999782562256,-2.561000108718872,-14.817000389099121,1776886153.778
2.378000020980835,-1.0980000495910645,-10.0,1776886153.806
7.5,-0.6100000143051147,-11.159000396728516,1776886153.817
-1.7070000171661377,-0.3659999966621399,1.2200000286102295,1776886154.217
-4.75600004196167,4.206999778747559,-4.816999912261963,1776886154.243
8.354000091552734,-9.329000473022461,-25.548999786376953,1776886154.258
-7.683000087738037,1.7070000171661377,-28.17099952697754,1776886154.287
-4.02400016784668,2.072999954223633,-20.97599983215332,1776886154.298
15.427000045776367,-27.5,-49.145999908447266,1776886154.719
15.427000045776367,-27.5,-49.145999908447266,1776886154.742
15.427000045776367,-27.5,-49.145999908447266,1776886154.758
15.427000045776367,-27.5,-49.145999908447266,1776886154.783
39.268001556396484,-65.427001953125,-37.13399887084961,1776886154.799
-1.0369999408721924,1.5240000486373901,-3.2929999828338623,1776886155.246
-0.5490000247955322,0.9760000109672546,-0.8539999723434448,1776886155.258
0.9760000109672546,-0.18299999833106995,-2.25600004196167,1776886155.284
-0.7319999933242798,0.3659999966621399,-1.8289999961853027,1776886155.297
-0.12200000137090683,0.7319999933242798,-0.9760000109672546,1776886155.323
-0.061000000685453415,0.3050000071525574,-1.5240000486373901,1776886155.744
-0.24400000274181366,0.24400000274181366,-1.4630000591278076,1776886155.759
-0.24400000274181366,0.24400000274181366,-1.4630000591278076,1776886155.785
-0.24400000274181366,0.24400000274181366,-1.4630000591278076,1776886155.798
-0.12200000137090683,0.3050000071525574,-1.5240000486373901,1776886155.823
0.0,0.3050000071525574,-1.5240000486373901,1776886156.243
0.0,0.24400000274181366,-1.4630000591278076,1776886156.259
0.061000000685453415,0.18299999833106995,-1.4019999504089355,1776886156.286
0.0,0.18299999833106995,-1.5240000486373901,1776886156.298
0.0,0.3050000071525574,-1.4630000591278076,1776886156.324
0.0,0.3050000071525574,-1.4630000591278076,1776886156.738
0.061000000685453415,0.3050000071525574,-1.5850000381469727,1776886156.766
-0.061000000685453415,0.3050000071525574,-1.4630000591278076,1776886156.777
0.0,0.24400000274181366,-1.4630000591278076,1776886156.803
0.0,0.24400000274181366,-1.5850000381469727,1776886156.818
0.061000000685453415,0.24400000274181366,-1.5240000486373901,1776886157.258
0.061000000685453415,0.24400000274181366,-1.5240000486373901,1776886157.283
0.061000000685453415,0.24400000274181366,-1.5240000486373901,1776886157.298
0.0,0.3050000071525574,-1.5240000486373901,1776886157.323
0.061000000685453415,0.3050000071525574,-1.4019999504089355,1776886157.338
0.061000000685453415,0.18299999833106995,-1.4630000591278076,1776886157.738
0.0,0.3050000071525574,-1.5240000486373901,1776886157.763
-0.061000000685453415,0.24400000274181366,-1.5850000381469727,1776886157.778
0.0,0.24400000274181366,-1.4630000591278076,1776886157.808
0.061000000685453415,0.18299999833106995,-1.4630000591278076,1776886157.818
0.0,0.24400000274181366,-1.5850000381469727,1776886158.259
0.0,0.24400000274181366,-1.4630000591278076,1776886158.285
0.0,0.18299999833106995,14.085000038146973,1776886158.298
0.0,0.3050000071525574,-1.4630000591278076,1776886158.324
0.0,0.18299999833106995,-1.5240000486373901,1776886158.34
0.0,0.24400000274181366,-1.5240000486373901,1776886158.771
0.0,0.18299999833106995,-1.5850000381469727,1776886158.782
0.0,0.3050000071525574,-1.5240000486373901,1776886158.798
-0.061000000685453415,0.24400000274181366,-1.5240000486373901,1776886158.824
0.0,0.24400000274181366,-1.5240000486373901,1776886158.838
0.0,0.24400000274181366,-1.5240000486373901,1776886159.238
0.0,0.24400000274181366,-1.5240000486373901,1776886159.264
0.061000000685453415,0.3659999966621399,-1.5240000486373901,1776886159.278
0.0,0.24400000274181366,-1.5240000486373901,1776886159.305
-0.061000000685453415,0.3659999966621399,-1.5240000486373901,1776886159.318
0.0,0.24400000274181366,-1.5240000486373901,1776886159.758
0.0,0.3050000071525574,-1.4019999504089355,1776886159.787
0.0,0.18299999833106995,-1.4630000591278076,1776886159.799
0.061000000685453415,0.24400000274181366,14.085000038146973,1776886159.825
0.0,0.3659999966621399,-1.5240000486373901,1776886159.838
-0.061000000685453415,0.3050000071525574,-1.5850000381469727,1776886160.266
-0.12200000137090683,0.24400000274181366,-1.5850000381469727,1776886160.278
-0.061000000685453415,0.24400000274181366,-1.5240000486373901,1776886160.304
0.0,0.24400000274181366,-1.4019999504089355,1776886160.319
0.0,0.3050000071525574,-1.5850000381469727,1776886160.346
0.061000000685453415,0.24400000274181366,-1.5850000381469727,1776886160.764
0.061000000685453415,0.3050000071525574,-1.5240000486373901,1776886160.778
0.0,0.24400000274181366,-1.4630000591278076,1776886160.804
0.061000000685453415,0.18299999833106995,-1.5850000381469727,1776886160.819
0.061000000685453415,0.18299999833106995,-1.4630000591278076,1776886160.846
-0.061000000685453415,0.24400000274181366,-1.5240000486373901,1776886161.258
0.0,0.24400000274181366,-1.5850000381469727,1776886161.283
-0.061000000685453415,0.18299999833106995,-17.072999954223633,1776886161.298
0.061000000685453415,0.24400000274181366,-1.5240000486373901,1776886161.33
0.0,0.3050000071525574,-1.6460000276565552,1776886161.341
0.061000000685453415,0.18299999833106995,-1.4630000591278076,1776886161.779
0.0,0.3659999966621399,-1.4630000591278076,1776886161.806
-0.061000000685453415,0.3659999966621399,-1.5240000486373901,1776886161.818
0.0,0.18299999833106995,-1.4630000591278076,1776886161.843
0.0,0.24400000274181366,-1.4630000591278076,1776886161.858
0.0,0.18299999833106995,-1.4630000591278076,1776886162.284
-0.061000000685453415,0.24400000274181366,-1.5240000486373901,1776886162.298
0.061000000685453415,0.24400000274181366,-1.5850000381469727,1776886162.323
0.12200000137090683,0.24400000274181366,-1.5240000486373901,1776886162.343
0.0,0.24400000274181366,-1.5240000486373901,1776886162.358
0.0,0.18299999833106995,-1.4019999504089355,1776886162.784
0.0,0.24400000274181366,-1.4630000591278076,1776886162.803
0.0,0.24400000274181366,-1.340999960899353,1776886162.818
0.061000000685453415,0.18299999833106995,-1.5850000381469727,1776886162.843
0.0,0.24400000274181366,-1.4019999504089355,1776886162.858
0.061000000685453415,0.24400000274181366,-1.4630000591278076,1776886163.286
0.0,0.24400000274181366,-1.5240000486373901,1776886163.298
0.0,0.24400000274181366,-1.4630000591278076,1776886163.324
0.061000000685453415,0.3050000071525574,-1.4630000591278076,1776886163.338
0.0,0.3659999966621399,-1.4630000591278076,1776886163.364
0.0,0.3659999966621399,-1.4630000591278076,1776886163.778
0.0,0.3659999966621399,-1.4630000591278076,1776886163.806
0.0,0.3659999966621399,-1.4630000591278076,1776886163.818
0.061000000685453415,0.18299999833106995,-1.5240000486373901,1776886163.843
0.12200000137090683,0.3050000071525574,-1.4630000591278076,1776886163.858
-0.061000000685453415,0.24400000274181366,-1.4019999504089355,1776886164.285
0.0,0.24400000274181366,-1.4630000591278076,1776886164.298
0.0,0.3050000071525574,-1.6460000276565552,1776886164.323
0.061000000685453415,0.3050000071525574,-1.5240000486373901,1776886164.338
0.0,0.18299999833106995,-1.4630000591278076,1776886164.366
0.0,0.3050000071525574,-1.4630000591278076,1776886164.783
-0.061000000685453415,0.24400000274181366,-1.5240000486373901,1776886164.799
-0.061000000685453415,0.24400000274181366,-1.5240000486373901,1776886164.82
-0.061000000685453415,0.24400000274181366,-1.5240000486373901,1776886164.838
-0.061000000685453415,0.24400000274181366,-1.5240000486373901,1776886164.864
-0.061000000685453415,0.24400000274181366,-1.4630000591278076,1776886165.279
0.061000000685453415,0.3050000071525574,-1.5240000486373901,1776886165.298
0.0,0.24400000274181366,-1.4630000591278076,1776886165.324
0.0,0.24400000274181366,-1.4630000591278076,1776886165.338
-0.061000000685453415,0.18299999833106995,-1.5850000381469727,1776886165.364
-0.4880000054836273,0.6100000143051147,-1.4630000591278076,1776886165.778
-1.9509999752044678,1.6460000276565552,-2.378000020980835,1776886165.813
1.2200000286102295,-0.3050000071525574,-0.9150000214576721,1776886165.823
1.7070000171661377,0.24400000274181366,-6.21999979019165,1776886165.841
-0.4269999861717224,-0.9760000109672546,-2.378000020980835,1776886165.869
-0.24400000274181366,2.561000108718872,1.2799999713897705,1776886166.286
-7.622000217437744,-5.060999870300293,2.25600004196167,1776886166.298
2.134000062942505,3.2320001125335693,2.74399995803833,1776886166.324
-1.5850000381469727,-11.52400016784668,-12.317000389099121,1776886166.338
-13.414999961853027,3.7799999713897705,-22.988000869750977,1776886166.367
-8.170999526977539,-12.01200008392334,-23.292999267578125,1776886166.804
-4.328999996185303,-41.82899856567383,-17.621999740600586,1776886166.819
-16.280000686645508,-7.560999870300293,-8.720000267028809,1776886166.838
-8.414999961853027,4.389999866485596,-16.097999572753906,1776886166.864
-30.854000091552734,-17.316999435424805,-32.68299865722656,1776886166.879
-13.536999702453613,-1.9509999752044678,-33.292999267578125,1776886167.298
-18.110000610351562,-2.134000062942505,-33.231998443603516,1776886167.323
-17.19499969482422,-8.840999603271484,-43.231998443603516,1776886167.338
-25.548999786376953,-12.805000305175781,-54.207000732421875,1776886167.364
-27.43899917602539,3.7200000286102295,-67.56099700927734,1776886167.378
13.963000297546387,-14.633999824523926,3.6589999198913574,1776886167.804
32.86600112915039,-26.159000396728516,-12.744000434875488,1776886167.818
17.621999740600586,-17.5,10.121999740600586,1776886167.844
13.963000297546387,-8.963000297546387,10.121999740600586,1776886167.86
12.866000175476074,-12.744000434875488,-2.316999912261963,1776886167.885
0.3050000071525574,0.0,-1.5850000381469727,1776886168.304
0.0,0.3050000071525574,-1.8289999961853027,1776886168.319
0.061000000685453415,0.24400000274181366,-1.4019999504089355,1776886168.345
-0.24400000274181366,0.5490000247955322,-1.2200000286102295,1776886168.358
0.12200000137090683,0.24400000274181366,-1.6460000276565552,1776886168.386
0.0,0.12200000137090683,-1.4630000591278076,1776886168.804
0.0,0.24400000274181366,-1.4630000591278076,1776886168.818
0.061000000685453415,0.24400000274181366,-1.5240000486373901,1776886168.846
0.8539999723434448,-0.061000000685453415,0.061000000685453415,1776886168.858
1.159000039100647,0.24400000274181366,1.340999960899353,1776886168.884
43.9630012512207,41.340999603271484,19.145999908447266,1776886169.306
90.36599731445312,125.61000061035156,22.19499969482422,1776886169.318
86.03700256347656,-53.415000915527344,-94.87799835205078,1776886169.344
26.707000732421875,-10.366000175476074,-92.5,1776886169.359
45.67100143432617,-50.426998138427734,-105.61000061035156,1776886169.385
-0.12200000137090683,-0.061000000685453415,-1.8289999961853027,1776886170.298
0.12200000137090683,0.3050000071525574,-1.4630000591278076,1776886170.325
0.12200000137090683,0.3659999966621399,-1.5240000486373901,1776886170.338
-0.12200000137090683,0.0,-1.7070000171661377,1776886170.364
-0.061000000685453415,0.12200000137090683,-1.5240000486373901,1776886170.378
0.0,0.18299999833106995,-1.5240000486373901,1776886170.804
0.061000000685453415,0.18299999833106995,-1.5240000486373901,1776886170.818
0.0,0.3050000071525574,-1.5850000381469727,1776886170.848
0.0,0.18299999833106995,-1.5240000486373901,1776886170.864
0.0,0.3050000071525574,-1.4630000591278076,1776886170.879
0.0,0.18299999833106995,-1.5850000381469727,1776886171.298
0.061000000685453415,0.3050000071525574,-1.5240000486373901,1776886171.326
0.0,0.18299999833106995,-1.5240000486373901,1776886171.338
0.0,0.24400000274181366,-1.5240000486373901,1776886171.364
0.0,0.18299999833106995,14.085000038146973,1776886171.378
1.5240000486373901,0.6100000143051147,-3.5369999408721924,1776886171.818
0.3659999966621399,-0.6100000143051147,-5.183000087738037,1776886171.844
2.621999979019165,0.7929999828338623,-7.866000175476074,1776886171.858
5.060999870300293,5.914999961853027,-7.133999824523926,1776886171.888
12.255999565124512,3.5980000495910645,-6.951000213623047,1776886171.899
81.46299743652344,-81.64600372314453,-63.415000915527344,1776886172.325
87.072998046875,-69.63400268554688,-36.340999603271484,1776886172.342
94.14600372314453,-71.8290023803711,17.988000869750977,1776886172.358
66.52400207519531,-18.292999267578125,32.68299865722656,1776886172.384
-6.21999979019165,52.073001861572266,51.584999084472656,1776886172.399
51.645999908447266,36.707000732421875,-10.914999961853027,1776886172.825
51.645999908447266,38.415000915527344,-7.560999870300293,1776886172.838
54.93899917602539,46.4630012512207,-4.816999912261963,1776886172.864
47.80500030517578,47.80500030517578,-3.4149999618530273,1776886172.879
44.573001861572266,40.18299865722656,-15.548999786376953,1776886172.907
1.0369999408721924,1.6460000276565552,-1.4019999504089355,1776886173.324
2.134000062942505,1.9509999752044678,-1.4630000591278076,1776886173.338
0.6100000143051147,0.8539999723434448,-1.340999960899353,1776886173.364
-0.7929999828338623,-0.5490000247955322,-1.6460000276565552,1776886173.38
-1.6460000276565552,-1.159000039100647,-1.5240000486373901,1776886173.406
0.4269999861717224,0.6100000143051147,-1.4630000591278076,1776886173.818
0.18299999833106995,0.4269999861717224,-1.4019999504089355,1776886173.844
-0.3050000071525574,0.0,-1.5240000486373901,1776886173.858
-0.3050000071525574,0.0,-1.5240000486373901,1776886173.885
-0.12200000137090683,0.24400000274181366,-1.4630000591278076,1776886173.898
-0.061000000685453415,0.24400000274181366,-1.5240000486373901,1776886174.326
-0.12200000137090683,0.24400000274181366,-1.4630000591278076,1776886174.338
-0.061000000685453415,0.24400000274181366,-1.5850000381469727,1776886174.364
0.12200000137090683,0.3659999966621399,-1.5240000486373901,1776886174.378
0.12200000137090683,0.3050000071525574,-1.4630000591278076,1776886174.404
-39.93899917602539,-130.427001953125,-58.720001220703125,1776886174.826
-39.573001861572266,-121.88999938964844,-74.87799835205078,1776886174.838
-83.35399627685547,-111.70700073242188,-83.72000122070312,1776886174.864
-137.5,-123.04900360107422,-47.926998138427734,1776886174.879
-123.65899658203125,-3.4149999618530273,-46.52399826049805,1776886174.899
4.145999908447266,-54.63399887084961,-17.072999954223633,1776886175.324
38.354000091552734,-16.584999084472656,0.12200000137090683,1776886175.338
23.659000396728516,12.317000389099121,37.43899917602539,1776886175.364
31.645999908447266,67.98799896240234,-4.085000038146973,1776886175.378
25.67099952697754,0.0,19.756000518798828,1776886175.406
0.0,0.12200000137090683,-1.6460000276565552,1776886175.824
0.061000000685453415,0.4269999861717224,-1.4019999504089355,1776886175.839
0.061000000685453415,0.24400000274181366,-1.4630000591278076,1776886175.865
0.061000000685453415,0.24400000274181366,-1.5240000486373901,1776886175.878
0.12200000137090683,0.3659999966621399,-1.4019999504089355,1776886175.905
0.061000000685453415,0.24400000274181366,-1.5240000486373901,1776886176.324
0.061000000685453415,0.24400000274181366,-1.5240000486373901,1776886176.338
0.061000000685453415,0.24400000274181366,-1.5240000486373901,1776886176.368
0.061000000685453415,0.24400000274181366,-1.5240000486373901,1776886176.378
0.0,0.4269999861717224,-1.4630000591278076,1776886176.405
-0.9760000109672546,-1.0369999408721924,1.4630000591278076,1776886176.823
0.18299999833106995,0.7929999828338623,-1.7070000171661377,1776886176.838
-0.6100000143051147,0.0,-1.5240000486373901,1776886176.865
15.060999870300293,-1.7070000171661377,1.159000039100647,1776886176.879
-5.122000217437744,-3.9630000591278076,3.3540000915527344,1776886176.907
5.548999786376953,-1.4019999504089355,-1.7070000171661377,1776886177.338
5.548999786376953,-1.4019999504089355,-1.7070000171661377,1776886177.364
5.548999786376953,-1.4019999504089355,-1.7070000171661377,1776886177.378
1.6460000276565552,-4.633999824523926,-5.73199987411499,1776886177.406
-3.109999895095825,2.01200008392334,6.4019999504089355,1776886177.419
-0.6100000143051147,-8.293000221252441,4.695000171661377,1776886177.845
-5.366000175476074,-1.4630000591278076,11.340999603271484,1776886177.858
1.8899999856948853,2.378000020980835,-2.5,1776886177.884
2.805000066757202,3.7799999713897705,-7.5,1776886177.903
-1.7680000066757202,-0.5490000247955322,-1.5240000486373901,1776886177.918
-0.7929999828338623,-0.6710000038146973,6.0980000495910645,1776886178.325
-0.061000000685453415,1.159000039100647,-2.5,1776886178.339
-0.5490000247955322,-0.4880000054836273,-4.939000129699707,1776886178.358
-0.5490000247955322,-0.4880000054836273,-4.939000129699707,1776886178.386
-0.5490000247955322,-0.4880000054836273,-4.939000129699707,1776886178.398
-3.7799999713897705,0.12200000137090683,-0.3659999966621399,1776886178.818
-2.316999912261963,-3.9630000591278076,4.816999912261963,1776886178.848
14.572999954223633,2.134000062942505,-2.927000045776367,1776886178.86
-14.939000129699707,6.28000020980835,0.6710000038146973,1776886178.886
-3.109999895095825,6.21999979019165,-1.0369999408721924,1776886178.898
-41.402000427246094,-34.573001861572266,12.805000305175781,1776886179.345
-35.0,-28.96299934387207,21.280000686645508,1776886179.358
-21.951000213623047,-11.159000396728516,15.366000175476074,1776886179.379
-21.951000213623047,-11.159000396728516,15.366000175476074,1776886179.407
-21.951000213623047,-11.159000396728516,15.366000175476074,1776886179.418
0.5490000247955322,0.3050000071525574,-2.134000062942505,1776886179.844
-0.5490000247955322,-0.4880000054836273,0.0,1776886179.858
-1.9509999752044678,-1.4019999504089355,0.061000000685453415,1776886179.885
-0.12200000137090683,0.3659999966621399,-2.5,1776886179.898
-1.2200000286102295,-0.4269999861717224,-1.8899999856948853,1776886179.924
62.86600112915039,-54.573001861572266,38.47600173950195,1776886180.345
28.597999572753906,-59.87799835205078,64.572998046875,1776886180.358
2.98799991607666,-77.98799896240234,97.072998046875,1776886180.385
32.43899917602539,-42.68299865722656,97.25599670410156,1776886180.399
32.43899917602539,-42.68299865722656,97.25599670410156,1776886180.425
-18.415000915527344,-30.854000091552734,27.988000869750977,1776886180.849
-58.354000091552734,-55.54899978637695,56.097999572753906,1776886180.859
-49.32899856567383,-10.793000221252441,96.64600372314453,1776886180.885
-94.3290023803711,-21.584999084472656,95.0,1776886180.898
-73.53700256347656,-69.26799774169922,-0.4880000054836273,1776886180.926
-10.854000091552734,-14.451000213623047,23.048999786376953,1776886181.344
-2.378000020980835,3.0490000247955322,11.036999702453613,1776886181.359
-44.63399887084961,37.74399948120117,-20.183000564575195,1776886181.387
-28.354000091552734,33.354000091552734,-17.927000045776367,1776886181.398
-22.80500030517578,28.840999603271484,-19.634000778198242,1776886181.424
22.621999740600586,-20.67099952697754,2.561000108718872,1776886181.844
4.085000038146973,-6.4019999504089355,-7.377999782562256,1776886181.859
-4.145999908447266,4.389999866485596,2.683000087738037,1776886181.886
-0.8539999723434448,0.18299999833106995,3.9630000591278076,1776886181.898
0.6710000038146973,1.159000039100647,-3.9019999504089355,1776886181.924
0.061000000685453415,0.24400000274181366,-1.4630000591278076,1776886182.339
0.061000000685453415,0.24400000274181366,-1.4019999504089355,1776886182.364
-0.061000000685453415,0.24400000274181366,-1.5240000486373901,1776886182.378
0.061000000685453415,0.3050000071525574,-1.5240000486373901,1776886182.404
0.0,0.3050000071525574,-1.5240000486373901,1776886182.419
0.7929999828338623,-2.01200008392334,-0.9760000109672546,1776886182.847
-0.7929999828338623,1.159000039100647,-1.5240000486373901,1776886182.858
-0.7929999828338623,1.0980000495910645,1.2799999713897705,1776886182.884
0.3659999966621399,-0.7929999828338623,-1.2799999713897705,1776886182.899
0.4880000054836273,-0.8539999723434448,0.061000000685453415,1776886182.925
-4.328999996185303,0.4880000054836273,3.7200000286102295,1776886183.338
-1.0980000495910645,0.5490000247955322,5.671000003814697,1776886183.364
2.621999979019165,-2.561000108718872,-2.927000045776367,1776886183.378
-0.061000000685453415,-4.51200008392334,0.4880000054836273,1776886183.418
-1.7680000066757202,-1.2799999713897705,4.633999824523926,1776886183.429
-0.7319999933242798,-16.645999908447266,-13.779999732971191,1776886183.859
2.072999954223633,8.414999961853027,-8.840999603271484,1776886183.885
-4.085000038146973,1.7070000171661377,4.085000038146973,1776886183.898
-1.2200000286102295,3.2320001125335693,-8.232000350952148,1776886183.924
2.25600004196167,-2.01200008392334,6.28000020980835,1776886183.938
-1.7070000171661377,0.7319999933242798,-0.6710000038146973,1776886184.358
-0.12200000137090683,-0.24400000274181366,-1.4019999504089355,1776886184.384
-0.4269999861717224,0.0,-0.6100000143051147,1776886184.399
0.3050000071525574,0.3050000071525574,-2.316999912261963,1776886184.428
-4.085000038146973,-0.7929999828338623,5.366000175476074,1776886184.438
-0.12200000137090683,0.24400000274181366,-1.5240000486373901,1776886184.859
0.12200000137090683,0.12200000137090683,-1.4019999504089355,1776886184.885
0.12200000137090683,0.18299999833106995,-1.4630000591278076,1776886184.898
0.061000000685453415,0.3050000071525574,-1.5850000381469727,1776886184.924
0.12200000137090683,0.24400000274181366,-1.5850000381469727,1776886184.938
0.061000000685453415,0.3659999966621399,-1.5240000486373901,1776886185.338
0.061000000685453415,0.18299999833106995,-1.5240000486373901,1776886185.364
0.12200000137090683,0.24400000274181366,-1.5240000486373901,1776886185.379
0.061000000685453415,0.18299999833106995,-1.5240000486373901,1776886185.407
0.061000000685453415,0.18299999833106995,14.02400016784668,1776886185.418
1.8899999856948853,-23.110000610351562,-10.48799991607666,1776886185.839
-2.74399995803833,-5.97599983215332,-6.828999996185303,1776886185.866
4.02400016784668,-11.951000213623047,2.438999891281128,1776886185.878
5.548999786376953,0.6710000038146973,-1.4630000591278076,1776886185.905
0.9760000109672546,3.4760000705718994,-3.1710000038146973,1776886185.919
0.0,0.24400000274181366,-1.5240000486373901,1776886186.358
0.12200000137090683,0.3050000071525574,-1.2799999713897705,1776886186.385
0.061000000685453415,0.3050000071525574,-1.5850000381469727,1776886186.398
0.12200000137090683,0.24400000274181366,-1.4630000591278076,1776886186.425
0.061000000685453415,0.24400000274181366,-1.5240000486373901,1776886186.438
-0.7929999828338623,1.6460000276565552,-4.877999782562256,1776886186.858
2.134000062942505,3.7799999713897705,-0.9150000214576721,1776886186.884
0.4269999861717224,0.9150000214576721,-2.316999912261963,1776886186.898
-0.3659999966621399,-1.0980000495910645,1.5240000486373901,1776886186.927
-0.18299999833106995,-0.6100000143051147,-2.25600004196167,1776886186.938
-0.4880000054836273,-0.18299999833106995,0.24400000274181366,1776886187.36
-0.18299999833106995,0.12200000137090683,-0.6710000038146973,1776886187.387
-0.24400000274181366,0.3050000071525574,-1.2200000286102295,1776886187.398
-0.6100000143051147,0.061000000685453415,-0.24400000274181366,1776886187.425
-0.4880000054836273,-0.3659999966621399,1.7070000171661377,1776886187.439
-0.061000000685453415,1.159000039100647,-4.51200008392334,1776886187.859
-0.8539999723434448,0.24400000274181366,13.293000221252441,1776886187.89
0.8539999723434448,-0.6710000038146973,-0.18299999833106995,1776886187.9
-0.5490000247955322,0.4269999861717224,-2.134000062942505,1776886187.919
0.4880000054836273,-0.18299999833106995,-0.6100000143051147,1776886187.944
0.24400000274181366,0.061000000685453415,-1.7680000066757202,1776886188.378
0.18299999833106995,0.061000000685453415,-1.0980000495910645,1776886188.404
-0.18299999833106995,0.3659999966621399,-1.7680000066757202,1776886188.419
0.12200000137090683,0.18299999833106995,-1.2200000286102295,1776886188.445
0.061000000685453415,0.12200000137090683,-1.4019999504089355,1776886188.459
0.061000000685453415,0.24400000274181366,-1.4630000591278076,1776886188.878
-0.061000000685453415,0.18299999833106995,14.02400016784668,1776886188.905
0.061000000685453415,0.18299999833106995,-1.4630000591278076,1776886188.918
0.061000000685453415,0.24400000274181366,-1.5240000486373901,1776886188.945
0.0,0.24400000274181366,-1.5240000486373901,1776886188.959
0.0,0.18299999833106995,-1.5850000381469727,1776886189.364
0.061000000685453415,0.3050000071525574,-1.4019999504089355,1776886189.381
-0.3659999966621399,0.061000000685453415,1.2200000286102295,1776886189.399
-2.683000087738037,-3.2929999828338623,12.5,1776886189.425
-4.389999866485596,0.061000000685453415,-7.072999954223633,1776886189.439
0.12200000137090683,-0.12200000137090683,-0.9760000109672546,1776886189.878
0.4880000054836273,0.0,-3.109999895095825,1776886189.904
2.316999912261963,1.7680000066757202,-5.671000003814697,1776886189.919
0.9150000214576721,1.7070000171661377,-7.072999954223633,1776886189.947
1.7070000171661377,3.5980000495910645,-6.4019999504089355,1776886189.958
10.0,5.73199987411499,-17.56100082397461,1776886190.378
-3.6589999198913574,4.451000213623047,-20.06100082397461,1776886190.404
8.840999603271484,15.182999610900879,-28.597999572753906,1776886190.422
18.53700065612793,15.305000305175781,-22.683000564575195,1776886190.439
12.133999824523926,8.597999572753906,-18.840999603271484,1776886190.466
-32.86600112915039,2.134000062942505,-11.951000213623047,1776886190.881
-70.30500030517578,3.2320001125335693,-9.02400016784668,1776886190.902
-76.22000122070312,12.317000389099121,-13.414999961853027,1776886190.918
-72.37799835205078,98.23200225830078,37.80500030517578,1776886190.945
-55.854000091552734,49.87799835205078,28.292999267578125,1776886190.961
21.219999313354492,15.670999526977539,32.80500030517578,1776886191.386
8.597999572753906,7.072999954223633,15.732000350952148,1776886191.398
-2.072999954223633,-10.305000305175781,4.02400016784668,1776886191.426
-9.755999565124512,-5.97599983215332,-25.427000045776367,1776886191.439
-6.828999996185303,0.7929999828338623,-20.183000564575195,1776886191.46
0.0,0.18299999833106995,-1.340999960899353,1776886191.878
0.0,0.3050000071525574,-1.5850000381469727,1776886191.906
0.061000000685453415,0.12200000137090683,-1.340999960899353,1776886191.92
0.0,0.3659999966621399,-1.4630000591278076,1776886191.946
-0.12200000137090683,0.24400000274181366,-1.5850000381469727,1776886191.958
