front_left,front_right,rear_left,rear_right,t
-58.0,-49.0,-58.0,-49.0,1776885834.276
-58.0,-49.0,-58.0,-49.0,1776885834.29
-58.0,-49.0,-58.0,-49.0,1776885834.316
-58.0,-49.0,-58.0,-49.0,1776885834.33
-70.0,-60.0,-70.0,-60.0,1776885834.356
67.0,70.0,67.0,70.0,1776885835.276
67.0,70.0,67.0,70.0,1776885835.29
67.0,70.0,67.0,70.0,1776885835.316
67.0,70.0,67.0,70.0,1776885835.33
67.0,70.0,67.0,70.0,1776885835.356
0.0,0.0,0.0,0.0,1776885837.77
0.0,0.0,0.0,0.0,1776885837.796
0.0,0.0,0.0,0.0,1776885837.81
0.0,0.0,0.0,0.0,1776885837.837
0.0,0.0,0.0,0.0,1776885837.85
-21.0,-15.0,-21.0,-15.0,1776885838.79
-21.0,-15.0,-21.0,-15.0,1776885838.816
-21.0,-15.0,-21.0,-15.0,1776885838.832
-21.0,-15.0,-21.0,-15.0,1776885838.858
-21.0,-15.0,-21.0,-15.0,1776885838.87
0.0,0.0,0.0,0.0,1776885840.29
0.0,0.0,0.0,0.0,1776885840.318
0.0,0.0,0.0,0.0,1776885840.33
0.0,0.0,0.0,0.0,1776885840.356
0.0,0.0,0.0,0.0,1776885840.37
0.0,0.0,0.0,0.0,1776885841.79
0.0,0.0,0.0,0.0,1776885841.816
0.0,0.0,0.0,0.0,1776885841.86
0.0,0.0,0.0,0.0,1776885841.871
0.0,0.0,0.0,0.0,1776885841.881
0.0,0.0,0.0,0.0,1776885842.796
0.0,0.0,0.0,0.0,1776885842.811
0.0,0.0,0.0,0.0,1776885842.838
0.0,0.0,0.0,0.0,1776885842.85
0.0,0.0,0.0,0.0,1776885842.878
0.0,0.0,0.0,0.0,1776885843.296
0.0,0.0,0.0,0.0,1776885843.31
0.0,0.0,0.0,0.0,1776885843.338
0.0,0.0,0.0,0.0,1776885843.352
0.0,0.0,0.0,0.0,1776885843.378
0.0,0.0,0.0,0.0,1776885844.79
0.0,0.0,0.0,0.0,1776885844.816
0.0,0.0,0.0,0.0,1776885844.83
0.0,0.0,0.0,0.0,1776885844.856
0.0,0.0,0.0,0.0,1776885844.87
0.0,0.0,0.0,0.0,1776885845.75
0.0,0.0,0.0,0.0,1776885845.776
0.0,0.0,0.0,0.0,1776885845.79
0.0,0.0,0.0,0.0,1776885845.817
0.0,0.0,0.0,0.0,1776885845.886
0.0,0.0,0.0,0.0,1776885846.816
0.0,0.0,0.0,0.0,1776885846.831
0.0,0.0,0.0,0.0,1776885846.857
0.0,0.0,0.0,0.0,1776885846.87
0.0,0.0,0.0,0.0,1776885846.897
0.0,-22.0,0.0,-22.0,1776885847.81
0.0,-22.0,0.0,-22.0,1776885847.862
0.0,-22.0,0.0,-22.0,1776885847.873
0.0,-22.0,0.0,-22.0,1776885847.884
0.0,-22.0,0.0,-22.0,1776885847.895
0.0,0.0,0.0,0.0,1776885848.81
0.0,0.0,0.0,0.0,1776885848.842
0.0,0.0,0.0,0.0,1776885848.853
0.0,0.0,0.0,0.0,1776885848.87
0.0,0.0,0.0,0.0,1776885848.896
0.0,0.0,0.0,0.0,1776885849.81
0.0,0.0,0.0,0.0,1776885849.861
0.0,0.0,0.0,0.0,1776885849.871
0.0,0.0,0.0,0.0,1776885849.882
0.0,0.0,0.0,0.0,1776885849.892
0.0,0.0,0.0,0.0,1776885851.81
0.0,0.0,0.0,0.0,1776885851.859
0.0,0.0,0.0,0.0,1776885851.87
0.0,0.0,0.0,0.0,1776885851.88
0.0,0.0,0.0,0.0,1776885851.891
0.0,0.0,0.0,0.0,1776885857.862
0.0,0.0,0.0,0.0,1776885857.873
0.0,0.0,0.0,0.0,1776885857.883
0.0,0.0,0.0,0.0,1776885857.894
0.0,0.0,0.0,0.0,1776885857.91
0.0,0.0,0.0,0.0,1776885859.331
0.0,0.0,0.0,0.0,1776885859.356
0.0,0.0,0.0,0.0,1776885859.37
0.0,0.0,0.0,0.0,1776885859.398
0.0,0.0,0.0,0.0,1776885859.41
0.0,0.0,0.0,0.0,1776885860.356
0.0,0.0,0.0,0.0,1776885860.37
0.0,0.0,0.0,0.0,1776885860.396
0.0,0.0,0.0,0.0,1776885860.41
0.0,0.0,0.0,0.0,1776885860.436
0.0,0.0,0.0,0.0,1776885861.883
0.0,0.0,0.0,0.0,1776885861.895
0.0,0.0,0.0,0.0,1776885861.905
0.0,0.0,0.0,0.0,1776885861.916
0.0,0.0,0.0,0.0,1776885861.93
0.0,0.0,0.0,0.0,1776885863.359
0.0,0.0,0.0,0.0,1776885863.371
0.0,0.0,0.0,0.0,1776885863.399
0.0,0.0,0.0,0.0,1776885863.411
0.0,0.0,0.0,0.0,1776885863.437
0.0,0.0,0.0,0.0,1776885864.856
0.0,0.0,0.0,0.0,1776885864.87
0.0,0.0,0.0,0.0,1776885864.896
0.0,0.0,0.0,0.0,1776885864.91
0.0,0.0,0.0,0.0,1776885864.936
0.0,0.0,0.0,0.0,1776885875.031
0.0,0.0,0.0,0.0,1776885875.057
0.0,0.0,0.0,0.0,1776885875.071
0.0,0.0,0.0,0.0,1776885875.097
0.0,0.0,0.0,0.0,1776885875.111
0.0,0.0,0.0,0.0,1776885881.519
0.0,0.0,0.0,0.0,1776885881.531
0.0,0.0,0.0,0.0,1776885881.56
0.0,0.0,0.0,0.0,1776885881.571
0.0,0.0,0.0,0.0,1776885881.606
45.0,42.0,45.0,42.0,1776885882.717
45.0,42.0,45.0,42.0,1776885882.746
45.0,42.0,45.0,42.0,1776885882.759
45.0,42.0,45.0,42.0,1776885882.771
45.0,42.0,45.0,42.0,1776885882.797
-10.0,10.0,-10.0,10.0,1776885883.718
-10.0,10.0,-10.0,10.0,1776885883.731
-10.0,10.0,-10.0,10.0,1776885883.757
-10.0,10.0,-10.0,10.0,1776885883.771
-10.0,10.0,-10.0,10.0,1776885883.798
0.0,0.0,0.0,0.0,1776885884.14
0.0,0.0,0.0,0.0,1776885884.151
0.0,0.0,0.0,0.0,1776885884.177
0.0,0.0,0.0,0.0,1776885884.191
0.0,0.0,0.0,0.0,1776885884.217
0.0,0.0,0.0,0.0,1776885885.22
0.0,0.0,0.0,0.0,1776885885.231
0.0,0.0,0.0,0.0,1776885885.257
0.0,0.0,0.0,0.0,1776885885.273
0.0,0.0,0.0,0.0,1776885885.293
0.0,0.0,0.0,0.0,1776885885.731
0.0,0.0,0.0,0.0,1776885885.757
0.0,0.0,0.0,0.0,1776885885.771
0.0,0.0,0.0,0.0,1776885885.8
0.0,0.0,0.0,0.0,1776885885.811
0.0,0.0,0.0,0.0,1776885886.157
0.0,0.0,0.0,0.0,1776885886.171
0.0,0.0,0.0,0.0,1776885886.199
0.0,0.0,0.0,0.0,1776885886.211
0.0,0.0,0.0,0.0,1776885886.237
0.0,0.0,0.0,0.0,1776885886.731
0.0,0.0,0.0,0.0,1776885886.757
0.0,0.0,0.0,0.0,1776885886.771
0.0,0.0,0.0,0.0,1776885886.798
0.0,0.0,0.0,0.0,1776885886.811
0.0,0.0,0.0,0.0,1776885887.251
0.0,0.0,0.0,0.0,1776885887.279
0.0,0.0,0.0,0.0,1776885887.291
0.0,0.0,0.0,0.0,1776885887.32
0.0,0.0,0.0,0.0,1776885887.332
0.0,0.0,0.0,0.0,1776885888.231
0.0,0.0,0.0,0.0,1776885888.257
0.0,0.0,0.0,0.0,1776885888.31
0.0,0.0,0.0,0.0,1776885888.321
0.0,0.0,0.0,0.0,1776885888.332
0.0,0.0,0.0,0.0,1776885888.751
0.0,0.0,0.0,0.0,1776885888.777
0.0,0.0,0.0,0.0,1776885888.792
0.0,0.0,0.0,0.0,1776885888.813
0.0,0.0,0.0,0.0,1776885888.839
0.0,0.0,0.0,0.0,1776885889.252
0.0,0.0,0.0,0.0,1776885889.279
0.0,0.0,0.0,0.0,1776885889.291
0.0,0.0,0.0,0.0,1776885889.317
0.0,0.0,0.0,0.0,1776885889.331
0.0,0.0,0.0,0.0,1776885889.751
0.0,0.0,0.0,0.0,1776885889.777
0.0,0.0,0.0,0.0,1776885889.791
0.0,0.0,0.0,0.0,1776885889.817
0.0,0.0,0.0,0.0,1776885889.831
0.0,0.0,0.0,0.0,1776885890.171
0.0,0.0,0.0,0.0,1776885890.197
0.0,0.0,0.0,0.0,1776885890.211
0.0,0.0,0.0,0.0,1776885890.239
0.0,0.0,0.0,0.0,1776885890.251
0.0,0.0,0.0,0.0,1776885892.777
0.0,0.0,0.0,0.0,1776885892.791
0.0,0.0,0.0,0.0,1776885892.817
0.0,0.0,0.0,0.0,1776885892.831
0.0,0.0,0.0,0.0,1776885892.857
0.0,0.0,0.0,0.0,1776885893.271
0.0,0.0,0.0,0.0,1776885893.297
0.0,0.0,0.0,0.0,1776885893.311
0.0,0.0,0.0,0.0,1776885893.338
0.0,0.0,0.0,0.0,1776885893.351
0.0,0.0,0.0,0.0,1776885893.772
0.0,0.0,0.0,0.0,1776885893.791
0.0,0.0,0.0,0.0,1776885893.812
0.0,0.0,0.0,0.0,1776885893.839
0.0,0.0,0.0,0.0,1776885893.851
0.0,0.0,0.0,0.0,1776885894.271
0.0,0.0,0.0,0.0,1776885894.304
0.0,0.0,0.0,0.0,1776885894.321
0.0,0.0,0.0,0.0,1776885894.332
0.0,0.0,0.0,0.0,1776885894.358
0.0,0.0,0.0,0.0,1776885894.778
0.0,0.0,0.0,0.0,1776885894.791
0.0,0.0,0.0,0.0,1776885894.817
0.0,0.0,0.0,0.0,1776885894.831
0.0,0.0,0.0,0.0,1776885894.857
-66.0,-66.0,-66.0,-66.0,1776885895.777
-66.0,-66.0,-66.0,-66.0,1776885895.792
-66.0,-66.0,-66.0,-66.0,1776885895.818
-66.0,-66.0,-66.0,-66.0,1776885895.831
-66.0,-66.0,-66.0,-66.0,1776885895.857
-101.0,-100.0,-101.0,-100.0,1776885896.271
-101.0,-100.0,-101.0,-100.0,1776885896.298
-106.0,-105.0,-106.0,-105.0,1776885896.311
-106.0,-105.0,-106.0,-105.0,1776885896.337
-106.0,-105.0,-106.0,-105.0,1776885896.351
-113.0,-111.0,-113.0,-111.0,1776885896.778
-113.0,-111.0,-113.0,-111.0,1776885896.791
-113.0,-111.0,-113.0,-111.0,1776885896.819
-113.0,-111.0,-113.0,-111.0,1776885896.831
-115.0,-112.0,-115.0,-112.0,1776885896.852
0.0,0.0,0.0,0.0,1776885898.791
0.0,0.0,0.0,0.0,1776885898.817
0.0,0.0,0.0,0.0,1776885898.831
0.0,0.0,0.0,0.0,1776885898.857
0.0,0.0,0.0,0.0,1776885898.871
0.0,0.0,0.0,0.0,1776885899.291
0.0,0.0,0.0,0.0,1776885899.312
0.0,0.0,0.0,0.0,1776885899.337
0.0,0.0,0.0,0.0,1776885899.351
0.0,0.0,0.0,0.0,1776885899.377
0.0,0.0,0.0,0.0,1776885899.792
0.0,0.0,0.0,0.0,1776885899.817
0.0,0.0,0.0,0.0,1776885899.831
0.0,0.0,0.0,0.0,1776885899.857
0.0,0.0,0.0,0.0,1776885899.871
0.0,0.0,0.0,0.0,1776885900.291
0.0,0.0,0.0,0.0,1776885900.318
0.0,0.0,0.0,0.0,1776885900.331
0.0,0.0,0.0,0.0,1776885900.357
0.0,0.0,0.0,0.0,1776885900.371
0.0,0.0,0.0,0.0,1776885900.791
0.0,0.0,0.0,0.0,1776885900.817
0.0,0.0,0.0,0.0,1776885900.831
0.0,0.0,0.0,0.0,1776885900.857
0.0,0.0,0.0,0.0,1776885900.871
0.0,0.0,0.0,0.0,1776885901.297
0.0,0.0,0.0,0.0,1776885901.311
0.0,0.0,0.0,0.0,1776885901.337
0.0,0.0,0.0,0.0,1776885901.352
0.0,0.0,0.0,0.0,1776885901.378
0.0,1.0,0.0,1.0,1776885901.798
0.0,1.0,0.0,1.0,1776885901.811
0.0,1.0,0.0,1.0,1776885901.839
0.0,1.0,0.0,1.0,1776885901.851
0.0,1.0,0.0,1.0,1776885901.879
-6.0,8.0,-6.0,8.0,1776885902.291
-9.0,10.0,-9.0,10.0,1776885902.318
-9.0,10.0,-9.0,10.0,1776885902.331
-9.0,10.0,-9.0,10.0,1776885902.357
-9.0,10.0,-9.0,10.0,1776885902.371
-17.0,12.0,-17.0,12.0,1776885902.799
-21.0,12.0,-21.0,12.0,1776885902.811
-21.0,12.0,-21.0,12.0,1776885902.838
-21.0,12.0,-21.0,12.0,1776885902.851
-21.0,12.0,-21.0,12.0,1776885902.879
-25.0,13.0,-25.0,13.0,1776885903.292
-25.0,13.0,-25.0,13.0,1776885903.318
-26.0,13.0,-26.0,13.0,1776885903.331
-26.0,13.0,-26.0,13.0,1776885903.351
-26.0,13.0,-26.0,13.0,1776885903.377
-23.0,15.0,-23.0,15.0,1776885903.791
-23.0,15.0,-23.0,15.0,1776885903.817
-23.0,15.0,-23.0,15.0,1776885903.831
-21.0,18.0,-21.0,18.0,1776885903.858
-21.0,18.0,-21.0,18.0,1776885903.871
-21.0,20.0,-21.0,20.0,1776885904.817
-21.0,20.0,-21.0,20.0,1776885904.831
-21.0,17.0,-21.0,17.0,1776885904.857
-21.0,17.0,-21.0,17.0,1776885904.872
-21.0,17.0,-21.0,17.0,1776885904.898
-18.0,13.0,-18.0,13.0,1776885905.318
-18.0,13.0,-18.0,13.0,1776885905.332
-18.0,13.0,-18.0,13.0,1776885905.359
-17.0,10.0,-17.0,10.0,1776885905.372
-17.0,10.0,-17.0,10.0,1776885905.392
-1.0,4.0,-1.0,4.0,1776885905.811
-1.0,4.0,-1.0,4.0,1776885905.838
-1.0,4.0,-1.0,4.0,1776885905.852
-1.0,4.0,-1.0,4.0,1776885905.877
-1.0,4.0,-1.0,4.0,1776885905.891
0.0,0.0,0.0,0.0,1776885906.311
0.0,0.0,0.0,0.0,1776885906.337
0.0,0.0,0.0,0.0,1776885906.352
0.0,0.0,0.0,0.0,1776885906.377
0.0,0.0,0.0,0.0,1776885906.392
0.0,0.0,0.0,0.0,1776885906.818
0.0,0.0,0.0,0.0,1776885906.832
0.0,0.0,0.0,0.0,1776885906.857
0.0,0.0,0.0,0.0,1776885906.871
0.0,0.0,0.0,0.0,1776885906.897
0.0,0.0,0.0,0.0,1776885907.312
0.0,0.0,0.0,0.0,1776885907.338
0.0,0.0,0.0,0.0,1776885907.351
0.0,0.0,0.0,0.0,1776885907.377
0.0,0.0,0.0,0.0,1776885907.391
0.0,0.0,0.0,0.0,1776885907.817
0.0,0.0,0.0,0.0,1776885907.832
0.0,0.0,0.0,0.0,1776885907.858
0.0,0.0,0.0,0.0,1776885907.872
0.0,0.0,0.0,0.0,1776885907.899
2.0,-2.0,2.0,-2.0,1776885908.817
4.0,-3.0,4.0,-3.0,1776885908.832
4.0,-3.0,4.0,-3.0,1776885908.858
4.0,-3.0,4.0,-3.0,1776885908.872
4.0,-3.0,4.0,-3.0,1776885908.9
19.0,-18.0,19.0,-18.0,1776885909.838
21.0,-21.0,21.0,-21.0,1776885909.852
21.0,-21.0,21.0,-21.0,1776885909.873
21.0,-21.0,21.0,-21.0,1776885909.899
21.0,-21.0,21.0,-21.0,1776885909.912
24.0,-27.0,24.0,-27.0,1776885910.312
24.0,-27.0,24.0,-27.0,1776885910.339
24.0,-27.0,24.0,-27.0,1776885910.352
20.0,-24.0,20.0,-24.0,1776885910.378
20.0,-24.0,20.0,-24.0,1776885910.392
9.0,-9.0,9.0,-9.0,1776885911.338
6.0,-5.0,6.0,-5.0,1776885911.352
6.0,-5.0,6.0,-5.0,1776885911.377
6.0,-5.0,6.0,-5.0,1776885911.392
6.0,-5.0,6.0,-5.0,1776885911.418
0.0,0.0,0.0,0.0,1776885911.817
0.0,0.0,0.0,0.0,1776885911.837
0.0,0.0,0.0,0.0,1776885911.852
0.0,0.0,0.0,0.0,1776885911.878
0.0,0.0,0.0,0.0,1776885911.892
0.0,0.0,0.0,0.0,1776885912.337
0.0,0.0,0.0,0.0,1776885912.352
0.0,0.0,0.0,0.0,1776885912.373
0.0,0.0,0.0,0.0,1776885912.399
0.0,0.0,0.0,0.0,1776885912.412
0.0,0.0,0.0,0.0,1776885912.832
0.0,0.0,0.0,0.0,1776885912.857
0.0,0.0,0.0,0.0,1776885912.872
0.0,0.0,0.0,0.0,1776885912.899
0.0,0.0,0.0,0.0,1776885912.914
0.0,0.0,0.0,0.0,1776885913.34
1.0,0.0,1.0,0.0,1776885913.352
1.0,0.0,1.0,0.0,1776885913.378
1.0,0.0,1.0,0.0,1776885913.392
1.0,0.0,1.0,0.0,1776885913.418
20.0,-12.0,20.0,-12.0,1776885914.338
20.0,-12.0,20.0,-12.0,1776885914.352
20.0,-12.0,20.0,-12.0,1776885914.378
20.0,-12.0,20.0,-12.0,1776885914.392
23.0,-16.0,23.0,-16.0,1776885914.418
22.0,-19.0,22.0,-19.0,1776885914.832
22.0,-19.0,22.0,-19.0,1776885914.858
22.0,-19.0,22.0,-19.0,1776885914.872
22.0,-19.0,22.0,-19.0,1776885914.898
22.0,-19.0,22.0,-19.0,1776885914.912
18.0,-23.0,18.0,-23.0,1776885915.332
18.0,-22.0,18.0,-22.0,1776885915.358
18.0,-22.0,18.0,-22.0,1776885915.378
18.0,-22.0,18.0,-22.0,1776885915.392
18.0,-22.0,18.0,-22.0,1776885915.418
17.0,-24.0,17.0,-24.0,1776885915.832
17.0,-24.0,17.0,-24.0,1776885915.858
16.0,-25.0,16.0,-25.0,1776885915.872
16.0,-25.0,16.0,-25.0,1776885915.897
16.0,-25.0,16.0,-25.0,1776885915.912
21.0,-28.0,21.0,-28.0,1776885916.338
21.0,-28.0,21.0,-28.0,1776885916.352
21.0,-28.0,21.0,-28.0,1776885916.378
21.0,-28.0,21.0,-28.0,1776885916.392
21.0,-28.0,21.0,-28.0,1776885916.419
21.0,-22.0,21.0,-22.0,1776885917.352
21.0,-22.0,21.0,-22.0,1776885917.378
18.0,-20.0,18.0,-20.0,1776885917.392
18.0,-20.0,18.0,-20.0,1776885917.418
18.0,-20.0,18.0,-20.0,1776885917.432
18.0,-15.0,18.0,-15.0,1776885917.832
18.0,-15.0,18.0,-15.0,1776885917.858
18.0,-15.0,18.0,-15.0,1776885917.873
18.0,-15.0,18.0,-15.0,1776885917.9
18.0,-15.0,18.0,-15.0,1776885917.912
9.0,-10.0,9.0,-10.0,1776885918.352
9.0,-10.0,9.0,-10.0,1776885918.377
9.0,-10.0,9.0,-10.0,1776885918.392
9.0,-10.0,9.0,-10.0,1776885918.421
9.0,-10.0,9.0,-10.0,1776885918.432
4.0,-7.0,4.0,-7.0,1776885918.858
4.0,-4.0,4.0,-4.0,1776885918.872
4.0,-4.0,4.0,-4.0,1776885918.905
4.0,-4.0,4.0,-4.0,1776885918.915
4.0,-4.0,4.0,-4.0,1776885918.932
0.0,0.0,0.0,0.0,1776885919.352
0.0,0.0,0.0,0.0,1776885919.378
0.0,0.0,0.0,0.0,1776885919.392
0.0,0.0,0.0,0.0,1776885919.419
0.0,0.0,0.0,0.0,1776885919.432
0.0,0.0,0.0,0.0,1776885919.858
0.0,0.0,0.0,0.0,1776885919.872
0.0,0.0,0.0,0.0,1776885919.898
0.0,0.0,0.0,0.0,1776885919.912
0.0,0.0,0.0,0.0,1776885919.938
0.0,0.0,0.0,0.0,1776885920.352
0.0,0.0,0.0,0.0,1776885920.378
0.0,0.0,0.0,0.0,1776885920.392
0.0,0.0,0.0,0.0,1776885920.418
0.0,0.0,0.0,0.0,1776885920.432
0.0,0.0,0.0,0.0,1776885920.852
0.0,0.0,0.0,0.0,1776885920.881
0.0,0.0,0.0,0.0,1776885920.892
0.0,0.0,0.0,0.0,1776885920.918
0.0,0.0,0.0,0.0,1776885920.932
0.0,0.0,0.0,0.0,1776885921.358
0.0,0.0,0.0,0.0,1776885921.372
0.0,0.0,0.0,0.0,1776885921.4
0.0,0.0,0.0,0.0,1776885921.412
0.0,0.0,0.0,0.0,1776885921.44
0.0,5.0,0.0,5.0,1776885921.872
0.0,5.0,0.0,5.0,1776885921.898
0.0,5.0,0.0,5.0,1776885921.912
0.0,5.0,0.0,5.0,1776885921.938
0.0,5.0,0.0,5.0,1776885921.952
-1.0,9.0,-1.0,9.0,1776885922.352
-1.0,9.0,-1.0,9.0,1776885922.38
-4.0,9.0,-4.0,9.0,1776885922.392
-4.0,9.0,-4.0,9.0,1776885922.418
-4.0,9.0,-4.0,9.0,1776885922.432
-12.0,11.0,-12.0,11.0,1776885922.872
-12.0,11.0,-12.0,11.0,1776885922.899
-12.0,11.0,-12.0,11.0,1776885922.912
-12.0,11.0,-12.0,11.0,1776885922.939
-12.0,11.0,-12.0,11.0,1776885922.952
-16.0,13.0,-16.0,13.0,1776885923.372
-16.0,13.0,-16.0,13.0,1776885923.4
-16.0,13.0,-16.0,13.0,1776885923.412
-16.0,13.0,-16.0,13.0,1776885923.438
-16.0,13.0,-16.0,13.0,1776885923.452
-20.0,15.0,-20.0,15.0,1776885923.878
-20.0,15.0,-20.0,15.0,1776885923.892
-20.0,15.0,-20.0,15.0,1776885923.92
-20.0,15.0,-20.0,15.0,1776885923.933
-20.0,15.0,-20.0,15.0,1776885923.952
-19.0,19.0,-19.0,19.0,1776885924.352
-19.0,19.0,-19.0,19.0,1776885924.379
-19.0,19.0,-19.0,19.0,1776885924.392
-22.0,17.0,-22.0,17.0,1776885924.418
-22.0,17.0,-22.0,17.0,1776885924.432
-26.0,16.0,-26.0,16.0,1776885924.872
-26.0,16.0,-26.0,16.0,1776885924.899
-26.0,16.0,-26.0,16.0,1776885924.913
-26.0,16.0,-26.0,16.0,1776885924.94
-26.0,16.0,-26.0,16.0,1776885924.952
-25.0,15.0,-25.0,15.0,1776885925.378
-25.0,15.0,-25.0,15.0,1776885925.399
-25.0,15.0,-25.0,15.0,1776885925.412
-25.0,15.0,-25.0,15.0,1776885925.44
-25.0,15.0,-25.0,15.0,1776885925.452
-18.0,22.0,-18.0,22.0,1776885925.88
-18.0,22.0,-18.0,22.0,1776885925.892
-18.0,22.0,-18.0,22.0,1776885925.92
-18.0,22.0,-18.0,22.0,1776885925.939
-18.0,22.0,-18.0,22.0,1776885925.952
-16.0,22.0,-16.0,22.0,1776885926.373
-16.0,22.0,-16.0,22.0,1776885926.393
-16.0,22.0,-16.0,22.0,1776885926.419
-15.0,25.0,-15.0,25.0,1776885926.433
-15.0,25.0,-15.0,25.0,1776885926.452
-8.0,7.0,-8.0,7.0,1776885927.38
-8.0,7.0,-8.0,7.0,1776885927.395
-8.0,7.0,-8.0,7.0,1776885927.413
-8.0,7.0,-8.0,7.0,1776885927.439
-8.0,7.0,-8.0,7.0,1776885927.452
0.0,0.0,0.0,0.0,1776885927.892
0.0,0.0,0.0,0.0,1776885927.918
0.0,0.0,0.0,0.0,1776885927.932
0.0,0.0,0.0,0.0,1776885927.958
0.0,0.0,0.0,0.0,1776885927.972
-1.0,3.0,-1.0,3.0,1776885928.373
-1.0,3.0,-1.0,3.0,1776885928.399
-3.0,3.0,-3.0,3.0,1776885928.412
-3.0,3.0,-3.0,3.0,1776885928.44
-3.0,3.0,-3.0,3.0,1776885928.452
-6.0,7.0,-6.0,7.0,1776885928.892
-6.0,7.0,-6.0,7.0,1776885928.918
-9.0,9.0,-9.0,9.0,1776885928.932
-9.0,9.0,-9.0,9.0,1776885928.961
-9.0,9.0,-9.0,9.0,1776885928.972
-16.0,16.0,-16.0,16.0,1776885929.392
-16.0,16.0,-16.0,16.0,1776885929.418
-16.0,16.0,-16.0,16.0,1776885929.432
-20.0,15.0,-20.0,15.0,1776885929.458
-20.0,15.0,-20.0,15.0,1776885929.472
-20.0,18.0,-20.0,18.0,1776885929.892
-20.0,18.0,-20.0,18.0,1776885929.919
-20.0,18.0,-20.0,18.0,1776885929.932
-20.0,18.0,-20.0,18.0,1776885929.959
-20.0,18.0,-20.0,18.0,1776885929.972
-22.0,23.0,-22.0,23.0,1776885930.392
-22.0,23.0,-22.0,23.0,1776885930.422
-21.0,24.0,-21.0,24.0,1776885930.432
-21.0,24.0,-21.0,24.0,1776885930.458
-21.0,24.0,-21.0,24.0,1776885930.472
-19.0,26.0,-19.0,26.0,1776885930.898
-19.0,26.0,-19.0,26.0,1776885930.912
-19.0,26.0,-19.0,26.0,1776885930.94
-19.0,26.0,-19.0,26.0,1776885930.953
-16.0,22.0,-16.0,22.0,1776885930.979
-16.0,14.0,-16.0,14.0,1776885931.392
-16.0,14.0,-16.0,14.0,1776885931.418
-16.0,14.0,-16.0,14.0,1776885931.432
-16.0,14.0,-16.0,14.0,1776885931.458
-12.0,13.0,-12.0,13.0,1776885931.472
0.0,0.0,0.0,0.0,1776885932.399
0.0,0.0,0.0,0.0,1776885932.412
0.0,0.0,0.0,0.0,1776885932.438
0.0,0.0,0.0,0.0,1776885932.452
0.0,0.0,0.0,0.0,1776885932.478
0.0,0.0,0.0,0.0,1776885932.892
0.0,0.0,0.0,0.0,1776885932.918
0.0,0.0,0.0,0.0,1776885932.932
0.0,0.0,0.0,0.0,1776885932.958
0.0,0.0,0.0,0.0,1776885932.977
0.0,0.0,0.0,0.0,1776885933.4
0.0,0.0,0.0,0.0,1776885933.412
0.0,0.0,0.0,0.0,1776885933.44
0.0,0.0,0.0,0.0,1776885933.455
0.0,0.0,0.0,0.0,1776885933.481
4.0,7.0,4.0,7.0,1776885933.918
4.0,7.0,4.0,7.0,1776885933.935
4.0,7.0,4.0,7.0,1776885933.952
4.0,7.0,4.0,7.0,1776885933.978
13.0,17.0,13.0,17.0,1776885933.992
41.0,45.0,41.0,45.0,1776885934.418
41.0,45.0,41.0,45.0,1776885934.432
41.0,45.0,41.0,45.0,1776885934.452
41.0,45.0,41.0,45.0,1776885934.478
41.0,45.0,41.0,45.0,1776885934.492
87.0,88.0,87.0,88.0,1776885934.912
87.0,88.0,87.0,88.0,1776885934.938
87.0,88.0,87.0,88.0,1776885934.953
87.0,88.0,87.0,88.0,1776885934.979
87.0,88.0,87.0,88.0,1776885934.993
73.0,71.0,73.0,71.0,1776885935.392
64.0,63.0,64.0,63.0,1776885935.42
64.0,63.0,64.0,63.0,1776885935.432
64.0,63.0,64.0,63.0,1776885935.462
64.0,63.0,64.0,63.0,1776885935.472
23.0,21.0,23.0,21.0,1776885935.912
23.0,21.0,23.0,21.0,1776885935.94
23.0,21.0,23.0,21.0,1776885935.952
23.0,21.0,23.0,21.0,1776885935.978
23.0,21.0,23.0,21.0,1776885935.992
0.0,0.0,0.0,0.0,1776885936.412
0.0,0.0,0.0,0.0,1776885936.44
0.0,-8.0,0.0,-8.0,1776885936.452
0.0,-8.0,0.0,-8.0,1776885936.479
0.0,-8.0,0.0,-8.0,1776885936.495
10.0,-14.0,10.0,-14.0,1776885937.412
10.0,-14.0,10.0,-14.0,1776885937.438
13.0,-17.0,13.0,-17.0,1776885937.456
13.0,-17.0,13.0,-17.0,1776885937.472
13.0,-17.0,13.0,-17.0,1776885937.499
17.0,-14.0,17.0,-14.0,1776885937.912
17.0,-14.0,17.0,-14.0,1776885937.938
17.0,-14.0,17.0,-14.0,1776885937.952
17.0,-17.0,17.0,-17.0,1776885937.979
17.0,-17.0,17.0,-17.0,1776885937.992
16.0,-15.0,16.0,-15.0,1776885938.418
16.0,-15.0,16.0,-15.0,1776885938.432
16.0,-15.0,16.0,-15.0,1776885938.458
16.0,-15.0,16.0,-15.0,1776885938.472
15.0,-15.0,15.0,-15.0,1776885938.501
7.0,-8.0,7.0,-8.0,1776885938.912
7.0,-8.0,7.0,-8.0,1776885938.934
7.0,-8.0,7.0,-8.0,1776885938.959
7.0,-8.0,7.0,-8.0,1776885938.972
7.0,-8.0,7.0,-8.0,1776885938.998
1.0,-1.0,1.0,-1.0,1776885939.418
1.0,-1.0,1.0,-1.0,1776885939.432
1.0,-1.0,1.0,-1.0,1776885939.458
1.0,-1.0,1.0,-1.0,1776885939.472
1.0,-1.0,1.0,-1.0,1776885939.499
0.0,0.0,0.0,0.0,1776885939.92
0.0,0.0,0.0,0.0,1776885939.932
0.0,0.0,0.0,0.0,1776885939.96
0.0,0.0,0.0,0.0,1776885939.973
0.0,0.0,0.0,0.0,1776885939.999
-4.0,3.0,-4.0,3.0,1776885940.418
-4.0,7.0,-4.0,7.0,1776885940.432
-4.0,7.0,-4.0,7.0,1776885940.458
-4.0,7.0,-4.0,7.0,1776885940.473
-4.0,7.0,-4.0,7.0,1776885940.499
-9.0,12.0,-9.0,12.0,1776885940.918
-9.0,12.0,-9.0,12.0,1776885940.932
-9.0,12.0,-9.0,12.0,1776885940.964
-9.0,12.0,-9.0,12.0,1776885940.975
-9.0,12.0,-9.0,12.0,1776885941.001
-9.0,12.0,-9.0,12.0,1776885941.422
-9.0,12.0,-9.0,12.0,1776885941.432
-9.0,12.0,-9.0,12.0,1776885941.459
-9.0,8.0,-9.0,8.0,1776885941.472
-9.0,8.0,-9.0,8.0,1776885941.495
-3.0,4.0,-3.0,4.0,1776885941.912
-3.0,4.0,-3.0,4.0,1776885941.94
-3.0,4.0,-3.0,4.0,1776885941.952
-3.0,4.0,-3.0,4.0,1776885941.981
0.0,4.0,0.0,4.0,1776885941.995
0.0,0.0,0.0,0.0,1776885942.425
0.0,0.0,0.0,0.0,1776885942.436
0.0,0.0,0.0,0.0,1776885942.452
0.0,0.0,0.0,0.0,1776885942.478
0.0,0.0,0.0,0.0,1776885942.492
0.0,0.0,0.0,0.0,1776885942.932
0.0,0.0,0.0,0.0,1776885942.959
0.0,0.0,0.0,0.0,1776885942.972
0.0,0.0,0.0,0.0,1776885942.999
0.0,0.0,0.0,0.0,1776885943.012
8.0,5.0,8.0,5.0,1776885943.439
8.0,5.0,8.0,5.0,1776885943.452
8.0,5.0,8.0,5.0,1776885943.479
8.0,5.0,8.0,5.0,1776885943.493
8.0,5.0,8.0,5.0,1776885943.519
37.0,33.0,37.0,33.0,1776885943.938
47.0,43.0,47.0,43.0,1776885943.952
47.0,43.0,47.0,43.0,1776885943.984
47.0,43.0,47.0,43.0,1776885944.003
47.0,43.0,47.0,43.0,1776885944.014
57.0,54.0,57.0,54.0,1776885944.434
57.0,54.0,57.0,54.0,1776885944.452
57.0,54.0,57.0,54.0,1776885944.478
57.0,54.0,57.0,54.0,1776885944.494
57.0,54.0,57.0,54.0,1776885944.52
40.0,40.0,40.0,40.0,1776885944.952
40.0,40.0,40.0,40.0,1776885944.979
40.0,40.0,40.0,40.0,1776885944.993
40.0,40.0,40.0,40.0,1776885945.012
30.0,30.0,30.0,30.0,1776885945.038
0.0,0.0,0.0,0.0,1776885945.439
0.0,0.0,0.0,0.0,1776885945.457
0.0,0.0,0.0,0.0,1776885945.473
0.0,0.0,0.0,0.0,1776885945.499
0.0,0.0,0.0,0.0,1776885945.512
1.0,0.0,1.0,0.0,1776885945.952
1.0,0.0,1.0,0.0,1776885945.979
1.0,0.0,1.0,0.0,1776885945.993
1.0,0.0,1.0,0.0,1776885946.019
1.0,0.0,1.0,0.0,1776885946.032
1.0,1.0,1.0,1.0,1776885946.458
1.0,1.0,1.0,1.0,1776885946.472
1.0,1.0,1.0,1.0,1776885946.498
1.0,1.0,1.0,1.0,1776885946.512
1.0,1.0,1.0,1.0,1776885946.538
57.0,57.0,57.0,57.0,1776885947.452
69.0,67.0,69.0,67.0,1776885947.478
69.0,67.0,69.0,67.0,1776885947.492
69.0,67.0,69.0,67.0,1776885947.52
69.0,67.0,69.0,67.0,1776885947.536
96.0,93.0,96.0,93.0,1776885947.953
96.0,93.0,96.0,93.0,1776885947.978
96.0,93.0,96.0,93.0,1776885947.993
96.0,93.0,96.0,93.0,1776885948.019
96.0,93.0,96.0,93.0,1776885948.033
67.0,64.0,67.0,64.0,1776885948.452
67.0,64.0,67.0,64.0,1776885948.478
56.0,54.0,56.0,54.0,1776885948.495
56.0,54.0,56.0,54.0,1776885948.521
56.0,54.0,56.0,54.0,1776885948.533
22.0,21.0,22.0,21.0,1776885948.952
22.0,21.0,22.0,21.0,1776885948.979
11.0,10.0,11.0,10.0,1776885948.992
11.0,10.0,11.0,10.0,1776885949.018
11.0,10.0,11.0,10.0,1776885949.033
0.0,0.0,0.0,0.0,1776885949.453
0.0,0.0,0.0,0.0,1776885949.473
0.0,0.0,0.0,0.0,1776885949.494
0.0,0.0,0.0,0.0,1776885949.52
0.0,0.0,0.0,0.0,1776885949.534
-3.0,10.0,-3.0,10.0,1776885950.453
-3.0,10.0,-3.0,10.0,1776885950.479
-3.0,10.0,-3.0,10.0,1776885950.493
-3.0,10.0,-3.0,10.0,1776885950.521
-3.0,10.0,-3.0,10.0,1776885950.533
-6.0,16.0,-6.0,16.0,1776885950.953
-6.0,16.0,-6.0,16.0,1776885950.978
-6.0,16.0,-6.0,16.0,1776885950.993
-6.0,16.0,-6.0,16.0,1776885951.018
-6.0,16.0,-6.0,16.0,1776885951.033
-10.0,7.0,-10.0,7.0,1776885951.454
-10.0,7.0,-10.0,7.0,1776885951.48
-10.0,7.0,-10.0,7.0,1776885951.493
-10.0,7.0,-10.0,7.0,1776885951.523
-10.0,7.0,-10.0,7.0,1776885951.535
-10.0,4.0,-10.0,4.0,1776885951.953
-10.0,4.0,-10.0,4.0,1776885951.984
-10.0,4.0,-10.0,4.0,1776885951.995
-10.0,1.0,-10.0,1.0,1776885952.021
-10.0,1.0,-10.0,1.0,1776885952.033
-4.0,0.0,-4.0,0.0,1776885952.473
-4.0,0.0,-4.0,0.0,1776885952.5
-4.0,0.0,-4.0,0.0,1776885952.513
0.0,0.0,0.0,0.0,1776885952.538
0.0,0.0,0.0,0.0,1776885952.553
1.0,0.0,1.0,0.0,1776885952.98
1.0,0.0,1.0,0.0,1776885952.993
1.0,0.0,1.0,0.0,1776885953.021
3.0,1.0,3.0,1.0,1776885953.033
3.0,1.0,3.0,1.0,1776885953.059
60.0,58.0,60.0,58.0,1776885953.973
60.0,58.0,60.0,58.0,1776885954.003
60.0,58.0,60.0,58.0,1776885954.015
60.0,58.0,60.0,58.0,1776885954.041
60.0,58.0,60.0,58.0,1776885954.053
51.0,49.0,51.0,49.0,1776885954.473
51.0,49.0,51.0,49.0,1776885954.499
51.0,49.0,51.0,49.0,1776885954.513
51.0,49.0,51.0,49.0,1776885954.539
51.0,49.0,51.0,49.0,1776885954.553
11.0,10.0,11.0,10.0,1776885954.973
11.0,10.0,11.0,10.0,1776885954.999
11.0,10.0,11.0,10.0,1776885955.013
11.0,10.0,11.0,10.0,1776885955.038
11.0,10.0,11.0,10.0,1776885955.055
0.0,0.0,0.0,0.0,1776885955.473
0.0,0.0,0.0,0.0,1776885955.499
0.0,0.0,0.0,0.0,1776885955.513
0.0,0.0,0.0,0.0,1776885955.541
0.0,0.0,0.0,0.0,1776885955.555
0.0,0.0,0.0,0.0,1776885955.973
0.0,0.0,0.0,0.0,1776885956.003
1.0,1.0,1.0,1.0,1776885956.018
1.0,1.0,1.0,1.0,1776885956.034
1.0,1.0,1.0,1.0,1776885956.061
70.0,69.0,70.0,69.0,1776885956.993
81.0,79.0,81.0,79.0,1776885957.018
81.0,79.0,81.0,79.0,1776885957.033
81.0,79.0,81.0,79.0,1776885957.058
81.0,79.0,81.0,79.0,1776885957.073
72.0,71.0,72.0,71.0,1776885957.48
72.0,71.0,72.0,71.0,1776885957.493
72.0,71.0,72.0,71.0,1776885957.518
72.0,71.0,72.0,71.0,1776885957.538
63.0,63.0,63.0,63.0,1776885957.553
34.0,33.0,34.0,33.0,1776885957.993
34.0,33.0,34.0,33.0,1776885958.02
34.0,33.0,34.0,33.0,1776885958.033
23.0,22.0,23.0,22.0,1776885958.058
23.0,22.0,23.0,22.0,1776885958.074
0.0,0.0,0.0,0.0,1776885958.494
0.0,0.0,0.0,0.0,1776885958.52
0.0,0.0,0.0,0.0,1776885958.533
0.0,0.0,0.0,0.0,1776885958.559
0.0,0.0,0.0,0.0,1776885958.573
0.0,0.0,0.0,0.0,1776885958.993
0.0,0.0,0.0,0.0,1776885959.022
0.0,0.0,0.0,0.0,1776885959.033
0.0,0.0,0.0,0.0,1776885959.059
0.0,0.0,0.0,0.0,1776885959.073
0.0,0.0,0.0,0.0,1776885959.493
0.0,0.0,0.0,0.0,1776885959.519
0.0,0.0,0.0,0.0,1776885959.535
0.0,0.0,0.0,0.0,1776885959.561
0.0,0.0,0.0,0.0,1776885959.573
0.0,0.0,0.0,0.0,1776885959.993
0.0,0.0,0.0,0.0,1776885960.019
0.0,0.0,0.0,0.0,1776885960.033
0.0,0.0,0.0,0.0,1776885960.061
0.0,0.0,0.0,0.0,1776885960.073
0.0,0.0,0.0,0.0,1776885960.499
0.0,0.0,0.0,0.0,1776885960.513
0.0,0.0,0.0,0.0,1776885960.538
0.0,0.0,0.0,0.0,1776885960.553
0.0,0.0,0.0,0.0,1776885960.573
0.0,0.0,0.0,0.0,1776885960.993
0.0,0.0,0.0,0.0,1776885961.013
0.0,0.0,0.0,0.0,1776885961.039
0.0,0.0,0.0,0.0,1776885961.054
0.0,0.0,0.0,0.0,1776885961.08
0.0,0.0,0.0,0.0,1776885961.499
0.0,0.0,0.0,0.0,1776885961.513
0.0,0.0,0.0,0.0,1776885961.539
0.0,0.0,0.0,0.0,1776885961.553
0.0,0.0,0.0,0.0,1776885961.586
0.0,0.0,0.0,0.0,1776885963.014
0.0,0.0,0.0,0.0,1776885963.04
0.0,0.0,0.0,0.0,1776885963.053
0.0,0.0,0.0,0.0,1776885963.073
0.0,0.0,0.0,0.0,1776885963.099
0.0,0.0,0.0,0.0,1776885963.513
0.0,0.0,0.0,0.0,1776885963.539
0.0,0.0,0.0,0.0,1776885963.553
0.0,0.0,0.0,0.0,1776885963.58
0.0,0.0,0.0,0.0,1776885963.593
0.0,0.0,0.0,0.0,1776885964.019
0.0,0.0,0.0,0.0,1776885964.033
0.0,0.0,0.0,0.0,1776885964.06
0.0,0.0,0.0,0.0,1776885964.073
0.0,0.0,0.0,0.0,1776885964.099
0.0,0.0,0.0,0.0,1776885965.013
0.0,0.0,0.0,0.0,1776885965.043
0.0,0.0,0.0,0.0,1776885965.053
0.0,0.0,0.0,0.0,1776885965.079
0.0,0.0,0.0,0.0,1776885965.093
0.0,0.0,0.0,0.0,1776885965.519
0.0,0.0,0.0,0.0,1776885965.537
0.0,0.0,0.0,0.0,1776885965.553
0.0,0.0,0.0,0.0,1776885965.579
0.0,0.0,0.0,0.0,1776885965.593
0.0,0.0,0.0,0.0,1776885966.513
0.0,0.0,0.0,0.0,1776885966.539
0.0,0.0,0.0,0.0,1776885966.553
0.0,0.0,0.0,0.0,1776885966.579
0.0,0.0,0.0,0.0,1776885966.593
0.0,0.0,0.0,0.0,1776885967.021
0.0,0.0,0.0,0.0,1776885967.033
0.0,0.0,0.0,0.0,1776885967.059
0.0,0.0,0.0,0.0,1776885967.073
0.0,0.0,0.0,0.0,1776885967.094
0.0,0.0,0.0,0.0,1776885967.513
0.0,0.0,0.0,0.0,1776885967.539
0.0,0.0,0.0,0.0,1776885967.553
0.0,0.0,0.0,0.0,1776885967.581
0.0,0.0,0.0,0.0,1776885967.593
0.0,0.0,0.0,0.0,1776885968.033
0.0,0.0,0.0,0.0,1776885968.062
0.0,0.0,0.0,0.0,1776885968.073
0.0,0.0,0.0,0.0,1776885968.099
0.0,0.0,0.0,0.0,1776885968.113
0.0,0.0,0.0,0.0,1776885968.539
0.0,0.0,0.0,0.0,1776885968.553
0.0,0.0,0.0,0.0,1776885968.579
0.0,0.0,0.0,0.0,1776885968.593
0.0,0.0,0.0,0.0,1776885968.621
0.0,0.0,0.0,0.0,1776885969.033
0.0,0.0,0.0,0.0,1776885969.062
1.0,-1.0,1.0,-1.0,1776885969.073
1.0,-1.0,1.0,-1.0,1776885969.099
1.0,-1.0,1.0,-1.0,1776885969.113
1.0,-1.0,1.0,-1.0,1776885969.533
1.0,-1.0,1.0,-1.0,1776885969.559
1.0,-1.0,1.0,-1.0,1776885969.573
1.0,-1.0,1.0,-1.0,1776885969.601
1.0,-1.0,1.0,-1.0,1776885969.615
12.0,-8.0,12.0,-8.0,1776885970.033
12.0,-8.0,12.0,-8.0,1776885970.059
12.0,-8.0,12.0,-8.0,1776885970.073
12.0,-8.0,12.0,-8.0,1776885970.099
12.0,-8.0,12.0,-8.0,1776885970.113
18.0,-12.0,18.0,-12.0,1776885971.034
18.0,-12.0,18.0,-12.0,1776885971.06
18.0,-12.0,18.0,-12.0,1776885971.073
16.0,-10.0,16.0,-10.0,1776885971.099
16.0,-10.0,16.0,-10.0,1776885971.113
7.0,-4.0,7.0,-4.0,1776885971.539
7.0,-4.0,7.0,-4.0,1776885971.553
7.0,-4.0,7.0,-4.0,1776885971.581
7.0,-4.0,7.0,-4.0,1776885971.593
6.0,-2.0,6.0,-2.0,1776885971.619
2.0,0.0,2.0,0.0,1776885972.035
2.0,0.0,2.0,0.0,1776885972.061
2.0,0.0,2.0,0.0,1776885972.073
2.0,0.0,2.0,0.0,1776885972.099
2.0,0.0,2.0,0.0,1776885972.113
0.0,0.0,0.0,0.0,1776885972.533
0.0,0.0,0.0,0.0,1776885972.56
0.0,0.0,0.0,0.0,1776885972.574
0.0,0.0,0.0,0.0,1776885972.6
0.0,0.0,0.0,0.0,1776885972.613
14.0,14.0,14.0,14.0,1776885973.059
24.0,23.0,24.0,23.0,1776885973.073
24.0,23.0,24.0,23.0,1776885973.101
24.0,23.0,24.0,23.0,1776885973.113
24.0,23.0,24.0,23.0,1776885973.139
55.0,54.0,55.0,54.0,1776885973.554
55.0,54.0,55.0,54.0,1776885973.581
65.0,64.0,65.0,64.0,1776885973.593
65.0,64.0,65.0,64.0,1776885973.619
65.0,64.0,65.0,64.0,1776885973.633
87.0,85.0,87.0,85.0,1776885974.053
87.0,85.0,87.0,85.0,1776885974.079
81.0,80.0,81.0,80.0,1776885974.095
81.0,80.0,81.0,80.0,1776885974.121
81.0,80.0,81.0,80.0,1776885974.134
52.0,52.0,52.0,52.0,1776885974.56
52.0,52.0,52.0,52.0,1776885974.577
52.0,52.0,52.0,52.0,1776885974.593
52.0,52.0,52.0,52.0,1776885974.62
-42.0,42.0,-42.0,42.0,1776885974.633
-1.0,3.0,-1.0,3.0,1776885975.553
-1.0,3.0,-1.0,3.0,1776885975.583
-1.0,3.0,-1.0,3.0,1776885975.594
-1.0,3.0,-1.0,3.0,1776885975.616
-3.0,6.0,-3.0,6.0,1776885975.642
-13.0,9.0,-13.0,9.0,1776885976.059
-13.0,9.0,-13.0,9.0,1776885976.073
-13.0,9.0,-13.0,9.0,1776885976.099
-13.0,9.0,-13.0,9.0,1776885976.113
-13.0,9.0,-13.0,9.0,1776885976.14
-39.0,13.0,-39.0,13.0,1776885977.064
-39.0,13.0,-39.0,13.0,1776885977.075
-39.0,13.0,-39.0,13.0,1776885977.101
-36.0,13.0,-36.0,13.0,1776885977.113
-36.0,13.0,-36.0,13.0,1776885977.144
22.0,1.0,22.0,1.0,1776885978.054
3.0,3.0,3.0,3.0,1776885978.08
3.0,3.0,3.0,3.0,1776885978.095
3.0,3.0,3.0,3.0,1776885978.121
3.0,3.0,3.0,3.0,1776885978.134
31.0,30.0,31.0,30.0,1776885978.559
31.0,30.0,31.0,30.0,1776885978.575
31.0,30.0,31.0,30.0,1776885978.601
31.0,30.0,31.0,30.0,1776885978.614
42.0,40.0,42.0,40.0,1776885978.639
75.0,72.0,75.0,72.0,1776885979.074
75.0,72.0,75.0,72.0,1776885979.101
75.0,72.0,75.0,72.0,1776885979.113
75.0,72.0,75.0,72.0,1776885979.139
75.0,72.0,75.0,72.0,1776885979.154
93.0,91.0,93.0,91.0,1776885979.56
93.0,91.0,93.0,91.0,1776885979.573
84.0,82.0,84.0,82.0,1776885979.601
84.0,82.0,84.0,82.0,1776885979.613
84.0,82.0,84.0,82.0,1776885979.635
54.0,54.0,54.0,54.0,1776885980.053
54.0,54.0,54.0,54.0,1776885980.08
54.0,54.0,54.0,54.0,1776885980.095
43.0,43.0,43.0,43.0,1776885980.121
43.0,43.0,43.0,43.0,1776885980.133
10.0,10.0,10.0,10.0,1776885980.575
10.0,10.0,10.0,10.0,1776885980.601
10.0,10.0,10.0,10.0,1776885980.613
0.0,0.0,0.0,0.0,1776885980.639
0.0,0.0,0.0,0.0,1776885980.656
51.0,47.0,51.0,47.0,1776885981.581
51.0,47.0,51.0,47.0,1776885981.593
51.0,47.0,51.0,47.0,1776885981.619
51.0,47.0,51.0,47.0,1776885981.633
51.0,47.0,51.0,47.0,1776885981.662
85.0,79.0,85.0,79.0,1776885982.08
85.0,79.0,85.0,79.0,1776885982.096
85.0,79.0,85.0,79.0,1776885982.122
96.0,89.0,96.0,89.0,1776885982.133
96.0,89.0,96.0,89.0,1776885982.159
45.0,43.0,45.0,43.0,1776885983.073
45.0,43.0,45.0,43.0,1776885983.093
45.0,43.0,45.0,43.0,1776885983.12
45.0,43.0,45.0,43.0,1776885983.135
45.0,43.0,45.0,43.0,1776885983.16
0.0,0.0,0.0,0.0,1776885983.573
0.0,0.0,0.0,0.0,1776885983.601
0.0,0.0,0.0,0.0,1776885983.613
0.0,0.0,0.0,0.0,1776885983.639
0.0,0.0,0.0,0.0,1776885983.653
3.0,0.0,3.0,0.0,1776885984.079
3.0,0.0,3.0,0.0,1776885984.097
3.0,0.0,3.0,0.0,1776885984.113
3.0,0.0,3.0,0.0,1776885984.139
3.0,0.0,3.0,0.0,1776885984.153
3.0,0.0,3.0,0.0,1776885984.58
3.0,0.0,3.0,0.0,1776885984.593
3.0,0.0,3.0,0.0,1776885984.62
3.0,0.0,3.0,0.0,1776885984.633
3.0,0.0,3.0,0.0,1776885984.661
0.0,0.0,0.0,0.0,1776885985.584
0.0,0.0,0.0,0.0,1776885985.595
0.0,0.0,0.0,0.0,1776885985.62
0.0,0.0,0.0,0.0,1776885985.633
0.0,0.0,0.0,0.0,1776885985.659
0.0,0.0,0.0,0.0,1776885986.594
0.0,0.0,0.0,0.0,1776885986.621
0.0,0.0,0.0,0.0,1776885986.633
0.0,0.0,0.0,0.0,1776885986.659
0.0,0.0,0.0,0.0,1776885986.674
0.0,3.0,0.0,3.0,1776885987.101
0.0,3.0,0.0,3.0,1776885987.114
0.0,3.0,0.0,3.0,1776885987.136
0.0,3.0,0.0,3.0,1776885987.162
0.0,3.0,0.0,3.0,1776885987.173
-4.0,7.0,-4.0,7.0,1776885987.6
-4.0,7.0,-4.0,7.0,1776885987.615
-4.0,7.0,-4.0,7.0,1776885987.641
-4.0,7.0,-4.0,7.0,1776885987.654
-4.0,7.0,-4.0,7.0,1776885987.69
-10.0,13.0,-10.0,13.0,1776885988.099
-10.0,13.0,-10.0,13.0,1776885988.113
-10.0,13.0,-10.0,13.0,1776885988.142
-10.0,13.0,-10.0,13.0,1776885988.153
-10.0,13.0,-10.0,13.0,1776885988.179
-9.0,10.0,-9.0,10.0,1776885988.596
-9.0,10.0,-9.0,10.0,1776885988.622
-9.0,10.0,-9.0,10.0,1776885988.633
-9.0,10.0,-9.0,10.0,1776885988.659
-9.0,10.0,-9.0,10.0,1776885988.673
-2.0,3.0,-2.0,3.0,1776885989.101
-2.0,3.0,-2.0,3.0,1776885989.113
-2.0,3.0,-2.0,3.0,1776885989.14
0.0,1.0,0.0,1.0,1776885989.154
0.0,1.0,0.0,1.0,1776885989.181
0.0,0.0,0.0,0.0,1776885989.6
0.0,0.0,0.0,0.0,1776885989.622
0.0,0.0,0.0,0.0,1776885989.634
0.0,0.0,0.0,0.0,1776885989.661
0.0,0.0,0.0,0.0,1776885989.674
0.0,0.0,0.0,0.0,1776885990.113
0.0,0.0,0.0,0.0,1776885990.139
0.0,0.0,0.0,0.0,1776885990.154
0.0,0.0,0.0,0.0,1776885990.179
0.0,0.0,0.0,0.0,1776885990.194
0.0,0.0,0.0,0.0,1776885990.626
0.0,0.0,0.0,0.0,1776885990.637
0.0,0.0,0.0,0.0,1776885990.653
0.0,0.0,0.0,0.0,1776885990.679
0.0,0.0,0.0,0.0,1776885990.694
0.0,0.0,0.0,0.0,1776885991.113
0.0,0.0,0.0,0.0,1776885991.139
0.0,0.0,0.0,0.0,1776885991.154
0.0,0.0,0.0,0.0,1776885991.181
0.0,0.0,0.0,0.0,1776885991.194
0.0,0.0,0.0,0.0,1776885991.616
0.0,0.0,0.0,0.0,1776885991.641
0.0,0.0,0.0,0.0,1776885991.653
0.0,0.0,0.0,0.0,1776885991.679
0.0,0.0,0.0,0.0,1776885991.698
0.0,0.0,0.0,0.0,1776885992.114
0.0,0.0,0.0,0.0,1776885992.14
0.0,0.0,0.0,0.0,1776885992.154
0.0,0.0,0.0,0.0,1776885992.18
0.0,0.0,0.0,0.0,1776885992.194
0.0,0.0,0.0,0.0,1776885992.626
0.0,0.0,0.0,0.0,1776885992.636
0.0,0.0,0.0,0.0,1776885992.662
0.0,0.0,0.0,0.0,1776885992.674
0.0,0.0,0.0,0.0,1776885992.699
0.0,0.0,0.0,0.0,1776885993.114
0.0,0.0,0.0,0.0,1776885993.139
0.0,0.0,0.0,0.0,1776885993.154
0.0,0.0,0.0,0.0,1776885993.182
0.0,0.0,0.0,0.0,1776885993.194
0.0,0.0,0.0,0.0,1776885993.62
0.0,0.0,0.0,0.0,1776885993.634
0.0,0.0,0.0,0.0,1776885993.654
0.0,0.0,0.0,0.0,1776885993.679
0.0,0.0,0.0,0.0,1776885993.694
0.0,0.0,0.0,0.0,1776885994.121
0.0,0.0,0.0,0.0,1776885994.134
0.0,0.0,0.0,0.0,1776885994.16
0.0,0.0,0.0,0.0,1776885994.175
0.0,0.0,0.0,0.0,1776885994.194
0.0,0.0,0.0,0.0,1776885994.639
0.0,0.0,0.0,0.0,1776885994.658
0.0,0.0,0.0,0.0,1776885994.674
0.0,0.0,0.0,0.0,1776885994.7
0.0,0.0,0.0,0.0,1776885994.714
0.0,0.0,0.0,0.0,1776885995.141
0.0,0.0,0.0,0.0,1776885995.154
0.0,0.0,0.0,0.0,1776885995.18
0.0,0.0,0.0,0.0,1776885995.194
0.0,0.0,0.0,0.0,1776885995.22
0.0,0.0,0.0,0.0,1776885995.634
0.0,0.0,0.0,0.0,1776885995.661
0.0,0.0,0.0,0.0,1776885995.674
0.0,0.0,0.0,0.0,1776885995.699
0.0,0.0,0.0,0.0,1776885995.714
0.0,0.0,0.0,0.0,1776885996.142
0.0,0.0,0.0,0.0,1776885996.154
0.0,0.0,0.0,0.0,1776885996.181
0.0,0.0,0.0,0.0,1776885996.194
0.0,0.0,0.0,0.0,1776885996.221
0.0,0.0,0.0,0.0,1776885996.634
0.0,0.0,0.0,0.0,1776885996.66
0.0,0.0,0.0,0.0,1776885996.674
0.0,0.0,0.0,0.0,1776885996.701
0.0,0.0,0.0,0.0,1776885996.714
0.0,0.0,0.0,0.0,1776885997.141
0.0,0.0,0.0,0.0,1776885997.154
0.0,0.0,0.0,0.0,1776885997.18
0.0,0.0,0.0,0.0,1776885997.194
0.0,0.0,0.0,0.0,1776885997.227
0.0,0.0,0.0,0.0,1776885997.634
0.0,0.0,0.0,0.0,1776885997.66
0.0,0.0,0.0,0.0,1776885997.674
0.0,0.0,0.0,0.0,1776885997.694
0.0,0.0,0.0,0.0,1776885997.719
0.0,0.0,0.0,0.0,1776885998.143
0.0,0.0,0.0,0.0,1776885998.154
0.0,0.0,0.0,0.0,1776885998.18
0.0,0.0,0.0,0.0,1776885998.194
0.0,0.0,0.0,0.0,1776885998.22
0.0,0.0,0.0,0.0,1776885998.634
0.0,0.0,0.0,0.0,1776885998.66
0.0,0.0,0.0,0.0,1776885998.674
0.0,0.0,0.0,0.0,1776885998.701
0.0,0.0,0.0,0.0,1776885998.714
0.0,0.0,0.0,0.0,1776885999.135
0.0,0.0,0.0,0.0,1776885999.16
0.0,0.0,0.0,0.0,1776885999.174
0.0,0.0,0.0,0.0,1776885999.199
0.0,0.0,0.0,0.0,1776885999.215
0.0,0.0,0.0,0.0,1776885999.634
0.0,0.0,0.0,0.0,1776885999.662
0.0,0.0,0.0,0.0,1776885999.674
0.0,0.0,0.0,0.0,1776885999.7
0.0,0.0,0.0,0.0,1776885999.714
0.0,0.0,0.0,0.0,1776886000.134
0.0,0.0,0.0,0.0,1776886000.161
0.0,0.0,0.0,0.0,1776886000.175
0.0,0.0,0.0,0.0,1776886000.201
0.0,0.0,0.0,0.0,1776886000.214
0.0,0.0,0.0,0.0,1776886000.655
0.0,0.0,0.0,0.0,1776886000.681
0.0,0.0,0.0,0.0,1776886000.694
0.0,0.0,0.0,0.0,1776886000.72
0.0,0.0,0.0,0.0,1776886000.735
0.0,0.0,0.0,0.0,1776886001.154
0.0,0.0,0.0,0.0,1776886001.182
0.0,0.0,0.0,0.0,1776886001.194
0.0,0.0,0.0,0.0,1776886001.22
0.0,0.0,0.0,0.0,1776886001.234
0.0,0.0,0.0,0.0,1776886001.654
0.0,0.0,0.0,0.0,1776886001.68
0.0,0.0,0.0,0.0,1776886001.695
0.0,0.0,0.0,0.0,1776886001.716
0.0,0.0,0.0,0.0,1776886001.741
0.0,0.0,0.0,0.0,1776886002.166
0.0,0.0,0.0,0.0,1776886002.176
0.0,0.0,0.0,0.0,1776886002.202
0.0,0.0,0.0,0.0,1776886002.214
0.0,0.0,0.0,0.0,1776886002.24
0.0,0.0,0.0,0.0,1776886002.655
0.0,0.0,0.0,0.0,1776886002.68
0.0,0.0,0.0,0.0,1776886002.694
0.0,0.0,0.0,0.0,1776886002.72
0.0,0.0,0.0,0.0,1776886002.736
0.0,0.0,0.0,0.0,1776886003.161
0.0,0.0,0.0,0.0,1776886003.174
0.0,0.0,0.0,0.0,1776886003.2
0.0,0.0,0.0,0.0,1776886003.215
0.0,0.0,0.0,0.0,1776886003.241
3.0,-1.0,3.0,-1.0,1776886003.66
3.0,-1.0,3.0,-1.0,1776886003.674
6.0,-1.0,6.0,-1.0,1776886003.7
6.0,-1.0,6.0,-1.0,1776886003.714
6.0,-1.0,6.0,-1.0,1776886003.743
14.0,-9.0,14.0,-9.0,1776886004.16
14.0,-9.0,14.0,-9.0,1776886004.182
14.0,-9.0,14.0,-9.0,1776886004.194
14.0,-9.0,14.0,-9.0,1776886004.22
14.0,-9.0,14.0,-9.0,1776886004.234
22.0,-13.0,22.0,-13.0,1776886004.656
22.0,-13.0,22.0,-13.0,1776886004.682
22.0,-13.0,22.0,-13.0,1776886004.694
22.0,-13.0,22.0,-13.0,1776886004.722
22.0,-13.0,22.0,-13.0,1776886004.736
18.0,-15.0,18.0,-15.0,1776886005.154
15.0,-11.0,15.0,-11.0,1776886005.175
15.0,-11.0,15.0,-11.0,1776886005.201
15.0,-11.0,15.0,-11.0,1776886005.216
15.0,-11.0,15.0,-11.0,1776886005.241
7.0,-6.0,7.0,-6.0,1776886005.66
7.0,-6.0,7.0,-6.0,1776886005.674
7.0,-6.0,7.0,-6.0,1776886005.7
6.0,-6.0,6.0,-6.0,1776886005.714
6.0,-6.0,6.0,-6.0,1776886005.745
0.0,0.0,0.0,0.0,1776886006.161
0.0,0.0,0.0,0.0,1776886006.176
0.0,0.0,0.0,0.0,1776886006.195
0.0,0.0,0.0,0.0,1776886006.22
0.0,0.0,0.0,0.0,1776886006.234
0.0,0.0,0.0,0.0,1776886006.654
0.0,0.0,0.0,0.0,1776886006.68
0.0,0.0,0.0,0.0,1776886006.694
0.0,0.0,0.0,0.0,1776886006.726
0.0,0.0,0.0,0.0,1776886006.736
7.0,3.0,7.0,3.0,1776886007.162
15.0,10.0,15.0,10.0,1776886007.174
15.0,10.0,15.0,10.0,1776886007.2
15.0,10.0,15.0,10.0,1776886007.217
15.0,10.0,15.0,10.0,1776886007.234
43.0,38.0,43.0,38.0,1776886007.674
54.0,49.0,54.0,49.0,1776886007.7
54.0,49.0,54.0,49.0,1776886007.714
54.0,49.0,54.0,49.0,1776886007.741
54.0,49.0,54.0,49.0,1776886007.756
87.0,81.0,87.0,81.0,1776886008.175
87.0,81.0,87.0,81.0,1776886008.201
87.0,81.0,87.0,81.0,1776886008.214
87.0,81.0,87.0,81.0,1776886008.24
94.0,92.0,94.0,92.0,1776886008.255
97.0,94.0,97.0,94.0,1776886008.674
97.0,94.0,97.0,94.0,1776886008.702
97.0,94.0,97.0,94.0,1776886008.714
97.0,94.0,97.0,94.0,1776886008.74
88.0,85.0,88.0,85.0,1776886008.754
57.0,55.0,57.0,55.0,1776886009.181
57.0,55.0,57.0,55.0,1776886009.194
57.0,55.0,57.0,55.0,1776886009.22
57.0,55.0,57.0,55.0,1776886009.234
57.0,55.0,57.0,55.0,1776886009.262
10.0,11.0,10.0,11.0,1776886009.68
10.0,11.0,10.0,11.0,1776886009.695
10.0,11.0,10.0,11.0,1776886009.721
10.0,11.0,10.0,11.0,1776886009.734
10.0,11.0,10.0,11.0,1776886009.76
8.0,8.0,8.0,8.0,1776886010.175
8.0,8.0,8.0,8.0,1776886010.201
17.0,17.0,17.0,17.0,1776886010.214
17.0,17.0,17.0,17.0,1776886010.24
17.0,17.0,17.0,17.0,1776886010.255
47.0,46.0,47.0,46.0,1776886010.674
59.0,57.0,59.0,57.0,1776886010.701
59.0,57.0,59.0,57.0,1776886010.714
59.0,57.0,59.0,57.0,1776886010.74
59.0,57.0,59.0,57.0,1776886010.754
102.0,102.0,102.0,102.0,1776886011.2
102.0,102.0,102.0,102.0,1776886011.218
102.0,102.0,102.0,102.0,1776886011.234
102.0,102.0,102.0,102.0,1776886011.254
102.0,102.0,102.0,102.0,1776886011.28
110.0,108.0,110.0,108.0,1776886011.704
110.0,108.0,110.0,108.0,1776886011.714
110.0,108.0,110.0,108.0,1776886011.741
100.0,99.0,100.0,99.0,1776886011.754
100.0,99.0,100.0,99.0,1776886011.78
67.0,67.0,67.0,67.0,1776886012.194
67.0,67.0,67.0,67.0,1776886012.221
67.0,67.0,67.0,67.0,1776886012.234
67.0,67.0,67.0,67.0,1776886012.26
67.0,67.0,67.0,67.0,1776886012.274
24.0,21.0,24.0,21.0,1776886012.701
24.0,21.0,24.0,21.0,1776886012.714
24.0,21.0,24.0,21.0,1776886012.741
24.0,21.0,24.0,21.0,1776886012.754
24.0,21.0,24.0,21.0,1776886012.781
0.0,0.0,0.0,0.0,1776886013.2
0.0,0.0,0.0,0.0,1776886013.217
0.0,0.0,0.0,0.0,1776886013.234
0.0,0.0,0.0,0.0,1776886013.261
0.0,0.0,0.0,0.0,1776886013.274
6.0,1.0,6.0,1.0,1776886013.7
6.0,1.0,6.0,1.0,1776886013.714
6.0,1.0,6.0,1.0,1776886013.741
11.0,6.0,11.0,6.0,1776886013.754
11.0,6.0,11.0,6.0,1776886013.78
39.0,33.0,39.0,33.0,1776886014.194
39.0,33.0,39.0,33.0,1776886014.221
50.0,43.0,50.0,43.0,1776886014.234
50.0,43.0,50.0,43.0,1776886014.26
50.0,43.0,50.0,43.0,1776886014.274
83.0,75.0,83.0,75.0,1776886014.694
83.0,75.0,83.0,75.0,1776886014.72
83.0,75.0,83.0,75.0,1776886014.738
94.0,85.0,94.0,85.0,1776886014.754
94.0,85.0,94.0,85.0,1776886014.774
109.0,104.0,109.0,104.0,1776886015.194
109.0,104.0,109.0,104.0,1776886015.22
109.0,104.0,109.0,104.0,1776886015.234
109.0,104.0,109.0,104.0,1776886015.261
109.0,104.0,109.0,104.0,1776886015.281
79.0,76.0,79.0,76.0,1776886015.7
69.0,66.0,69.0,66.0,1776886015.714
69.0,66.0,69.0,66.0,1776886015.734
69.0,66.0,69.0,66.0,1776886015.76
69.0,66.0,69.0,66.0,1776886015.78
22.0,22.0,22.0,22.0,1776886016.194
22.0,22.0,22.0,22.0,1776886016.221
22.0,22.0,22.0,22.0,1776886016.234
22.0,22.0,22.0,22.0,1776886016.261
22.0,22.0,22.0,22.0,1776886016.274
0.0,0.0,0.0,0.0,1776886016.701
0.0,0.0,0.0,0.0,1776886016.714
0.0,0.0,0.0,0.0,1776886016.74
0.0,0.0,0.0,0.0,1776886016.754
0.0,0.0,0.0,0.0,1776886016.781
40.0,0.0,40.0,0.0,1776886017.194
40.0,0.0,40.0,0.0,1776886017.221
41.0,0.0,41.0,0.0,1776886017.234
41.0,0.0,41.0,0.0,1776886017.262
41.0,0.0,41.0,0.0,1776886017.274
48.0,-9.0,48.0,-9.0,1776886017.714
48.0,-9.0,48.0,-9.0,1776886017.741
48.0,-9.0,48.0,-9.0,1776886017.755
48.0,-9.0,48.0,-9.0,1776886017.78
48.0,-9.0,48.0,-9.0,1776886017.794
56.0,-19.0,56.0,-19.0,1776886018.194
56.0,-19.0,56.0,-19.0,1776886018.222
56.0,-19.0,56.0,-19.0,1776886018.234
58.0,-21.0,58.0,-21.0,1776886018.26
58.0,-21.0,58.0,-21.0,1776886018.274
21.0,-21.0,21.0,-21.0,1776886018.714
21.0,-21.0,21.0,-21.0,1776886018.74
21.0,-21.0,21.0,-21.0,1776886018.754
22.0,-24.0,22.0,-24.0,1776886018.782
22.0,-24.0,22.0,-24.0,1776886018.795
24.0,-25.0,24.0,-25.0,1776886019.221
24.0,-25.0,24.0,-25.0,1776886019.235
24.0,-25.0,24.0,-25.0,1776886019.26
22.0,-21.0,22.0,-21.0,1776886019.274
22.0,-21.0,22.0,-21.0,1776886019.3
24.0,-22.0,24.0,-22.0,1776886019.696
24.0,-22.0,24.0,-22.0,1776886019.723
24.0,-22.0,24.0,-22.0,1776886019.735
24.0,-22.0,24.0,-22.0,1776886019.761
24.0,-22.0,24.0,-22.0,1776886019.776
22.0,-19.0,22.0,-19.0,1776886020.214
22.0,-19.0,22.0,-19.0,1776886020.241
22.0,-19.0,22.0,-19.0,1776886020.256
22.0,-18.0,22.0,-18.0,1776886020.282
22.0,-18.0,22.0,-18.0,1776886020.294
19.0,-19.0,19.0,-19.0,1776886020.715
19.0,-19.0,19.0,-19.0,1776886020.74
19.0,-19.0,19.0,-19.0,1776886020.754
19.0,-19.0,19.0,-19.0,1776886020.78
19.0,-19.0,19.0,-19.0,1776886020.794
9.0,-12.0,9.0,-12.0,1776886021.22
9.0,-12.0,9.0,-12.0,1776886021.234
9.0,-12.0,9.0,-12.0,1776886021.261
9.0,-12.0,9.0,-12.0,1776886021.274
9.0,-12.0,9.0,-12.0,1776886021.3
2.0,-4.0,2.0,-4.0,1776886021.714
0.0,0.0,0.0,0.0,1776886021.742
0.0,0.0,0.0,0.0,1776886021.754
0.0,0.0,0.0,0.0,1776886021.78
0.0,0.0,0.0,0.0,1776886021.794
0.0,0.0,0.0,0.0,1776886022.222
0.0,0.0,0.0,0.0,1776886022.234
0.0,0.0,0.0,0.0,1776886022.26
0.0,1.0,0.0,1.0,1776886022.274
0.0,1.0,0.0,1.0,1776886022.302
25.0,28.0,25.0,28.0,1776886022.714
25.0,28.0,25.0,28.0,1776886022.74
25.0,28.0,25.0,28.0,1776886022.754
25.0,28.0,25.0,28.0,1776886022.781
25.0,28.0,25.0,28.0,1776886022.794
58.0,60.0,58.0,60.0,1776886023.216
69.0,70.0,69.0,70.0,1776886023.242
69.0,70.0,69.0,70.0,1776886023.254
69.0,70.0,69.0,70.0,1776886023.283
69.0,70.0,69.0,70.0,1776886023.297
80.0,81.0,80.0,81.0,1776886023.721
80.0,81.0,80.0,81.0,1776886023.734
80.0,81.0,80.0,81.0,1776886023.76
80.0,81.0,80.0,81.0,1776886023.775
73.0,73.0,73.0,73.0,1776886023.801
44.0,43.0,44.0,43.0,1776886024.221
44.0,43.0,44.0,43.0,1776886024.234
44.0,43.0,44.0,43.0,1776886024.26
44.0,43.0,44.0,43.0,1776886024.274
44.0,43.0,44.0,43.0,1776886024.306
0.0,0.0,0.0,0.0,1776886024.714
0.0,0.0,0.0,0.0,1776886024.74
0.0,0.0,0.0,0.0,1776886024.754
0.0,0.0,0.0,0.0,1776886024.781
0.0,0.0,0.0,0.0,1776886024.794
-1.0,9.0,-1.0,9.0,1776886025.216
-1.0,9.0,-1.0,9.0,1776886025.242
-1.0,9.0,-1.0,9.0,1776886025.254
-1.0,9.0,-1.0,9.0,1776886025.28
-1.0,9.0,-1.0,9.0,1776886025.297
-1.0,11.0,-1.0,11.0,1776886025.714
-1.0,11.0,-1.0,11.0,1776886025.74
-1.0,11.0,-1.0,11.0,1776886025.755
-1.0,11.0,-1.0,11.0,1776886025.781
-1.0,11.0,-1.0,11.0,1776886025.795
0.0,10.0,0.0,10.0,1776886026.214
0.0,10.0,0.0,10.0,1776886026.24
0.0,10.0,0.0,10.0,1776886026.256
0.0,10.0,0.0,10.0,1776886026.282
0.0,10.0,0.0,10.0,1776886026.294
0.0,0.0,0.0,0.0,1776886026.74
0.0,0.0,0.0,0.0,1776886026.754
0.0,0.0,0.0,0.0,1776886026.781
3.0,3.0,3.0,3.0,1776886026.806
3.0,3.0,3.0,3.0,1776886026.817
30.0,29.0,30.0,29.0,1776886027.246
30.0,29.0,30.0,29.0,1776886027.257
30.0,29.0,30.0,29.0,1776886027.283
30.0,29.0,30.0,29.0,1776886027.296
30.0,29.0,30.0,29.0,1776886027.321
30.0,29.0,30.0,29.0,1776886027.741
30.0,29.0,30.0,29.0,1776886027.76
30.0,29.0,30.0,29.0,1776886027.776
30.0,29.0,30.0,29.0,1776886027.801
30.0,29.0,30.0,29.0,1776886027.814
19.0,18.0,19.0,18.0,1776886028.235
19.0,18.0,19.0,18.0,1776886028.261
19.0,18.0,19.0,18.0,1776886028.275
19.0,18.0,19.0,18.0,1776886028.301
19.0,18.0,19.0,18.0,1776886028.314
0.0,0.0,0.0,0.0,1776886028.735
0.0,0.0,0.0,0.0,1776886028.761
0.0,0.0,0.0,0.0,1776886028.774
0.0,0.0,0.0,0.0,1776886028.803
0.0,0.0,0.0,0.0,1776886028.816
9.0,9.0,9.0,9.0,1776886029.234
9.0,9.0,9.0,9.0,1776886029.261
9.0,9.0,9.0,9.0,1776886029.275
9.0,9.0,9.0,9.0,1776886029.3
9.0,9.0,9.0,9.0,1776886029.314
9.0,9.0,9.0,9.0,1776886029.734
9.0,9.0,9.0,9.0,1776886029.76
9.0,9.0,9.0,9.0,1776886029.778
9.0,9.0,9.0,9.0,1776886029.795
9.0,9.0,9.0,9.0,1776886029.817
5.0,5.0,5.0,5.0,1776886030.235
5.0,5.0,5.0,5.0,1776886030.262
5.0,5.0,5.0,5.0,1776886030.275
5.0,5.0,5.0,5.0,1776886030.303
5.0,5.0,5.0,5.0,1776886030.316
3.0,1.0,3.0,1.0,1776886030.736
3.0,1.0,3.0,1.0,1776886030.763
6.0,6.0,6.0,6.0,1776886030.775
6.0,6.0,6.0,6.0,1776886030.801
6.0,6.0,6.0,6.0,1776886030.816
6.0,6.0,6.0,6.0,1776886031.234
6.0,6.0,6.0,6.0,1776886031.261
6.0,6.0,6.0,6.0,1776886031.275
6.0,6.0,6.0,6.0,1776886031.3
6.0,6.0,6.0,6.0,1776886031.314
6.0,6.0,6.0,6.0,1776886031.735
6.0,6.0,6.0,6.0,1776886031.76
6.0,6.0,6.0,6.0,1776886031.776
6.0,6.0,6.0,6.0,1776886031.802
3.0,6.0,3.0,6.0,1776886031.815
14.0,18.0,14.0,18.0,1776886032.241
14.0,18.0,14.0,18.0,1776886032.257
14.0,18.0,14.0,18.0,1776886032.284
14.0,18.0,14.0,18.0,1776886032.296
24.0,29.0,24.0,29.0,1776886032.314
57.0,58.0,57.0,58.0,1776886032.741
57.0,58.0,57.0,58.0,1776886032.755
57.0,58.0,57.0,58.0,1776886032.781
57.0,58.0,57.0,58.0,1776886032.795
57.0,58.0,57.0,58.0,1776886032.818
79.0,71.0,79.0,71.0,1776886033.255
79.0,71.0,79.0,71.0,1776886033.28
79.0,71.0,79.0,71.0,1776886033.295
79.0,71.0,79.0,71.0,1776886033.321
79.0,71.0,79.0,71.0,1776886033.335
55.0,46.0,55.0,46.0,1776886033.741
55.0,46.0,55.0,46.0,1776886033.762
45.0,37.0,45.0,37.0,1776886033.776
45.0,37.0,45.0,37.0,1776886033.802
45.0,37.0,45.0,37.0,1776886033.815
12.0,9.0,12.0,9.0,1776886034.255
12.0,9.0,12.0,9.0,1776886034.281
12.0,9.0,12.0,9.0,1776886034.295
0.0,0.0,0.0,0.0,1776886034.321
0.0,0.0,0.0,0.0,1776886034.336
0.0,0.0,0.0,0.0,1776886034.763
0.0,0.0,0.0,0.0,1776886034.776
0.0,0.0,0.0,0.0,1776886034.803
0.0,0.0,0.0,0.0,1776886034.815
0.0,0.0,0.0,0.0,1776886034.841
0.0,0.0,0.0,0.0,1776886035.261
0.0,0.0,0.0,0.0,1776886035.275
0.0,0.0,0.0,0.0,1776886035.301
0.0,0.0,0.0,0.0,1776886035.315
0.0,0.0,0.0,0.0,1776886035.34
-9.0,7.0,-9.0,7.0,1776886035.776
-9.0,7.0,-9.0,7.0,1776886035.803
-9.0,7.0,-9.0,7.0,1776886035.815
-9.0,7.0,-9.0,7.0,1776886035.84
-9.0,7.0,-9.0,7.0,1776886035.855
-17.0,12.0,-17.0,12.0,1776886036.281
-20.0,13.0,-20.0,13.0,1776886036.295
-20.0,13.0,-20.0,13.0,1776886036.322
-20.0,13.0,-20.0,13.0,1776886036.345
-20.0,13.0,-20.0,13.0,1776886036.355
-20.0,16.0,-20.0,16.0,1776886036.775
-20.0,16.0,-20.0,16.0,1776886036.801
-20.0,16.0,-20.0,16.0,1776886036.815
-20.0,14.0,-20.0,14.0,1776886036.841
-20.0,14.0,-20.0,14.0,1776886036.855
-7.0,6.0,-7.0,6.0,1776886037.275
-7.0,6.0,-7.0,6.0,1776886037.3
-6.0,3.0,-6.0,3.0,1776886037.315
-6.0,3.0,-6.0,3.0,1776886037.341
-6.0,3.0,-6.0,3.0,1776886037.359
0.0,0.0,0.0,0.0,1776886037.755
0.0,0.0,0.0,0.0,1776886037.78
0.0,0.0,0.0,0.0,1776886037.795
0.0,0.0,0.0,0.0,1776886037.821
0.0,0.0,0.0,0.0,1776886037.835
14.0,28.0,14.0,28.0,1776886038.261
24.0,36.0,24.0,36.0,1776886038.275
24.0,36.0,24.0,36.0,1776886038.301
24.0,36.0,24.0,36.0,1776886038.319
24.0,36.0,24.0,36.0,1776886038.337
54.0,69.0,54.0,69.0,1776886038.775
54.0,69.0,54.0,69.0,1776886038.801
54.0,69.0,54.0,69.0,1776886038.819
54.0,69.0,54.0,69.0,1776886038.838
54.0,69.0,54.0,69.0,1776886038.855
53.0,54.0,53.0,54.0,1776886039.281
48.0,48.0,48.0,48.0,1776886039.296
48.0,48.0,48.0,48.0,1776886039.322
48.0,48.0,48.0,48.0,1776886039.335
48.0,48.0,48.0,48.0,1776886039.363
19.0,22.0,19.0,22.0,1776886039.78
19.0,22.0,19.0,22.0,1776886039.795
10.0,10.0,10.0,10.0,1776886039.821
10.0,10.0,10.0,10.0,1776886039.835
10.0,10.0,10.0,10.0,1776886039.861
0.0,0.0,0.0,0.0,1776886040.286
0.0,0.0,0.0,0.0,1776886040.297
0.0,0.0,0.0,0.0,1776886040.322
0.0,0.0,0.0,0.0,1776886040.336
0.0,0.0,0.0,0.0,1776886040.362
0.0,0.0,0.0,0.0,1776886040.781
0.0,0.0,0.0,0.0,1776886040.795
0.0,0.0,0.0,0.0,1776886040.815
0.0,0.0,0.0,0.0,1776886040.841
4.0,3.0,4.0,3.0,1776886040.855
30.0,31.0,30.0,31.0,1776886041.281
30.0,31.0,30.0,31.0,1776886041.297
30.0,31.0,30.0,31.0,1776886041.328
30.0,31.0,30.0,31.0,1776886041.338
30.0,31.0,30.0,31.0,1776886041.355
67.0,58.0,67.0,58.0,1776886041.777
67.0,58.0,67.0,58.0,1776886041.803
67.0,58.0,67.0,58.0,1776886041.815
67.0,58.0,67.0,58.0,1776886041.841
67.0,58.0,67.0,58.0,1776886041.856
63.0,55.0,63.0,55.0,1776886042.276
63.0,55.0,63.0,55.0,1776886042.302
54.0,46.0,54.0,46.0,1776886042.315
54.0,46.0,54.0,46.0,1776886042.341
54.0,46.0,54.0,46.0,1776886042.356
22.0,21.0,22.0,21.0,1776886042.775
22.0,21.0,22.0,21.0,1776886042.801
12.0,11.0,12.0,11.0,1776886042.816
12.0,11.0,12.0,11.0,1776886042.841
12.0,11.0,12.0,11.0,1776886042.856
0.0,0.0,0.0,0.0,1776886043.301
0.0,0.0,0.0,0.0,1776886043.315
0.0,0.0,0.0,0.0,1776886043.342
4.0,6.0,4.0,6.0,1776886043.355
4.0,6.0,4.0,6.0,1776886043.38
37.0,36.0,37.0,36.0,1776886043.777
37.0,36.0,37.0,36.0,1776886043.803
37.0,36.0,37.0,36.0,1776886043.815
37.0,36.0,37.0,36.0,1776886043.841
37.0,36.0,37.0,36.0,1776886043.857
69.0,66.0,69.0,66.0,1776886044.295
69.0,66.0,69.0,66.0,1776886044.324
69.0,66.0,69.0,66.0,1776886044.342
69.0,66.0,69.0,66.0,1776886044.356
69.0,66.0,69.0,66.0,1776886044.381
51.0,50.0,51.0,50.0,1776886044.798
51.0,50.0,51.0,50.0,1776886044.815
51.0,50.0,51.0,50.0,1776886044.841
51.0,50.0,51.0,50.0,1776886044.855
51.0,50.0,51.0,50.0,1776886044.881
12.0,9.0,12.0,9.0,1776886045.296
12.0,9.0,12.0,9.0,1776886045.322
12.0,9.0,12.0,9.0,1776886045.335
12.0,9.0,12.0,9.0,1776886045.362
12.0,9.0,12.0,9.0,1776886045.377
0.0,0.0,0.0,0.0,1776886045.797
0.0,0.0,0.0,0.0,1776886045.815
0.0,0.0,0.0,0.0,1776886045.841
0.0,0.0,0.0,0.0,1776886045.855
0.0,0.0,0.0,0.0,1776886045.881
1.0,-5.0,1.0,-5.0,1776886046.302
1.0,-5.0,1.0,-5.0,1776886046.319
1.0,-5.0,1.0,-5.0,1776886046.336
1.0,-5.0,1.0,-5.0,1776886046.362
1.0,-5.0,1.0,-5.0,1776886046.376
6.0,-10.0,6.0,-10.0,1776886046.801
6.0,-10.0,6.0,-10.0,1776886046.818
6.0,-10.0,6.0,-10.0,1776886046.835
6.0,-10.0,6.0,-10.0,1776886046.861
6.0,-10.0,6.0,-10.0,1776886046.875
11.0,-15.0,11.0,-15.0,1776886047.296
11.0,-15.0,11.0,-15.0,1776886047.322
11.0,-10.0,11.0,-10.0,1776886047.335
11.0,-10.0,11.0,-10.0,1776886047.361
11.0,-10.0,11.0,-10.0,1776886047.377
8.0,-10.0,8.0,-10.0,1776886047.815
6.0,10.0,6.0,10.0,1776886047.841
6.0,10.0,6.0,10.0,1776886047.856
6.0,10.0,6.0,10.0,1776886047.881
6.0,10.0,6.0,10.0,1776886047.895
45.0,5.0,45.0,5.0,1776886048.315
50.0,6.0,50.0,6.0,1776886048.341
50.0,6.0,50.0,6.0,1776886048.356
50.0,6.0,50.0,6.0,1776886048.375
50.0,6.0,50.0,6.0,1776886048.401
81.0,34.0,81.0,34.0,1776886048.822
81.0,34.0,81.0,34.0,1776886048.836
81.0,34.0,81.0,34.0,1776886048.862
81.0,34.0,81.0,34.0,1776886048.879
81.0,34.0,81.0,34.0,1776886048.896
84.0,-39.0,84.0,-39.0,1776886049.325
84.0,-39.0,84.0,-39.0,1776886049.335
84.0,-39.0,84.0,-39.0,1776886049.361
84.0,-39.0,84.0,-39.0,1776886049.378
84.0,-39.0,84.0,-39.0,1776886049.395
24.0,-24.0,24.0,-24.0,1776886049.822
24.0,-24.0,24.0,-24.0,1776886049.839
24.0,-24.0,24.0,-24.0,1776886049.856
24.0,-24.0,24.0,-24.0,1776886049.882
24.0,-24.0,24.0,-24.0,1776886049.895
1.0,-12.0,1.0,-12.0,1776886050.323
1.0,-12.0,1.0,-12.0,1776886050.336
1.0,-12.0,1.0,-12.0,1776886050.356
1.0,-12.0,1.0,-12.0,1776886050.382
1.0,-12.0,1.0,-12.0,1776886050.395
14.0,-20.0,14.0,-20.0,1776886050.815
17.0,-25.0,17.0,-25.0,1776886050.841
17.0,-25.0,17.0,-25.0,1776886050.855
17.0,-25.0,17.0,-25.0,1776886050.881
17.0,-25.0,17.0,-25.0,1776886050.896
30.0,-28.0,30.0,-28.0,1776886051.335
30.0,-28.0,30.0,-28.0,1776886051.361
30.0,-28.0,30.0,-28.0,1776886051.376
30.0,-28.0,30.0,-28.0,1776886051.401
30.0,-28.0,30.0,-28.0,1776886051.415
25.0,16.0,25.0,16.0,1776886051.815
25.0,16.0,25.0,16.0,1776886051.841
25.0,16.0,25.0,16.0,1776886051.857
25.0,16.0,25.0,16.0,1776886051.883
25.0,16.0,25.0,16.0,1776886051.895
26.0,22.0,26.0,22.0,1776886052.337
26.0,22.0,26.0,22.0,1776886052.363
26.0,22.0,26.0,22.0,1776886052.375
26.0,22.0,26.0,22.0,1776886052.403
33.0,30.0,33.0,30.0,1776886052.416
62.0,61.0,62.0,61.0,1776886052.816
62.0,61.0,62.0,61.0,1776886052.842
62.0,61.0,62.0,61.0,1776886052.855
62.0,61.0,62.0,61.0,1776886052.881
62.0,61.0,62.0,61.0,1776886052.896
96.0,93.0,96.0,93.0,1776886053.342
102.0,100.0,102.0,100.0,1776886053.359
102.0,100.0,102.0,100.0,1776886053.375
102.0,100.0,102.0,100.0,1776886053.401
102.0,100.0,102.0,100.0,1776886053.416
87.0,85.0,87.0,85.0,1776886053.841
76.0,76.0,76.0,76.0,1776886053.857
76.0,76.0,76.0,76.0,1776886053.875
76.0,76.0,76.0,76.0,1776886053.901
76.0,76.0,76.0,76.0,1776886053.915
-46.0,44.0,-46.0,44.0,1776886054.338
-46.0,44.0,-46.0,44.0,1776886054.363
-46.0,44.0,-46.0,44.0,1776886054.375
-36.0,35.0,-36.0,35.0,1776886054.401
-36.0,35.0,-36.0,35.0,1776886054.416
-13.0,3.0,-13.0,3.0,1776886054.836
-13.0,3.0,-13.0,3.0,1776886054.862
-13.0,3.0,-13.0,3.0,1776886054.875
-13.0,3.0,-13.0,3.0,1776886054.901
-13.0,3.0,-13.0,3.0,1776886054.915
-21.0,5.0,-21.0,5.0,1776886055.343
-21.0,5.0,-21.0,5.0,1776886055.355
-21.0,12.0,-21.0,12.0,1776886055.377
-21.0,12.0,-21.0,12.0,1776886055.402
-21.0,12.0,-21.0,12.0,1776886055.415
-24.0,21.0,-24.0,21.0,1776886055.835
-24.0,21.0,-24.0,21.0,1776886055.856
-24.0,21.0,-24.0,21.0,1776886055.882
-24.0,21.0,-24.0,21.0,1776886055.895
-21.0,25.0,-21.0,25.0,1776886055.921
-19.0,31.0,-19.0,31.0,1776886056.337
-19.0,31.0,-19.0,31.0,1776886056.365
-19.0,31.0,-19.0,31.0,1776886056.376
-19.0,31.0,-19.0,31.0,1776886056.402
-16.0,31.0,-16.0,31.0,1776886056.415
-13.0,19.0,-13.0,19.0,1776886057.359
-13.0,19.0,-13.0,19.0,1776886057.377
-12.0,15.0,-12.0,15.0,1776886057.395
-12.0,15.0,-12.0,15.0,1776886057.421
-12.0,15.0,-12.0,15.0,1776886057.441
-6.0,7.0,-6.0,7.0,1776886057.841
-6.0,7.0,-6.0,7.0,1776886057.856
-6.0,7.0,-6.0,7.0,1776886057.883
-6.0,7.0,-6.0,7.0,1776886057.897
-6.0,7.0,-6.0,7.0,1776886057.924
42.0,0.0,42.0,0.0,1776886058.336
42.0,0.0,42.0,0.0,1776886058.361
42.0,0.0,42.0,0.0,1776886058.375
42.0,0.0,42.0,0.0,1776886058.401
42.0,0.0,42.0,0.0,1776886058.415
71.0,27.0,71.0,27.0,1776886058.855
71.0,27.0,71.0,27.0,1776886058.881
71.0,27.0,71.0,27.0,1776886058.895
71.0,27.0,71.0,27.0,1776886058.926
71.0,27.0,71.0,27.0,1776886058.936
114.0,69.0,114.0,69.0,1776886059.358
114.0,69.0,114.0,69.0,1776886059.389
114.0,69.0,114.0,69.0,1776886059.401
114.0,69.0,114.0,69.0,1776886059.415
114.0,69.0,114.0,69.0,1776886059.441
102.0,101.0,102.0,101.0,1776886059.855
102.0,101.0,102.0,101.0,1776886059.881
102.0,101.0,102.0,101.0,1776886059.895
94.0,94.0,94.0,94.0,1776886059.923
94.0,94.0,94.0,94.0,1776886059.937
64.0,-64.0,64.0,-64.0,1776886060.361
64.0,-64.0,64.0,-64.0,1776886060.375
64.0,-64.0,64.0,-64.0,1776886060.402
64.0,-64.0,64.0,-64.0,1776886060.416
60.0,-54.0,60.0,-54.0,1776886060.442
28.0,-24.0,28.0,-24.0,1776886060.858
28.0,-24.0,28.0,-24.0,1776886060.884
28.0,-24.0,28.0,-24.0,1776886060.895
28.0,-24.0,28.0,-24.0,1776886060.921
28.0,-24.0,28.0,-24.0,1776886060.935
6.0,-4.0,6.0,-4.0,1776886061.357
6.0,-4.0,6.0,-4.0,1776886061.383
6.0,-4.0,6.0,-4.0,1776886061.395
6.0,-4.0,6.0,-4.0,1776886061.421
6.0,-4.0,6.0,-4.0,1776886061.436
4.0,-13.0,4.0,-13.0,1776886061.858
4.0,-15.0,4.0,-15.0,1776886061.884
4.0,-15.0,4.0,-15.0,1776886061.895
4.0,-15.0,4.0,-15.0,1776886061.921
4.0,-15.0,4.0,-15.0,1776886061.94
13.0,-22.0,13.0,-22.0,1776886062.362
13.0,-22.0,13.0,-22.0,1776886062.375
13.0,-22.0,13.0,-22.0,1776886062.401
13.0,-22.0,13.0,-22.0,1776886062.417
14.0,-24.0,14.0,-24.0,1776886062.445
22.0,-19.0,22.0,-19.0,1776886062.861
22.0,-19.0,22.0,-19.0,1776886062.886
22.0,-19.0,22.0,-19.0,1776886062.897
24.0,-26.0,24.0,-26.0,1776886062.923
24.0,-26.0,24.0,-26.0,1776886062.935
25.0,-17.0,25.0,-17.0,1776886063.361
25.0,-17.0,25.0,-17.0,1776886063.376
25.0,-17.0,25.0,-17.0,1776886063.402
25.0,-17.0,25.0,-17.0,1776886063.416
25.0,-17.0,25.0,-17.0,1776886063.442
14.0,-10.0,14.0,-10.0,1776886063.858
14.0,-10.0,14.0,-10.0,1776886063.884
14.0,-10.0,14.0,-10.0,1776886063.895
14.0,-10.0,14.0,-10.0,1776886063.921
14.0,-10.0,14.0,-10.0,1776886063.937
0.0,0.0,0.0,0.0,1776886064.362
0.0,0.0,0.0,0.0,1776886064.375
0.0,0.0,0.0,0.0,1776886064.401
0.0,0.0,0.0,0.0,1776886064.417
0.0,0.0,0.0,0.0,1776886064.435
0.0,0.0,0.0,0.0,1776886064.861
0.0,0.0,0.0,0.0,1776886064.88
0.0,0.0,0.0,0.0,1776886064.896
0.0,0.0,0.0,0.0,1776886064.922
0.0,0.0,0.0,0.0,1776886064.935
0.0,0.0,0.0,0.0,1776886065.377
0.0,0.0,0.0,0.0,1776886065.395
0.0,0.0,0.0,0.0,1776886065.421
0.0,0.0,0.0,0.0,1776886065.44
0.0,0.0,0.0,0.0,1776886065.456
0.0,0.0,0.0,0.0,1776886065.856
0.0,0.0,0.0,0.0,1776886065.883
0.0,0.0,0.0,0.0,1776886065.895
0.0,0.0,0.0,0.0,1776886065.923
0.0,0.0,0.0,0.0,1776886065.935
0.0,0.0,0.0,0.0,1776886066.375
0.0,0.0,0.0,0.0,1776886066.401
0.0,0.0,0.0,0.0,1776886066.416
0.0,0.0,0.0,0.0,1776886066.442
0.0,0.0,0.0,0.0,1776886066.455
0.0,0.0,0.0,0.0,1776886067.376
0.0,0.0,0.0,0.0,1776886067.402
0.0,0.0,0.0,0.0,1776886067.415
0.0,0.0,0.0,0.0,1776886067.441
0.0,0.0,0.0,0.0,1776886067.456
0.0,0.0,0.0,0.0,1776886067.892
0.0,0.0,0.0,0.0,1776886067.903
0.0,0.0,0.0,0.0,1776886067.916
0.0,0.0,0.0,0.0,1776886067.941
0.0,0.0,0.0,0.0,1776886067.955
0.0,0.0,0.0,0.0,1776886068.379
0.0,0.0,0.0,0.0,1776886068.398
0.0,0.0,0.0,0.0,1776886068.415
0.0,0.0,0.0,0.0,1776886068.441
0.0,0.0,0.0,0.0,1776886068.455
-3.0,0.0,-3.0,0.0,1776886068.876
-5.0,0.0,-5.0,0.0,1776886068.902
-5.0,0.0,-5.0,0.0,1776886068.916
-5.0,0.0,-5.0,0.0,1776886068.941
-5.0,0.0,-5.0,0.0,1776886068.956
-7.0,2.0,-7.0,2.0,1776886069.376
-7.0,2.0,-7.0,2.0,1776886069.402
-7.0,2.0,-7.0,2.0,1776886069.415
-7.0,2.0,-7.0,2.0,1776886069.441
-7.0,2.0,-7.0,2.0,1776886069.458
-7.0,2.0,-7.0,2.0,1776886069.903
-4.0,2.0,-4.0,2.0,1776886069.916
-4.0,2.0,-4.0,2.0,1776886069.944
-4.0,2.0,-4.0,2.0,1776886069.955
-4.0,2.0,-4.0,2.0,1776886069.981
0.0,0.0,0.0,0.0,1776886070.398
0.0,0.0,0.0,0.0,1776886070.416
0.0,0.0,0.0,0.0,1776886070.442
0.0,0.0,0.0,0.0,1776886070.455
0.0,0.0,0.0,0.0,1776886070.483
0.0,0.0,0.0,0.0,1776886070.899
0.0,0.0,0.0,0.0,1776886070.916
0.0,0.0,0.0,0.0,1776886070.943
0.0,0.0,0.0,0.0,1776886070.956
0.0,0.0,0.0,0.0,1776886070.983
12.0,12.0,12.0,12.0,1776886071.408
21.0,22.0,21.0,22.0,1776886071.418
21.0,22.0,21.0,22.0,1776886071.444
21.0,22.0,21.0,22.0,1776886071.457
21.0,22.0,21.0,22.0,1776886071.476
21.0,22.0,21.0,22.0,1776886071.895
21.0,22.0,21.0,22.0,1776886071.921
21.0,22.0,21.0,22.0,1776886071.936
21.0,22.0,21.0,22.0,1776886071.962
21.0,22.0,21.0,22.0,1776886071.975
21.0,22.0,21.0,22.0,1776886072.402
21.0,22.0,21.0,22.0,1776886072.417
21.0,22.0,21.0,22.0,1776886072.444
21.0,22.0,21.0,22.0,1776886072.455
21.0,22.0,21.0,22.0,1776886072.481
0.0,0.0,0.0,0.0,1776886072.897
0.0,0.0,0.0,0.0,1776886072.924
0.0,0.0,0.0,0.0,1776886072.935
0.0,0.0,0.0,0.0,1776886072.961
0.0,0.0,0.0,0.0,1776886072.975
-2.0,10.0,-2.0,10.0,1776886073.396
-2.0,10.0,-2.0,10.0,1776886073.421
-2.0,10.0,-2.0,10.0,1776886073.436
-4.0,13.0,-4.0,13.0,1776886073.464
-4.0,13.0,-4.0,13.0,1776886073.475
-11.0,18.0,-11.0,18.0,1776886073.896
-11.0,18.0,-11.0,18.0,1776886073.921
-11.0,18.0,-11.0,18.0,1776886073.936
-11.0,18.0,-11.0,18.0,1776886073.966
-11.0,18.0,-11.0,18.0,1776886073.977
-16.0,18.0,-16.0,18.0,1776886074.403
-18.0,7.0,-18.0,7.0,1776886074.416
-18.0,7.0,-18.0,7.0,1776886074.442
-18.0,7.0,-18.0,7.0,1776886074.456
-18.0,7.0,-18.0,7.0,1776886074.481
-18.0,17.0,-18.0,17.0,1776886074.902
-15.0,15.0,-15.0,15.0,1776886074.916
-15.0,15.0,-15.0,15.0,1776886074.936
-15.0,15.0,-15.0,15.0,1776886074.961
-15.0,15.0,-15.0,15.0,1776886074.976
-7.0,12.0,-7.0,12.0,1776886075.417
-7.0,12.0,-7.0,12.0,1776886075.443
-7.0,12.0,-7.0,12.0,1776886075.457
-7.0,12.0,-7.0,12.0,1776886075.483
-7.0,12.0,-7.0,12.0,1776886075.496
-1.0,9.0,-1.0,9.0,1776886075.899
-1.0,9.0,-1.0,9.0,1776886075.924
0.0,4.0,0.0,4.0,1776886075.936
0.0,4.0,0.0,4.0,1776886075.961
0.0,4.0,0.0,4.0,1776886075.976
0.0,0.0,0.0,0.0,1776886076.416
0.0,0.0,0.0,0.0,1776886076.442
0.0,0.0,0.0,0.0,1776886076.456
0.0,0.0,0.0,0.0,1776886076.484
0.0,0.0,0.0,0.0,1776886076.498
0.0,0.0,0.0,0.0,1776886076.921
0.0,0.0,0.0,0.0,1776886076.937
-1.0,0.0,-1.0,0.0,1776886076.962
-1.0,0.0,-1.0,0.0,1776886076.976
-1.0,0.0,-1.0,0.0,1776886077.002
-12.0,6.0,-12.0,6.0,1776886077.921
-12.0,6.0,-12.0,6.0,1776886077.937
-12.0,6.0,-12.0,6.0,1776886077.963
-12.0,6.0,-12.0,6.0,1776886077.976
-13.0,6.0,-13.0,6.0,1776886078.001
-18.0,9.0,-18.0,9.0,1776886078.417
-18.0,9.0,-18.0,9.0,1776886078.442
-18.0,9.0,-18.0,9.0,1776886078.456
-18.0,9.0,-18.0,9.0,1776886078.483
-18.0,9.0,-18.0,9.0,1776886078.496
-21.0,7.0,-21.0,7.0,1776886078.923
-21.0,7.0,-21.0,7.0,1776886078.936
-21.0,7.0,-21.0,7.0,1776886078.961
-21.0,7.0,-21.0,7.0,1776886078.976
-21.0,7.0,-21.0,7.0,1776886079.003
-11.0,4.0,-11.0,4.0,1776886079.416
-11.0,4.0,-11.0,4.0,1776886079.447
-9.0,3.0,-9.0,3.0,1776886079.458
-9.0,3.0,-9.0,3.0,1776886079.484
-9.0,3.0,-9.0,3.0,1776886079.496
-1.0,1.0,-1.0,1.0,1776886079.919
-1.0,1.0,-1.0,1.0,1776886079.936
-1.0,1.0,-1.0,1.0,1776886079.962
0.0,0.0,0.0,0.0,1776886079.976
0.0,0.0,0.0,0.0,1776886080.001
0.0,0.0,0.0,0.0,1776886080.436
0.0,0.0,0.0,0.0,1776886080.457
0.0,0.0,0.0,0.0,1776886080.483
0.0,2.0,0.0,2.0,1776886080.502
0.0,2.0,0.0,2.0,1776886080.516
-25.0,17.0,-25.0,17.0,1776886081.416
-25.0,17.0,-25.0,17.0,1776886081.442
-25.0,17.0,-25.0,17.0,1776886081.457
-25.0,17.0,-25.0,17.0,1776886081.483
-25.0,17.0,-25.0,17.0,1776886081.496
-31.0,21.0,-31.0,21.0,1776886081.936
-31.0,21.0,-31.0,21.0,1776886081.961
-19.0,22.0,-19.0,22.0,1776886081.976
-19.0,22.0,-19.0,22.0,1776886082.002
-19.0,22.0,-19.0,22.0,1776886082.016
-20.0,21.0,-20.0,21.0,1776886082.436
-20.0,21.0,-20.0,21.0,1776886082.462
-18.0,19.0,-18.0,19.0,1776886082.481
-18.0,19.0,-18.0,19.0,1776886082.496
-18.0,19.0,-18.0,19.0,1776886082.522
-10.0,12.0,-10.0,12.0,1776886082.936
-10.0,12.0,-10.0,12.0,1776886082.962
-10.0,12.0,-10.0,12.0,1776886082.976
-10.0,12.0,-10.0,12.0,1776886083.002
-7.0,10.0,-7.0,10.0,1776886083.016
4.0,4.0,4.0,4.0,1776886083.441
1.0,0.0,1.0,0.0,1776886083.456
1.0,0.0,1.0,0.0,1776886083.482
1.0,0.0,1.0,0.0,1776886083.496
1.0,0.0,1.0,0.0,1776886083.521
4.0,1.0,4.0,1.0,1776886083.938
4.0,1.0,4.0,1.0,1776886083.956
4.0,1.0,4.0,1.0,1776886083.982
13.0,8.0,13.0,8.0,1776886083.999
13.0,8.0,13.0,8.0,1776886084.017
42.0,36.0,42.0,36.0,1776886084.442
42.0,36.0,42.0,36.0,1776886084.456
42.0,36.0,42.0,36.0,1776886084.482
42.0,36.0,42.0,36.0,1776886084.496
42.0,36.0,42.0,36.0,1776886084.523
42.0,36.0,42.0,36.0,1776886084.936
42.0,36.0,42.0,36.0,1776886084.962
42.0,36.0,42.0,36.0,1776886084.979
42.0,36.0,42.0,36.0,1776886084.996
42.0,36.0,42.0,36.0,1776886085.022
28.0,-27.0,28.0,-27.0,1776886085.436
28.0,-27.0,28.0,-27.0,1776886085.462
19.0,-19.0,19.0,-19.0,1776886085.487
19.0,-19.0,19.0,-19.0,1776886085.498
19.0,-19.0,19.0,-19.0,1776886085.524
0.0,0.0,0.0,0.0,1776886085.943
0.0,0.0,0.0,0.0,1776886085.956
0.0,0.0,0.0,0.0,1776886085.982
0.0,0.0,0.0,0.0,1776886085.999
0.0,0.0,0.0,0.0,1776886086.017
2.0,0.0,2.0,0.0,1776886086.457
2.0,0.0,2.0,0.0,1776886086.483
2.0,0.0,2.0,0.0,1776886086.496
2.0,0.0,2.0,0.0,1776886086.522
2.0,0.0,2.0,0.0,1776886086.536
9.0,-16.0,9.0,-16.0,1776886086.942
9.0,-16.0,9.0,-16.0,1776886086.958
9.0,-16.0,9.0,-16.0,1776886086.976
9.0,-16.0,9.0,-16.0,1776886087.002
12.0,-19.0,12.0,-19.0,1776886087.016
15.0,-27.0,15.0,-27.0,1776886087.456
15.0,-27.0,15.0,-27.0,1776886087.476
17.0,-28.0,17.0,-28.0,1776886087.502
17.0,-28.0,17.0,-28.0,1776886087.518
17.0,-28.0,17.0,-28.0,1776886087.537
13.0,-27.0,13.0,-27.0,1776886087.963
13.0,-27.0,13.0,-27.0,1776886087.976
13.0,-27.0,13.0,-27.0,1776886088.002
13.0,-27.0,13.0,-27.0,1776886088.019
13.0,-27.0,13.0,-27.0,1776886088.036
5.0,9.0,5.0,9.0,1776886088.462
5.0,6.0,5.0,6.0,1776886088.476
5.0,6.0,5.0,6.0,1776886088.497
5.0,6.0,5.0,6.0,1776886088.523
5.0,6.0,5.0,6.0,1776886088.536
22.0,24.0,22.0,24.0,1776886088.962
22.0,24.0,22.0,24.0,1776886088.976
22.0,24.0,22.0,24.0,1776886089.007
22.0,24.0,22.0,24.0,1776886089.018
22.0,24.0,22.0,24.0,1776886089.044
55.0,55.0,55.0,55.0,1776886089.461
55.0,55.0,55.0,55.0,1776886089.476
55.0,55.0,55.0,55.0,1776886089.502
55.0,55.0,55.0,55.0,1776886089.516
55.0,55.0,55.0,55.0,1776886089.542
-55.0,54.0,-55.0,54.0,1776886089.962
-55.0,54.0,-55.0,54.0,1776886089.976
-51.0,51.0,-51.0,51.0,1776886090.004
-51.0,51.0,-51.0,51.0,1776886090.016
-51.0,51.0,-51.0,51.0,1776886090.042
-25.0,23.0,-25.0,23.0,1776886090.456
-25.0,23.0,-25.0,23.0,1776886090.482
-25.0,23.0,-25.0,23.0,1776886090.496
-25.0,23.0,-25.0,23.0,1776886090.517
-25.0,23.0,-25.0,23.0,1776886090.543
-5.0,5.0,-5.0,5.0,1776886090.959
-5.0,5.0,-5.0,5.0,1776886090.976
-6.0,7.0,-6.0,7.0,1776886091.002
-6.0,7.0,-6.0,7.0,1776886091.016
-6.0,7.0,-6.0,7.0,1776886091.039
-8.0,8.0,-8.0,8.0,1776886091.476
-8.0,8.0,-8.0,8.0,1776886091.502
-8.0,8.0,-8.0,8.0,1776886091.519
-8.0,8.0,-8.0,8.0,1776886091.536
-8.0,8.0,-8.0,8.0,1776886091.562
6.0,8.0,6.0,8.0,1776886091.976
6.0,8.0,6.0,8.0,1776886092.002
6.0,8.0,6.0,8.0,1776886092.016
6.0,8.0,6.0,8.0,1776886092.042
6.0,8.0,6.0,8.0,1776886092.056
10.0,9.0,10.0,9.0,1776886092.481
10.0,9.0,10.0,9.0,1776886092.496
19.0,16.0,19.0,16.0,1776886092.522
19.0,16.0,19.0,16.0,1776886092.536
19.0,16.0,19.0,16.0,1776886092.562
37.0,35.0,37.0,35.0,1776886092.976
37.0,35.0,37.0,35.0,1776886093.002
37.0,35.0,37.0,35.0,1776886093.016
37.0,35.0,37.0,35.0,1776886093.042
37.0,35.0,37.0,35.0,1776886093.056
37.0,35.0,37.0,35.0,1776886093.482
37.0,35.0,37.0,35.0,1776886093.496
36.0,35.0,36.0,35.0,1776886093.522
36.0,35.0,36.0,35.0,1776886093.536
36.0,35.0,36.0,35.0,1776886093.564
9.0,10.0,9.0,10.0,1776886093.979
0.0,0.0,0.0,0.0,1776886094.005
0.0,0.0,0.0,0.0,1776886094.016
0.0,0.0,0.0,0.0,1776886094.042
0.0,0.0,0.0,0.0,1776886094.056
19.0,13.0,19.0,13.0,1776886094.978
19.0,13.0,19.0,13.0,1776886095.005
19.0,13.0,19.0,13.0,1776886095.016
19.0,13.0,19.0,13.0,1776886095.042
19.0,13.0,19.0,13.0,1776886095.056
15.0,-13.0,15.0,-13.0,1776886095.502
15.0,-13.0,15.0,-13.0,1776886095.521
15.0,-13.0,15.0,-13.0,1776886095.544
15.0,-13.0,15.0,-13.0,1776886095.565
9.0,-10.0,9.0,-10.0,1776886095.576
2.0,-2.0,2.0,-2.0,1776886095.977
2.0,-2.0,2.0,-2.0,1776886096.002
2.0,-2.0,2.0,-2.0,1776886096.016
2.0,-2.0,2.0,-2.0,1776886096.042
3.0,-2.0,3.0,-2.0,1776886096.056
7.0,-8.0,7.0,-8.0,1776886096.496
7.0,-8.0,7.0,-8.0,1776886096.522
7.0,-8.0,7.0,-8.0,1776886096.536
7.0,-8.0,7.0,-8.0,1776886096.563
7.0,-8.0,7.0,-8.0,1776886096.577
13.0,-12.0,13.0,-12.0,1776886097.003
15.0,-15.0,15.0,-15.0,1776886097.016
15.0,-15.0,15.0,-15.0,1776886097.042
15.0,-15.0,15.0,-15.0,1776886097.056
15.0,-15.0,15.0,-15.0,1776886097.076
14.0,-15.0,14.0,-15.0,1776886097.496
14.0,-15.0,14.0,-15.0,1776886097.524
14.0,-15.0,14.0,-15.0,1776886097.536
14.0,-15.0,14.0,-15.0,1776886097.563
14.0,-15.0,14.0,-15.0,1776886097.576
6.0,7.0,6.0,7.0,1776886098.002
6.0,7.0,6.0,7.0,1776886098.017
6.0,7.0,6.0,7.0,1776886098.045
6.0,7.0,6.0,7.0,1776886098.056
6.0,7.0,6.0,7.0,1776886098.082
18.0,19.0,18.0,19.0,1776886098.503
18.0,19.0,18.0,19.0,1776886098.516
18.0,19.0,18.0,19.0,1776886098.545
18.0,19.0,18.0,19.0,1776886098.559
18.0,19.0,18.0,19.0,1776886098.578
49.0,48.0,49.0,48.0,1776886098.996
49.0,48.0,49.0,48.0,1776886099.023
49.0,48.0,49.0,48.0,1776886099.039
49.0,48.0,49.0,48.0,1776886099.064
49.0,48.0,49.0,48.0,1776886099.076
48.0,48.0,48.0,48.0,1776886099.522
48.0,48.0,48.0,48.0,1776886099.537
46.0,-46.0,46.0,-46.0,1776886099.565
46.0,-46.0,46.0,-46.0,1776886099.576
46.0,-46.0,46.0,-46.0,1776886099.602
22.0,-19.0,22.0,-19.0,1776886100.018
22.0,-19.0,22.0,-19.0,1776886100.045
12.0,-10.0,12.0,-10.0,1776886100.056
12.0,-10.0,12.0,-10.0,1776886100.082
12.0,-10.0,12.0,-10.0,1776886100.096
6.0,-2.0,6.0,-2.0,1776886100.522
6.0,-2.0,6.0,-2.0,1776886100.536
6.0,-2.0,6.0,-2.0,1776886100.563
6.0,-2.0,6.0,-2.0,1776886100.586
6.0,-4.0,6.0,-4.0,1776886100.596
10.0,-9.0,10.0,-9.0,1776886101.023
10.0,-9.0,10.0,-9.0,1776886101.041
10.0,-9.0,10.0,-9.0,1776886101.057
10.0,-9.0,10.0,-9.0,1776886101.083
10.0,-9.0,10.0,-9.0,1776886101.096
4.0,4.0,4.0,4.0,1776886102.023
4.0,4.0,4.0,4.0,1776886102.039
4.0,4.0,4.0,4.0,1776886102.056
4.0,4.0,4.0,4.0,1776886102.082
4.0,4.0,4.0,4.0,1776886102.096
0.0,0.0,0.0,0.0,1776886102.523
5.0,4.0,5.0,4.0,1776886102.536
5.0,4.0,5.0,4.0,1776886102.563
5.0,4.0,5.0,4.0,1776886102.577
5.0,4.0,5.0,4.0,1776886102.603
33.0,32.0,33.0,32.0,1776886103.016
33.0,32.0,33.0,32.0,1776886103.042
33.0,32.0,33.0,32.0,1776886103.056
43.0,42.0,43.0,42.0,1776886103.083
43.0,42.0,43.0,42.0,1776886103.096
54.0,53.0,54.0,53.0,1776886103.523
54.0,53.0,54.0,53.0,1776886103.536
54.0,53.0,54.0,53.0,1776886103.562
54.0,53.0,54.0,53.0,1776886103.576
54.0,53.0,54.0,53.0,1776886103.602
-40.0,39.0,-40.0,39.0,1776886104.016
-40.0,39.0,-40.0,39.0,1776886104.048
-40.0,39.0,-40.0,39.0,1776886104.066
-31.0,30.0,-31.0,30.0,1776886104.08
-31.0,30.0,-31.0,30.0,1776886104.096
0.0,0.0,0.0,0.0,1776886104.516
0.0,0.0,0.0,0.0,1776886104.536
0.0,0.0,0.0,0.0,1776886104.562
0.0,0.0,0.0,0.0,1776886104.577
0.0,0.0,0.0,0.0,1776886104.606
0.0,1.0,0.0,1.0,1776886105.023
0.0,1.0,0.0,1.0,1776886105.039
0.0,1.0,0.0,1.0,1776886105.061
0.0,1.0,0.0,1.0,1776886105.076
0.0,3.0,0.0,3.0,1776886105.104
0.0,3.0,0.0,3.0,1776886105.525
0.0,3.0,0.0,3.0,1776886105.536
0.0,3.0,0.0,3.0,1776886105.562
0.0,3.0,0.0,3.0,1776886105.576
0.0,3.0,0.0,3.0,1776886105.602
0.0,3.0,0.0,3.0,1776886106.025
0.0,3.0,0.0,3.0,1776886106.036
0.0,3.0,0.0,3.0,1776886106.062
0.0,3.0,0.0,3.0,1776886106.079
0.0,3.0,0.0,3.0,1776886106.099
7.0,3.0,7.0,3.0,1776886106.543
7.0,3.0,7.0,3.0,1776886106.559
7.0,3.0,7.0,3.0,1776886106.576
7.0,3.0,7.0,3.0,1776886106.602
7.0,3.0,7.0,3.0,1776886106.616
40.0,37.0,40.0,37.0,1776886107.022
40.0,37.0,40.0,37.0,1776886107.038
40.0,37.0,40.0,37.0,1776886107.064
40.0,37.0,40.0,37.0,1776886107.076
40.0,37.0,40.0,37.0,1776886107.096
71.0,67.0,71.0,67.0,1776886107.537
71.0,67.0,71.0,67.0,1776886107.567
71.0,67.0,71.0,67.0,1776886107.578
71.0,67.0,71.0,67.0,1776886107.604
71.0,67.0,71.0,67.0,1776886107.616
58.0,57.0,58.0,57.0,1776886108.021
48.0,48.0,48.0,48.0,1776886108.036
48.0,48.0,48.0,48.0,1776886108.062
48.0,48.0,48.0,48.0,1776886108.079
48.0,48.0,48.0,48.0,1776886108.097
19.0,19.0,19.0,19.0,1776886108.536
9.0,9.0,9.0,9.0,1776886108.562
9.0,9.0,9.0,9.0,1776886108.576
9.0,9.0,9.0,9.0,1776886108.606
9.0,9.0,9.0,9.0,1776886108.617
0.0,0.0,0.0,0.0,1776886109.043
8.0,0.0,8.0,0.0,1776886109.057
8.0,0.0,8.0,0.0,1776886109.083
8.0,0.0,8.0,0.0,1776886109.096
8.0,0.0,8.0,0.0,1776886109.123
29.0,21.0,29.0,21.0,1776886109.537
29.0,21.0,29.0,21.0,1776886109.556
29.0,21.0,29.0,21.0,1776886109.584
29.0,21.0,29.0,21.0,1776886109.599
39.0,31.0,39.0,31.0,1776886109.617
67.0,66.0,67.0,66.0,1776886110.563
67.0,66.0,67.0,66.0,1776886110.577
67.0,66.0,67.0,66.0,1776886110.603
67.0,66.0,67.0,66.0,1776886110.616
59.0,60.0,59.0,60.0,1776886110.642
13.0,-8.0,13.0,-8.0,1776886111.556
13.0,-8.0,13.0,-8.0,1776886111.584
13.0,-8.0,13.0,-8.0,1776886111.601
13.0,-8.0,13.0,-8.0,1776886111.616
13.0,-8.0,13.0,-8.0,1776886111.642
16.0,-8.0,16.0,-8.0,1776886112.058
16.0,-8.0,16.0,-8.0,1776886112.084
18.0,-8.0,18.0,-8.0,1776886112.096
18.0,-8.0,18.0,-8.0,1776886112.116
18.0,-8.0,18.0,-8.0,1776886112.143
13.0,3.0,13.0,3.0,1776886112.559
13.0,3.0,13.0,3.0,1776886112.576
7.0,2.0,7.0,2.0,1776886112.602
7.0,2.0,7.0,2.0,1776886112.616
7.0,2.0,7.0,2.0,1776886112.642
7.0,5.0,7.0,5.0,1776886113.056
7.0,5.0,7.0,5.0,1776886113.085
7.0,5.0,7.0,5.0,1776886113.096
9.0,13.0,9.0,13.0,1776886113.122
9.0,13.0,9.0,13.0,1776886113.137
49.0,55.0,49.0,55.0,1776886114.065
49.0,55.0,49.0,55.0,1776886114.08
49.0,55.0,49.0,55.0,1776886114.097
49.0,55.0,49.0,55.0,1776886114.122
49.0,55.0,49.0,55.0,1776886114.138
3.0,0.0,3.0,0.0,1776886115.057
3.0,0.0,3.0,0.0,1776886115.082
9.0,6.0,9.0,6.0,1776886115.097
9.0,6.0,9.0,6.0,1776886115.123
9.0,6.0,9.0,6.0,1776886115.136
34.0,36.0,34.0,36.0,1776886115.577
44.0,43.0,44.0,43.0,1776886115.602
44.0,43.0,44.0,43.0,1776886115.618
44.0,43.0,44.0,43.0,1776886115.645
44.0,43.0,44.0,43.0,1776886115.656
75.0,72.0,75.0,72.0,1776886116.084
87.0,84.0,87.0,84.0,1776886116.098
87.0,84.0,87.0,84.0,1776886116.125
87.0,84.0,87.0,84.0,1776886116.136
87.0,84.0,87.0,84.0,1776886116.163
105.0,103.0,105.0,103.0,1776886116.576
105.0,103.0,105.0,103.0,1776886116.597
109.0,106.0,109.0,106.0,1776886116.623
109.0,106.0,109.0,106.0,1776886116.638
109.0,106.0,109.0,106.0,1776886116.664
113.0,111.0,113.0,111.0,1776886117.084
104.0,103.0,104.0,103.0,1776886117.097
104.0,103.0,104.0,103.0,1776886117.124
104.0,103.0,104.0,103.0,1776886117.137
104.0,103.0,104.0,103.0,1776886117.165
57.0,55.0,57.0,55.0,1776886117.577
57.0,55.0,57.0,55.0,1776886117.602
57.0,55.0,57.0,55.0,1776886117.618
57.0,55.0,57.0,55.0,1776886117.648
57.0,55.0,57.0,55.0,1776886117.659
-21.0,-21.0,-21.0,-21.0,1776886118.097
-10.0,-10.0,-10.0,-10.0,1776886118.126
-10.0,-10.0,-10.0,-10.0,1776886118.137
-10.0,-10.0,-10.0,-10.0,1776886118.163
-10.0,-10.0,-10.0,-10.0,1776886118.177
-51.0,-52.0,-51.0,-52.0,1776886119.077
-51.0,-52.0,-51.0,-52.0,1776886119.102
-61.0,-63.0,-61.0,-63.0,1776886119.119
-61.0,-63.0,-61.0,-63.0,1776886119.145
-61.0,-63.0,-61.0,-63.0,1776886119.157
-94.0,-94.0,-94.0,-94.0,1776886119.604
-90.0,-99.0,-90.0,-99.0,1776886119.617
-90.0,-99.0,-90.0,-99.0,1776886119.642
-90.0,-99.0,-90.0,-99.0,1776886119.657
-90.0,-99.0,-90.0,-99.0,1776886119.684
-76.0,-93.0,-76.0,-93.0,1776886120.097
-76.0,-93.0,-76.0,-93.0,1776886120.124
-76.0,-93.0,-76.0,-93.0,1776886120.137
-66.0,-85.0,-66.0,-85.0,1776886120.162
-66.0,-85.0,-66.0,-85.0,1776886120.177
-13.0,-21.0,-13.0,-21.0,1776886121.097
-13.0,-21.0,-13.0,-21.0,1776886121.122
-13.0,-21.0,-13.0,-21.0,1776886121.137
-13.0,-21.0,-13.0,-21.0,1776886121.163
-13.0,-21.0,-13.0,-21.0,1776886121.177
0.0,-1.0,0.0,-1.0,1776886121.603
0.0,-1.0,0.0,-1.0,1776886121.617
0.0,-1.0,0.0,-1.0,1776886121.642
0.0,-1.0,0.0,-1.0,1776886121.657
0.0,-1.0,0.0,-1.0,1776886121.682
0.0,0.0,0.0,0.0,1776886122.105
0.0,0.0,0.0,0.0,1776886122.117
0.0,0.0,0.0,0.0,1776886122.143
0.0,0.0,0.0,0.0,1776886122.16
0.0,0.0,0.0,0.0,1776886122.177
24.0,44.0,24.0,44.0,1776886123.104
24.0,44.0,24.0,44.0,1776886123.122
24.0,44.0,24.0,44.0,1776886123.138
24.0,44.0,24.0,44.0,1776886123.17
24.0,44.0,24.0,44.0,1776886123.18
34.0,64.0,34.0,64.0,1776886123.599
34.0,64.0,34.0,64.0,1776886123.619
34.0,63.0,34.0,63.0,1776886123.637
34.0,63.0,34.0,63.0,1776886123.662
34.0,63.0,34.0,63.0,1776886123.678
25.0,46.0,25.0,46.0,1776886124.097
25.0,46.0,25.0,46.0,1776886124.122
25.0,46.0,25.0,46.0,1776886124.137
25.0,46.0,25.0,46.0,1776886124.162
25.0,46.0,25.0,46.0,1776886124.178
6.0,10.0,6.0,10.0,1776886124.617
6.0,10.0,6.0,10.0,1776886124.644
6.0,10.0,6.0,10.0,1776886124.658
6.0,10.0,6.0,10.0,1776886124.683
6.0,10.0,6.0,10.0,1776886124.697
0.0,0.0,0.0,0.0,1776886125.123
0.0,0.0,0.0,0.0,1776886125.137
0.0,0.0,0.0,0.0,1776886125.173
0.0,0.0,0.0,0.0,1776886125.183
0.0,0.0,0.0,0.0,1776886125.199
3.0,1.0,3.0,1.0,1776886125.619
3.0,1.0,3.0,1.0,1776886125.637
3.0,1.0,3.0,1.0,1776886125.665
11.0,3.0,11.0,3.0,1776886125.679
11.0,3.0,11.0,3.0,1776886125.705
34.0,19.0,34.0,19.0,1776886126.125
34.0,19.0,34.0,19.0,1776886126.137
34.0,19.0,34.0,19.0,1776886126.163
34.0,19.0,34.0,19.0,1776886126.177
41.0,23.0,41.0,23.0,1776886126.197
51.0,28.0,51.0,28.0,1776886126.623
51.0,28.0,51.0,28.0,1776886126.647
51.0,28.0,51.0,28.0,1776886126.658
51.0,28.0,51.0,28.0,1776886126.684
51.0,28.0,51.0,28.0,1776886126.697
33.0,20.0,33.0,20.0,1776886127.119
33.0,20.0,33.0,20.0,1776886127.145
33.0,20.0,33.0,20.0,1776886127.157
33.0,20.0,33.0,20.0,1776886127.183
33.0,20.0,33.0,20.0,1776886127.2
0.0,0.0,0.0,0.0,1776886127.623
0.0,0.0,0.0,0.0,1776886127.637
0.0,0.0,0.0,0.0,1776886127.663
0.0,0.0,0.0,0.0,1776886127.678
0.0,0.0,0.0,0.0,1776886127.705
0.0,0.0,0.0,0.0,1776886128.117
0.0,0.0,0.0,0.0,1776886128.143
0.0,0.0,0.0,0.0,1776886128.16
0.0,0.0,0.0,0.0,1776886128.177
0.0,0.0,0.0,0.0,1776886128.204
-3.0,-9.0,-3.0,-9.0,1776886128.617
-3.0,-9.0,-3.0,-9.0,1776886128.643
-3.0,-9.0,-3.0,-9.0,1776886128.657
-3.0,-9.0,-3.0,-9.0,1776886128.683
-3.0,-9.0,-3.0,-9.0,1776886128.697
-26.0,-53.0,-26.0,-53.0,1776886129.617
-26.0,-53.0,-26.0,-53.0,1776886129.649
-26.0,-53.0,-26.0,-53.0,1776886129.66
-26.0,-53.0,-26.0,-53.0,1776886129.685
-26.0,-53.0,-26.0,-53.0,1776886129.697
-7.0,-4.0,-7.0,-4.0,1776886130.638
-7.0,-4.0,-7.0,-4.0,1776886130.659
-7.0,-4.0,-7.0,-4.0,1776886130.677
-7.0,-4.0,-7.0,-4.0,1776886130.703
-7.0,-4.0,-7.0,-4.0,1776886130.719
-65.0,-42.0,-65.0,-42.0,1776886131.645
-65.0,-42.0,-65.0,-42.0,1776886131.657
-73.0,-48.0,-73.0,-48.0,1776886131.683
-73.0,-48.0,-73.0,-48.0,1776886131.7
-73.0,-48.0,-73.0,-48.0,1776886131.717
-67.0,-42.0,-67.0,-42.0,1776886132.137
-67.0,-42.0,-67.0,-42.0,1776886132.163
-67.0,-42.0,-67.0,-42.0,1776886132.177
-67.0,-42.0,-67.0,-42.0,1776886132.205
-60.0,-36.0,-60.0,-36.0,1776886132.217
-34.0,-24.0,-34.0,-24.0,1776886132.638
-34.0,-24.0,-34.0,-24.0,1776886132.664
-34.0,-24.0,-34.0,-24.0,1776886132.677
-34.0,-24.0,-34.0,-24.0,1776886132.704
-34.0,-24.0,-34.0,-24.0,1776886132.719
-31.0,-30.0,-31.0,-30.0,1776886133.139
-31.0,-30.0,-31.0,-30.0,1776886133.166
-33.0,-37.0,-33.0,-37.0,1776886133.177
-33.0,-37.0,-33.0,-37.0,1776886133.203
-33.0,-37.0,-33.0,-37.0,1776886133.217
-63.0,-68.0,-63.0,-68.0,1776886133.663
-63.0,-68.0,-63.0,-68.0,1776886133.678
-74.0,-76.0,-74.0,-76.0,1776886133.697
-74.0,-76.0,-74.0,-76.0,1776886133.723
-74.0,-76.0,-74.0,-76.0,1776886133.737
-102.0,-103.0,-102.0,-103.0,1776886134.138
-102.0,-103.0,-102.0,-103.0,1776886134.164
-102.0,-103.0,-102.0,-103.0,1776886134.178
-102.0,-103.0,-102.0,-103.0,1776886134.204
-102.0,-103.0,-102.0,-103.0,1776886134.217
-110.0,-109.0,-110.0,-109.0,1776886134.657
-110.0,-109.0,-110.0,-109.0,1776886134.683
-110.0,-109.0,-110.0,-109.0,1776886134.697
-110.0,-109.0,-110.0,-109.0,1776886134.723
-110.0,-109.0,-110.0,-109.0,1776886134.737
-89.0,-90.0,-89.0,-90.0,1776886135.157
-89.0,-90.0,-89.0,-90.0,1776886135.183
-89.0,-90.0,-89.0,-90.0,1776886135.198
-78.0,-79.0,-78.0,-79.0,1776886135.225
-78.0,-79.0,-78.0,-79.0,1776886135.237
-45.0,-45.0,-45.0,-45.0,1776886135.657
-45.0,-45.0,-45.0,-45.0,1776886135.683
-45.0,-45.0,-45.0,-45.0,1776886135.697
-34.0,-34.0,-34.0,-34.0,1776886135.727
-34.0,-34.0,-34.0,-34.0,1776886135.738
-10.0,-12.0,-10.0,-12.0,1776886136.163
-10.0,-12.0,-10.0,-12.0,1776886136.18
0.0,0.0,0.0,0.0,1776886136.206
0.0,0.0,0.0,0.0,1776886136.217
0.0,0.0,0.0,0.0,1776886136.243
12.0,9.0,12.0,9.0,1776886136.666
20.0,18.0,20.0,18.0,1776886136.677
20.0,18.0,20.0,18.0,1776886136.703
20.0,18.0,20.0,18.0,1776886136.72
20.0,18.0,20.0,18.0,1776886136.743
-30.0,41.0,-30.0,41.0,1776886137.164
-30.0,41.0,-30.0,41.0,1776886137.177
-30.0,41.0,-30.0,41.0,1776886137.208
-30.0,41.0,-30.0,41.0,1776886137.219
-30.0,41.0,-30.0,41.0,1776886137.246
-33.0,41.0,-33.0,41.0,1776886137.657
-33.0,41.0,-33.0,41.0,1776886137.683
-33.0,41.0,-33.0,41.0,1776886137.697
-33.0,41.0,-33.0,41.0,1776886137.725
-24.0,36.0,-24.0,36.0,1776886137.737
-3.0,15.0,-3.0,15.0,1776886138.159
-3.0,15.0,-3.0,15.0,1776886138.177
-3.0,15.0,-3.0,15.0,1776886138.203
-3.0,15.0,-3.0,15.0,1776886138.218
-3.0,15.0,-3.0,15.0,1776886138.244
-9.0,1.0,-9.0,1.0,1776886138.659
-9.0,1.0,-9.0,1.0,1776886138.686
-9.0,1.0,-9.0,1.0,1776886138.697
-9.0,1.0,-9.0,1.0,1776886138.723
-9.0,1.0,-9.0,1.0,1776886138.737
-14.0,3.0,-14.0,3.0,1776886139.163
-16.0,4.0,-16.0,4.0,1776886139.177
-16.0,4.0,-16.0,4.0,1776886139.203
-16.0,4.0,-16.0,4.0,1776886139.217
-16.0,4.0,-16.0,4.0,1776886139.244
-22.0,10.0,-22.0,10.0,1776886139.657
-22.0,10.0,-22.0,10.0,1776886139.684
-22.0,10.0,-22.0,10.0,1776886139.697
-22.0,12.0,-22.0,12.0,1776886139.723
-22.0,12.0,-22.0,12.0,1776886139.738
-23.0,19.0,-23.0,19.0,1776886140.163
-23.0,19.0,-23.0,19.0,1776886140.177
-23.0,19.0,-23.0,19.0,1776886140.213
-24.0,19.0,-24.0,19.0,1776886140.223
-24.0,19.0,-24.0,19.0,1776886140.24
-22.0,21.0,-22.0,21.0,1776886140.677
-22.0,21.0,-22.0,21.0,1776886140.703
-22.0,21.0,-22.0,21.0,1776886140.719
-22.0,21.0,-22.0,21.0,1776886140.747
-20.0,19.0,-20.0,19.0,1776886140.757
-15.0,15.0,-15.0,15.0,1776886141.157
-13.0,12.0,-13.0,12.0,1776886141.183
-13.0,12.0,-13.0,12.0,1776886141.199
-13.0,12.0,-13.0,12.0,1776886141.226
-13.0,12.0,-13.0,12.0,1776886141.237
4.0,3.0,4.0,3.0,1776886141.657
4.0,3.0,4.0,3.0,1776886141.683
4.0,3.0,4.0,3.0,1776886141.697
4.0,3.0,4.0,3.0,1776886141.723
4.0,3.0,4.0,3.0,1776886141.737
3.0,2.0,3.0,2.0,1776886142.163
3.0,2.0,3.0,2.0,1776886142.177
11.0,9.0,11.0,9.0,1776886142.197
11.0,9.0,11.0,9.0,1776886142.224
11.0,9.0,11.0,9.0,1776886142.239
40.0,38.0,40.0,38.0,1776886142.657
46.0,43.0,46.0,43.0,1776886142.688
46.0,43.0,46.0,43.0,1776886142.698
46.0,43.0,46.0,43.0,1776886142.725
46.0,43.0,46.0,43.0,1776886142.737
46.0,43.0,46.0,43.0,1776886143.177
46.0,43.0,46.0,43.0,1776886143.203
46.0,43.0,46.0,43.0,1776886143.218
46.0,43.0,46.0,43.0,1776886143.246
46.0,43.0,46.0,43.0,1776886143.257
27.0,25.0,27.0,25.0,1776886143.683
17.0,16.0,17.0,16.0,1776886143.701
17.0,16.0,17.0,16.0,1776886143.717
17.0,16.0,17.0,16.0,1776886143.743
17.0,16.0,17.0,16.0,1776886143.759
0.0,0.0,0.0,0.0,1776886144.178
0.0,0.0,0.0,0.0,1776886144.204
0.0,0.0,0.0,0.0,1776886144.217
0.0,0.0,0.0,0.0,1776886144.245
0.0,0.0,0.0,0.0,1776886144.257
12.0,12.0,12.0,12.0,1776886144.693
12.0,12.0,12.0,12.0,1776886144.705
12.0,12.0,12.0,12.0,1776886144.719
12.0,12.0,12.0,12.0,1776886144.746
22.0,21.0,22.0,21.0,1776886144.757
22.0,21.0,22.0,21.0,1776886145.177
22.0,21.0,22.0,21.0,1776886145.203
22.0,21.0,22.0,21.0,1776886145.217
22.0,21.0,22.0,21.0,1776886145.243
22.0,21.0,22.0,21.0,1776886145.257
22.0,21.0,22.0,21.0,1776886145.684
22.0,22.0,22.0,22.0,1776886145.697
22.0,22.0,22.0,22.0,1776886145.717
22.0,22.0,22.0,22.0,1776886145.743
22.0,22.0,22.0,22.0,1776886145.759
0.0,1.0,0.0,1.0,1776886146.178
0.0,1.0,0.0,1.0,1776886146.206
0.0,1.0,0.0,1.0,1776886146.217
0.0,1.0,0.0,1.0,1776886146.243
0.0,1.0,0.0,1.0,1776886146.257
0.0,1.0,0.0,1.0,1776886146.703
0.0,1.0,0.0,1.0,1776886146.72
0.0,1.0,0.0,1.0,1776886146.737
0.0,1.0,0.0,1.0,1776886146.764
0.0,1.0,0.0,1.0,1776886146.777
1.0,1.0,1.0,1.0,1776886147.203
1.0,1.0,1.0,1.0,1776886147.217
1.0,1.0,1.0,1.0,1776886147.245
1.0,1.0,1.0,1.0,1776886147.257
1.0,1.0,1.0,1.0,1776886147.283
10.0,10.0,10.0,10.0,1776886147.705
10.0,10.0,10.0,10.0,1776886147.717
10.0,10.0,10.0,10.0,1776886147.744
10.0,10.0,10.0,10.0,1776886147.76
10.0,10.0,10.0,10.0,1776886147.777
12.0,12.0,12.0,12.0,1776886148.214
12.0,12.0,12.0,12.0,1776886148.224
19.0,18.0,19.0,18.0,1776886148.239
19.0,18.0,19.0,18.0,1776886148.265
19.0,18.0,19.0,18.0,1776886148.277
12.0,18.0,12.0,18.0,1776886148.703
12.0,18.0,12.0,18.0,1776886148.719
12.0,18.0,12.0,18.0,1776886148.746
12.0,18.0,12.0,18.0,1776886148.757
12.0,18.0,12.0,18.0,1776886148.783
12.0,18.0,12.0,18.0,1776886149.199
12.0,18.0,12.0,18.0,1776886149.218
12.0,18.0,12.0,18.0,1776886149.244
12.0,18.0,12.0,18.0,1776886149.257
12.0,18.0,12.0,18.0,1776886149.283
0.0,0.0,0.0,0.0,1776886149.697
0.0,0.0,0.0,0.0,1776886149.723
0.0,0.0,0.0,0.0,1776886149.737
0.0,0.0,0.0,0.0,1776886149.763
0.0,0.0,0.0,0.0,1776886149.78
0.0,0.0,0.0,0.0,1776886150.217
0.0,0.0,0.0,0.0,1776886150.243
0.0,0.0,0.0,0.0,1776886150.257
0.0,0.0,0.0,0.0,1776886150.283
0.0,0.0,0.0,0.0,1776886150.297
0.0,0.0,0.0,0.0,1776886150.719
0.0,0.0,0.0,0.0,1776886150.745
0.0,0.0,0.0,0.0,1776886150.758
0.0,0.0,0.0,0.0,1776886150.786
0.0,0.0,0.0,0.0,1776886150.8
16.0,44.0,16.0,44.0,1776886151.221
16.0,44.0,16.0,44.0,1776886151.237
16.0,44.0,16.0,44.0,1776886151.257
22.0,54.0,22.0,54.0,1776886151.283
22.0,54.0,22.0,54.0,1776886151.298
44.0,74.0,44.0,74.0,1776886151.726
44.0,74.0,44.0,74.0,1776886151.737
44.0,74.0,44.0,74.0,1776886151.763
44.0,74.0,44.0,74.0,1776886151.778
44.0,74.0,44.0,74.0,1776886151.806
42.0,48.0,42.0,48.0,1776886152.217
42.0,48.0,42.0,48.0,1776886152.244
42.0,48.0,42.0,48.0,1776886152.258
42.0,48.0,42.0,48.0,1776886152.284
34.0,39.0,34.0,39.0,1776886152.298
10.0,9.0,10.0,9.0,1776886152.746
10.0,9.0,10.0,9.0,1776886152.757
0.0,0.0,0.0,0.0,1776886152.784
0.0,0.0,0.0,0.0,1776886152.8
0.0,0.0,0.0,0.0,1776886152.82
0.0,-1.0,0.0,-1.0,1776886153.217
0.0,-1.0,0.0,-1.0,1776886153.243
0.0,-1.0,0.0,-1.0,1776886153.257
0.0,-1.0,0.0,-1.0,1776886153.283
7.0,-1.0,7.0,-1.0,1776886153.297
9.0,-1.0,9.0,-1.0,1776886153.738
9.0,-1.0,9.0,-1.0,1776886153.764
9.0,-1.0,9.0,-1.0,1776886153.778
9.0,-1.0,9.0,-1.0,1776886153.806
9.0,-1.0,9.0,-1.0,1776886153.817
9.0,-1.0,9.0,-1.0,1776886154.217
9.0,-1.0,9.0,-1.0,1776886154.243
9.0,-1.0,9.0,-1.0,1776886154.258
9.0,-1.0,9.0,-1.0,1776886154.287
12.0,-3.0,12.0,-3.0,1776886154.298
18.0,-22.0,18.0,-22.0,1776886154.719
18.0,-22.0,18.0,-22.0,1776886154.742
18.0,-22.0,18.0,-22.0,1776886154.757
18.0,-22.0,18.0,-22.0,1776886154.783
18.0,-22.0,18.0,-22.0,1776886154.799
16.0,-22.0,16.0,-22.0,1776886155.246
16.0,-22.0,16.0,-22.0,1776886155.257
16.0,-22.0,16.0,-22.0,1776886155.284
16.0,-22.0,16.0,-22.0,1776886155.297
16.0,-22.0,16.0,-22.0,1776886155.323
13.0,-21.0,13.0,-21.0,1776886155.744
10.0,-10.0,10.0,-10.0,1776886155.759
10.0,-10.0,10.0,-10.0,1776886155.785
10.0,-10.0,10.0,-10.0,1776886155.797
10.0,-10.0,10.0,-10.0,1776886155.823
0.0,0.0,0.0,0.0,1776886156.243
0.0,0.0,0.0,0.0,1776886156.259
0.0,0.0,0.0,0.0,1776886156.286
0.0,0.0,0.0,0.0,1776886156.298
0.0,0.0,0.0,0.0,1776886156.324
0.0,0.0,0.0,0.0,1776886156.738
0.0,0.0,0.0,0.0,1776886156.766
0.0,0.0,0.0,0.0,1776886156.777
0.0,0.0,0.0,0.0,1776886156.803
0.0,0.0,0.0,0.0,1776886156.817
0.0,0.0,0.0,0.0,1776886157.258
0.0,0.0,0.0,0.0,1776886157.283
0.0,0.0,0.0,0.0,1776886157.298
0.0,0.0,0.0,0.0,1776886157.323
0.0,0.0,0.0,0.0,1776886157.337
0.0,0.0,0.0,0.0,1776886157.738
0.0,0.0,0.0,0.0,1776886157.763
0.0,0.0,0.0,0.0,1776886157.778
0.0,0.0,0.0,0.0,1776886157.808
0.0,0.0,0.0,0.0,1776886157.818
0.0,0.0,0.0,0.0,1776886158.259
0.0,0.0,0.0,0.0,1776886158.285
0.0,0.0,0.0,0.0,1776886158.298
0.0,0.0,0.0,0.0,1776886158.324
0.0,0.0,0.0,0.0,1776886158.34
0.0,0.0,0.0,0.0,1776886158.771
0.0,0.0,0.0,0.0,1776886158.781
0.0,0.0,0.0,0.0,1776886158.798
0.0,0.0,0.0,0.0,1776886158.824
0.0,0.0,0.0,0.0,1776886158.838
0.0,0.0,0.0,0.0,1776886159.238
0.0,0.0,0.0,0.0,1776886159.264
0.0,0.0,0.0,0.0,1776886159.278
0.0,0.0,0.0,0.0,1776886159.305
0.0,0.0,0.0,0.0,1776886159.318
0.0,0.0,0.0,0.0,1776886159.758
0.0,0.0,0.0,0.0,1776886159.787
0.0,0.0,0.0,0.0,1776886159.799
0.0,0.0,0.0,0.0,1776886159.825
0.0,0.0,0.0,0.0,1776886159.838
0.0,0.0,0.0,0.0,1776886160.266
0.0,0.0,0.0,0.0,1776886160.278
0.0,0.0,0.0,0.0,1776886160.304
0.0,0.0,0.0,0.0,1776886160.319
0.0,0.0,0.0,0.0,1776886160.346
0.0,0.0,0.0,0.0,1776886160.764
0.0,0.0,0.0,0.0,1776886160.778
0.0,0.0,0.0,0.0,1776886160.804
0.0,0.0,0.0,0.0,1776886160.819
0.0,0.0,0.0,0.0,1776886160.846
0.0,0.0,0.0,0.0,1776886161.258
0.0,0.0,0.0,0.0,1776886161.283
0.0,0.0,0.0,0.0,1776886161.298
0.0,0.0,0.0,0.0,1776886161.33
0.0,0.0,0.0,0.0,1776886161.341
0.0,0.0,0.0,0.0,1776886161.779
0.0,0.0,0.0,0.0,1776886161.806
0.0,0.0,0.0,0.0,1776886161.818
0.0,0.0,0.0,0.0,1776886161.843
0.0,0.0,0.0,0.0,1776886161.858
0.0,0.0,0.0,0.0,1776886162.284
0.0,0.0,0.0,0.0,1776886162.298
0.0,0.0,0.0,0.0,1776886162.323
0.0,0.0,0.0,0.0,1776886162.343
0.0,0.0,0.0,0.0,1776886162.358
0.0,0.0,0.0,0.0,1776886162.784
0.0,0.0,0.0,0.0,1776886162.803
0.0,0.0,0.0,0.0,1776886162.818
0.0,0.0,0.0,0.0,1776886162.843
0.0,0.0,0.0,0.0,1776886162.858
0.0,0.0,0.0,0.0,1776886163.285
0.0,0.0,0.0,0.0,1776886163.298
0.0,0.0,0.0,0.0,1776886163.323
0.0,0.0,0.0,0.0,1776886163.338
0.0,0.0,0.0,0.0,1776886163.364
0.0,0.0,0.0,0.0,1776886163.778
0.0,0.0,0.0,0.0,1776886163.806
0.0,0.0,0.0,0.0,1776886163.818
0.0,0.0,0.0,0.0,1776886163.843
0.0,0.0,0.0,0.0,1776886163.858
0.0,0.0,0.0,0.0,1776886164.285
0.0,0.0,0.0,0.0,1776886164.298
0.0,0.0,0.0,0.0,1776886164.323
0.0,0.0,0.0,0.0,1776886164.338
0.0,0.0,0.0,0.0,1776886164.366
0.0,0.0,0.0,0.0,1776886164.783
0.0,0.0,0.0,0.0,1776886164.799
0.0,0.0,0.0,0.0,1776886164.82
0.0,0.0,0.0,0.0,1776886164.838
0.0,0.0,0.0,0.0,1776886164.864
0.0,0.0,0.0,0.0,1776886165.279
0.0,0.0,0.0,0.0,1776886165.298
0.0,0.0,0.0,0.0,1776886165.324
0.0,0.0,0.0,0.0,1776886165.338
0.0,0.0,0.0,0.0,1776886165.364
2.0,0.0,2.0,0.0,1776886165.778
2.0,0.0,2.0,0.0,1776886165.813
2.0,0.0,2.0,0.0,1776886165.823
2.0,0.0,2.0,0.0,1776886165.841
2.0,0.0,2.0,0.0,1776886165.868
2.0,0.0,2.0,0.0,1776886166.286
2.0,0.0,2.0,0.0,1776886166.298
2.0,0.0,2.0,0.0,1776886166.324
3.0,-1.0,3.0,-1.0,1776886166.338
3.0,-1.0,3.0,-1.0,1776886166.367
7.0,-6.0,7.0,-6.0,1776886166.803
7.0,-6.0,7.0,-6.0,1776886166.818
7.0,-6.0,7.0,-6.0,1776886166.838
7.0,-6.0,7.0,-6.0,1776886166.864
7.0,-6.0,7.0,-6.0,1776886166.879
17.0,-17.0,17.0,-17.0,1776886167.298
17.0,-17.0,17.0,-17.0,1776886167.323
17.0,-17.0,17.0,-17.0,1776886167.338
17.0,-17.0,17.0,-17.0,1776886167.364
17.0,-17.0,17.0,-17.0,1776886167.378
25.0,-23.0,25.0,-23.0,1776886167.804
21.0,-21.0,21.0,-21.0,1776886167.818
21.0,-21.0,21.0,-21.0,1776886167.843
21.0,-21.0,21.0,-21.0,1776886167.859
21.0,-21.0,21.0,-21.0,1776886167.885
17.0,-12.0,17.0,-12.0,1776886168.304
17.0,-12.0,17.0,-12.0,1776886168.319
17.0,-12.0,17.0,-12.0,1776886168.345
17.0,-12.0,17.0,-12.0,1776886168.358
17.0,-12.0,17.0,-12.0,1776886168.386
6.0,3.0,6.0,3.0,1776886168.804
6.0,3.0,6.0,3.0,1776886168.818
6.0,3.0,6.0,3.0,1776886168.846
1.0,2.0,1.0,2.0,1776886168.858
1.0,2.0,1.0,2.0,1776886168.883
10.0,16.0,10.0,16.0,1776886169.306
10.0,16.0,10.0,16.0,1776886169.318
10.0,16.0,10.0,16.0,1776886169.344
10.0,16.0,10.0,16.0,1776886169.359
10.0,16.0,10.0,16.0,1776886169.385
51.0,47.0,51.0,47.0,1776886170.298
51.0,47.0,51.0,47.0,1776886170.325
51.0,47.0,51.0,47.0,1776886170.338
51.0,47.0,51.0,47.0,1776886170.364
51.0,47.0,51.0,47.0,1776886170.378
33.0,29.0,33.0,29.0,1776886170.804
33.0,29.0,33.0,29.0,1776886170.818
22.0,19.0,22.0,19.0,1776886170.848
22.0,19.0,22.0,19.0,1776886170.864
22.0,19.0,22.0,19.0,1776886170.879
0.0,0.0,0.0,0.0,1776886171.298
0.0,0.0,0.0,0.0,1776886171.326
0.0,0.0,0.0,0.0,1776886171.338
0.0,0.0,0.0,0.0,1776886171.363
0.0,0.0,0.0,0.0,1776886171.378
0.0,1.0,0.0,1.0,1776886171.818
0.0,1.0,0.0,1.0,1776886171.844
0.0,1.0,0.0,1.0,1776886171.858
0.0,1.0,0.0,1.0,1776886171.888
0.0,1.0,0.0,1.0,1776886171.899
19.0,27.0,19.0,27.0,1776886172.325
19.0,27.0,19.0,27.0,1776886172.342
19.0,27.0,19.0,27.0,1776886172.358
19.0,27.0,19.0,27.0,1776886172.384
19.0,27.0,19.0,27.0,1776886172.399
19.0,27.0,19.0,27.0,1776886172.825
19.0,27.0,19.0,27.0,1776886172.838
19.0,27.0,19.0,27.0,1776886172.864
19.0,27.0,19.0,27.0,1776886172.879
19.0,27.0,19.0,27.0,1776886172.907
14.0,19.0,14.0,19.0,1776886173.324
14.0,19.0,14.0,19.0,1776886173.338
14.0,19.0,14.0,19.0,1776886173.364
14.0,19.0,14.0,19.0,1776886173.38
14.0,19.0,14.0,19.0,1776886173.406
0.0,0.0,0.0,0.0,1776886173.818
0.0,0.0,0.0,0.0,1776886173.844
0.0,0.0,0.0,0.0,1776886173.858
0.0,0.0,0.0,0.0,1776886173.885
0.0,0.0,0.0,0.0,1776886173.898
0.0,0.0,0.0,0.0,1776886174.326
0.0,0.0,0.0,0.0,1776886174.338
0.0,0.0,0.0,0.0,1776886174.364
0.0,0.0,0.0,0.0,1776886174.378
0.0,0.0,0.0,0.0,1776886174.404
18.0,23.0,18.0,23.0,1776886174.825
18.0,23.0,18.0,23.0,1776886174.838
18.0,23.0,18.0,23.0,1776886174.864
18.0,23.0,18.0,23.0,1776886174.879
33.0,39.0,33.0,39.0,1776886174.899
63.0,64.0,63.0,64.0,1776886175.324
63.0,64.0,63.0,64.0,1776886175.338
63.0,64.0,63.0,64.0,1776886175.364
63.0,64.0,63.0,64.0,1776886175.378
63.0,64.0,63.0,64.0,1776886175.406
60.0,58.0,60.0,58.0,1776886175.824
60.0,58.0,60.0,58.0,1776886175.839
60.0,58.0,60.0,58.0,1776886175.865
60.0,58.0,60.0,58.0,1776886175.878
60.0,58.0,60.0,58.0,1776886175.905
30.0,25.0,30.0,25.0,1776886176.324
-14.0,15.0,-14.0,15.0,1776886176.338
-14.0,15.0,-14.0,15.0,1776886176.368
-14.0,15.0,-14.0,15.0,1776886176.378
-14.0,15.0,-14.0,15.0,1776886176.405
0.0,0.0,0.0,0.0,1776886176.822
0.0,0.0,0.0,0.0,1776886176.838
0.0,0.0,0.0,0.0,1776886176.864
0.0,0.0,0.0,0.0,1776886176.879
-1.0,0.0,-1.0,0.0,1776886176.907
-6.0,3.0,-6.0,3.0,1776886177.338
-6.0,3.0,-6.0,3.0,1776886177.364
-6.0,3.0,-6.0,3.0,1776886177.378
-6.0,3.0,-6.0,3.0,1776886177.406
-6.0,3.0,-6.0,3.0,1776886177.419
-13.0,3.0,-13.0,3.0,1776886177.845
-13.0,3.0,-13.0,3.0,1776886177.858
-16.0,3.0,-16.0,3.0,1776886177.884
-16.0,3.0,-16.0,3.0,1776886177.903
-16.0,3.0,-16.0,3.0,1776886177.918
-57.0,3.0,-57.0,3.0,1776886178.325
-57.0,3.0,-57.0,3.0,1776886178.338
-57.0,3.0,-57.0,3.0,1776886178.358
-57.0,3.0,-57.0,3.0,1776886178.386
-57.0,3.0,-57.0,3.0,1776886178.398
-58.0,0.0,-58.0,0.0,1776886178.818
-58.0,0.0,-58.0,0.0,1776886178.848
-58.0,0.0,-58.0,0.0,1776886178.86
-58.0,0.0,-58.0,0.0,1776886178.886
-58.0,0.0,-58.0,0.0,1776886178.898
-21.0,0.0,-21.0,0.0,1776886179.345
-21.0,0.0,-21.0,0.0,1776886179.358
-21.0,0.0,-21.0,0.0,1776886179.379
-21.0,0.0,-21.0,0.0,1776886179.407
-21.0,0.0,-21.0,0.0,1776886179.418
-18.0,0.0,-18.0,0.0,1776886179.844
-18.0,0.0,-18.0,0.0,1776886179.858
-16.0,0.0,-16.0,0.0,1776886179.885
-16.0,0.0,-16.0,0.0,1776886179.898
-16.0,0.0,-16.0,0.0,1776886179.924
-30.0,-22.0,-30.0,-22.0,1776886180.345
-30.0,-22.0,-30.0,-22.0,1776886180.358
-30.0,-22.0,-30.0,-22.0,1776886180.385
-36.0,-30.0,-36.0,-30.0,1776886180.399
-36.0,-30.0,-36.0,-30.0,1776886180.425
-63.0,-56.0,-63.0,-56.0,1776886180.849
-63.0,-56.0,-63.0,-56.0,1776886180.859
-63.0,-56.0,-63.0,-56.0,1776886180.885
-74.0,-72.0,-74.0,-72.0,1776886180.898
-74.0,-72.0,-74.0,-72.0,1776886180.926
-85.0,-86.0,-85.0,-86.0,1776886181.344
-85.0,-86.0,-85.0,-86.0,1776886181.359
-85.0,-86.0,-85.0,-86.0,1776886181.387
-84.0,-85.0,-84.0,-85.0,1776886181.398
-84.0,-85.0,-84.0,-85.0,1776886181.424
-60.0,-64.0,-60.0,-64.0,1776886181.844
-60.0,-64.0,-60.0,-64.0,1776886181.859
-60.0,-64.0,-60.0,-64.0,1776886181.886
-60.0,-64.0,-60.0,-64.0,1776886181.898
-60.0,-64.0,-60.0,-64.0,1776886181.924
-29.0,-34.0,-29.0,-34.0,1776886182.338
-19.0,-22.0,-19.0,-22.0,1776886182.364
-19.0,-22.0,-19.0,-22.0,1776886182.378
-19.0,-22.0,-19.0,-22.0,1776886182.404
-19.0,-22.0,-19.0,-22.0,1776886182.419
-6.0,13.0,-6.0,13.0,1776886182.847
-6.0,13.0,-6.0,13.0,1776886182.858
-6.0,13.0,-6.0,13.0,1776886182.884
-6.0,13.0,-6.0,13.0,1776886182.899
0.0,5.0,0.0,5.0,1776886182.925
0.0,5.0,0.0,5.0,1776886183.338
0.0,5.0,0.0,5.0,1776886183.364
0.0,5.0,0.0,5.0,1776886183.378
0.0,5.0,0.0,5.0,1776886183.418
0.0,5.0,0.0,5.0,1776886183.429
-6.0,10.0,-6.0,10.0,1776886183.859
-6.0,10.0,-6.0,10.0,1776886183.885
-6.0,10.0,-6.0,10.0,1776886183.898
-6.0,10.0,-6.0,10.0,1776886183.924
-6.0,10.0,-6.0,10.0,1776886183.938
-9.0,5.0,-9.0,5.0,1776886184.358
-9.0,5.0,-9.0,5.0,1776886184.384
-9.0,5.0,-9.0,5.0,1776886184.399
-9.0,5.0,-9.0,5.0,1776886184.428
-9.0,5.0,-9.0,5.0,1776886184.438
-7.0,5.0,-7.0,5.0,1776886184.859
-7.0,5.0,-7.0,5.0,1776886184.885
-7.0,5.0,-7.0,5.0,1776886184.898
-7.0,5.0,-7.0,5.0,1776886184.924
-7.0,5.0,-7.0,5.0,1776886184.938
-4.0,0.0,-4.0,0.0,1776886185.338
-4.0,0.0,-4.0,0.0,1776886185.364
-4.0,0.0,-4.0,0.0,1776886185.379
-4.0,0.0,-4.0,0.0,1776886185.407
-4.0,0.0,-4.0,0.0,1776886185.418
0.0,3.0,0.0,3.0,1776886185.839
0.0,3.0,0.0,3.0,1776886185.866
0.0,3.0,0.0,3.0,1776886185.878
0.0,3.0,0.0,3.0,1776886185.905
0.0,3.0,0.0,3.0,1776886185.919
0.0,3.0,0.0,3.0,1776886186.358
0.0,3.0,0.0,3.0,1776886186.385
0.0,3.0,0.0,3.0,1776886186.398
0.0,3.0,0.0,3.0,1776886186.425
0.0,3.0,0.0,3.0,1776886186.438
0.0,3.0,0.0,3.0,1776886186.858
0.0,3.0,0.0,3.0,1776886186.884
0.0,3.0,0.0,3.0,1776886186.898
0.0,3.0,0.0,3.0,1776886186.927
0.0,3.0,0.0,3.0,1776886186.938
0.0,0.0,0.0,0.0,1776886187.36
0.0,0.0,0.0,0.0,1776886187.387
0.0,0.0,0.0,0.0,1776886187.398
0.0,0.0,0.0,0.0,1776886187.425
0.0,0.0,0.0,0.0,1776886187.439
0.0,0.0,0.0,0.0,1776886187.859
0.0,0.0,0.0,0.0,1776886187.89
0.0,0.0,0.0,0.0,1776886187.9
0.0,0.0,0.0,0.0,1776886187.919
0.0,0.0,0.0,0.0,1776886187.94
0.0,0.0,0.0,0.0,1776886188.378
0.0,0.0,0.0,0.0,1776886188.404
0.0,0.0,0.0,0.0,1776886188.419
0.0,0.0,0.0,0.0,1776886188.445
0.0,0.0,0.0,0.0,1776886188.459
0.0,0.0,0.0,0.0,1776886188.878
0.0,0.0,0.0,0.0,1776886188.905
0.0,0.0,0.0,0.0,1776886188.918
0.0,0.0,0.0,0.0,1776886188.945
0.0,0.0,0.0,0.0,1776886188.959
0.0,0.0,0.0,0.0,1776886189.364
0.0,0.0,0.0,0.0,1776886189.381
0.0,0.0,0.0,0.0,1776886189.399
0.0,0.0,0.0,0.0,1776886189.425
0.0,0.0,0.0,0.0,1776886189.439
0.0,0.0,0.0,0.0,1776886189.878
0.0,0.0,0.0,0.0,1776886189.904
0.0,0.0,0.0,0.0,1776886189.919
0.0,0.0,0.0,0.0,1776886189.947
0.0,0.0,0.0,0.0,1776886189.958
9.0,0.0,9.0,0.0,1776886190.378
12.0,0.0,12.0,0.0,1776886190.404
12.0,0.0,12.0,0.0,1776886190.421
12.0,0.0,12.0,0.0,1776886190.438
12.0,0.0,12.0,0.0,1776886190.466
30.0,9.0,30.0,9.0,1776886190.88
30.0,9.0,30.0,9.0,1776886190.902
30.0,9.0,30.0,9.0,1776886190.918
37.0,15.0,37.0,15.0,1776886190.944
37.0,15.0,37.0,15.0,1776886190.961
48.0,26.0,48.0,26.0,1776886191.386
48.0,26.0,48.0,26.0,1776886191.398
48.0,26.0,48.0,26.0,1776886191.426
43.0,26.0,43.0,26.0,1776886191.439
43.0,26.0,43.0,26.0,1776886191.46
31.0,26.0,31.0,26.0,1776886191.878
31.0,26.0,31.0,26.0,1776886191.905
31.0,26.0,31.0,26.0,1776886191.92
31.0,26.0,31.0,26.0,1776886191.946
26.0,22.0,26.0,22.0,1776886191.958
